season,round,driverId,lap,stop,time,duration
2011,1,alguersuari,1,1,17:05:23,26.898
2011,1,michael_schumacher,1,1,17:05:52,25.021
2011,1,webber,11,1,17:20:48,23.426
2011,1,alonso,12,1,17:22:34,23.251
2011,1,massa,13,1,17:24:10,23.842
2011,1,barrichello,13,1,17:24:29,23.643
2011,1,vettel,14,1,17:25:17,22.603
2011,1,resta,14,1,17:26:03,24.863
2011,1,ambrosio,14,1,17:26:50,25.259
2011,1,buemi,15,1,17:27:34,25.342
2011,1,heidfeld,15,1,17:27:41,22.994
2011,1,hamilton,16,1,17:28:24,23.227
2011,1,petrov,16,1,17:28:39,24.535
2011,1,rosberg,16,1,17:29:00,23.716
2011,1,kobayashi,16,1,17:29:06,24.064
2011,1,sutil,16,1,17:29:08,25.978
2011,1,trulli,16,1,17:29:49,24.899
2011,1,button,17,1,17:30:24,16.867
2011,1,alguersuari,17,2,17:31:06,24.463
2011,1,kovalainen,17,1,17:31:11,24.865
2011,1,michael_schumacher,17,2,17:32:08,23.988
2011,1,glock,18,1,17:33:02,23.792
2011,1,button,19,2,17:33:53,23.303
2011,1,perez,23,1,17:40:27,23.438
2011,1,barrichello,23,2,17:40:45,37.856
2011,1,webber,26,2,17:44:29,22.520
2011,1,alonso,27,2,17:46:04,24.733
2011,1,barrichello,28,3,17:49:07,16.892
2011,1,buemi,29,2,17:49:47,23.100
2011,1,heidfeld,30,2,17:51:32,25.098
2011,1,massa,31,2,17:52:28,24.500
2011,1,kobayashi,32,2,17:54:21,24.192
2011,1,vettel,36,2,17:59:17,24.036
2011,1,hamilton,36,2,17:59:29,23.199
2011,1,alguersuari,35,3,17:59:45,26.348
2011,1,petrov,36,2,17:59:47,25.683
2011,1,resta,36,2,18:00:48,24.332
2011,1,button,37,3,18:01:49,22.681
2011,1,sutil,37,2,18:02:15,23.871
2011,1,trulli,37,2,18:03:55,24.848
2011,1,ambrosio,38,2,18:06:53,26.446
2011,1,webber,41,3,18:07:37,26.230
2011,1,barrichello,40,4,18:08:03,26.309
2011,1,alonso,42,3,18:09:08,24.181
2011,1,massa,48,3,18:18:54,24.095
2011,2,sutil,3,1,16:09:07,31.694
2011,2,barrichello,3,1,16:10:04,32.978
2011,2,webber,10,1,16:21:21,22.572
2011,2,resta,11,1,16:23:16,22.773
2011,2,hamilton,12,1,16:24:40,22.552
2011,2,vettel,13,1,16:26:17,23.019
2011,2,heidfeld,13,1,16:26:28,23.900
2011,2,button,13,1,16:26:29,22.400
2011,2,massa,13,1,16:26:30,29.224
2011,2,trulli,13,1,16:27:03,25.516
2011,2,alonso,14,1,16:28:15,23.152
2011,2,michael_schumacher,14,1,16:28:34,22.576
2011,2,petrov,15,1,16:30:10,23.182
2011,2,buemi,15,1,16:30:23,23.280
2011,2,rosberg,15,1,16:30:37,24.967
2011,2,kovalainen,15,1,16:30:37,29.084
2011,2,alguersuari,16,1,16:32:25,23.584
2011,2,sutil,16,2,16:32:31,22.046
2011,2,kobayashi,17,1,16:33:53,23.280
2011,2,perez,17,1,16:34:14,23.597
2011,2,glock,17,1,16:34:28,24.617
2011,2,ambrosio,17,1,16:34:39,26.252
2011,2,liuzzi,17,1,16:34:56,27.815
2011,2,barrichello,17,2,16:35:41,24.502
2011,2,buemi,20,2,16:39:30,29.843
2011,2,webber,22,2,16:42:37,21.991
2011,2,button,23,2,16:44:11,22.471
2011,2,hamilton,24,2,16:45:48,22.611
2011,2,resta,24,2,16:46:20,22.419
2011,2,vettel,25,2,16:47:27,21.893
2011,2,alonso,26,2,16:49:19,23.894
2011,2,heidfeld,26,2,16:49:31,23.221
2011,2,massa,27,2,16:51:17,22.541
2011,2,petrov,27,2,16:51:25,22.680
2011,2,michael_schumacher,28,2,16:53:26,22.261
2011,2,rosberg,29,2,16:55:28,22.577
2011,2,webber,32,3,17:00:01,22.069
2011,2,alguersuari,32,2,17:00:55,22.888
2011,2,sutil,32,3,17:00:56,22.550
2011,2,buemi,32,3,17:01:03,27.439
2011,2,kovalainen,34,2,17:04:41,23.336
2011,2,glock,34,2,17:05:19,24.429
2011,2,ambrosio,35,2,17:07:20,24.416
2011,2,kobayashi,36,2,17:07:26,23.442
2011,2,hamilton,37,3,17:08:28,25.382
2011,2,resta,37,3,17:09:21,23.977
2011,2,button,38,3,17:10:13,22.483
2011,2,massa,38,3,17:10:28,22.893
2011,2,heidfeld,39,3,17:12:09,22.602
2011,2,liuzzi,38,2,17:13:32,26.554
2011,2,rosberg,40,3,17:15:05,22.526
2011,2,vettel,41,3,17:15:08,22.313
2011,2,alonso,41,3,17:15:25,23.812
2011,2,michael_schumacher,42,3,17:18:08,22.227
2011,2,webber,43,4,17:19:10,22.161
2011,2,petrov,44,3,17:21:08,28.694
2011,2,alonso,46,4,17:24:24,27.182
2011,2,liuzzi,44,3,17:25:07,38.823
2011,2,hamilton,52,4,17:34:48,22.466
2011,3,alguersuari,9,1,15:19:36,22.419
2011,3,liuzzi,9,1,15:20:00,14.160
2011,3,michael_schumacher,10,1,15:21:12,20.522
2011,3,webber,10,1,15:21:27,23.442
2011,3,maldonado,10,1,15:21:35,23.160
2011,3,resta,11,1,15:22:57,21.989
2011,3,rosberg,12,1,15:24:32,20.771
2011,3,buemi,12,1,15:24:56,22.010
2011,3,button,14,1,15:27:59,23.779
2011,3,vettel,14,1,15:28:00,21.995
2011,3,kobayashi,14,1,15:28:17,21.855
2011,3,massa,15,1,15:29:47,21.624
2011,3,hamilton,15,1,15:29:49,20.878
2011,3,sutil,15,1,15:30:01,20.989
2011,3,alonso,16,1,15:31:34,22.524
2011,3,perez,16,1,15:31:55,21.473
2011,3,barrichello,16,1,15:32:01,21.709
2011,3,buemi,16,2,15:32:19,24.722
2011,3,glock,16,1,15:32:33,22.683
2011,3,petrov,17,1,15:33:36,21.981
2011,3,heidfeld,18,1,15:35:28,22.216
2011,3,kovalainen,19,1,15:37:31,22.485
2011,3,trulli,20,1,15:39:24,23.029
2011,3,ambrosio,20,1,15:39:50,22.901
2011,3,liuzzi,21,2,15:42:05,24.467
2011,3,karthikeyan,23,1,15:45:28,26.049
2011,3,button,24,2,15:45:35,20.758
2011,3,rosberg,25,2,15:47:13,22.005
2011,3,hamilton,25,2,15:47:20,20.533
2011,3,webber,25,2,15:47:44,21.132
2011,3,maldonado,25,2,15:48:09,22.062
2011,3,michael_schumacher,26,2,15:49:15,21.964
2011,3,glock,28,2,15:54:22,21.908
2011,3,sutil,30,2,15:56:26,21.058
2011,3,kobayashi,30,2,15:56:28,21.936
2011,3,heidfeld,30,2,15:56:29,21.821
2011,3,vettel,31,2,15:57:37,21.533
2011,3,alonso,32,2,15:59:39,21.251
2011,3,resta,32,2,15:59:51,21.218
2011,3,massa,33,2,16:01:04,21.168
2011,3,buemi,33,3,16:02:13,21.928
2011,3,ambrosio,34,2,16:05:10,22.802
2011,3,barrichello,35,2,16:05:24,21.481
2011,3,perez,36,2,16:06:55,23.397
2011,3,button,37,3,16:08:00,21.237
2011,3,petrov,37,2,16:08:34,22.005
2011,3,hamilton,38,3,16:09:38,20.567
2011,3,rosberg,39,3,16:11:19,20.720
2011,3,michael_schumacher,39,3,16:11:49,21.400
2011,3,webber,40,3,16:13:29,21.091
2011,3,glock,39,3,16:14:17,33.827
2011,3,kovalainen,40,2,16:14:27,21.890
2011,3,maldonado,40,3,16:14:36,27.620
2011,3,trulli,42,2,16:18:14,22.260
2011,3,liuzzi,45,3,16:25:39,23.499
2011,3,sutil,47,3,16:26:24,28.708
2011,3,perez,48,3,16:28:01,13.900
2011,3,perez,50,4,16:31:39,28.845
2011,4,perez,1,1,15:05:18,29.270
2011,4,michael_schumacher,2,1,15:06:35,30.182
2011,4,petrov,8,1,15:16:06,21.422
2011,4,massa,9,1,15:17:37,22.022
2011,4,hamilton,9,1,15:17:38,20.833
2011,4,buemi,9,1,15:17:47,21.769
2011,4,webber,10,1,15:19:04,21.050
2011,4,alonso,10,1,15:19:05,21.308
2011,4,rosberg,10,1,15:19:09,22.573
2011,4,heidfeld,10,1,15:19:16,22.300
2011,4,barrichello,10,1,15:19:20,22.717
2011,4,sutil,10,1,15:19:22,21.649
2011,4,vettel,11,1,15:20:32,20.623
2011,4,resta,11,1,15:21:00,20.775
2011,4,maldonado,11,1,15:21:09,23.881
2011,4,button,13,1,15:23:57,21.368
2011,4,kobayashi,13,1,15:24:09,21.820
2011,4,alguersuari,13,1,15:24:25,22.713
2011,4,trulli,13,1,15:24:28,23.066
2011,4,michael_schumacher,14,2,15:26:02,20.907
2011,4,karthikeyan,14,1,15:26:26,27.353
2011,4,kovalainen,15,1,15:27:42,22.854
2011,4,liuzzi,15,1,15:28:03,24.634
2011,4,perez,16,2,15:29:30,22.895
2011,4,ambrosio,16,1,15:29:37,22.779
2011,4,liuzzi,16,2,15:30:57,56.611
2011,4,petrov,19,2,15:33:42,21.323
2011,4,hamilton,20,2,15:35:09,21.075
2011,4,webber,21,2,15:36:27,20.421
2011,4,rosberg,22,2,15:38:24,20.927
2011,4,heidfeld,22,2,15:38:25,21.919
2011,4,alonso,23,2,15:39:35,21.732
2011,4,massa,23,2,15:39:58,21.322
2011,4,buemi,23,2,15:40:07,22.128
2011,4,kobayashi,23,2,15:40:15,23.455
2011,4,barrichello,24,2,15:41:43,22.868
2011,4,resta,24,2,15:41:50,20.930
2011,4,vettel,25,2,15:42:31,20.112
2011,4,sutil,25,2,15:43:21,21.084
2011,4,maldonado,25,2,15:43:41,22.555
2011,4,trulli,25,2,15:43:47,22.862
2011,4,button,26,2,15:44:37,22.639
2011,4,karthikeyan,27,2,15:47:59,24.962
2011,4,alguersuari,29,2,15:49:46,21.826
2011,4,michael_schumacher,30,3,15:51:13,20.379
2011,4,kovalainen,31,2,15:53:27,21.633
2011,4,resta,32,3,15:54:38,20.887
2011,4,perez,32,3,15:54:42,22.365
2011,4,rosberg,33,3,15:55:49,20.949
2011,4,hamilton,34,3,15:57:04,35.688
2011,4,ambrosio,33,2,15:57:20,24.837
2011,4,petrov,34,3,15:57:21,21.838
2011,4,massa,34,3,15:57:22,23.471
2011,4,webber,35,3,15:58:20,20.843
2011,4,alonso,36,3,15:59:49,21.702
2011,4,heidfeld,36,3,16:00:31,20.872
2011,4,liuzzi,35,3,16:02:57,25.125
2011,4,kobayashi,38,3,16:03:58,22.456
2011,4,button,39,3,16:05:05,21.417
2011,4,alguersuari,39,3,16:05:31,21.986
2011,4,vettel,40,3,16:05:46,20.385
2011,4,trulli,39,3,16:06:10,22.219
2011,4,buemi,40,3,16:06:48,22.032
2011,4,barrichello,40,3,16:07:01,21.687
2011,4,sutil,40,3,16:07:05,21.006
2011,4,liuzzi,37,4,16:07:22,43.603
2011,4,maldonado,41,3,16:09:04,21.827
2011,4,perez,42,4,16:10:21,21.715
2011,4,rosberg,44,4,16:12:55,20.308
2011,4,resta,44,4,16:13:28,21.403
2011,4,webber,45,4,16:13:49,22.087
2011,4,petrov,45,4,16:14:37,21.662
2011,4,michael_schumacher,45,4,16:14:46,20.597
2011,4,alonso,46,4,16:15:17,21.379
2011,4,maldonado,45,4,16:15:30,13.925
2011,4,hamilton,46,4,16:15:51,22.041
2011,4,heidfeld,46,4,16:16:10,21.884
2011,4,massa,46,4,16:16:13,26.685
2011,4,vettel,47,4,16:16:40,20.489
2011,4,karthikeyan,45,3,16:17:26,24.474
2011,4,kovalainen,53,3,16:28:36,23.114
2011,4,alguersuari,55,4,16:30:31,21.931
2011,5,kobayashi,1,1,14:05:11,24.871
2011,5,perez,7,1,14:14:14,23.592
2011,5,maldonado,8,1,14:15:48,22.689
2011,5,vettel,9,1,14:16:54,20.253
2011,5,buemi,9,1,14:17:17,20.818
2011,5,alonso,10,1,14:18:23,20.567
2011,5,webber,10,1,14:18:27,20.881
2011,5,michael_schumacher,10,1,14:18:43,20.084
2011,5,hamilton,11,1,14:19:57,19.761
2011,5,petrov,11,1,14:20:14,21.856
2011,5,rosberg,11,1,14:20:17,20.647
2011,5,massa,11,1,14:20:19,20.800
2011,5,alguersuari,11,1,14:20:28,20.741
2011,5,barrichello,11,1,14:20:48,29.936
2011,5,sutil,13,1,14:23:57,20.773
2011,5,button,14,1,14:24:51,20.015
2011,5,karthikeyan,14,1,14:25:56,24.843
2011,5,resta,15,1,14:26:40,20.070
2011,5,trulli,15,1,14:26:50,22.364
2011,5,kovalainen,16,1,14:28:30,21.019
2011,5,liuzzi,16,1,14:28:55,23.157
2011,5,glock,16,1,14:29:00,22.744
2011,5,ambrosio,17,1,14:30:41,23.176
2011,5,vettel,18,2,14:30:44,19.887
2011,5,alonso,19,2,14:32:13,20.238
2011,5,webber,19,2,14:32:16,20.079
2011,5,maldonado,20,2,14:34:36,24.821
2011,5,massa,21,2,14:35:51,21.635
2011,5,heidfeld,21,1,14:36:21,21.322
2011,5,hamilton,23,2,14:38:08,20.235
2011,5,barrichello,23,2,14:39:40,21.226
2011,5,alguersuari,24,2,14:40:47,20.872
2011,5,buemi,25,2,14:42:10,24.745
2011,5,kobayashi,25,2,14:42:46,21.128
2011,5,michael_schumacher,26,2,14:43:25,20.487
2011,5,petrov,26,2,14:43:33,24.232
2011,5,rosberg,27,2,14:45:01,19.534
2011,5,alonso,29,3,14:47:26,20.738
2011,5,webber,29,3,14:47:27,20.279
2011,5,kovalainen,28,2,14:47:28,20.807
2011,5,perez,29,2,14:48:40,21.143
2011,5,trulli,29,2,14:48:41,21.723
2011,5,karthikeyan,28,2,14:48:52,24.448
2011,5,button,30,2,14:49:06,20.763
2011,5,sutil,30,2,14:50:19,20.267
2011,5,resta,32,2,14:53:02,20.126
2011,5,vettel,34,3,14:54:42,20.426
2011,5,hamilton,35,3,14:56:14,20.473
2011,5,ambrosio,34,2,14:58:05,22.982
2011,5,barrichello,35,3,14:58:09,20.650
2011,5,massa,36,3,14:58:48,22.419
2011,5,maldonado,36,3,14:59:14,21.574
2011,5,heidfeld,36,2,14:59:22,21.953
2011,5,alguersuari,36,3,14:59:25,21.019
2011,5,alonso,39,4,15:02:54,20.380
2011,5,glock,38,2,15:03:54,21.632
2011,5,michael_schumacher,41,3,15:06:21,20.451
2011,5,petrov,41,3,15:06:36,21.739
2011,5,kovalainen,41,3,15:07:42,23.068
2011,5,rosberg,42,3,15:07:53,20.395
2011,5,buemi,42,3,15:08:31,20.819
2011,5,trulli,43,3,15:10:27,23.001
2011,5,kobayashi,44,3,15:11:40,20.500
2011,5,webber,47,4,15:14:50,19.984
2011,5,vettel,48,4,15:15:41,20.292
2011,5,perez,47,3,15:16:00,21.829
2011,5,button,48,3,15:16:10,20.107
2011,5,hamilton,49,4,15:17:11,20.988
2011,5,sutil,48,3,15:17:54,23.230
2011,5,karthikeyan,47,3,15:19:38,24.298
2011,5,heidfeld,50,3,15:20:32,20.796
2011,5,alguersuari,50,4,15:21:09,23.143
2011,5,ambrosio,49,3,15:21:44,21.708
2011,5,resta,51,3,15:22:03,20.573
2011,5,maldonado,53,4,15:25:26,22.077
2011,5,glock,53,3,15:27:29,21.170
2011,5,barrichello,54,4,15:27:32,20.637
2011,6,michael_schumacher,12,1,14:19:30,35.084
2011,6,button,15,1,14:22:57,25.280
2011,6,rosberg,15,1,14:23:33,25.189
2011,6,vettel,16,1,14:24:15,28.536
2011,6,webber,16,1,14:24:32,37.735
2011,6,alonso,17,1,14:25:41,25.352
2011,6,kovalainen,19,1,14:29:21,26.477
2011,6,resta,20,1,14:30:24,24.970
2011,6,hamilton,22,1,14:33:00,31.445
2011,6,glock,22,1,14:33:33,26.827
2011,6,trulli,24,1,14:36:13,25.595
2011,6,maldonado,25,1,14:37:09,26.468
2011,6,massa,26,1,14:38:20,26.615
2011,6,karthikeyan,25,1,14:38:46,28.325
2011,6,resta,27,2,14:40:23,19.360
2011,6,petrov,28,1,14:41:17,28.856
2011,6,alguersuari,29,1,14:43:07,25.907
2011,6,barrichello,32,1,14:46:47,25.921
2011,6,button,33,2,14:46:57,26.421
2011,6,resta,32,3,14:47:35,47.226
2011,6,heidfeld,33,1,14:48:15,25.851
2011,6,buemi,33,1,14:48:16,26.073
2011,6,alonso,34,2,14:48:45,31.382
2011,6,rosberg,33,2,14:48:50,25.310
2011,6,liuzzi,32,1,14:49:02,28.298
2011,6,ambrosio,33,1,14:49:39,27.577
2011,6,kobayashi,34,1,14:49:49,28.642
2011,6,sutil,34,1,14:49:51,25.037
2011,6,karthikeyan,33,2,14:51:08,39.917
2011,6,hamilton,43,2,15:03:45,19.347
2011,6,trulli,46,2,15:09:08,26.065
2011,6,button,48,3,15:09:55,24.670
2011,6,hamilton,49,3,15:12:04,26.977
2011,6,kovalainen,52,2,15:17:38,25.878
2011,6,rosberg,53,3,15:18:33,25.116
2011,6,maldonado,54,2,15:18:38,25.687
2011,6,webber,55,2,15:19:56,26.269
2011,6,alguersuari,56,2,15:22:30,27.550
2011,6,buemi,62,2,15:30:24,25.045
2011,6,ambrosio,63,2,15:33:21,26.464
2011,6,sutil,68,2,15:37:52,27.879
2011,6,barrichello,68,2,15:38:54,25.675
2011,6,heidfeld,69,2,15:40:13,26.281
2011,7,button,8,1,13:15:11,23.650
2011,7,liuzzi,9,1,13:17:25,27.202
2011,7,button,13,2,13:25:10,14.501
2011,7,barrichello,15,1,13:28:31,23.305
2011,7,sutil,16,1,13:30:09,24.052
2011,7,alonso,17,1,13:31:21,23.893
2011,7,rosberg,17,1,13:31:28,23.105
2011,7,maldonado,17,1,13:31:45,23.571
2011,7,buemi,17,1,13:31:50,23.949
2011,7,ambrosio,17,1,13:32:07,24.143
2011,7,michael_schumacher,18,1,13:33:04,24.472
2011,7,alonso,19,2,13:34:54,26.348
2011,7,button,19,3,13:35:02,23.868
2011,7,rosberg,19,2,13:35:10,22.986
2011,7,alguersuari,19,1,13:35:14,26.045
2011,7,barrichello,19,2,13:35:21,25.066
2011,7,kovalainen,19,1,13:35:26,44.037
2011,7,trulli,19,1,13:35:28,51.684
2011,7,maldonado,19,2,13:35:30,24.943
2011,7,vettel,20,1,13:36:13,23.872
2011,7,webber,20,1,13:36:40,29.546
2011,7,buemi,20,2,13:37:27,24.649
2011,7,massa,21,1,13:38:09,24.886
2011,7,michael_schumacher,21,2,13:38:51,24.196
2011,7,ambrosio,23,2,13:43:32,30.497
2011,7,ambrosio,33,3,16:07:00,24.655
2011,7,michael_schumacher,34,3,16:08:48,22.832
2011,7,sutil,34,2,16:08:49,22.923
2011,7,glock,34,1,16:08:50,24.425
2011,7,barrichello,34,3,16:08:51,24.684
2011,7,buemi,34,3,16:08:53,23.970
2011,7,heidfeld,35,1,16:10:18,23.113
2011,7,resta,35,1,16:10:20,22.479
2011,7,button,35,4,16:10:22,23.589
2011,7,rosa,35,1,16:10:23,30.288
2011,7,alguersuari,35,2,16:10:26,24.863
2011,7,maldonado,35,3,16:10:29,23.593
2011,7,liuzzi,35,2,16:10:48,34.897
2011,7,kobayashi,36,1,16:11:49,23.687
2011,7,massa,36,2,16:11:50,22.742
2011,7,petrov,36,1,16:11:52,23.816
2011,7,webber,36,2,16:11:53,22.402
2011,7,alonso,36,3,16:11:54,26.129
2011,7,rosberg,36,3,16:11:57,22.735
2011,7,trulli,36,2,16:12:14,23.332
2011,7,ambrosio,36,4,16:12:15,14.538
2011,7,vettel,37,2,16:13:21,22.958
2011,7,karthikeyan,37,1,16:14:01,29.115
2011,7,button,37,5,16:14:55,31.718
2011,7,resta,43,2,16:24:38,28.630
2011,7,sutil,45,3,16:27:43,14.565
2011,7,sutil,49,4,16:33:51,32.449
2011,7,webber,50,3,16:35:03,22.770
2011,7,barrichello,50,4,16:35:12,23.059
2011,7,buemi,50,4,16:35:23,26.561
2011,7,resta,50,3,16:35:33,14.538
2011,7,button,51,6,16:36:41,23.741
2011,7,alguersuari,51,3,16:36:45,23.338
2011,7,maldonado,51,4,16:36:46,23.700
2011,7,glock,51,2,16:37:16,25.079
2011,7,karthikeyan,51,2,16:37:38,29.540
2011,7,michael_schumacher,52,4,16:37:50,22.869
2011,7,massa,52,3,16:37:52,22.560
2011,7,heidfeld,52,2,16:37:57,23.364
2011,7,rosa,52,2,16:38:22,24.039
2011,7,trulli,52,3,16:38:45,25.140
2011,7,ambrosio,52,5,16:38:56,30.714
2011,7,vettel,53,3,16:39:07,22.526
2011,7,liuzzi,52,3,16:39:20,33.278
2011,7,kobayashi,53,2,16:39:22,24.618
2011,7,petrov,53,2,16:39:31,24.145
2011,7,rosberg,53,4,16:39:36,22.702
2011,7,massa,53,4,16:39:50,28.346
2011,7,resta,53,4,16:40:04,23.129
2011,7,maldonado,61,5,16:53:19,31.701
2011,8,maldonado,10,1,14:22:02,21.301
2011,8,heidfeld,11,1,14:23:23,22.114
2011,8,barrichello,11,1,14:23:27,21.163
2011,8,kobayashi,11,1,14:23:29,23.492
2011,8,hamilton,12,1,14:24:49,20.340
2011,8,rosberg,12,1,14:25:02,21.054
2011,8,sutil,12,1,14:25:09,20.676
2011,8,webber,13,1,14:26:28,20.465
2011,8,vettel,14,1,14:28:11,21.006
2011,8,alonso,14,1,14:28:15,21.477
2011,8,button,14,1,14:28:31,20.997
2011,8,michael_schumacher,14,1,14:28:40,21.201
2011,8,resta,14,1,14:28:51,20.567
2011,8,buemi,14,1,14:28:54,21.321
2011,8,kovalainen,14,1,14:29:11,23.241
2011,8,karthikeyan,14,1,14:29:43,28.030
2011,8,massa,15,1,14:30:07,20.718
2011,8,petrov,15,1,14:30:49,22.104
2011,8,michael_schumacher,15,2,14:30:59,30.665
2011,8,liuzzi,15,1,14:31:23,24.459
2011,8,glock,17,1,14:34:56,21.900
2011,8,trulli,18,1,14:36:30,23.327
2011,8,ambrosio,18,1,14:36:56,21.943
2011,8,alguersuari,19,1,14:37:50,21.391
2011,8,hamilton,24,2,14:46:06,21.035
2011,8,perez,25,1,14:48:56,21.939
2011,8,buemi,26,2,14:50:28,20.460
2011,8,kovalainen,26,2,14:51:06,21.126
2011,8,heidfeld,27,2,14:52:04,22.285
2011,8,resta,27,2,14:52:08,20.818
2011,8,petrov,27,2,14:52:26,21.168
2011,8,webber,28,2,14:52:53,20.319
2011,8,sutil,28,2,14:53:47,20.286
2011,8,barrichello,28,2,14:53:53,21.262
2011,8,maldonado,28,2,14:54:30,21.805
2011,8,alonso,29,2,14:54:36,20.551
2011,8,liuzzi,28,2,14:55:33,22.766
2011,8,vettel,30,2,14:56:16,20.441
2011,8,button,30,2,14:56:46,20.325
2011,8,rosberg,30,2,14:57:07,23.547
2011,8,karthikeyan,29,2,14:58:17,24.675
2011,8,massa,31,2,14:58:23,25.537
2011,8,michael_schumacher,31,3,14:59:40,21.168
2011,8,kobayashi,33,2,15:03:14,20.545
2011,8,trulli,34,2,15:05:36,22.131
2011,8,ambrosio,37,2,15:11:48,22.250
2011,8,petrov,39,3,15:13:41,21.105
2011,8,heidfeld,40,3,15:15:10,21.472
2011,8,barrichello,40,3,15:15:16,21.286
2011,8,webber,42,3,15:17:11,20.367
2011,8,hamilton,42,3,15:17:41,20.212
2011,8,alguersuari,42,2,15:18:33,21.103
2011,8,kovalainen,42,3,15:19:57,22.632
2011,8,sutil,43,3,15:20:21,21.036
2011,8,glock,42,2,15:20:26,22.030
2011,8,resta,44,3,15:22:18,21.069
2011,8,alonso,45,3,15:22:21,20.136
2011,8,liuzzi,43,3,15:23:02,22.235
2011,8,maldonado,44,3,15:23:06,21.490
2011,8,rosberg,45,3,15:23:36,20.896
2011,8,buemi,45,3,15:24:07,20.995
2011,8,vettel,47,3,15:25:39,20.331
2011,8,karthikeyan,44,3,15:26:13,26.059
2011,8,massa,48,3,15:28:09,20.404
2011,8,button,48,3,15:28:21,20.479
2011,9,michael_schumacher,9,1,13:20:38,30.242
2011,9,heidfeld,10,1,13:22:37,24.716
2011,9,button,11,1,13:24:05,25.070
2011,9,sutil,11,1,13:24:13,25.737
2011,9,kobayashi,11,1,13:24:19,28.448
2011,9,maldonado,11,1,13:24:27,26.238
2011,9,buemi,11,1,13:24:30,26.279
2011,9,petrov,11,1,13:24:37,24.880
2011,9,barrichello,11,1,13:24:38,25.860
2011,9,glock,11,1,13:24:52,25.416
2011,9,liuzzi,11,1,13:25:12,26.643
2011,9,ambrosio,11,1,13:25:14,28.742
2011,9,webber,12,1,13:25:41,23.973
2011,9,alonso,12,1,13:25:42,26.566
2011,9,hamilton,12,1,13:25:49,25.100
2011,9,resta,12,1,13:26:02,26.612
2011,9,rosberg,12,1,13:26:12,24.722
2011,9,perez,12,1,13:26:13,25.386
2011,9,alguersuari,12,1,13:26:20,24.719
2011,9,ricciardo,12,1,13:27:17,25.872
2011,9,vettel,13,1,13:27:22,24.818
2011,9,massa,13,1,13:27:39,24.159
2011,9,michael_schumacher,16,2,13:33:23,31.751
2011,9,kobayashi,20,2,13:40:27,31.551
2011,9,hamilton,24,2,13:46:21,24.065
2011,9,resta,24,2,13:46:50,45.291
2011,9,maldonado,24,2,13:47:12,24.272
2011,9,sutil,25,2,13:48:32,24.077
2011,9,buemi,25,2,13:48:50,24.620
2011,9,webber,26,2,13:49:36,25.490
2011,9,button,26,2,13:49:45,24.287
2011,9,massa,26,2,13:49:48,23.929
2011,9,resta,26,3,13:50:52,31.471
2011,9,vettel,27,2,13:51:10,31.558
2011,9,alonso,27,2,13:51:15,23.974
2011,9,ambrosio,28,2,13:55:39,25.428
2011,9,ricciardo,28,2,13:56:23,26.942
2011,9,rosberg,30,2,13:56:50,24.399
2011,9,heidfeld,30,2,13:57:06,24.434
2011,9,glock,30,2,13:58:43,24.959
2011,9,alguersuari,31,2,13:58:46,24.095
2011,9,michael_schumacher,31,3,13:58:47,24.651
2011,9,barrichello,31,2,13:59:02,23.955
2011,9,perez,32,2,14:00:08,25.619
2011,9,liuzzi,31,2,14:00:49,25.505
2011,9,maldonado,35,3,14:05:42,23.869
2011,9,vettel,36,3,14:06:13,23.137
2011,9,hamilton,37,3,14:07:50,23.340
2011,9,webber,38,3,14:09:30,23.785
2011,9,petrov,38,2,14:10:21,24.172
2011,9,alonso,39,3,14:10:50,23.474
2011,9,button,39,3,14:11:08,23.292
2011,9,sutil,40,3,14:13:32,27.240
2011,9,massa,41,3,14:14:35,23.238
2011,10,perez,8,1,14:17:05,27.247
2011,10,buemi,10,1,14:20:28,27.301
2011,10,chandhok,10,1,14:21:22,31.879
2011,10,webber,14,1,14:26:23,20.440
2011,10,rosberg,14,1,14:26:39,20.348
2011,10,michael_schumacher,15,1,14:28:22,20.768
2011,10,maldonado,15,1,14:28:35,21.601
2011,10,hamilton,16,1,14:29:38,20.982
2011,10,alonso,16,1,14:29:39,20.430
2011,10,vettel,16,1,14:29:57,20.394
2011,10,massa,17,1,14:31:36,20.344
2011,10,kobayashi,20,1,14:36:51,20.882
2011,10,liuzzi,20,1,14:37:44,22.048
2011,10,ricciardo,21,1,14:39:29,22.319
2011,10,sutil,22,1,14:39:56,20.839
2011,10,glock,22,1,14:41:05,22.252
2011,10,petrov,23,1,14:41:53,21.449
2011,10,alguersuari,23,1,14:42:02,21.062
2011,10,resta,23,1,14:42:05,23.676
2011,10,button,24,1,14:43:15,20.952
2011,10,ambrosio,24,1,14:44:42,20.762
2011,10,kovalainen,26,1,14:47:26,22.088
2011,10,webber,30,2,14:52:32,21.299
2011,10,chandhok,28,2,14:53:09,22.331
2011,10,hamilton,31,2,14:54:10,20.496
2011,10,alonso,32,2,14:55:46,20.035
2011,10,maldonado,35,2,15:01:53,21.057
2011,10,rosberg,36,2,15:03:03,20.975
2011,10,buemi,36,2,15:04:03,20.954
2011,10,michael_schumacher,37,2,15:04:59,20.299
2011,10,vettel,40,2,15:09:11,20.274
2011,10,massa,41,2,15:10:46,20.185
2011,10,perez,41,2,15:11:48,21.645
2011,10,alguersuari,43,2,15:15:07,21.689
2011,10,petrov,46,2,15:19:54,20.572
2011,10,sutil,48,2,15:22:30,20.879
2011,10,kobayashi,48,2,15:23:03,21.267
2011,10,glock,48,2,15:25:25,21.252
2011,10,hamilton,51,3,15:26:17,20.403
2011,10,ambrosio,49,2,15:27:24,23.588
2011,10,ricciardo,49,2,15:27:43,24.053
2011,10,kovalainen,50,2,15:27:48,21.175
2011,10,resta,51,2,15:28:11,22.535
2011,10,alonso,53,3,15:29:30,19.975
2011,10,rosberg,53,3,15:30:50,20.047
2011,10,chandhok,51,3,15:32:52,22.458
2011,10,webber,56,3,15:34:20,20.324
2011,10,michael_schumacher,56,3,15:35:53,19.930
2011,10,massa,59,3,15:39:43,21.903
2011,10,vettel,59,3,15:39:44,20.110
2011,11,webber,10,1,14:20:59,20.854
2011,11,massa,10,1,14:21:09,22.293
2011,11,petrov,10,1,14:21:18,25.532
2011,11,barrichello,10,1,14:21:19,22.640
2011,11,button,11,1,14:22:29,21.786
2011,11,resta,11,1,14:22:46,22.262
2011,11,maldonado,11,1,14:23:04,23.397
2011,11,heidfeld,11,1,14:23:12,21.371
2011,11,glock,11,1,14:23:27,22.222
2011,11,ambrosio,11,1,14:23:32,25.337
2011,11,hamilton,12,1,14:23:59,21.880
2011,11,vettel,12,1,14:24:05,20.690
2011,11,alonso,12,1,14:24:10,22.886
2011,11,rosberg,12,1,14:24:17,20.767
2011,11,kobayashi,12,1,14:24:35,23.725
2011,11,buemi,12,1,14:24:42,22.349
2011,11,kovalainen,12,1,14:24:53,22.772
2011,11,sutil,12,1,14:24:55,21.902
2011,11,perez,12,1,14:24:56,22.215
2011,11,liuzzi,12,1,14:25:35,23.633
2011,11,michael_schumacher,13,1,14:26:02,21.948
2011,11,alguersuari,13,1,14:26:24,23.734
2011,11,trulli,13,1,14:26:49,23.118
2011,11,ricciardo,13,1,14:27:04,22.844
2011,11,maldonado,16,2,14:31:22,13.186
2011,11,heidfeld,23,2,14:42:16,25.434
2011,11,barrichello,24,2,14:43:19,22.217
2011,11,alguersuari,24,2,14:43:20,22.552
2011,11,kovalainen,24,2,14:43:45,22.147
2011,11,perez,24,2,14:43:49,20.570
2011,11,webber,25,2,14:44:03,20.000
2011,11,alonso,25,2,14:44:04,23.208
2011,11,massa,25,2,14:44:34,21.138
2011,11,petrov,25,2,14:44:47,24.194
2011,11,buemi,25,2,14:44:55,21.460
2011,11,hamilton,26,2,14:45:16,20.803
2011,11,michael_schumacher,26,2,14:46:04,20.071
2011,11,liuzzi,25,2,14:46:40,22.501
2011,11,sutil,26,2,14:46:48,20.589
2011,11,button,27,2,14:46:49,21.065
2011,11,rosberg,27,2,14:47:28,19.939
2011,11,resta,27,2,14:47:32,20.801
2011,11,vettel,28,2,14:48:22,20.611
2011,11,maldonado,28,3,14:49:55,21.426
2011,11,glock,28,2,14:50:32,20.613
2011,11,ricciardo,28,2,14:51:12,23.563
2011,11,ambrosio,29,2,14:52:27,20.916
2011,11,perez,32,3,14:56:05,13.201
2011,11,kobayashi,34,2,14:58:08,22.852
2011,11,alonso,36,3,15:00:23,19.936
2011,11,barrichello,37,3,15:02:51,20.580
2011,11,webber,39,3,15:04:48,20.673
2011,11,liuzzi,37,3,15:05:37,27.839
2011,11,hamilton,40,3,15:05:54,20.861
2011,11,massa,40,3,15:06:53,22.453
2011,11,vettel,41,3,15:07:32,19.664
2011,11,button,42,3,15:08:53,20.046
2011,11,resta,42,3,15:10:06,20.935
2011,11,buemi,43,3,15:11:41,20.360
2011,11,kovalainen,43,3,15:12:56,20.990
2011,11,perez,44,4,15:14:07,20.917
2011,11,ricciardo,43,3,15:14:54,21.651
2011,11,alonso,47,4,15:16:33,20.126
2011,11,alguersuari,47,3,15:17:40,21.345
2011,11,ambrosio,47,3,15:20:46,49.849
2011,11,rosberg,50,3,15:22:04,20.563
2011,11,webber,51,4,15:22:51,21.122
2011,11,petrov,50,3,15:22:54,21.353
2011,11,barrichello,50,4,15:22:55,31.539
2011,11,kovalainen,49,4,15:22:56,22.364
2011,11,sutil,50,3,15:23:22,21.796
2011,11,liuzzi,48,4,15:23:32,23.010
2011,11,maldonado,50,4,15:23:34,23.016
2011,11,hamilton,52,4,15:24:11,20.855
2011,11,webber,53,5,15:26:20,20.715
2011,11,barrichello,52,5,15:26:36,25.596
2011,11,hamilton,54,5,15:27:35,21.628
2011,11,petrov,53,4,15:28:00,21.609
2011,11,kovalainen,52,5,15:28:12,21.715
2011,11,sutil,53,4,15:28:27,21.503
2011,11,ambrosio,51,4,15:28:37,22.470
2011,11,rosberg,54,4,15:28:47,23.244
2011,11,maldonado,53,5,15:28:55,22.825
2011,11,liuzzi,51,5,15:28:58,22.458
2011,11,glock,53,3,15:30:17,20.929
2011,11,hamilton,56,6,15:30:48,13.173
2011,11,massa,58,4,15:33:53,21.157
2011,11,kobayashi,62,3,15:40:56,21.258
2011,12,glock,1,1,14:05:58,35.092
2011,12,bruno_senna,1,1,14:06:10,30.795
2011,12,kovalainen,1,1,14:06:14,28.539
2011,12,webber,3,1,14:09:42,21.015
2011,12,button,3,1,14:09:46,26.046
2011,12,michael_schumacher,4,1,14:11:45,20.153
2011,12,vettel,5,1,14:13:27,20.898
2011,12,perez,5,1,14:13:49,26.092
2011,12,glock,6,2,14:16:35,13.914
2011,12,alonso,8,1,14:19:18,20.994
2011,12,bruno_senna,8,2,14:20:14,13.968
2011,12,massa,9,1,14:21:21,22.267
2011,12,hamilton,10,1,14:23:14,21.895
2011,12,rosberg,11,1,14:25:16,23.090
2011,12,liuzzi,11,1,14:26:05,21.766
2011,12,petrov,12,1,14:27:22,21.395
2011,12,maldonado,12,1,14:27:31,21.421
2011,12,vettel,13,2,14:29:09,21.411
2011,12,sutil,13,1,14:29:31,22.773
2011,12,barrichello,13,1,14:29:38,21.818
2011,12,michael_schumacher,13,2,14:29:39,20.226
2011,12,button,13,2,14:29:40,21.756
2011,12,ricciardo,13,1,14:30:19,23.780
2011,12,trulli,13,1,14:30:20,22.159
2011,12,ambrosio,13,1,14:30:22,22.939
2011,12,kovalainen,13,2,14:30:46,22.009
2011,12,kobayashi,14,1,14:32:10,24.161
2011,12,resta,14,1,14:32:11,21.334
2011,12,glock,14,3,14:33:40,24.204
2011,12,bruno_senna,21,3,14:47:48,20.756
2011,12,perez,22,2,14:49:35,14.089
2011,12,perez,23,3,14:51:40,23.883
2011,12,liuzzi,27,2,14:59:56,30.959
2011,12,alonso,29,2,15:02:28,21.243
2011,12,maldonado,29,2,15:03:01,22.303
2011,12,kobayashi,29,2,15:03:08,21.269
2011,12,vettel,30,3,15:04:14,20.786
2011,12,rosberg,30,2,15:04:42,21.171
2011,12,massa,30,2,15:04:43,21.856
2011,12,petrov,30,2,15:04:45,21.979
2011,12,resta,30,2,15:05:01,21.350
2011,12,webber,31,2,15:06:19,20.947
2011,12,sutil,31,2,15:06:38,20.983
2011,12,michael_schumacher,31,3,15:06:39,21.319
2011,12,barrichello,31,2,15:06:56,21.478
2011,12,trulli,31,2,15:07:16,21.484
2011,12,button,32,3,15:08:15,21.640
2011,12,massa,32,3,15:08:49,21.485
2011,12,kovalainen,33,3,15:11:16,22.306
2011,12,glock,35,4,15:15:37,21.721
2011,12,ambrosio,36,2,15:17:29,22.114
2011,12,barrichello,40,3,15:24:23,47.753
2011,13,kobayashi,1,1,14:05:42,27.550
2011,13,barrichello,1,1,14:06:43,29.157
2011,13,bruno_senna,2,1,14:08:02,22.534
2011,13,ricciardo,1,1,14:08:50,16:44.718
2011,13,trulli,5,1,14:13:34,30.391
2011,13,resta,13,1,14:25:33,21.870
2011,13,michael_schumacher,16,1,14:29:42,22.709
2011,13,buemi,16,1,14:30:10,24.234
2011,13,button,17,1,14:31:10,21.660
2011,13,hamilton,18,1,14:32:41,22.083
2011,13,kobayashi,18,2,14:33:12,22.939
2011,13,alonso,19,1,14:34:04,22.539
2011,13,maldonado,19,1,14:34:39,23.063
2011,13,bruno_senna,19,2,14:34:43,23.145
2011,13,vettel,20,1,14:35:21,22.124
2011,13,alguersuari,20,1,14:36:08,21.988
2011,13,glock,20,1,14:36:42,25.147
2011,13,massa,21,1,14:37:20,21.821
2011,13,kovalainen,21,1,14:38:01,23.298
2011,13,trulli,24,2,14:43:14,23.420
2011,13,resta,31,2,14:52:56,23.069
2011,13,barrichello,32,2,14:54:59,23.414
2011,13,button,33,2,14:55:00,22.095
2011,13,ricciardo,20,2,14:55:30,30.777
2011,13,alonso,34,2,14:56:26,21.989
2011,13,hamilton,34,2,14:56:36,21.876
2011,13,vettel,35,2,14:57:38,21.378
2011,13,kovalainen,35,2,14:59:46,22.611
2011,13,michael_schumacher,37,2,15:01:01,22.014
2011,13,maldonado,37,2,15:02:04,22.614
2011,13,glock,38,2,15:04:43,22.784
2011,13,buemi,40,2,15:06:23,24.086
2011,13,bruno_senna,40,3,15:06:27,22.273
2011,13,massa,41,2,15:07:06,22.148
2011,13,alguersuari,41,2,15:07:43,22.279
2011,14,ricciardo,1,1,20:06:48,44.170
2011,14,rosberg,9,1,20:21:25,29.549
2011,14,alonso,10,1,20:23:15,30.621
2011,14,michael_schumacher,10,1,20:23:27,29.610
2011,14,bruno_senna,10,1,20:23:47,35.398
2011,14,massa,11,1,20:25:14,30.290
2011,14,hamilton,11,1,20:25:15,30.142
2011,14,sutil,11,1,20:25:25,30.718
2011,14,maldonado,11,1,20:25:39,30.888
2011,14,buemi,11,1,20:25:50,32.827
2011,14,kovalainen,11,1,20:25:56,32.202
2011,14,bruno_senna,11,2,20:26:39,36.856
2011,14,webber,12,1,20:27:10,30.462
2011,14,barrichello,12,1,20:27:40,30.456
2011,14,massa,12,2,20:28:04,32.351
2011,14,hamilton,13,2,20:29:39,33.456
2011,14,liuzzi,13,1,20:30:31,34.329
2011,14,vettel,14,1,20:30:38,30.023
2011,14,button,14,1,20:30:49,30.169
2011,14,perez,15,1,20:33:28,30.810
2011,14,hamilton,15,3,20:34:04,24.342
2011,14,kobayashi,16,1,20:35:49,30.464
2011,14,trulli,16,1,20:36:05,31.048
2011,14,petrov,16,1,20:36:09,30.807
2011,14,ricciardo,15,2,20:36:19,34.782
2011,14,ambrosio,16,1,20:36:22,31.763
2011,14,alguersuari,17,1,20:38:05,30.948
2011,14,resta,19,1,20:41:08,30.704
2011,14,trulli,19,2,20:43:14,33.317
2011,14,rosberg,22,2,20:47:06,29.417
2011,14,michael_schumacher,24,2,20:51:04,29.473
2011,14,massa,24,3,20:51:44,30.478
2011,14,alguersuari,24,2,20:52:14,24.299
2011,14,alonso,25,2,20:52:35,30.387
2011,14,maldonado,25,2,20:53:37,30.187
2011,14,kovalainen,26,2,20:56:11,31.621
2011,14,liuzzi,26,2,20:57:30,32.122
2011,14,webber,29,2,21:00:16,31.204
2011,14,ambrosio,28,2,21:00:59,31.592
2011,14,resta,29,2,21:01:05,29.764
2011,14,sutil,29,2,21:01:11,33.418
2011,14,rosberg,29,3,21:01:12,30.261
2011,14,perez,29,2,21:01:17,33.344
2011,14,ricciardo,27,3,21:01:25,33.058
2011,14,bruno_senna,28,3,21:01:27,30.832
2011,14,hamilton,29,4,21:01:31,30.706
2011,14,vettel,30,2,21:01:48,30.809
2011,14,kobayashi,29,2,21:01:59,31.602
2011,14,button,30,2,21:02:11,29.921
2011,14,petrov,29,2,21:02:43,30.625
2011,14,barrichello,30,2,21:04:10,30.544
2011,14,buemi,31,2,21:06:25,31.394
2011,14,alguersuari,35,3,21:16:28,31.836
2011,14,kobayashi,40,3,21:25:43,24.715
2011,14,massa,41,4,21:26:06,30.983
2011,14,maldonado,45,3,21:33:51,30.477
2011,14,trulli,44,3,21:36:23,31.168
2011,14,webber,47,3,21:36:42,30.413
2011,14,liuzzi,45,3,21:38:30,31.687
2011,14,button,48,3,21:38:31,30.305
2011,14,hamilton,48,5,21:39:06,29.876
2011,14,kovalainen,47,3,21:40:09,31.207
2011,14,vettel,49,3,21:40:10,30.796
2011,14,petrov,47,3,21:40:13,30.485
2011,14,alonso,49,3,21:40:46,29.972
2011,14,buemi,49,3,21:41:40,32.739
2011,14,liuzzi,46,4,21:41:47,42.920
2011,14,bruno_senna,48,4,21:42:01,30.987
2011,14,kobayashi,53,4,21:51:26,30.869
2011,15,hamilton,8,1,15:17:14,21.091
2011,15,sutil,8,1,15:17:26,21.511
2011,15,liuzzi,8,1,15:18:13,28.244
2011,15,vettel,9,1,15:18:49,22.374
2011,15,michael_schumacher,9,1,15:19:04,20.667
2011,15,button,10,1,15:20:34,21.094
2011,15,alonso,10,1,15:20:34,21.147
2011,15,webber,10,1,15:20:39,21.820
2011,15,resta,10,1,15:20:50,21.964
2011,15,kobayashi,10,1,15:20:59,24.263
2011,15,kovalainen,10,1,15:21:10,21.412
2011,15,massa,11,1,15:22:19,21.313
2011,15,buemi,11,1,15:22:41,21.849
2011,15,trulli,11,1,15:22:59,21.636
2011,15,ricciardo,11,1,15:23:13,23.723
2011,15,barrichello,12,1,15:24:26,22.130
2011,15,rosberg,12,1,15:24:36,20.575
2011,15,glock,12,1,15:24:57,25.563
2011,15,ambrosio,13,1,15:26:41,23.013
2011,15,bruno_senna,15,1,15:29:45,25.927
2011,15,maldonado,16,1,15:31:31,21.339
2011,15,alguersuari,17,1,15:33:17,21.792
2011,15,petrov,18,1,15:34:39,21.304
2011,15,vettel,19,2,15:35:48,21.596
2011,15,webber,19,2,15:35:57,21.369
2011,15,button,20,2,15:37:28,20.713
2011,15,glock,19,2,15:37:30,21.726
2011,15,perez,20,1,15:38:10,21.655
2011,15,alonso,21,2,15:39:11,21.319
2011,15,hamilton,21,2,15:39:19,22.821
2011,15,massa,22,2,15:41:00,21.214
2011,15,kovalainen,22,2,15:42:00,21.519
2011,15,ricciardo,22,2,15:42:48,23.172
2011,15,sutil,23,2,15:43:10,21.337
2011,15,ambrosio,23,2,15:44:26,22.258
2011,15,michael_schumacher,24,2,15:44:52,22.570
2011,15,resta,24,2,15:45:11,21.964
2011,15,kobayashi,24,2,15:45:21,22.299
2011,15,barrichello,24,2,15:45:22,22.736
2011,15,rosberg,24,2,15:45:23,20.665
2011,15,liuzzi,23,2,15:45:48,24.716
2011,15,trulli,24,2,15:46:04,22.233
2011,15,maldonado,25,2,15:47:52,21.075
2011,15,vettel,33,3,16:01:45,21.705
2011,15,webber,34,3,16:03:28,21.455
2011,15,hamilton,35,3,16:05:09,21.292
2011,15,resta,35,3,16:05:21,21.553
2011,15,bruno_senna,35,2,16:05:42,22.466
2011,15,button,36,3,16:06:38,20.998
2011,15,massa,36,3,16:06:46,21.100
2011,15,alguersuari,36,2,16:07:16,22.584
2011,15,liuzzi,35,3,16:07:51,22.631
2011,15,alonso,37,3,16:08:19,20.731
2011,15,perez,37,2,16:08:38,24.461
2011,15,sutil,37,3,16:08:44,21.839
2011,15,barrichello,37,3,16:08:54,21.890
2011,15,kovalainen,37,3,16:09:04,22.532
2011,15,glock,36,3,16:09:24,22.877
2011,15,trulli,38,3,16:10:48,22.156
2011,15,ambrosio,37,3,16:11:06,24.269
2011,15,petrov,39,2,16:12:09,20.832
2011,15,ricciardo,38,3,16:12:53,22.910
2011,15,michael_schumacher,41,3,16:15:04,20.879
2011,15,rosberg,41,3,16:15:25,20.809
2011,15,maldonado,41,3,16:15:38,21.012
2011,16,liuzzi,1,1,15:05:51,26.379
2011,16,kobayashi,10,1,15:21:45,21.623
2011,16,barrichello,10,1,15:21:47,21.722
2011,16,resta,11,1,15:23:25,22.075
2011,16,trulli,12,1,15:25:30,22.441
2011,16,button,13,1,15:26:42,20.766
2011,16,rosberg,13,1,15:26:43,20.091
2011,16,bruno_senna,13,1,15:27:10,21.163
2011,16,kovalainen,13,1,15:27:13,21.951
2011,16,webber,14,1,15:28:23,20.828
2011,16,massa,14,1,15:28:28,23.642
2011,16,petrov,14,1,15:28:33,21.478
2011,16,michael_schumacher,14,1,15:28:35,20.238
2011,16,buemi,14,1,15:28:48,22.098
2011,16,hamilton,15,1,15:30:01,20.846
2011,16,alonso,15,1,15:30:19,20.978
2011,16,vettel,16,1,15:31:42,19.985
2011,16,sutil,16,1,15:32:24,24.820
2011,16,maldonado,16,1,15:32:31,21.569
2011,16,perez,16,1,15:32:32,21.225
2011,16,glock,16,1,15:33:19,22.533
2011,16,ricciardo,16,1,15:33:22,23.196
2011,16,ambrosio,16,1,15:33:28,26.905
2011,16,alguersuari,17,1,15:34:24,22.301
2011,16,liuzzi,16,2,15:34:32,23.544
2011,16,maldonado,22,2,15:45:44,13.984
2011,16,kobayashi,24,2,15:49:22,25.578
2011,16,rosberg,27,2,15:54:18,20.772
2011,16,maldonado,28,3,15:56:30,22.035
2011,16,bruno_senna,30,2,15:59:48,21.893
2011,16,resta,31,2,16:01:23,21.060
2011,16,barrichello,31,2,16:01:32,22.347
2011,16,hamilton,33,2,16:04:21,20.584
2011,16,webber,33,2,16:04:22,20.800
2011,16,vettel,34,2,16:05:58,20.170
2011,16,button,34,2,16:06:08,20.758
2011,16,massa,34,2,16:06:13,21.080
2011,16,sutil,35,2,16:08:18,21.916
2011,16,buemi,36,2,16:10:01,21.992
2011,16,perez,36,2,16:10:09,21.385
2011,16,trulli,36,2,16:10:35,22.851
2011,16,alonso,37,2,16:11:21,20.639
2011,16,alguersuari,37,2,16:11:31,22.325
2011,16,kovalainen,38,2,16:13:56,22.669
2011,16,ambrosio,38,2,16:14:40,22.412
2011,16,liuzzi,38,3,16:16:35,22.092
2011,16,glock,41,2,16:19:51,22.481
2011,16,ricciardo,41,2,16:19:54,22.115
2011,16,kobayashi,42,3,16:21:02,21.472
2011,16,perez,53,3,16:39:58,21.971
2011,17,perez,1,1,15:05:16,22.676
2011,17,glock,1,1,15:05:23,27.378
2011,17,barrichello,1,1,15:05:36,33.650
2011,17,trulli,1,1,15:06:37,40.734
2011,17,resta,2,1,15:06:50,21.525
2011,17,petrov,3,1,15:08:27,27.137
2011,17,sutil,15,1,15:27:09,21.424
2011,17,webber,16,1,15:28:08,21.392
2011,17,alonso,16,1,15:28:09,21.873
2011,17,hamilton,16,1,15:28:14,22.530
2011,17,alguersuari,16,1,15:28:37,22.856
2011,17,massa,17,1,15:29:43,21.848
2011,17,rosberg,17,1,15:29:56,21.149
2011,17,button,18,1,15:31:05,21.092
2011,17,michael_schumacher,18,1,15:31:35,20.893
2011,17,buemi,18,1,15:31:43,22.579
2011,17,vettel,19,1,15:32:31,21.415
2011,17,resta,19,2,15:33:45,24.150
2011,17,kovalainen,21,1,15:36:36,22.226
2011,17,bruno_senna,22,1,15:38:07,22.144
2011,17,karthikeyan,22,1,15:38:47,24.046
2011,17,ambrosio,22,1,15:38:52,22.687
2011,17,hamilton,24,2,15:40:48,27.193
2011,17,ricciardo,25,1,15:43:17,25.074
2011,17,trulli,27,2,15:49:31,22.894
2011,17,massa,30,2,15:49:55,14.919
2011,17,massa,31,3,15:51:40,27.619
2011,17,ricciardo,32,2,15:54:51,42.529
2011,17,petrov,33,2,15:55:13,22.519
2011,17,perez,34,2,15:56:37,24.789
2011,17,sutil,35,2,15:58:06,21.977
2011,17,barrichello,35,2,15:59:21,22.339
2011,17,webber,37,2,16:00:03,21.240
2011,17,alonso,39,2,16:03:03,21.755
2011,17,resta,39,3,16:04:47,20.984
2011,17,kovalainen,41,2,16:07:49,22.001
2011,17,rosberg,45,2,16:12:29,22.978
2011,17,hamilton,45,3,16:12:44,22.172
2011,17,button,46,2,16:13:11,21.838
2011,17,alguersuari,46,2,16:14:27,23.084
2011,17,vettel,47,2,16:14:36,21.449
2011,17,michael_schumacher,50,2,16:19:55,21.482
2011,17,karthikeyan,50,2,16:23:00,23.605
2011,17,bruno_senna,56,2,16:30:01,21.723
2011,17,ambrosio,55,2,16:30:49,22.472
2011,17,trulli,54,3,16:32:20,24.150
2011,17,ricciardo,56,3,16:32:48,28.474
2011,18,bruno_senna,1,1,17:05:36,20.882
2011,18,perez,2,1,17:07:22,24.654
2011,18,kobayashi,5,1,17:13:02,19.833
2011,18,massa,15,1,17:30:30,20.471
2011,18,alguersuari,15,1,17:31:05,43.574
2011,18,hamilton,16,1,17:32:01,19.439
2011,18,alonso,16,1,17:32:03,20.211
2011,18,button,16,1,17:32:14,20.908
2011,18,sutil,16,1,17:32:35,20.356
2011,18,michael_schumacher,16,1,17:32:36,19.660
2011,18,kovalainen,16,1,17:33:01,21.146
2011,18,webber,17,1,17:34:01,25.182
2011,18,rosberg,17,1,17:34:12,19.785
2011,18,trulli,17,1,17:35:11,20.824
2011,18,petrov,18,1,17:36:34,20.738
2011,18,barrichello,18,1,17:36:43,24.219
2011,18,ricciardo,18,1,17:37:20,21.693
2011,18,bruno_senna,20,2,17:40:33,20.330
2011,18,liuzzi,24,1,17:48:28,21.247
2011,18,maldonado,25,1,17:49:31,20.201
2011,18,glock,25,1,17:50:06,21.792
2011,18,resta,27,1,17:52:50,20.216
2011,18,perez,27,2,17:53:09,19.979
2011,18,maldonado,30,2,17:58:49,12.897
2011,18,kobayashi,33,2,18:03:42,23.108
2011,18,barrichello,34,2,18:05:35,20.534
2011,18,webber,35,2,18:06:07,20.000
2011,18,alguersuari,34,2,18:06:16,21.363
2011,18,button,36,2,18:07:45,20.301
2011,18,sutil,36,2,18:08:17,20.614
2011,18,bruno_senna,36,3,18:09:34,12.959
2011,18,petrov,38,2,18:12:53,19.968
2011,18,hamilton,40,2,18:14:22,19.350
2011,18,kovalainen,39,2,18:14:52,20.652
2011,18,massa,40,2,18:14:54,20.035
2011,18,michael_schumacher,42,2,18:18:51,20.638
2011,18,ricciardo,41,2,18:19:37,23.192
2011,18,alonso,43,2,18:19:38,21.314
2011,18,trulli,42,2,18:20:55,20.791
2011,18,glock,44,2,18:24:59,20.561
2011,18,rosberg,48,2,18:29:04,19.907
2011,18,webber,54,3,18:39:14,19.525
2011,19,michael_schumacher,10,1,14:17:19,25.481
2011,19,bruno_senna,12,1,14:19:18,21.900
2011,19,petrov,13,1,14:20:39,21.169
2011,19,sutil,14,1,14:21:51,21.097
2011,19,button,15,1,14:22:58,22.005
2011,19,alonso,16,1,14:24:15,20.773
2011,19,hamilton,16,1,14:24:18,21.099
2011,19,rosberg,16,1,14:24:30,20.773
2011,19,barrichello,16,1,14:24:50,21.537
2011,19,vettel,17,1,14:25:24,20.927
2011,19,resta,17,1,14:25:58,20.745
2011,19,maldonado,17,1,14:26:13,21.561
2011,19,kovalainen,17,1,14:26:16,22.854
2011,19,webber,18,1,14:26:46,20.755
2011,19,bruno_senna,18,2,14:27:37,14.029
2011,19,buemi,19,1,14:28:43,22.417
2011,19,perez,20,1,14:30:05,22.221
2011,19,ambrosio,20,1,14:30:42,21.859
2011,19,ricciardo,20,1,14:30:47,23.473
2011,19,massa,21,1,14:30:57,21.696
2011,19,kobayashi,21,1,14:31:18,25.117
2011,19,alguersuari,21,1,14:31:26,22.773
2011,19,liuzzi,21,1,14:32:06,22.666
2011,19,glock,21,1,14:32:08,22.452
2011,19,trulli,22,1,14:33:08,22.616
2011,19,bruno_senna,28,3,14:41:14,23.289
2011,19,petrov,30,2,14:43:17,23.102
2011,19,button,31,2,14:44:05,21.038
2011,19,sutil,31,2,14:44:24,20.900
2011,19,kovalainen,31,2,14:45:14,22.013
2011,19,hamilton,33,2,14:46:43,20.396
2011,19,michael_schumacher,32,2,14:46:47,20.782
2011,19,barrichello,34,2,14:48:56,22.590
2011,19,alonso,35,2,14:49:11,20.664
2011,19,webber,38,2,14:52:52,20.990
2011,19,vettel,39,2,14:54:13,20.652
2011,19,resta,40,2,14:56:27,21.767
2011,19,rosberg,42,2,14:58:56,20.658
2011,19,buemi,42,2,14:59:19,22.461
2011,19,ambrosio,41,2,14:59:31,23.542
2011,19,ricciardo,41,2,14:59:46,22.904
2011,19,trulli,42,2,15:00:23,21.555
2011,19,kobayashi,43,2,15:00:26,21.231
2011,19,hamilton,44,3,15:01:16,20.681
2011,19,perez,44,2,15:02:10,21.337
2011,19,massa,45,2,15:02:33,21.053
2011,19,sutil,45,3,15:02:49,21.138
2011,19,petrov,45,3,15:03:14,21.781
2011,19,liuzzi,45,2,15:05:02,22.996
2011,19,alguersuari,48,2,15:07:11,21.855
2011,19,bruno_senna,48,4,15:08:23,22.128
2011,19,kovalainen,49,3,15:09:19,21.478
2011,19,button,52,3,15:11:27,21.583
2011,19,michael_schumacher,51,3,15:11:49,21.373
2011,19,alonso,54,3,15:13:55,20.752
2011,19,barrichello,53,3,15:14:17,21.638
2011,19,webber,58,3,15:18:40,20.781
2011,19,vettel,59,3,15:20:05,22.094
2012,1,bruno_senna,1,1,17:05:23,24.599
2012,1,ricciardo,1,1,17:05:35,32.319
2012,1,massa,11,1,17:21:08,22.313
2012,1,rosberg,12,1,17:22:31,23.203
2012,1,alonso,13,1,17:24:04,22.035
2012,1,kobayashi,13,1,17:24:20,25.346
2012,1,resta,13,1,17:24:21,24.933
2012,1,webber,14,1,17:25:41,23.302
2012,1,kovalainen,14,1,17:26:12,24.397
2012,1,button,16,1,17:28:30,23.275
2012,1,vettel,16,1,17:28:41,24.256
2012,1,maldonado,16,1,17:28:53,23.427
2012,1,hamilton,17,1,17:30:12,22.862
2012,1,petrov,18,1,17:32:32,24.579
2012,1,raikkonen,19,1,17:33:43,24.881
2012,1,vergne,19,1,17:33:54,23.203
2012,1,glock,20,1,17:36:09,26.322
2012,1,pic,21,1,17:37:59,25.303
2012,1,ricciardo,22,2,17:39:23,23.257
2012,1,perez,24,1,17:41:45,23.882
2012,1,massa,28,2,17:48:15,22.528
2012,1,bruno_senna,30,2,17:51:46,23.777
2012,1,rosberg,31,2,17:52:34,23.017
2012,1,resta,33,2,17:55:58,24.579
2012,1,alonso,34,2,17:57:06,21.910
2012,1,kovalainen,34,2,17:58:11,24.580
2012,1,button,36,2,17:59:44,22.837
2012,1,hamilton,36,2,17:59:54,23.464
2012,1,kobayashi,36,2,18:00:33,24.162
2012,1,pic,35,2,18:01:35,48.984
2012,1,vettel,37,2,18:01:36,24.131
2012,1,webber,37,2,18:01:58,22.915
2012,1,maldonado,37,2,18:02:03,23.166
2012,1,raikkonen,37,2,18:02:13,23.310
2012,1,vergne,37,2,18:02:41,23.569
2012,1,glock,36,2,18:02:46,25.046
2012,1,massa,37,3,18:03:05,22.103
2012,1,kovalainen,37,3,18:04:32,28.888
2012,1,ricciardo,38,3,18:05:15,24.348
2012,1,bruno_senna,47,3,18:22:20,30.888
2012,1,pic,51,3,18:30:07,17.088
2012,2,perez,1,1,16:05:39,25.671
2012,2,bruno_senna,1,1,16:06:01,31.006
2012,2,resta,2,1,16:07:52,23.988
2012,2,massa,3,1,16:10:03,24.034
2012,2,glock,3,1,16:10:14,25.096
2012,2,pic,3,1,16:10:20,29.317
2012,2,button,4,1,16:12:01,24.305
2012,2,alonso,4,1,16:12:09,24.653
2012,2,hulkenberg,4,1,16:12:17,23.856
2012,2,ricciardo,4,1,16:12:26,25.470
2012,2,petrov,4,1,16:12:28,24.718
2012,2,kovalainen,4,1,16:12:30,32.670
2012,2,hamilton,5,1,16:14:12,24.271
2012,2,webber,5,1,16:14:20,24.569
2012,2,vettel,5,1,16:14:27,25.658
2012,2,rosberg,5,1,16:14:31,25.600
2012,2,maldonado,5,1,16:14:32,25.535
2012,2,raikkonen,5,1,16:14:36,27.602
2012,2,kobayashi,5,1,16:14:39,28.122
2012,2,michael_schumacher,5,1,16:14:40,24.831
2012,2,bruno_senna,7,2,16:20:17,26.269
2012,2,button,13,2,17:26:27,25.922
2012,2,rosberg,13,2,17:26:30,25.199
2012,2,raikkonen,13,2,17:26:32,24.927
2012,2,kobayashi,13,2,17:26:34,26.255
2012,2,rosa,13,1,17:26:36,15.684
2012,2,petrov,13,2,17:26:37,29.359
2012,2,glock,13,2,17:26:37,25.660
2012,2,bruno_senna,13,3,17:26:38,24.980
2012,2,hamilton,14,2,17:28:30,27.961
2012,2,alonso,14,2,17:28:34,22.864
2012,2,webber,14,2,17:28:36,26.337
2012,2,massa,14,2,17:28:39,24.420
2012,2,resta,14,2,17:28:42,22.856
2012,2,maldonado,14,2,17:28:42,21.621
2012,2,michael_schumacher,14,2,17:28:43,24.094
2012,2,ricciardo,14,2,17:28:45,24.539
2012,2,kovalainen,14,2,17:28:46,25.130
2012,2,perez,15,2,17:30:37,24.520
2012,2,vettel,15,2,17:30:43,24.057
2012,2,vergne,15,1,17:30:48,24.216
2012,2,hulkenberg,15,2,17:30:50,23.549
2012,2,pic,15,2,17:31:03,36.542
2012,2,karthikeyan,15,1,17:31:07,36.876
2012,2,button,15,3,17:31:07,36.517
2012,2,maldonado,15,3,17:31:11,23.974
2012,2,rosa,16,2,17:33:35,38.887
2012,2,kovalainen,23,3,17:48:07,34.109
2012,2,button,24,4,17:50:04,23.509
2012,2,ricciardo,25,3,17:51:55,22.610
2012,2,rosberg,26,3,17:53:46,23.050
2012,2,massa,27,3,17:55:53,23.130
2012,2,ricciardo,37,4,18:16:06,23.648
2012,2,karthikeyan,37,2,18:18:02,27.700
2012,2,massa,38,4,18:18:08,26.934
2012,2,kovalainen,38,4,18:18:52,23.782
2012,2,webber,39,3,18:19:05,23.195
2012,2,resta,39,3,18:19:15,22.175
2012,2,bruno_senna,39,4,18:19:18,23.824
2012,2,michael_schumacher,39,3,18:19:33,22.163
2012,2,maldonado,39,4,18:19:34,23.409
2012,2,rosberg,39,4,18:19:47,23.231
2012,2,button,39,5,18:19:49,23.477
2012,2,petrov,39,3,18:20:00,30.335
2012,2,glock,39,3,18:20:20,25.390
2012,2,alonso,40,3,18:20:25,22.534
2012,2,pic,39,3,18:20:48,32.224
2012,2,vettel,40,3,18:20:50,22.998
2012,2,raikkonen,40,3,18:20:58,25.041
2012,2,vergne,40,2,18:21:12,23.343
2012,2,hulkenberg,40,3,18:21:13,23.358
2012,2,kobayashi,40,3,18:21:24,23.662
2012,2,rosa,39,3,18:22:06,28.483
2012,2,perez,41,3,18:22:19,24.543
2012,2,hamilton,41,3,18:22:31,26.338
2012,2,vettel,47,4,18:33:40,25.884
2012,3,webber,6,1,15:14:20,20.474
2012,3,kobayashi,9,1,15:19:30,21.551
2012,3,vettel,9,1,15:19:39,21.449
2012,3,hulkenberg,9,1,15:19:47,32.407
2012,3,raikkonen,10,1,15:21:12,21.433
2012,3,hamilton,10,1,15:21:13,20.903
2012,3,petrov,10,1,15:21:40,21.851
2012,3,button,11,1,15:22:56,20.563
2012,3,grosjean,11,1,15:23:04,21.184
2012,3,resta,11,1,15:23:08,20.387
2012,3,maldonado,11,1,15:23:09,21.569
2012,3,vergne,11,1,15:23:22,22.835
2012,3,michael_schumacher,12,1,15:24:39,21.746
2012,3,alonso,12,1,15:24:44,20.296
2012,3,bruno_senna,12,1,15:24:49,21.184
2012,3,kovalainen,12,1,15:25:06,22.713
2012,3,rosberg,13,1,15:26:17,21.113
2012,3,perez,16,1,15:31:38,23.009
2012,3,karthikeyan,16,1,15:32:47,24.937
2012,3,ricciardo,17,1,15:33:56,21.884
2012,3,rosa,17,1,15:34:24,23.634
2012,3,massa,18,1,15:35:14,20.250
2012,3,glock,18,1,15:35:58,21.327
2012,3,pic,19,1,15:37:45,22.306
2012,3,webber,21,2,15:40:30,20.377
2012,3,hamilton,22,2,15:42:10,20.691
2012,3,button,24,2,15:45:32,20.474
2012,3,kobayashi,25,2,15:47:30,21.012
2012,3,alonso,27,2,15:50:50,20.136
2012,3,raikkonen,28,2,15:52:32,21.494
2012,3,vergne,28,2,15:53:07,23.623
2012,3,kovalainen,28,2,15:53:24,22.606
2012,3,bruno_senna,29,2,15:54:32,21.323
2012,3,petrov,29,2,15:55:09,22.007
2012,3,hulkenberg,30,2,15:56:37,21.027
2012,3,kovalainen,29,3,15:57:39,37.748
2012,3,vettel,31,2,15:57:50,21.146
2012,3,grosjean,32,2,15:59:28,25.835
2012,3,rosa,31,2,15:59:35,23.488
2012,3,resta,32,2,15:59:44,21.006
2012,3,maldonado,33,2,16:01:26,21.229
2012,3,ricciardo,33,2,16:01:52,22.318
2012,3,karthikeyan,32,2,16:01:55,23.151
2012,3,rosberg,34,2,16:02:40,20.645
2012,3,webber,34,3,16:03:03,20.471
2012,3,perez,35,2,16:04:47,22.565
2012,3,glock,36,2,16:07:41,21.515
2012,3,pic,37,2,16:09:27,23.579
2012,3,hamilton,38,3,16:09:51,20.177
2012,3,alonso,38,3,16:09:52,20.024
2012,3,kobayashi,38,3,16:10:03,21.795
2012,3,button,39,3,16:11:21,26.618
2012,3,massa,41,2,16:15:10,20.051
2012,3,vergne,41,3,16:15:32,22.531
2012,3,pic,48,3,16:28:45,13.981
2012,4,kovalainen,1,1,15:05:40,25.047
2012,4,ricciardo,7,1,15:15:42,25.829
2012,4,button,8,1,15:17:12,23.016
2012,4,massa,8,1,15:17:14,23.557
2012,4,rosberg,8,1,15:17:15,22.228
2012,4,hamilton,9,1,15:18:49,28.341
2012,4,webber,9,1,15:18:50,22.236
2012,4,alonso,9,1,15:18:53,22.094
2012,4,perez,9,1,15:19:00,23.408
2012,4,bruno_senna,9,1,15:19:03,23.405
2012,4,michael_schumacher,9,1,15:19:05,21.979
2012,4,hulkenberg,9,1,15:19:08,22.413
2012,4,rosa,9,1,15:19:27,24.241
2012,4,grosjean,10,1,15:20:26,23.246
2012,4,vergne,10,1,15:20:50,22.763
2012,4,petrov,10,1,15:20:55,23.411
2012,4,glock,10,1,15:21:10,23.423
2012,4,karthikeyan,10,1,15:21:21,25.896
2012,4,vettel,11,1,15:22:02,22.017
2012,4,raikkonen,11,1,15:22:13,22.412
2012,4,maldonado,11,1,15:22:27,22.868
2012,4,pic,12,1,15:24:32,24.020
2012,4,kovalainen,13,2,15:26:27,23.323
2012,4,resta,14,1,15:27:28,22.069
2012,4,kobayashi,14,1,15:27:35,22.758
2012,4,hulkenberg,19,2,15:36:18,22.446
2012,4,perez,21,2,15:39:34,23.428
2012,4,karthikeyan,21,2,15:40:50,25.204
2012,4,button,22,2,15:41:03,22.270
2012,4,rosberg,22,2,15:41:09,22.903
2012,4,massa,22,2,15:41:13,21.963
2012,4,rosa,22,2,15:42:24,23.420
2012,4,webber,23,2,15:42:40,22.649
2012,4,hamilton,23,2,15:42:46,30.622
2012,4,alonso,23,2,15:42:48,23.449
2012,4,maldonado,23,2,15:42:55,22.330
2012,4,michael_schumacher,23,2,15:43:00,22.105
2012,4,petrov,23,2,15:43:18,23.421
2012,4,ricciardo,23,2,15:43:21,22.295
2012,4,glock,23,2,15:43:55,29.648
2012,4,raikkonen,24,2,15:44:08,22.362
2012,4,bruno_senna,24,2,15:44:50,22.310
2012,4,vettel,25,2,15:45:43,22.717
2012,4,grosjean,25,2,15:45:51,22.896
2012,4,vergne,25,2,15:46:40,23.353
2012,4,kovalainen,25,3,15:47:05,23.639
2012,4,kobayashi,31,2,15:56:31,25.590
2012,4,resta,33,2,15:59:46,22.483
2012,4,karthikeyan,32,3,16:00:15,26.417
2012,4,rosberg,36,3,16:04:47,21.888
2012,4,hamilton,36,3,16:04:54,23.696
2012,4,hulkenberg,36,3,16:05:05,22.560
2012,4,button,37,3,16:06:26,22.616
2012,4,alonso,37,3,16:06:29,23.207
2012,4,perez,37,3,16:06:37,22.924
2012,4,michael_schumacher,37,3,16:06:38,22.192
2012,4,massa,38,3,16:08:13,21.938
2012,4,bruno_senna,38,3,16:08:29,22.796
2012,4,ricciardo,38,3,16:08:50,22.495
2012,4,kovalainen,38,4,16:09:08,23.173
2012,4,vettel,39,3,16:09:10,21.800
2012,4,raikkonen,39,3,16:09:12,22.597
2012,4,webber,39,3,16:09:31,21.705
2012,4,glock,38,3,16:10:20,22.933
2012,4,petrov,39,3,16:10:35,23.167
2012,4,rosa,38,3,16:10:38,24.520
2012,4,grosjean,40,3,16:10:56,22.763
2012,4,vergne,40,3,16:12:03,22.241
2012,4,karthikeyan,45,4,16:22:48,24.317
2012,4,kobayashi,50,3,16:28:31,24.674
2012,4,button,53,4,16:33:05,23.943
2012,5,perez,1,1,14:05:24,21.864
2012,5,webber,6,1,14:12:45,20.119
2012,5,vettel,7,1,14:14:11,19.745
2012,5,kobayashi,8,1,14:15:44,22.260
2012,5,rosberg,9,1,14:17:10,20.502
2012,5,button,9,1,14:17:14,20.333
2012,5,resta,9,1,14:17:22,19.987
2012,5,alonso,10,1,14:18:30,19.456
2012,5,grosjean,10,1,14:18:42,20.223
2012,5,michael_schumacher,10,1,14:18:44,20.113
2012,5,vergne,10,1,14:18:52,20.388
2012,5,massa,10,1,14:18:53,20.130
2012,5,hulkenberg,10,1,14:18:56,20.521
2012,5,petrov,10,1,14:19:03,24.856
2012,5,rosa,10,1,14:19:19,22.275
2012,5,maldonado,11,1,14:20:01,20.620
2012,5,raikkonen,11,1,14:20:05,19.777
2012,5,ricciardo,11,1,14:20:29,21.101
2012,5,karthikeyan,11,1,14:20:59,21.518
2012,5,kovalainen,13,1,14:23:37,21.290
2012,5,hamilton,14,1,14:24:59,21.963
2012,5,glock,14,1,14:25:27,21.082
2012,5,pic,15,1,14:27:06,20.936
2012,5,webber,17,2,14:29:54,24.864
2012,5,perez,17,2,14:30:09,21.055
2012,5,hulkenberg,19,2,14:32:55,20.558
2012,5,rosa,19,2,14:33:43,22.135
2012,5,rosberg,22,2,14:37:13,20.059
2012,5,karthikeyan,22,2,14:38:37,22.515
2012,5,resta,23,2,14:38:57,21.680
2012,5,vergne,23,2,14:38:58,22.645
2012,5,maldonado,24,2,14:39:46,20.218
2012,5,button,25,2,14:41:49,21.061
2012,5,ricciardo,25,2,14:42:02,20.114
2012,5,alonso,26,2,14:42:46,20.028
2012,5,grosjean,26,2,14:43:10,21.215
2012,5,kobayashi,26,2,14:43:23,20.381
2012,5,glock,26,2,14:44:13,20.902
2012,5,raikkonen,27,2,14:44:27,21.301
2012,5,vettel,27,2,14:44:46,19.624
2012,5,kovalainen,27,2,14:45:19,22.566
2012,5,pic,27,2,14:45:53,21.338
2012,5,massa,28,2,14:46:33,13.259
2012,5,petrov,28,2,14:47:06,23.072
2012,5,massa,29,3,14:48:17,19.699
2012,5,vettel,30,3,14:49:35,13.335
2012,5,hamilton,35,2,14:57:08,19.980
2012,5,rosa,35,3,14:59:17,21.543
2012,5,perez,37,3,15:00:35,28.531
2012,5,button,38,3,15:01:44,19.888
2012,5,hulkenberg,39,3,15:03:27,20.515
2012,5,ricciardo,39,3,15:03:31,20.059
2012,5,rosberg,40,3,15:04:39,20.197
2012,5,webber,40,3,15:05:00,20.129
2012,5,vergne,40,3,15:05:04,20.460
2012,5,maldonado,41,3,15:05:16,22.829
2012,5,kobayashi,41,3,15:06:09,21.311
2012,5,vettel,42,4,15:07:43,26.143
2012,5,resta,42,3,15:08:07,19.867
2012,5,alonso,44,3,15:09:47,20.105
2012,5,kovalainen,43,3,15:10:04,21.275
2012,5,petrov,44,3,15:11:45,21.817
2012,5,massa,45,4,15:12:32,22.645
2012,5,raikkonen,48,3,15:16:02,20.073
2012,5,glock,47,3,15:16:42,20.669
2012,5,grosjean,51,3,15:20:41,21.035
2012,5,rosa,51,4,15:24:24,21.471
2012,6,kobayashi,1,1,14:04:47,28.390
2012,6,petrov,3,1,14:08:18,39.391
2012,6,vergne,17,1,14:27:24,26.063
2012,6,rosberg,27,1,14:40:15,24.874
2012,6,webber,29,1,14:42:54,25.566
2012,6,hamilton,29,1,14:43:03,25.748
2012,6,raikkonen,29,1,14:43:28,26.380
2012,6,hulkenberg,29,1,14:43:29,26.447
2012,6,bruno_senna,29,1,14:43:29,26.410
2012,6,karthikeyan,29,1,14:44:09,27.306
2012,6,alonso,30,1,14:44:22,25.220
2012,6,kovalainen,30,1,14:44:53,26.066
2012,6,glock,30,1,14:45:01,25.567
2012,6,massa,31,1,14:45:47,24.993
2012,6,pic,33,1,14:49:17,27.186
2012,6,michael_schumacher,34,1,14:50:07,25.117
2012,6,perez,34,1,14:50:36,25.666
2012,6,resta,35,1,14:51:32,25.642
2012,6,button,38,1,14:55:43,25.219
2012,6,perez,39,2,14:57:38,19.677
2012,6,ricciardo,40,1,14:58:28,25.335
2012,6,vettel,46,1,15:05:40,25.079
2012,6,glock,54,2,15:17:48,36.503
2012,6,vergne,70,2,15:38:55,26.157
2012,6,kovalainen,73,2,15:43:52,31.293
2012,6,karthikeyan,74,2,15:46:48,26.973
2012,7,massa,12,1,14:19:28,21.128
2012,7,resta,13,1,14:20:45,21.489
2012,7,michael_schumacher,13,1,14:20:47,21.807
2012,7,button,15,1,14:23:32,21.748
2012,7,vettel,16,1,14:24:31,21.639
2012,7,vergne,16,1,14:24:55,22.278
2012,7,hamilton,17,1,14:25:51,21.375
2012,7,webber,17,1,14:25:59,21.199
2012,7,ricciardo,17,1,14:26:17,21.689
2012,7,kovalainen,17,1,14:26:32,21.733
2012,7,petrov,18,1,14:27:54,21.888
2012,7,alonso,19,1,14:28:31,21.133
2012,7,rosberg,19,1,14:28:43,21.222
2012,7,grosjean,21,1,14:31:23,21.830
2012,7,hulkenberg,21,1,14:31:32,24.583
2012,7,bruno_senna,23,1,14:34:41,22.781
2012,7,kobayashi,24,1,14:35:30,21.453
2012,7,glock,24,1,14:36:31,25.520
2012,7,pic,28,1,14:41:55,23.291
2012,7,maldonado,29,1,14:42:22,22.704
2012,7,button,33,2,14:47:50,21.845
2012,7,rosberg,38,2,14:53:57,21.179
2012,7,raikkonen,40,1,14:56:32,21.534
2012,7,perez,41,1,14:57:52,21.407
2012,7,hulkenberg,42,2,14:59:35,23.660
2012,7,kovalainen,42,2,15:00:15,21.704
2012,7,michael_schumacher,43,2,15:00:53,22.524
2012,7,vergne,43,2,15:01:05,23.163
2012,7,petrov,43,2,15:01:38,21.403
2012,7,resta,44,2,15:02:08,21.734
2012,7,vergne,47,3,15:06:41,14.641
2012,7,hamilton,50,2,15:09:20,22.530
2012,7,webber,52,2,15:12:15,21.254
2012,7,button,52,3,15:13:15,21.363
2012,7,massa,58,2,15:20:18,21.115
2012,7,ricciardo,58,2,15:20:40,21.558
2012,7,vettel,63,2,15:26:26,22.428
2012,8,button,10,1,14:21:23,20.246
2012,8,perez,10,1,14:21:27,21.032
2012,8,massa,11,1,14:23:08,20.498
2012,8,pic,11,1,14:23:43,31.636
2012,8,kovalainen,12,1,14:25:12,21.040
2012,8,hamilton,13,1,14:26:30,19.355
2012,8,petrov,13,1,14:26:58,20.726
2012,8,kobayashi,14,1,14:28:20,23.071
2012,8,raikkonen,14,1,14:28:21,21.879
2012,8,maldonado,14,1,14:28:23,21.342
2012,8,hulkenberg,14,1,14:28:26,21.198
2012,8,ricciardo,14,1,14:28:38,21.209
2012,8,rosa,14,1,14:29:09,23.127
2012,8,alonso,15,1,14:30:09,19.789
2012,8,karthikeyan,15,1,14:31:07,22.930
2012,8,vettel,16,1,14:31:32,20.357
2012,8,grosjean,16,1,14:31:48,20.479
2012,8,vergne,17,1,14:34:17,21.303
2012,8,michael_schumacher,19,1,14:37:38,20.477
2012,8,webber,19,1,14:37:40,20.246
2012,8,rosberg,20,1,14:39:17,20.625
2012,8,kobayashi,20,2,14:39:29,25.719
2012,8,bruno_senna,20,1,14:40:14,28.440
2012,8,resta,23,1,14:44:48,20.295
2012,8,bruno_senna,24,2,14:47:48,14.659
2012,8,perez,25,2,14:48:26,20.904
2012,8,petrov,25,2,14:48:42,21.224
2012,8,button,26,2,14:50:09,19.640
2012,8,massa,27,2,14:51:54,20.126
2012,8,kovalainen,27,2,14:53:03,24.445
2012,8,grosjean,28,2,14:53:16,23.183
2012,8,hamilton,28,2,14:53:30,31.081
2012,8,alonso,28,2,14:53:33,20.718
2012,8,raikkonen,28,2,14:53:38,21.103
2012,8,maldonado,28,2,14:53:44,21.525
2012,8,hulkenberg,28,2,14:53:50,20.332
2012,8,petrov,28,3,14:54:43,21.407
2012,8,vettel,29,2,14:55:02,20.023
2012,8,rosa,28,2,14:55:13,23.125
2012,8,pic,28,2,14:55:13,22.838
2012,8,karthikeyan,29,2,14:57:51,26.370
2012,8,massa,34,3,15:07:46,39.041
2012,8,ricciardo,37,2,15:12:44,22.597
2012,8,webber,38,2,15:14:32,20.222
2012,8,karthikeyan,39,3,15:16:58,14.780
2012,8,michael_schumacher,41,2,15:19:40,20.041
2012,8,rosberg,46,2,15:28:36,20.115
2012,8,petrov,47,4,15:30:40,30.800
2012,8,massa,53,4,15:41:54,20.476
2012,9,resta,1,1,13:05:45,32.790
2012,9,grosjean,2,1,13:06:42,34.201
2012,9,vettel,10,1,13:19:58,25.829
2012,9,maldonado,11,1,13:21:39,25.630
2012,9,perez,11,1,13:21:41,25.192
2012,9,michael_schumacher,12,1,13:23:17,25.938
2012,9,kovalainen,12,1,13:23:46,26.196
2012,9,maldonado,12,2,13:24:16,33.068
2012,9,massa,13,1,13:24:56,25.325
2012,9,raikkonen,13,1,13:24:58,25.581
2012,9,pic,13,1,13:25:46,26.313
2012,9,webber,14,1,13:26:30,25.854
2012,9,bruno_senna,14,1,13:26:49,25.983
2012,9,vergne,14,1,13:26:57,26.489
2012,9,alonso,15,1,13:28:03,25.372
2012,9,rosberg,15,1,13:28:30,25.189
2012,9,kobayashi,16,1,13:30:03,26.845
2012,9,hulkenberg,16,1,13:30:05,26.060
2012,9,button,16,1,13:30:09,25.138
2012,9,ricciardo,16,1,13:30:14,25.626
2012,9,karthikeyan,16,1,13:30:53,29.908
2012,9,glock,18,1,13:34:02,26.165
2012,9,hamilton,21,1,13:38:11,24.498
2012,9,grosjean,26,2,13:46:39,25.388
2012,9,rosa,27,1,13:49:37,27.715
2012,9,hamilton,28,2,13:49:52,25.003
2012,9,ricciardo,29,2,13:51:50,25.613
2012,9,kovalainen,29,2,13:52:21,26.434
2012,9,bruno_senna,30,2,13:53:19,26.573
2012,9,vettel,31,2,13:54:33,25.319
2012,9,button,31,2,13:55:02,24.762
2012,9,vergne,32,2,13:56:46,26.200
2012,9,webber,33,2,13:57:42,25.179
2012,9,pic,32,2,13:58:04,26.164
2012,9,raikkonen,34,2,13:59:31,25.871
2012,9,michael_schumacher,34,2,13:59:45,25.552
2012,9,massa,35,2,14:01:05,25.110
2012,9,hulkenberg,35,2,14:01:25,25.444
2012,9,karthikeyan,35,2,14:03:37,27.944
2012,9,alonso,37,2,14:04:03,24.998
2012,9,kobayashi,37,2,14:04:36,39.208
2012,9,rosberg,37,2,14:04:48,33.529
2012,9,glock,38,2,14:07:52,25.241
2012,10,massa,1,1,14:04:39,23.049
2012,10,bruno_senna,1,1,14:04:53,47.942
2012,10,grosjean,1,1,14:04:56,32.766
2012,10,hamilton,3,1,14:07:52,21.012
2012,10,vergne,6,1,14:11:33,18.901
2012,10,resta,10,1,14:17:02,17.899
2012,10,raikkonen,11,1,14:18:20,18.002
2012,10,hulkenberg,12,1,14:19:41,18.442
2012,10,webber,12,1,14:19:43,18.253
2012,10,rosberg,12,1,14:19:51,18.395
2012,10,maldonado,13,1,14:21:05,19.646
2012,10,kovalainen,13,1,14:21:24,19.385
2012,10,michael_schumacher,14,1,14:22:25,18.497
2012,10,petrov,14,1,14:22:47,19.802
2012,10,perez,17,1,14:26:37,18.143
2012,10,alonso,18,1,14:27:43,17.570
2012,10,button,19,1,14:29:13,17.867
2012,10,ricciardo,19,1,14:29:34,18.374
2012,10,glock,19,1,14:30:15,21.399
2012,10,vettel,20,1,14:30:30,17.512
2012,10,rosa,20,1,14:31:43,19.850
2012,10,pic,21,1,14:32:56,17.821
2012,10,kobayashi,22,1,14:33:31,18.904
2012,10,karthikeyan,22,1,14:34:43,19.535
2012,10,massa,24,2,14:36:49,19.137
2012,10,grosjean,24,2,14:37:20,20.388
2012,10,bruno_senna,25,2,14:38:46,18.822
2012,10,vergne,27,2,14:40:49,18.425
2012,10,hulkenberg,31,2,14:46:05,18.286
2012,10,kovalainen,31,2,14:46:32,18.801
2012,10,hamilton,31,2,14:46:44,17.598
2012,10,rosberg,32,2,14:47:31,17.894
2012,10,petrov,32,2,14:47:59,18.323
2012,10,michael_schumacher,36,2,14:52:44,17.928
2012,10,raikkonen,38,2,14:55:22,17.735
2012,10,maldonado,38,2,14:55:56,19.210
2012,10,ricciardo,38,2,14:55:57,17.990
2012,10,resta,39,2,14:57:08,17.968
2012,10,button,40,2,14:57:48,16.831
2012,10,perez,40,2,14:58:14,18.199
2012,10,webber,40,2,14:58:22,17.290
2012,10,alonso,41,2,14:59:05,17.942
2012,10,vettel,41,2,14:59:07,17.859
2012,10,glock,40,2,15:00:18,18.952
2012,10,grosjean,42,3,15:02:09,22.743
2012,10,kobayashi,43,2,15:02:13,19.177
2012,10,pic,43,2,15:03:49,19.391
2012,10,kovalainen,44,3,15:04:41,19.233
2012,10,vergne,45,3,15:05:35,19.949
2012,10,hulkenberg,46,3,15:06:33,18.365
2012,10,rosa,45,2,15:07:26,20.664
2012,10,massa,47,3,15:08:15,19.680
2012,10,hamilton,47,3,15:08:33,18.877
2012,10,karthikeyan,46,2,15:08:59,19.382
2012,10,bruno_senna,47,3,15:09:01,18.313
2012,10,rosberg,50,3,15:11:59,18.741
2012,10,petrov,50,3,15:12:58,18.354
2012,10,michael_schumacher,52,3,15:14:25,18.163
2012,10,kovalainen,53,4,15:17:23,28.988
2012,10,maldonado,57,3,15:22:00,18.085
2012,11,michael_schumacher,1,1,14:08:08,21.336
2012,11,michael_schumacher,4,2,14:12:58,13.199
2012,11,kobayashi,8,1,14:18:40,20.234
2012,11,vergne,12,1,14:24:37,20.363
2012,11,ricciardo,14,1,14:27:32,20.510
2012,11,button,15,1,14:28:38,19.408
2012,11,hulkenberg,15,1,14:28:52,20.736
2012,11,maldonado,15,1,14:28:54,20.304
2012,11,bruno_senna,16,1,14:30:15,20.213
2012,11,rosberg,16,1,14:30:21,20.352
2012,11,resta,16,1,14:30:26,20.460
2012,11,vettel,17,1,14:31:35,19.380
2012,11,alonso,17,1,14:31:38,19.669
2012,11,kovalainen,17,1,14:32:09,20.780
2012,11,hamilton,18,1,14:32:53,20.436
2012,11,massa,18,1,14:33:17,19.981
2012,11,petrov,18,1,14:33:47,21.070
2012,11,karthikeyan,18,1,14:34:22,21.259
2012,11,grosjean,19,1,14:34:22,22.151
2012,11,glock,18,1,14:34:25,21.337
2012,11,raikkonen,20,1,14:36:01,20.087
2012,11,webber,20,1,14:36:05,19.611
2012,11,pic,20,1,14:36:59,20.915
2012,11,perez,21,1,14:37:57,20.320
2012,11,rosa,22,1,14:40:27,22.332
2012,11,vergne,30,2,14:51:44,19.858
2012,11,michael_schumacher,32,3,14:54:51,20.503
2012,11,button,34,2,14:56:39,19.083
2012,11,ricciardo,34,2,14:57:29,19.630
2012,11,petrov,35,2,14:59:27,20.592
2012,11,kovalainen,36,2,15:00:48,21.855
2012,11,vettel,38,2,15:02:27,19.331
2012,11,resta,38,2,15:03:06,20.352
2012,11,grosjean,39,2,15:03:52,20.231
2012,11,webber,39,2,15:04:09,19.175
2012,11,hulkenberg,39,2,15:04:31,20.607
2012,11,hamilton,40,2,15:05:18,19.059
2012,11,pic,39,2,15:05:50,21.378
2012,11,rosberg,40,2,15:05:53,20.632
2012,11,kobayashi,40,2,15:06:36,20.065
2012,11,karthikeyan,39,2,15:07:06,22.031
2012,11,maldonado,41,2,15:07:28,19.755
2012,11,glock,40,2,15:08:28,20.383
2012,11,bruno_senna,42,2,15:08:36,20.604
2012,11,rosa,41,2,15:10:00,21.877
2012,11,alonso,43,2,15:10:01,19.365
2012,11,massa,43,2,15:10:12,19.917
2012,11,raikkonen,45,2,15:12:35,19.772
2012,11,button,45,3,15:12:56,20.355
2012,11,vergne,46,3,15:15:27,19.644
2012,11,perez,47,2,15:16:34,20.216
2012,11,ricciardo,47,3,15:16:46,20.027
2012,11,petrov,51,3,15:23:46,20.515
2012,11,maldonado,52,3,15:23:48,13.206
2012,11,webber,55,3,15:27:30,19.386
2012,11,kovalainen,56,3,15:30:55,20.567
2012,11,vettel,58,3,15:31:43,18.964
2012,11,vergne,64,4,15:42:01,19.600
2012,12,rosa,1,1,14:06:31,29.107
2012,12,kobayashi,1,1,14:06:35,27.248
2012,12,maldonado,1,1,14:06:36,21.842
2012,12,kobayashi,7,2,14:21:42,21.669
2012,12,resta,10,1,14:27:27,21.402
2012,12,raikkonen,11,1,14:29:22,20.383
2012,12,webber,11,1,14:29:28,20.908
2012,12,glock,11,1,14:29:54,22.463
2012,12,ricciardo,12,1,14:31:21,20.287
2012,12,massa,12,1,14:31:26,20.306
2012,12,petrov,12,1,14:31:42,25.972
2012,12,hulkenberg,13,1,14:33:14,22.152
2012,12,kovalainen,14,1,14:35:49,52.206
2012,12,karthikeyan,14,1,14:35:55,23.953
2012,12,vergne,15,1,14:37:19,20.660
2012,12,rosa,15,2,14:38:00,25.027
2012,12,bruno_senna,16,1,14:39:19,21.690
2012,12,pic,18,1,14:44:03,21.611
2012,12,michael_schumacher,19,1,14:45:02,21.664
2012,12,button,20,1,14:46:43,19.668
2012,12,rosberg,20,1,14:47:24,21.062
2012,12,vettel,21,1,14:48:56,20.811
2012,12,kobayashi,24,3,14:55:27,22.106
2012,12,glock,25,2,14:58:05,20.660
2012,12,resta,26,2,14:59:07,21.115
2012,12,petrov,26,2,14:59:52,21.180
2012,12,hulkenberg,27,2,15:00:38,20.696
2012,12,webber,27,2,15:00:39,20.385
2012,12,massa,27,2,15:00:45,21.049
2012,12,rosa,27,3,15:02:18,22.064
2012,12,kovalainen,27,2,15:02:21,21.931
2012,12,raikkonen,28,2,15:02:30,20.289
2012,12,ricciardo,28,2,15:02:51,21.060
2012,12,karthikeyan,28,2,15:04:17,22.523
2012,12,vergne,29,2,15:04:49,21.077
2012,12,michael_schumacher,35,2,15:16:18,20.835
2012,12,rosberg,36,2,15:18:36,20.534
2012,12,bruno_senna,39,2,15:24:25,22.030
2012,13,glock,7,1,14:14:33,28.747
2012,13,maldonado,13,1,14:23:38,22.970
2012,13,rosberg,14,1,14:25:03,22.346
2012,13,michael_schumacher,15,1,14:26:24,22.247
2012,13,raikkonen,17,1,14:29:28,21.730
2012,13,kovalainen,17,1,14:29:51,22.737
2012,13,pic,18,1,14:31:32,24.039
2012,13,massa,19,1,14:32:19,22.161
2012,13,petrov,19,1,14:32:59,22.182
2012,13,vettel,20,1,14:33:51,22.303
2012,13,alonso,20,1,14:33:52,21.515
2012,13,kobayashi,20,1,14:34:08,22.874
2012,13,webber,21,1,14:35:36,21.556
2012,13,resta,21,1,14:35:39,22.190
2012,13,button,22,1,14:36:49,23.375
2012,13,rosa,22,1,14:38:04,23.488
2012,13,hamilton,23,1,14:38:13,20.736
2012,13,karthikeyan,23,1,14:39:30,31.745
2012,13,ricciardo,24,1,14:40:19,21.720
2012,13,bruno_senna,24,1,14:40:20,22.985
2012,13,hulkenberg,27,1,14:44:55,22.746
2012,13,ambrosio,27,1,14:45:12,21.962
2012,13,perez,29,1,14:47:32,22.472
2012,13,glock,32,2,14:53:27,22.581
2012,13,vettel,34,2,14:55:13,15.008
2012,13,maldonado,35,2,14:57:05,21.814
2012,13,pic,35,2,14:57:49,22.046
2012,13,michael_schumacher,37,2,14:59:46,22.310
2012,13,rosberg,38,2,15:01:21,21.854
2012,13,kovalainen,39,2,15:03:38,21.910
2012,13,petrov,40,2,15:05:10,22.811
2012,14,petrov,1,1,20:06:04,36.148
2012,14,massa,1,1,20:06:31,31.958
2012,14,webber,8,1,20:19:35,29.333
2012,14,vettel,10,1,20:23:17,29.117
2012,14,bruno_senna,10,1,20:23:50,30.317
2012,14,alonso,11,1,20:25:22,29.557
2012,14,michael_schumacher,11,1,20:25:39,30.879
2012,14,ricciardo,11,1,20:25:50,30.992
2012,14,hamilton,12,1,20:27:09,29.124
2012,14,resta,12,1,20:27:23,31.026
2012,14,rosberg,12,1,20:27:30,29.546
2012,14,vergne,12,1,20:27:44,30.499
2012,14,kovalainen,12,1,20:27:55,30.440
2012,14,maldonado,13,1,20:29:11,30.234
2012,14,raikkonen,13,1,20:29:37,29.669
2012,14,glock,13,1,20:30:01,30.977
2012,14,button,14,1,20:31:06,30.019
2012,14,grosjean,14,1,20:31:24,32.080
2012,14,kobayashi,14,1,20:31:56,30.693
2012,14,pic,16,1,20:36:09,30.647
2012,14,hulkenberg,18,1,20:39:33,30.363
2012,14,perez,18,1,20:39:37,30.043
2012,14,rosa,18,1,20:40:26,33.042
2012,14,petrov,18,2,20:40:30,30.341
2012,14,massa,19,2,20:42:14,29.403
2012,14,karthikeyan,19,1,20:42:28,32.436
2012,14,vergne,24,2,20:51:30,29.898
2012,14,bruno_senna,25,2,20:53:24,30.828
2012,14,glock,25,2,20:54:19,32.015
2012,14,kovalainen,26,2,20:55:51,30.099
2012,14,webber,28,2,20:58:56,29.304
2012,14,maldonado,29,2,21:00:34,30.540
2012,14,alonso,29,2,21:00:36,29.190
2012,14,kobayashi,30,2,21:03:49,30.842
2012,14,petrov,30,3,21:04:39,30.405
2012,14,rosa,30,2,21:05:01,32.625
2012,14,ricciardo,31,2,21:05:16,29.789
2012,14,raikkonen,32,2,21:07:02,29.370
2012,14,vettel,33,2,21:08:19,31.137
2012,14,button,33,2,21:08:25,29.662
2012,14,pic,32,2,21:08:32,30.834
2012,14,resta,33,2,21:08:49,30.029
2012,14,rosberg,33,2,21:09:07,29.687
2012,14,grosjean,33,2,21:09:08,31.753
2012,14,maldonado,33,3,21:09:10,30.981
2012,14,michael_schumacher,33,2,21:09:20,30.338
2012,14,bruno_senna,33,3,21:09:41,30.684
2012,14,massa,33,3,21:10:02,29.455
2012,14,webber,40,3,21:26:54,29.348
2012,14,hulkenberg,40,2,21:26:54,30.613
2012,14,perez,40,2,21:26:57,30.217
2012,14,petrov,40,4,21:27:04,41.154
2012,14,rosa,40,3,21:27:06,44.101
2012,14,kovalainen,45,3,21:38:17,30.232
2012,14,kobayashi,50,3,21:48:02,36.146
2012,14,hulkenberg,50,3,21:48:19,34.601
2012,15,grosjean,1,1,15:05:37,32.329
2012,15,bruno_senna,1,1,15:05:49,27.098
2012,15,webber,1,1,15:06:19,32.462
2012,15,grosjean,7,2,15:16:52,29.793
2012,15,button,13,1,15:26:28,20.233
2012,15,raikkonen,13,1,15:26:35,20.901
2012,15,hulkenberg,13,1,15:26:38,21.007
2012,15,resta,13,1,15:26:54,21.063
2012,15,kobayashi,14,1,15:28:06,20.783
2012,15,pic,14,1,15:29:02,21.343
2012,15,perez,15,1,15:29:58,21.273
2012,15,karthikeyan,15,1,15:30:44,23.227
2012,15,hamilton,16,1,15:31:39,21.148
2012,15,maldonado,16,1,15:31:44,21.361
2012,15,bruno_senna,16,2,15:32:04,21.538
2012,15,vettel,17,1,15:32:58,20.508
2012,15,massa,17,1,15:33:08,20.936
2012,15,ricciardo,17,1,15:33:31,21.944
2012,15,michael_schumacher,17,1,15:33:45,20.643
2012,15,rosa,17,1,15:34:08,26.287
2012,15,kovalainen,18,1,15:35:26,22.816
2012,15,vergne,18,1,15:35:28,22.528
2012,15,petrov,19,1,15:37:33,21.368
2012,15,glock,20,1,15:39:00,20.662
2012,15,bruno_senna,21,3,15:40:44,14.608
2012,15,grosjean,22,3,15:42:35,21.143
2012,15,webber,26,2,15:48:48,20.691
2012,15,raikkonen,30,2,15:55:12,21.222
2012,15,kobayashi,31,2,15:56:42,20.762
2012,15,hamilton,31,2,15:56:51,19.794
2012,15,hulkenberg,31,2,15:56:55,21.688
2012,15,pic,31,2,15:58:08,42.505
2012,15,resta,32,2,15:59:02,21.344
2012,15,maldonado,33,2,16:00:13,21.118
2012,15,ricciardo,34,2,16:02:03,21.516
2012,15,bruno_senna,34,4,16:02:29,21.520
2012,15,button,35,2,16:03:20,21.099
2012,15,vergne,35,2,16:04:02,21.431
2012,15,massa,36,2,16:04:50,20.778
2012,15,michael_schumacher,36,2,16:05:33,20.379
2012,15,vettel,37,2,16:06:11,20.346
2012,15,rosa,36,2,16:06:51,22.487
2012,15,glock,40,2,16:12:57,21.520
2012,15,kovalainen,41,2,16:14:28,22.678
2012,15,petrov,42,2,16:16:46,21.367
2012,15,petrov,48,3,16:27:04,14.250
2012,16,kobayashi,1,1,15:06:00,33.003
2012,16,kobayashi,7,2,15:17:22,13.986
2012,16,hamilton,13,1,15:26:44,19.638
2012,16,hulkenberg,13,1,15:26:59,22.125
2012,16,grosjean,13,1,15:27:00,21.681
2012,16,michael_schumacher,13,1,15:27:06,20.087
2012,16,vergne,13,1,15:27:09,20.865
2012,16,kovalainen,13,1,15:27:25,21.896
2012,16,webber,14,1,15:28:25,19.811
2012,16,massa,14,1,15:28:32,20.607
2012,16,raikkonen,14,1,15:28:33,20.211
2012,16,ricciardo,14,1,15:28:56,20.151
2012,16,bruno_senna,14,1,15:28:57,21.886
2012,16,petrov,14,1,15:29:17,22.278
2012,16,glock,14,1,15:29:19,22.334
2012,16,vettel,15,1,15:30:06,19.830
2012,16,alonso,15,1,15:30:13,19.930
2012,16,resta,15,1,15:30:41,20.805
2012,16,pic,17,1,15:35:01,21.302
2012,16,perez,18,1,15:35:58,24.408
2012,16,karthikeyan,18,1,15:37:11,22.749
2012,16,maldonado,21,1,15:41:35,21.137
2012,16,hamilton,26,2,15:50:01,20.777
2012,16,resta,28,2,15:54:05,20.218
2012,16,grosjean,31,2,15:59:00,20.935
2012,16,glock,31,2,16:00:08,20.494
2012,16,webber,32,2,16:00:11,19.616
2012,16,hulkenberg,32,2,16:00:43,20.982
2012,16,michael_schumacher,32,2,16:01:04,20.276
2012,16,bruno_senna,32,2,16:01:12,22.813
2012,16,petrov,32,2,16:01:49,21.581
2012,16,perez,33,2,16:02:54,20.767
2012,16,kovalainen,33,2,16:03:37,21.489
2012,16,alonso,34,2,16:03:41,20.090
2012,16,ricciardo,34,2,16:04:24,20.804
2012,16,vettel,35,2,16:05:18,19.801
2012,16,massa,35,2,16:05:28,20.855
2012,16,raikkonen,35,2,16:05:40,21.012
2012,16,pic,34,2,16:06:00,22.019
2012,16,vergne,38,2,16:11:27,21.188
2012,16,hamilton,42,3,16:18:28,19.447
2012,17,vergne,1,1,15:05:15,25.097
2012,17,michael_schumacher,1,1,15:05:50,25.036
2012,17,perez,14,1,15:25:19,21.336
2012,17,perez,19,2,15:33:50,24.508
2012,17,button,25,1,15:42:00,21.509
2012,17,bruno_senna,26,1,15:43:56,22.047
2012,17,karthikeyan,26,1,15:45:08,24.544
2012,17,raikkonen,27,1,15:45:09,21.404
2012,17,rosberg,27,1,15:45:26,21.490
2012,17,maldonado,27,1,15:45:28,22.003
2012,17,ricciardo,27,1,15:45:46,22.637
2012,17,massa,28,1,15:46:40,21.100
2012,17,hulkenberg,28,1,15:46:47,21.654
2012,17,resta,28,1,15:47:07,23.948
2012,17,pic,28,1,15:47:38,22.692
2012,17,alonso,29,1,15:47:52,20.800
2012,17,webber,30,1,15:49:21,20.808
2012,17,maldonado,30,2,15:50:59,28.053
2012,17,petrov,31,1,15:52:12,22.445
2012,17,glock,31,1,15:52:31,27.303
2012,17,hamilton,32,1,15:52:33,20.852
2012,17,kovalainen,32,1,15:53:40,22.967
2012,17,vettel,33,1,15:53:43,20.707
2012,17,rosa,32,1,15:54:30,23.830
2012,17,vergne,33,2,15:55:26,21.658
2012,17,michael_schumacher,33,2,15:56:04,21.322
2012,17,grosjean,36,1,15:59:04,20.976
2012,17,kobayashi,36,1,15:59:41,22.726
2012,18,rosberg,1,1,17:05:24,29.277
2012,18,grosjean,1,1,17:05:48,26.057
2012,18,resta,1,1,17:06:13,26.670
2012,18,vergne,9,1,17:20:35,20.319
2012,18,grosjean,9,2,17:21:21,21.017
2012,18,resta,9,2,17:21:58,19.829
2012,18,vettel,13,1,17:31:03,24.962
2012,18,kobayashi,25,1,17:53:36,19.529
2012,18,massa,26,1,17:55:31,19.585
2012,18,ricciardo,26,1,17:55:32,20.122
2012,18,pic,26,1,17:55:56,21.941
2012,18,michael_schumacher,27,1,17:57:17,19.701
2012,18,glock,27,1,17:57:44,19.884
2012,18,petrov,27,1,17:57:47,20.769
2012,18,alonso,28,1,17:58:45,19.368
2012,18,kovalainen,28,1,17:59:21,23.032
2012,18,rosa,28,1,17:59:46,22.272
2012,18,button,29,1,18:00:35,19.455
2012,18,maldonado,29,1,18:00:45,20.723
2012,18,perez,30,1,18:02:32,19.486
2012,18,webber,30,1,18:02:33,19.066
2012,18,raikkonen,31,1,18:03:59,20.278
2012,18,bruno_senna,32,1,18:06:19,22.587
2012,18,vergne,33,2,18:08:11,19.885
2012,18,vettel,37,2,18:15:02,19.918
2012,18,perez,38,2,18:17:35,33.431
2012,18,ricciardo,38,2,18:17:36,21.231
2012,18,resta,39,3,18:19:26,20.265
2012,18,michael_schumacher,41,2,18:24:11,21.270
2012,18,perez,44,3,18:30:24,26.858
2012,19,grosjean,9,1,13:19:50,21.190
2012,19,kobayashi,13,1,13:26:55,24.079
2012,19,michael_schumacher,14,1,13:28:39,22.263
2012,19,hulkenberg,17,1,13:33:38,22.099
2012,19,hamilton,20,1,13:38:21,20.814
2012,19,alonso,20,1,13:38:33,24.439
2012,19,bruno_senna,20,1,13:38:57,22.143
2012,19,vettel,21,1,13:40:02,20.904
2012,19,resta,21,1,13:40:40,22.498
2012,19,maldonado,21,1,13:40:43,22.342
2012,19,kovalainen,21,1,13:41:14,22.713
2012,19,glock,21,1,13:41:15,23.092
2012,19,perez,22,1,13:42:28,22.079
2012,19,petrov,23,1,13:44:41,22.762
2012,19,raikkonen,24,1,13:45:33,24.840
2012,19,rosa,24,1,13:47:04,24.798
2012,19,karthikeyan,25,1,13:48:53,24.497
2012,19,massa,26,1,13:49:03,21.520
2012,19,pic,26,1,13:50:13,22.379
2012,19,ricciardo,30,1,13:56:20,22.651
2012,19,resta,30,2,13:56:45,22.444
2012,19,rosberg,34,1,14:03:17,21.346
2012,19,button,35,1,14:04:36,21.445
2012,19,michael_schumacher,39,2,14:12:20,21.297
2012,20,raikkonen,5,1,14:10:08,21.541
2012,20,michael_schumacher,5,1,14:10:23,25.980
2012,20,kobayashi,8,1,14:14:32,27.266
2012,20,michael_schumacher,8,2,14:15:29,22.486
2012,20,rosberg,9,1,14:16:06,23.018
2012,20,ricciardo,9,1,14:16:07,22.838
2012,20,webber,9,1,14:16:09,23.127
2012,20,hamilton,10,1,14:17:17,24.410
2012,20,alonso,10,1,14:17:29,22.472
2012,20,vettel,10,1,14:17:36,20.997
2012,20,resta,10,1,14:17:37,28.336
2012,20,karthikeyan,13,1,14:22:30,27.113
2012,20,pic,13,1,14:22:37,24.427
2012,20,glock,14,1,14:23:56,23.251
2012,20,petrov,14,1,14:23:58,23.031
2012,20,rosa,14,1,14:24:13,25.787
2012,20,massa,15,1,14:25:26,22.596
2012,20,vergne,15,1,14:25:27,22.362
2012,20,kovalainen,15,1,14:25:33,23.429
2012,20,michael_schumacher,17,3,14:29:13,22.243
2012,20,hamilton,18,2,14:29:24,21.606
2012,20,alonso,18,2,14:29:41,23.000
2012,20,kobayashi,18,2,14:29:44,24.254
2012,20,rosberg,18,2,14:29:54,21.806
2012,20,resta,18,2,14:29:55,21.364
2012,20,vettel,19,2,14:31:08,22.016
2012,20,webber,19,2,14:31:16,21.232
2012,20,ricciardo,19,2,14:31:25,21.182
2012,20,raikkonen,19,2,14:31:26,22.731
2012,20,massa,19,2,14:31:32,21.680
2012,20,glock,19,2,14:31:36,21.442
2012,20,petrov,19,2,14:31:43,27.452
2012,20,kovalainen,19,2,14:31:46,38.291
2012,20,rosa,19,2,14:32:05,26.573
2012,20,vergne,20,2,14:33:06,21.302
2012,20,pic,20,2,14:33:27,22.746
2012,20,karthikeyan,20,2,14:33:37,26.739
2012,20,rosberg,20,3,14:33:42,24.262
2012,20,hulkenberg,23,1,14:35:55,21.347
2012,20,button,23,1,14:35:56,21.550
2012,20,vergne,29,3,14:48:26,25.976
2012,20,glock,31,3,14:51:14,23.544
2012,20,kovalainen,37,3,14:59:15,22.721
2012,20,rosberg,50,4,15:17:16,31.768
2012,20,rosa,50,3,15:17:24,25.375
2012,20,ricciardo,51,3,15:18:04,21.444
2012,20,karthikeyan,51,3,15:19:00,23.625
2012,20,vettel,52,3,15:19:17,21.256
2012,20,raikkonen,53,3,15:21:39,32.309
2012,20,kobayashi,54,3,15:22:32,32.823
2012,20,michael_schumacher,54,4,15:22:33,21.827
2012,20,vettel,54,4,15:22:38,28.932
2012,20,petrov,54,3,15:23:17,22.702
2012,20,massa,55,3,15:23:33,22.427
2012,20,webber,55,3,15:23:53,21.006
2012,20,pic,55,3,15:24:35,23.082
2012,20,alonso,56,3,15:25:03,21.862
2012,20,vergne,56,4,15:25:47,22.061
2012,20,rosa,55,4,15:25:57,24.510
2012,20,ricciardo,56,4,15:26:13,22.923
2012,20,button,57,2,15:26:15,21.456
2012,20,karthikeyan,55,4,15:26:24,27.480
2012,20,hulkenberg,57,2,15:26:30,22.250
2012,20,kovalainen,56,4,15:26:34,23.002
2012,20,glock,56,4,15:26:40,24.816
2012,20,resta,57,3,15:27:15,22.389
2012,20,hulkenberg,58,3,15:28:20,14.128
2012,20,kovalainen,59,5,15:31:24,21.849
2012,20,ricciardo,61,5,15:33:59,21.973
2013,1,button,4,1,17:09:54,22.282
2013,1,webber,5,1,17:11:28,24.240
2013,1,grosjean,5,1,17:11:33,22.239
2013,1,gutierrez,5,1,17:11:35,22.316
2013,1,bottas,6,1,17:13:14,23.528
2013,1,chilton,6,1,17:13:26,36.564
2013,1,vettel,7,1,17:14:25,21.807
2013,1,garde,7,1,17:15:07,24.104
2013,1,massa,8,1,17:16:00,21.754
2013,1,resta,8,1,17:16:13,23.010
2013,1,pic,8,1,17:16:47,23.394
2013,1,alonso,9,1,17:17:35,21.792
2013,1,raikkonen,9,1,17:17:36,22.709
2013,1,vergne,9,1,17:17:54,23.074
2013,1,jules_bianchi,9,1,17:18:08,23.371
2013,1,maldonado,10,1,17:19:36,23.099
2013,1,hamilton,13,1,17:23:56,22.155
2013,1,rosberg,14,1,17:25:35,22.274
2013,1,ricciardo,15,1,17:27:32,23.435
2013,1,perez,16,1,17:29:00,23.677
2013,1,garde,16,2,17:29:58,23.834
2013,1,webber,18,2,17:32:17,21.717
2013,1,grosjean,19,2,17:33:53,22.133
2013,1,chilton,19,2,17:34:48,30.838
2013,1,alonso,20,2,17:35:01,21.606
2013,1,button,20,2,17:35:24,23.571
2013,1,sutil,21,1,17:36:31,22.693
2013,1,vettel,21,2,17:36:32,22.704
2013,1,massa,23,2,17:39:40,21.511
2013,1,perez,23,2,17:40:25,22.004
2013,1,vergne,24,2,17:41:44,24.688
2013,1,bottas,24,2,17:42:08,23.215
2013,1,gutierrez,27,2,17:46:47,22.315
2013,1,jules_bianchi,27,2,17:47:07,23.387
2013,1,ricciardo,30,2,17:51:27,24.177
2013,1,hamilton,31,2,17:52:21,22.015
2013,1,resta,33,2,17:55:48,23.051
2013,1,raikkonen,34,2,17:56:41,22.181
2013,1,pic,33,2,17:57:12,23.509
2013,1,garde,34,3,17:59:22,23.917
2013,1,chilton,34,3,17:59:26,22.948
2013,1,massa,36,3,18:00:04,21.509
2013,1,vettel,37,3,18:01:32,21.596
2013,1,button,37,3,18:02:18,21.538
2013,1,grosjean,37,3,18:02:19,22.534
2013,1,webber,38,3,18:03:34,21.515
2013,1,alonso,39,3,18:04:29,21.704
2013,1,bottas,40,3,18:07:27,24.060
2013,1,perez,41,3,18:08:37,21.705
2013,1,hamilton,42,3,18:09:35,21.778
2013,1,vergne,44,3,18:13:03,23.160
2013,1,sutil,46,2,18:15:28,22.749
2013,1,jules_bianchi,50,3,18:23:42,22.669
2013,2,vettel,5,1,16:13:32,21.135
2013,2,massa,5,1,16:13:49,22.403
2013,2,sutil,6,1,16:15:54,37.833
2013,2,ricciardo,6,1,16:15:56,22.416
2013,2,raikkonen,6,1,16:15:57,25.905
2013,2,resta,6,1,16:15:57,43.713
2013,2,maldonado,6,1,16:16:01,24.737
2013,2,garde,6,1,16:16:05,23.252
2013,2,jules_bianchi,6,1,16:16:07,26.546
2013,2,bottas,6,1,16:16:09,24.960
2013,2,chilton,6,1,16:16:12,30.365
2013,2,webber,7,1,16:17:26,21.010
2013,2,hamilton,7,1,16:17:30,24.933
2013,2,button,7,1,16:17:43,22.448
2013,2,hulkenberg,7,1,16:17:44,22.996
2013,2,perez,7,1,16:17:51,21.583
2013,2,grosjean,7,1,16:17:52,22.105
2013,2,gutierrez,7,1,16:17:55,24.397
2013,2,vergne,7,1,16:17:57,49.216
2013,2,pic,7,1,16:18:03,44.428
2013,2,rosberg,8,1,16:19:28,22.028
2013,2,maldonado,13,2,16:29:27,32.561
2013,2,jules_bianchi,17,2,16:36:29,23.755
2013,2,garde,18,2,16:38:15,22.706
2013,2,webber,19,2,16:38:48,20.736
2013,2,ricciardo,19,2,16:39:32,22.388
2013,2,chilton,19,2,16:40:11,22.668
2013,2,massa,20,2,16:40:56,21.635
2013,2,grosjean,20,2,16:40:57,21.812
2013,2,resta,20,2,16:41:12,2:03.124
2013,2,pic,20,2,16:41:58,25.015
2013,2,hamilton,21,2,16:42:22,21.465
2013,2,button,21,2,16:42:32,21.028
2013,2,hulkenberg,21,2,16:42:39,21.699
2013,2,raikkonen,21,2,16:42:42,22.677
2013,2,vettel,22,2,16:44:00,21.339
2013,2,rosberg,22,2,16:44:07,21.079
2013,2,perez,22,2,16:44:32,20.894
2013,2,sutil,22,2,16:44:43,1:29.401
2013,2,gutierrez,22,2,16:44:52,22.575
2013,2,bottas,22,2,16:44:54,28.045
2013,2,vergne,26,2,16:52:14,21.638
2013,2,garde,28,3,16:56:15,25.118
2013,2,jules_bianchi,29,3,16:57:51,22.017
2013,2,hamilton,30,3,16:58:00,21.549
2013,2,webber,31,3,16:59:38,20.883
2013,2,rosberg,31,3,16:59:42,22.114
2013,2,vettel,32,3,17:01:24,21.482
2013,2,chilton,31,3,17:01:52,22.115
2013,2,maldonado,32,3,17:03:12,22.703
2013,2,pic,32,3,17:03:34,23.373
2013,2,massa,33,3,17:03:34,21.561
2013,2,perez,33,3,17:03:40,21.338
2013,2,ricciardo,33,3,17:04:13,22.008
2013,2,hulkenberg,34,3,17:05:21,22.629
2013,2,raikkonen,34,3,17:05:22,21.903
2013,2,button,35,3,17:06:47,1:44.833
2013,2,grosjean,35,3,17:07:03,22.385
2013,2,gutierrez,36,3,17:09:30,22.394
2013,2,bottas,40,3,17:16:24,22.937
2013,2,hamilton,41,4,17:17:00,21.271
2013,2,vettel,42,4,17:18:37,20.757
2013,2,rosberg,42,4,17:18:44,21.202
2013,2,chilton,41,4,17:19:43,22.271
2013,2,webber,43,4,17:20:16,20.767
2013,2,garde,42,4,17:21:22,22.744
2013,2,vergne,43,3,17:21:38,21.702
2013,2,jules_bianchi,43,4,17:22:37,22.335
2013,2,hulkenberg,44,4,17:22:50,23.198
2013,2,pic,43,4,17:23:04,23.844
2013,2,massa,47,4,17:27:39,20.970
2013,2,gutierrez,51,4,17:35:38,22.542
2013,2,perez,54,4,17:40:12,21.366
2013,3,webber,1,1,15:05:52,21.287
2013,3,ricciardo,4,1,15:11:03,24.946
2013,3,hamilton,5,1,15:12:45,20.379
2013,3,rosberg,5,1,15:12:50,22.299
2013,3,pic,5,1,15:12:59,21.265
2013,3,alonso,6,1,15:14:28,19.719
2013,3,raikkonen,6,1,15:14:31,20.753
2013,3,jules_bianchi,6,1,15:14:46,21.097
2013,3,garde,6,1,15:14:51,20.905
2013,3,massa,7,1,15:16:16,20.753
2013,3,grosjean,7,1,15:16:21,20.083
2013,3,maldonado,7,1,15:16:30,20.794
2013,3,chilton,7,1,15:16:42,21.063
2013,3,hulkenberg,14,1,15:28:27,22.838
2013,3,vettel,14,1,15:28:27,19.323
2013,3,resta,14,1,15:28:38,20.598
2013,3,webber,15,2,15:30:32,26.956
2013,3,vergne,15,1,15:30:41,20.977
2013,3,bottas,16,1,15:32:22,21.614
2013,3,jules_bianchi,16,2,15:32:43,24.834
2013,3,pic,17,2,15:34:28,22.183
2013,3,massa,19,2,15:37:26,20.027
2013,3,rosberg,19,2,15:37:32,19.894
2013,3,rosberg,20,3,15:39:47,22.727
2013,3,garde,20,2,15:40:06,20.743
2013,3,hamilton,21,2,15:40:48,20.584
2013,3,raikkonen,21,2,15:40:49,20.759
2013,3,chilton,21,2,15:41:43,25.091
2013,3,alonso,23,2,15:44:07,20.521
2013,3,button,23,1,15:44:11,19.898
2013,3,grosjean,23,2,15:44:31,20.286
2013,3,ricciardo,23,2,15:44:33,20.303
2013,3,maldonado,23,2,15:44:50,21.517
2013,3,perez,24,1,15:46:14,19.969
2013,3,hulkenberg,29,2,15:54:43,20.327
2013,3,vettel,31,2,15:58:05,20.084
2013,3,perez,31,2,15:58:33,20.253
2013,3,resta,32,2,16:00:08,20.320
2013,3,jules_bianchi,32,3,16:00:54,20.625
2013,3,pic,33,3,16:02:38,21.294
2013,3,chilton,33,3,16:02:57,25.151
2013,3,raikkonen,34,3,16:03:20,20.464
2013,3,bottas,34,2,16:04:01,22.217
2013,3,hulkenberg,36,3,16:07:00,19.957
2013,3,massa,36,3,16:07:01,19.449
2013,3,hamilton,37,3,16:08:26,19.600
2013,3,grosjean,37,3,16:08:50,20.109
2013,3,vergne,37,2,16:09:02,20.235
2013,3,garde,37,3,16:10:13,21.067
2013,3,ricciardo,38,3,16:10:28,20.362
2013,3,maldonado,39,3,16:12:48,20.982
2013,3,alonso,41,3,16:14:58,21.012
2013,3,vergne,43,3,16:19:28,20.716
2013,3,button,49,2,16:28:59,19.862
2013,3,vettel,51,3,16:32:06,20.191
2013,3,bottas,51,3,16:33:18,21.490
2013,3,resta,53,3,16:35:54,19.831
2013,4,gutierrez,1,1,15:06:04,28.102
2013,4,sutil,1,1,15:06:49,26.495
2013,4,garde,2,1,15:08:11,28.344
2013,4,vergne,2,1,15:09:07,41.485
2013,4,alonso,7,1,15:16:09,23.055
2013,4,webber,8,1,15:17:54,21.798
2013,4,grosjean,8,1,15:17:57,24.605
2013,4,alonso,8,2,15:18:11,21.436
2013,4,rosberg,9,1,15:19:37,22.237
2013,4,button,9,1,15:19:38,23.093
2013,4,ricciardo,9,1,15:19:48,22.529
2013,4,jules_bianchi,9,1,15:19:57,24.325
2013,4,vettel,10,1,15:21:11,21.660
2013,4,massa,10,1,15:21:20,21.665
2013,4,perez,10,1,15:21:21,21.471
2013,4,hamilton,10,1,15:21:24,22.072
2013,4,maldonado,10,1,15:21:26,23.173
2013,4,chilton,10,1,15:21:45,22.745
2013,4,pic,11,1,15:23:21,22.912
2013,4,hulkenberg,12,1,15:24:51,21.656
2013,4,bottas,13,1,15:26:40,22.729
2013,4,resta,14,1,15:28:08,22.009
2013,4,garde,14,2,15:29:30,22.950
2013,4,raikkonen,16,1,15:31:35,22.715
2013,4,gutierrez,16,2,15:32:19,21.997
2013,4,massa,17,2,15:33:34,21.722
2013,4,sutil,18,2,15:36:08,22.199
2013,4,rosberg,20,2,15:38:32,21.331
2013,4,perez,20,2,15:38:33,21.161
2013,4,webber,21,2,15:40:08,21.221
2013,4,button,21,2,15:40:13,21.894
2013,4,hamilton,22,2,15:42:02,21.444
2013,4,jules_bianchi,22,2,15:42:41,23.455
2013,4,maldonado,23,2,15:43:49,22.220
2013,4,pic,23,2,15:44:11,22.576
2013,4,chilton,23,2,15:44:27,24.141
2013,4,alonso,24,3,15:45:32,21.123
2013,4,vettel,25,2,15:46:35,21.290
2013,4,garde,24,3,15:47:12,22.252
2013,4,ricciardo,25,2,15:47:31,22.028
2013,4,hulkenberg,26,2,15:48:57,22.400
2013,4,grosjean,27,2,15:50:20,21.608
2013,4,massa,28,3,15:52:18,21.569
2013,4,bottas,29,2,15:54:07,28.408
2013,4,rosberg,33,3,16:00:40,21.183
2013,4,gutierrez,33,3,16:01:35,22.438
2013,4,raikkonen,34,2,16:02:06,21.723
2013,4,button,34,3,16:02:20,21.696
2013,4,pic,35,3,16:04:48,23.263
2013,4,resta,36,2,16:05:30,22.475
2013,4,massa,36,4,16:06:01,27.757
2013,4,jules_bianchi,36,3,16:06:51,22.817
2013,4,webber,37,3,16:07:17,21.031
2013,4,chilton,37,3,16:08:38,26.004
2013,4,hamilton,38,3,16:09:03,21.600
2013,4,perez,39,3,16:10:45,21.319
2013,4,alonso,39,4,16:10:48,21.189
2013,4,maldonado,39,3,16:11:04,22.066
2013,4,garde,39,4,16:13:18,22.380
2013,4,hulkenberg,41,3,16:14:30,22.814
2013,4,ricciardo,41,3,16:14:49,22.623
2013,4,vettel,42,3,16:15:09,21.906
2013,4,grosjean,42,3,16:15:35,21.556
2013,4,sutil,42,3,16:16:30,22.346
2013,4,gutierrez,43,4,16:18:34,22.246
2013,4,rosberg,44,4,16:19:15,21.267
2013,4,button,46,4,16:22:36,21.230
2013,4,chilton,46,4,16:24:10,22.552
2013,4,bottas,47,3,16:24:37,23.837
2013,4,garde,47,5,16:27:16,23.375
2013,4,jules_bianchi,48,4,16:27:23,23.803
2013,5,jules_bianchi,2,1,14:06:58,29.994
2013,5,webber,7,1,14:14:27,19.668
2013,5,massa,8,1,14:15:53,19.490
2013,5,sutil,8,1,14:15:56,1:14.026
2013,5,hulkenberg,8,1,14:15:59,19.993
2013,5,maldonado,8,1,14:16:03,20.205
2013,5,pic,8,1,14:16:15,20.734
2013,5,alonso,9,1,14:17:21,18.909
2013,5,hamilton,9,1,14:17:26,22.018
2013,5,resta,9,1,14:17:29,20.615
2013,5,vergne,9,1,14:17:33,19.772
2013,5,garde,9,1,14:17:41,21.686
2013,5,bottas,9,1,14:17:42,21.171
2013,5,rosberg,10,1,14:18:50,19.414
2013,5,vettel,10,1,14:18:51,18.606
2013,5,raikkonen,10,1,14:18:53,19.978
2013,5,perez,10,1,14:18:59,19.250
2013,5,ricciardo,10,1,14:19:03,19.795
2013,5,button,11,1,14:20:44,18.810
2013,5,gutierrez,13,1,14:23:38,22.144
2013,5,maldonado,13,2,14:23:55,13.266
2013,5,chilton,15,1,14:27:24,25.294
2013,5,jules_bianchi,16,2,14:28:59,20.656
2013,5,resta,19,2,14:32:58,19.792
2013,5,massa,20,2,14:34:12,19.373
2013,5,webber,20,2,14:34:27,19.151
2013,5,vergne,20,2,14:34:37,20.671
2013,5,maldonado,20,3,14:34:52,23.139
2013,5,garde,20,2,14:34:59,22.029
2013,5,alonso,21,2,14:35:36,19.952
2013,5,hulkenberg,21,2,14:36:06,19.402
2013,5,sutil,22,2,14:38:15,20.306
2013,5,perez,23,2,14:39:06,20.578
2013,5,pic,23,2,14:39:41,20.870
2013,5,vettel,24,2,14:40:14,18.708
2013,5,ricciardo,24,2,14:40:39,20.100
2013,5,hamilton,25,2,14:42:21,20.132
2013,5,bottas,25,2,14:42:37,20.533
2013,5,raikkonen,26,2,14:43:15,19.743
2013,5,rosberg,27,2,14:45:06,20.032
2013,5,gutierrez,28,2,14:46:47,19.988
2013,5,button,28,2,14:46:53,19.196
2013,5,jules_bianchi,29,3,14:49:08,19.904
2013,5,chilton,30,2,14:50:58,21.582
2013,5,hulkenberg,34,3,14:56:00,22.324
2013,5,vergne,34,3,14:56:06,25.362
2013,5,hulkenberg,35,4,14:57:53,24.001
2013,5,maldonado,35,4,14:57:57,20.800
2013,5,alonso,36,3,14:58:10,19.519
2013,5,massa,36,3,14:58:25,19.326
2013,5,webber,36,3,14:58:48,19.170
2013,5,hamilton,36,3,14:59:15,19.700
2013,5,sutil,36,3,14:59:34,19.591
2013,5,vergne,37,4,15:01:38,29.740
2013,5,resta,38,3,15:01:59,19.822
2013,5,perez,38,3,15:02:10,19.866
2013,5,hulkenberg,38,5,15:02:43,28.971
2013,5,vettel,39,3,15:03:01,19.551
2013,5,ricciardo,39,3,15:03:42,19.498
2013,5,pic,41,3,15:07:38,21.202
2013,5,gutierrez,42,3,15:08:17,20.082
2013,5,bottas,43,3,15:10:28,19.908
2013,5,raikkonen,45,3,15:11:53,20.184
2013,5,button,46,3,15:14:18,19.290
2013,5,jules_bianchi,46,4,15:15:24,19.830
2013,5,rosberg,47,3,15:15:40,19.352
2013,5,chilton,47,3,15:17:21,21.340
2013,5,alonso,49,4,15:17:37,18.471
2013,5,sutil,49,4,15:19:07,22.931
2013,5,webber,50,4,15:19:53,18.931
2013,5,perez,50,4,15:20:19,19.993
2013,5,hamilton,50,4,15:20:35,19.457
2013,5,massa,51,4,15:20:57,19.001
2013,5,vettel,51,4,15:21:09,18.694
2013,5,ricciardo,51,4,15:21:47,19.857
2013,5,resta,53,4,15:24:38,19.481
2013,5,maldonado,53,5,15:25:17,19.723
2013,5,hulkenberg,53,6,15:25:37,20.314
2013,5,gutierrez,54,4,15:26:28,19.324
2013,6,maldonado,1,1,14:04:48,40.507
2013,6,garde,1,1,14:04:55,35.100
2013,6,resta,9,1,14:15:54,25.643
2013,6,ricciardo,22,1,14:33:49,25.225
2013,6,jules_bianchi,22,1,14:34:05,25.098
2013,6,chilton,23,1,14:35:17,25.337
2013,6,garde,24,2,14:37:13,25.676
2013,6,webber,25,1,14:37:28,24.316
2013,6,raikkonen,26,1,14:38:49,24.420
2013,6,button,26,1,14:38:54,24.585
2013,6,massa,26,1,14:39:26,25.331
2013,6,hulkenberg,27,1,14:40:28,24.974
2013,6,alonso,28,1,14:41:32,24.489
2013,6,gutierrez,28,1,14:42:09,25.364
2013,6,perez,29,1,14:42:57,24.672
2013,6,vergne,29,1,14:43:05,24.827
2013,6,vettel,30,1,14:44:08,24.375
2013,6,sutil,30,1,14:44:28,25.274
2013,6,bottas,30,1,14:44:53,29.063
2013,6,grosjean,30,1,14:44:55,24.565
2013,6,maldonado,30,2,14:45:08,26.146
2013,6,rosberg,31,1,14:45:40,25.200
2013,6,hamilton,31,1,14:45:51,24.801
2013,6,jules_bianchi,35,2,14:54:16,25.215
2013,6,garde,35,3,14:55:21,25.862
2013,6,chilton,48,2,15:38:30,19.553
2013,6,grosjean,62,2,15:58:00,39.980
2013,6,gutierrez,63,2,15:59:23,25.926
2013,6,chilton,63,3,15:59:31,26.198
2013,6,raikkonen,70,2,16:10:41,25.125
2013,7,garde,8,1,14:14:22,22.323
2013,7,sutil,9,1,14:15:30,22.789
2013,7,pic,11,1,14:18:33,22.184
2013,7,ricciardo,12,1,14:19:39,21.223
2013,7,hulkenberg,12,1,14:19:40,21.623
2013,7,maldonado,12,1,14:19:42,24.557
2013,7,webber,13,1,14:20:32,20.716
2013,7,vergne,13,1,14:20:45,21.900
2013,7,perez,13,1,14:21:03,20.427
2013,7,rosberg,14,1,14:21:51,21.125
2013,7,bottas,14,1,14:22:18,22.242
2013,7,vettel,16,1,14:24:20,20.835
2013,7,alonso,16,1,14:24:36,20.512
2013,7,massa,17,1,14:26:26,20.473
2013,7,maldonado,17,2,14:26:50,14.446
2013,7,hamilton,19,1,14:28:27,20.879
2013,7,gutierrez,21,1,14:32:08,22.017
2013,7,raikkonen,22,1,14:33:09,25.182
2013,7,button,27,1,14:40:12,20.212
2013,7,rosberg,31,2,14:44:51,20.832
2013,7,garde,32,2,14:48:17,22.039
2013,7,pic,36,2,14:53:10,22.033
2013,7,sutil,37,2,14:53:24,21.000
2013,7,hulkenberg,38,2,14:55:03,21.014
2013,7,chilton,38,1,14:55:52,21.374
2013,7,ricciardo,39,2,14:56:29,21.315
2013,7,garde,38,3,14:56:58,29.056
2013,7,bottas,40,2,14:57:42,24.418
2013,7,massa,41,2,14:58:51,20.372
2013,7,jules_bianchi,41,1,14:59:38,21.378
2013,7,garde,40,4,15:00:06,24.510
2013,7,grosjean,42,1,15:00:07,20.859
2013,7,perez,43,2,15:01:30,20.805
2013,7,webber,46,2,15:04:23,22.709
2013,7,alonso,47,2,15:05:39,20.636
2013,7,hamilton,48,2,15:06:50,20.656
2013,7,vettel,49,2,15:07:50,20.898
2013,7,maldonado,49,3,15:10:14,21.637
2013,7,grosjean,53,2,15:14:53,21.574
2013,7,resta,56,1,15:18:16,21.066
2013,7,rosberg,57,3,15:19:14,21.459
2013,7,vergne,57,2,15:19:32,20.739
2013,7,sutil,61,3,15:25:13,14.489
2013,7,gutierrez,63,2,15:28:44,21.524
2013,8,hamilton,8,1,13:17:20,29.026
2013,8,grosjean,9,1,13:18:36,24.725
2013,8,resta,9,1,13:18:47,25.004
2013,8,alonso,10,1,13:20:16,24.572
2013,8,webber,10,1,13:20:19,31.448
2013,8,gutierrez,10,1,13:20:28,25.330
2013,8,garde,10,1,13:20:57,26.515
2013,8,massa,10,1,13:21:18,35.210
2013,8,raikkonen,11,1,13:21:52,24.992
2013,8,ricciardo,11,1,13:21:54,29.446
2013,8,button,11,1,13:22:03,24.745
2013,8,jules_bianchi,11,1,13:22:28,25.729
2013,8,rosberg,12,1,13:23:20,24.990
2013,8,sutil,12,1,13:23:29,24.807
2013,8,hulkenberg,12,1,13:23:43,29.684
2013,8,chilton,12,1,13:24:20,26.031
2013,8,vettel,13,1,13:24:55,24.159
2013,8,perez,13,1,13:25:16,24.596
2013,8,vergne,14,1,13:27:16,29.418
2013,8,maldonado,15,1,13:29:05,25.244
2013,8,bottas,15,1,13:29:14,30.231
2013,8,pic,15,1,13:29:18,26.191
2013,8,massa,16,2,13:32:21,24.680
2013,8,hulkenberg,25,2,13:50:08,26.256
2013,8,vergne,25,2,13:50:17,26.317
2013,8,gutierrez,27,2,13:53:31,26.040
2013,8,garde,28,2,13:55:33,25.814
2013,8,raikkonen,29,2,13:56:33,24.428
2013,8,gutierrez,29,3,13:57:08,31.937
2013,8,alonso,30,2,13:58:10,24.789
2013,8,grosjean,30,2,13:58:16,24.751
2013,8,webber,31,2,13:59:51,24.781
2013,8,ricciardo,32,2,14:01:28,26.229
2013,8,button,32,2,14:01:33,24.357
2013,8,chilton,32,2,14:02:17,25.701
2013,8,sutil,33,2,14:03:04,25.158
2013,8,perez,33,2,14:03:08,25.028
2013,8,resta,33,2,14:03:14,25.099
2013,8,jules_bianchi,33,2,14:03:42,25.927
2013,8,rosberg,34,2,14:04:28,24.893
2013,8,pic,34,2,14:05:14,26.371
2013,8,vettel,35,2,14:06:01,24.092
2013,8,hamilton,36,2,14:08:08,24.635
2013,8,massa,36,3,14:08:18,24.400
2013,8,maldonado,37,2,14:10:02,25.275
2013,8,hulkenberg,37,3,14:10:02,24.863
2013,8,bottas,38,2,14:11:48,31.851
2013,8,gutierrez,40,4,14:15:23,25.087
2013,8,garde,40,3,14:16:02,26.391
2013,8,alonso,41,3,14:16:06,25.018
2013,8,rosberg,42,3,14:17:48,25.436
2013,8,webber,42,3,14:18:03,24.473
2013,8,grosjean,42,3,14:18:29,25.911
2013,8,resta,42,3,14:18:34,33.401
2013,8,massa,42,4,14:18:38,24.872
2013,9,resta,4,1,14:10:30,20.547
2013,9,vergne,4,1,14:10:37,23.147
2013,9,pic,4,1,14:10:40,22.699
2013,9,ricciardo,5,1,14:12:03,19.846
2013,9,sutil,5,1,14:12:09,19.910
2013,9,garde,5,1,14:12:16,21.900
2013,9,jules_bianchi,5,1,14:12:18,20.840
2013,9,hamilton,6,1,14:13:34,19.487
2013,9,gutierrez,6,1,14:13:52,19.816
2013,9,vettel,7,1,14:15:09,18.979
2013,9,perez,7,1,14:15:22,20.432
2013,9,webber,8,1,14:16:48,2:42.042
2013,9,raikkonen,8,1,14:16:51,19.378
2013,9,chilton,8,1,14:17:26,21.021
2013,9,alonso,12,1,14:23:32,20.199
2013,9,grosjean,13,1,14:25:00,20.273
2013,9,rosberg,16,1,14:30:21,19.690
2013,9,hulkenberg,17,1,14:31:56,21.226
2013,9,ricciardo,18,2,14:33:49,19.952
2013,9,jules_bianchi,18,2,14:34:30,20.371
2013,9,garde,19,2,14:36:10,20.974
2013,9,chilton,20,2,14:37:56,19.953
2013,9,button,21,1,14:38:27,20.812
2013,9,maldonado,21,1,14:38:44,20.331
2013,9,hamilton,22,2,14:40:10,19.321
2013,9,bottas,22,1,14:40:31,33.796
2013,9,gutierrez,22,2,14:40:34,19.869
2013,9,vettel,24,2,14:43:10,20.039
2013,9,grosjean,24,2,14:43:13,20.007
2013,9,raikkonen,24,2,14:43:25,20.528
2013,9,alonso,24,2,14:43:36,19.539
2013,9,perez,24,2,14:43:57,20.433
2013,9,sutil,24,2,14:44:00,20.204
2013,9,resta,24,2,14:44:07,21.483
2013,9,rosberg,24,2,14:44:07,22.207
2013,9,webber,23,2,14:44:15,19.991
2013,9,pic,24,2,14:44:58,21.388
2013,9,chilton,26,3,14:48:52,20.272
2013,9,pic,34,3,15:03:58,22.986
2013,9,hulkenberg,37,2,15:08:26,20.364
2013,9,chilton,37,4,15:08:55,21.433
2013,9,webber,38,3,15:10:15,19.921
2013,9,garde,38,3,15:10:34,20.545
2013,9,grosjean,40,3,15:13:03,19.591
2013,9,ricciardo,40,3,15:13:28,20.196
2013,9,vettel,41,3,15:14:38,19.118
2013,9,gutierrez,41,3,15:15:07,21.160
2013,9,sutil,43,3,15:18:18,21.799
2013,9,hamilton,45,3,15:21:19,19.316
2013,9,button,47,2,15:24:27,19.692
2013,9,rosberg,48,3,15:26:26,19.684
2013,9,raikkonen,49,3,15:27:24,19.390
2013,9,alonso,49,3,15:27:29,19.476
2013,9,hulkenberg,49,3,15:28:02,20.557
2013,9,maldonado,50,2,15:29:39,36.196
2013,9,bottas,54,2,15:36:20,45.695
2013,10,vergne,8,1,14:15:51,22.745
2013,10,garde,8,1,14:15:55,23.200
2013,10,hamilton,9,1,14:16:48,21.840
2013,10,maldonado,9,1,14:17:14,22.103
2013,10,resta,9,1,14:17:18,22.754
2013,10,ricciardo,10,1,14:18:44,24.033
2013,10,rosberg,10,1,14:18:45,22.015
2013,10,bottas,10,1,14:18:55,22.023
2013,10,vettel,11,1,14:19:47,21.343
2013,10,massa,11,1,14:19:57,23.012
2013,10,hulkenberg,11,1,14:20:17,22.303
2013,10,alonso,12,1,14:21:21,21.599
2013,10,grosjean,13,1,14:22:46,22.054
2013,10,raikkonen,13,1,14:22:56,22.161
2013,10,pic,13,1,14:23:32,22.465
2013,10,jules_bianchi,20,1,14:34:40,22.159
2013,10,chilton,21,1,14:36:25,22.323
2013,10,webber,23,1,14:37:39,21.762
2013,10,perez,23,1,14:38:10,22.323
2013,10,gutierrez,23,1,14:38:18,22.425
2013,10,button,24,1,14:39:26,22.107
2013,10,grosjean,25,2,14:40:51,22.267
2013,10,resta,26,2,14:43:05,22.723
2013,10,garde,27,2,14:44:59,22.831
2013,10,maldonado,28,2,14:45:48,21.880
2013,10,rosberg,29,2,14:47:10,22.628
2013,10,vergne,30,2,14:49:06,22.282
2013,10,hamilton,31,2,14:49:23,21.454
2013,10,massa,31,2,14:50:01,21.753
2013,10,bottas,33,2,14:53:46,22.612
2013,10,vettel,34,2,14:53:58,21.863
2013,10,alonso,34,2,14:54:07,22.249
2013,10,jules_bianchi,33,2,14:54:39,22.221
2013,10,hulkenberg,35,2,14:56:17,22.606
2013,10,chilton,34,2,14:56:34,22.301
2013,10,grosjean,37,3,14:58:34,16.453
2013,10,button,37,2,14:58:44,22.496
2013,10,perez,38,2,15:00:37,22.722
2013,10,ricciardo,38,2,15:01:00,21.996
2013,10,pic,38,2,15:01:50,22.450
2013,10,hulkenberg,40,3,15:04:00,16.512
2013,10,raikkonen,42,2,15:05:48,21.643
2013,10,webber,43,2,15:07:06,22.349
2013,10,garde,44,3,15:10:43,22.384
2013,10,grosjean,47,4,15:13:17,22.451
2013,10,jules_bianchi,46,3,15:14:34,23.030
2013,10,alonso,48,3,15:14:42,21.753
2013,10,massa,48,3,15:15:06,21.612
2013,10,rosberg,48,3,15:15:07,21.854
2013,10,resta,48,3,15:15:49,23.027
2013,10,hamilton,50,3,15:17:08,22.136
2013,10,vergne,50,3,15:18:45,23.756
2013,10,maldonado,51,3,15:19:53,24.796
2013,10,chilton,50,3,15:21:06,23.257
2013,10,vettel,55,3,15:24:30,21.666
2013,10,webber,59,3,15:30:24,22.022
2013,11,hulkenberg,9,1,14:21:40,24.219
2013,11,massa,9,1,14:21:42,22.872
2013,11,resta,10,1,14:23:35,23.475
2013,11,vergne,10,1,14:23:44,24.070
2013,11,hamilton,11,1,14:25:16,23.397
2013,11,sutil,11,1,14:25:37,23.327
2013,11,maldonado,11,1,14:25:40,27.059
2013,11,rosberg,12,1,14:27:19,22.893
2013,11,alonso,13,1,14:29:10,22.631
2013,11,webber,13,1,14:29:16,23.004
2013,11,perez,13,1,14:29:25,17.378
2013,11,vettel,14,1,14:30:58,22.685
2013,11,raikkonen,14,1,14:31:18,23.744
2013,11,bottas,14,1,14:31:44,23.411
2013,11,jules_bianchi,14,1,14:32:07,24.083
2013,11,garde,15,1,14:33:51,24.968
2013,11,chilton,15,1,14:34:15,24.013
2013,11,ricciardo,16,1,14:35:26,23.144
2013,11,button,17,1,14:37:03,22.465
2013,11,perez,18,2,14:39:24,22.597
2013,11,gutierrez,19,1,14:41:20,22.761
2013,11,grosjean,22,1,14:46:53,23.445
2013,11,hulkenberg,24,2,14:50:59,23.334
2013,11,vergne,24,2,14:51:01,24.539
2013,11,rosberg,25,2,14:52:20,23.723
2013,11,resta,25,2,14:52:51,23.540
2013,11,hamilton,26,2,14:54:11,22.682
2013,11,massa,26,2,14:54:35,22.634
2013,11,sutil,26,2,14:54:42,23.655
2013,11,maldonado,27,2,14:57:12,35.228
2013,11,alonso,28,2,14:57:52,22.444
2013,11,gutierrez,28,2,14:58:53,22.712
2013,11,bottas,28,2,14:59:02,23.540
2013,11,jules_bianchi,28,2,14:59:47,23.961
2013,11,webber,29,2,15:00:00,23.477
2013,11,garde,29,2,15:01:18,23.998
2013,11,vettel,30,2,15:01:29,22.884
2013,11,chilton,29,2,15:02:06,23.916
2013,11,ricciardo,33,2,15:08:12,22.871
2013,11,chilton,32,3,15:08:14,17.427
2013,11,button,34,2,15:09:32,23.317
2013,11,maldonado,38,3,15:18:29,30.894
2013,11,gutierrez,41,3,15:23:35,17.433
2013,12,raikkonen,1,1,14:05:19,30.975
2013,12,hamilton,13,1,14:23:23,24.460
2013,12,pic,17,1,14:29:42,25.569
2013,12,garde,18,1,14:31:18,26.302
2013,12,grosjean,20,1,14:33:49,27.040
2013,12,button,21,1,14:35:17,24.450
2013,12,ricciardo,22,1,14:36:44,24.319
2013,12,perez,22,1,14:36:45,25.933
2013,12,jules_bianchi,22,1,14:37:35,25.541
2013,12,vettel,23,1,14:37:56,24.305
2013,12,webber,23,1,14:38:07,24.205
2013,12,chilton,23,1,14:39:08,26.146
2013,12,massa,24,1,14:39:35,24.692
2013,12,hulkenberg,24,1,14:39:37,25.633
2013,12,sutil,24,1,14:39:52,26.873
2013,12,maldonado,24,1,14:39:58,25.397
2013,12,bottas,25,1,14:41:33,24.665
2013,12,rosberg,26,1,14:42:35,24.079
2013,12,alonso,27,1,14:43:56,24.208
2013,12,gutierrez,27,1,14:44:20,24.668
2013,12,raikkonen,30,2,14:48:51,24.764
2013,12,hamilton,38,2,15:00:35,24.315
2013,12,pic,38,2,15:01:38,26.363
2013,12,garde,39,2,15:03:12,33.200
2013,13,raikkonen,10,1,20:23:19,29.469
2013,13,jules_bianchi,10,1,20:23:58,29.573
2013,13,gutierrez,11,1,20:25:19,29.364
2013,13,vergne,11,1,20:25:28,29.736
2013,13,pic,11,1,20:25:52,31.841
2013,13,chilton,11,1,20:25:57,30.497
2013,13,jules_bianchi,11,2,20:26:28,32.243
2013,13,massa,12,1,20:26:59,29.040
2013,13,sutil,12,1,20:27:25,29.678
2013,13,webber,13,1,20:28:48,29.031
2013,13,button,13,1,20:28:57,29.284
2013,13,hulkenberg,13,1,20:29:01,29.910
2013,13,garde,13,1,20:29:27,30.161
2013,13,bottas,13,1,20:29:30,31.792
2013,13,alonso,14,1,20:30:36,29.436
2013,13,perez,14,1,20:30:57,28.709
2013,13,rosberg,15,1,20:32:27,29.212
2013,13,grosjean,15,1,20:32:38,29.702
2013,13,hamilton,15,1,20:32:41,29.032
2013,13,ricciardo,15,1,20:33:06,32.097
2013,13,maldonado,16,1,20:35:13,29.966
2013,13,vettel,17,1,20:36:08,28.787
2013,13,resta,20,1,20:42:28,29.667
2013,13,jules_bianchi,23,3,20:50:22,29.823
2013,13,vergne,24,2,20:50:34,30.714
2013,13,bottas,24,2,20:50:54,30.790
2013,13,chilton,24,2,20:51:40,31.173
2013,13,alonso,25,2,20:52:09,29.176
2013,13,grosjean,25,2,20:52:13,30.293
2013,13,massa,25,2,20:52:21,29.136
2013,13,button,25,2,20:52:22,30.085
2013,13,raikkonen,25,2,20:52:24,33.013
2013,13,perez,25,2,20:52:31,29.396
2013,13,hulkenberg,25,2,20:52:32,30.253
2013,13,gutierrez,25,2,20:52:42,31.706
2013,13,sutil,25,2,20:52:54,30.166
2013,13,maldonado,25,2,20:53:06,30.444
2013,13,pic,25,2,20:53:55,32.008
2013,13,garde,26,2,20:55:33,37.700
2013,13,grosjean,33,3,21:11:23,1:13.009
2013,13,vergne,39,3,21:22:44,29.999
2013,13,webber,40,2,21:24:28,28.909
2013,13,sutil,40,3,21:24:36,31.230
2013,13,jules_bianchi,40,4,21:25:13,29.421
2013,13,rosberg,41,2,21:26:16,29.616
2013,13,maldonado,41,3,21:26:35,30.175
2013,13,chilton,41,3,21:27:04,29.687
2013,13,resta,42,2,21:28:14,29.777
2013,13,massa,42,3,21:28:15,29.573
2013,13,bottas,42,3,21:28:43,33.836
2013,13,garde,42,3,21:28:50,30.141
2013,13,hamilton,43,2,21:30:03,30.085
2013,13,vettel,44,2,21:31:26,28.934
2013,13,pic,54,3,21:52:04,31.546
2013,14,sutil,3,1,15:09:31,29.829
2013,14,button,4,1,15:11:11,26.948
2013,14,massa,6,1,15:14:57,22.474
2013,14,maldonado,7,1,15:16:37,23.470
2013,14,resta,7,1,15:16:40,23.814
2013,14,gutierrez,7,1,15:16:43,23.096
2013,14,bottas,8,1,15:18:36,23.912
2013,14,hamilton,9,1,15:19:55,22.270
2013,14,alonso,9,1,15:20:07,22.208
2013,14,pic,9,1,15:20:36,24.320
2013,14,grosjean,10,1,15:21:39,22.519
2013,14,rosberg,10,1,15:21:47,23.412
2013,14,hulkenberg,10,1,15:21:50,23.654
2013,14,perez,10,1,15:22:03,22.901
2013,14,garde,10,1,15:22:24,17.513
2013,14,jules_bianchi,10,1,15:22:31,23.097
2013,14,vettel,11,1,15:23:22,22.662
2013,14,raikkonen,11,1,15:23:39,22.924
2013,14,garde,11,2,15:24:34,23.987
2013,14,webber,12,1,15:25:27,22.587
2013,14,vergne,12,1,15:25:54,24.477
2013,14,chilton,12,1,15:26:16,23.761
2013,14,ricciardo,18,1,15:36:21,23.892
2013,14,button,22,2,15:43:41,25.946
2013,14,maldonado,23,2,15:45:35,23.642
2013,14,resta,23,2,15:45:42,23.854
2013,14,vergne,24,2,15:47:44,23.845
2013,14,raikkonen,25,2,15:48:47,23.236
2013,14,hulkenberg,26,2,15:50:32,24.112
2013,14,rosberg,28,2,15:53:56,42.432
2013,14,alonso,28,2,15:54:07,22.807
2013,14,sutil,28,2,15:54:36,23.155
2013,14,bottas,28,2,15:54:54,24.240
2013,14,hamilton,29,2,15:55:45,22.251
2013,14,massa,29,2,15:56:20,22.401
2013,14,webber,30,2,15:57:29,22.718
2013,14,vettel,31,2,15:58:48,22.935
2013,14,pic,30,2,15:58:50,24.366
2013,14,grosjean,31,2,15:58:56,22.767
2013,14,jules_bianchi,30,2,15:59:15,23.814
2013,14,chilton,30,2,15:59:21,26.299
2013,14,garde,30,3,15:59:22,24.548
2013,14,ricciardo,31,2,16:00:11,23.194
2013,14,webber,31,3,16:00:12,23.490
2013,14,gutierrez,31,2,16:00:19,23.408
2013,14,perez,31,2,16:00:22,38.893
2013,14,vergne,38,3,16:16:31,24.016
2013,14,sutil,38,3,16:16:46,1:11.445
2013,14,sutil,41,4,16:23:32,18.979
2013,15,pic,1,1,15:05:34,17.935
2013,15,hamilton,1,1,15:06:11,25.297
2013,15,vergne,7,1,15:15:39,25.816
2013,15,button,8,1,15:17:14,23.462
2013,15,bottas,8,1,15:17:18,23.421
2013,15,sutil,8,1,15:17:19,23.803
2013,15,gutierrez,9,1,15:18:50,23.887
2013,15,maldonado,9,1,15:18:58,23.524
2013,15,hulkenberg,10,1,15:20:27,23.383
2013,15,resta,10,1,15:20:37,23.476
2013,15,webber,11,1,15:21:54,23.617
2013,15,massa,11,1,15:22:06,22.946
2013,15,raikkonen,11,1,15:22:11,23.313
2013,15,chilton,11,1,15:22:39,23.648
2013,15,grosjean,12,1,15:23:30,23.282
2013,15,rosberg,12,1,15:23:43,22.812
2013,15,perez,12,1,15:23:48,26.423
2013,15,alonso,13,1,15:25:26,22.645
2013,15,vettel,14,1,15:26:53,22.916
2013,15,rosberg,16,2,15:30:40,17.806
2013,15,pic,17,2,15:33:03,24.380
2013,15,ricciardo,21,1,15:39:04,24.608
2013,15,vergne,21,2,15:39:24,24.087
2013,15,button,23,2,15:42:30,26.263
2013,15,rosberg,24,3,15:44:05,22.771
2013,15,webber,25,2,15:45:06,22.774
2013,15,resta,26,2,15:47:38,23.858
2013,15,bottas,27,2,15:49:16,23.483
2013,15,sutil,27,2,15:49:23,23.484
2013,15,massa,28,2,15:50:36,22.871
2013,15,maldonado,28,2,15:51:02,24.202
2013,15,grosjean,29,2,15:51:38,23.086
2013,15,hulkenberg,29,2,15:52:08,23.831
2013,15,chilton,29,2,15:53:22,24.373
2013,15,alonso,30,2,15:53:46,22.839
2013,15,gutierrez,30,2,15:54:04,23.184
2013,15,perez,30,2,15:54:05,27.707
2013,15,raikkonen,31,2,15:55:30,23.290
2013,15,ricciardo,32,2,15:57:31,17.801
2013,15,massa,34,3,16:00:41,17.822
2013,15,pic,35,3,16:03:32,24.381
2013,15,vettel,37,2,16:04:36,22.873
2013,15,vergne,38,3,16:07:30,24.876
2013,15,rosberg,39,4,16:08:49,22.551
2013,15,button,40,3,16:10:36,23.105
2013,15,webber,42,3,16:12:42,23.094
2013,15,perez,42,3,16:14:05,25.585
2013,15,ricciardo,44,3,16:17:21,24.178
2013,16,resta,1,1,15:05:12,23.662
2013,16,vergne,1,1,15:05:14,24.232
2013,16,pic,1,1,15:05:39,29.082
2013,16,vettel,2,1,15:06:36,24.000
2013,16,alonso,2,1,15:06:48,29.800
2013,16,hulkenberg,5,1,15:11:22,24.096
2013,16,jules_bianchi,5,1,15:11:40,33.937
2013,16,button,6,1,15:13:04,23.517
2013,16,rosberg,7,1,15:14:25,23.685
2013,16,raikkonen,7,1,15:14:33,26.989
2013,16,massa,8,1,15:15:56,23.579
2013,16,hamilton,8,1,15:16:00,23.546
2013,16,maldonado,8,1,15:16:14,25.530
2013,16,button,12,2,15:22:48,23.774
2013,16,grosjean,13,1,15:23:59,23.648
2013,16,gutierrez,16,1,15:28:39,18.423
2013,16,pic,16,2,15:29:58,26.970
2013,16,gutierrez,26,2,15:44:22,25.660
2013,16,vergne,26,2,15:44:28,24.128
2013,16,rosberg,27,2,15:45:31,23.895
2013,16,webber,28,1,15:46:25,23.487
2013,16,perez,28,1,15:46:43,23.541
2013,16,chilton,29,1,15:49:37,24.757
2013,16,massa,30,2,15:50:06,23.332
2013,16,hamilton,30,2,15:50:07,23.574
2013,16,resta,30,2,15:50:21,24.024
2013,16,alonso,30,2,15:50:22,23.595
2013,16,vettel,31,2,15:51:05,23.568
2013,16,bottas,31,1,15:51:52,27.619
2013,16,webber,32,2,15:52:46,23.459
2013,16,button,32,3,15:53:44,24.754
2013,16,ricciardo,33,1,15:54:38,25.608
2013,16,perez,33,2,15:54:42,24.910
2013,16,hulkenberg,33,2,15:54:45,24.834
2013,16,jules_bianchi,33,2,15:56:05,25.383
2013,16,alonso,36,3,15:59:44,24.066
2013,16,ricciardo,38,2,16:02:35,24.471
2013,16,maldonado,38,2,16:02:44,26.312
2013,16,sutil,41,1,16:07:01,23.891
2013,16,gutierrez,47,3,16:16:34,24.415
2013,16,bottas,49,2,16:19:37,25.909
2013,16,hulkenberg,53,3,16:25:07,29.057
2013,16,chilton,52,2,16:25:27,24.445
2013,16,raikkonen,58,2,16:32:33,24.141
2013,17,button,2,1,17:07:35,27.176
2013,17,maldonado,5,1,17:12:55,22.886
2013,17,jules_bianchi,5,1,17:13:09,24.064
2013,17,perez,6,1,17:14:42,21.503
2013,17,chilton,6,1,17:15:04,23.490
2013,17,hamilton,7,1,17:16:23,21.372
2013,17,ricciardo,7,1,17:16:41,22.194
2013,17,garde,7,1,17:16:50,22.834
2013,17,webber,8,1,17:18:09,21.175
2013,17,grosjean,8,1,17:18:10,21.627
2013,17,pic,8,1,17:18:39,22.498
2013,17,hulkenberg,9,1,17:20:04,22.363
2013,17,rosberg,10,1,17:21:41,21.653
2013,17,button,11,2,17:24:21,21.516
2013,17,vettel,14,1,17:28:39,22.275
2013,17,alonso,16,1,17:32:49,21.530
2013,17,vergne,17,1,17:34:46,21.930
2013,17,massa,18,1,17:36:23,21.485
2013,17,gutierrez,18,1,17:36:43,22.685
2013,17,resta,20,1,17:40:06,22.270
2013,17,bottas,24,1,17:47:40,23.361
2013,17,maldonado,25,2,17:49:29,23.410
2013,17,hulkenberg,27,2,17:53:04,22.863
2013,17,perez,27,2,17:53:06,21.370
2013,17,sutil,28,1,17:54:54,22.048
2013,17,ricciardo,28,2,17:55:05,22.946
2013,17,hamilton,29,2,17:56:37,21.609
2013,17,gutierrez,30,2,17:58:38,22.070
2013,17,jules_bianchi,31,2,18:01:41,23.576
2013,17,pic,32,2,18:03:05,24.005
2013,17,webber,33,2,18:03:15,21.911
2013,17,rosberg,33,2,18:03:19,21.633
2013,17,chilton,32,2,18:03:37,22.802
2013,17,garde,33,2,18:04:45,22.286
2013,17,hulkenberg,34,3,18:05:56,16.147
2013,17,vettel,37,2,18:09:50,21.298
2013,17,grosjean,37,2,18:10:31,22.286
2013,17,massa,38,2,18:12:40,22.315
2013,17,alonso,44,2,18:23:20,21.453
2013,17,bottas,45,2,18:25:31,26.680
2013,17,vergne,51,2,18:36:34,23.608
2013,18,gutierrez,1,1,13:05:59,24.859
2013,18,chilton,5,1,13:15:49,18.737
2013,18,maldonado,8,1,13:21:04,32.794
2013,18,kovalainen,17,1,13:36:46,25.323
2013,18,button,20,1,13:42:04,24.589
2013,18,pic,20,1,13:42:30,27.568
2013,18,massa,21,1,13:43:48,23.936
2013,18,jules_bianchi,21,1,13:44:14,26.205
2013,18,garde,21,1,13:44:15,25.268
2013,18,perez,22,1,13:45:19,23.808
2013,18,resta,22,1,13:45:29,24.444
2013,18,rosberg,22,1,13:45:30,23.806
2013,18,ricciardo,22,1,13:45:31,24.226
2013,18,bottas,23,1,13:47:05,25.014
2013,18,hamilton,25,1,13:50:25,23.904
2013,18,alonso,26,1,13:52:15,23.817
2013,18,vettel,27,1,13:53:30,24.086
2013,18,chilton,26,2,13:53:36,24.293
2013,18,hulkenberg,27,1,13:53:54,24.030
2013,18,vergne,27,1,13:54:22,24.381
2013,18,webber,28,1,13:55:26,23.537
2013,18,grosjean,29,1,13:57:05,23.876
2013,18,kovalainen,31,2,14:01:31,36.333
2013,18,gutierrez,36,2,14:10:01,25.027
2013,18,massa,38,2,14:13:40,24.116
2013,18,resta,49,2,14:32:33,24.914
2013,18,pic,50,2,14:35:29,18.692
2013,19,vergne,10,1,14:16:58,23.455
2013,19,ricciardo,14,1,14:22:11,22.721
2013,19,kovalainen,15,1,14:23:39,23.019
2013,19,bottas,17,1,14:26:13,24.166
2013,19,sutil,17,1,14:26:14,23.161
2013,19,massa,19,1,14:28:38,22.342
2013,19,perez,19,1,14:28:47,22.591
2013,19,button,20,1,14:30:03,22.746
2013,19,hulkenberg,20,1,14:30:06,23.887
2013,19,resta,20,1,14:30:15,23.237
2013,19,alonso,21,1,14:31:09,22.755
2013,19,hamilton,21,1,14:31:13,22.655
2013,19,jules_bianchi,21,1,14:32:02,24.657
2013,19,rosberg,22,1,14:32:39,23.328
2013,19,gutierrez,22,1,14:33:00,23.857
2013,19,webber,23,1,14:33:42,25.012
2013,19,maldonado,23,1,14:34:24,23.600
2013,19,vettel,24,1,14:34:51,22.510
2013,19,garde,24,1,14:36:01,23.732
2013,19,pic,25,1,14:37:24,24.099
2013,19,chilton,26,1,14:38:59,25.060
2013,19,vergne,28,2,14:41:19,24.183
2013,19,massa,34,2,14:48:24,17.367
2013,19,kovalainen,34,2,14:49:00,22.646
2013,19,sutil,37,2,14:52:49,24.001
2013,19,bottas,41,2,14:58:30,23.695
2013,19,ricciardo,42,2,14:59:24,23.340
2013,19,button,43,2,15:00:19,23.788
2013,19,massa,43,3,15:00:27,22.655
2013,19,maldonado,43,2,15:00:59,26.734
2013,19,rosberg,44,2,15:01:40,22.753
2013,19,perez,44,2,15:01:41,22.397
2013,19,hulkenberg,46,2,15:04:31,23.237
2013,19,vettel,47,2,15:04:55,32.899
2013,19,webber,47,2,15:05:08,26.718
2013,19,vergne,46,3,15:05:09,23.451
2013,19,alonso,47,2,15:05:13,22.732
2013,19,hamilton,47,2,15:05:43,24.423
2013,19,resta,47,2,15:06:01,23.330
2013,19,gutierrez,47,2,15:06:09,23.138
2013,19,garde,47,2,15:06:59,27.107
2013,19,jules_bianchi,47,2,15:07:06,23.403
2013,19,chilton,48,2,15:08:47,23.449
2013,19,hamilton,52,3,15:12:31,17.385
2013,19,garde,52,3,15:13:57,17.339
2013,19,sutil,54,3,15:15:17,22.981
2013,19,chilton,66,3,15:32:58,23.222
2014,1,grosjean,1,1,17:09:56,17.255
2014,1,gutierrez,1,1,17:10:12,32.657
2014,1,perez,1,1,17:10:14,25.541
2014,1,bottas,10,1,17:24:46,34.921
2014,1,button,11,1,17:26:02,22.411
2014,1,perez,11,2,17:27:03,22.497
2014,1,rosberg,12,1,17:27:27,24.331
2014,1,ricciardo,12,1,17:27:37,22.994
2014,1,kevin_magnussen,12,1,17:27:45,23.150
2014,1,hulkenberg,12,1,17:27:51,22.615
2014,1,alonso,12,1,17:27:55,22.887
2014,1,raikkonen,12,1,17:28:02,25.543
2014,1,vergne,12,1,17:28:02,23.124
2014,1,kvyat,12,1,17:28:03,30.514
2014,1,ericsson,23,1,17:48:18,23.238
2014,1,chilton,24,1,17:49:56,24.209
2014,1,jules_bianchi,20,1,17:54:48,23.821
2014,1,grosjean,28,2,17:56:08,22.264
2014,1,maldonado,29,1,17:57:57,22.847
2014,1,gutierrez,30,2,17:59:29,23.797
2014,1,button,32,2,18:02:01,22.399
2014,1,perez,32,3,18:02:29,22.526
2014,1,hulkenberg,33,2,18:03:36,22.933
2014,1,vergne,33,2,18:03:39,22.978
2014,1,alonso,35,2,18:06:45,21.978
2014,1,sutil,35,1,18:07:21,24.305
2014,1,ricciardo,36,2,18:08:06,22.427
2014,1,bottas,36,2,18:08:28,23.117
2014,1,raikkonen,36,2,18:08:30,21.825
2014,1,kvyat,36,2,18:08:31,23.920
2014,1,kevin_magnussen,37,2,18:09:47,22.273
2014,1,rosberg,38,2,18:10:59,23.673
2014,1,chilton,41,2,18:18:13,23.493
2014,1,jules_bianchi,35,2,18:19:32,22.656
2014,2,jules_bianchi,1,1,16:07:01,52.836
2014,2,vergne,2,1,16:07:55,45.629
2014,2,raikkonen,2,1,16:08:22,26.399
2014,2,kevin_magnussen,9,1,16:20:38,37.116
2014,2,kvyat,10,1,16:22:31,25.109
2014,2,gutierrez,10,1,16:22:33,29.420
2014,2,chilton,10,1,16:22:44,25.639
2014,2,alonso,11,1,16:24:00,24.466
2014,2,sutil,11,1,16:24:25,25.998
2014,2,ericsson,11,1,16:24:33,30.040
2014,2,ricciardo,12,1,16:25:46,24.709
2014,2,massa,12,1,16:26:05,24.637
2014,2,grosjean,12,1,16:26:14,25.046
2014,2,vettel,13,1,16:27:33,24.432
2014,2,button,13,1,16:27:49,24.841
2014,2,rosberg,14,1,16:29:15,24.723
2014,2,bottas,14,1,16:29:48,25.020
2014,2,hamilton,15,1,16:30:55,24.604
2014,2,kobayashi,15,1,16:31:53,27.124
2014,2,hulkenberg,16,1,16:33:07,25.336
2014,2,vergne,17,2,16:36:11,26.598
2014,2,raikkonen,18,2,16:37:53,24.417
2014,2,kvyat,22,2,16:44:37,27.473
2014,2,gutierrez,23,2,16:46:42,26.325
2014,2,kevin_magnussen,24,2,16:48:18,30.661
2014,2,sutil,24,2,16:48:28,25.493
2014,2,button,25,2,16:49:48,24.524
2014,2,grosjean,25,2,16:50:09,25.596
2014,2,ericsson,26,2,16:52:40,26.515
2014,2,alonso,27,2,16:53:03,24.222
2014,2,massa,27,2,16:53:28,24.577
2014,2,chilton,27,2,16:54:31,29.210
2014,2,ricciardo,28,2,16:54:45,24.775
2014,2,bottas,29,2,16:57:09,24.964
2014,2,vettel,31,2,17:00:00,24.728
2014,2,kobayashi,31,2,17:01:26,26.505
2014,2,rosberg,32,2,17:01:43,25.287
2014,2,hamilton,33,2,17:03:18,25.296
2014,2,hulkenberg,34,2,17:05:38,24.887
2014,2,kvyat,34,3,17:06:44,25.289
2014,2,raikkonen,34,3,17:07:07,24.246
2014,2,ericsson,38,3,17:15:01,26.030
2014,2,button,39,3,17:15:13,25.028
2014,2,kevin_magnussen,39,3,17:15:37,24.415
2014,2,ricciardo,40,3,17:16:28,1:49.329
2014,2,grosjean,40,3,17:17:34,25.735
2014,2,alonso,42,3,17:20:04,24.641
2014,2,chilton,41,3,17:20:31,27.828
2014,2,massa,42,3,17:20:35,24.526
2014,2,ricciardo,42,4,17:22:17,34.697
2014,2,bottas,44,3,17:24:12,24.498
2014,2,ricciardo,44,5,17:26:23,34.480
2014,2,vettel,49,3,17:32:08,25.186
2014,2,rosberg,50,3,17:33:47,24.654
2014,2,hamilton,51,3,17:35:18,24.484
2014,3,vergne,1,1,18:06:44,33.895
2014,3,sutil,7,1,18:16:37,25.293
2014,3,bottas,10,1,18:21:24,25.040
2014,3,kvyat,10,1,18:21:32,26.064
2014,3,jules_bianchi,10,1,18:21:44,25.756
2014,3,ericsson,11,1,18:23:34,25.367
2014,3,chilton,11,1,18:23:35,25.858
2014,3,alonso,12,1,18:24:52,25.770
2014,3,gutierrez,12,1,18:25:08,25.543
2014,3,massa,13,1,18:26:30,24.528
2014,3,raikkonen,13,1,18:26:37,25.009
2014,3,grosjean,13,1,18:26:50,25.192
2014,3,jules_bianchi,13,2,18:27:52,29.729
2014,3,kevin_magnussen,14,1,18:28:29,24.611
2014,3,sutil,13,2,18:29:29,40.747
2014,3,vergne,14,2,18:29:48,25.897
2014,3,hulkenberg,15,1,18:29:59,24.757
2014,3,kobayashi,15,1,18:30:29,27.124
2014,3,perez,16,1,18:31:38,24.697
2014,3,vettel,16,1,18:31:48,24.964
2014,3,button,17,1,18:33:25,24.476
2014,3,ricciardo,18,1,18:35:12,24.706
2014,3,hamilton,19,1,18:36:24,24.687
2014,3,maldonado,19,1,18:37:12,25.395
2014,3,jules_bianchi,18,3,18:37:15,18.989
2014,3,rosberg,21,1,18:39:48,24.851
2014,3,kvyat,24,2,18:45:46,25.340
2014,3,bottas,25,2,18:47:07,25.068
2014,3,kevin_magnussen,25,2,18:47:29,24.559
2014,3,ericsson,26,2,18:49:57,25.819
2014,3,gutierrez,27,2,18:51:10,25.633
2014,3,massa,28,2,18:52:16,25.896
2014,3,alonso,28,2,18:52:21,24.576
2014,3,grosjean,28,2,18:52:44,25.032
2014,3,chilton,28,2,18:53:21,27.233
2014,3,jules_bianchi,31,4,19:00:23,25.866
2014,3,raikkonen,33,2,19:01:01,25.415
2014,3,perez,34,2,19:02:23,24.737
2014,3,vettel,34,2,19:02:35,26.186
2014,3,hulkenberg,35,2,19:04:06,24.440
2014,3,button,35,2,19:04:08,25.245
2014,3,ricciardo,35,2,19:04:23,24.816
2014,3,kobayashi,35,2,19:05:19,26.628
2014,3,grosjean,37,3,19:08:17,25.693
2014,3,massa,38,3,19:09:23,24.575
2014,3,kevin_magnussen,38,3,19:09:48,25.572
2014,3,maldonado,39,2,19:11:30,26.440
2014,3,kvyat,39,3,19:11:36,25.345
2014,3,bottas,40,3,19:12:44,25.980
2014,3,hamilton,41,2,19:13:29,25.146
2014,3,rosberg,41,2,19:13:42,24.907
2014,3,maldonado,40,3,19:13:51,34.249
2014,3,chilton,40,3,19:14:34,25.981
2014,3,alonso,41,3,19:14:50,24.493
2014,3,raikkonen,41,3,19:15:09,24.453
2014,3,jules_bianchi,40,5,19:16:59,25.383
2014,3,maldonado,47,4,19:27:48,32.874
2014,4,button,7,1,15:16:33,22.408
2014,4,grosjean,9,1,15:19:58,23.213
2014,4,massa,10,1,15:21:37,1:18.277
2014,4,raikkonen,10,1,15:21:45,22.994
2014,4,perez,10,1,15:21:51,22.914
2014,4,ericsson,10,1,15:22:18,23.677
2014,4,alonso,11,1,15:23:16,22.776
2014,4,hulkenberg,11,1,15:23:24,23.438
2014,4,kobayashi,11,1,15:23:49,24.883
2014,4,maldonado,11,1,15:23:51,24.010
2014,4,jules_bianchi,11,1,15:23:56,24.784
2014,4,vettel,12,1,15:25:00,22.570
2014,4,bottas,12,1,15:25:09,24.780
2014,4,chilton,12,1,15:25:48,23.781
2014,4,rosberg,13,1,15:26:51,23.277
2014,4,kvyat,14,1,15:28:56,23.521
2014,4,gutierrez,14,1,15:29:04,22.988
2014,4,ricciardo,15,1,15:30:17,23.186
2014,4,vergne,15,1,15:30:46,24.119
2014,4,hamilton,17,1,15:33:31,22.968
2014,4,kevin_magnussen,17,1,15:34:28,23.670
2014,4,gutierrez,27,2,15:52:18,23.252
2014,4,ericsson,27,2,15:53:08,23.730
2014,4,button,28,2,15:53:59,22.548
2014,4,jules_bianchi,28,2,15:54:28,24.320
2014,4,perez,30,2,15:57:11,23.636
2014,4,kobayashi,30,2,15:57:59,25.402
2014,4,hulkenberg,31,2,15:58:34,22.764
2014,4,bottas,31,2,15:58:35,23.639
2014,4,raikkonen,31,2,15:58:50,23.291
2014,4,kvyat,31,2,15:59:08,23.628
2014,4,kevin_magnussen,31,2,15:59:19,22.579
2014,4,massa,31,2,15:59:50,23.830
2014,4,vergne,32,2,16:00:58,24.417
2014,4,maldonado,32,2,16:01:12,23.022
2014,4,alonso,33,2,16:01:40,22.947
2014,4,chilton,32,2,16:01:49,23.878
2014,4,vettel,34,2,16:03:40,22.246
2014,4,rosberg,37,2,16:08:37,23.089
2014,4,ricciardo,37,2,16:08:42,22.498
2014,4,hamilton,38,2,16:09:59,23.999
2014,4,gutierrez,40,3,16:15:29,22.734
2014,4,kobayashi,40,3,16:15:53,24.722
2014,4,ericsson,42,3,16:20:02,23.969
2014,4,chilton,48,3,16:30:26,23.886
2014,5,vettel,12,1,14:22:29,21.974
2014,5,ricciardo,14,1,14:25:18,21.969
2014,5,grosjean,15,1,14:26:57,22.126
2014,5,massa,15,1,14:27:02,22.890
2014,5,maldonado,15,1,14:27:21,27.851
2014,5,alonso,16,1,14:28:34,21.970
2014,5,vergne,16,1,14:28:57,22.976
2014,5,raikkonen,17,1,14:30:07,22.056
2014,5,hulkenberg,17,1,14:30:13,22.355
2014,5,button,17,1,14:30:19,21.810
2014,5,sutil,17,1,14:30:29,28.013
2014,5,chilton,17,1,14:30:46,24.337
2014,5,hamilton,18,1,14:31:07,22.951
2014,5,perez,18,1,14:31:48,22.367
2014,5,kvyat,18,1,14:31:51,22.703
2014,5,gutierrez,18,1,14:32:02,23.063
2014,5,ericsson,18,1,14:32:30,23.091
2014,5,kevin_magnussen,19,1,14:33:31,21.894
2014,5,bottas,20,1,14:34:39,22.824
2014,5,rosberg,21,1,14:35:43,22.254
2014,5,jules_bianchi,21,1,14:37:01,22.928
2014,5,kobayashi,23,1,14:40:18,22.789
2014,5,massa,28,2,14:47:33,22.381
2014,5,chilton,31,2,14:53:03,23.232
2014,5,vettel,33,2,14:55:18,21.599
2014,5,grosjean,34,2,14:56:49,22.078
2014,5,alonso,35,2,14:58:14,22.014
2014,5,sutil,35,2,14:58:53,23.378
2014,5,hulkenberg,36,2,14:59:56,22.724
2014,5,button,36,2,15:00:01,24.408
2014,5,kvyat,36,2,15:00:07,22.841
2014,5,gutierrez,36,2,15:00:25,24.780
2014,5,perez,37,2,15:01:31,22.282
2014,5,maldonado,37,2,15:01:54,22.024
2014,5,ericsson,40,2,15:07:44,26.671
2014,5,kevin_magnussen,41,2,15:07:56,21.768
2014,5,jules_bianchi,41,2,15:08:45,22.568
2014,5,hamilton,43,2,15:09:35,23.590
2014,5,raikkonen,43,2,15:10:34,22.727
2014,5,chilton,42,3,15:10:46,23.586
2014,5,rosberg,45,2,15:12:42,22.309
2014,5,ricciardo,45,2,15:13:16,21.830
2014,5,bottas,45,2,15:13:31,22.701
2014,5,massa,46,3,15:15:37,22.304
2014,5,vettel,52,3,15:24:24,21.608
2014,5,gutierrez,52,3,15:25:31,23.025
2014,5,alonso,53,3,15:25:53,21.664
2014,5,kvyat,53,3,15:26:38,22.984
2014,6,grosjean,1,1,14:04:54,26.312
2014,6,sutil,1,1,14:04:55,33.207
2014,6,vettel,4,1,14:10:25,1:06.065
2014,6,grosjean,23,2,14:37:00,25.029
2014,6,chilton,24,1,14:38:19,33.074
2014,6,button,25,1,14:38:59,25.992
2014,6,gutierrez,25,1,14:39:10,25.906
2014,6,kobayashi,25,1,14:39:30,25.421
2014,6,jules_bianchi,25,1,14:39:30,32.658
2014,6,rosberg,26,1,14:39:54,24.672
2014,6,hamilton,26,1,14:40:01,27.509
2014,6,ericsson,25,1,14:40:02,28.091
2014,6,raikkonen,26,1,14:40:06,25.282
2014,6,ricciardo,26,1,14:40:07,26.584
2014,6,alonso,26,1,14:40:12,26.499
2014,6,kevin_magnussen,26,1,14:40:29,28.943
2014,6,vergne,26,1,14:40:32,25.444
2014,6,hulkenberg,26,1,14:40:36,25.714
2014,6,bottas,26,1,14:40:41,25.595
2014,6,raikkonen,28,2,14:44:21,25.684
2014,6,chilton,27,2,14:44:22,37.352
2014,6,vergne,37,2,14:57:54,19.385
2014,6,massa,45,1,15:08:42,24.264
2014,6,ericsson,51,2,15:17:37,25.585
2014,6,kobayashi,62,2,15:34:01,25.116
2014,6,chilton,66,3,15:40:58,26.137
2014,6,raikkonen,73,3,15:47:37,31.896
2014,7,gutierrez,1,1,14:05:32,24.370
2014,7,gutierrez,2,2,14:07:36,24.768
2014,7,grosjean,11,1,14:23:03,23.943
2014,7,ricciardo,13,1,14:25:36,23.606
2014,7,bottas,14,1,14:26:56,23.448
2014,7,button,14,1,14:27:05,23.493
2014,7,vettel,15,1,14:28:14,23.904
2014,7,massa,15,1,14:28:20,27.949
2014,7,vergne,15,1,14:28:22,24.433
2014,7,kevin_magnussen,15,1,14:28:30,23.479
2014,7,sutil,15,1,14:28:33,23.703
2014,7,alonso,16,1,14:29:44,23.932
2014,7,raikkonen,17,1,14:31:08,23.925
2014,7,rosberg,18,1,14:32:06,23.882
2014,7,hamilton,19,1,14:33:29,24.417
2014,7,kvyat,29,1,14:47:47,25.235
2014,7,gutierrez,32,3,14:52:08,24.403
2014,7,perez,34,1,14:54:04,23.907
2014,7,bottas,35,2,14:55:26,24.491
2014,7,vettel,36,2,14:56:46,23.340
2014,7,ricciardo,37,2,14:58:06,23.274
2014,7,button,38,2,14:59:46,25.050
2014,7,vergne,39,2,15:01:02,23.975
2014,7,raikkonen,39,2,15:01:06,24.221
2014,7,sutil,40,2,15:02:56,24.068
2014,7,hulkenberg,41,1,15:03:27,23.902
2014,7,rosberg,44,2,15:07:09,25.102
2014,7,alonso,44,2,15:07:33,23.790
2014,7,hamilton,45,2,15:08:31,23.554
2014,7,kevin_magnussen,45,2,15:09:13,23.907
2014,7,grosjean,46,2,15:10:53,23.856
2014,7,kvyat,46,2,15:10:54,25.698
2014,7,massa,48,2,15:12:49,24.012
2014,8,grosjean,3,1,14:07:00,21.884
2014,8,vergne,8,1,14:13:14,22.232
2014,8,hulkenberg,9,1,14:14:26,21.920
2014,8,kevin_magnussen,10,1,14:15:40,21.670
2014,8,kvyat,10,1,14:15:42,21.906
2014,8,ricciardo,10,1,14:15:42,21.467
2014,8,rosberg,11,1,14:16:41,21.474
2014,8,sutil,11,1,14:17:03,22.960
2014,8,gutierrez,12,1,14:18:21,55.222
2014,8,hamilton,13,1,14:19:10,22.226
2014,8,massa,14,1,14:20:24,21.896
2014,8,alonso,14,1,14:20:35,21.234
2014,8,kobayashi,14,1,14:21:00,22.480
2014,8,bottas,15,1,14:21:40,21.133
2014,8,raikkonen,15,1,14:22:00,21.914
2014,8,vettel,20,1,14:29:37,21.381
2014,8,gutierrez,21,2,14:30:35,29.067
2014,8,maldonado,26,1,14:36:02,23.343
2014,8,button,27,1,14:37:01,21.505
2014,8,grosjean,27,2,14:37:37,24.212
2014,8,ericsson,28,1,14:39:03,23.177
2014,8,perez,29,1,14:39:23,23.770
2014,8,vettel,28,2,14:39:56,29.844
2014,8,chilton,37,1,14:50:48,22.977
2014,8,hamilton,39,2,14:51:40,22.555
2014,8,hulkenberg,39,2,14:52:03,22.246
2014,8,vergne,39,2,14:52:32,22.374
2014,8,rosberg,40,2,14:52:50,21.664
2014,8,kevin_magnussen,40,2,14:53:16,21.882
2014,8,bottas,41,2,14:54:08,22.208
2014,8,jules_bianchi,40,1,14:54:11,24.452
2014,8,massa,43,2,14:56:41,22.096
2014,8,ricciardo,43,2,14:57:02,21.398
2014,8,sutil,43,2,14:57:38,22.449
2014,8,ericsson,43,2,14:58:18,25.178
2014,8,raikkonen,44,2,14:58:20,21.618
2014,8,gutierrez,45,3,15:01:17,22.530
2014,8,alonso,47,2,15:01:38,21.276
2014,8,perez,55,2,15:11:39,21.960
2014,8,maldonado,56,2,15:13:32,22.612
2014,8,button,58,2,15:15:32,21.242
2014,9,chilton,2,2,14:09:26,23.154
2014,9,vettel,10,1,14:20:59,28.558
2014,9,kvyat,14,1,14:27:58,28.700
2014,9,ricciardo,15,1,14:29:30,28.483
2014,9,rosberg,18,1,14:33:49,28.329
2014,9,kobayashi,18,1,14:35:28,29.507
2014,9,sutil,23,1,14:43:21,29.956
2014,9,hamilton,24,1,14:43:45,29.679
2014,9,alonso,25,1,14:46:13,34.410
2014,9,perez,26,1,14:48:38,29.599
2014,9,maldonado,26,1,14:48:44,28.831
2014,9,kevin_magnussen,27,1,14:49:39,28.745
2014,9,vergne,27,1,14:50:07,30.218
2014,9,button,28,1,14:51:14,28.645
2014,9,hulkenberg,29,1,14:53:24,29.579
2014,9,jules_bianchi,29,1,14:54:00,30.353
2014,9,kobayashi,29,2,14:54:55,29.540
2014,9,grosjean,30,1,14:55:23,29.710
2014,9,bottas,31,1,14:55:58,29.104
2014,9,chilton,29,3,14:56:02,29.737
2014,9,vettel,33,2,14:59:34,28.787
2014,9,kvyat,35,2,15:03:28,28.575
2014,9,hamilton,41,2,15:12:01,29.291
2014,10,kevin_magnussen,1,1,14:05:24,25.859
2014,10,ericsson,3,1,14:08:42,27.495
2014,10,kvyat,9,1,14:17:06,20.313
2014,10,alonso,12,1,14:20:59,19.174
2014,10,button,13,1,14:22:30,22.604
2014,10,ricciardo,13,1,14:22:38,19.050
2014,10,vergne,13,1,14:22:39,20.274
2014,10,vettel,14,1,14:23:46,19.607
2014,10,hulkenberg,14,1,14:23:52,19.564
2014,10,perez,14,1,14:24:04,21.802
2014,10,gutierrez,14,1,14:24:08,21.002
2014,10,rosberg,15,1,14:24:57,20.055
2014,10,bottas,15,1,14:25:07,20.115
2014,10,kobayashi,15,1,14:25:55,20.121
2014,10,sutil,16,1,14:26:55,20.031
2014,10,chilton,16,1,14:27:18,23.883
2014,10,maldonado,18,1,14:29:48,19.099
2014,10,ericsson,18,2,14:30:40,19.890
2014,10,raikkonen,20,1,14:32:31,19.737
2014,10,jules_bianchi,20,1,14:32:49,20.031
2014,10,grosjean,24,1,14:38:27,18.928
2014,10,hamilton,26,1,14:40:40,19.710
2014,10,kevin_magnussen,29,2,14:45:25,19.135
2014,10,button,31,2,14:47:51,18.916
2014,10,gutierrez,31,2,14:48:20,23.305
2014,10,sutil,32,2,14:49:41,19.638
2014,10,kvyat,32,2,14:49:52,20.251
2014,10,kobayashi,32,2,14:50:24,20.092
2014,10,chilton,32,2,14:50:27,20.920
2014,10,alonso,33,2,14:50:28,19.032
2014,10,vettel,34,2,14:51:49,19.061
2014,10,raikkonen,34,2,14:52:22,19.867
2014,10,perez,34,2,14:52:29,19.843
2014,10,ricciardo,35,2,14:53:27,19.358
2014,10,vergne,37,2,14:56:42,26.711
2014,10,maldonado,38,2,14:58:08,19.126
2014,10,hulkenberg,39,2,14:59:03,19.514
2014,10,bottas,40,2,14:59:58,20.206
2014,10,rosberg,41,2,15:01:08,20.257
2014,10,hamilton,42,2,15:02:54,19.918
2014,10,ericsson,41,3,15:03:48,20.423
2014,10,vettel,45,3,15:07:09,18.879
2014,10,jules_bianchi,45,2,15:08:29,20.575
2014,10,ricciardo,46,3,15:08:49,18.868
2014,10,sutil,47,3,15:10:49,20.424
2014,10,chilton,47,3,15:11:56,20.632
2014,10,kobayashi,48,3,15:13:19,20.358
2014,10,vergne,49,3,15:13:46,20.431
2014,10,hamilton,50,3,15:13:58,19.868
2014,10,gutierrez,50,3,15:15:08,19.779
2014,10,perez,52,3,15:17:42,19.932
2014,10,kevin_magnussen,53,3,15:18:59,19.427
2014,10,raikkonen,53,3,15:19:04,19.740
2014,10,alonso,55,3,15:21:01,19.308
2014,10,button,61,3,15:29:41,19.221
2014,11,button,8,1,14:17:29,26.737
2014,11,ricciardo,8,1,14:17:30,22.205
2014,11,hulkenberg,8,1,14:17:33,24.040
2014,11,massa,8,1,14:17:38,22.851
2014,11,vergne,8,1,14:17:39,23.809
2014,11,perez,8,1,14:17:44,25.535
2014,11,gutierrez,8,1,14:17:46,24.050
2014,11,sutil,8,1,14:17:48,31.956
2014,11,hamilton,8,1,14:17:49,23.800
2014,11,raikkonen,8,1,14:17:51,23.214
2014,11,grosjean,8,1,14:17:53,23.979
2014,11,kvyat,8,1,14:17:58,23.423
2014,11,kobayashi,8,1,14:18:04,34.086
2014,11,chilton,8,1,14:18:13,24.625
2014,11,maldonado,8,1,14:18:14,22.376
2014,11,rosberg,9,1,14:19:36,22.827
2014,11,bottas,9,1,14:19:37,25.497
2014,11,vettel,9,1,14:19:37,22.170
2014,11,alonso,9,1,14:19:38,22.253
2014,11,jules_bianchi,9,1,14:19:52,22.892
2014,11,button,15,2,14:32:05,22.807
2014,11,kevin_magnussen,15,1,14:32:11,23.546
2014,11,maldonado,17,2,14:35:49,32.608
2014,11,jules_bianchi,17,2,14:35:56,25.504
2014,11,ricciardo,23,2,14:44:24,23.741
2014,11,massa,23,2,14:44:30,22.111
2014,11,bottas,23,2,14:44:48,22.518
2014,11,kvyat,30,2,14:57:13,22.202
2014,11,rosberg,32,2,15:00:00,23.864
2014,11,vettel,33,2,15:01:35,21.608
2014,11,vergne,34,2,15:03:00,23.123
2014,11,button,37,3,15:07:38,22.211
2014,11,alonso,38,2,15:08:47,21.634
2014,11,hamilton,39,2,15:10:18,23.364
2014,11,sutil,39,2,15:10:43,22.500
2014,11,kevin_magnussen,39,2,15:10:44,21.812
2014,11,raikkonen,41,2,15:13:31,22.154
2014,11,jules_bianchi,42,3,15:15:42,24.226
2014,11,maldonado,43,3,15:16:53,21.818
2014,11,massa,45,3,15:19:26,22.278
2014,11,chilton,45,2,15:20:20,23.232
2014,11,ricciardo,54,3,15:32:30,22.273
2014,11,rosberg,56,3,15:35:44,22.001
2014,11,bottas,59,3,15:40:29,22.589
2014,12,grosjean,1,1,14:06:17,29.256
2014,12,jules_bianchi,1,1,14:06:49,25.362
2014,12,hamilton,2,1,14:08:41,25.580
2014,12,rosberg,8,1,14:19:40,29.997
2014,12,raikkonen,8,1,14:19:44,22.858
2014,12,perez,9,1,14:21:49,24.104
2014,12,massa,9,1,14:21:55,23.945
2014,12,vettel,10,1,14:23:35,22.800
2014,12,kvyat,10,1,14:23:49,24.082
2014,12,hulkenberg,10,1,14:23:52,23.823
2014,12,ricciardo,11,1,14:25:27,22.913
2014,12,kevin_magnussen,11,1,14:25:37,23.115
2014,12,sutil,11,1,14:25:53,23.755
2014,12,ericsson,11,1,14:26:12,24.083
2014,12,chilton,11,1,14:26:13,23.734
2014,12,bottas,12,1,14:27:28,22.769
2014,12,alonso,12,1,14:27:29,28.920
2014,12,button,13,1,14:29:34,22.800
2014,12,grosjean,13,2,14:30:15,22.838
2014,12,gutierrez,14,1,14:31:51,23.259
2014,12,vergne,15,1,14:33:42,23.571
2014,12,hamilton,17,2,14:38:06,23.066
2014,12,rosberg,19,2,14:41:14,22.936
2014,12,raikkonen,21,2,14:44:58,22.819
2014,12,massa,21,2,14:45:39,24.083
2014,12,sutil,21,2,14:45:40,23.779
2014,12,vettel,22,2,14:46:57,22.731
2014,12,perez,22,2,14:47:17,22.977
2014,12,kevin_magnussen,23,2,14:49:03,22.414
2014,12,jules_bianchi,23,2,14:50:34,23.918
2014,12,kvyat,24,2,14:51:10,24.436
2014,12,ericsson,24,2,14:52:11,24.213
2014,12,alonso,25,2,14:52:56,22.974
2014,12,ricciardo,27,2,14:56:18,22.675
2014,12,grosjean,27,3,14:57:40,24.569
2014,12,bottas,28,2,14:58:29,23.176
2014,12,button,29,2,15:00:43,22.588
2014,12,vergne,29,2,15:01:07,23.202
2014,12,chilton,29,2,15:02:05,24.873
2014,12,hulkenberg,30,2,15:02:51,23.841
2014,12,gutierrez,30,2,15:03:10,22.898
2014,12,hamilton,31,3,15:05:18,24.757
2014,12,rosberg,34,3,15:09:54,23.392
2014,12,vettel,34,3,15:10:16,23.190
2014,12,sutil,34,3,15:10:53,23.732
2014,12,massa,35,3,15:12:42,23.224
2014,13,gutierrez,9,1,14:17:44,26.376
2014,13,vettel,18,1,14:31:00,25.176
2014,13,perez,19,1,14:32:34,24.938
2014,13,hulkenberg,19,1,14:32:44,25.547
2014,13,raikkonen,20,1,14:34:06,24.547
2014,13,grosjean,20,1,14:34:42,25.098
2014,13,kevin_magnussen,21,1,14:35:33,24.214
2014,13,alonso,21,1,14:35:34,24.913
2014,13,maldonado,21,1,14:35:52,24.223
2014,13,button,22,1,14:37:04,24.669
2014,13,kobayashi,22,1,14:37:42,25.277
2014,13,massa,23,1,14:38:19,24.323
2014,13,rosberg,24,1,14:39:36,24.583
2014,13,bottas,24,1,14:40:01,24.991
2014,13,vergne,24,1,14:40:20,25.046
2014,13,sutil,24,1,14:40:40,26.864
2014,13,hamilton,25,1,14:41:07,24.453
2014,13,ricciardo,26,1,14:43:11,24.388
2014,13,jules_bianchi,27,1,14:45:35,26.641
2014,13,kvyat,30,1,14:49:25,24.651
2014,13,ericsson,30,1,14:50:45,28.685
2014,13,gutierrez,36,2,14:59:03,25.693
2014,13,gutierrez,49,3,15:19:29,26.849
2014,14,sutil,8,1,20:19:52,29.887
2014,14,hulkenberg,9,1,20:21:39,29.987
2014,14,massa,10,1,20:23:21,29.578
2014,14,kvyat,10,1,20:23:35,30.089
2014,14,grosjean,10,1,20:23:40,29.322
2014,14,raikkonen,11,1,20:25:15,29.702
2014,14,bottas,11,1,20:25:21,30.340
2014,14,vergne,11,1,20:25:26,29.806
2014,14,maldonado,11,1,20:25:40,29.960
2014,14,vettel,12,1,20:26:56,30.147
2014,14,alonso,12,1,20:27:01,28.912
2014,14,ricciardo,12,1,20:27:04,29.761
2014,14,ericsson,12,1,20:28:03,30.144
2014,14,hamilton,13,1,20:28:41,29.422
2014,14,kevin_magnussen,13,1,20:29:15,28.684
2014,14,button,14,1,20:31:07,28.641
2014,14,perez,15,1,20:33:27,29.979
2014,14,gutierrez,15,1,20:33:38,33.679
2014,14,jules_bianchi,15,1,20:33:44,30.413
2014,14,chilton,16,1,20:36:06,30.751
2014,14,chilton,18,2,20:40:34,37.975
2014,14,massa,22,2,20:46:35,29.006
2014,14,grosjean,22,2,20:47:09,29.040
2014,14,bottas,23,2,20:48:37,28.880
2014,14,kvyat,23,2,20:49:04,30.188
2014,14,maldonado,23,2,20:49:20,29.036
2014,14,alonso,24,2,20:50:06,28.810
2014,14,vergne,24,2,20:50:42,35.309
2014,14,sutil,24,2,20:51:16,29.748
2014,14,vettel,25,2,20:52:01,28.733
2014,14,raikkonen,25,2,20:52:18,29.164
2014,14,hulkenberg,25,2,20:52:46,29.362
2014,14,hamilton,26,2,20:53:42,31.040
2014,14,kevin_magnussen,26,2,20:54:35,28.841
2014,14,ricciardo,27,2,20:55:55,29.113
2014,14,perez,29,2,21:00:56,29.502
2014,14,grosjean,30,3,21:02:56,29.761
2014,14,maldonado,30,3,21:03:14,29.363
2014,14,perez,30,3,21:03:37,35.289
2014,14,jules_bianchi,30,2,21:03:38,29.885
2014,14,alonso,31,3,21:04:03,28.991
2014,14,ericsson,30,2,21:04:09,30.364
2014,14,button,31,2,21:04:39,28.627
2014,14,raikkonen,31,3,21:04:42,30.194
2014,14,hulkenberg,31,3,21:05:18,30.415
2014,14,sutil,31,3,21:06:15,30.672
2014,14,maldonado,31,4,21:06:18,29.655
2014,14,chilton,41,3,21:28:56,29.877
2014,14,kvyat,43,3,21:32:14,31.092
2014,14,vergne,44,3,21:34:02,30.111
2014,14,perez,44,4,21:34:11,29.339
2014,14,jules_bianchi,45,3,21:36:16,29.752
2014,14,kevin_magnussen,46,3,21:37:54,28.706
2014,14,hamilton,52,3,21:48:32,29.284
2014,15,rosberg,2,1,15:06:10,18:56.516
2014,15,hamilton,2,1,15:06:11,18:57.295
2014,15,bottas,2,1,15:06:13,18:56.994
2014,15,massa,2,1,15:06:15,18:56.594
2014,15,alonso,2,1,15:06:17,18:57.051
2014,15,ricciardo,2,1,15:06:20,18:55.520
2014,15,kevin_magnussen,2,1,15:06:21,18:55.891
2014,15,button,2,1,15:06:23,18:56.054
2014,15,vettel,2,1,15:06:26,18:54.978
2014,15,raikkonen,2,1,15:06:28,18:55.276
2014,15,perez,2,1,15:06:30,18:55.712
2014,15,kvyat,2,1,15:06:33,18:54.529
2014,15,hulkenberg,2,1,15:06:35,18:56.562
2014,15,sutil,2,1,15:06:37,18:55.797
2014,15,gutierrez,2,1,15:06:39,18:54.553
2014,15,grosjean,2,1,15:06:42,18:53.680
2014,15,jules_bianchi,2,1,15:06:44,18:53.708
2014,15,kobayashi,2,1,15:06:47,18:53.381
2014,15,vergne,2,1,15:06:50,18:56.557
2014,15,chilton,2,1,15:06:52,18:55.937
2014,15,maldonado,2,1,15:07:03,18:47.145
2014,15,ericsson,2,1,15:07:18,18:33.851
2014,15,button,9,2,15:44:19,24.532
2014,15,maldonado,9,2,15:44:28,25.460
2014,15,bottas,11,2,15:48:14,24.465
2014,15,ricciardo,11,2,15:48:16,24.184
2014,15,kevin_magnussen,11,2,15:48:17,24.550
2014,15,raikkonen,11,2,15:48:20,25.191
2014,15,perez,11,2,15:48:20,24.971
2014,15,kvyat,11,2,15:48:22,24.567
2014,15,gutierrez,11,2,15:48:25,24.873
2014,15,grosjean,11,2,15:48:26,24.011
2014,15,kobayashi,11,2,15:48:28,28.656
2014,15,vergne,11,2,15:48:29,25.451
2014,15,ericsson,11,2,15:48:34,31.187
2014,15,chilton,11,2,15:48:36,25.879
2014,15,massa,12,2,15:50:12,24.374
2014,15,vettel,12,2,15:50:13,23.764
2014,15,hulkenberg,12,2,15:50:17,24.696
2014,15,sutil,12,2,15:50:21,25.136
2014,15,rosberg,13,2,15:51:49,23.696
2014,15,jules_bianchi,13,2,15:52:24,25.116
2014,15,hamilton,14,2,15:53:43,23.891
2014,15,kevin_magnussen,15,3,15:56:34,33.215
2014,15,vergne,19,3,16:04:37,24.353
2014,15,grosjean,21,3,16:08:25,23.656
2014,15,sutil,22,3,16:10:19,24.407
2014,15,maldonado,22,3,16:10:28,24.184
2014,15,raikkonen,23,3,16:12:06,32.466
2014,15,kvyat,23,3,16:12:08,24.222
2014,15,chilton,23,3,16:12:57,25.278
2014,15,jules_bianchi,24,3,16:14:29,24.910
2014,15,perez,25,3,16:16:02,24.622
2014,15,ericsson,25,3,16:16:32,25.977
2014,15,hulkenberg,26,3,16:17:49,23.873
2014,15,kobayashi,26,3,16:18:42,25.635
2014,15,vettel,29,3,16:22:58,23.443
2014,15,button,31,3,16:26:40,28.547
2014,15,sutil,32,4,16:30:14,24.314
2014,15,rosberg,33,3,16:30:17,24.862
2014,15,kevin_magnussen,33,4,16:32:03,23.701
2014,15,gutierrez,34,3,16:33:51,26.943
2014,15,raikkonen,34,4,16:33:52,24.173
2014,15,grosjean,34,4,16:33:58,23.745
2014,15,hamilton,35,3,16:34:00,23.677
2014,15,ricciardo,36,3,16:36:14,25.607
2014,15,massa,37,3,16:39:03,24.930
2014,15,bottas,38,3,16:40:55,25.052
2014,15,kobayashi,38,4,16:42:35,25.576
2014,15,kvyat,39,4,16:43:18,26.554
2014,15,ericsson,39,4,16:44:06,25.655
2014,15,kobayashi,39,5,16:45:03,24.907
2014,15,maldonado,40,4,16:45:34,25.981
2014,15,kevin_magnussen,40,5,16:45:43,24.361
2014,15,button,42,4,16:48:03,24.757
2014,15,hulkenberg,43,4,16:51:01,24.792
2014,15,perez,43,4,16:51:21,25.313
2014,15,raikkonen,43,5,16:51:48,24.768
2014,15,grosjean,43,5,16:52:21,23.785
2014,16,rosberg,1,1,15:05:38,33.820
2014,16,massa,1,1,15:05:45,29.912
2014,16,chilton,4,1,15:11:25,31.374
2014,16,ricciardo,11,1,15:23:27,30.006
2014,16,sutil,12,1,15:25:38,30.733
2014,16,kvyat,20,1,15:39:18,31.584
2014,16,grosjean,20,1,15:39:40,30.037
2014,16,maldonado,21,1,15:41:54,30.180
2014,16,button,22,1,15:42:24,29.994
2014,16,vergne,23,1,15:44:29,30.272
2014,16,hulkenberg,24,1,15:46:32,30.096
2014,16,alonso,25,1,15:47:40,35.112
2014,16,perez,25,1,15:48:06,29.876
2014,16,bottas,26,1,15:49:13,30.363
2014,16,kevin_magnussen,26,1,15:49:27,29.736
2014,16,raikkonen,26,1,15:49:44,30.097
2014,16,hamilton,27,1,15:50:40,30.503
2014,16,massa,27,2,15:51:39,30.278
2014,16,ericsson,27,1,15:52:14,31.020
2014,16,vettel,30,1,15:56:37,30.355
2014,16,kvyat,37,2,16:09:35,30.321
2014,16,gutierrez,39,1,16:12:57,30.303
2014,16,ericsson,43,2,16:21:18,30.760
2014,17,kevin_magnussen,1,1,14:05:26,26.881
2014,17,hulkenberg,1,1,14:05:32,33.427
2014,17,button,1,1,14:05:32,26.806
2014,17,gutierrez,1,1,14:05:34,25.007
2014,17,vettel,1,1,14:05:37,24.226
2014,17,vettel,2,2,14:08:25,23.909
2014,17,massa,14,1,14:30:44,24.488
2014,17,ricciardo,14,1,14:30:46,24.040
2014,17,rosberg,15,1,14:32:19,24.433
2014,17,bottas,15,1,14:32:30,24.151
2014,17,maldonado,15,1,14:32:45,29.734
2014,17,vergne,15,1,14:32:46,30.158
2014,17,hamilton,16,1,14:34:07,24.368
2014,17,alonso,16,1,14:34:26,24.601
2014,17,grosjean,16,1,14:34:33,24.688
2014,17,raikkonen,17,1,14:36:16,24.131
2014,17,gutierrez,20,2,14:42:01,31.198
2014,17,kvyat,21,1,14:43:32,24.995
2014,17,vettel,26,3,14:52:33,23.799
2014,17,kevin_magnussen,27,2,14:54:14,24.497
2014,17,button,28,2,14:56:05,23.546
2014,17,grosjean,29,2,14:57:45,23.802
2014,17,vergne,29,2,14:57:50,24.553
2014,17,bottas,30,2,14:58:59,24.283
2014,17,ricciardo,31,2,15:00:38,24.356
2014,17,massa,32,2,15:02:21,25.456
2014,17,hamilton,33,2,15:03:57,24.244
2014,17,rosberg,34,2,15:05:43,24.513
2014,17,maldonado,35,2,15:08:22,24.468
2014,17,gutierrez,40,3,15:17:42,24.726
2014,17,kvyat,41,2,15:18:59,24.189
2014,17,raikkonen,42,2,15:20:41,23.872
2014,17,alonso,43,2,15:22:10,24.133
2014,17,vettel,48,4,15:31:17,23.948
2014,17,kvyat,51,3,15:36:52,26.541
2014,17,raikkonen,52,3,15:38:29,24.226
2014,18,maldonado,4,1,14:08:39,23.753
2014,18,massa,5,1,14:09:42,23.220
2014,18,perez,5,1,14:09:55,23.467
2014,18,bottas,6,1,14:11:00,23.294
2014,18,button,6,1,14:11:00,23.018
2014,18,vettel,6,1,14:11:07,23.808
2014,18,rosberg,7,1,14:12:10,23.730
2014,18,kevin_magnussen,7,1,14:12:21,23.061
2014,18,alonso,7,1,14:12:23,23.278
2014,18,ricciardo,7,1,14:12:24,23.141
2014,18,hamilton,8,1,14:13:27,23.351
2014,18,gutierrez,8,1,14:13:43,23.661
2014,18,raikkonen,8,1,14:13:44,23.427
2014,18,vergne,9,1,14:15:04,23.782
2014,18,hulkenberg,16,1,14:24:01,23.554
2014,18,kvyat,18,1,14:26:39,25.001
2014,18,sutil,18,1,14:26:52,29.465
2014,18,vettel,24,2,14:34:28,23.195
2014,18,grosjean,24,1,14:34:30,25.591
2014,18,massa,25,2,14:35:32,30.084
2014,18,perez,25,2,14:35:57,22.997
2014,18,rosberg,26,2,14:36:33,23.346
2014,18,bottas,26,2,14:36:50,35.284
2014,18,kevin_magnussen,26,2,14:36:58,24.190
2014,18,button,27,2,14:38:10,22.620
2014,18,ricciardo,27,2,14:38:18,22.871
2014,18,gutierrez,27,2,14:38:26,24.267
2014,18,vergne,27,2,14:38:30,24.408
2014,18,maldonado,27,2,14:38:36,22.865
2014,18,hamilton,28,2,14:39:09,24.224
2014,18,alonso,28,2,14:39:32,23.134
2014,18,raikkonen,35,2,14:48:30,27.934
2014,18,hulkenberg,36,2,14:49:47,23.323
2014,18,kvyat,38,2,14:52:30,24.385
2014,18,sutil,39,2,14:54:06,24.302
2014,18,grosjean,40,2,14:55:19,23.023
2014,18,bottas,42,3,14:57:48,26.463
2014,18,maldonado,45,3,15:01:47,23.090
2014,18,vergne,46,3,15:03:02,24.002
2014,18,kevin_magnussen,47,3,15:03:59,24.131
2014,18,perez,47,3,15:04:19,30.067
2014,18,vettel,48,3,15:05:05,22.746
2014,18,gutierrez,48,3,15:05:32,23.418
2014,18,rosberg,50,3,15:06:59,23.240
2014,18,sutil,49,3,15:07:08,24.853
2014,18,massa,50,3,15:07:25,26.918
2014,18,button,50,3,15:07:33,23.383
2014,18,hamilton,51,3,15:08:16,22.874
2014,18,alonso,52,3,15:10:12,23.077
2014,18,kvyat,59,3,15:19:23,24.726
2014,18,grosjean,59,3,15:19:41,23.197
2014,18,hulkenberg,60,3,15:20:21,23.411
2014,19,grosjean,1,1,17:05:39,16.120
2014,19,alonso,5,1,17:12:48,21.619
2014,19,sutil,5,1,17:13:03,22.491
2014,19,button,6,1,17:14:36,22.627
2014,19,kvyat,6,1,17:14:38,24.169
2014,19,raikkonen,6,1,17:14:41,21.546
2014,19,gutierrez,7,1,17:16:39,23.128
2014,19,maldonado,7,1,17:16:42,21.998
2014,19,grosjean,8,2,17:18:40,21.699
2014,19,hamilton,10,1,17:21:35,21.885
2014,19,bottas,10,1,17:21:52,21.661
2014,19,rosberg,11,1,17:23:26,21.741
2014,19,massa,13,1,17:27:05,22.054
2014,19,vergne,13,1,17:27:37,22.919
2014,19,perez,14,1,17:29:24,22.031
2014,19,stevens,14,1,17:30:04,24.144
2014,19,hulkenberg,15,1,17:31:09,27.445
2014,19,kobayashi,15,1,17:31:40,24.421
2014,19,kevin_magnussen,21,1,17:42:16,22.087
2014,19,vettel,21,1,17:42:18,23.094
2014,19,grosjean,21,3,17:42:47,21.574
2014,19,sutil,22,2,17:44:35,22.277
2014,19,raikkonen,26,2,17:51:27,22.206
2014,19,ricciardo,27,1,17:52:58,21.747
2014,19,alonso,27,2,17:53:14,22.068
2014,19,button,28,2,17:55:03,22.042
2014,19,gutierrez,28,2,17:55:32,23.270
2014,19,kevin_magnussen,29,2,17:57:15,21.623
2014,19,vergne,30,2,17:58:48,22.761
2014,19,hamilton,31,2,17:59:40,21.887
2014,19,rosberg,34,2,18:05:35,24.083
2014,19,bottas,35,2,18:07:17,22.015
2014,19,kobayashi,36,2,18:10:43,22.426
2014,19,hulkenberg,37,2,18:11:24,21.642
2014,19,sutil,37,3,18:12:07,22.227
2014,19,stevens,37,2,18:13:03,23.545
2014,19,perez,41,2,18:18:37,22.325
2014,19,massa,43,2,18:21:15,22.040
2014,19,vergne,44,3,18:24:19,22.348
2014,19,vettel,46,2,18:27:33,21.611
2014,19,ricciardo,47,2,18:28:55,21.582
2015,1,ericsson,1,1,16:05:59,22.681
2015,1,raikkonen,16,1,16:31:07,27.465
2015,1,massa,21,1,16:38:38,22.062
2015,1,hulkenberg,21,1,16:39:11,22.137
2015,1,ricciardo,23,1,16:42:09,22.535
2015,1,vettel,24,1,16:43:16,22.694
2015,1,sainz,24,1,16:43:48,55.789
2015,1,hamilton,25,1,16:44:32,22.295
2015,1,nasr,25,1,16:45:12,22.933
2015,1,rosberg,26,1,16:46:11,22.105
2015,1,ericsson,26,2,16:47:15,23.254
2015,1,button,27,1,16:49:15,23.353
2015,1,max_verstappen,32,1,16:56:30,23.532
2015,1,perez,38,1,17:06:52,26.009
2015,1,raikkonen,40,2,17:08:30,22.405
2015,1,ericsson,43,3,17:14:28,22.353
2015,1,hulkenberg,44,2,17:15:43,21.612
2015,2,maldonado,1,1,15:06:15,37.289
2015,2,nasr,2,1,15:07:27,33.918
2015,2,raikkonen,2,1,15:08:04,27.285
2015,2,hamilton,4,1,15:11:07,26.094
2015,2,rosberg,4,1,15:11:11,33.689
2015,2,ricciardo,4,1,15:11:13,26.714
2015,2,massa,4,1,15:11:16,25.831
2015,2,kvyat,4,1,15:11:17,30.463
2015,2,max_verstappen,4,1,15:11:22,29.516
2015,2,bottas,4,1,15:11:24,30.154
2015,2,alonso,4,1,15:11:32,25.222
2015,2,button,4,1,15:11:38,33.027
2015,2,merhi,5,1,15:14:03,27.540
2015,2,sainz,14,1,15:30:50,25.126
2015,2,raikkonen,14,2,15:30:53,24.744
2015,2,hulkenberg,15,1,15:32:38,25.826
2015,2,grosjean,15,1,15:32:40,24.377
2015,2,vettel,17,1,15:35:47,23.996
2015,2,perez,17,1,15:36:31,25.268
2015,2,ricciardo,18,2,15:38:11,25.604
2015,2,maldonado,18,2,15:38:27,37.394
2015,2,max_verstappen,20,2,15:41:45,25.655
2015,2,nasr,20,2,15:42:00,25.741
2015,2,kvyat,21,2,15:43:36,24.781
2015,2,button,21,2,15:43:48,25.581
2015,2,merhi,22,2,15:46:29,27.004
2015,2,hamilton,24,2,15:48:25,24.595
2015,2,massa,24,2,15:48:49,24.788
2015,2,bottas,25,2,15:50:42,24.432
2015,2,rosberg,26,2,15:52:07,24.574
2015,2,grosjean,26,2,15:52:37,24.621
2015,2,nasr,30,3,16:00:16,25.331
2015,2,hulkenberg,31,2,16:02:02,25.047
2015,2,sainz,32,2,16:03:31,25.165
2015,2,maldonado,33,3,16:05:48,24.276
2015,2,raikkonen,34,3,16:06:41,24.653
2015,2,ricciardo,34,3,16:07:16,25.393
2015,2,grosjean,34,3,16:07:29,26.014
2015,2,perez,35,2,16:09:15,35.776
2015,2,button,35,3,16:09:16,25.846
2015,2,vettel,37,2,16:11:15,25.092
2015,2,hamilton,38,3,16:13:14,24.179
2015,2,massa,38,3,16:13:54,26.971
2015,2,kvyat,39,3,16:16:13,26.149
2015,2,bottas,40,3,16:17:30,25.002
2015,2,max_verstappen,40,3,16:17:48,24.768
2015,2,rosberg,41,3,16:18:40,24.336
2015,2,nasr,43,4,16:23:49,25.204
2015,2,merhi,42,3,16:24:30,29.202
2015,2,hulkenberg,44,3,16:25:34,35.351
2015,3,nasr,10,1,14:21:26,23.409
2015,3,maldonado,11,1,14:23:09,22.470
2015,3,perez,11,1,14:23:19,22.829
2015,3,grosjean,12,1,14:24:52,23.421
2015,3,max_verstappen,12,1,14:24:59,24.256
2015,3,alonso,12,1,14:25:14,23.238
2015,3,vettel,13,1,14:26:23,22.488
2015,3,massa,13,1,14:26:33,23.145
2015,3,hamilton,14,1,14:28:00,22.645
2015,3,bottas,14,1,14:28:20,23.084
2015,3,ericsson,14,1,14:28:36,23.846
2015,3,ricciardo,14,1,14:28:38,22.635
2015,3,button,14,1,14:28:51,23.936
2015,3,rosberg,15,1,14:29:48,22.483
2015,3,raikkonen,15,1,14:29:55,22.818
2015,3,stevens,16,1,14:32:55,24.132
2015,3,merhi,17,1,14:34:51,25.938
2015,3,sainz,19,1,14:37:55,23.795
2015,3,perez,26,2,14:50:03,23.338
2015,3,vettel,30,2,14:56:09,22.444
2015,3,ericsson,30,2,14:57:12,24.589
2015,3,rosberg,31,2,14:57:50,22.829
2015,3,nasr,31,2,14:58:53,23.732
2015,3,grosjean,32,2,15:00:30,23.605
2015,3,max_verstappen,32,2,15:00:35,23.258
2015,3,button,32,2,15:00:57,23.273
2015,3,hamilton,33,2,15:01:11,22.235
2015,3,maldonado,33,2,15:02:42,22.899
2015,3,raikkonen,34,2,15:03:09,22.453
2015,3,massa,34,2,15:03:37,23.317
2015,3,bottas,35,2,15:05:28,23.582
2015,3,alonso,35,2,15:06:28,23.345
2015,3,ricciardo,36,2,15:07:45,22.897
2015,3,stevens,38,2,15:13:29,24.054
2015,3,sainz,39,2,15:14:00,23.424
2015,3,perez,41,3,15:16:42,23.144
2015,3,merhi,40,2,15:17:19,24.088
2015,3,maldonado,48,3,15:29:49,17.912
2015,4,max_verstappen,6,1,18:14:10,39.338
2015,4,hulkenberg,10,1,18:20:48,26.652
2015,4,nasr,10,1,18:20:56,25.459
2015,4,massa,10,1,18:20:57,24.894
2015,4,maldonado,10,1,18:20:58,30.426
2015,4,ericsson,11,1,18:22:33,26.045
2015,4,sainz,11,1,18:22:40,32.647
2015,4,grosjean,12,1,18:24:12,24.735
2015,4,vettel,13,1,18:25:38,24.509
2015,4,alonso,13,1,18:26:08,25.370
2015,4,rosberg,14,1,18:27:16,25.311
2015,4,bottas,14,1,18:27:28,25.293
2015,4,ricciardo,14,1,18:27:29,25.723
2015,4,hamilton,15,1,18:28:52,25.791
2015,4,kvyat,15,1,18:29:32,25.421
2015,4,raikkonen,17,1,18:32:23,24.773
2015,4,perez,17,1,18:32:51,25.573
2015,4,merhi,18,1,18:35:44,25.834
2015,4,stevens,19,1,18:37:18,26.103
2015,4,nasr,24,2,18:44:52,25.898
2015,4,massa,24,2,18:44:53,25.017
2015,4,maldonado,24,2,18:44:54,24.310
2015,4,ericsson,25,2,18:46:26,49.162
2015,4,hulkenberg,25,2,18:46:33,24.679
2015,4,sainz,29,2,18:53:43,26.593
2015,4,max_verstappen,30,2,18:55:37,27.225
2015,4,grosjean,31,2,18:56:32,25.259
2015,4,vettel,32,2,18:57:31,24.449
2015,4,hamilton,33,2,18:59:01,24.528
2015,4,bottas,33,2,18:59:33,24.623
2015,4,rosberg,34,2,19:00:48,25.418
2015,4,stevens,33,2,19:01:49,26.479
2015,4,kvyat,34,2,19:01:53,24.692
2015,4,ricciardo,35,2,19:03:02,24.943
2015,4,alonso,35,2,19:03:51,24.878
2015,4,merhi,34,2,19:04:04,27.573
2015,4,vettel,36,3,19:04:29,33.921
2015,4,perez,37,2,19:06:50,25.288
2015,4,ericsson,37,3,19:07:13,26.042
2015,4,hulkenberg,38,3,19:08:50,24.979
2015,4,raikkonen,40,2,19:10:55,24.547
2015,4,maldonado,41,3,19:13:31,1:47.394
2015,4,nasr,41,3,19:13:54,26.210
2015,5,hulkenberg,10,1,14:19:46,22.659
2015,5,kvyat,11,1,14:21:18,22.667
2015,5,button,11,1,14:21:23,22.589
2015,5,nasr,12,1,14:22:55,22.677
2015,5,hamilton,13,1,14:23:49,24.586
2015,5,ricciardo,13,1,14:24:18,22.440
2015,5,max_verstappen,13,1,14:24:19,24.396
2015,5,vettel,14,1,14:25:21,21.762
2015,5,massa,14,1,14:25:37,22.139
2015,5,maldonado,14,1,14:25:48,24.976
2015,5,sainz,14,1,14:25:58,22.859
2015,5,rosberg,15,1,14:26:45,21.870
2015,5,bottas,15,1,14:27:01,22.082
2015,5,grosjean,15,1,14:27:28,23.309
2015,5,maldonado,15,2,14:27:46,32.459
2015,5,stevens,16,1,14:29:49,24.687
2015,5,raikkonen,17,1,14:30:09,22.623
2015,5,merhi,17,1,14:31:33,24.631
2015,5,ericsson,18,1,14:32:23,25.272
2015,5,perez,19,1,14:33:59,22.468
2015,5,alonso,21,1,14:37:01,23.728
2015,5,hulkenberg,26,2,14:45:13,22.534
2015,5,button,27,2,14:47:05,23.327
2015,5,merhi,30,2,14:53:03,23.070
2015,5,hamilton,32,2,14:53:17,22.727
2015,5,massa,32,2,14:53:41,22.629
2015,5,stevens,32,2,14:56:02,23.043
2015,5,perez,36,2,15:01:03,22.426
2015,5,max_verstappen,37,2,15:02:19,22.607
2015,5,kvyat,38,2,15:03:48,22.273
2015,5,nasr,39,2,15:05:35,23.186
2015,5,vettel,40,2,15:05:38,21.836
2015,5,grosjean,40,2,15:06:43,33.256
2015,5,raikkonen,41,2,15:07:35,21.789
2015,5,bottas,42,2,15:08:57,21.800
2015,5,ricciardo,42,2,15:09:42,24.884
2015,5,sainz,42,2,15:10:08,22.178
2015,5,maldonado,43,3,15:12:01,22.575
2015,5,rosberg,45,2,15:13:00,22.452
2015,5,button,44,3,15:13:49,24.066
2015,5,ericsson,45,2,15:15:00,22.872
2015,5,massa,47,3,15:17:04,22.257
2015,5,stevens,47,3,15:20:31,22.796
2015,5,hulkenberg,49,3,15:21:24,22.545
2015,5,hamilton,51,3,15:22:23,21.965
2015,5,merhi,49,3,15:24:15,24.200
2015,6,hulkenberg,1,1,14:04:47,34.773
2015,6,massa,1,1,14:05:03,42.934
2015,6,sainz,12,1,14:19:42,25.306
2015,6,bottas,14,1,14:22:23,24.641
2015,6,ericsson,14,1,14:22:25,25.618
2015,6,grosjean,17,1,14:26:21,25.077
2015,6,nasr,18,1,14:27:40,25.732
2015,6,kvyat,28,1,14:40:43,25.119
2015,6,max_verstappen,29,1,14:42:14,52.821
2015,6,hulkenberg,31,2,14:46:02,24.758
2015,6,alonso,32,1,14:46:31,30.345
2015,6,stevens,33,1,14:50:20,28.606
2015,6,button,35,1,14:50:28,25.062
2015,6,vettel,36,1,14:51:19,24.851
2015,6,ricciardo,36,1,14:51:34,24.501
2015,6,perez,36,1,14:51:43,24.733
2015,6,rosberg,37,1,14:52:37,24.789
2015,6,merhi,35,1,14:52:53,27.554
2015,6,raikkonen,37,1,14:52:54,24.177
2015,6,hamilton,38,1,14:53:49,24.181
2015,6,ericsson,38,2,14:55:31,25.398
2015,6,massa,39,2,14:58:08,24.970
2015,6,max_verstappen,46,2,15:06:05,25.736
2015,6,bottas,56,2,15:19:50,24.412
2015,6,massa,62,3,15:29:53,24.395
2015,6,perez,64,2,15:29:57,25.119
2015,6,button,64,2,15:30:17,24.661
2015,6,hamilton,65,2,15:30:51,25.495
2015,6,nasr,64,2,15:30:55,26.420
2015,6,ricciardo,65,2,15:31:26,24.244
2015,6,ericsson,69,3,15:40:15,25.234
2015,7,button,1,1,14:04:39,18.057
2015,7,vettel,7,1,14:12:45,27.241
2015,7,maldonado,17,1,14:25:56,23.660
2015,7,ricciardo,23,1,14:34:08,23.997
2015,7,perez,24,1,14:35:26,23.453
2015,7,raikkonen,26,1,14:37:27,23.630
2015,7,nasr,26,1,14:38:33,24.795
2015,7,grosjean,27,1,14:39:08,24.292
2015,7,kvyat,27,1,14:39:23,23.681
2015,7,sainz,27,1,14:39:37,24.277
2015,7,bottas,28,1,14:40:10,25.541
2015,7,hulkenberg,28,1,14:40:35,23.507
2015,7,ericsson,28,1,14:40:57,24.149
2015,7,hamilton,29,1,14:41:11,23.708
2015,7,rosberg,30,1,14:42:33,23.321
2015,7,alonso,31,1,14:45:06,23.553
2015,7,vettel,35,2,14:50:00,23.945
2015,7,stevens,34,1,14:50:14,30.807
2015,7,merhi,35,1,14:51:40,26.986
2015,7,massa,37,1,14:52:40,23.912
2015,7,max_verstappen,39,1,14:55:43,36.105
2015,7,raikkonen,40,2,14:56:15,24.578
2015,7,button,44,2,15:03:06,25.374
2015,8,kvyat,1,1,14:04:37,28.632
2015,8,ericsson,2,1,14:06:56,30.232
2015,8,button,3,1,14:09:03,24.104
2015,8,button,6,2,14:14:39,28.727
2015,8,ericsson,12,2,14:22:17,16.211
2015,8,grosjean,23,1,14:35:38,22.016
2015,8,nasr,24,1,14:36:49,22.803
2015,8,hulkenberg,25,1,14:37:53,21.685
2015,8,sainz,25,1,14:38:02,27.638
2015,8,bottas,26,1,14:39:05,22.777
2015,8,max_verstappen,26,1,14:39:12,21.984
2015,8,rosberg,33,1,14:47:13,21.768
2015,8,massa,34,1,14:48:45,22.447
2015,8,hamilton,35,1,14:49:40,21.869
2015,8,merhi,34,1,14:50:23,23.926
2015,8,vettel,36,1,14:51:04,31.882
2015,8,maldonado,37,1,14:52:53,21.847
2015,8,perez,38,1,14:54:06,26.689
2015,8,kvyat,45,2,15:03:07,22.111
2015,8,ericsson,45,3,15:04:13,22.449
2015,8,ricciardo,50,1,15:09:02,27.710
2015,9,alonso,1,1,13:05:14,1:11.178
2015,9,ricciardo,11,1,13:23:42,28.464
2015,9,sainz,12,1,13:25:22,29.393
2015,9,raikkonen,13,1,13:26:56,28.974
2015,9,vettel,14,1,13:28:38,28.946
2015,9,alonso,17,2,13:34:06,28.703
2015,9,kvyat,18,1,13:35:17,28.347
2015,9,hamilton,19,1,13:36:43,28.417
2015,9,hulkenberg,19,1,13:36:56,28.558
2015,9,massa,20,1,13:38:21,29.369
2015,9,rosberg,20,1,13:38:22,28.393
2015,9,perez,20,1,13:38:41,28.860
2015,9,ricciardo,20,2,13:39:28,43.240
2015,9,bottas,21,1,13:39:59,28.781
2015,9,ericsson,23,1,13:43:56,29.598
2015,9,stevens,36,1,14:07:55,48.861
2015,9,merhi,36,1,14:08:22,34.672
2015,9,ericsson,37,2,14:08:39,30.867
2015,9,alonso,37,3,14:08:45,32.593
2015,9,raikkonen,38,2,14:09:28,30.397
2015,9,ericsson,41,3,14:16:26,29.828
2015,9,hamilton,43,2,14:17:40,28.979
2015,9,vettel,43,2,14:18:01,29.676
2015,9,ericsson,42,4,14:18:36,30.197
2015,9,rosberg,44,2,14:19:37,30.393
2015,9,massa,44,2,14:19:54,31.948
2015,9,bottas,44,2,14:20:02,31.937
2015,9,kvyat,44,2,14:20:27,33.979
2015,9,hulkenberg,44,2,14:20:36,33.891
2015,9,perez,44,2,14:21:16,31.998
2015,9,merhi,44,2,14:24:44,30.686
2015,9,raikkonen,47,3,14:26:56,30.178
2015,9,stevens,45,2,14:27:17,43.964
2015,10,merhi,6,1,14:15:43,26.392
2015,10,bottas,13,1,14:25:47,22.974
2015,10,kvyat,13,1,14:25:51,22.072
2015,10,massa,14,1,14:27:28,27.936
2015,10,max_verstappen,14,1,14:27:30,22.536
2015,10,button,14,1,14:27:33,22.231
2015,10,grosjean,14,1,14:27:34,22.805
2015,10,nasr,14,1,14:27:41,22.729
2015,10,hulkenberg,15,1,14:28:49,22.573
2015,10,sainz,15,1,14:28:58,25.096
2015,10,alonso,15,1,14:29:00,21.567
2015,10,perez,16,1,14:30:25,22.068
2015,10,ericsson,16,1,14:30:36,23.005
2015,10,hamilton,19,1,14:34:42,23.146
2015,10,rosberg,20,1,14:35:52,21.780
2015,10,vettel,21,1,14:37:10,21.900
2015,10,ricciardo,21,1,14:37:37,21.824
2015,10,raikkonen,22,1,14:38:42,22.566
2015,10,maldonado,24,1,14:42:53,16.444
2015,10,maldonado,25,2,14:44:40,22.812
2015,10,stevens,26,1,14:46:47,23.051
2015,10,massa,29,2,14:50:32,21.915
2015,10,perez,30,2,14:51:57,22.409
2015,10,merhi,30,2,14:53:11,23.125
2015,10,nasr,32,2,14:55:00,22.907
2015,10,kvyat,33,2,14:56:04,21.574
2015,10,ericsson,33,2,14:56:29,22.199
2015,10,grosjean,34,2,14:57:48,28.707
2015,10,button,35,2,14:59:17,21.753
2015,10,hulkenberg,36,2,15:00:25,22.222
2015,10,alonso,36,2,15:00:39,22.300
2015,10,sainz,36,2,15:00:44,22.930
2015,10,max_verstappen,37,2,15:02:04,23.431
2015,10,bottas,38,2,15:03:21,21.867
2015,10,rosberg,42,2,15:08:45,22.013
2015,10,perez,41,3,15:08:53,22.574
2015,10,maldonado,41,3,15:08:57,24.972
2015,10,hamilton,42,2,15:08:57,24.272
2015,10,ericsson,41,3,15:09:02,22.747
2015,10,ricciardo,42,2,15:09:07,22.008
2015,10,vettel,43,2,15:10:02,22.028
2015,10,raikkonen,43,2,15:10:21,22.270
2015,10,grosjean,42,3,15:10:37,23.972
2015,10,stevens,41,2,15:10:40,23.664
2015,10,nasr,42,3,15:10:56,23.097
2015,10,merhi,41,3,15:11:07,23.207
2015,10,kvyat,43,3,15:11:48,21.663
2015,10,alonso,43,3,15:12:11,23.162
2015,10,vettel,45,3,15:14:38,16.639
2015,10,sainz,44,3,15:14:39,16.660
2015,10,button,44,3,15:14:41,16.488
2015,10,alonso,44,4,15:14:42,16.796
2015,10,raikkonen,45,3,15:14:43,16.979
2015,10,massa,44,3,15:14:44,16.823
2015,10,grosjean,44,4,15:14:46,17.064
2015,10,rosberg,45,3,15:14:48,16.623
2015,10,stevens,43,3,15:14:50,17.116
2015,10,perez,44,4,15:14:51,16.958
2015,10,hamilton,45,3,15:14:53,18.249
2015,10,maldonado,44,4,15:14:53,18.782
2015,10,ericsson,44,4,15:14:55,18.577
2015,10,nasr,44,4,15:14:57,18.246
2015,10,ricciardo,45,3,15:14:58,18.270
2015,10,merhi,43,4,15:14:59,18.085
2015,10,bottas,45,3,15:15:16,16.427
2015,10,max_verstappen,45,3,15:15:29,16.485
2015,10,kvyat,45,4,15:15:35,16.453
2015,10,vettel,46,4,15:17:03,17.121
2015,10,sainz,45,4,15:17:04,16.786
2015,10,button,45,4,15:17:06,16.639
2015,10,alonso,45,5,15:17:07,16.879
2015,10,raikkonen,46,4,15:17:08,16.734
2015,10,massa,45,4,15:17:10,16.818
2015,10,grosjean,45,5,15:17:11,17.114
2015,10,rosberg,46,4,15:17:13,17.780
2015,10,stevens,44,4,15:17:14,17.402
2015,10,perez,45,5,15:17:15,32.181
2015,10,hamilton,46,4,15:17:16,17.726
2015,10,maldonado,45,5,15:17:17,18.186
2015,10,ericsson,45,5,15:17:19,17.472
2015,10,nasr,45,5,15:17:21,17.235
2015,10,ricciardo,46,4,15:17:22,18.758
2015,10,merhi,44,5,15:17:23,18.149
2015,10,max_verstappen,46,4,15:17:25,23.043
2015,10,bottas,46,4,15:17:25,17.557
2015,10,kvyat,46,5,15:17:27,17.849
2015,10,bottas,49,5,15:23:48,30.031
2015,10,hamilton,51,5,15:26:23,27.715
2015,10,raikkonen,52,5,15:27:47,59.555
2015,10,massa,54,5,15:31:14,21.502
2015,10,hamilton,54,6,15:31:15,16.579
2015,10,stevens,54,5,15:33:20,22.716
2015,10,max_verstappen,56,5,15:33:45,16.415
2015,10,maldonado,58,6,15:37:12,16.446
2015,10,ricciardo,64,5,15:45:08,31.037
2015,10,rosberg,64,5,15:45:42,24.575
2015,11,ricciardo,7,1,14:20:39,22.637
2015,11,sainz,5,1,14:20:58,23.732
2015,11,perez,8,1,14:22:36,23.562
2015,11,bottas,8,1,14:22:46,23.319
2015,11,alonso,8,1,14:23:03,22.973
2015,11,grosjean,9,1,14:24:43,23.717
2015,11,kvyat,9,1,14:24:46,22.796
2015,11,massa,9,1,14:24:47,23.282
2015,11,max_verstappen,9,1,14:24:48,24.564
2015,11,ericsson,9,1,14:24:54,24.183
2015,11,nasr,10,1,14:27:06,23.439
2015,11,raikkonen,11,1,14:28:44,22.578
2015,11,button,11,1,14:29:15,24.083
2015,11,rosberg,12,1,14:30:22,22.997
2015,11,hamilton,13,1,14:32:13,22.403
2015,11,vettel,14,1,14:34:26,22.681
2015,11,bottas,15,2,14:36:40,17.343
2015,11,merhi,15,1,14:37:29,23.643
2015,11,stevens,16,1,14:39:34,23.826
2015,11,perez,20,2,14:46:18,22.918
2015,11,alonso,20,2,14:47:07,26.103
2015,11,button,20,2,14:47:33,24.151
2015,11,grosjean,21,2,14:48:35,23.493
2015,11,massa,21,2,14:48:52,23.655
2015,11,raikkonen,21,2,14:48:53,23.143
2015,11,max_verstappen,21,2,14:48:54,23.041
2015,11,bottas,21,3,14:49:04,23.489
2015,11,sainz,23,2,14:57:07,23.348
2015,11,kvyat,27,2,15:00:37,22.563
2015,11,nasr,27,2,15:01:15,23.288
2015,11,ericsson,28,2,15:03:02,23.684
2015,11,hamilton,30,2,15:05:42,22.955
2015,11,merhi,29,2,15:06:14,23.282
2015,11,rosberg,31,2,15:07:43,22.765
2015,11,stevens,30,2,15:08:20,24.450
2015,11,max_verstappen,32,3,15:10:22,22.942
2015,11,alonso,32,3,15:11:10,23.191
2015,11,button,35,3,15:17:42,23.761
2015,12,nasr,1,1,14:05:00,25.761
2015,12,max_verstappen,1,1,14:05:02,18.818
2015,12,sainz,10,1,14:18:38,30.358
2015,12,rosberg,18,1,14:30:11,24.657
2015,12,hulkenberg,18,1,14:30:23,24.286
2015,12,massa,19,1,14:31:39,25.207
2015,12,max_verstappen,19,2,14:32:19,25.318
2015,12,ericsson,20,1,14:33:26,24.842
2015,12,bottas,22,1,14:36:10,25.536
2015,12,perez,23,1,14:37:46,24.281
2015,12,nasr,24,2,14:40:02,25.282
2015,12,vettel,25,1,14:40:24,24.340
2015,12,button,25,1,14:41:32,24.310
2015,12,hamilton,26,1,14:41:34,24.368
2015,12,stevens,26,1,14:43:37,29.382
2015,12,kvyat,27,1,14:44:11,23.884
2015,12,raikkonen,28,1,14:45:20,24.442
2015,12,merhi,27,1,14:45:21,26.435
2015,12,alonso,28,1,14:46:15,24.330
2015,12,ricciardo,30,1,14:48:35,24.259
2015,12,sainz,30,2,14:48:54,24.736
2015,12,max_verstappen,33,3,14:53:32,24.938
2015,12,alonso,46,2,15:13:37,19.374
2015,13,grosjean,9,1,20:20:55,30.640
2015,13,alonso,10,1,20:22:46,34.237
2015,13,sainz,10,1,20:22:46,34.970
2015,13,ericsson,10,1,20:22:52,29.589
2015,13,maldonado,10,1,20:22:55,29.762
2015,13,hulkenberg,11,1,20:24:36,30.868
2015,13,kvyat,12,1,20:26:14,29.159
2015,13,massa,12,1,20:26:28,31.380
2015,13,vettel,13,1,20:28:04,29.172
2015,13,ricciardo,13,1,20:28:10,31.307
2015,13,raikkonen,13,1,20:28:15,30.031
2015,13,hamilton,13,1,20:28:21,28.917
2015,13,rosberg,13,1,20:28:30,30.562
2015,13,bottas,13,1,20:28:34,29.260
2015,13,perez,13,1,20:28:45,29.732
2015,13,nasr,13,1,20:28:53,29.679
2015,13,button,13,1,20:28:57,1:05.317
2015,13,max_verstappen,12,1,20:29:01,31.207
2015,13,rossi,13,1,20:29:50,31.180
2015,13,massa,14,2,20:31:49,29.907
2015,13,stevens,14,1,20:32:23,30.398
2015,13,grosjean,26,2,20:57:10,29.826
2015,13,maldonado,27,2,20:59:08,29.223
2015,13,ericsson,28,2,21:01:10,29.857
2015,13,sainz,28,2,21:01:11,29.742
2015,13,massa,29,3,21:03:13,24.415
2015,13,kvyat,33,2,21:10:11,32.924
2015,13,perez,34,2,21:12:15,29.676
2015,13,nasr,34,2,21:12:23,29.917
2015,13,max_verstappen,36,2,21:16:29,30.844
2015,13,ericsson,36,3,21:16:40,29.398
2015,13,vettel,37,2,21:17:26,29.273
2015,13,ricciardo,37,2,21:17:32,29.419
2015,13,rossi,36,2,21:17:38,32.036
2015,13,raikkonen,37,2,21:17:42,30.689
2015,13,rosberg,37,2,21:17:55,29.887
2015,13,bottas,37,2,21:18:06,29.239
2015,13,button,37,2,21:18:41,30.106
2015,13,sainz,37,3,21:19:08,29.885
2015,13,stevens,37,2,21:20:15,37.847
2015,13,button,41,3,21:28:16,37.822
2015,13,maldonado,54,3,21:53:08,29.996
2015,14,perez,1,1,14:05:29,25.041
2015,14,ricciardo,1,1,14:06:11,26.087
2015,14,massa,1,1,14:06:55,34.166
2015,14,kvyat,8,1,14:17:26,23.316
2015,14,alonso,9,1,14:19:04,23.640
2015,14,max_verstappen,9,1,14:19:07,27.793
2015,14,hulkenberg,10,1,14:20:34,23.750
2015,14,nasr,10,1,14:20:51,24.763
2015,14,button,10,1,14:20:51,23.343
2015,14,bottas,11,1,14:22:04,23.542
2015,14,grosjean,11,1,14:22:12,23.793
2015,14,maldonado,12,1,14:23:55,24.842
2015,14,vettel,13,1,14:25:21,23.074
2015,14,ericsson,13,1,14:26:01,23.418
2015,14,raikkonen,14,1,14:27:09,23.714
2015,14,sainz,14,1,14:27:23,23.701
2015,14,rosberg,15,1,14:28:45,23.078
2015,14,hamilton,16,1,14:30:13,22.750
2015,14,massa,16,2,14:32:49,26.735
2015,14,perez,18,2,14:34:39,24.303
2015,14,kvyat,20,2,14:38:04,23.183
2015,14,stevens,21,1,14:40:29,25.875
2015,14,rossi,22,1,14:42:18,25.146
2015,14,ricciardo,24,2,14:45:19,23.225
2015,14,ericsson,26,2,14:48:19,23.441
2015,14,sainz,27,2,14:49:26,39.345
2015,14,button,27,2,14:49:59,23.801
2015,14,raikkonen,28,2,14:50:45,22.584
2015,14,alonso,28,2,14:51:35,23.767
2015,14,rosberg,29,2,14:52:12,23.241
2015,14,bottas,29,2,14:52:23,23.588
2015,14,vettel,30,2,14:53:49,23.130
2015,14,max_verstappen,30,2,14:54:54,23.977
2015,14,nasr,30,2,14:55:14,24.116
2015,14,hamilton,31,2,14:55:15,23.165
2015,14,hulkenberg,31,2,14:56:02,23.491
2015,14,grosjean,33,2,14:59:32,24.554
2015,14,stevens,32,2,14:59:51,23.647
2015,14,rossi,33,2,15:01:34,25.088
2015,14,kvyat,34,3,15:01:48,23.381
2015,14,massa,34,3,15:03:24,24.670
2015,14,maldonado,36,2,15:04:35,23.249
2015,14,perez,36,3,15:05:03,24.267
2015,14,hulkenberg,42,3,15:17:36,35.760
2015,14,stevens,42,3,15:17:36,35.760
2015,15,grosjean,1,1,14:05:55,54.445
2015,15,max_verstappen,1,1,14:06:46,37.334
2015,15,perez,12,1,14:27:00,30.545
2015,15,ricciardo,12,1,14:27:08,29.732
2015,15,sainz,12,1,14:27:19,30.288
2015,15,button,12,1,14:27:21,29.719
2015,15,alonso,13,1,14:29:42,29.539
2015,15,merhi,13,1,14:30:08,35.072
2015,15,stevens,14,1,14:32:34,32.400
2015,15,stevens,17,2,14:39:33,30.421
2015,15,max_verstappen,24,2,14:51:41,30.241
2015,15,bottas,26,1,14:54:41,30.316
2015,15,vettel,30,1,15:01:31,29.367
2015,15,massa,30,1,15:01:51,30.741
2015,15,maldonado,30,1,15:01:56,29.952
2015,15,raikkonen,31,1,15:03:16,29.386
2015,15,hamilton,32,1,15:04:38,30.216
2015,15,kvyat,33,1,15:06:55,30.418
2015,15,nasr,34,1,15:08:41,30.362
2015,16,bottas,1,1,14:05:59,40.488
2015,16,grosjean,1,1,14:06:27,27.621
2015,16,rossi,1,1,14:06:39,37.748
2015,16,alonso,1,1,14:06:40,31.987
2015,16,nasr,2,1,14:08:09,31.137
2015,16,nasr,3,2,14:11:11,25.931
2015,16,bottas,4,2,14:14:23,26.384
2015,16,grosjean,9,2,14:23:43,27.730
2015,16,ericsson,16,1,14:36:37,29.728
2015,16,button,17,1,14:38:36,27.286
2015,16,hamilton,18,1,14:40:00,24.354
2015,16,vettel,18,1,14:40:12,25.019
2015,16,max_verstappen,18,1,14:40:12,25.527
2015,16,massa,18,1,14:40:23,24.646
2015,16,nasr,17,3,14:40:29,25.714
2015,16,rossi,17,2,14:40:33,26.520
2015,16,maldonado,18,1,14:40:42,27.851
2015,16,alonso,18,2,14:41:28,24.631
2015,16,ricciardo,19,1,14:41:45,24.449
2015,16,rosberg,19,1,14:41:53,24.640
2015,16,kvyat,19,1,14:41:54,24.638
2015,16,perez,19,1,14:42:04,26.458
2015,16,raikkonen,19,1,14:42:09,24.733
2015,16,sainz,19,1,14:42:10,25.259
2015,16,hulkenberg,19,1,14:42:11,27.344
2015,16,ericsson,19,2,14:42:56,30.932
2015,16,raikkonen,20,2,14:45:11,34.548
2015,16,alonso,26,3,14:56:18,25.405
2015,16,vettel,27,2,14:56:46,25.576
2015,16,hulkenberg,27,2,14:56:58,27.360
2015,16,sainz,27,2,14:57:05,44.582
2015,16,perez,27,2,14:57:13,24.730
2015,16,button,27,2,14:57:21,24.689
2015,16,maldonado,27,2,14:58:06,25.446
2015,16,nasr,26,4,14:58:12,24.975
2015,16,max_verstappen,28,2,14:59:09,24.904
2015,16,rossi,27,3,15:00:26,25.812
2015,16,rosberg,38,2,15:20:21,25.242
2015,16,kvyat,38,2,15:20:45,25.205
2015,16,ricciardo,38,2,15:20:48,27.802
2015,16,nasr,42,5,15:29:13,35.546
2015,16,hamilton,43,2,15:29:55,24.088
2015,16,vettel,43,3,15:30:04,24.158
2015,16,sainz,43,3,15:30:32,26.840
2015,16,maldonado,43,3,15:30:33,25.054
2015,16,button,44,3,15:32:44,24.862
2015,16,ricciardo,50,3,15:44:54,24.495
2015,17,vettel,1,1,13:04:58,28.070
2015,17,bottas,8,1,13:14:42,22.957
2015,17,massa,9,1,13:16:11,22.849
2015,17,hulkenberg,9,1,13:16:16,23.277
2015,17,maldonado,10,1,13:17:46,26.647
2015,17,ericsson,10,1,13:17:54,22.956
2015,17,grosjean,11,1,13:19:15,22.735
2015,17,nasr,12,1,13:20:51,23.026
2015,17,sainz,13,1,13:21:59,23.128
2015,17,perez,18,1,13:29:04,23.547
2015,17,kvyat,21,1,13:32:58,22.559
2015,17,ricciardo,24,1,13:37:18,22.422
2015,17,max_verstappen,25,1,13:38:51,22.985
2015,17,rosberg,26,1,13:39:37,22.391
2015,17,stevens,26,1,13:41:44,25.087
2015,17,hamilton,28,1,13:42:28,22.304
2015,17,rossi,27,1,13:43:29,25.367
2015,17,button,30,1,13:46:38,23.356
2015,17,vettel,35,2,13:53:28,22.156
2015,17,ericsson,39,2,13:59:15,23.461
2015,17,sainz,43,2,14:04:29,23.776
2015,17,nasr,44,2,14:06:33,23.417
2015,17,rosberg,46,2,14:07:31,22.303
2015,17,hamilton,48,2,14:10:19,22.328
2015,17,button,47,2,14:11:04,23.018
2015,17,sainz,51,3,14:15:57,23.068
2015,17,ericsson,51,3,14:16:29,23.292
2015,17,kvyat,52,2,14:16:33,22.518
2015,17,ricciardo,52,2,14:16:49,22.488
2015,17,massa,52,2,14:16:52,23.086
2015,17,hulkenberg,52,2,14:16:54,24.136
2015,17,nasr,51,3,14:17:02,23.813
2015,17,max_verstappen,52,2,14:17:19,22.589
2015,17,grosjean,52,2,14:17:28,23.101
2015,17,maldonado,52,2,14:17:35,23.937
2015,17,stevens,50,2,14:17:37,24.224
2015,17,rossi,50,2,14:17:41,30.442
2015,17,bottas,53,2,14:18:31,23.160
2015,18,ricciardo,3,1,14:07:06,23.937
2015,18,hulkenberg,9,1,14:14:48,24.009
2015,18,kvyat,10,1,14:16:04,24.155
2015,18,massa,10,1,14:16:08,23.887
2015,18,perez,10,1,14:16:10,23.854
2015,18,grosjean,10,1,14:16:12,24.475
2015,18,bottas,11,1,14:17:18,23.736
2015,18,max_verstappen,11,1,14:17:28,24.166
2015,18,raikkonen,12,1,14:18:31,23.293
2015,18,button,12,1,14:18:53,23.242
2015,18,ericsson,12,1,14:18:58,24.699
2015,18,rosberg,13,1,14:19:39,25.039
2015,18,vettel,13,1,14:19:44,23.801
2015,18,alonso,13,1,14:20:14,22.981
2015,18,hamilton,14,1,14:20:57,24.328
2015,18,nasr,14,1,14:21:27,25.529
2015,18,rossi,14,1,14:22:03,25.492
2015,18,stevens,15,1,14:23:24,25.547
2015,18,maldonado,25,1,14:36:04,24.115
2015,18,ricciardo,28,2,14:40:10,23.979
2015,18,button,31,2,14:44:10,24.265
2015,18,vettel,32,2,14:44:26,23.474
2015,18,rosberg,33,2,14:45:33,23.321
2015,18,alonso,32,2,14:45:34,23.218
2015,18,ericsson,32,2,14:45:52,29.148
2015,18,perez,33,2,14:46:36,23.609
2015,18,hamilton,34,2,14:46:52,23.148
2015,18,max_verstappen,34,2,14:47:52,24.153
2015,18,hulkenberg,35,2,14:48:59,24.199
2015,18,grosjean,35,2,14:49:12,23.787
2015,18,massa,38,2,14:53:00,23.927
2015,18,kvyat,39,2,14:54:15,23.630
2015,18,nasr,39,2,14:54:38,24.491
2015,18,bottas,41,2,14:56:37,24.913
2015,18,stevens,40,2,14:57:45,27.095
2015,18,rossi,41,2,14:59:12,26.706
2015,18,maldonado,44,2,15:01:06,30.082
2015,18,raikkonen,46,2,15:02:43,25.308
2015,18,vettel,47,3,15:03:48,23.861
2015,18,rosberg,48,3,15:04:53,23.046
2015,18,hamilton,49,3,15:06:11,22.936
2015,18,perez,51,3,15:10:22,23.732
2015,18,button,51,3,15:10:27,23.402
2015,18,ricciardo,52,3,15:11:38,24.775
2015,18,alonso,52,3,15:11:48,23.810
2015,18,max_verstappen,53,3,15:12:51,24.078
2015,18,ericsson,53,3,15:13:28,25.102
2015,18,grosjean,54,3,15:14:07,23.958
2015,18,massa,55,3,15:15:12,23.401
2015,19,alonso,1,1,17:05:39,44.990
2015,19,nasr,4,1,17:11:05,28.407
2015,19,kvyat,5,1,17:12:45,21.868
2015,19,perez,6,1,17:14:27,21.922
2015,19,ricciardo,6,1,17:14:29,21.949
2015,19,massa,6,1,17:14:32,22.851
2015,19,hulkenberg,7,1,17:16:20,22.045
2015,19,sainz,7,1,17:16:24,25.307
2015,19,bottas,8,1,17:18:12,24.485
2015,19,max_verstappen,8,1,17:18:16,22.309
2015,19,button,8,1,17:18:18,23.722
2015,19,alonso,8,2,17:19:12,16.128
2015,19,bottas,9,2,17:20:31,28.622
2015,19,rosberg,10,1,17:21:26,21.637
2015,19,raikkonen,10,1,17:21:36,22.162
2015,19,hamilton,11,1,17:23:20,21.346
2015,19,ericsson,15,1,17:31:20,22.838
2015,19,alonso,17,3,17:36:02,22.246
2015,19,max_verstappen,20,2,17:40:25,22.457
2015,19,vettel,23,1,17:45:22,21.795
2015,19,grosjean,23,1,17:45:39,22.203
2015,19,stevens,23,1,17:47:03,22.913
2015,19,hulkenberg,24,2,17:47:36,22.174
2015,19,merhi,24,1,17:49:26,24.314
2015,19,kvyat,25,2,17:49:27,21.634
2015,19,ricciardo,26,2,17:51:05,22.118
2015,19,massa,26,2,17:51:15,22.710
2015,19,nasr,26,2,17:51:35,22.806
2015,19,perez,27,2,17:52:50,22.116
2015,19,button,27,2,17:53:21,22.310
2015,19,sainz,28,2,17:54:59,22.063
2015,19,bottas,29,3,17:57:10,29.592
2015,19,rosberg,31,2,17:59:21,21.580
2015,19,raikkonen,32,2,18:01:20,25.613
2015,19,stevens,33,2,18:06:05,22.854
2015,19,max_verstappen,38,3,18:13:19,22.355
2015,19,vettel,39,2,18:14:14,21.628
2015,19,hamilton,41,2,18:17:11,21.392
2015,19,ericsson,41,2,18:18:57,22.200
2015,19,grosjean,43,2,18:22:01,22.234
2015,19,nasr,44,3,18:24:25,22.086
2015,19,alonso,47,4,18:30:52,22.377
2016,1,kevin_magnussen,1,1,16:09:48,27.831
2016,1,sainz,8,1,16:19:48,22.414
2016,1,nasr,10,1,16:23:19,22.701
2016,1,massa,11,1,16:24:32,21.550
2016,1,wehrlein,11,1,16:24:47,26.206
2016,1,ericsson,11,1,16:24:51,22.357
2016,1,rosberg,12,1,16:25:48,21.531
2016,1,ricciardo,12,1,16:25:59,22.245
2016,1,alonso,12,1,16:26:14,21.796
2016,1,jolyon_palmer,12,1,16:26:22,23.286
2016,1,haryanto,12,1,16:26:36,23.224
2016,1,vettel,13,1,16:27:17,21.339
2016,1,max_verstappen,13,1,16:27:32,22.303
2016,1,button,15,1,16:31:07,22.616
2016,1,raikkonen,16,1,16:32:03,22.508
2016,1,hamilton,16,1,16:32:16,21.940
2016,1,hulkenberg,16,1,16:32:30,22.167
2016,1,perez,16,1,16:32:37,24.719
2016,1,bottas,17,1,16:34:32,21.376
2016,1,kevin_magnussen,16,2,16:34:50,22.079
2016,1,vettel,18,2,16:36:56,18:09.312
2016,1,rosberg,18,2,16:36:58,18:09.303
2016,1,raikkonen,18,2,16:37:00,18:09.365
2016,1,ricciardo,18,2,16:37:02,18:09.822
2016,1,max_verstappen,18,2,16:37:03,18:09.372
2016,1,sainz,18,2,16:37:05,18:09.971
2016,1,hamilton,18,2,16:37:09,18:10.087
2016,1,massa,18,2,16:37:10,18:09.805
2016,1,grosjean,18,1,16:37:12,18:09.417
2016,1,hulkenberg,18,2,16:37:14,18:09.155
2016,1,bottas,18,2,16:37:16,18:08.989
2016,1,jolyon_palmer,18,2,16:37:19,18:08.294
2016,1,perez,18,2,16:37:21,18:07.311
2016,1,ericsson,18,2,16:37:25,18:06.875
2016,1,button,18,2,16:37:31,18:04.466
2016,1,nasr,18,2,16:37:34,18:02.337
2016,1,wehrlein,18,2,16:37:36,18:02.140
2016,1,kevin_magnussen,17,3,16:37:38,15:46.318
2016,1,ericsson,27,3,17:10:16,16.936
2016,1,button,30,3,17:14:55,21.837
2016,1,sainz,31,3,17:16:00,22.392
2016,1,max_verstappen,32,3,17:17:30,29.066
2016,1,wehrlein,32,3,17:18:12,23.895
2016,1,vettel,35,3,17:21:50,24.548
2016,1,ricciardo,42,3,17:32:47,21.981
2016,2,hulkenberg,1,1,18:05:30,31.931
2016,2,perez,2,1,18:07:15,30.326
2016,2,sainz,2,1,18:07:43,28.401
2016,2,ricciardo,6,1,18:13:44,24.541
2016,2,massa,7,1,18:15:20,24.093
2016,2,bottas,8,1,18:17:05,24.944
2016,2,gutierrez,8,1,18:17:13,32.793
2016,2,vandoorne,9,1,18:18:55,24.604
2016,2,bottas,9,2,18:19:07,19.369
2016,2,max_verstappen,10,1,18:20:31,25.810
2016,2,nasr,10,1,18:20:44,26.246
2016,2,grosjean,11,1,18:22:08,25.739
2016,2,wehrlein,11,1,18:22:24,26.236
2016,2,raikkonen,12,1,18:23:37,24.720
2016,2,kevin_magnussen,12,1,18:24:08,26.876
2016,2,haryanto,12,1,18:24:14,26.382
2016,2,rosberg,13,1,18:25:02,24.934
2016,2,hamilton,13,1,18:25:20,24.512
2016,2,ericsson,13,1,18:25:47,24.775
2016,2,perez,14,2,18:27:44,25.068
2016,2,kvyat,16,1,18:30:45,24.419
2016,2,hulkenberg,16,2,18:31:10,24.930
2016,2,sainz,20,2,18:38:33,34.978
2016,2,ricciardo,24,2,18:44:00,26.631
2016,2,kevin_magnussen,24,2,18:44:29,24.383
2016,2,vandoorne,25,2,18:45:55,24.682
2016,2,max_verstappen,26,2,18:47:23,25.594
2016,2,grosjean,27,2,18:48:59,26.151
2016,2,hamilton,28,2,18:50:13,25.030
2016,2,raikkonen,29,2,18:51:43,25.222
2016,2,massa,29,2,18:52:33,24.236
2016,2,ericsson,29,2,18:52:47,25.363
2016,2,wehrlein,29,2,18:52:58,25.547
2016,2,rosberg,30,2,18:53:06,27.226
2016,2,nasr,30,2,18:54:37,25.491
2016,2,haryanto,31,2,18:56:29,28.120
2016,2,kvyat,34,2,19:00:57,24.661
2016,2,bottas,34,3,19:01:08,26.110
2016,2,hulkenberg,35,3,19:03:05,24.734
2016,2,raikkonen,37,3,19:04:55,25.257
2016,2,perez,37,3,19:06:37,24.517
2016,2,kevin_magnussen,38,3,19:07:57,24.341
2016,2,rosberg,39,3,19:07:59,25.761
2016,2,grosjean,40,3,19:10:37,30.063
2016,2,hamilton,41,3,19:11:34,24.524
2016,2,vandoorne,41,3,19:12:46,25.316
2016,2,wehrlein,41,3,19:13:02,25.419
2016,2,ricciardo,42,3,19:13:48,24.879
2016,2,kvyat,44,3,19:17:31,24.224
2016,2,haryanto,44,3,19:18:30,25.517
2016,2,max_verstappen,46,3,19:20:38,25.129
2016,2,nasr,47,3,19:23:12,25.660
2016,2,hulkenberg,51,4,19:29:43,26.595
2016,3,grosjean,1,1,14:05:35,58.563
2016,3,raikkonen,1,1,14:05:39,31.134
2016,3,hamilton,1,1,14:05:46,29.322
2016,3,nasr,1,1,14:06:25,36.854
2016,3,ricciardo,3,1,14:08:57,24.392
2016,3,kvyat,4,1,14:10:42,24.084
2016,3,perez,4,1,14:10:46,23.215
2016,3,vettel,4,1,14:10:50,30.115
2016,3,hulkenberg,4,1,14:10:50,27.683
2016,3,sainz,4,1,14:10:51,25.754
2016,3,button,4,1,14:10:51,24.072
2016,3,bottas,4,1,14:10:52,22.682
2016,3,max_verstappen,4,1,14:10:54,30.034
2016,3,ericsson,4,1,14:10:56,23.955
2016,3,kevin_magnussen,4,1,14:10:58,23.158
2016,3,hamilton,5,2,14:13:57,25.179
2016,3,hamilton,6,3,14:16:03,22.301
2016,3,raikkonen,14,2,14:31:08,23.296
2016,3,wehrlein,15,1,14:32:55,26.969
2016,3,jolyon_palmer,15,1,14:33:07,22.799
2016,3,alonso,16,1,14:34:30,22.874
2016,3,vettel,17,2,14:36:07,22.276
2016,3,hulkenberg,17,2,14:36:22,23.867
2016,3,perez,18,2,14:37:55,22.485
2016,3,haryanto,18,1,14:38:25,23.183
2016,3,kvyat,19,2,14:39:28,22.607
2016,3,massa,19,1,14:39:36,22.124
2016,3,sainz,19,2,14:39:44,22.832
2016,3,ricciardo,19,2,14:39:45,22.461
2016,3,gutierrez,19,1,14:39:57,23.878
2016,3,rosberg,20,1,14:40:58,22.831
2016,3,max_verstappen,20,2,14:41:36,23.744
2016,3,kevin_magnussen,20,2,14:41:50,23.257
2016,3,grosjean,20,2,14:41:52,24.615
2016,3,nasr,20,2,14:42:01,23.735
2016,3,bottas,21,2,14:43:09,22.630
2016,3,hamilton,21,4,14:43:15,22.626
2016,3,jolyon_palmer,24,2,14:49:09,23.280
2016,3,hulkenberg,26,3,14:52:18,29.570
2016,3,button,27,2,14:53:52,23.029
2016,3,wehrlein,27,2,14:54:13,24.104
2016,3,perez,28,3,14:55:33,22.351
2016,3,ericsson,28,2,14:55:48,23.563
2016,3,haryanto,28,2,14:56:08,24.635
2016,3,bottas,30,3,14:58:55,22.747
2016,3,hamilton,30,5,14:59:03,22.698
2016,3,massa,31,2,15:00:34,23.349
2016,3,alonso,32,2,15:02:40,22.927
2016,3,sainz,33,3,15:04:13,24.269
2016,3,grosjean,33,3,15:04:55,23.342
2016,3,gutierrez,34,2,15:06:14,22.963
2016,3,kvyat,35,3,15:07:13,22.684
2016,3,vettel,35,3,15:07:15,22.350
2016,3,kevin_magnussen,35,3,15:08:20,22.677
2016,3,rosberg,36,2,15:08:27,23.559
2016,3,ricciardo,37,3,15:10:56,22.426
2016,3,raikkonen,37,3,15:11:04,22.832
2016,3,jolyon_palmer,38,3,15:13:56,24.099
2016,3,max_verstappen,39,3,15:14:39,23.130
2016,3,nasr,40,3,15:17:07,25.357
2016,3,haryanto,40,3,15:17:16,24.369
2016,3,gutierrez,43,3,15:21:59,23.070
2016,3,wehrlein,43,3,15:22:12,24.274
2016,3,button,44,3,15:23:28,22.510
2016,3,grosjean,44,4,15:24:06,23.284
2016,3,hulkenberg,46,4,15:27:09,22.790
2016,4,kvyat,1,1,15:05:38,41.282
2016,4,ricciardo,1,1,15:05:43,47.763
2016,4,ericsson,1,1,15:05:50,30.529
2016,4,perez,1,1,15:06:03,32.800
2016,4,gutierrez,1,1,15:06:09,40.169
2016,4,kvyat,8,2,15:20:21,38.906
2016,4,gutierrez,9,2,15:22:11,25.037
2016,4,sainz,11,1,15:25:31,30.805
2016,4,nasr,12,1,15:27:22,30.259
2016,4,wehrlein,13,1,15:29:06,31.433
2016,4,jolyon_palmer,14,1,15:30:40,30.805
2016,4,bottas,16,1,15:33:39,29.841
2016,4,kevin_magnussen,16,1,15:34:05,30.585
2016,4,hamilton,17,1,15:35:21,30.001
2016,4,grosjean,17,1,15:35:49,31.420
2016,4,massa,18,1,15:37:14,29.551
2016,4,raikkonen,20,1,15:40:29,30.498
2016,4,button,20,1,15:41:08,30.580
2016,4,rosberg,21,1,15:41:55,29.709
2016,4,alonso,21,1,15:42:40,29.751
2016,4,max_verstappen,22,1,15:44:13,30.553
2016,4,perez,27,2,15:53:11,30.400
2016,4,ericsson,28,2,15:55:13,30.433
2016,4,ricciardo,29,2,15:57:02,31.205
2016,4,wehrlein,39,2,16:14:54,57.151
2016,4,massa,46,2,16:25:17,30.065
2016,5,massa,8,1,14:17:31,21.384
2016,5,perez,9,1,14:18:56,22.679
2016,5,kvyat,9,1,14:19:03,23.277
2016,5,ericsson,9,1,14:19:07,22.840
2016,5,sainz,10,1,14:20:24,22.874
2016,5,button,10,1,14:20:28,22.280
2016,5,hulkenberg,10,1,14:20:31,22.176
2016,5,kevin_magnussen,10,1,14:20:34,22.843
2016,5,ricciardo,11,1,14:21:44,21.738
2016,5,alonso,11,1,14:22:02,21.795
2016,5,jolyon_palmer,11,1,14:22:09,23.283
2016,5,wehrlein,11,1,14:22:14,24.554
2016,5,max_verstappen,12,1,14:23:18,22.369
2016,5,raikkonen,12,1,14:23:25,22.107
2016,5,bottas,12,1,14:23:27,21.856
2016,5,nasr,12,1,14:23:45,22.976
2016,5,vettel,15,1,14:27:51,21.643
2016,5,grosjean,15,1,14:28:12,23.187
2016,5,gutierrez,16,1,14:29:51,23.206
2016,5,haryanto,22,1,14:39:41,28.753
2016,5,ericsson,24,2,14:42:39,23.122
2016,5,massa,25,2,14:43:57,22.568
2016,5,kvyat,25,2,14:44:06,22.234
2016,5,ricciardo,28,2,14:47:45,22.104
2016,5,vettel,29,2,14:49:18,22.617
2016,5,grosjean,29,2,14:50:06,22.844
2016,5,gutierrez,30,2,14:51:38,22.430
2016,5,kevin_magnussen,30,2,14:51:49,23.165
2016,5,jolyon_palmer,33,2,14:56:34,22.397
2016,5,wehrlein,33,2,14:56:46,24.387
2016,5,max_verstappen,34,2,14:56:52,22.348
2016,5,raikkonen,35,2,14:58:25,22.169
2016,5,perez,35,2,14:59:10,21.918
2016,5,button,36,2,15:00:49,22.590
2016,5,nasr,36,2,15:01:17,23.090
2016,5,vettel,37,3,15:01:30,21.603
2016,5,grosjean,37,3,15:02:52,34.832
2016,5,sainz,38,2,15:03:35,22.937
2016,5,bottas,39,2,15:04:59,22.443
2016,5,alonso,39,2,15:05:28,22.987
2016,5,ericsson,40,3,15:07:25,22.897
2016,5,massa,41,3,15:08:28,21.831
2016,5,ricciardo,43,3,15:10:31,21.683
2016,5,haryanto,48,2,15:20:28,26.186
2016,5,kvyat,51,3,15:23:51,22.769
2016,5,kevin_magnussen,55,3,15:30:33,22.122
2016,5,ricciardo,65,4,15:43:55,23.133
2016,6,kvyat,1,1,14:03:20,1:32.609
2016,6,kvyat,2,2,14:07:55,19.918
2016,6,kevin_magnussen,7,1,14:15:27,25.583
2016,6,button,8,1,14:17:20,25.766
2016,6,nasr,8,1,14:17:30,28.242
2016,6,kvyat,7,3,14:17:32,27.698
2016,6,ericsson,11,1,14:22:52,27.176
2016,6,haryanto,11,1,14:22:57,29.117
2016,6,max_verstappen,12,1,14:24:33,25.604
2016,6,vettel,13,1,14:25:55,25.114
2016,6,alonso,14,1,14:27:38,25.512
2016,6,hulkenberg,15,1,14:29:11,25.215
2016,6,bottas,15,1,14:29:22,27.364
2016,6,grosjean,15,1,14:29:44,33.490
2016,6,gutierrez,16,1,14:31:01,26.044
2016,6,rosberg,20,1,14:37:17,26.698
2016,6,massa,20,1,14:37:38,24.934
2016,6,sainz,21,1,14:38:53,27.738
2016,6,perez,21,1,14:38:55,25.714
2016,6,kevin_magnussen,21,2,14:40:27,38.811
2016,6,ricciardo,23,1,14:41:40,25.054
2016,6,ericsson,29,2,14:52:28,26.435
2016,6,perez,30,2,14:53:05,25.608
2016,6,button,30,2,14:53:13,25.450
2016,6,kevin_magnussen,29,3,14:53:21,25.879
2016,6,bottas,30,2,14:54:01,25.478
2016,6,grosjean,30,2,14:54:03,25.111
2016,6,hamilton,31,1,14:54:06,26.315
2016,6,rosberg,31,2,14:54:34,27.680
2016,6,vettel,31,2,14:54:36,25.561
2016,6,hulkenberg,31,2,14:54:39,27.064
2016,6,sainz,31,2,14:54:40,28.112
2016,6,max_verstappen,31,2,14:54:44,25.459
2016,6,wehrlein,31,1,14:55:34,26.517
2016,6,ricciardo,32,2,14:55:37,35.327
2016,6,alonso,32,2,14:56:10,26.836
2016,6,gutierrez,32,2,14:56:16,27.407
2016,6,massa,32,2,14:56:25,25.182
2016,6,nasr,32,2,14:57:11,27.166
2016,6,kevin_magnussen,32,4,14:58:47,31.241
2016,6,haryanto,34,2,15:00:18,27.380
2016,6,haryanto,47,3,15:21:24,26.292
2016,6,nasr,48,3,15:21:45,45.700
2016,6,bottas,49,3,15:22:23,24.673
2016,6,ericsson,49,3,15:23:18,33.342
2016,7,nasr,9,1,14:15:49,23.987
2016,7,vettel,11,1,14:17:58,22.597
2016,7,raikkonen,11,1,14:18:14,22.820
2016,7,wehrlein,11,1,14:18:36,24.784
2016,7,sainz,13,1,14:21:10,23.517
2016,7,gutierrez,13,1,14:21:13,23.412
2016,7,ericsson,14,1,14:22:44,22.957
2016,7,haryanto,15,1,14:24:03,29.732
2016,7,alonso,17,1,14:26:24,27.952
2016,7,grosjean,17,1,14:26:26,23.680
2016,7,kvyat,17,1,14:26:28,23.000
2016,7,max_verstappen,20,1,14:29:59,23.586
2016,7,ricciardo,21,1,14:31:21,22.872
2016,7,rosberg,21,1,14:31:29,22.466
2016,7,hulkenberg,21,1,14:31:34,22.876
2016,7,massa,22,1,14:32:47,22.925
2016,7,bottas,23,1,14:33:59,22.184
2016,7,hamilton,24,1,14:35:00,22.243
2016,7,perez,30,1,14:43:33,22.556
2016,7,raikkonen,33,2,14:47:15,23.263
2016,7,nasr,35,2,14:51:16,23.608
2016,7,vettel,37,2,14:51:55,22.361
2016,7,ricciardo,38,2,14:53:47,24.018
2016,7,wehrlein,38,2,14:54:55,24.516
2016,7,grosjean,39,2,14:55:43,23.055
2016,7,ericsson,39,2,14:56:10,23.299
2016,7,kevin_magnussen,39,1,14:56:12,23.162
2016,7,gutierrez,41,2,14:58:41,23.928
2016,7,kvyat,44,2,15:02:16,22.627
2016,7,haryanto,44,2,15:03:24,25.069
2016,7,max_verstappen,46,2,15:04:02,22.909
2016,7,perez,46,2,15:04:50,24.757
2016,7,grosjean,46,3,15:05:13,32.114
2016,7,sainz,48,2,15:07:17,24.445
2016,7,rosberg,51,2,15:10:35,22.728
2016,7,hulkenberg,51,2,15:11:06,23.111
2016,8,haryanto,1,1,17:05:57,33.405
2016,8,sainz,4,1,17:11:34,22.028
2016,8,max_verstappen,5,1,17:13:24,20.069
2016,8,alonso,5,1,17:13:24,20.282
2016,8,kvyat,5,1,17:13:37,24.802
2016,8,ricciardo,6,1,17:15:04,19.840
2016,8,button,6,1,17:15:21,20.185
2016,8,kevin_magnussen,6,1,17:15:24,20.772
2016,8,massa,7,1,17:17:02,19.445
2016,8,nasr,7,1,17:17:13,20.670
2016,8,raikkonen,8,1,17:18:49,20.593
2016,8,gutierrez,8,1,17:19:20,29.227
2016,8,grosjean,10,1,17:22:51,21.132
2016,8,jolyon_palmer,11,1,17:24:54,20.965
2016,8,hamilton,15,1,17:31:52,20.108
2016,8,perez,16,1,17:33:39,20.614
2016,8,ericsson,16,1,17:34:12,21.083
2016,8,bottas,19,1,17:39:20,19.732
2016,8,vettel,20,1,17:40:51,20.422
2016,8,hulkenberg,20,1,17:41:18,20.347
2016,8,max_verstappen,20,2,17:41:33,22.497
2016,8,rosberg,21,1,17:42:18,20.058
2016,8,ricciardo,22,2,17:45:00,20.155
2016,8,alonso,24,2,17:48:59,20.654
2016,8,nasr,24,2,17:49:03,20.713
2016,8,button,25,2,17:50:53,20.640
2016,8,ericsson,25,2,17:51:13,20.559
2016,8,grosjean,26,2,17:52:45,23.588
2016,8,sainz,27,2,17:54:32,21.030
2016,8,massa,28,2,17:56:01,19.858
2016,8,wehrlein,29,1,17:58:28,26.187
2016,8,gutierrez,29,2,17:58:37,21.533
2016,8,jolyon_palmer,31,2,18:02:14,20.561
2016,9,hulkenberg,8,1,14:12:55,22.601
2016,9,alonso,8,1,14:13:00,21.924
2016,9,button,9,1,14:14:05,22.859
2016,9,bottas,9,1,14:14:09,21.047
2016,9,sainz,9,1,14:14:11,22.605
2016,9,perez,9,1,14:14:12,21.883
2016,9,rosberg,10,1,14:15:15,21.890
2016,9,kevin_magnussen,11,1,14:16:43,22.033
2016,9,jolyon_palmer,12,1,14:17:57,21.745
2016,9,massa,12,1,14:18:00,21.097
2016,9,ericsson,12,1,14:18:03,22.980
2016,9,wehrlein,13,1,14:19:05,22.613
2016,9,ricciardo,14,1,14:20:04,21.183
2016,9,max_verstappen,15,1,14:21:12,21.945
2016,9,hamilton,21,1,14:28:15,22.918
2016,9,gutierrez,21,1,14:29:00,22.053
2016,9,raikkonen,22,1,14:29:32,21.916
2016,9,wehrlein,23,2,14:31:36,23.738
2016,9,hulkenberg,24,2,14:32:37,21.580
2016,9,button,26,2,14:35:01,22.035
2016,9,grosjean,26,1,14:35:02,22.662
2016,9,alonso,26,2,14:35:08,22.879
2016,9,perez,26,2,14:35:10,21.412
2016,9,haryanto,27,1,14:36:58,23.326
2016,9,rosberg,28,2,14:38:13,17.959
2016,9,wehrlein,27,3,14:38:14,18.064
2016,9,hamilton,28,2,14:38:16,16.983
2016,9,max_verstappen,28,2,14:38:17,17.165
2016,9,ricciardo,28,2,14:38:18,19.408
2016,9,raikkonen,28,2,14:38:20,21.206
2016,9,bottas,28,2,14:38:22,20.876
2016,9,nasr,28,1,14:38:23,20.929
2016,9,sainz,28,2,14:38:24,33.462
2016,9,button,28,3,14:38:27,18.307
2016,9,grosjean,28,2,14:38:29,18.860
2016,9,kevin_magnussen,28,2,14:38:32,17.721
2016,9,massa,28,2,14:38:33,17.388
2016,9,jolyon_palmer,28,2,14:38:35,16.851
2016,9,alonso,28,3,14:38:36,16.764
2016,9,perez,28,3,14:38:37,16.544
2016,9,ericsson,28,2,14:38:39,16.419
2016,9,hulkenberg,28,3,14:38:40,16.227
2016,9,gutierrez,28,2,14:38:43,16.475
2016,9,haryanto,28,2,14:38:45,16.218
2016,9,rosberg,29,3,14:40:18,18.220
2016,9,wehrlein,28,4,14:40:19,18.342
2016,9,hamilton,29,3,14:40:21,18.716
2016,9,max_verstappen,29,3,14:40:22,18.455
2016,9,ricciardo,29,3,14:40:23,18.347
2016,9,raikkonen,29,3,14:40:26,18.455
2016,9,bottas,29,3,14:40:27,17.800
2016,9,nasr,29,2,14:40:29,17.739
2016,9,button,29,4,14:40:31,18.964
2016,9,grosjean,29,3,14:40:32,19.554
2016,9,kevin_magnussen,29,3,14:40:34,19.611
2016,9,massa,29,3,14:40:35,19.015
2016,9,jolyon_palmer,29,3,14:40:37,18.382
2016,9,alonso,29,4,14:40:38,18.194
2016,9,perez,29,4,14:40:39,17.970
2016,9,ericsson,29,3,14:40:41,19.041
2016,9,hulkenberg,29,4,14:40:42,19.028
2016,9,sainz,29,3,14:40:43,18.636
2016,9,gutierrez,29,3,14:40:44,18.308
2016,9,haryanto,29,3,14:40:46,17.828
2016,9,gutierrez,41,4,14:56:13,21.921
2016,9,nasr,43,3,14:58:35,22.707
2016,9,kevin_magnussen,49,4,15:05:46,27.119
2016,9,hulkenberg,50,5,15:06:56,27.834
2016,9,jolyon_palmer,50,4,15:06:59,22.728
2016,9,ericsson,50,4,15:07:01,24.326
2016,9,haryanto,50,4,15:07:11,25.234
2016,9,bottas,51,4,15:07:54,21.639
2016,9,hamilton,54,4,15:10:44,22.109
2016,9,rosberg,55,4,15:11:53,21.035
2016,9,massa,56,4,15:13:53,21.231
2016,9,ricciardo,60,4,15:18:09,22.284
2016,10,raikkonen,5,1,13:14:16,29.578
2016,10,bottas,5,1,13:14:17,29.808
2016,10,hulkenberg,5,1,13:14:18,30.747
2016,10,sainz,5,1,13:14:18,30.786
2016,10,alonso,5,1,13:14:19,32.374
2016,10,vettel,5,1,13:14:20,31.381
2016,10,grosjean,5,1,13:14:21,31.632
2016,10,gutierrez,5,1,13:14:22,41.508
2016,10,kevin_magnussen,5,1,13:14:23,30.804
2016,10,wehrlein,5,1,13:14:25,31.812
2016,10,ricciardo,6,1,13:16:16,30.198
2016,10,massa,6,1,13:16:20,29.243
2016,10,kvyat,6,1,13:16:22,30.315
2016,10,button,6,1,13:16:23,30.093
2016,10,jolyon_palmer,6,1,13:16:27,29.784
2016,10,haryanto,6,1,13:16:29,29.998
2016,10,hamilton,7,1,13:18:15,30.343
2016,10,rosberg,7,1,13:18:22,29.395
2016,10,max_verstappen,7,1,13:18:23,31.995
2016,10,perez,7,1,13:18:27,29.475
2016,10,nasr,7,1,13:18:46,30.981
2016,10,ericsson,7,1,13:18:48,35.393
2016,10,ericsson,10,2,13:25:31,1:44.980
2016,10,vettel,15,2,13:34:24,29.163
2016,10,raikkonen,16,2,13:36:00,30.462
2016,10,massa,16,2,13:36:16,29.403
2016,10,kvyat,16,2,13:36:19,30.327
2016,10,bottas,16,2,13:36:28,29.282
2016,10,nasr,16,2,13:36:33,30.143
2016,10,grosjean,16,2,13:36:36,30.882
2016,10,jolyon_palmer,16,2,13:36:38,55.697
2016,10,hamilton,17,2,13:37:20,28.728
2016,10,rosberg,17,2,13:37:29,29.715
2016,10,perez,17,2,13:37:40,28.915
2016,10,ricciardo,17,2,13:37:41,29.813
2016,10,sainz,17,2,13:37:56,29.895
2016,10,hulkenberg,17,2,13:38:06,29.867
2016,10,alonso,17,2,13:38:11,28.799
2016,10,button,17,2,13:38:19,29.588
2016,10,kevin_magnussen,17,2,13:38:33,29.201
2016,10,gutierrez,17,2,13:38:37,29.884
2016,10,haryanto,17,2,13:38:55,30.135
2016,10,max_verstappen,18,2,13:39:11,29.429
2016,10,jolyon_palmer,19,3,13:42:54,41.486
2016,10,massa,38,3,14:13:29,29.346
2016,10,alonso,39,3,14:15:22,28.936
2016,10,kevin_magnussen,40,3,14:17:42,28.450
2016,11,button,7,1,14:14:06,22.229
2016,11,wehrlein,9,1,14:16:53,23.486
2016,11,button,10,2,14:18:47,16.486
2016,11,nasr,11,1,14:19:45,22.778
2016,11,vettel,14,1,14:23:42,21.640
2016,11,hulkenberg,14,1,14:24:03,22.014
2016,11,grosjean,14,1,14:24:03,22.427
2016,11,ricciardo,15,1,14:25:05,22.241
2016,11,alonso,15,1,14:25:20,22.099
2016,11,gutierrez,15,1,14:25:32,22.828
2016,11,hamilton,16,1,14:26:24,21.441
2016,11,max_verstappen,16,1,14:26:36,22.389
2016,11,sainz,16,1,14:26:49,22.960
2016,11,bottas,16,1,14:26:54,21.704
2016,11,rosberg,17,1,14:27:51,21.233
2016,11,ericsson,17,1,14:28:54,23.873
2016,11,kevin_magnussen,24,1,14:38:48,21.990
2016,11,kvyat,24,1,14:39:02,22.105
2016,11,massa,25,1,14:40:31,21.793
2016,11,jolyon_palmer,26,1,14:41:39,21.892
2016,11,perez,27,1,14:43:00,22.689
2016,11,button,28,3,14:45:17,22.718
2016,11,raikkonen,29,1,14:45:43,21.951
2016,11,haryanto,29,1,14:46:44,24.254
2016,11,ricciardo,33,2,14:51:15,22.006
2016,11,wehrlein,35,2,14:55:42,22.765
2016,11,grosjean,36,2,14:56:35,22.303
2016,11,kevin_magnussen,36,2,14:56:36,22.051
2016,11,gutierrez,37,2,14:58:00,22.520
2016,11,max_verstappen,38,2,14:58:38,21.687
2016,11,hulkenberg,39,2,15:00:48,23.350
2016,11,jolyon_palmer,39,2,15:00:49,21.665
2016,11,nasr,39,2,15:01:04,22.965
2016,11,perez,40,2,15:02:11,29.941
2016,11,hamilton,41,2,15:02:31,21.773
2016,11,vettel,41,2,15:02:46,21.535
2016,11,rosberg,42,2,15:03:58,22.351
2016,11,sainz,42,2,15:04:57,22.417
2016,11,bottas,43,2,15:06:27,21.405
2016,11,alonso,44,2,15:07:43,21.897
2016,11,ericsson,45,2,15:10:26,23.198
2016,11,kvyat,46,2,15:11:10,27.951
2016,11,raikkonen,50,2,15:15:47,21.857
2016,11,ericsson,62,3,15:35:34,23.308
2016,11,massa,65,2,15:39:36,22.366
2016,12,jolyon_palmer,2,1,14:06:10,19.298
2016,12,kvyat,7,1,14:13:06,23.243
2016,12,nasr,7,1,14:13:07,29.865
2016,12,perez,8,1,14:14:25,19.233
2016,12,sainz,9,1,14:15:46,22.751
2016,12,massa,9,1,14:15:48,18.590
2016,12,max_verstappen,11,1,14:18:08,19.017
2016,12,rosberg,11,1,14:18:12,19.693
2016,12,kevin_magnussen,11,1,14:18:33,19.034
2016,12,ricciardo,12,1,14:19:31,18.964
2016,12,bottas,12,1,14:19:43,18.796
2016,12,hulkenberg,12,1,14:19:45,19.608
2016,12,wehrlein,12,1,14:20:05,19.813
2016,12,vettel,13,1,14:20:57,19.230
2016,12,button,13,1,14:21:12,19.427
2016,12,haryanto,13,1,14:21:38,31.317
2016,12,hamilton,14,1,14:22:05,18.650
2016,12,raikkonen,14,1,14:22:21,22.393
2016,12,alonso,14,1,14:22:38,19.258
2016,12,ericsson,16,1,14:25:46,20.148
2016,12,grosjean,17,1,14:26:51,20.301
2016,12,nasr,19,2,14:30:11,19.944
2016,12,gutierrez,25,1,14:38:07,20.099
2016,12,jolyon_palmer,25,2,14:38:38,26.688
2016,12,massa,26,2,14:39:36,36.395
2016,12,wehrlein,26,2,14:39:43,19.626
2016,12,rosberg,27,2,14:40:04,18.936
2016,12,perez,27,2,14:40:47,19.223
2016,12,max_verstappen,28,2,14:41:22,19.137
2016,12,alonso,28,2,14:42:04,19.440
2016,12,kvyat,28,2,14:42:23,20.227
2016,12,sainz,29,2,14:43:41,19.747
2016,12,vettel,31,2,14:45:38,19.472
2016,12,button,31,2,14:46:05,19.124
2016,12,raikkonen,32,2,14:47:02,19.142
2016,12,hulkenberg,32,2,14:47:20,19.144
2016,12,kevin_magnussen,32,2,14:47:45,19.159
2016,12,ricciardo,33,2,14:48:12,18.738
2016,12,haryanto,32,2,14:48:35,20.919
2016,12,bottas,33,2,14:48:41,19.183
2016,12,hamilton,34,2,14:49:19,18.504
2016,12,ericsson,33,2,14:49:34,19.318
2016,12,nasr,42,3,15:02:30,19.755
2016,12,perez,43,3,15:02:46,19.379
2016,12,grosjean,43,2,15:03:00,19.863
2016,12,rosberg,44,3,15:03:08,28.364
2016,12,hulkenberg,44,3,15:03:45,19.907
2016,12,max_verstappen,45,3,15:04:32,18.967
2016,12,ricciardo,46,3,15:05:49,18.979
2016,12,vettel,46,3,15:06:01,19.000
2016,12,jolyon_palmer,45,3,15:06:33,19.725
2016,12,button,46,3,15:06:40,19.268
2016,12,hamilton,47,3,15:06:57,18.475
2016,12,raikkonen,47,3,15:07:26,19.525
2016,12,wehrlein,46,3,15:07:36,19.658
2016,12,alonso,47,3,15:08:04,19.127
2016,12,gutierrez,47,2,15:08:16,19.326
2016,12,kvyat,49,3,15:11:20,19.264
2016,12,haryanto,49,3,15:12:22,21.186
2016,12,sainz,51,3,15:13:57,19.547
2016,13,max_verstappen,1,1,14:05:46,31.235
2016,13,nasr,1,1,14:05:52,26.390
2016,13,vettel,1,1,14:05:53,22.403
2016,13,raikkonen,1,1,14:06:21,1:27.084
2016,13,massa,2,1,14:07:44,22.484
2016,13,hulkenberg,6,1,14:15:53,23.564
2016,13,raikkonen,5,2,14:15:56,23.061
2016,13,perez,6,1,14:16:04,23.783
2016,13,grosjean,6,1,14:16:08,23.705
2016,13,jolyon_palmer,6,1,14:16:08,22.698
2016,13,ocon,6,1,14:16:18,28.718
2016,13,bottas,7,1,14:18:36,22.190
2016,13,gutierrez,7,1,14:18:38,23.486
2016,13,rosberg,9,1,14:24:29,16:36.150
2016,13,ricciardo,9,1,14:24:30,16:38.401
2016,13,hulkenberg,9,2,14:24:31,16:38.468
2016,13,alonso,9,1,14:24:32,16:38.234
2016,13,hamilton,9,1,14:24:34,16:40.478
2016,13,massa,9,2,14:24:35,16:40.664
2016,13,perez,9,2,14:24:36,16:40.284
2016,13,kvyat,9,1,14:24:38,16:40.466
2016,13,jolyon_palmer,9,2,14:24:40,16:40.234
2016,13,grosjean,9,2,14:24:42,16:39.366
2016,13,vettel,9,2,14:24:44,16:38.511
2016,13,bottas,9,2,14:24:46,16:38.328
2016,13,gutierrez,9,2,14:24:48,16:38.622
2016,13,max_verstappen,9,2,14:24:49,16:38.546
2016,13,ocon,9,2,14:24:51,16:40.980
2016,13,nasr,9,2,14:24:52,16:41.198
2016,13,raikkonen,9,3,14:25:53,15:43.158
2016,13,max_verstappen,16,3,14:55:40,23.231
2016,13,hamilton,21,2,15:05:00,24.343
2016,13,kvyat,21,2,15:05:19,23.359
2016,13,massa,22,3,15:07:04,22.515
2016,13,gutierrez,22,3,15:07:18,23.561
2016,13,jolyon_palmer,22,3,15:07:20,23.333
2016,13,hulkenberg,23,3,15:08:55,24.015
2016,13,alonso,23,2,15:08:57,22.451
2016,13,vettel,23,3,15:09:03,22.762
2016,13,bottas,23,3,15:09:06,22.318
2016,13,grosjean,23,3,15:09:21,23.107
2016,13,nasr,23,3,15:09:23,30.238
2016,13,perez,24,3,15:10:56,22.652
2016,13,raikkonen,24,4,15:11:06,23.056
2016,13,ocon,24,3,15:11:25,24.208
2016,13,ricciardo,25,2,15:12:33,22.531
2016,13,rosberg,26,2,15:14:15,22.596
2016,13,max_verstappen,27,4,15:17:02,22.727
2016,13,hamilton,32,3,15:26:06,22.432
2016,13,jolyon_palmer,34,4,15:30:48,22.578
2016,13,kvyat,35,3,15:32:37,23.363
2016,14,jolyon_palmer,2,1,14:06:49,33.275
2016,14,nasr,2,1,14:07:30,27.786
2016,14,nasr,4,2,14:11:17,13:30.454
2016,14,bottas,13,1,14:22:38,24.161
2016,14,max_verstappen,13,1,14:22:46,24.610
2016,14,alonso,13,1,14:22:49,26.843
2016,14,kvyat,13,1,14:23:07,25.183
2016,14,hulkenberg,14,1,14:24:20,24.043
2016,14,kevin_magnussen,14,1,14:24:42,24.505
2016,14,raikkonen,15,1,14:25:27,24.116
2016,14,perez,15,1,14:25:39,24.537
2016,14,button,15,1,14:26:00,26.427
2016,14,nasr,5,3,14:26:32,36.594
2016,14,vettel,16,1,14:26:54,25.472
2016,14,ricciardo,16,1,14:27:03,23.745
2016,14,massa,16,1,14:27:13,23.940
2016,14,wehrlein,16,1,14:27:29,25.962
2016,14,gutierrez,16,1,14:27:38,25.150
2016,14,sainz,23,1,14:38:06,25.301
2016,14,ericsson,23,1,14:38:08,25.145
2016,14,rosberg,24,1,14:38:25,25.550
2016,14,hamilton,25,1,14:40:05,23.633
2016,14,perez,28,2,14:45:06,24.033
2016,14,grosjean,28,1,14:45:26,25.340
2016,14,bottas,30,2,14:47:55,23.899
2016,14,kevin_magnussen,30,2,14:49:06,23.757
2016,14,vettel,33,2,14:52:00,25.033
2016,14,ocon,32,1,14:52:20,25.539
2016,14,hulkenberg,33,2,14:52:41,24.553
2016,14,alonso,33,2,14:52:50,23.694
2016,14,kvyat,33,2,14:53:29,24.363
2016,14,raikkonen,34,2,14:53:31,24.279
2016,14,gutierrez,34,2,14:54:36,25.515
2016,14,max_verstappen,35,2,14:55:22,23.827
2016,14,massa,36,2,14:56:59,23.822
2016,14,ricciardo,37,2,14:58:08,23.633
2016,14,button,38,2,15:00:16,24.418
2016,14,sainz,39,2,15:02:07,24.341
2016,14,alonso,49,3,15:16:39,24.082
2016,15,rosberg,1,1,20:06:14,26.350
2016,15,ricciardo,1,1,20:06:15,25.925
2016,15,hamilton,1,1,20:06:19,24.453
2016,15,raikkonen,1,1,20:06:21,24.874
2016,15,alonso,1,1,20:06:22,24.649
2016,15,kvyat,1,1,20:06:24,24.584
2016,15,sainz,1,1,20:06:25,25.973
2016,15,max_verstappen,1,1,20:06:26,25.740
2016,15,massa,1,1,20:06:27,25.929
2016,15,kevin_magnussen,1,1,20:06:28,25.816
2016,15,ericsson,1,1,20:06:30,26.135
2016,15,perez,1,1,20:06:31,32.821
2016,15,gutierrez,1,1,20:06:32,26.519
2016,15,button,1,1,20:06:33,42.815
2016,15,bottas,1,1,20:06:40,32.709
2016,15,wehrlein,1,1,20:06:42,24.308
2016,15,ocon,1,1,20:06:43,24.343
2016,15,nasr,1,1,20:06:44,25.057
2016,15,jolyon_palmer,1,1,20:06:45,25.211
2016,15,vettel,1,1,20:06:48,24.342
2016,15,sainz,7,2,20:18:50,29.846
2016,15,ericsson,8,2,20:20:49,29.706
2016,15,jolyon_palmer,11,2,20:26:49,28.847
2016,15,max_verstappen,13,2,20:30:12,28.815
2016,15,alonso,14,2,20:31:59,29.401
2016,15,ricciardo,15,2,20:33:33,28.890
2016,15,hamilton,15,2,20:33:37,29.150
2016,15,kvyat,15,2,20:33:53,30.301
2016,15,bottas,15,2,20:34:33,28.780
2016,15,button,15,2,20:34:34,28.998
2016,15,rosberg,16,2,20:35:17,30.546
2016,15,massa,16,2,20:35:53,28.682
2016,15,raikkonen,17,2,20:37:28,29.041
2016,15,kevin_magnussen,17,2,20:37:54,28.759
2016,15,nasr,17,2,20:38:03,30.297
2016,15,gutierrez,18,2,20:39:52,30.307
2016,15,wehrlein,18,2,20:40:10,30.532
2016,15,ocon,19,2,20:42:20,1:44.383
2016,15,vettel,24,2,20:51:16,28.924
2016,15,perez,25,2,20:53:08,28.742
2016,15,ericsson,25,3,20:53:46,29.468
2016,15,max_verstappen,27,3,20:56:59,28.948
2016,15,sainz,27,3,20:57:18,29.320
2016,15,button,27,3,20:57:36,29.025
2016,15,massa,28,3,20:58:52,29.578
2016,15,bottas,30,3,21:03:12,28.545
2016,15,ricciardo,32,3,21:05:33,28.921
2016,15,rosberg,33,3,21:07:19,28.970
2016,15,bottas,32,4,21:07:22,1:03.680
2016,15,raikkonen,33,3,21:07:36,29.135
2016,15,hamilton,34,3,21:09:30,28.421
2016,15,alonso,34,3,21:10:00,30.381
2016,15,jolyon_palmer,34,3,21:11:01,28.804
2016,15,nasr,35,3,21:12:35,29.537
2016,15,ocon,34,3,21:12:43,30.614
2016,15,gutierrez,36,3,21:14:20,30.160
2016,15,wehrlein,36,3,21:14:53,30.471
2016,15,ericsson,36,4,21:15:00,29.680
2016,15,kvyat,37,3,21:15:47,29.205
2016,15,kevin_magnussen,38,3,21:17:53,29.754
2016,15,vettel,42,3,21:24:58,29.391
2016,15,massa,43,4,21:27:23,29.903
2016,15,max_verstappen,44,4,21:28:59,28.854
2016,15,hamilton,45,4,21:30:08,28.315
2016,15,raikkonen,46,4,21:31:56,28.954
2016,15,ricciardo,47,4,21:33:41,28.662
2016,15,ocon,45,4,21:34:04,42.368
2016,15,sainz,48,4,21:37:18,29.377
2016,16,kvyat,1,1,15:06:13,32.413
2016,16,massa,1,1,15:06:15,23.528
2016,16,kevin_magnussen,1,1,15:06:24,30.679
2016,16,gutierrez,1,1,15:06:25,30.782
2016,16,massa,6,2,15:15:25,24.425
2016,16,max_verstappen,9,1,15:20:26,23.935
2016,16,perez,9,1,15:20:38,27.024
2016,16,button,9,1,15:20:44,24.738
2016,16,hulkenberg,9,1,15:20:45,26.609
2016,16,alonso,9,1,15:20:50,25.195
2016,16,rosberg,9,1,15:20:50,23.750
2016,16,wehrlein,9,1,15:20:59,25.820
2016,16,ocon,12,1,15:26:26,25.368
2016,16,hamilton,20,1,15:39:17,23.689
2016,16,raikkonen,20,1,15:39:31,24.584
2016,16,sainz,20,1,15:40:01,24.400
2016,16,ricciardo,21,1,15:41:04,24.197
2016,16,ericsson,21,1,15:41:45,25.272
2016,16,gutierrez,22,2,15:44:09,24.814
2016,16,max_verstappen,27,2,15:51:10,23.856
2016,16,alonso,27,2,15:52:01,24.061
2016,16,hulkenberg,28,2,15:53:41,24.012
2016,16,bottas,29,1,15:55:11,23.828
2016,16,kvyat,29,2,15:55:54,24.338
2016,16,wehrlein,30,2,15:57:42,26.156
2016,16,rosberg,31,2,15:58:19,24.661
2016,16,jolyon_palmer,31,1,15:59:04,23.928
2016,16,ocon,31,2,15:59:29,33.338
2016,16,massa,31,3,15:59:30,23.778
2016,16,raikkonen,32,2,15:59:55,24.412
2016,16,perez,32,2,16:00:19,23.947
2016,16,nasr,32,1,16:00:57,24.697
2016,16,button,37,2,16:08:59,24.645
2016,16,sainz,37,2,16:09:13,24.473
2016,16,ericsson,37,2,16:09:14,24.706
2016,16,gutierrez,39,3,16:13:44,25.006
2016,16,raikkonen,40,3,16:13:46,24.809
2016,16,alonso,40,3,16:14:25,23.920
2016,16,hulkenberg,40,3,16:14:32,25.192
2016,16,ricciardo,41,2,16:15:24,24.408
2016,16,max_verstappen,41,3,16:15:26,28.274
2016,16,kvyat,40,3,16:15:33,24.718
2016,16,rosberg,41,3,16:15:58,23.476
2016,16,wehrlein,41,3,16:18:14,25.201
2016,17,alonso,9,1,14:19:03,22.786
2016,17,max_verstappen,10,1,14:20:15,22.855
2016,17,ricciardo,10,1,14:20:26,22.996
2016,17,grosjean,10,1,14:20:36,23.741
2016,17,kvyat,10,1,14:20:38,22.990
2016,17,hulkenberg,11,1,14:22:12,22.832
2016,17,gutierrez,11,1,14:22:18,24.110
2016,17,rosberg,12,1,14:23:28,22.673
2016,17,vettel,12,1,14:23:35,23.226
2016,17,perez,12,1,14:23:45,23.605
2016,17,raikkonen,12,1,14:23:45,23.244
2016,17,ocon,12,1,14:24:19,24.973
2016,17,hamilton,13,1,14:25:25,22.989
2016,17,sainz,13,1,14:25:40,22.986
2016,17,wehrlein,13,1,14:26:05,24.630
2016,17,button,19,1,14:36:02,24.375
2016,17,kvyat,23,2,14:42:46,22.943
2016,17,massa,24,1,14:44:11,22.463
2016,17,jolyon_palmer,25,1,14:45:55,23.452
2016,17,kevin_magnussen,25,1,14:46:04,23.072
2016,17,nasr,25,1,14:46:10,25.131
2016,17,raikkonen,26,2,14:47:00,22.762
2016,17,bottas,26,1,14:47:27,25.007
2016,17,ericsson,26,1,14:47:42,24.011
2016,17,alonso,27,2,14:49:28,23.032
2016,17,max_verstappen,28,2,14:49:53,22.788
2016,17,hulkenberg,28,2,14:50:32,22.952
2016,17,gutierrez,28,2,14:51:13,23.792
2016,17,rosberg,29,2,14:51:24,23.150
2016,17,perez,29,2,14:52:07,22.721
2016,17,grosjean,30,2,14:54:06,25.429
2016,17,ocon,31,2,14:56:24,24.256
2016,17,ricciardo,32,2,14:56:52,25.861
2016,17,hamilton,33,2,14:58:11,22.732
2016,17,wehrlein,32,2,14:58:22,25.461
2016,17,vettel,34,2,14:59:47,22.887
2016,17,button,36,2,15:04:30,23.342
2016,17,sainz,37,2,15:06:04,22.938
2016,18,bottas,1,1,14:06:03,27.098
2016,18,ricciardo,8,1,14:17:32,23.956
2016,18,raikkonen,8,1,14:17:35,23.989
2016,18,max_verstappen,9,1,14:19:21,23.489
2016,18,rosberg,10,1,14:21:02,23.526
2016,18,button,10,1,14:21:28,23.613
2016,18,grosjean,10,1,14:21:30,24.523
2016,18,perez,10,1,14:21:31,23.350
2016,18,hamilton,11,1,14:22:40,23.601
2016,18,massa,11,1,14:23:03,24.093
2016,18,sainz,11,1,14:23:06,24.778
2016,18,alonso,11,1,14:23:10,23.683
2016,18,gutierrez,13,1,14:27:00,24.470
2016,18,kevin_magnussen,13,1,14:27:04,24.310
2016,18,wehrlein,13,1,14:27:10,26.059
2016,18,vettel,14,1,14:28:08,24.433
2016,18,jolyon_palmer,15,1,14:30:43,24.071
2016,18,ericsson,17,1,14:34:12,25.229
2016,18,ocon,17,1,14:34:34,25.216
2016,18,bottas,20,2,14:40:06,25.222
2016,18,kvyat,21,1,14:41:16,37.837
2016,18,raikkonen,24,2,14:45:43,23.845
2016,18,ricciardo,25,2,14:47:19,23.534
2016,18,max_verstappen,26,2,14:49:08,36.112
2016,18,jolyon_palmer,26,2,14:50:20,24.766
2016,18,ocon,26,2,14:50:59,27.532
2016,18,perez,27,2,14:51:47,24.467
2016,18,grosjean,27,2,14:51:52,26.056
2016,18,kevin_magnussen,27,2,14:52:06,24.103
2016,18,button,28,2,14:53:32,25.635
2016,18,vettel,29,2,14:54:23,23.812
2016,18,massa,29,2,14:54:55,23.903
2016,18,nasr,29,1,14:55:54,24.244
2016,18,sainz,30,2,14:56:49,24.281
2016,18,alonso,30,2,14:56:57,25.300
2016,18,hamilton,31,2,14:57:50,23.575
2016,18,wehrlein,30,2,14:58:04,25.182
2016,18,rosberg,31,2,14:58:05,24.149
2016,18,raikkonen,38,3,15:11:09,25.384
2016,18,kevin_magnussen,43,3,15:21:37,23.898
2016,18,ocon,44,3,15:24:27,24.665
2016,18,vettel,53,3,15:37:10,24.156
2016,18,massa,54,3,15:39:55,23.464
2016,19,ricciardo,1,1,13:04:51,22.087
2016,19,jolyon_palmer,1,1,13:05:06,23.897
2016,19,ericsson,1,1,13:05:11,32.608
2016,19,grosjean,11,1,13:20:31,22.957
2016,19,max_verstappen,12,1,13:21:26,21.775
2016,19,sainz,12,1,13:21:43,22.747
2016,19,kevin_magnussen,12,1,13:21:47,22.271
2016,19,gutierrez,12,1,13:21:51,25.198
2016,19,kvyat,13,1,13:23:20,22.665
2016,19,hulkenberg,14,1,13:24:17,22.134
2016,19,massa,14,1,13:24:24,21.863
2016,19,ocon,15,1,13:26:15,23.866
2016,19,alonso,16,1,13:27:27,22.461
2016,19,hamilton,17,1,13:28:16,21.709
2016,19,button,17,1,13:28:57,22.438
2016,19,bottas,19,1,13:31:31,22.396
2016,19,rosberg,20,1,13:32:32,21.997
2016,19,raikkonen,20,1,13:32:40,22.398
2016,19,perez,20,1,13:32:56,22.213
2016,19,vettel,32,1,13:49:30,22.035
2016,19,raikkonen,45,2,14:07:53,22.974
2016,19,alonso,45,2,14:09:00,25.171
2016,19,kvyat,47,2,14:11:56,22.865
2016,19,gutierrez,48,2,14:13:40,23.110
2016,19,nasr,49,1,14:14:38,23.540
2016,19,ricciardo,50,2,14:14:47,22.443
2016,19,grosjean,50,2,14:16:38,23.678
2016,19,kevin_magnussen,51,2,14:17:54,22.384
2016,20,kevin_magnussen,7,1,14:24:31,24.986
2016,20,button,8,1,14:26:08,24.192
2016,20,alonso,9,1,14:27:30,24.821
2016,20,bottas,9,1,14:27:31,24.724
2016,20,massa,9,1,14:27:33,29.421
2016,20,kvyat,9,1,14:27:36,25.758
2016,20,jolyon_palmer,9,1,14:27:40,24.745
2016,20,ericsson,9,1,14:27:41,25.395
2016,20,vettel,10,1,14:29:08,29.981
2016,20,gutierrez,12,1,14:32:18,25.147
2016,20,max_verstappen,13,1,14:33:11,24.186
2016,20,ricciardo,13,1,14:33:32,24.623
2016,20,kvyat,17,2,14:41:54,25.355
2016,20,jolyon_palmer,17,2,14:41:59,24.656
2016,20,hamilton,20,1,14:47:37,33:30.361
2016,20,rosberg,20,1,14:47:40,33:29.747
2016,20,max_verstappen,20,2,14:47:41,33:29.643
2016,20,hulkenberg,20,1,14:47:44,33:28.504
2016,20,perez,20,1,14:47:46,33:28.398
2016,20,sainz,20,1,14:47:48,33:28.828
2016,20,nasr,20,1,14:47:50,33:28.206
2016,20,ricciardo,20,2,14:47:52,33:28.600
2016,20,ocon,20,1,14:47:53,33:29.052
2016,20,wehrlein,20,1,14:47:56,33:28.464
2016,20,alonso,20,2,14:47:57,33:28.789
2016,20,bottas,20,2,14:47:59,33:28.595
2016,20,kevin_magnussen,20,2,14:48:00,33:28.979
2016,20,button,20,2,14:48:04,33:30.062
2016,20,vettel,20,2,14:48:05,33:30.637
2016,20,massa,20,2,14:48:08,33:29.630
2016,20,gutierrez,20,2,14:48:09,33:31.147
2016,20,kvyat,20,3,14:48:11,33:31.266
2016,20,hulkenberg,22,2,15:25:12,24.282
2016,20,hamilton,28,2,15:37:24,24:42.048
2016,20,rosberg,28,2,15:37:26,24:41.624
2016,20,max_verstappen,28,3,15:37:27,24:41.433
2016,20,perez,28,2,15:37:29,24:42.290
2016,20,sainz,28,2,15:37:31,24:43.053
2016,20,nasr,28,2,15:37:32,24:43.214
2016,20,ricciardo,28,3,15:37:33,24:44.725
2016,20,ocon,28,2,15:37:35,24:45.092
2016,20,wehrlein,28,2,15:37:36,24:44.979
2016,20,alonso,28,3,15:37:39,24:43.818
2016,20,bottas,28,3,15:37:41,24:43.957
2016,20,kevin_magnussen,28,3,15:37:43,24:44.474
2016,20,button,28,3,15:37:46,24:44.987
2016,20,vettel,28,3,15:37:49,24:43.923
2016,20,hulkenberg,28,3,15:37:50,24:45.304
2016,20,massa,28,3,15:37:51,24:45.969
2016,20,gutierrez,28,3,15:37:54,24:44.444
2016,20,kvyat,28,4,15:37:56,24:44.388
2016,20,massa,31,4,16:08:25,29.754
2016,20,button,34,4,16:13:01,25.006
2016,20,bottas,38,4,16:18:52,24.994
2016,20,ricciardo,40,4,16:21:27,29.621
2016,20,kevin_magnussen,41,4,16:23:25,24.265
2016,20,max_verstappen,43,4,16:25:37,24.435
2016,20,button,44,5,16:28:14,24.754
2016,20,gutierrez,47,4,16:32:38,17.835
2016,20,ricciardo,52,5,16:41:54,24.521
2016,20,wehrlein,52,3,16:42:00,25.509
2016,20,max_verstappen,54,5,16:45:53,24.041
2016,21,kevin_magnussen,1,1,17:05:37,27.068
2016,21,sainz,6,1,17:14:43,21.761
2016,21,wehrlein,6,1,17:14:44,33.395
2016,21,hamilton,7,1,17:16:01,22.600
2016,21,raikkonen,7,1,17:16:05,21.959
2016,21,alonso,7,1,17:16:19,22.428
2016,21,jolyon_palmer,7,1,17:16:27,24.781
2016,21,nasr,7,1,17:16:34,23.272
2016,21,rosberg,8,1,17:17:48,23.753
2016,21,vettel,8,1,17:17:54,21.711
2016,21,hulkenberg,8,1,17:17:59,21.834
2016,21,massa,8,1,17:18:07,21.775
2016,21,kvyat,8,1,17:18:19,21.896
2016,21,gutierrez,8,1,17:18:19,22.032
2016,21,ricciardo,9,1,17:19:37,22.084
2016,21,perez,9,1,17:19:50,21.308
2016,21,grosjean,20,1,17:40:10,22.838
2016,21,max_verstappen,21,1,17:41:22,21.221
2016,21,jolyon_palmer,21,2,17:42:16,22.145
2016,21,ocon,22,1,17:43:59,24.035
2016,21,ricciardo,24,2,17:46:46,21.768
2016,21,wehrlein,24,2,17:47:52,22.949
2016,21,raikkonen,25,2,17:48:31,22.087
2016,21,hulkenberg,26,2,17:50:33,21.482
2016,21,perez,27,2,17:52:26,22.012
2016,21,hamilton,28,2,17:53:38,21.355
2016,21,gutierrez,28,2,17:54:49,22.102
2016,21,sainz,28,2,17:55:00,21.935
2016,21,rosberg,29,2,17:55:27,21.218
2016,21,massa,30,2,17:57:55,21.539
2016,21,ocon,36,2,18:09:38,23.026
2016,21,nasr,36,2,18:09:42,29.933
2016,21,vettel,37,2,18:09:47,21.872
2016,21,alonso,38,2,18:12:17,22.248
2016,21,grosjean,38,2,18:12:35,22.527
2016,21,ericsson,38,1,18:13:21,22.991
2016,21,jolyon_palmer,41,3,18:18:52,22.588
2017,1,kevin_magnussen,1,1,16:08:47,31.336
2017,1,stroll,5,1,16:14:22,22.293
2017,1,vandoorne,9,1,16:20:40,39.562
2017,1,ocon,15,1,16:29:32,22.154
2017,1,giovinazzi,15,1,16:29:57,28.591
2017,1,alonso,16,1,16:31:00,22.484
2017,1,hulkenberg,16,1,16:31:01,23.130
2017,1,hamilton,17,1,16:31:40,21.709
2017,1,perez,17,1,16:32:20,22.045
2017,1,sainz,18,1,16:33:49,21.762
2017,1,massa,20,1,16:36:44,21.568
2017,1,vettel,23,1,16:40:32,21.988
2017,1,bottas,25,1,16:43:42,21.440
2017,1,max_verstappen,25,1,16:43:56,22.208
2017,1,raikkonen,26,1,16:45:16,22.033
2017,1,stroll,29,2,16:51:13,22.380
2017,1,hulkenberg,30,2,16:52:40,23.159
2017,1,kvyat,34,1,16:57:51,25.559
2017,1,kevin_magnussen,44,2,17:15:10,22.189
2017,1,kvyat,49,2,17:20:30,24.026
2017,2,hulkenberg,1,1,14:05:25,23.550
2017,2,vettel,2,1,14:07:35,22.906
2017,2,kvyat,2,1,14:07:46,24.016
2017,2,alonso,2,1,14:07:48,24.250
2017,2,massa,2,1,14:07:51,23.123
2017,2,perez,2,1,14:07:52,24.030
2017,2,kevin_magnussen,2,1,14:07:53,23.809
2017,2,ericsson,2,1,14:07:54,27.934
2017,2,ocon,2,1,14:07:57,17.673
2017,2,grosjean,2,1,14:08:00,30.654
2017,2,giovinazzi,2,1,14:08:01,29.443
2017,2,vandoorne,2,1,14:08:01,25.146
2017,2,hamilton,4,1,14:12:08,22.999
2017,2,bottas,4,1,14:12:17,32.287
2017,2,ricciardo,4,1,14:12:20,17.340
2017,2,raikkonen,4,1,14:12:21,23.847
2017,2,max_verstappen,4,1,14:12:23,23.071
2017,2,vettel,4,2,14:12:35,17.354
2017,2,sainz,4,1,14:12:47,17.337
2017,2,ocon,4,2,14:12:49,33.491
2017,2,alonso,4,2,14:12:55,17.304
2017,2,kvyat,4,2,14:13:00,17.320
2017,2,perez,4,2,14:13:01,17.416
2017,2,massa,4,2,14:13:01,17.324
2017,2,kevin_magnussen,4,2,14:13:03,17.296
2017,2,jolyon_palmer,4,1,14:13:06,17.291
2017,2,vandoorne,4,2,14:13:08,17.325
2017,2,hulkenberg,4,2,14:13:11,17.336
2017,2,ericsson,4,2,14:13:14,17.341
2017,2,grosjean,4,2,14:13:23,17.303
2017,2,hamilton,5,2,14:15:08,17.616
2017,2,ricciardo,5,2,14:15:09,23.613
2017,2,raikkonen,5,2,14:15:18,17.877
2017,2,max_verstappen,5,2,14:15:19,17.651
2017,2,bottas,5,2,14:15:20,17.343
2017,2,vettel,5,3,14:15:24,17.362
2017,2,sainz,5,2,14:15:33,17.340
2017,2,alonso,5,3,14:15:40,17.302
2017,2,kvyat,5,3,14:15:46,17.324
2017,2,massa,5,3,14:15:48,17.321
2017,2,kevin_magnussen,5,3,14:15:49,17.298
2017,2,perez,5,3,14:15:49,17.312
2017,2,ocon,5,3,14:15:52,17.356
2017,2,jolyon_palmer,5,2,14:15:55,17.291
2017,2,vandoorne,5,3,14:15:57,17.295
2017,2,hulkenberg,5,3,14:15:58,17.362
2017,2,ericsson,5,3,14:16:02,17.344
2017,2,grosjean,5,3,14:16:10,24.114
2017,2,hamilton,6,3,14:17:55,17.737
2017,2,ricciardo,6,3,14:18:00,17.480
2017,2,raikkonen,6,3,14:18:03,17.435
2017,2,max_verstappen,6,3,14:18:05,17.421
2017,2,bottas,6,3,14:18:06,17.323
2017,2,vettel,6,4,14:18:10,17.370
2017,2,alonso,6,4,14:18:16,17.302
2017,2,sainz,6,3,14:18:18,17.374
2017,2,kvyat,6,4,14:18:28,17.322
2017,2,massa,6,4,14:18:29,17.377
2017,2,perez,6,4,14:18:30,18.225
2017,2,kevin_magnussen,6,4,14:18:34,17.299
2017,2,ocon,6,4,14:18:36,17.366
2017,2,jolyon_palmer,6,3,14:18:39,17.301
2017,2,vandoorne,6,4,14:18:41,17.292
2017,2,hulkenberg,6,4,14:18:43,17.359
2017,2,ericsson,6,4,14:18:46,17.344
2017,2,grosjean,6,4,14:18:48,17.314
2017,2,perez,20,5,14:43:03,23.057
2017,2,massa,24,5,14:50:13,23.451
2017,2,sainz,28,4,14:56:06,22.840
2017,2,max_verstappen,29,4,14:57:33,22.505
2017,2,jolyon_palmer,30,4,15:00:32,23.993
2017,2,kevin_magnussen,32,5,15:03:12,23.463
2017,2,ricciardo,33,4,15:04:09,22.505
2017,2,hulkenberg,33,5,15:05:10,40.144
2017,2,vettel,34,5,15:05:37,22.443
2017,2,bottas,35,4,15:07:45,24.317
2017,2,hamilton,36,4,15:08:39,22.668
2017,2,grosjean,35,5,15:08:45,23.211
2017,2,raikkonen,39,4,15:14:04,23.119
2017,2,ocon,42,5,15:20:06,22.926
2017,2,massa,48,6,15:30:29,22.517
2017,2,perez,49,6,15:31:25,22.979
2017,3,stroll,8,1,18:16:59,24.915
2017,3,vettel,10,1,18:19:52,24.702
2017,3,max_verstappen,11,1,18:21:30,25.174
2017,3,ocon,11,1,18:21:47,24.664
2017,3,wehrlein,11,1,18:21:59,26.542
2017,3,raikkonen,12,1,18:23:10,26.430
2017,3,grosjean,12,1,18:23:23,25.075
2017,3,sainz,12,1,18:23:26,25.001
2017,3,bottas,13,1,18:24:52,28.368
2017,3,hamilton,13,1,18:24:59,30.687
2017,3,ricciardo,13,1,18:24:59,25.312
2017,3,massa,13,1,18:25:06,25.704
2017,3,hulkenberg,13,1,18:25:13,26.634
2017,3,perez,13,1,18:25:24,24.332
2017,3,alonso,13,1,18:25:31,24.922
2017,3,jolyon_palmer,13,1,18:25:31,27.466
2017,3,kvyat,13,1,18:25:35,25.204
2017,3,bottas,30,2,18:54:49,24.540
2017,3,grosjean,31,2,18:56:52,24.965
2017,3,vettel,33,2,18:59:27,24.314
2017,3,ericsson,33,1,19:00:33,25.576
2017,3,perez,36,2,19:04:49,24.630
2017,3,hulkenberg,36,2,19:04:58,25.135
2017,3,alonso,36,2,19:05:15,24.723
2017,3,raikkonen,37,2,19:06:10,25.856
2017,3,massa,37,2,19:06:22,24.240
2017,3,ocon,37,2,19:06:38,24.505
2017,3,jolyon_palmer,37,2,19:06:55,26.420
2017,3,ricciardo,39,2,19:09:27,25.200
2017,3,hamilton,41,2,19:12:14,30.682
2017,3,kvyat,41,2,19:13:18,25.246
2017,4,vandoorne,1,1,15:08:55,30.006
2017,4,ericsson,1,1,15:08:58,32.235
2017,4,wehrlein,2,1,15:11:28,31.266
2017,4,wehrlein,20,2,15:43:16,30.799
2017,4,massa,21,1,15:44:10,29.923
2017,4,kevin_magnussen,21,1,15:44:30,36.559
2017,4,kvyat,21,1,15:44:36,29.991
2017,4,ericsson,21,2,15:44:59,30.655
2017,4,sainz,24,1,15:49:33,29.973
2017,4,vandoorne,24,2,15:49:57,35.998
2017,4,ocon,26,1,15:52:42,30.253
2017,4,stroll,26,1,15:52:58,29.791
2017,4,bottas,27,1,15:53:23,29.356
2017,4,perez,27,1,15:54:17,29.868
2017,4,raikkonen,29,1,15:56:49,30.152
2017,4,max_verstappen,29,1,15:57:19,29.567
2017,4,hamilton,30,1,15:58:36,29.739
2017,4,vettel,34,1,16:04:56,30.097
2017,4,hulkenberg,40,1,16:16:07,30.280
2017,4,massa,41,2,16:17:53,29.920
2017,5,kvyat,1,1,14:04:51,22.235
2017,5,massa,1,1,14:05:02,40.612
2017,5,jolyon_palmer,2,1,14:06:27,23.159
2017,5,alonso,12,1,14:21:10,22.690
2017,5,stroll,12,1,14:21:16,22.100
2017,5,vandoorne,12,1,14:21:24,22.547
2017,5,kevin_magnussen,13,1,14:22:35,22.703
2017,5,sainz,13,1,14:22:36,22.432
2017,5,massa,13,2,14:23:17,22.292
2017,5,vettel,14,1,14:23:19,22.499
2017,5,hulkenberg,15,1,14:25:28,22.490
2017,5,ocon,16,1,14:26:51,22.616
2017,5,perez,18,1,14:29:42,25.082
2017,5,ericsson,18,1,14:30:11,22.995
2017,5,grosjean,19,1,14:31:26,22.866
2017,5,hamilton,21,1,14:33:26,21.544
2017,5,ricciardo,21,1,14:33:54,21.811
2017,5,jolyon_palmer,21,2,14:35:11,22.762
2017,5,bottas,26,1,14:41:01,21.689
2017,5,alonso,31,2,14:49:39,23.354
2017,5,ericsson,32,2,14:51:03,22.775
2017,5,wehrlein,33,1,14:52:14,23.445
2017,5,hulkenberg,33,2,14:52:15,22.362
2017,5,kevin_magnussen,33,2,14:52:15,23.814
2017,5,kvyat,33,2,14:52:37,22.117
2017,5,stroll,33,2,14:52:52,22.071
2017,5,massa,33,3,14:53:10,23.066
2017,5,perez,34,2,14:53:46,23.107
2017,5,ocon,34,2,14:53:58,22.643
2017,5,sainz,34,2,14:54:20,21.934
2017,5,grosjean,34,2,14:54:22,22.641
2017,5,hamilton,36,2,14:56:30,21.722
2017,5,vettel,37,2,14:57:53,22.307
2017,5,ricciardo,38,2,15:00:10,21.918
2017,5,jolyon_palmer,42,3,15:07:31,24.750
2017,5,alonso,51,3,15:20:24,22.923
2017,5,kevin_magnussen,63,3,15:37:43,25.052
2017,6,wehrlein,1,1,14:04:27,25.813
2017,6,button,1,1,14:04:29,24.465
2017,6,perez,16,1,14:23:49,31.313
2017,6,max_verstappen,32,1,14:44:07,25.343
2017,6,bottas,33,1,14:45:24,24.308
2017,6,raikkonen,34,1,14:46:35,24.833
2017,6,ericsson,35,1,14:49:08,24.949
2017,6,kvyat,36,1,14:49:48,24.406
2017,6,ocon,36,1,14:50:06,24.299
2017,6,sainz,37,1,14:50:54,24.427
2017,6,kevin_magnussen,37,1,14:51:04,24.979
2017,6,ricciardo,38,1,14:51:46,24.183
2017,6,massa,38,1,14:52:42,24.353
2017,6,vettel,39,1,14:52:55,24.306
2017,6,ocon,39,2,14:54:19,24.496
2017,6,button,39,2,14:54:53,26.057
2017,6,grosjean,40,1,14:54:55,24.660
2017,6,stroll,41,1,14:56:46,26.690
2017,6,kevin_magnussen,42,2,14:57:54,26.040
2017,6,jolyon_palmer,42,1,14:58:05,25.472
2017,6,vandoorne,43,1,14:58:56,24.768
2017,6,hamilton,46,1,15:02:38,24.155
2017,6,max_verstappen,60,2,15:20:48,25.678
2017,6,ocon,60,3,15:22:40,24.642
2017,6,massa,62,2,15:24:59,25.123
2017,6,perez,63,2,15:26:16,25.026
2017,6,stroll,67,2,15:33:42,25.248
2017,6,perez,72,3,15:40:06,35.485
2017,7,grosjean,1,1,14:04:59,31.256
2017,7,wehrlein,1,1,14:05:02,51.757
2017,7,vettel,5,1,14:11:32,31.596
2017,7,hulkenberg,11,1,14:19:40,26.764
2017,7,jolyon_palmer,11,1,14:19:55,24.423
2017,7,ericsson,11,1,14:19:57,24.047
2017,7,kvyat,15,1,14:25:55,18.088
2017,7,raikkonen,17,1,14:28:23,23.500
2017,7,ricciardo,18,1,14:29:37,23.309
2017,7,perez,19,1,14:30:56,23.229
2017,7,bottas,23,1,14:35:53,22.946
2017,7,stroll,25,1,14:39:14,22.790
2017,7,hamilton,32,1,14:47:15,23.061
2017,7,ocon,32,1,14:47:42,23.409
2017,7,wehrlein,40,2,14:59:18,24.202
2017,7,raikkonen,41,2,14:59:29,23.760
2017,7,alonso,42,1,15:01:08,23.526
2017,7,vandoorne,45,1,15:05:22,23.267
2017,7,kevin_magnussen,46,1,15:06:28,28.869
2017,7,vettel,49,2,15:09:44,23.345
2017,7,kvyat,53,2,15:15:19,1:46.374
2017,8,bottas,1,1,17:07:00,36.262
2017,8,grosjean,3,1,17:09:40,20.776
2017,8,ricciardo,5,1,17:13:04,23.361
2017,8,vandoorne,5,1,17:13:19,21.423
2017,8,hamilton,12,1,17:25:22,20.418
2017,8,vettel,12,1,17:25:26,20.059
2017,8,perez,12,1,17:25:35,20.598
2017,8,raikkonen,12,1,17:25:39,23.237
2017,8,massa,12,1,17:25:43,21.453
2017,8,ocon,12,1,17:25:45,20.493
2017,8,bottas,11,2,17:25:58,20.407
2017,8,kevin_magnussen,12,1,17:26:11,20.391
2017,8,alonso,12,1,17:26:36,21.217
2017,8,sainz,12,1,17:26:37,21.040
2017,8,ericsson,12,1,17:26:45,23.906
2017,8,wehrlein,12,1,17:26:49,31.122
2017,8,stroll,13,1,17:28:26,22.625
2017,8,hulkenberg,13,1,17:28:32,21.263
2017,8,ricciardo,13,2,17:29:01,20.198
2017,8,wehrlein,13,2,17:29:45,22.356
2017,8,grosjean,14,2,17:31:36,21.069
2017,8,hamilton,17,2,17:39:17,15.234
2017,8,vettel,17,2,17:39:18,15.174
2017,8,perez,17,2,17:39:19,15.278
2017,8,massa,17,2,17:39:20,15.033
2017,8,ocon,17,2,17:39:21,15.061
2017,8,raikkonen,17,2,17:39:22,15.049
2017,8,stroll,17,2,17:39:23,15.327
2017,8,hulkenberg,17,2,17:39:24,15.638
2017,8,ricciardo,17,3,17:39:26,15.135
2017,8,kevin_magnussen,17,2,17:39:27,15.128
2017,8,alonso,17,2,17:39:29,15.104
2017,8,sainz,17,2,17:39:31,14.966
2017,8,vandoorne,17,2,17:39:32,15.097
2017,8,grosjean,17,3,17:39:33,15.073
2017,8,ericsson,17,2,17:39:34,26.051
2017,8,wehrlein,17,3,17:39:36,34.847
2017,8,bottas,17,3,17:39:52,14.978
2017,8,perez,20,3,17:47:36,26:34.609
2017,8,ocon,20,3,17:47:51,31.657
2017,8,raikkonen,20,3,17:48:02,26:23.848
2017,8,wehrlein,21,4,17:50:37,22.390
2017,8,hamilton,22,3,17:53:26,21:50.768
2017,8,vettel,22,3,17:53:28,21:50.808
2017,8,massa,22,3,17:53:30,21:50.671
2017,8,stroll,22,3,17:53:32,21:52.728
2017,8,ricciardo,22,4,17:53:34,21:53.343
2017,8,hulkenberg,22,3,17:53:35,21:53.641
2017,8,kevin_magnussen,22,3,17:53:37,21:52.704
2017,8,alonso,22,3,17:53:38,21:53.187
2017,8,sainz,22,3,17:53:40,21:53.693
2017,8,grosjean,22,4,17:53:42,21:53.665
2017,8,ericsson,22,3,17:53:45,21:54.950
2017,8,vandoorne,22,3,17:53:48,21:54.189
2017,8,bottas,22,4,17:53:50,21:53.511
2017,8,ocon,22,4,17:53:52,21:53.873
2017,8,wehrlein,22,5,17:53:54,21:55.645
2017,8,hamilton,31,4,18:32:21,27.025
2017,8,vettel,33,4,18:35:52,29.317
2017,8,vandoorne,33,4,18:36:35,20.446
2017,8,perez,33,4,18:38:09,14.951
2017,8,raikkonen,33,4,18:38:11,14.943
2017,8,grosjean,36,5,18:42:11,24.486
2017,9,kvyat,1,1,14:04:23,33.607
2017,9,kvyat,9,2,14:14:29,16.139
2017,9,hulkenberg,14,1,14:19:44,21.977
2017,9,hamilton,31,1,14:38:58,20.761
2017,9,vandoorne,31,1,14:39:43,21.714
2017,9,ricciardo,33,1,14:41:11,21.713
2017,9,vettel,34,1,14:42:15,21.750
2017,9,jolyon_palmer,34,1,14:43:13,22.233
2017,9,ericsson,34,1,14:43:40,22.339
2017,9,perez,35,1,14:44:03,22.030
2017,9,stroll,35,1,14:44:21,21.332
2017,9,wehrlein,35,1,14:44:41,22.414
2017,9,grosjean,36,1,14:45:10,22.026
2017,9,bottas,41,1,14:50:11,22.387
2017,9,sainz,40,1,14:50:18,21.659
2017,9,ocon,42,1,14:52:17,22.176
2017,9,raikkonen,44,1,14:53:59,21.662
2017,9,vandoorne,44,2,14:55:17,16.206
2017,9,massa,47,1,14:58:07,20.977
2017,9,kvyat,55,3,15:09:24,22.274
2017,10,kvyat,1,1,13:08:08,45.538
2017,10,wehrlein,2,1,13:10:06,29.861
2017,10,wehrlein,3,2,13:12:33,29.941
2017,10,kvyat,9,2,13:23:00,22.895
2017,10,vettel,18,1,13:36:44,28.363
2017,10,max_verstappen,19,1,13:38:17,29.147
2017,10,ocon,20,1,13:40:15,29.194
2017,10,alonso,20,1,13:40:30,28.269
2017,10,stroll,22,1,13:43:38,29.849
2017,10,perez,23,1,13:45:01,28.942
2017,10,grosjean,23,1,13:45:11,28.361
2017,10,raikkonen,24,1,13:45:53,28.476
2017,10,hulkenberg,24,1,13:46:27,30.841
2017,10,hamilton,25,1,13:47:14,27.733
2017,10,massa,25,1,13:48:18,27.583
2017,10,vandoorne,26,1,13:49:50,29.337
2017,10,kvyat,27,3,13:52:00,28.630
2017,10,ericsson,28,1,13:53:19,28.825
2017,10,wehrlein,31,3,13:58:18,31.250
2017,10,bottas,32,1,13:58:23,27.858
2017,10,ricciardo,32,1,13:59:09,27.910
2017,10,kevin_magnussen,37,1,14:07:18,28.099
2017,10,stroll,42,2,14:15:32,28.335
2017,10,grosjean,43,2,14:16:53,28.998
2017,10,raikkonen,49,2,14:24:46,29.057
2017,10,max_verstappen,49,2,14:25:07,28.056
2017,10,vettel,50,2,14:27:09,35.204
2017,11,ericsson,1,1,14:05:01,25.179
2017,11,wehrlein,3,1,14:09:26,24.213
2017,11,grosjean,20,1,14:35:03,22.638
2017,11,wehrlein,28,2,14:46:37,22.998
2017,11,stroll,29,1,14:47:41,21.804
2017,11,bottas,30,1,14:48:04,22.681
2017,11,hamilton,31,1,14:49:30,21.338
2017,11,kevin_magnussen,31,1,14:50:24,22.684
2017,11,vettel,32,1,14:50:43,22.317
2017,11,raikkonen,33,1,14:52:06,21.919
2017,11,perez,34,1,14:54:12,24.017
2017,11,resta,34,1,14:55:06,22.399
2017,11,sainz,35,1,14:55:33,22.745
2017,11,alonso,35,1,14:55:33,22.399
2017,11,ocon,35,1,14:55:44,22.441
2017,11,kvyat,40,1,15:02:57,22.273
2017,11,max_verstappen,42,1,15:04:37,33.605
2017,11,vandoorne,42,1,15:05:22,28.616
2017,11,hulkenberg,45,1,15:09:34,31.860
2017,11,jolyon_palmer,46,1,15:11:22,22.684
2017,11,ericsson,63,2,15:36:20,24.097
2017,12,jolyon_palmer,8,1,14:19:01,26.202
2017,12,ericsson,8,1,14:19:07,23.999
2017,12,kevin_magnussen,9,1,14:20:51,22.828
2017,12,stroll,9,1,14:20:55,24.697
2017,12,ocon,10,1,14:22:35,23.364
2017,12,grosjean,10,1,14:22:38,22.925
2017,12,alonso,10,1,14:22:43,24.158
2017,12,hulkenberg,11,1,14:24:21,23.507
2017,12,massa,11,1,14:24:38,22.667
2017,12,hamilton,12,1,14:25:45,22.037
2017,12,perez,12,1,14:26:21,23.289
2017,12,bottas,13,1,14:27:44,22.963
2017,12,vettel,14,1,14:29:26,22.443
2017,12,ricciardo,14,1,14:29:45,22.900
2017,12,raikkonen,15,1,14:31:33,22.533
2017,12,raikkonen,17,2,14:35:29,30.373
2017,12,kvyat,18,1,14:37:55,22.444
2017,12,vandoorne,18,1,14:38:00,26.894
2017,12,sainz,19,1,14:39:43,24.095
2017,12,ericsson,23,2,14:47:51,23.221
2017,12,perez,25,2,14:50:45,28.594
2017,12,ocon,27,2,14:54:26,23.200
2017,12,raikkonen,29,3,14:57:52,22.963
2017,12,hulkenberg,29,2,14:58:06,23.539
2017,12,grosjean,29,2,14:58:27,22.756
2017,12,massa,29,2,14:58:40,23.092
2017,12,ocon,29,3,14:58:44,29.646
2017,12,sainz,29,2,14:58:50,24.370
2017,12,stroll,29,2,14:59:01,23.109
2017,12,perez,29,3,14:59:10,26.574
2017,12,hamilton,30,2,14:59:18,22.357
2017,12,vettel,30,2,14:59:18,25.650
2017,12,bottas,30,2,14:59:31,22.919
2017,12,ricciardo,30,2,14:59:47,23.180
2017,12,ericsson,29,3,14:59:55,23.792
2017,12,kevin_magnussen,30,2,15:01:09,22.908
2017,12,kvyat,30,2,15:01:33,23.341
2017,12,jolyon_palmer,30,2,15:01:36,24.674
2017,12,vandoorne,30,2,15:01:43,26.187
2017,12,kevin_magnussen,34,3,15:10:50,23.737
2017,13,grosjean,3,1,14:08:10,33.433
2017,13,max_verstappen,3,1,14:08:20,39.888
2017,13,hulkenberg,9,1,14:16:50,24.418
2017,13,kevin_magnussen,11,1,14:19:43,24.384
2017,13,sainz,13,1,14:22:44,24.865
2017,13,raikkonen,15,1,14:25:17,25.367
2017,13,ocon,16,1,14:26:42,24.432
2017,13,stroll,17,1,14:28:09,26.131
2017,13,ericsson,18,1,14:30:19,25.310
2017,13,kvyat,19,1,14:31:23,25.826
2017,13,wehrlein,20,1,14:33:19,25.212
2017,13,massa,21,1,14:33:59,25.078
2017,13,jolyon_palmer,25,1,14:40:16,31.008
2017,13,max_verstappen,27,2,14:43:27,24.173
2017,13,alonso,30,1,14:47:38,24.442
2017,13,vettel,31,1,14:48:03,24.307
2017,13,hamilton,32,1,14:49:05,23.725
2017,13,perez,32,1,14:49:55,25.377
2017,13,bottas,33,1,14:50:35,23.728
2017,13,grosjean,34,2,14:53:53,24.307
2017,13,ricciardo,37,1,14:56:51,23.951
2017,14,hamilton,1,1,20:06:27,30.442
2017,14,ricciardo,1,1,20:06:29,30.737
2017,14,hulkenberg,1,1,20:06:30,31.032
2017,14,perez,1,1,20:06:31,30.709
2017,14,jolyon_palmer,1,1,20:06:33,30.785
2017,14,bottas,1,1,20:06:33,30.444
2017,14,vandoorne,1,1,20:06:35,31.550
2017,14,ocon,1,1,20:06:36,31.793
2017,14,sainz,1,1,20:06:37,32.689
2017,14,kevin_magnussen,1,1,20:06:39,32.701
2017,14,kvyat,1,1,20:06:40,33.077
2017,14,alonso,1,1,20:06:42,36.900
2017,14,stroll,1,1,20:06:43,37.403
2017,14,massa,1,1,20:06:44,38.464
2017,14,grosjean,1,1,20:06:45,39.455
2017,14,ericsson,1,1,20:06:48,40.125
2017,14,wehrlein,1,1,20:06:49,40.506
2017,14,hamilton,2,2,20:09:49,24.368
2017,14,ricciardo,2,2,20:09:51,24.402
2017,14,hulkenberg,2,2,20:09:52,25.093
2017,14,perez,2,2,20:09:53,25.315
2017,14,bottas,2,2,20:09:55,25.367
2017,14,jolyon_palmer,2,2,20:09:56,26.206
2017,14,vandoorne,2,2,20:09:58,26.553
2017,14,ocon,2,2,20:09:59,26.532
2017,14,sainz,2,2,20:10:00,27.452
2017,14,kevin_magnussen,2,2,20:10:02,26.903
2017,14,kvyat,2,2,20:10:04,27.015
2017,14,alonso,2,2,20:10:05,29.306
2017,14,stroll,2,2,20:10:07,29.294
2017,14,massa,2,2,20:10:08,30.790
2017,14,grosjean,2,2,20:10:10,31.320
2017,14,ericsson,2,2,20:10:12,38.886
2017,14,wehrlein,2,2,20:10:14,45.875
2017,14,hamilton,3,3,20:13:00,24.337
2017,14,ricciardo,3,3,20:13:01,24.362
2017,14,hulkenberg,3,3,20:13:03,24.964
2017,14,perez,3,3,20:13:04,25.288
2017,14,bottas,3,3,20:13:05,25.432
2017,14,jolyon_palmer,3,3,20:13:07,25.113
2017,14,vandoorne,3,3,20:13:08,24.543
2017,14,ocon,3,3,20:13:09,24.664
2017,14,sainz,3,3,20:13:10,25.356
2017,14,kevin_magnussen,3,3,20:13:11,25.509
2017,14,kvyat,3,3,20:13:13,25.003
2017,14,alonso,3,3,20:13:15,25.626
2017,14,stroll,3,3,20:13:16,25.584
2017,14,massa,3,3,20:13:17,25.731
2017,14,grosjean,3,3,20:13:19,26.228
2017,14,ericsson,3,3,20:13:21,27.591
2017,14,wehrlein,3,3,20:13:22,27.865
2017,14,ricciardo,11,4,20:30:55,29.658
2017,14,perez,11,4,20:31:20,30.128
2017,14,ocon,11,4,20:31:38,31.336
2017,14,kevin_magnussen,11,4,20:31:52,30.132
2017,14,hulkenberg,12,4,20:33:56,30.725
2017,14,jolyon_palmer,12,4,20:34:10,30.015
2017,14,vandoorne,12,4,20:34:19,30.390
2017,14,ericsson,13,4,20:37:20,31.714
2017,14,massa,17,4,20:46:40,29.685
2017,14,wehrlein,21,4,20:55:34,32.249
2017,14,kevin_magnussen,24,5,21:01:10,30.504
2017,14,massa,24,5,21:01:38,30.048
2017,14,stroll,26,4,21:05:07,29.412
2017,14,sainz,27,4,21:06:44,30.093
2017,14,vandoorne,27,5,21:06:56,36.138
2017,14,grosjean,27,4,21:07:18,29.049
2017,14,ocon,27,5,21:07:19,29.173
2017,14,ericsson,27,5,21:07:36,50.617
2017,14,ricciardo,28,5,21:08:22,29.118
2017,14,bottas,28,4,21:08:39,29.089
2017,14,hulkenberg,28,5,21:08:46,30.005
2017,14,perez,28,5,21:08:49,29.186
2017,14,hamilton,29,4,21:10:11,28.466
2017,14,wehrlein,28,5,21:10:50,31.094
2017,14,jolyon_palmer,29,5,21:10:52,30.038
2017,14,ericsson,31,6,21:17:01,30.067
2017,14,massa,37,6,21:27:05,29.671
2017,14,hulkenberg,38,6,21:28:16,1:08.357
2017,14,ocon,38,6,21:29:07,29.134
2017,14,kevin_magnussen,38,6,21:29:17,29.379
2017,14,wehrlein,37,6,21:30:39,32.183
2017,15,ocon,2,1,15:06:57,24.456
2017,15,hulkenberg,9,1,15:18:36,24.872
2017,15,kevin_magnussen,10,1,15:20:13,23.766
2017,15,massa,11,1,15:21:49,23.791
2017,15,grosjean,11,1,15:22:00,24.912
2017,15,stroll,12,1,15:23:27,24.109
2017,15,gasly,12,1,15:23:37,25.044
2017,15,vandoorne,13,1,15:25:04,24.580
2017,15,jolyon_palmer,13,1,15:25:12,25.558
2017,15,hamilton,26,1,15:45:40,23.489
2017,15,alonso,26,1,15:46:31,25.798
2017,15,max_verstappen,27,1,15:47:09,23.652
2017,15,vettel,27,1,15:47:42,23.695
2017,15,bottas,28,1,15:49:19,23.676
2017,15,ricciardo,29,1,15:50:36,24.199
2017,15,perez,30,1,15:52:42,24.314
2017,15,grosjean,33,2,15:58:35,24.419
2017,15,wehrlein,37,1,16:05:08,25.060
2017,15,ericsson,38,1,16:07:14,24.719
2017,15,hulkenberg,50,2,16:26:10,25.714
2017,16,wehrlein,2,1,14:07:36,24.424
2017,16,wehrlein,3,2,14:09:55,24.918
2017,16,stroll,4,1,14:11:34,23.475
2017,16,vandoorne,9,1,14:20:17,23.430
2017,16,massa,17,1,14:33:15,22.956
2017,16,kevin_magnussen,19,1,14:36:33,23.065
2017,16,ocon,20,1,14:37:56,24.078
2017,16,max_verstappen,21,1,14:39:13,22.620
2017,16,perez,21,1,14:39:37,23.634
2017,16,hamilton,22,1,14:40:43,22.724
2017,16,gasly,22,1,14:41:29,23.344
2017,16,grosjean,23,1,14:43:03,22.781
2017,16,ricciardo,25,1,14:45:43,23.796
2017,16,alonso,25,1,14:46:28,24.636
2017,16,wehrlein,25,3,14:47:08,24.952
2017,16,raikkonen,28,1,14:50:46,23.699
2017,16,bottas,30,1,14:53:46,22.876
2017,16,vandoorne,34,2,15:01:19,23.399
2017,16,stroll,35,2,15:02:52,22.736
2017,16,hulkenberg,38,1,15:07:08,23.199
2017,16,jolyon_palmer,39,1,15:09:02,25.618
2017,16,gasly,39,2,15:09:07,24.413
2017,17,kevin_magnussen,1,1,14:05:31,25.112
2017,17,wehrlein,3,1,14:09:08,31.334
2017,17,brendon_hartley,8,1,14:17:38,24.400
2017,17,stroll,10,1,14:21:03,24.949
2017,17,ricciardo,12,1,14:23:58,23.604
2017,17,perez,12,1,14:24:19,24.326
2017,17,ocon,14,1,14:27:34,24.502
2017,17,alonso,14,1,14:27:37,23.796
2017,17,vettel,16,1,14:30:37,24.300
2017,17,grosjean,16,1,14:31:15,24.897
2017,17,kvyat,17,1,14:32:52,24.883
2017,17,bottas,18,1,14:34:03,23.459
2017,17,hamilton,19,1,14:35:36,23.402
2017,17,sainz,19,1,14:36:13,24.525
2017,17,raikkonen,20,1,14:37:29,23.575
2017,17,ericsson,21,1,14:40:02,25.841
2017,17,max_verstappen,24,1,14:44:17,24.325
2017,17,vandoorne,25,1,14:46:48,23.578
2017,17,massa,29,1,14:53:26,23.772
2017,17,brendon_hartley,35,2,15:04:07,24.229
2017,17,stroll,36,2,15:05:47,24.497
2017,17,max_verstappen,37,2,15:06:06,23.423
2017,17,vettel,38,2,15:07:41,23.620
2017,17,kevin_magnussen,49,2,15:28:07,25.268
2017,17,bottas,52,2,15:31:05,23.254
2017,18,vettel,1,1,13:04:31,32.037
2017,18,hamilton,1,1,13:04:57,29.283
2017,18,sainz,2,1,13:06:13,22.852
2017,18,massa,3,1,13:07:22,22.055
2017,18,wehrlein,4,1,13:08:55,23.358
2017,18,perez,18,1,13:27:58,22.903
2017,18,hulkenberg,19,1,13:29:17,22.587
2017,18,ocon,20,1,13:30:35,22.665
2017,18,ericsson,28,1,13:42:13,22.736
2017,18,kevin_magnussen,31,1,13:46:09,22.507
2017,18,vandoorne,31,1,13:46:25,28.044
2017,18,max_verstappen,32,1,13:46:33,22.570
2017,18,gasly,31,1,13:46:43,22.709
2017,18,grosjean,31,1,13:46:45,28.761
2017,18,bottas,32,1,13:46:46,21.758
2017,18,hamilton,31,2,13:46:57,23.315
2017,18,sainz,31,2,13:47:07,23.035
2017,18,raikkonen,32,1,13:47:13,22.540
2017,18,stroll,32,1,13:47:37,21.825
2017,18,vettel,32,2,13:48:10,22.379
2017,18,alonso,32,1,13:48:13,22.655
2017,18,perez,50,2,14:12:39,22.528
2017,18,grosjean,62,2,14:30:09,23.035
2017,19,vettel,1,1,14:04:42,19.097
2017,19,bottas,1,1,14:04:43,18.717
2017,19,raikkonen,1,1,14:04:45,19.433
2017,19,max_verstappen,1,1,14:04:47,18.827
2017,19,alonso,1,1,14:04:49,18.487
2017,19,massa,1,1,14:04:50,18.238
2017,19,perez,1,1,14:04:51,18.417
2017,19,hulkenberg,1,1,14:04:52,18.927
2017,19,sainz,1,1,14:04:54,19.208
2017,19,gasly,1,1,14:04:55,19.430
2017,19,ericsson,1,1,14:04:58,19.603
2017,19,brendon_hartley,1,1,14:04:59,19.936
2017,19,stroll,1,1,14:05:00,20.146
2017,19,wehrlein,1,1,14:05:01,26.439
2017,19,grosjean,1,1,14:05:02,25.845
2017,19,hamilton,1,1,14:05:05,19.377
2017,19,ricciardo,1,1,14:05:06,25.946
2017,19,vettel,2,2,14:07:01,17.817
2017,19,bottas,2,2,14:07:03,17.827
2017,19,raikkonen,2,2,14:07:05,18.027
2017,19,max_verstappen,2,2,14:07:06,17.913
2017,19,alonso,2,2,14:07:08,17.770
2017,19,massa,2,2,14:07:09,17.736
2017,19,perez,2,2,14:07:10,17.959
2017,19,hulkenberg,2,2,14:07:11,18.549
2017,19,sainz,2,2,14:07:13,18.604
2017,19,gasly,2,2,14:07:14,18.855
2017,19,ericsson,2,2,14:07:16,19.250
2017,19,brendon_hartley,2,2,14:07:17,19.439
2017,19,stroll,2,2,14:07:18,19.270
2017,19,hamilton,2,2,14:07:19,19.237
2017,19,wehrlein,2,2,14:07:20,19.160
2017,19,grosjean,2,2,14:07:22,18.860
2017,19,ricciardo,2,2,14:07:23,17.929
2017,19,vettel,3,3,14:09:13,17.842
2017,19,bottas,3,3,14:09:15,17.784
2017,19,raikkonen,3,3,14:09:16,18.290
2017,19,max_verstappen,3,3,14:09:17,18.017
2017,19,alonso,3,3,14:09:19,17.716
2017,19,massa,3,3,14:09:20,17.745
2017,19,perez,3,3,14:09:21,17.822
2017,19,hulkenberg,3,3,14:09:23,18.052
2017,19,sainz,3,3,14:09:25,18.347
2017,19,gasly,3,3,14:09:26,18.207
2017,19,ericsson,3,3,14:09:28,17.802
2017,19,brendon_hartley,3,3,14:09:29,17.738
2017,19,stroll,3,3,14:09:31,17.925
2017,19,hamilton,3,3,14:09:32,18.725
2017,19,wehrlein,3,3,14:09:33,18.764
2017,19,grosjean,3,3,14:09:34,18.456
2017,19,ricciardo,3,3,14:09:35,18.129
2017,19,bottas,27,4,14:40:23,23.064
2017,19,massa,27,4,14:40:48,23.275
2017,19,brendon_hartley,27,4,14:41:13,23.830
2017,19,vettel,28,4,14:41:36,22.736
2017,19,max_verstappen,28,4,14:41:48,23.180
2017,19,alonso,28,4,14:42:03,23.342
2017,19,stroll,28,4,14:42:27,22.486
2017,19,raikkonen,29,4,14:42:56,23.170
2017,19,hulkenberg,30,4,14:44:43,24.054
2017,19,sainz,31,4,14:46:03,23.550
2017,19,perez,35,4,14:50:51,23.275
2017,19,hamilton,43,4,15:00:16,23.121
2017,19,ricciardo,43,4,15:00:36,23.484
2017,19,gasly,44,4,15:02:35,23.748
2017,19,ericsson,44,4,15:02:43,24.164
2017,19,grosjean,48,4,15:08:02,34.438
2017,19,max_verstappen,62,5,15:23:42,22.644
2017,19,stroll,67,5,15:32:18,24.756
2017,20,stroll,11,1,17:23:10,21.613
2017,20,vandoorne,12,1,17:24:58,22.125
2017,20,max_verstappen,14,1,17:27:48,21.269
2017,20,raikkonen,15,1,17:29:30,21.609
2017,20,perez,16,1,17:31:34,21.869
2017,20,hulkenberg,17,1,17:33:10,29.724
2017,20,ricciardo,19,1,17:36:18,23.477
2017,20,vettel,20,1,17:37:57,21.221
2017,20,bottas,21,1,17:39:31,21.478
2017,20,alonso,21,1,17:40:31,22.541
2017,20,massa,22,1,17:42:15,21.449
2017,20,kevin_magnussen,22,1,17:42:42,21.875
2017,20,hamilton,24,1,17:44:41,21.274
2017,20,brendon_hartley,26,1,17:49:52,21.598
2017,20,wehrlein,28,1,17:53:13,22.959
2017,20,stroll,29,2,17:55:13,21.543
2017,20,gasly,30,1,17:56:53,21.519
2017,20,ericsson,30,1,17:56:57,22.176
2017,20,ocon,31,1,17:57:47,21.865
2017,20,sainz,31,1,17:57:49,21.956
2017,20,grosjean,32,1,17:59:52,21.850
2017,20,stroll,35,3,18:06:11,21.908
2018,1,brendon_hartley,1,1,16:15:04,22.213
2018,1,raikkonen,18,1,16:40:07,21.421
2018,1,hamilton,19,1,16:41:30,21.821
2018,1,leclerc,20,1,16:44:03,22.242
2018,1,max_verstappen,21,1,16:45:06,20.953
2018,1,kevin_magnussen,22,1,16:46:31,21.983
2018,1,sainz,22,1,16:46:46,23.868
2018,1,brendon_hartley,22,2,16:47:37,22.296
2018,1,ocon,23,1,16:48:25,21.854
2018,1,grosjean,24,1,16:49:31,23.054
2018,1,hulkenberg,24,1,16:49:35,22.628
2018,1,perez,24,1,16:49:51,22.327
2018,1,vandoorne,25,1,16:51:17,22.474
2018,1,bottas,25,1,16:51:21,21.664
2018,1,stroll,25,1,16:51:46,25.504
2018,1,vettel,26,1,16:52:19,21.787
2018,1,ricciardo,26,1,16:52:59,21.440
2018,1,alonso,26,1,16:53:09,22.573
2018,1,leclerc,27,2,16:56:25,22.836
2018,1,stroll,29,2,16:59:57,21.397
2018,2,max_verstappen,2,1,18:18:14,30.381
2018,2,leclerc,3,1,18:19:24,25.563
2018,2,perez,9,1,18:29:30,24.992
2018,2,vandoorne,10,1,18:31:05,25.081
2018,2,stroll,10,1,18:31:12,33.612
2018,2,kevin_magnussen,13,1,18:35:49,25.106
2018,2,alonso,14,1,18:37:30,24.993
2018,2,gasly,15,1,18:38:59,24.835
2018,2,hulkenberg,15,1,18:39:05,24.454
2018,2,ocon,15,1,18:39:12,24.719
2018,2,sainz,16,1,18:40:52,25.768
2018,2,vettel,18,1,18:43:25,24.524
2018,2,grosjean,18,1,18:44:11,25.011
2018,2,raikkonen,19,1,18:45:09,25.018
2018,2,bottas,20,1,18:46:40,26.105
2018,2,brendon_hartley,20,1,18:47:23,36.646
2018,2,sirotkin,22,1,18:51:05,24.672
2018,2,ericsson,23,1,18:52:22,25.194
2018,2,hamilton,26,1,18:56:29,24.302
2018,2,sainz,26,2,18:57:29,25.307
2018,2,kevin_magnussen,27,2,18:58:45,24.629
2018,2,vandoorne,28,2,19:00:38,25.131
2018,2,grosjean,30,2,19:03:55,25.527
2018,2,stroll,30,2,19:04:24,24.638
2018,2,perez,32,2,19:07:17,24.677
2018,2,gasly,34,2,19:09:50,24.957
2018,2,leclerc,34,2,19:10:46,25.139
2018,2,ocon,35,2,19:12:01,24.596
2018,2,hulkenberg,39,2,19:18:06,24.382
2018,2,alonso,39,2,19:18:09,24.581
2018,2,sirotkin,40,2,19:20:39,25.693
2018,2,brendon_hartley,42,2,19:23:28,24.953
2018,2,grosjean,45,3,19:28:25,26.263
2018,3,brendon_hartley,10,1,14:30:52,23.172
2018,3,ocon,11,1,14:32:18,23.281
2018,3,sainz,12,1,14:33:53,23.935
2018,3,perez,12,1,14:34:05,22.856
2018,3,hulkenberg,13,1,14:35:30,23.654
2018,3,grosjean,16,1,14:40:41,22.981
2018,3,max_verstappen,17,1,14:41:50,22.715
2018,3,ricciardo,17,1,14:41:56,23.042
2018,3,hamilton,18,1,14:43:33,22.464
2018,3,bottas,19,1,14:45:02,22.097
2018,3,vettel,20,1,14:46:38,23.009
2018,3,gasly,20,1,14:47:48,23.950
2018,3,leclerc,21,1,14:49:28,23.392
2018,3,vandoorne,22,1,14:50:55,23.730
2018,3,stroll,23,1,14:52:34,22.661
2018,3,kevin_magnussen,24,1,14:53:57,22.973
2018,3,raikkonen,27,1,14:58:28,22.913
2018,3,sirotkin,28,1,15:01:08,23.716
2018,3,alonso,29,1,15:02:24,24.110
2018,3,ericsson,29,1,15:03:02,22.785
2018,3,max_verstappen,31,2,15:05:06,22.596
2018,3,brendon_hartley,30,2,15:05:08,24.070
2018,3,ricciardo,31,2,15:05:15,22.691
2018,3,hulkenberg,31,2,15:06:04,23.297
2018,3,sainz,31,2,15:06:18,23.117
2018,3,ocon,31,2,15:06:24,22.637
2018,3,gasly,31,2,15:07:01,34.650
2018,3,perez,32,2,15:08:44,22.334
2018,3,sirotkin,33,2,15:11:07,22.723
2018,3,grosjean,46,2,15:33:38,23.735
2018,4,raikkonen,1,1,16:16:15,30.012
2018,4,brendon_hartley,1,1,16:16:35,21.376
2018,4,alonso,1,1,16:16:58,56.710
2018,4,kevin_magnussen,1,1,16:17:11,35.608
2018,4,ericsson,1,1,16:17:16,44.107
2018,4,perez,2,1,16:19:26,28.109
2018,4,grosjean,2,1,16:19:32,21.725
2018,4,gasly,12,1,16:40:48,20.782
2018,4,sainz,15,1,16:46:02,21.516
2018,4,vandoorne,17,1,16:49:58,21.103
2018,4,ericsson,18,2,16:52:18,25.378
2018,4,hamilton,22,1,16:58:07,20.377
2018,4,brendon_hartley,22,2,16:59:24,20.809
2018,4,stroll,23,1,17:00:38,19.737
2018,4,leclerc,24,1,17:02:20,21.058
2018,4,vandoorne,25,2,17:05:01,20.887
2018,4,vettel,30,1,17:12:13,20.037
2018,4,ricciardo,37,1,17:25:09,19.925
2018,4,ericsson,36,3,17:25:51,32.629
2018,4,max_verstappen,38,1,17:26:56,19.765
2018,4,bottas,40,1,17:30:08,20.192
2018,4,vettel,40,2,17:30:26,20.823
2018,4,kevin_magnussen,39,2,17:30:36,21.778
2018,4,hamilton,40,2,17:30:37,21.329
2018,4,gasly,39,2,17:30:54,21.287
2018,4,brendon_hartley,39,3,17:31:04,21.072
2018,4,raikkonen,40,2,17:31:21,21.149
2018,4,vandoorne,39,3,17:31:27,20.760
2018,4,perez,40,2,17:31:34,26.174
2018,4,grosjean,40,2,17:31:39,22.757
2018,4,sainz,40,2,17:31:48,20.967
2018,4,leclerc,40,2,17:32:00,22.030
2018,4,stroll,40,2,17:32:03,21.236
2018,4,alonso,40,2,17:32:15,21.371
2018,4,ericsson,39,4,17:32:40,14.998
2018,4,vandoorne,46,4,17:47:50,20.978
2018,5,brendon_hartley,1,1,15:15:19,22.631
2018,5,sirotkin,1,1,15:15:23,22.049
2018,5,vettel,17,1,15:41:29,22.054
2018,5,bottas,19,1,15:44:12,23.213
2018,5,leclerc,20,1,15:46:09,21.995
2018,5,stroll,20,1,15:46:18,21.351
2018,5,alonso,21,1,15:47:34,21.721
2018,5,sirotkin,24,2,15:52:02,22.034
2018,5,hamilton,25,1,15:52:11,22.085
2018,5,sainz,25,1,15:53:03,22.409
2018,5,perez,26,1,15:54:45,22.438
2018,5,ocon,29,1,15:58:45,47.910
2018,5,kevin_magnussen,32,1,16:02:35,22.917
2018,5,ricciardo,33,1,16:03:28,21.618
2018,5,brendon_hartley,33,2,16:04:40,22.472
2018,5,max_verstappen,34,1,16:04:41,21.740
2018,5,vandoorne,34,1,16:05:53,27.416
2018,5,ericsson,35,1,16:07:20,22.100
2018,5,vettel,41,2,16:14:52,24.273
2018,5,perez,40,2,16:14:56,22.242
2018,5,sirotkin,41,3,16:17:36,23.865
2018,6,sirotkin,7,1,15:22:13,31.810
2018,6,stroll,9,1,15:25:39,33.887
2018,6,hamilton,12,1,15:28:19,23.739
2018,6,brendon_hartley,13,1,15:30:14,24.326
2018,6,leclerc,14,1,15:31:32,23.870
2018,6,grosjean,15,1,15:33:04,24.741
2018,6,vettel,16,1,15:33:21,23.964
2018,6,sainz,16,1,15:34:04,24.874
2018,6,ricciardo,17,1,15:34:32,24.542
2018,6,raikkonen,17,1,15:34:47,24.263
2018,6,bottas,17,1,15:35:01,24.020
2018,6,ericsson,17,1,15:35:35,24.291
2018,6,kevin_magnussen,17,1,15:35:35,24.237
2018,6,alonso,19,1,15:37:54,24.241
2018,6,sirotkin,19,2,15:38:41,25.170
2018,6,vandoorne,20,1,15:39:35,26.817
2018,6,perez,21,1,15:40:40,29.379
2018,6,ocon,23,1,15:43:06,24.663
2018,6,stroll,34,2,15:59:55,31.104
2018,6,gasly,37,1,16:01:40,24.296
2018,6,max_verstappen,47,1,16:15:05,24.111
2018,6,sirotkin,49,3,16:18:49,25.563
2018,6,hulkenberg,50,1,16:18:53,25.213
2018,6,stroll,59,3,16:33:18,24.852
2018,6,grosjean,68,2,16:43:24,24.568
2018,6,vandoorne,72,2,16:48:42,25.438
2018,7,vandoorne,1,1,14:14:56,41.008
2018,7,ericsson,1,1,14:15:00,23.529
2018,7,perez,9,1,14:27:34,24.086
2018,7,ocon,11,1,14:29:59,25.353
2018,7,hulkenberg,13,1,14:32:32,24.521
2018,7,sainz,14,1,14:33:51,24.416
2018,7,max_verstappen,16,1,14:36:13,23.137
2018,7,hamilton,16,1,14:36:16,23.335
2018,7,ricciardo,17,1,14:37:31,23.279
2018,7,alonso,18,1,14:39:10,23.099
2018,7,leclerc,19,1,14:40:26,23.666
2018,7,kevin_magnussen,22,1,14:44:21,24.008
2018,7,gasly,23,1,14:45:36,24.107
2018,7,sirotkin,26,1,14:49:55,23.531
2018,7,raikkonen,32,1,14:56:30,23.645
2018,7,bottas,36,1,15:01:20,23.775
2018,7,vettel,37,1,15:02:29,23.529
2018,7,perez,44,2,15:12:48,23.718
2018,7,grosjean,48,1,15:17:41,24.400
2018,7,vandoorne,48,2,15:18:21,23.537
2018,8,stroll,1,1,16:15:46,26.576
2018,8,sirotkin,1,1,16:15:55,26.273
2018,8,vettel,1,1,16:15:56,32.612
2018,8,alonso,1,1,16:15:56,25.789
2018,8,bottas,1,1,16:16:38,27.955
2018,8,max_verstappen,25,1,16:57:59,24.395
2018,8,sainz,26,1,17:00:15,25.423
2018,8,ricciardo,28,1,17:02:52,24.309
2018,8,kevin_magnussen,28,1,17:03:31,25.419
2018,8,leclerc,31,1,17:08:35,25.026
2018,8,hamilton,33,1,17:10:41,24.310
2018,8,raikkonen,34,1,17:12:38,24.289
2018,8,grosjean,34,1,17:13:30,29.996
2018,8,ericsson,35,1,17:15:27,24.295
2018,8,hulkenberg,37,1,17:18:16,25.016
2018,8,brendon_hartley,38,1,17:20:21,24.297
2018,8,bottas,39,2,17:21:22,30.666
2018,8,vettel,40,2,17:22:38,31.029
2018,8,vandoorne,40,1,17:23:26,24.399
2018,8,alonso,46,2,17:33:42,24.788
2018,9,vandoorne,1,1,15:14:13,46.557
2018,9,max_verstappen,15,1,15:30:26,21.214
2018,9,raikkonen,15,1,15:30:30,21.552
2018,9,ricciardo,15,1,15:30:32,21.950
2018,9,vettel,15,1,15:30:34,23.912
2018,9,grosjean,15,1,15:30:46,22.121
2018,9,ocon,15,1,15:30:54,22.527
2018,9,sainz,15,1,15:30:57,23.257
2018,9,stroll,15,1,15:31:03,22.181
2018,9,gasly,15,1,15:31:09,22.011
2018,9,leclerc,15,1,15:31:12,21.364
2018,9,alonso,15,1,15:31:16,21.588
2018,9,sirotkin,24,1,15:41:54,23.048
2018,9,hamilton,25,1,15:42:08,21.245
2018,9,perez,27,1,15:45:05,22.863
2018,9,kevin_magnussen,28,1,15:46:11,22.138
2018,9,sainz,34,2,15:53:34,26.335
2018,9,ricciardo,38,2,15:57:21,21.259
2018,9,vandoorne,40,2,16:01:56,22.526
2018,9,ericsson,45,1,16:06:18,21.519
2018,9,hamilton,52,2,16:13:20,20.980
2018,9,sirotkin,60,2,16:24:25,24.884
2018,9,stroll,65,2,16:30:07,22.299
2018,10,raikkonen,13,1,14:33:39,38.573
2018,10,alonso,13,1,14:34:09,28.669
2018,10,perez,13,1,14:34:17,28.651
2018,10,max_verstappen,17,1,14:39:53,28.458
2018,10,sainz,17,1,14:40:28,29.074
2018,10,ricciardo,18,1,14:41:31,28.194
2018,10,leclerc,18,1,14:41:58,27.865
2018,10,ocon,19,1,14:43:35,29.410
2018,10,vettel,20,1,14:44:24,28.677
2018,10,hulkenberg,20,1,14:45:06,28.719
2018,10,gasly,20,1,14:45:19,28.676
2018,10,bottas,21,1,14:46:03,27.894
2018,10,vandoorne,21,1,14:47:02,28.284
2018,10,sirotkin,21,1,14:47:19,28.224
2018,10,ericsson,24,1,14:51:45,28.207
2018,10,hamilton,25,1,14:52:37,28.982
2018,10,kevin_magnussen,25,1,14:53:08,28.450
2018,10,grosjean,26,1,14:54:52,29.254
2018,10,ricciardo,30,2,15:00:29,28.001
2018,10,stroll,30,1,15:01:51,27.774
2018,10,alonso,32,2,15:04:42,28.085
2018,10,sainz,32,2,15:04:46,28.078
2018,10,gasly,32,2,15:04:49,29.766
2018,10,perez,32,2,15:04:53,28.836
2018,10,vettel,33,2,15:05:15,28.174
2018,10,max_verstappen,33,2,15:05:35,28.000
2018,10,raikkonen,33,2,15:05:39,28.985
2018,10,vandoorne,33,2,15:07:14,28.658
2018,11,raikkonen,14,1,15:31:29,19.647
2018,11,hulkenberg,18,1,15:37:14,19.584
2018,11,kevin_magnussen,20,1,15:39:50,19.818
2018,11,sainz,20,1,15:40:01,20.160
2018,11,leclerc,20,1,15:40:04,19.267
2018,11,grosjean,21,1,15:41:19,20.198
2018,11,perez,22,1,15:42:34,25.130
2018,11,vettel,25,1,15:45:48,18.657
2018,11,ocon,25,1,15:46:55,19.570
2018,11,stroll,27,1,15:49:46,19.476
2018,11,bottas,28,1,15:49:51,19.188
2018,11,sirotkin,28,1,15:51:05,24.173
2018,11,brendon_hartley,28,1,15:51:05,19.309
2018,11,max_verstappen,29,1,15:51:16,19.742
2018,11,vandoorne,29,1,15:52:30,19.778
2018,11,alonso,31,1,15:54:51,18.956
2018,11,ericsson,38,1,16:04:17,18.840
2018,11,hamilton,42,1,16:08:17,18.978
2018,11,leclerc,43,2,16:10:51,21.200
2018,11,alonso,43,2,16:11:06,21.119
2018,11,gasly,43,1,16:11:12,19.806
2018,11,max_verstappen,46,2,16:13:39,19.297
2018,11,leclerc,46,3,16:15:36,20.653
2018,11,gasly,46,2,16:16:19,19.512
2018,11,max_verstappen,48,3,16:16:46,19.087
2018,11,alonso,47,3,16:17:17,20.927
2018,11,sainz,50,2,16:20:42,19.637
2018,11,stroll,50,2,16:21:14,19.526
2018,11,hulkenberg,51,2,16:21:56,20.752
2018,11,bottas,52,2,16:22:05,33.279
2018,11,grosjean,51,2,16:22:13,22.738
2018,11,kevin_magnussen,51,2,16:22:14,34.742
2018,11,sirotkin,51,2,16:23:00,21.711
2018,11,raikkonen,53,2,16:24:19,19.988
2018,11,brendon_hartley,52,2,16:25:00,19.985
2018,11,vandoorne,52,2,16:25:50,19.621
2018,11,hulkenberg,55,3,16:29:16,20.812
2018,11,grosjean,55,3,16:29:57,19.752
2018,11,kevin_magnussen,55,3,16:29:59,27.736
2018,11,sainz,56,3,16:31:24,20.530
2018,12,ericsson,6,1,15:22:06,22.640
2018,12,raikkonen,14,1,15:32:53,24.471
2018,12,bottas,15,1,15:34:11,21.337
2018,12,perez,22,1,15:44:52,22.561
2018,12,hulkenberg,23,1,15:46:04,21.966
2018,12,brendon_hartley,24,1,15:47:26,21.831
2018,12,hamilton,25,1,15:47:53,21.480
2018,12,sainz,25,1,15:48:47,21.914
2018,12,grosjean,29,1,15:54:26,21.733
2018,12,kevin_magnussen,31,1,15:57:05,25.126
2018,12,sirotkin,31,1,15:57:50,21.509
2018,12,gasly,32,1,15:58:19,21.684
2018,12,raikkonen,38,2,16:06:22,21.829
2018,12,vettel,39,1,16:07:21,23.111
2018,12,alonso,39,1,16:08:27,21.795
2018,12,ocon,39,1,16:08:53,22.258
2018,12,vandoorne,40,1,16:09:54,21.732
2018,12,ricciardo,44,1,16:14:45,21.364
2018,12,stroll,47,1,16:20:54,21.291
2018,12,hulkenberg,50,2,16:24:45,22.650
2018,13,vettel,1,1,15:15:59,19.582
2018,13,hamilton,1,1,15:16:01,19.372
2018,13,perez,1,1,15:16:02,19.667
2018,13,ocon,1,1,15:16:03,19.582
2018,13,max_verstappen,1,1,15:16:04,19.942
2018,13,grosjean,1,1,15:16:05,20.280
2018,13,kevin_magnussen,1,1,15:16:07,20.021
2018,13,gasly,1,1,15:16:09,20.136
2018,13,ericsson,1,1,15:16:11,19.711
2018,13,sirotkin,1,1,15:16:12,19.791
2018,13,stroll,1,1,15:16:13,19.732
2018,13,brendon_hartley,1,1,15:16:16,18.084
2018,13,sainz,1,1,15:16:18,18.509
2018,13,bottas,1,1,15:16:19,20.349
2018,13,vandoorne,1,1,15:16:21,19.847
2018,13,raikkonen,1,1,15:16:57,26.367
2018,13,bottas,2,2,15:19:21,30.519
2018,13,vandoorne,2,2,15:19:22,22.706
2018,13,raikkonen,7,2,15:30:50,35.451
2018,13,hamilton,21,2,15:55:48,22.375
2018,13,vettel,22,2,15:57:33,22.253
2018,13,sainz,22,2,15:58:45,23.857
2018,13,grosjean,23,2,16:00:10,23.248
2018,13,stroll,23,2,16:00:34,22.901
2018,13,ocon,24,2,16:01:54,23.225
2018,13,sirotkin,24,2,16:02:22,22.339
2018,13,perez,25,2,16:03:39,23.157
2018,13,gasly,25,2,16:04:03,22.953
2018,13,max_verstappen,26,2,16:05:08,22.341
2018,13,kevin_magnussen,26,2,16:05:49,24.304
2018,13,ericsson,26,2,16:05:55,22.558
2018,13,vandoorne,28,3,16:10:09,23.389
2018,13,bottas,29,3,16:11:03,22.399
2018,13,brendon_hartley,31,2,16:15:29,29.316
2018,14,hulkenberg,1,1,15:15:34,25.234
2018,14,ricciardo,1,1,15:15:35,24.805
2018,14,vettel,1,1,15:15:36,32.219
2018,14,ericsson,1,1,15:15:50,29.992
2018,14,kevin_magnussen,4,1,15:21:22,38.563
2018,14,raikkonen,20,1,15:43:45,23.862
2018,14,grosjean,23,1,15:48:27,24.779
2018,14,vandoorne,24,1,15:50:24,24.094
2018,14,max_verstappen,26,1,15:52:26,24.003
2018,14,hamilton,28,1,15:55:00,23.728
2018,14,vettel,29,2,15:56:58,24.301
2018,14,gasly,34,1,16:04:44,27.792
2018,14,leclerc,34,1,16:04:46,24.084
2018,14,stroll,35,1,16:05:54,26.440
2018,14,bottas,36,1,16:06:30,23.763
2018,14,sirotkin,37,1,16:08:49,25.245
2018,14,ocon,38,1,16:09:51,24.827
2018,14,perez,39,1,16:11:20,25.655
2018,14,sainz,39,1,16:11:32,25.774
2018,14,hulkenberg,41,2,16:14:52,24.456
2018,14,ericsson,42,2,16:16:25,25.575
2018,15,sirotkin,3,1,20:21:50,30.477
2018,15,vettel,14,1,20:42:01,28.722
2018,15,brendon_hartley,14,1,20:42:40,29.912
2018,15,hamilton,15,1,20:43:42,28.946
2018,15,hulkenberg,15,1,20:44:23,31.183
2018,15,bottas,16,1,20:45:39,28.542
2018,15,grosjean,16,1,20:46:12,29.517
2018,15,max_verstappen,17,1,20:47:19,29.681
2018,15,perez,17,1,20:47:51,29.978
2018,15,raikkonen,22,1,20:56:20,29.513
2018,15,gasly,26,1,21:04:28,28.931
2018,15,kevin_magnussen,26,1,21:04:30,29.408
2018,15,ricciardo,27,1,21:05:14,28.779
2018,15,perez,33,2,21:17:29,30.561
2018,15,brendon_hartley,36,2,21:22:59,29.464
2018,15,kevin_magnussen,36,2,21:23:01,30.711
2018,15,sainz,37,1,21:23:46,30.242
2018,15,alonso,38,1,21:25:29,29.922
2018,15,leclerc,38,1,21:25:50,29.310
2018,15,perez,39,3,21:28:41,24.340
2018,15,stroll,40,1,21:30:02,28.767
2018,15,vandoorne,43,1,21:35:11,30.234
2018,15,ericsson,44,1,21:36:55,28.860
2018,15,sirotkin,45,2,21:39:51,34.022
2018,15,kevin_magnussen,48,3,21:44:52,29.324
2018,16,brendon_hartley,3,1,14:18:54,29.418
2018,16,alonso,5,1,14:22:23,30.348
2018,16,stroll,7,1,14:25:54,29.266
2018,16,grosjean,8,1,14:27:27,30.469
2018,16,kevin_magnussen,9,1,14:28:59,29.904
2018,16,leclerc,10,1,14:30:35,30.397
2018,16,ocon,10,1,14:30:40,30.642
2018,16,sirotkin,10,1,14:31:18,29.912
2018,16,ericsson,11,1,14:32:34,30.051
2018,16,vandoorne,11,1,14:32:55,29.636
2018,16,bottas,12,1,14:33:30,29.794
2018,16,perez,12,1,14:34:04,29.924
2018,16,vettel,13,1,14:35:13,29.798
2018,16,hamilton,14,1,14:36:51,29.551
2018,16,raikkonen,18,1,14:43:40,29.531
2018,16,sainz,32,1,15:08:28,30.021
2018,16,hulkenberg,35,1,15:12:47,30.625
2018,16,ericsson,37,2,15:16:36,30.146
2018,16,ricciardo,39,1,15:18:49,37.446
2018,16,max_verstappen,43,1,15:24:48,29.370
2018,17,kevin_magnussen,2,1,14:17:48,29.007
2018,17,leclerc,4,1,14:20:44,38.891
2018,17,sirotkin,4,1,14:20:51,23.660
2018,17,ericsson,5,1,14:23:11,23.244
2018,17,stroll,14,1,14:39:30,23.657
2018,17,raikkonen,17,1,14:43:53,22.781
2018,17,max_verstappen,21,1,14:50:08,28.789
2018,17,bottas,23,1,14:53:12,22.777
2018,17,ricciardo,23,1,14:53:24,22.864
2018,17,vandoorne,23,1,14:54:14,23.159
2018,17,hamilton,24,1,14:54:41,22.614
2018,17,perez,24,1,14:55:30,23.635
2018,17,ocon,26,1,14:58:45,23.316
2018,17,vettel,26,1,14:58:49,22.748
2018,17,alonso,26,1,14:58:57,27.454
2018,17,brendon_hartley,28,1,15:02:08,23.110
2018,17,grosjean,29,1,15:03:29,23.692
2018,17,gasly,29,1,15:03:37,23.376
2018,17,hulkenberg,30,1,15:05:33,23.555
2018,17,sainz,32,1,15:08:30,23.477
2018,17,leclerc,35,2,15:13:39,26.672
2018,17,sirotkin,38,2,15:18:43,23.647
2018,17,stroll,39,2,15:20:25,29.804
2018,18,leclerc,1,1,13:15:33,34.812
2018,18,stroll,1,1,13:15:34,41.048
2018,18,grosjean,1,1,13:15:46,35.104
2018,18,stroll,5,2,13:23:02,18.610
2018,18,sirotkin,10,1,13:31:11,23.686
2018,18,vandoorne,10,1,13:31:16,24.065
2018,18,gasly,10,1,13:31:19,23.865
2018,18,hamilton,11,1,13:32:38,23.693
2018,18,raikkonen,21,1,13:49:44,23.714
2018,18,max_verstappen,22,1,13:51:28,23.446
2018,18,ocon,22,1,13:52:07,24.534
2018,18,bottas,23,1,13:53:07,23.478
2018,18,hulkenberg,23,1,13:53:40,24.681
2018,18,sainz,24,1,13:55:25,29.319
2018,18,perez,25,1,13:57:18,25.723
2018,18,vettel,26,1,13:58:25,24.449
2018,18,brendon_hartley,27,1,14:00:53,23.819
2018,18,sirotkin,29,2,14:04:26,23.715
2018,18,kevin_magnussen,30,1,14:05:48,23.723
2018,18,ericsson,30,1,14:06:07,23.940
2018,18,hamilton,37,2,14:16:27,23.915
2018,18,gasly,36,2,14:16:33,24.219
2018,18,stroll,38,3,14:20:52,24.296
2018,18,vandoorne,40,2,14:23:09,24.195
2018,19,ocon,1,1,13:14:32,27.806
2018,19,brendon_hartley,1,1,13:14:35,22.055
2018,19,gasly,5,1,13:20:36,22.570
2018,19,stroll,10,1,13:27:33,24.451
2018,19,hamilton,11,1,13:28:21,22.269
2018,19,bottas,11,1,13:28:30,22.105
2018,19,sainz,11,1,13:28:40,22.660
2018,19,sirotkin,11,1,13:29:04,22.732
2018,19,ricciardo,12,1,13:29:44,22.022
2018,19,hulkenberg,12,1,13:30:08,23.037
2018,19,vandoorne,12,1,13:30:25,22.174
2018,19,max_verstappen,13,1,13:31:00,22.175
2018,19,leclerc,13,1,13:31:39,22.588
2018,19,ericsson,16,1,13:36:10,31.406
2018,19,vettel,17,1,13:36:37,22.658
2018,19,raikkonen,17,1,13:36:57,22.017
2018,19,stroll,23,2,13:46:14,23.371
2018,19,brendon_hartley,24,2,13:47:35,23.553
2018,19,gasly,26,2,13:50:29,23.055
2018,19,perez,30,1,13:56:04,23.755
2018,19,ocon,30,2,13:56:33,22.756
2018,19,kevin_magnussen,43,1,14:15:14,22.390
2018,19,grosjean,44,1,14:16:47,22.733
2018,19,vettel,47,2,14:18:25,21.777
2018,19,hamilton,47,2,14:18:42,22.399
2018,19,max_verstappen,48,2,14:19:35,22.088
2018,19,bottas,48,2,14:20:17,23.887
2018,19,grosjean,60,2,14:40:00,23.426
2018,19,bottas,62,3,14:40:33,22.512
2018,20,alonso,15,1,15:32:38,33.753
2018,20,sirotkin,16,1,15:33:56,23.273
2018,20,stroll,17,1,15:35:13,24.608
2018,20,bottas,18,1,15:35:50,22.955
2018,20,ericsson,18,1,15:36:28,23.377
2018,20,hamilton,19,1,15:36:57,22.641
2018,20,gasly,22,1,15:41:18,23.757
2018,20,sainz,25,1,15:45:06,23.939
2018,20,vettel,27,1,15:47:00,22.551
2018,20,vandoorne,28,1,15:49:08,22.618
2018,20,raikkonen,31,1,15:51:53,22.766
2018,20,grosjean,32,1,15:53:30,23.403
2018,20,max_verstappen,35,1,15:56:38,23.432
2018,20,leclerc,35,1,15:57:04,23.593
2018,20,ricciardo,39,1,16:01:41,23.300
2018,20,perez,39,1,16:02:25,23.505
2018,20,ocon,40,1,16:03:50,27.226
2018,20,kevin_magnussen,41,1,16:04:39,23.115
2018,20,sainz,48,2,16:14:02,23.770
2018,20,brendon_hartley,49,1,16:15:11,23.422
2018,20,vettel,53,2,16:19:07,22.683
2018,20,alonso,54,2,16:22:00,23.046
2018,20,ocon,57,2,16:25:23,31.198
2018,20,bottas,59,2,16:26:17,22.727
2018,20,stroll,65,2,16:35:55,24.283
2018,21,brendon_hartley,1,1,17:16:20,41.012
2018,21,hamilton,7,1,17:29:33,21.283
2018,21,leclerc,7,1,17:29:43,21.828
2018,21,grosjean,7,1,17:29:48,22.354
2018,21,vettel,15,1,17:44:11,22.630
2018,21,bottas,16,1,17:45:52,21.600
2018,21,max_verstappen,17,1,17:47:44,21.057
2018,21,ocon,18,1,17:49:58,21.979
2018,21,perez,26,1,18:04:04,22.112
2018,21,alonso,27,1,18:06:10,21.726
2018,21,gasly,29,1,18:09:35,22.493
2018,21,ricciardo,33,1,18:15:29,21.061
2018,21,vandoorne,35,1,18:20:34,22.317
2018,21,sirotkin,35,1,18:20:39,22.755
2018,21,sainz,37,1,18:23:10,21.964
2018,21,bottas,40,2,18:27:52,21.289
2018,21,stroll,40,1,18:29:11,22.189
2018,21,kevin_magnussen,41,1,18:30:42,21.587
2019,1,kubica,1,1,16:15:28,32.997
2019,1,ricciardo,1,1,16:15:30,33.027
2019,1,raikkonen,12,1,16:31:50,23.299
2019,1,hulkenberg,13,1,16:33:19,21.588
2019,1,perez,13,1,16:33:28,23.234
2019,1,vettel,14,1,16:34:28,21.995
2019,1,kevin_magnussen,14,1,16:34:47,22.388
2019,1,albon,14,1,16:34:57,21.780
2019,1,hamilton,15,1,16:35:52,21.515
2019,1,grosjean,15,1,16:36:19,29.981
2019,1,norris,15,1,16:36:25,21.627
2019,1,bottas,23,1,16:47:33,22.014
2019,1,max_verstappen,25,1,16:50:47,21.157
2019,1,kvyat,26,1,16:52:54,22.086
2019,1,russell,26,1,16:53:46,21.689
2019,1,stroll,27,1,16:54:21,22.471
2019,1,giovinazzi,27,1,16:54:58,27.172
2019,1,leclerc,28,1,16:55:26,22.306
2019,1,kubica,28,2,16:58:10,22.343
2019,1,gasly,37,1,17:09:14,21.269
2019,1,russell,42,2,17:18:18,21.543
2019,1,kubica,44,3,17:22:42,21.889
2019,2,stroll,1,1,18:15:42,34.338
2019,2,grosjean,1,1,18:15:49,32.082
2019,2,sainz,4,1,18:20:43,45.543
2019,2,perez,8,1,18:26:49,27.136
2019,2,raikkonen,9,1,18:28:25,25.647
2019,2,gasly,9,1,18:28:32,27.557
2019,2,albon,9,1,18:28:33,25.659
2019,2,norris,10,1,18:30:09,24.175
2019,2,kevin_magnussen,10,1,18:30:10,24.948
2019,2,max_verstappen,11,1,18:31:32,24.199
2019,2,kubica,11,1,18:32:04,24.667
2019,2,bottas,12,1,18:33:08,24.865
2019,2,hulkenberg,12,1,18:33:19,25.498
2019,2,kvyat,12,1,18:33:44,26.508
2019,2,russell,12,1,18:33:46,24.633
2019,2,leclerc,13,1,18:34:36,24.518
2019,2,hamilton,13,1,18:34:41,24.255
2019,2,vettel,14,1,18:36:18,24.228
2019,2,giovinazzi,16,1,18:40:11,27.725
2019,2,stroll,23,2,18:52:28,26.600
2019,2,ricciardo,24,1,18:53:09,25.676
2019,2,sainz,24,2,18:54:12,25.034
2019,2,albon,25,2,18:55:06,24.842
2019,2,russell,26,2,18:57:17,24.912
2019,2,kubica,27,2,18:59:03,24.313
2019,2,max_verstappen,32,2,19:05:59,26.729
2019,2,hulkenberg,32,2,19:06:16,25.253
2019,2,raikkonen,33,2,19:08:04,25.621
2019,2,perez,33,2,19:08:18,26.798
2019,2,hamilton,34,2,19:08:53,24.324
2019,2,norris,34,2,19:09:37,24.717
2019,2,vettel,35,2,19:10:26,24.212
2019,2,leclerc,36,2,19:11:54,24.358
2019,2,bottas,37,2,19:13:58,24.433
2019,2,vettel,38,3,19:15:58,34.193
2019,2,kvyat,38,2,19:16:45,30.761
2019,2,kevin_magnussen,38,2,19:16:47,25.982
2019,2,gasly,39,2,19:17:58,24.484
2019,2,giovinazzi,40,2,19:19:55,24.880
2019,2,sainz,40,3,19:20:46,24.985
2019,3,sainz,1,1,14:15:38,45.878
2019,3,norris,1,1,14:15:45,50.738
2019,3,kvyat,7,1,14:25:49,17.257
2019,3,giovinazzi,7,1,14:25:51,25.184
2019,3,grosjean,8,1,14:27:26,23.261
2019,3,kevin_magnussen,9,1,14:29:10,23.964
2019,3,hulkenberg,11,1,14:32:24,24.107
2019,3,max_verstappen,17,1,14:42:01,23.223
2019,3,norris,17,2,14:43:26,33.638
2019,3,vettel,18,1,14:43:39,22.749
2019,3,ricciardo,18,1,14:44:01,23.506
2019,3,gasly,19,1,14:45:31,22.301
2019,3,albon,19,1,14:46:02,23.215
2019,3,perez,20,1,14:47:27,23.733
2019,3,stroll,20,1,14:47:41,23.466
2019,3,bottas,21,1,14:48:27,22.196
2019,3,hamilton,22,1,14:50:01,22.644
2019,3,leclerc,22,1,14:50:21,22.921
2019,3,russell,22,1,14:51:29,24.332
2019,3,raikkonen,25,1,14:55:54,23.888
2019,3,kvyat,25,2,14:56:18,26.050
2019,3,kubica,26,1,14:58:30,32.627
2019,3,giovinazzi,30,2,15:04:51,25.137
2019,3,kvyat,30,3,15:04:57,43.206
2019,3,kevin_magnussen,33,2,15:09:45,23.383
2019,3,max_verstappen,34,2,15:10:12,22.365
2019,3,vettel,35,2,15:11:41,22.316
2019,3,norris,34,3,15:12:20,22.524
2019,3,grosjean,35,2,15:12:56,23.520
2019,3,hamilton,36,2,15:13:05,23.597
2019,3,bottas,36,2,15:13:10,24.083
2019,3,sainz,36,2,15:14:58,22.532
2019,3,gasly,39,2,15:18:48,22.722
2019,3,leclerc,42,2,15:23:18,24.227
2019,3,stroll,44,2,15:27:57,23.515
2019,3,russell,49,2,15:37:27,23.965
2019,3,gasly,53,3,15:41:53,22.408
2019,4,kvyat,5,1,16:23:10,21.013
2019,4,raikkonen,6,1,16:25:08,21.401
2019,4,kevin_magnussen,7,1,16:26:55,20.118
2019,4,giovinazzi,7,1,16:27:02,20.776
2019,4,hulkenberg,8,1,16:28:49,21.325
2019,4,norris,9,1,16:30:25,19.819
2019,4,perez,10,1,16:32:13,20.939
2019,4,stroll,10,1,16:32:27,23.099
2019,4,ricciardo,10,1,16:32:28,20.884
2019,4,vettel,11,1,16:33:45,19.981
2019,4,bottas,12,1,16:35:24,20.006
2019,4,sainz,12,1,16:35:58,19.755
2019,4,albon,12,1,16:36:16,20.720
2019,4,hamilton,13,1,16:37:17,19.993
2019,4,max_verstappen,14,1,16:39:16,20.973
2019,4,kubica,14,1,16:40:06,15.069
2019,4,kubica,23,2,16:57:00,21.037
2019,4,russell,25,1,17:00:30,20.475
2019,4,leclerc,34,1,17:14:53,20.382
2019,4,hulkenberg,34,2,17:16:30,20.870
2019,4,grosjean,34,1,17:16:33,20.906
2019,4,russell,38,2,17:24:45,20.751
2019,4,norris,39,2,17:25:02,22.080
2019,4,kevin_magnussen,39,2,17:26:07,20.859
2019,4,kubica,42,3,17:33:14,20.703
2019,4,leclerc,47,2,17:39:16,19.857
2019,5,giovinazzi,6,1,15:21:55,22.381
2019,5,vettel,19,1,15:39:39,23.746
2019,5,max_verstappen,20,1,15:40:52,22.417
2019,5,kvyat,21,1,15:42:48,22.049
2019,5,gasly,22,1,15:43:55,22.563
2019,5,stroll,22,1,15:44:26,23.321
2019,5,kevin_magnussen,23,1,15:45:34,22.025
2019,5,ricciardo,24,1,15:47:07,22.379
2019,5,sainz,24,1,15:47:10,21.468
2019,5,perez,24,1,15:47:11,22.781
2019,5,leclerc,25,1,15:47:53,23.646
2019,5,albon,25,1,15:48:27,23.591
2019,5,bottas,26,1,15:49:04,22.034
2019,5,grosjean,26,1,15:49:40,22.379
2019,5,norris,26,1,15:50:07,21.579
2019,5,hamilton,27,1,15:50:16,22.265
2019,5,raikkonen,28,1,15:53:02,22.342
2019,5,kubica,31,1,15:58:16,21.954
2019,5,russell,32,1,15:59:33,22.442
2019,5,hulkenberg,35,1,16:02:40,22.193
2019,5,vettel,40,2,16:08:48,21.643
2019,5,giovinazzi,41,2,16:12:09,23.507
2019,5,max_verstappen,43,2,16:12:43,22.540
2019,5,bottas,45,2,16:15:21,22.018
2019,5,kvyat,45,2,16:16:25,33.821
2019,5,kevin_magnussen,45,2,16:16:29,22.992
2019,5,albon,45,2,16:16:34,37.345
2019,5,hamilton,46,2,16:16:43,22.511
2019,5,ricciardo,45,2,16:16:58,22.702
2019,5,perez,45,2,16:17:06,22.896
2019,5,russell,44,2,16:17:28,21.846
2019,5,leclerc,46,2,16:17:34,21.638
2019,5,raikkonen,45,2,16:17:38,22.549
2019,5,kubica,44,2,16:17:59,22.142
2019,5,gasly,46,2,16:18:00,22.095
2019,5,grosjean,46,2,16:18:13,22.732
2019,5,sainz,46,2,16:18:55,21.545
2019,6,hulkenberg,9,1,15:24:59,25.532
2019,6,leclerc,9,1,15:25:11,25.964
2019,6,russell,10,1,15:26:35,26.165
2019,6,hamilton,11,1,15:27:03,24.266
2019,6,bottas,11,1,15:27:11,25.030
2019,6,max_verstappen,11,1,15:27:12,24.011
2019,6,vettel,11,1,15:27:12,24.483
2019,6,ricciardo,11,1,15:27:55,24.269
2019,6,kevin_magnussen,11,1,15:27:55,25.419
2019,6,perez,11,1,15:28:09,28.463
2019,6,bottas,12,2,15:29:18,24.776
2019,6,leclerc,16,2,15:36:31,25.705
2019,6,kubica,21,1,15:43:09,23.946
2019,6,gasly,27,1,15:50:18,24.161
2019,6,sainz,30,1,15:54:15,23.795
2019,6,kvyat,32,1,15:56:48,24.023
2019,6,stroll,39,1,16:06:35,24.591
2019,6,albon,40,1,16:07:15,25.062
2019,6,giovinazzi,44,1,16:13:29,35.651
2019,6,raikkonen,46,1,16:15:59,26.299
2019,6,norris,47,1,16:16:57,25.026
2019,6,grosjean,50,1,16:20:12,24.219
2019,6,gasly,62,2,16:35:42,23.858
2019,7,albon,1,1,14:14:33,37.950
2019,7,sainz,3,1,14:17:05,24.727
2019,7,raikkonen,6,1,14:21:09,25.342
2019,7,gasly,7,1,14:22:11,23.485
2019,7,ricciardo,8,1,14:23:27,23.927
2019,7,kubica,8,1,14:24:00,25.210
2019,7,russell,9,1,14:25:14,23.686
2019,7,perez,11,1,14:27:40,24.076
2019,7,kvyat,12,1,14:28:56,23.825
2019,7,hulkenberg,16,1,14:33:51,24.030
2019,7,vettel,26,1,14:46:21,23.782
2019,7,hamilton,28,1,14:48:57,23.662
2019,7,bottas,30,1,14:51:51,23.994
2019,7,leclerc,33,1,14:55:25,23.732
2019,7,giovinazzi,33,1,14:56:30,23.884
2019,7,grosjean,34,1,14:57:56,24.071
2019,7,kubica,38,2,15:04:19,23.119
2019,7,kevin_magnussen,39,1,15:04:54,24.381
2019,7,stroll,45,1,15:11:32,23.727
2019,7,max_verstappen,48,1,15:14:55,23.426
2019,7,raikkonen,58,2,15:28:58,24.666
2019,7,bottas,67,2,15:38:52,23.456
2019,8,giovinazzi,7,1,15:25:01,30.842
2019,8,ricciardo,16,1,15:39:36,31.031
2019,8,kevin_magnussen,16,1,15:39:52,30.832
2019,8,gasly,17,1,15:41:13,30.228
2019,8,norris,18,1,15:42:44,30.576
2019,8,perez,18,1,15:42:54,37.286
2019,8,sainz,19,1,15:44:20,29.920
2019,8,max_verstappen,20,1,15:45:33,30.118
2019,8,leclerc,21,1,15:47:03,30.203
2019,8,bottas,23,1,15:50:09,30.412
2019,8,hamilton,24,1,15:51:35,30.186
2019,8,kubica,24,1,15:53:31,29.792
2019,8,vettel,25,1,15:53:36,30.044
2019,8,albon,25,1,15:54:23,30.279
2019,8,russell,25,1,15:55:03,31.950
2019,8,raikkonen,31,1,16:03:51,29.975
2019,8,grosjean,31,1,16:04:18,30.837
2019,8,kvyat,32,1,16:05:49,30.233
2019,8,russell,33,2,16:08:33,37.494
2019,8,hulkenberg,34,1,16:08:41,30.884
2019,8,giovinazzi,34,2,16:09:23,31.697
2019,8,stroll,39,1,16:16:51,30.849
2019,8,vettel,51,2,16:35:13,30.468
2019,9,kevin_magnussen,11,1,15:26:15,23.243
2019,9,kevin_magnussen,13,2,15:29:01,16.224
2019,9,kubica,19,1,15:36:00,21.525
2019,9,bottas,21,1,15:37:18,22.552
2019,9,vettel,21,1,15:37:22,25.236
2019,9,leclerc,22,1,15:38:23,21.878
2019,9,raikkonen,23,1,15:40:05,21.709
2019,9,giovinazzi,24,1,15:41:20,21.672
2019,9,norris,25,1,15:42:23,21.547
2019,9,gasly,25,1,15:42:27,22.239
2019,9,stroll,25,1,15:42:36,21.982
2019,9,hulkenberg,26,1,15:43:43,21.985
2019,9,russell,27,1,15:45:22,22.772
2019,9,perez,28,1,15:46:02,22.330
2019,9,hamilton,30,1,15:47:46,30.067
2019,9,max_verstappen,31,1,15:49:00,21.110
2019,9,kvyat,32,1,15:51:13,25.091
2019,9,grosjean,34,1,15:53:32,22.265
2019,9,albon,35,1,15:54:33,21.225
2019,9,sainz,41,1,16:01:19,21.266
2019,9,ricciardo,46,1,16:07:18,22.305
2019,9,vettel,50,2,16:11:04,22.251
2019,9,kevin_magnussen,62,3,16:27:00,22.309
2019,10,grosjean,1,1,14:15:12,33.562
2019,10,kevin_magnussen,1,1,14:15:41,32.767
2019,10,gasly,12,1,14:31:30,27.905
2019,10,ricciardo,12,1,14:31:41,28.416
2019,10,kvyat,12,1,14:31:52,29.377
2019,10,leclerc,13,1,14:32:59,28.558
2019,10,max_verstappen,13,1,14:33:00,27.827
2019,10,norris,13,1,14:33:12,28.275
2019,10,albon,13,1,14:33:18,28.954
2019,10,hulkenberg,13,1,14:33:19,28.926
2019,10,stroll,13,1,14:33:24,30.400
2019,10,bottas,16,1,14:37:23,28.493
2019,10,raikkonen,17,1,14:39:34,28.364
2019,10,perez,18,1,14:41:03,30.264
2019,10,hamilton,20,1,14:43:34,28.905
2019,10,vettel,20,1,14:43:56,28.021
2019,10,max_verstappen,20,2,14:44:20,27.950
2019,10,sainz,20,1,14:44:26,27.980
2019,10,ricciardo,20,2,14:44:42,28.381
2019,10,kubica,20,1,14:45:15,28.694
2019,10,leclerc,21,2,14:46:29,28.348
2019,10,kvyat,21,2,14:47:13,28.811
2019,10,russell,21,1,14:47:16,30.245
2019,10,perez,24,2,14:52:57,38.032
2019,10,norris,35,2,15:09:29,27.919
2019,10,vettel,38,2,15:14:24,38.468
2019,10,stroll,39,2,15:15:42,29.074
2019,10,bottas,45,2,15:23:52,28.177
2019,10,perez,46,3,15:26:57,28.747
2019,11,vettel,2,1,15:23:38,20.094
2019,11,albon,2,1,15:23:41,20.576
2019,11,hamilton,3,1,15:25:13,20.203
2019,11,bottas,3,1,15:25:19,22.243
2019,11,max_verstappen,3,1,15:25:20,22.358
2019,11,raikkonen,3,1,15:25:22,27.256
2019,11,hulkenberg,3,1,15:25:24,22.132
2019,11,leclerc,3,1,15:25:25,20.361
2019,11,grosjean,3,1,15:25:31,27.232
2019,11,gasly,3,1,15:25:33,29.667
2019,11,sainz,3,1,15:25:34,23.363
2019,11,giovinazzi,3,1,15:25:37,22.509
2019,11,ricciardo,3,1,15:25:39,21.224
2019,11,kvyat,3,1,15:25:41,23.090
2019,11,norris,6,1,15:31:10,21.402
2019,11,stroll,7,1,15:32:46,22.696
2019,11,russell,7,1,15:32:56,20.718
2019,11,kubica,7,1,15:33:00,23.801
2019,11,kevin_magnussen,8,1,15:34:19,21.106
2019,11,leclerc,15,2,15:44:43,22.102
2019,11,hulkenberg,15,2,15:44:55,20.118
2019,11,kevin_magnussen,21,2,15:55:12,21.179
2019,11,vettel,23,2,15:57:40,20.768
2019,11,kubica,23,2,15:59:08,20.436
2019,11,max_verstappen,25,2,16:00:07,19.640
2019,11,russell,24,2,16:00:34,19.287
2019,11,kvyat,25,2,16:01:14,21.488
2019,11,norris,25,2,16:01:15,20.242
2019,11,stroll,25,2,16:01:22,21.260
2019,11,bottas,26,2,16:01:40,20.498
2019,11,raikkonen,26,2,16:02:15,22.307
2019,11,giovinazzi,26,2,16:02:33,20.879
2019,11,gasly,26,2,16:02:35,19.875
2019,11,grosjean,26,2,16:02:44,21.625
2019,11,leclerc,27,3,16:03:18,20.317
2019,11,albon,27,2,16:04:06,21.501
2019,11,sainz,27,2,16:04:43,19.964
2019,11,hamilton,28,2,16:04:58,22.947
2019,11,albon,28,3,16:06:20,21.732
2019,11,raikkonen,28,3,16:06:40,21.142
2019,11,vettel,28,3,16:06:40,22.058
2019,11,gasly,28,3,16:06:54,20.552
2019,11,giovinazzi,28,3,16:07:02,20.096
2019,11,kvyat,28,3,16:07:11,24.310
2019,11,grosjean,28,3,16:07:27,22.421
2019,11,hamilton,29,3,16:07:32,1:09.022
2019,11,max_verstappen,29,3,16:07:40,21.472
2019,11,hulkenberg,29,3,16:07:42,20.624
2019,11,stroll,28,3,16:08:19,21.962
2019,11,kevin_magnussen,29,3,16:09:20,21.359
2019,11,bottas,30,3,16:09:52,21.142
2019,11,kubica,31,3,16:14:07,19.626
2019,11,max_verstappen,41,4,16:28:42,19.327
2019,11,vettel,41,4,16:29:20,21.256
2019,11,grosjean,41,4,16:29:35,20.622
2019,11,stroll,41,4,16:30:13,20.472
2019,11,russell,41,3,16:30:14,19.345
2019,11,kevin_magnussen,42,4,16:31:41,20.380
2019,11,stroll,44,5,16:35:25,20.152
2019,11,kvyat,45,4,16:37:18,20.671
2019,11,kevin_magnussen,45,5,16:37:20,20.285
2019,11,max_verstappen,46,5,16:38:35,19.062
2019,11,bottas,46,4,16:38:41,21.009
2019,11,sainz,46,3,16:38:44,20.711
2019,11,gasly,46,4,16:38:45,20.012
2019,11,albon,46,4,16:38:47,19.931
2019,11,grosjean,46,5,16:38:49,21.423
2019,11,kubica,46,4,16:38:58,20.370
2019,11,hamilton,47,4,16:40:10,27.069
2019,11,raikkonen,47,4,16:40:13,20.930
2019,11,vettel,47,5,16:40:14,19.586
2019,11,giovinazzi,47,4,16:40:17,28.093
2019,11,russell,47,4,16:40:24,21.634
2019,11,hamilton,53,5,16:48:53,20.015
2019,11,hamilton,56,6,16:53:29,19.610
2019,11,kevin_magnussen,57,6,16:54:35,20.700
2019,11,kubica,57,5,16:55:04,19.825
2019,11,russell,57,5,16:55:08,23.445
2019,12,bottas,5,1,15:19:58,33.328
2019,12,giovinazzi,15,1,15:34:25,23.218
2019,12,russell,16,1,15:35:47,21.333
2019,12,stroll,16,1,15:35:49,22.085
2019,12,perez,18,1,15:38:23,21.901
2019,12,kubica,18,1,15:38:44,21.754
2019,12,grosjean,19,1,15:39:45,22.035
2019,12,kvyat,21,1,15:42:35,23.002
2019,12,max_verstappen,25,1,15:46:59,21.705
2019,12,leclerc,27,1,15:50:09,21.575
2019,12,norris,28,1,15:52:00,26.066
2019,12,gasly,28,1,15:52:02,22.104
2019,12,albon,28,1,15:52:18,23.676
2019,12,sainz,29,1,15:53:20,21.832
2019,12,raikkonen,29,1,15:53:23,22.205
2019,12,hamilton,31,1,15:55:15,22.880
2019,12,hulkenberg,36,1,16:03:27,21.734
2019,12,kevin_magnussen,38,1,16:06:21,21.618
2019,12,vettel,39,1,16:06:53,24.819
2019,12,bottas,46,2,16:17:11,21.744
2019,12,ricciardo,46,1,16:17:28,22.498
2019,12,hamilton,48,2,16:18:24,21.390
2019,12,stroll,50,2,16:23:45,21.563
2019,12,max_verstappen,67,2,16:43:52,21.164
2019,13,ricciardo,1,1,15:16:08,27.620
2019,13,raikkonen,1,1,15:16:10,39.046
2019,13,sainz,1,1,15:16:37,59.291
2019,13,raikkonen,2,2,15:19:12,25.005
2019,13,hulkenberg,11,1,15:37:54,23.475
2019,13,gasly,13,1,15:41:31,22.772
2019,13,stroll,14,1,15:43:25,22.774
2019,13,vettel,15,1,15:44:47,22.863
2019,13,perez,15,1,15:45:09,23.133
2019,13,grosjean,16,1,15:46:59,22.912
2019,13,norris,19,1,15:52:24,23.182
2019,13,leclerc,21,1,15:55:38,22.449
2019,13,hamilton,22,1,15:57:31,23.497
2019,13,bottas,23,1,15:59:25,22.579
2019,13,albon,23,1,16:00:08,22.506
2019,13,kvyat,24,1,16:01:55,22.834
2019,13,kevin_magnussen,25,1,16:04:08,22.584
2019,13,giovinazzi,29,1,16:11:12,23.044
2019,13,stroll,30,2,16:13:12,25.250
2019,13,russell,30,1,16:13:41,22.442
2019,13,hulkenberg,31,2,16:15:01,23.000
2019,13,raikkonen,31,3,16:15:33,26.891
2019,13,kubica,31,1,16:15:35,24.247
2019,13,vettel,33,2,16:17:35,22.786
2019,14,max_verstappen,1,1,15:14:58,31.211
2019,14,vettel,6,1,15:22:18,32.443
2019,14,grosjean,7,1,15:23:54,26.481
2019,14,vettel,12,2,15:31:23,31.851
2019,14,stroll,15,1,15:35:16,18.838
2019,14,hamilton,19,1,15:40:19,23.912
2019,14,raikkonen,19,1,15:41:10,32.393
2019,14,leclerc,20,1,15:41:42,23.833
2019,14,kevin_magnussen,20,1,15:42:25,24.400
2019,14,giovinazzi,21,1,15:43:42,25.698
2019,14,stroll,22,2,15:45:38,24.419
2019,14,norris,23,1,15:46:48,24.311
2019,14,russell,23,1,15:47:03,24.198
2019,14,albon,26,1,15:50:47,29.830
2019,14,bottas,27,1,15:51:41,23.700
2019,14,raikkonen,26,2,15:51:50,24.568
2019,14,sainz,27,1,15:52:12,27.010
2019,14,max_verstappen,27,2,15:52:30,24.303
2019,14,kvyat,28,1,15:53:53,24.479
2019,14,perez,28,1,15:54:06,25.340
2019,14,gasly,28,1,15:54:11,24.363
2019,14,hulkenberg,29,1,15:55:13,24.092
2019,14,kubica,29,1,15:56:17,31.842
2019,14,ricciardo,30,1,15:56:33,24.320
2019,14,grosjean,29,2,15:56:36,25.121
2019,14,kevin_magnussen,34,2,16:03:34,24.978
2019,14,vettel,41,3,16:13:46,24.376
2019,14,kubica,44,2,16:18:54,23.860
2019,14,hamilton,49,2,16:23:22,23.731
2019,15,hulkenberg,1,1,20:15:37,29.563
2019,15,russell,1,1,20:15:56,38.752
2019,15,kvyat,12,1,20:35:59,28.799
2019,15,perez,13,1,20:37:45,29.082
2019,15,raikkonen,15,1,20:41:17,29.992
2019,15,kevin_magnussen,18,1,20:46:43,29.403
2019,15,vettel,19,1,20:48:19,29.384
2019,15,max_verstappen,19,1,20:48:22,28.846
2019,15,leclerc,20,1,20:50:05,29.168
2019,15,albon,20,1,20:50:14,28.606
2019,15,norris,20,1,20:50:16,30.397
2019,15,kubica,21,1,20:52:58,29.033
2019,15,bottas,22,1,20:53:46,29.234
2019,15,grosjean,23,1,20:56:19,29.456
2019,15,hamilton,26,1,21:00:55,28.930
2019,15,stroll,31,1,21:10:22,29.482
2019,15,gasly,32,1,21:12:09,32.482
2019,15,giovinazzi,34,1,21:16:02,29.070
2019,15,ricciardo,34,1,21:16:25,30.756
2019,15,grosjean,35,2,21:18:29,43.576
2019,15,hulkenberg,36,2,21:19:55,29.152
2019,15,kvyat,36,2,21:20:05,34.711
2019,15,sainz,35,2,21:20:33,30.623
2019,15,giovinazzi,36,2,21:20:38,28.960
2019,15,stroll,41,2,21:32:33,39.188
2019,15,kubica,44,2,21:38:24,30.321
2019,15,stroll,44,3,21:39:08,29.460
2019,15,kevin_magnussen,56,2,22:04:12,30.916
2019,16,kubica,1,1,14:15:50,30.587
2019,16,ricciardo,1,1,14:16:36,36.031
2019,16,giovinazzi,2,1,14:18:23,38.193
2019,16,kubica,2,2,14:18:29,30.177
2019,16,raikkonen,9,1,14:31:21,25.038
2019,16,hulkenberg,16,1,14:43:01,34.264
2019,16,norris,20,1,14:49:42,29.290
2019,16,sainz,21,1,14:51:18,30.103
2019,16,leclerc,22,1,14:52:17,29.548
2019,16,perez,23,1,14:54:44,30.271
2019,16,vettel,26,1,14:58:48,29.860
2019,16,gasly,26,1,15:00:10,29.935
2019,16,kevin_magnussen,27,1,15:01:41,30.509
2019,16,stroll,27,1,15:01:45,30.168
2019,16,kvyat,27,1,15:01:53,30.753
2019,16,russell,27,1,15:02:17,29.857
2019,16,giovinazzi,27,2,15:02:19,30.227
2019,16,raikkonen,27,2,15:02:26,36.512
2019,16,hamilton,28,1,15:02:28,29.751
2019,16,bottas,28,1,15:02:47,29.436
2019,16,max_verstappen,28,1,15:03:24,29.978
2019,16,albon,29,1,15:06:07,29.854
2019,16,hulkenberg,29,2,15:06:25,29.786
2019,16,kvyat,29,2,15:06:31,29.571
2019,16,leclerc,30,2,15:07:30,29.401
2019,17,leclerc,3,1,14:18:21,30.502
2019,17,norris,4,1,14:20:04,25.347
2019,17,albon,15,1,14:37:38,23.354
2019,17,raikkonen,15,1,14:38:06,24.468
2019,17,vettel,16,1,14:38:55,24.032
2019,17,grosjean,16,1,14:39:43,23.478
2019,17,bottas,17,1,14:40:21,23.000
2019,17,kevin_magnussen,17,1,14:41:19,24.156
2019,17,gasly,18,1,14:42:36,23.180
2019,17,stroll,18,1,14:42:37,23.292
2019,17,giovinazzi,18,1,14:42:53,23.351
2019,17,hulkenberg,19,1,14:44:14,24.132
2019,17,perez,19,1,14:44:18,22.880
2019,17,hamilton,21,1,14:46:51,23.582
2019,17,kubica,22,1,14:50:09,26.734
2019,17,leclerc,25,2,14:54:00,23.580
2019,17,norris,25,2,14:54:15,23.949
2019,17,russell,25,1,14:54:38,23.792
2019,17,sainz,26,1,14:55:21,23.476
2019,17,kvyat,27,1,14:57:31,23.293
2019,17,ricciardo,29,1,15:00:26,23.292
2019,17,vettel,31,2,15:02:42,23.213
2019,17,albon,34,2,15:07:55,23.301
2019,17,kubica,33,2,15:08:46,22.970
2019,17,bottas,36,2,15:10:17,23.157
2019,17,raikkonen,36,2,15:12:16,23.164
2019,17,perez,41,2,15:19:44,23.301
2019,17,hamilton,42,2,15:19:47,23.591
2019,17,leclerc,46,3,15:27:14,23.280
2019,17,kevin_magnussen,47,2,15:30:01,23.973
2019,17,giovinazzi,49,2,15:33:08,23.412
2019,18,max_verstappen,5,1,13:21:07,24.493
2019,18,gasly,9,1,13:26:22,22.689
2019,18,kvyat,10,1,13:27:43,22.490
2019,18,albon,14,1,13:32:50,22.192
2019,18,leclerc,15,1,13:34:07,22.002
2019,18,sainz,15,1,13:34:37,22.241
2019,18,raikkonen,15,1,13:34:45,22.754
2019,18,hulkenberg,18,1,13:38:48,22.484
2019,18,perez,20,1,13:41:30,22.357
2019,18,giovinazzi,21,1,13:43:03,43.411
2019,18,kubica,21,1,13:43:30,24.606
2019,18,russell,22,1,13:44:55,22.887
2019,18,hamilton,23,1,13:45:01,22.269
2019,18,kevin_magnussen,28,1,13:53:14,23.084
2019,18,sainz,35,2,14:02:44,22.179
2019,18,bottas,36,1,14:02:45,22.179
2019,18,vettel,37,1,14:04:03,21.862
2019,18,stroll,37,1,14:04:58,22.745
2019,18,grosjean,37,1,14:06:08,24.128
2019,18,leclerc,43,2,14:12:15,25.786
2019,18,albon,44,2,14:13:47,22.003
2019,18,kvyat,44,2,14:14:40,22.033
2019,18,gasly,49,2,14:21:41,22.618
2019,18,ricciardo,50,1,14:22:29,22.345
2019,18,raikkonen,52,2,14:26:04,22.963
2019,18,kubica,60,2,14:38:15,22.570
2019,19,albon,1,1,13:15:12,34.100
2019,19,stroll,9,1,13:29:09,24.567
2019,19,kubica,11,1,13:32:54,24.164
2019,19,max_verstappen,13,1,13:35:21,23.716
2019,19,bottas,14,1,13:36:58,24.151
2019,19,giovinazzi,17,1,13:43:05,25.230
2019,19,sainz,18,1,13:44:27,24.784
2019,19,raikkonen,18,1,13:44:29,24.544
2019,19,kevin_magnussen,18,1,13:44:43,24.929
2019,19,norris,19,1,13:46:03,24.678
2019,19,gasly,19,1,13:46:08,24.195
2019,19,leclerc,20,1,13:47:33,29.157
2019,19,albon,20,2,13:48:02,23.213
2019,19,ricciardo,21,1,13:49:25,23.751
2019,19,kvyat,21,1,13:49:45,27.115
2019,19,russell,23,1,13:53:46,23.702
2019,19,hamilton,24,1,13:53:57,23.943
2019,19,perez,24,1,13:54:54,24.207
2019,19,grosjean,24,1,13:55:19,24.583
2019,19,hulkenberg,27,1,14:00:05,24.245
2019,19,stroll,29,2,14:03:38,25.195
2019,19,max_verstappen,34,2,14:10:45,23.444
2019,19,bottas,35,2,14:12:18,23.819
2019,19,hulkenberg,39,2,14:20:30,23.684
2019,19,kvyat,39,2,14:20:32,24.162
2019,19,giovinazzi,39,2,14:20:57,24.206
2019,19,albon,40,3,14:21:47,23.705
2019,19,raikkonen,40,2,14:22:07,24.686
2019,19,kevin_magnussen,40,2,14:22:38,24.731
2019,19,leclerc,42,2,14:24:44,23.844
2019,19,norris,42,2,14:25:17,25.776
2019,19,russell,46,2,14:33:29,28.748
2019,19,gasly,53,2,14:44:18,24.260
2019,20,ricciardo,8,1,14:23:15,30.760
2019,20,perez,17,1,14:34:32,23.079
2019,20,hamilton,20,1,14:37:36,22.882
2019,20,giovinazzi,20,1,14:38:12,23.155
2019,20,kubica,20,1,14:38:47,23.861
2019,20,max_verstappen,21,1,14:38:49,22.818
2019,20,raikkonen,21,1,14:39:23,23.463
2019,20,gasly,22,1,14:40:34,22.922
2019,20,kvyat,23,1,14:42:08,22.759
2019,20,russell,23,1,14:42:37,22.500
2019,20,albon,24,1,14:42:52,23.073
2019,20,vettel,25,1,14:43:54,23.039
2019,20,bottas,26,1,14:45:14,23.148
2019,20,grosjean,26,1,14:45:45,23.776
2019,20,norris,27,1,14:47:00,23.381
2019,20,hulkenberg,27,1,14:47:09,23.344
2019,20,kevin_magnussen,27,1,14:47:22,23.891
2019,20,stroll,28,1,14:48:22,23.346
2019,20,leclerc,29,1,14:49:09,22.966
2019,20,sainz,29,1,14:49:33,22.770
2019,20,kubica,36,2,14:59:30,29.268
2019,20,ricciardo,40,2,15:03:20,29.491
2019,20,bottas,41,2,15:03:49,23.210
2019,20,hamilton,43,2,15:05:54,23.088
2019,20,max_verstappen,44,2,15:07:03,22.657
2019,20,hulkenberg,44,2,15:08:36,23.596
2019,20,perez,45,2,15:09:29,23.142
2019,20,giovinazzi,46,2,15:10:39,23.524
2019,20,kvyat,46,2,15:10:52,23.378
2019,20,gasly,47,2,15:11:43,23.584
2019,20,raikkonen,47,2,15:11:48,23.841
2019,20,vettel,49,2,15:13:22,23.138
2019,20,albon,50,2,15:14:54,23.071
2019,20,max_verstappen,54,3,15:19:35,22.593
2019,20,norris,53,2,15:19:55,23.355
2019,20,stroll,53,2,15:19:57,24.841
2019,20,kevin_magnussen,53,2,15:20:13,23.479
2019,20,leclerc,54,2,15:20:29,23.042
2019,20,hulkenberg,53,3,15:20:31,22.747
2019,20,kubica,53,3,15:22:16,24.873
2019,20,russell,54,2,15:22:31,23.199
2019,20,grosjean,65,2,15:36:48,23.471
2019,20,hamilton,66,3,15:37:46,23.060
2019,20,russell,66,3,15:38:17,22.441
2019,20,kubica,66,4,15:40:02,23.158
2019,21,stroll,5,1,17:22:34,28.842
2019,21,norris,8,1,17:27:40,22.974
2019,21,giovinazzi,8,1,17:27:52,21.977
2019,21,ricciardo,11,1,17:32:58,21.904
2019,21,leclerc,12,1,17:34:14,21.697
2019,21,vettel,12,1,17:34:22,25.771
2019,21,sainz,12,1,17:34:43,21.928
2019,21,albon,13,1,17:36:11,22.028
2019,21,hulkenberg,18,1,17:45:13,21.578
2019,21,grosjean,18,1,17:45:37,21.968
2019,21,kevin_magnussen,20,1,17:48:59,21.531
2019,21,raikkonen,22,1,17:52:32,22.410
2019,21,stroll,23,2,17:54:47,21.778
2019,21,kubica,24,1,17:56:31,21.688
2019,21,max_verstappen,25,1,17:56:36,21.023
2019,21,hamilton,26,1,17:58:06,22.178
2019,21,giovinazzi,26,2,18:00:00,22.188
2019,21,bottas,29,1,18:04:02,21.145
2019,21,russell,32,1,18:10:43,22.272
2019,21,perez,37,1,18:18:24,22.230
2019,21,leclerc,38,2,18:19:14,21.274
2019,21,vettel,38,2,18:19:36,21.858
2019,21,kvyat,40,1,18:23:38,21.496
2019,21,sainz,41,2,18:25:36,21.466
2019,21,ricciardo,42,2,18:27:24,21.624
2020,1,grosjean,20,1,15:37:03,23.280
2020,1,raikkonen,24,1,15:41:31,23.229
2020,1,giovinazzi,25,1,15:42:49,23.659
2020,1,russell,25,1,15:42:53,21.417
2020,1,bottas,26,1,15:43:06,21.937
2020,1,hamilton,26,1,15:43:14,21.850
2020,1,albon,26,1,15:43:25,21.279
2020,1,norris,26,1,15:43:33,23.637
2020,1,perez,26,1,15:43:34,22.383
2020,1,leclerc,26,1,15:43:38,22.756
2020,1,sainz,26,1,15:43:41,23.827
2020,1,vettel,26,1,15:43:55,22.231
2020,1,gasly,26,1,15:44:02,22.466
2020,1,kvyat,26,1,15:44:12,22.769
2020,1,ocon,26,1,15:44:17,21.683
2020,1,latifi,26,1,15:45:08,22.058
2020,1,albon,51,2,16:15:09,21.842
2020,1,norris,51,2,16:15:19,21.921
2020,1,leclerc,51,2,16:15:24,21.972
2020,1,kvyat,51,2,16:15:41,21.622
2020,1,raikkonen,51,2,16:15:48,21.569
2020,1,vettel,51,2,16:15:55,22.738
2020,1,latifi,51,2,16:16:23,21.918
2020,1,sainz,52,2,16:17:02,21.805
2020,1,giovinazzi,55,2,16:22:14,22.800
2020,1,bottas,56,2,16:23:58,16.407
2020,1,hamilton,56,2,16:24:00,16.365
2020,1,perez,56,2,16:24:01,16.546
2020,1,norris,56,3,16:24:03,18.163
2020,1,albon,56,3,16:24:03,17.035
2020,1,leclerc,56,3,16:24:05,18.748
2020,1,gasly,56,2,16:24:07,19.911
2020,1,sainz,56,3,16:24:08,20.064
2020,1,ocon,56,2,16:24:09,19.626
2020,1,kvyat,56,3,16:24:11,19.656
2020,1,vettel,56,3,16:24:13,19.330
2020,1,latifi,56,3,16:24:14,19.488
2020,1,giovinazzi,56,3,16:24:16,19.678
2020,2,leclerc,1,1,15:14:20,39.715
2020,2,max_verstappen,24,1,15:42:09,20.937
2020,2,gasly,24,1,15:42:46,21.950
2020,2,hamilton,27,1,15:45:28,21.729
2020,2,kevin_magnussen,31,1,15:51:02,21.977
2020,2,sainz,32,1,15:51:49,25.983
2020,2,latifi,32,1,15:52:24,22.745
2020,2,stroll,33,1,15:53:01,22.118
2020,2,bottas,34,1,15:53:38,21.376
2020,2,russell,34,1,15:54:49,21.697
2020,2,albon,35,1,15:55:11,21.505
2020,2,kvyat,36,1,15:56:45,22.197
2020,2,ricciardo,37,1,15:57:33,21.603
2020,2,grosjean,37,1,15:58:03,22.444
2020,2,perez,38,1,15:58:45,22.761
2020,2,norris,39,1,16:00:02,22.406
2020,2,giovinazzi,39,1,16:00:18,21.667
2020,2,raikkonen,44,1,16:06:06,21.459
2020,2,gasly,49,2,16:12:15,22.280
2020,2,sainz,66,2,16:31:07,21.873
2020,2,max_verstappen,68,2,16:32:33,21.091
2020,3,kvyat,1,1,15:14:46,23.568
2020,3,leclerc,2,1,15:16:15,22.266
2020,3,bottas,2,1,15:16:16,21.906
2020,3,hamilton,3,1,15:17:37,22.320
2020,3,stroll,3,1,15:17:46,23.081
2020,3,vettel,3,1,15:17:50,28.286
2020,3,perez,3,1,15:17:53,23.263
2020,3,sainz,3,1,15:17:55,27.131
2020,3,albon,3,1,15:17:58,23.046
2020,3,latifi,3,1,15:18:00,21.596
2020,3,gasly,3,1,15:18:01,22.740
2020,3,raikkonen,3,1,15:18:04,22.299
2020,3,max_verstappen,4,1,15:19:18,21.529
2020,3,ricciardo,4,1,15:19:30,21.920
2020,3,ocon,4,1,15:19:35,24.281
2020,3,norris,4,1,15:19:40,23.012
2020,3,russell,4,1,15:19:42,21.184
2020,3,giovinazzi,4,1,15:19:50,22.283
2020,3,latifi,4,2,15:21:24,36.335
2020,3,kvyat,18,2,15:39:53,22.685
2020,3,russell,19,2,15:41:33,21.367
2020,3,leclerc,20,2,15:42:29,22.564
2020,3,giovinazzi,20,2,15:43:04,23.082
2020,3,vettel,29,2,15:54:50,21.880
2020,3,ocon,31,2,15:57:59,21.860
2020,3,bottas,33,2,15:59:47,21.644
2020,3,latifi,31,3,16:00:38,28.367
2020,3,raikkonen,33,2,16:00:45,27.128
2020,3,albon,34,2,16:01:43,22.174
2020,3,grosjean,34,1,16:01:59,22.591
2020,3,stroll,35,2,16:02:34,22.534
2020,3,kevin_magnussen,35,1,16:03:02,23.621
2020,3,perez,35,2,16:03:08,22.051
2020,3,norris,35,2,16:03:33,22.742
2020,3,max_verstappen,36,2,16:03:38,21.268
2020,3,hamilton,37,2,16:04:39,22.264
2020,3,sainz,40,2,16:10:06,22.438
2020,3,giovinazzi,40,3,16:11:01,21.831
2020,3,latifi,39,4,16:12:52,21.802
2020,3,ricciardo,43,2,16:14:04,22.073
2020,3,bottas,49,3,16:21:27,21.572
2020,3,russell,50,3,16:24:28,22.048
2020,3,stroll,52,3,16:25:54,22.057
2020,3,latifi,52,5,16:31:33,25.767
2020,3,hamilton,66,3,16:43:33,22.426
2020,4,albon,6,1,14:26:01,28.834
2020,4,ricciardo,12,1,14:35:22,29.559
2020,4,norris,12,1,14:35:24,30.289
2020,4,ocon,12,1,14:35:26,30.768
2020,4,vettel,12,1,14:35:27,29.439
2020,4,gasly,12,1,14:35:29,29.414
2020,4,giovinazzi,12,1,14:35:30,28.355
2020,4,raikkonen,12,1,14:35:35,36.590
2020,4,russell,12,1,14:35:36,29.302
2020,4,latifi,12,1,14:35:42,31.371
2020,4,hamilton,13,1,14:37:01,28.805
2020,4,bottas,13,1,14:37:06,30.571
2020,4,max_verstappen,13,1,14:37:10,28.208
2020,4,leclerc,13,1,14:37:21,29.520
2020,4,sainz,13,1,14:37:27,28.487
2020,4,stroll,13,1,14:37:32,28.716
2020,4,albon,30,2,15:08:33,33.308
2020,4,grosjean,36,1,15:17:38,33.816
2020,4,raikkonen,47,2,15:35:09,44.085
2020,4,max_verstappen,50,2,15:38:04,28.273
2020,4,bottas,50,2,15:38:33,33.602
2020,4,sainz,51,2,15:40:13,36.278
2020,5,albon,6,1,14:22:39,28.417
2020,5,gasly,7,1,14:24:09,28.356
2020,5,giovinazzi,7,1,14:24:23,27.892
2020,5,russell,8,1,14:25:59,28.391
2020,5,kevin_magnussen,9,1,14:27:31,28.934
2020,5,latifi,9,1,14:27:35,28.696
2020,5,norris,12,1,14:31:56,27.949
2020,5,bottas,13,1,14:33:10,28.408
2020,5,hamilton,14,1,14:34:45,28.406
2020,5,ricciardo,14,1,14:34:58,28.587
2020,5,hulkenberg,15,1,14:36:26,28.981
2020,5,grosjean,17,1,14:40:00,29.377
2020,5,stroll,18,1,14:41:04,28.235
2020,5,leclerc,18,1,14:41:13,29.419
2020,5,kvyat,19,1,14:43:00,28.036
2020,5,kevin_magnussen,20,2,14:45:03,29.389
2020,5,sainz,22,1,14:47:30,35.864
2020,5,ocon,22,1,14:47:36,28.093
2020,5,vettel,22,1,14:47:40,28.167
2020,5,gasly,23,2,14:49:25,28.306
2020,5,russell,24,2,14:51:11,28.331
2020,5,max_verstappen,26,1,14:53:04,29.115
2020,5,ricciardo,26,2,14:53:46,28.167
2020,5,raikkonen,26,1,14:54:13,29.296
2020,5,latifi,26,2,14:54:19,28.086
2020,5,norris,29,2,14:58:32,28.874
2020,5,hulkenberg,30,2,14:59:44,28.386
2020,5,albon,30,2,15:00:01,27.858
2020,5,stroll,31,2,15:01:17,27.974
2020,5,max_verstappen,32,2,15:02:28,28.986
2020,5,bottas,32,2,15:02:31,28.188
2020,5,vettel,33,2,15:04:55,28.352
2020,5,giovinazzi,33,2,15:05:16,27.693
2020,5,sainz,34,2,15:06:26,28.772
2020,5,kvyat,35,2,15:07:54,28.365
2020,5,ricciardo,35,3,15:08:07,28.057
2020,5,grosjean,38,2,15:12:59,29.803
2020,5,russell,39,3,15:14:39,28.692
2020,5,hamilton,41,2,15:16:16,29.402
2020,5,hulkenberg,44,3,15:21:21,28.736
2020,5,latifi,46,3,15:25:31,29.049
2020,6,albon,17,1,15:37:35,21.663
2020,6,russell,19,1,15:40:50,22.708
2020,6,raikkonen,20,1,15:42:15,22.314
2020,6,max_verstappen,21,1,15:42:49,21.532
2020,6,gasly,21,1,15:43:20,22.241
2020,6,norris,21,1,15:43:22,22.099
2020,6,kvyat,21,1,15:43:30,23.036
2020,6,giovinazzi,21,1,15:43:48,22.243
2020,6,sainz,22,1,15:44:43,22.078
2020,6,hamilton,23,1,15:45:28,23.377
2020,6,bottas,23,1,15:45:39,22.310
2020,6,stroll,27,1,15:51:47,22.351
2020,6,kevin_magnussen,28,1,15:53:40,24.148
2020,6,latifi,28,1,15:54:06,22.322
2020,6,perez,29,1,15:54:39,22.641
2020,6,leclerc,29,1,15:54:45,22.274
2020,6,vettel,29,1,15:54:53,21.820
2020,6,grosjean,32,1,15:59:39,23.212
2020,6,ocon,34,1,16:02:12,22.366
2020,6,ricciardo,35,1,16:03:27,21.837
2020,6,russell,35,2,16:03:47,21.889
2020,6,albon,39,2,16:09:10,21.804
2020,6,max_verstappen,41,2,16:10:56,21.601
2020,6,sainz,41,2,16:11:55,22.166
2020,6,stroll,42,2,16:13:17,22.388
2020,6,gasly,42,2,16:13:22,22.394
2020,6,norris,44,2,16:16:10,21.761
2020,6,raikkonen,44,2,16:16:43,22.197
2020,6,kvyat,45,2,16:17:43,22.079
2020,6,giovinazzi,45,2,16:18:12,21.794
2020,6,bottas,48,2,16:20:38,22.143
2020,6,hamilton,50,2,16:23:05,21.853
2020,6,latifi,49,2,16:24:00,22.475
2020,6,grosjean,62,2,16:42:16,24.010
2020,6,bottas,64,3,16:42:47,22.607
2020,7,leclerc,10,1,15:32:40,30.678
2020,7,raikkonen,10,1,15:32:46,22.960
2020,7,grosjean,10,1,15:32:51,23.636
2020,7,kevin_magnussen,10,1,15:32:57,26.156
2020,7,latifi,10,1,15:33:00,23.532
2020,7,hamilton,11,1,15:34:33,23.298
2020,7,bottas,11,1,15:34:37,25.548
2020,7,max_verstappen,11,1,15:34:40,23.314
2020,7,ricciardo,11,1,15:34:49,23.586
2020,7,ocon,11,1,15:34:54,24.305
2020,7,albon,11,1,15:34:55,22.738
2020,7,stroll,11,1,15:34:58,23.689
2020,7,norris,11,1,15:35:05,23.046
2020,7,kvyat,11,1,15:35:10,23.769
2020,7,vettel,11,1,15:35:12,22.982
2020,7,perez,18,1,15:51:01,23.175
2020,7,leclerc,24,2,16:02:10,25.100
2020,7,gasly,26,1,16:05:44,22.681
2020,7,latifi,30,2,16:13:23,23.477
2020,7,kevin_magnussen,35,2,16:22:33,24.339
2020,8,kevin_magnussen,1,1,15:15:04,40.078
2020,8,latifi,16,1,15:36:53,26.335
2020,8,leclerc,17,1,15:38:12,24.344
2020,8,raikkonen,18,1,15:39:31,24.454
2020,8,gasly,19,1,15:40:55,24.096
2020,8,hamilton,20,1,15:41:58,24.671
2020,8,giovinazzi,20,1,15:42:53,23.998
2020,8,sainz,22,1,15:46:40,24.398
2020,8,norris,22,1,15:46:47,24.612
2020,8,ricciardo,22,1,15:46:48,25.498
2020,8,perez,22,1,15:46:48,26.693
2020,8,bottas,22,1,15:46:49,24.410
2020,8,max_verstappen,22,1,15:46:50,26.149
2020,8,ocon,22,1,15:46:55,25.290
2020,8,albon,22,1,15:46:56,29.661
2020,8,kvyat,22,1,15:46:56,25.920
2020,8,russell,22,1,15:46:57,25.249
2020,8,grosjean,22,1,15:46:57,25.936
2020,8,hamilton,26,2,15:54:50,25:16.864
2020,8,stroll,26,1,15:54:52,25:17.308
2020,8,gasly,26,2,15:54:53,25:19.879
2020,8,raikkonen,26,2,15:54:55,25:20.985
2020,8,giovinazzi,26,2,15:54:57,25:21.825
2020,8,sainz,26,2,15:54:58,25:22.369
2020,8,norris,26,2,15:55:02,25:22.009
2020,8,bottas,26,2,15:55:03,25:22.264
2020,8,latifi,26,2,15:55:05,25:23.130
2020,8,ricciardo,26,2,15:55:06,25:23.637
2020,8,max_verstappen,26,2,15:55:08,25:22.796
2020,8,ocon,26,2,15:55:10,25:23.223
2020,8,kvyat,26,2,15:55:12,25:24.139
2020,8,perez,26,2,15:55:14,25:24.989
2020,8,russell,26,2,15:55:17,25:27.938
2020,8,albon,26,2,15:55:18,25:28.247
2020,8,grosjean,26,2,15:55:20,25:30.188
2020,8,hamilton,28,3,16:25:20,31.643
2020,8,giovinazzi,30,3,16:28:15,31.480
2020,9,raikkonen,1,1,15:15:33,30.623
2020,9,vettel,1,1,15:15:41,33.583
2020,9,bottas,7,1,15:28:34,17.560
2020,9,hamilton,7,1,15:28:37,17.536
2020,9,leclerc,7,1,15:28:38,17.516
2020,9,albon,7,1,15:28:39,17.591
2020,9,stroll,7,1,15:28:41,17.625
2020,9,ricciardo,7,1,15:28:42,17.464
2020,9,perez,7,1,15:28:44,17.531
2020,9,norris,7,1,15:28:45,17.845
2020,9,kvyat,7,1,15:28:47,17.522
2020,9,ocon,7,1,15:28:49,17.455
2020,9,russell,7,1,15:28:49,18.399
2020,9,raikkonen,7,2,15:28:51,17.594
2020,9,vettel,7,2,15:28:52,17.516
2020,9,grosjean,7,1,15:28:53,24.781
2020,9,bottas,8,2,15:31:11,23:56.402
2020,9,hamilton,8,2,15:31:13,23:56.696
2020,9,leclerc,8,2,15:31:15,23:56.871
2020,9,albon,8,2,15:31:16,23:58.719
2020,9,stroll,8,2,15:31:17,23:59.578
2020,9,ricciardo,8,2,15:31:19,24:01.000
2020,9,perez,8,2,15:31:21,24:01.547
2020,9,norris,8,2,15:31:22,24:05.614
2020,9,kvyat,8,2,15:31:24,24:05.955
2020,9,russell,8,2,15:31:28,24:07.186
2020,9,raikkonen,8,3,15:31:30,24:10.186
2020,9,vettel,8,3,15:31:32,24:09.513
2020,9,grosjean,8,2,15:31:34,24:10.651
2020,9,leclerc,21,3,16:15:31,23.469
2020,9,ricciardo,27,3,16:23:46,22.777
2020,9,raikkonen,27,4,16:24:17,33.281
2020,9,perez,28,3,16:25:26,23.088
2020,9,vettel,28,4,16:25:43,22.995
2020,9,grosjean,28,3,16:25:52,23.720
2020,9,norris,29,3,16:26:50,24.137
2020,9,kvyat,29,3,16:26:55,23.113
2020,9,russell,29,3,16:27:04,23.638
2020,9,stroll,30,3,16:27:59,22.846
2020,9,bottas,31,3,16:29:09,23.111
2020,9,hamilton,32,3,16:30:24,22.445
2020,9,albon,32,3,16:30:50,22.387
2020,9,leclerc,37,4,16:38:26,23.367
2020,9,raikkonen,42,5,16:45:58,28.960
2020,9,bottas,43,4,16:46:01,23.199
2020,9,grosjean,42,4,16:46:13,24.002
2020,9,ricciardo,43,4,16:46:24,22.963
2020,9,albon,43,4,16:46:29,22.822
2020,9,perez,43,4,16:46:45,23.002
2020,9,norris,43,4,16:46:51,24.820
2020,9,kvyat,43,4,16:47:06,22.745
2020,9,russell,43,4,16:47:25,23.367
2020,9,vettel,43,5,16:47:29,22.489
2020,9,hamilton,44,4,16:47:42,22.800
2020,9,hamilton,45,5,16:50:26,21:40.911
2020,9,bottas,45,5,16:50:27,21:42.010
2020,9,raikkonen,44,6,16:50:29,19:40.725
2020,9,grosjean,44,5,16:50:31,19:41.863
2020,9,ricciardo,45,5,16:50:33,21:39.801
2020,9,albon,45,5,16:50:35,21:42.435
2020,9,perez,45,5,16:50:40,21:39.712
2020,9,norris,45,5,16:50:53,21:32.871
2020,9,kvyat,45,5,16:50:58,21:30.227
2020,9,leclerc,45,5,16:51:08,21:25.145
2020,9,russell,45,5,16:51:28,21:09.095
2020,9,vettel,45,6,16:51:32,21:06.590
2020,10,russell,1,1,14:15:56,30.165
2020,10,albon,1,1,14:16:00,30.211
2020,10,norris,1,1,14:16:01,37.108
2020,10,russell,14,2,14:43:16,29.433
2020,10,ricciardo,15,1,14:44:24,30.112
2020,10,hamilton,16,1,14:45:50,41.352
2020,10,giovinazzi,16,1,14:46:23,29.767
2020,10,grosjean,17,1,14:48:03,30.054
2020,10,latifi,17,1,14:48:20,29.862
2020,10,ocon,18,1,14:49:24,30.068
2020,10,gasly,18,1,14:49:32,29.770
2020,10,kevin_magnussen,19,1,14:51:23,30.188
2020,10,perez,20,1,14:52:46,29.602
2020,10,max_verstappen,25,1,15:00:57,28.748
2020,10,bottas,26,1,15:02:26,29.750
2020,10,albon,27,2,15:05:10,30.111
2020,10,leclerc,28,1,15:06:20,30.261
2020,10,kvyat,30,1,15:09:46,29.662
2020,10,vettel,30,1,15:10:13,29.395
2020,10,raikkonen,35,1,15:18:43,33.317
2020,10,gasly,42,2,15:30:21,29.409
2020,10,grosjean,42,2,15:31:06,29.988
2020,10,norris,47,2,15:39:13,31.368
2020,10,russell,50,3,15:45:09,29.675
2020,11,albon,7,1,14:24:20,23.562
2020,11,leclerc,10,1,14:29:03,22.560
2020,11,raikkonen,10,1,14:29:22,22.865
2020,11,vettel,11,1,14:30:54,22.616
2020,11,russell,11,1,14:30:54,22.496
2020,11,bottas,13,1,14:33:18,22.625
2020,11,kevin_magnussen,14,1,14:35:37,23.016
2020,11,latifi,14,1,14:35:40,24.737
2020,11,giovinazzi,15,1,14:37:09,22.482
2020,11,hamilton,16,1,14:37:59,23.983
2020,11,max_verstappen,16,1,14:38:04,22.106
2020,11,ricciardo,16,1,14:38:37,22.159
2020,11,kvyat,17,1,14:41:05,30.826
2020,11,perez,28,1,14:57:23,22.880
2020,11,sainz,28,1,14:57:31,22.641
2020,11,grosjean,28,1,14:57:54,23.635
2020,11,norris,29,1,14:58:56,21.991
2020,11,hulkenberg,29,1,14:59:24,22.700
2020,11,gasly,30,1,15:00:55,22.625
2020,11,latifi,33,2,15:06:01,24.063
2020,11,kevin_magnussen,34,2,15:07:30,23.114
2020,11,leclerc,35,2,15:08:35,23.111
2020,11,giovinazzi,36,2,15:10:28,22.772
2020,11,vettel,41,2,15:18:18,24.366
2020,11,ricciardo,44,2,15:22:03,22.530
2020,11,sainz,44,2,15:22:26,22.503
2020,11,hamilton,45,2,15:22:31,23.180
2020,11,max_verstappen,45,2,15:22:43,22.568
2020,11,gasly,44,2,15:23:04,22.917
2020,11,hulkenberg,44,2,15:23:08,22.686
2020,11,raikkonen,44,2,15:23:17,33.016
2020,11,kvyat,44,2,15:23:55,22.527
2020,11,perez,45,2,15:24:17,22.612
2020,12,perez,1,1,13:14:54,26.177
2020,12,raikkonen,11,1,13:28:58,29.061
2020,12,ricciardo,14,1,13:33:08,26.999
2020,12,norris,18,1,13:38:42,34.807
2020,12,stroll,18,1,13:38:52,36.314
2020,12,albon,19,1,13:40:09,26.287
2020,12,max_verstappen,23,1,13:45:13,26.394
2020,12,latifi,24,1,13:47:22,26.739
2020,12,kvyat,25,1,13:48:37,27.211
2020,12,sainz,26,1,13:49:45,27.299
2020,12,grosjean,26,1,13:50:03,26.985
2020,12,vettel,27,1,13:51:14,26.666
2020,12,gasly,28,1,13:52:25,27.204
2020,12,giovinazzi,28,1,13:52:49,26.473
2020,12,kevin_magnussen,31,1,13:57:08,27.300
2020,12,leclerc,34,1,14:00:19,26.940
2020,12,stroll,34,2,14:01:48,37.483
2020,12,russell,36,1,14:03:48,32.991
2020,12,hamilton,40,1,14:07:56,27.162
2020,12,bottas,41,1,14:09:27,26.512
2020,12,norris,43,2,14:13:48,27.750
2020,12,perez,45,2,14:15:49,26.635
2020,12,albon,46,2,14:17:42,25.882
2020,12,ocon,53,1,14:26:47,28.535
2020,12,kvyat,55,2,14:30:36,32.943
2020,13,stroll,1,1,13:14:49,36.189
2020,13,grosjean,9,1,13:25:41,30.422
2020,13,giovinazzi,10,1,13:27:00,29.745
2020,13,russell,11,1,13:28:18,29.707
2020,13,leclerc,13,1,13:30:49,30.243
2020,13,norris,13,1,13:30:56,29.683
2020,13,ocon,13,1,13:30:59,30.559
2020,13,ricciardo,14,1,13:32:09,30.204
2020,13,albon,14,1,13:32:12,29.770
2020,13,kvyat,14,1,13:32:12,30.277
2020,13,sainz,17,1,13:36:15,29.950
2020,13,max_verstappen,18,1,13:37:06,29.427
2020,13,bottas,19,1,13:38:22,29.600
2020,13,perez,27,1,13:49:28,29.985
2020,13,kevin_magnussen,27,1,13:50:01,30.708
2020,13,hamilton,30,1,13:52:53,30.382
2020,13,stroll,29,2,13:53:03,30.566
2020,13,latifi,34,1,13:59:15,29.892
2020,13,vettel,39,1,14:05:39,40.497
2020,13,raikkonen,48,1,14:17:39,29.863
2020,13,grosjean,50,2,14:21:06,31.199
2020,13,bottas,51,2,14:21:18,30.129
2020,13,perez,51,2,14:21:54,30.555
2020,13,kvyat,51,2,14:22:09,29.809
2020,13,sainz,51,2,14:22:11,30.614
2020,13,hamilton,52,2,14:22:55,30.925
2020,13,vettel,51,2,14:22:57,29.934
2020,13,stroll,52,3,14:25:09,36.630
2020,13,norris,53,2,14:25:29,30.203
2020,13,albon,59,2,14:37:02,29.552
2020,14,ocon,1,1,13:15:59,25.719
2020,14,leclerc,6,1,13:25:49,24.275
2020,14,bottas,7,1,13:27:48,23.398
2020,14,vettel,8,1,13:28:57,24.022
2020,14,hamilton,8,1,13:29:04,23.860
2020,14,raikkonen,8,1,13:29:23,30.765
2020,14,kevin_magnussen,8,1,13:29:27,24.552
2020,14,giovinazzi,8,1,13:29:38,25.432
2020,14,kvyat,8,1,13:29:42,23.417
2020,14,grosjean,8,1,13:29:52,26.686
2020,14,stroll,9,1,13:30:37,23.730
2020,14,latifi,8,1,13:30:54,24.738
2020,14,norris,9,1,13:31:36,22.684
2020,14,perez,10,1,13:32:35,25.163
2020,14,ricciardo,10,1,13:32:52,23.470
2020,14,sainz,10,1,13:32:56,23.910
2020,14,gasly,10,1,13:33:26,23.669
2020,14,ocon,10,2,13:33:43,23.475
2020,14,max_verstappen,11,1,13:34:27,24.256
2020,14,albon,12,1,13:36:22,22.602
2020,14,max_verstappen,18,2,13:47:55,22.518
2020,14,leclerc,30,2,14:08:52,23.687
2020,14,raikkonen,30,2,14:09:48,31.356
2020,14,ricciardo,32,2,14:12:20,23.208
2020,14,russell,32,1,14:13:13,22.692
2020,14,vettel,33,2,14:13:43,25.401
2020,14,sainz,33,2,14:14:01,23.537
2020,14,gasly,33,2,14:14:57,23.288
2020,14,albon,34,2,14:15:35,22.490
2020,14,kevin_magnussen,34,2,14:16:33,2:33.964
2020,14,stroll,36,2,14:18:49,23.650
2020,14,norris,36,2,14:19:42,23.686
2020,14,grosjean,36,2,14:20:55,31.422
2020,14,latifi,38,2,14:26:46,36.599
2020,14,max_verstappen,43,3,14:31:06,22.787
2020,14,russell,42,2,14:31:11,22.888
2020,14,bottas,46,2,14:37:34,22.853
2020,14,raikkonen,50,3,14:44:57,23.180
2020,15,hamilton,1,1,17:15:42,19:23.979
2020,15,max_verstappen,1,1,17:15:44,19:24.529
2020,15,perez,1,1,17:15:46,19:23.442
2020,15,albon,1,1,17:15:51,19:21.607
2020,15,ricciardo,1,1,17:15:56,19:19.722
2020,15,bottas,1,1,17:15:57,19:19.205
2020,15,gasly,1,1,17:16:02,19:20.469
2020,15,ocon,1,1,17:16:04,19:20.946
2020,15,norris,1,1,17:16:13,19:13.898
2020,15,leclerc,1,1,17:16:14,19:14.255
2020,15,giovinazzi,1,1,17:16:18,19:14.906
2020,15,stroll,1,1,17:16:19,19:14.123
2020,15,sainz,1,1,17:16:21,19:17.291
2020,15,kevin_magnussen,1,1,17:16:23,19:16.990
2020,15,vettel,1,1,17:16:26,19:17.042
2020,15,latifi,1,1,17:16:29,19:17.995
2020,15,raikkonen,1,1,17:16:31,19:21.539
2020,15,russell,1,1,17:16:34,19:23.297
2020,15,kvyat,1,1,17:16:36,19:23.014
2020,15,kevin_magnussen,3,2,18:41:46,38.297
2020,15,bottas,4,2,18:43:43,24.936
2020,15,ricciardo,16,2,19:06:25,24.617
2020,15,ocon,17,2,19:07:58,24.076
2020,15,kvyat,17,2,19:08:09,37.317
2020,15,raikkonen,17,2,19:08:14,32.278
2020,15,norris,18,2,19:09:33,24.679
2020,15,hamilton,19,2,19:10:46,24.061
2020,15,albon,19,2,19:11:03,24.172
2020,15,max_verstappen,20,2,19:12:27,24.622
2020,15,perez,20,2,19:12:34,24.317
2020,15,russell,20,2,19:13:06,24.029
2020,15,giovinazzi,20,2,19:13:16,24.145
2020,15,vettel,20,2,19:13:19,24.774
2020,15,sainz,21,2,19:14:28,24.511
2020,15,latifi,21,2,19:14:54,24.248
2020,15,leclerc,23,2,19:17:53,25.199
2020,15,gasly,25,2,19:21:01,24.398
2020,15,bottas,25,3,19:21:09,24.734
2020,15,kevin_magnussen,27,3,19:24:46,25.924
2020,15,kvyat,33,3,19:34:29,24.135
2020,15,max_verstappen,34,3,19:34:47,26.950
2020,15,albon,34,3,19:35:11,23.848
2020,15,ocon,34,3,19:35:41,25.254
2020,15,hamilton,35,3,19:36:16,24.345
2020,15,perez,36,3,19:38:16,24.589
2020,15,ricciardo,36,3,19:38:50,24.817
2020,15,latifi,37,3,19:41:05,24.024
2020,15,norris,38,3,19:41:45,24.666
2020,15,bottas,38,4,19:42:04,24.675
2020,15,sainz,39,3,19:43:27,25.502
2020,15,russell,39,3,19:44:08,27.146
2020,15,vettel,39,3,19:44:14,25.444
2020,15,leclerc,40,3,19:45:27,24.855
2020,15,raikkonen,40,3,19:45:59,25.270
2020,15,max_verstappen,46,4,19:53:52,23.906
2020,15,giovinazzi,53,3,20:07:02,24.836
2020,15,kevin_magnussen,53,4,20:07:38,25.793
2020,16,perez,1,1,20:14:22,24.214
2020,16,norris,20,1,20:35:27,24.885
2020,16,raikkonen,23,1,20:38:44,28.518
2020,16,giovinazzi,26,1,20:41:34,24.810
2020,16,kevin_magnussen,26,1,20:41:37,25.474
2020,16,kvyat,27,1,20:42:12,24.101
2020,16,latifi,27,1,20:42:32,24.297
2020,16,sainz,28,1,20:43:07,24.162
2020,16,gasly,28,1,20:43:13,25.077
2020,16,ricciardo,29,1,20:44:08,24.474
2020,16,vettel,31,1,20:46:25,26.216
2020,16,aitken,31,1,20:46:36,24.863
2020,16,pietro_fittipaldi,31,1,20:46:50,27.681
2020,16,ocon,41,1,20:55:57,24.414
2020,16,stroll,42,1,20:56:54,24.684
2020,16,russell,45,1,20:59:22,24.708
2020,16,perez,47,2,21:01:49,24.507
2020,16,albon,47,1,21:01:54,23.874
2020,16,bottas,49,1,21:03:18,24.552
2020,16,gasly,51,2,21:05:56,24.577
2020,16,kvyat,53,2,21:07:47,24.232
2020,16,norris,54,2,21:09:09,24.245
2020,16,pietro_fittipaldi,53,2,21:09:11,26.393
2020,16,vettel,54,2,21:09:21,28.080
2020,16,giovinazzi,54,2,21:09:30,24.551
2020,16,kevin_magnussen,54,2,21:09:40,25.466
2020,16,aitken,54,2,21:09:43,25.688
2020,16,raikkonen,54,2,21:09:49,24.401
2020,16,sainz,55,2,21:09:54,24.853
2020,16,ricciardo,55,2,21:09:56,24.695
2020,16,aitken,59,3,21:15:05,40.028
2020,16,russell,62,2,21:16:30,28.765
2020,16,bottas,62,2,21:16:37,52.874
2020,16,albon,62,2,21:17:23,23.645
2020,16,russell,63,3,21:18:22,24.724
2020,16,raikkonen,62,3,21:18:42,24.686
2020,16,vettel,63,3,21:19:11,24.809
2020,16,pietro_fittipaldi,63,3,21:20:20,25.780
2020,16,russell,78,4,21:35:26,24.235
2020,17,max_verstappen,10,1,17:30:57,21.289
2020,17,bottas,10,1,17:31:02,21.587
2020,17,hamilton,10,1,17:31:09,22.406
2020,17,albon,10,1,17:31:15,21.508
2020,17,norris,10,1,17:31:22,21.840
2020,17,sainz,10,1,17:31:29,22.140
2020,17,stroll,10,1,17:31:30,22.036
2020,17,gasly,10,1,17:31:33,22.000
2020,17,kvyat,10,1,17:31:37,25.724
2020,17,ocon,10,1,17:31:40,21.615
2020,17,raikkonen,10,1,17:31:49,22.012
2020,17,russell,10,1,17:31:56,22.085
2020,17,pietro_fittipaldi,10,1,17:32:05,26.329
2020,17,latifi,11,1,17:34:29,21.357
2020,17,leclerc,22,1,17:54:48,22.178
2020,17,giovinazzi,27,1,18:03:41,21.480
2020,17,kevin_magnussen,31,1,18:10:52,22.714
2020,17,pietro_fittipaldi,34,2,18:16:09,28.501
2020,17,vettel,35,1,18:17:15,22.040
2020,17,latifi,35,2,18:17:41,22.384
2020,17,ricciardo,39,1,18:23:37,22.123
2020,17,kevin_magnussen,47,2,18:39:11,23.098
2020,17,pietro_fittipaldi,48,3,18:41:11,23.217
2021,1,perez,2,1,18:11:56,23.993
2021,1,gasly,4,1,18:16:14,38.338
2021,1,alonso,11,1,18:27:32,24.373
2021,1,norris,12,1,18:29:05,24.899
2021,1,leclerc,12,1,18:29:06,24.925
2021,1,stroll,12,1,18:29:09,24.884
2021,1,giovinazzi,12,1,18:29:14,31.998
2021,1,hamilton,13,1,18:30:29,24.839
2021,1,ricciardo,13,1,18:30:45,24.688
2021,1,raikkonen,13,1,18:30:52,24.107
2021,1,ocon,13,1,18:30:55,25.226
2021,1,russell,13,1,18:31:02,24.621
2021,1,latifi,14,1,18:32:44,26.046
2021,1,mick_schumacher,14,1,18:32:58,25.798
2021,1,sainz,15,1,18:34:04,24.353
2021,1,tsunoda,15,1,18:34:12,25.046
2021,1,bottas,16,1,18:35:24,24.262
2021,1,max_verstappen,17,1,18:36:54,24.767
2021,1,perez,19,2,18:40:35,24.105
2021,1,gasly,19,2,18:41:17,24.317
2021,1,vettel,24,1,18:49:08,24.626
2021,1,hamilton,28,2,18:54:40,24.076
2021,1,stroll,28,2,18:55:23,25.525
2021,1,raikkonen,29,2,18:57:06,24.046
2021,1,alonso,29,2,18:57:13,24.775
2021,1,bottas,30,2,18:57:58,32.897
2021,1,giovinazzi,30,2,18:58:53,24.223
2021,1,ocon,31,2,19:00:29,24.471
2021,1,leclerc,32,2,19:01:40,24.176
2021,1,ricciardo,32,2,19:01:44,24.655
2021,1,latifi,32,2,19:02:32,23.983
2021,1,norris,33,2,19:03:11,25.640
2021,1,tsunoda,33,2,19:03:36,24.328
2021,1,mick_schumacher,33,2,19:04:27,25.343
2021,1,russell,36,2,19:08:48,24.248
2021,1,sainz,37,2,19:09:53,24.341
2021,1,perez,38,3,19:11:20,24.191
2021,1,max_verstappen,39,2,19:12:13,23.848
2021,1,gasly,39,3,19:13:55,24.983
2021,1,bottas,54,3,19:36:21,24.566
2021,2,ocon,1,1,15:05:16,30.866
2021,2,vettel,3,1,15:10:09,32.024
2021,2,mick_schumacher,5,1,15:15:11,51.007
2021,2,mazepin,12,1,15:27:20,31.168
2021,2,gasly,14,1,15:30:10,31.068
2021,2,vettel,20,2,15:39:11,31.184
2021,2,mick_schumacher,21,2,15:41:24,32.479
2021,2,vettel,22,3,15:42:52,39.502
2021,2,mazepin,23,2,15:45:20,31.500
2021,2,tsunoda,25,1,15:46:39,30.696
2021,2,russell,26,1,15:47:53,29.983
2021,2,raikkonen,26,1,15:47:55,30.280
2021,2,max_verstappen,27,1,15:47:59,29.809
2021,2,gasly,26,2,15:48:45,32.277
2021,2,sainz,27,1,15:48:51,30.856
2021,2,ricciardo,27,1,15:48:57,34.340
2021,2,stroll,27,1,15:49:16,31.138
2021,2,hamilton,28,1,15:49:27,32.112
2021,2,giovinazzi,27,1,15:49:32,32.299
2021,2,ocon,27,2,15:49:42,30.652
2021,2,leclerc,28,1,15:49:43,31.002
2021,2,perez,28,1,15:49:58,44.608
2021,2,norris,28,1,15:50:11,30.654
2021,2,bottas,28,1,15:50:46,30.167
2021,2,alonso,28,1,15:51:18,30.864
2021,2,hamilton,31,2,15:55:30,38.198
2021,2,ocon,31,3,15:56:23,30.701
2021,2,max_verstappen,33,2,15:58:11,27:01.361
2021,2,stroll,32,2,15:58:13,24:52.090
2021,2,raikkonen,32,2,15:58:16,24:52.612
2021,2,hamilton,32,3,15:58:17,24:54.731
2021,2,mick_schumacher,31,3,15:58:20,25:21.462
2021,2,tsunoda,32,2,15:58:24,24:51.384
2021,2,giovinazzi,32,2,15:58:26,24:56.541
2021,2,leclerc,33,2,15:58:28,26:49.484
2021,2,alonso,32,2,15:58:37,24:48.372
2021,2,ocon,32,4,15:58:48,24:38.974
2021,2,mazepin,31,3,15:58:57,24:46.154
2021,2,norris,33,2,15:59:06,26:24.953
2021,2,perez,33,2,15:59:11,26:21.158
2021,2,sainz,33,2,15:59:14,26:22.211
2021,2,gasly,32,3,15:59:18,24:13.539
2021,2,vettel,32,4,15:59:21,24:12.323
2021,2,ricciardo,33,2,15:59:25,26:14.827
2021,2,stroll,33,3,16:24:36,1:05.390
2021,2,raikkonen,33,3,16:24:42,1:02.892
2021,2,hamilton,33,4,16:24:48,1:05.870
2021,2,tsunoda,33,3,16:24:52,1:03.280
2021,2,giovinazzi,33,3,16:24:58,1:00.172
2021,2,alonso,33,3,16:25:04,57.601
2021,2,ocon,33,5,16:25:06,56.733
2021,2,gasly,33,4,16:25:09,56.083
2021,2,vettel,33,5,16:25:15,52.043
2021,2,mick_schumacher,32,4,16:25:16,51.222
2021,2,mazepin,32,4,16:25:22,49.729
2021,2,giovinazzi,40,4,16:36:13,29.742
2021,3,bottas,2,1,15:06:11,21.377
2021,3,hamilton,2,1,15:06:13,22.426
2021,3,max_verstappen,2,1,15:06:14,22.718
2021,3,sainz,2,1,15:06:16,22.029
2021,3,perez,2,1,15:06:18,21.890
2021,3,norris,2,1,15:06:19,21.407
2021,3,ocon,2,1,15:06:21,21.275
2021,3,leclerc,2,1,15:06:23,21.323
2021,3,gasly,2,1,15:06:24,21.353
2021,3,vettel,2,1,15:06:26,21.398
2021,3,russell,2,1,15:06:27,23.532
2021,3,giovinazzi,2,1,15:06:29,22.485
2021,3,ricciardo,2,1,15:06:31,21.965
2021,3,alonso,2,1,15:06:34,21.452
2021,3,tsunoda,2,1,15:06:36,22.266
2021,3,stroll,2,1,15:06:37,22.264
2021,3,latifi,2,1,15:06:39,21.970
2021,3,mick_schumacher,2,1,15:06:40,22.019
2021,3,mazepin,2,1,15:06:42,21.372
2021,3,bottas,3,2,15:08:34,22.072
2021,3,hamilton,3,2,15:08:36,22.164
2021,3,max_verstappen,3,2,15:08:37,22.104
2021,3,sainz,3,2,15:08:38,22.244
2021,3,perez,3,2,15:08:39,22.100
2021,3,norris,3,2,15:08:40,22.551
2021,3,ocon,3,2,15:08:42,22.240
2021,3,leclerc,3,2,15:08:43,22.587
2021,3,gasly,3,2,15:08:45,22.319
2021,3,vettel,3,2,15:08:48,21.750
2021,3,russell,3,2,15:08:48,22.755
2021,3,giovinazzi,3,2,15:08:50,22.669
2021,3,ricciardo,3,2,15:08:51,22.355
2021,3,alonso,3,2,15:08:53,21.621
2021,3,tsunoda,3,2,15:08:55,22.542
2021,3,stroll,3,2,15:08:57,22.176
2021,3,latifi,3,2,15:08:58,21.730
2021,3,mick_schumacher,3,2,15:09:00,21.454
2021,3,mazepin,3,2,15:09:01,21.404
2021,3,sainz,21,3,15:36:07,25.892
2021,3,tsunoda,21,3,15:36:23,26.202
2021,3,norris,22,3,15:37:29,26.952
2021,3,ocon,22,3,15:37:35,27.033
2021,3,vettel,22,3,15:37:40,26.620
2021,3,giovinazzi,22,3,15:37:41,26.729
2021,3,gasly,24,3,15:40:23,26.172
2021,3,latifi,24,3,15:40:50,26.595
2021,3,leclerc,25,3,15:41:44,27.082
2021,3,russell,28,3,15:46:30,26.843
2021,3,mazepin,31,3,15:50:54,27.186
2021,3,mick_schumacher,32,3,15:52:09,27.245
2021,3,max_verstappen,35,3,15:55:06,26.743
2021,3,bottas,36,3,15:56:27,26.938
2021,3,hamilton,37,3,15:57:46,26.907
2021,3,stroll,39,3,16:01:22,26.027
2021,3,alonso,40,3,16:02:37,26.442
2021,3,ricciardo,41,3,16:03:56,28.639
2021,3,mazepin,43,4,16:08:31,26.984
2021,3,perez,51,3,16:17:18,26.607
2021,3,bottas,63,4,16:33:39,26.573
2021,3,max_verstappen,64,4,16:34:55,26.319
2021,4,giovinazzi,8,1,15:15:06,54.673
2021,4,russell,9,1,15:17:07,23.814
2021,4,latifi,9,1,15:17:10,26.672
2021,4,gasly,18,1,15:30:37,28.042
2021,4,alonso,21,1,15:34:51,22.043
2021,4,vettel,21,1,15:34:52,23.087
2021,4,sainz,22,1,15:36:10,21.779
2021,4,stroll,22,1,15:36:15,21.756
2021,4,mazepin,22,1,15:36:40,23.098
2021,4,bottas,23,1,15:37:18,22.311
2021,4,ocon,23,1,15:37:33,22.798
2021,4,norris,23,1,15:37:35,21.864
2021,4,mick_schumacher,23,1,15:37:59,24.006
2021,4,max_verstappen,24,1,15:38:32,23.565
2021,4,ricciardo,25,1,15:40:16,22.406
2021,4,perez,27,1,15:43:06,22.382
2021,4,latifi,27,2,15:43:32,21.424
2021,4,hamilton,28,1,15:44:07,22.220
2021,4,leclerc,28,1,15:44:20,21.613
2021,4,russell,28,2,15:44:52,21.919
2021,4,raikkonen,37,1,15:57:41,21.572
2021,4,vettel,38,2,15:59:08,21.973
2021,4,stroll,39,2,16:00:28,21.432
2021,4,giovinazzi,39,2,16:00:52,22.871
2021,4,hamilton,42,2,16:03:32,22.078
2021,4,mazepin,42,2,16:05:36,22.502
2021,4,ricciardo,46,2,16:09:49,21.762
2021,4,sainz,46,2,16:09:50,21.856
2021,4,gasly,47,2,16:11:47,26.065
2021,4,latifi,50,3,16:16:19,22.405
2021,4,mick_schumacher,50,2,16:16:33,22.310
2021,4,norris,51,2,16:17:08,22.467
2021,4,bottas,53,2,16:18:52,21.638
2021,4,perez,57,2,16:24:55,21.345
2021,4,leclerc,58,2,16:26:05,22.292
2021,4,max_verstappen,60,2,16:28:18,21.592
2021,4,alonso,61,2,16:31:41,23.479
2021,5,hamilton,29,1,15:40:07,23.783
2021,5,norris,30,1,15:41:20,23.874
2021,5,gasly,30,1,15:41:23,24.428
2021,5,vettel,31,1,15:42:42,24.369
2021,5,russell,31,1,15:43:46,23.928
2021,5,sainz,32,1,15:43:47,24.150
2021,5,giovinazzi,33,1,15:45:42,24.521
2021,5,max_verstappen,34,1,15:46:10,23.746
2021,5,perez,35,1,15:47:44,24.548
2021,5,mazepin,34,1,15:48:25,25.202
2021,5,ricciardo,36,1,15:49:52,24.715
2021,5,ocon,37,1,15:50:48,23.935
2021,5,mick_schumacher,37,1,15:52:43,24.797
2021,5,raikkonen,43,1,15:58:41,24.077
2021,5,latifi,43,1,15:59:23,23.703
2021,5,alonso,45,1,16:01:34,23.803
2021,5,stroll,58,1,16:17:28,23.474
2021,5,tsunoda,64,1,16:26:09,24.430
2021,5,hamilton,67,2,16:28:48,24.244
2021,6,russell,1,1,16:06:06,19.970
2021,6,giovinazzi,2,1,16:07:56,20.402
2021,6,alonso,7,1,16:16:54,20.168
2021,6,norris,7,1,16:16:56,20.533
2021,6,mick_schumacher,8,1,16:19:00,22.440
2021,6,leclerc,9,1,16:20:20,19.836
2021,6,tsunoda,9,1,16:20:28,20.253
2021,6,latifi,9,1,16:20:47,22.149
2021,6,mazepin,9,1,16:20:57,21.759
2021,6,sainz,10,1,16:22:11,20.064
2021,6,hamilton,11,1,16:23:50,22.470
2021,6,gasly,11,1,16:23:55,20.156
2021,6,bottas,11,1,16:24:08,20.356
2021,6,ricciardo,11,1,16:24:12,20.082
2021,6,max_verstappen,12,1,16:25:37,19.769
2021,6,perez,13,1,16:27:25,21.874
2021,6,raikkonen,13,1,16:27:59,20.048
2021,6,vettel,18,1,16:36:33,19.841
2021,6,alonso,34,2,17:09:13,19.983
2021,6,giovinazzi,34,2,17:09:14,20.193
2021,6,russell,34,2,17:09:15,20.029
2021,6,mick_schumacher,34,2,17:09:16,1:09.761
2021,6,mazepin,34,2,17:11:01,21.958
2021,6,mick_schumacher,44,3,17:28:35,21.587
2021,6,mazepin,44,3,17:29:37,24.780
2021,6,perez,47,2,17:33:39,15.277
2021,6,hamilton,47,2,17:33:39,15.432
2021,6,vettel,47,2,17:33:42,14.945
2021,6,gasly,47,2,17:33:45,15.085
2021,6,leclerc,47,2,17:33:48,15.092
2021,6,tsunoda,47,2,17:33:50,14.943
2021,6,norris,47,2,17:33:53,15.866
2021,6,sainz,47,2,17:33:56,15.119
2021,6,ricciardo,47,2,17:34:01,14.994
2021,6,alonso,47,3,17:34:03,15.432
2021,6,raikkonen,47,2,17:34:05,15.064
2021,6,giovinazzi,47,3,17:34:07,14.881
2021,6,bottas,47,2,17:34:08,21.346
2021,6,russell,47,3,17:34:08,21.438
2021,6,mazepin,46,4,17:34:18,15.054
2021,6,mick_schumacher,47,4,17:35:06,15.058
2021,6,perez,48,3,17:36:45,33:18.466
2021,6,hamilton,48,3,17:36:47,33:20.923
2021,6,vettel,48,3,17:36:49,33:20.416
2021,6,gasly,48,3,17:36:52,33:21.830
2021,6,leclerc,48,3,17:36:53,33:22.544
2021,6,tsunoda,48,3,17:36:55,33:23.526
2021,6,norris,48,3,17:36:57,33:30.409
2021,6,sainz,48,3,17:36:58,33:32.724
2021,6,ricciardo,48,3,17:37:00,33:35.163
2021,6,alonso,48,4,17:37:04,33:34.526
2021,6,raikkonen,48,3,17:37:06,33:36.437
2021,6,giovinazzi,48,4,17:37:08,33:37.324
2021,6,latifi,48,2,17:37:10,34:08.175
2021,6,bottas,48,3,17:37:13,33:55.229
2021,6,russell,48,4,17:37:18,33:56.172
2021,6,mazepin,47,5,17:37:20,30:28.965
2021,6,mick_schumacher,48,5,17:37:47,33:34.176
2021,6,mazepin,48,6,18:09:58,1:26.440
2021,7,leclerc,14,1,15:26:59,30.798
2021,7,tsunoda,15,1,15:28:52,30.226
2021,7,mick_schumacher,15,1,15:29:09,31.457
2021,7,ricciardo,16,1,15:30:21,29.951
2021,7,bottas,17,1,15:31:34,30.572
2021,7,sainz,17,1,15:32:00,30.534
2021,7,gasly,17,1,15:32:01,30.781
2021,7,russell,17,1,15:32:17,30.092
2021,7,max_verstappen,18,1,15:33:10,29.803
2021,7,alonso,18,1,15:33:49,31.288
2021,7,latifi,18,1,15:34:01,29.775
2021,7,hamilton,19,1,15:34:46,30.263
2021,7,perez,24,1,15:43:14,29.682
2021,7,norris,24,1,15:43:44,30.531
2021,7,ocon,28,1,15:50:47,30.207
2021,7,giovinazzi,28,1,15:50:48,30.586
2021,7,mazepin,31,1,15:56:17,30.983
2021,7,max_verstappen,32,2,15:56:20,30.123
2021,7,raikkonen,33,1,15:59:18,31.327
2021,7,stroll,34,1,16:00:37,30.996
2021,7,vettel,37,1,16:05:29,31.069
2021,7,leclerc,38,2,16:07:29,31.368
2021,8,leclerc,1,1,15:04:22,28.386
2021,8,latifi,1,1,15:04:58,26.419
2021,8,mazepin,21,1,15:28:40,22.759
2021,8,giovinazzi,23,1,15:30:50,21.210
2021,8,russell,25,1,15:33:03,37.309
2021,8,perez,26,1,15:33:46,23.477
2021,8,latifi,25,2,15:34:10,21.953
2021,8,tsunoda,26,1,15:34:15,21.234
2021,8,russell,26,2,15:34:49,46.315
2021,8,bottas,27,1,15:34:56,21.752
2021,8,alonso,27,1,15:35:25,21.131
2021,8,vettel,27,1,15:35:28,21.546
2021,8,hamilton,28,1,15:35:48,21.219
2021,8,stroll,28,1,15:36:35,20.936
2021,8,max_verstappen,29,1,15:36:53,20.936
2021,8,norris,31,1,15:39:53,21.692
2021,8,mick_schumacher,33,1,15:43:09,22.400
2021,8,raikkonen,36,1,15:46:10,21.227
2021,8,ocon,36,1,15:46:14,21.238
2021,8,leclerc,37,2,15:47:22,21.924
2021,8,sainz,41,1,15:51:48,21.226
2021,8,ricciardo,41,1,15:52:04,21.410
2021,8,perez,54,2,16:06:26,20.961
2021,8,hamilton,69,2,16:23:22,21.640
2021,9,giovinazzi,1,1,15:04:39,21.129
2021,9,tsunoda,12,1,15:18:55,21.145
2021,9,gasly,13,1,15:20:04,22.564
2021,9,stroll,14,1,15:21:20,21.391
2021,9,vettel,17,1,15:24:54,21.086
2021,9,mazepin,27,1,15:37:15,22.000
2021,9,ricciardo,29,1,15:38:55,21.151
2021,9,giovinazzi,29,2,15:39:18,27.122
2021,9,norris,30,1,15:39:39,26.474
2021,9,bottas,30,1,15:39:41,21.071
2021,9,russell,30,1,15:40:16,21.606
2021,9,hamilton,31,1,15:40:45,21.005
2021,9,max_verstappen,32,1,15:41:42,21.090
2021,9,perez,32,1,15:42:28,21.735
2021,9,alonso,32,1,15:42:41,22.663
2021,9,latifi,33,1,15:44:01,21.152
2021,9,leclerc,34,1,15:44:47,21.143
2021,9,mick_schumacher,34,1,15:45:26,21.798
2021,9,raikkonen,37,1,15:48:30,21.896
2021,9,gasly,45,2,15:57:48,20.850
2021,9,mazepin,45,2,15:58:58,23.182
2021,9,stroll,46,2,15:59:19,21.472
2021,9,sainz,48,1,16:01:07,21.431
2021,9,vettel,49,2,16:02:39,20.841
2021,9,tsunoda,51,2,16:04:57,26.604
2021,9,hamilton,53,2,16:06:32,21.421
2021,9,max_verstappen,60,2,16:14:03,21.236
2021,10,leclerc,2,1,15:07:57,34:07.731
2021,10,hamilton,2,1,15:08:00,34:08.376
2021,10,bottas,2,1,15:08:02,34:09.149
2021,10,norris,2,1,15:08:03,34:12.218
2021,10,ricciardo,2,1,15:08:05,34:11.281
2021,10,vettel,2,1,15:08:08,34:15.222
2021,10,alonso,2,1,15:08:10,34:18.580
2021,10,sainz,2,1,15:08:12,34:19.122
2021,10,raikkonen,2,1,15:08:14,34:22.984
2021,10,ocon,2,1,15:08:16,34:26.994
2021,10,stroll,2,1,15:08:18,34:27.861
2021,10,gasly,2,1,15:08:21,34:27.244
2021,10,giovinazzi,2,1,15:08:22,34:30.250
2021,10,russell,2,1,15:08:25,34:32.543
2021,10,tsunoda,2,1,15:08:28,34:35.695
2021,10,mick_schumacher,2,1,15:08:30,34:35.728
2021,10,latifi,2,1,15:08:32,34:37.164
2021,10,mazepin,2,1,15:08:35,34:36.977
2021,10,perez,2,1,15:08:37,34:36.405
2021,10,raikkonen,18,2,16:09:59,28.110
2021,10,perez,18,2,16:10:00,27.892
2021,10,russell,18,2,16:10:03,27.812
2021,10,vettel,18,2,16:10:08,28.145
2021,10,ocon,19,2,16:11:30,28.772
2021,10,latifi,19,2,16:11:41,27.543
2021,10,ricciardo,20,2,16:12:48,28.817
2021,10,norris,21,2,16:14:08,31.706
2021,10,bottas,22,2,16:15:42,28.209
2021,10,stroll,23,2,16:17:39,28.213
2021,10,giovinazzi,23,2,16:17:51,28.137
2021,10,alonso,24,2,16:19:10,29.743
2021,10,mick_schumacher,24,2,16:20:00,29.319
2021,10,mazepin,25,2,16:21:37,29.253
2021,10,hamilton,27,2,16:23:17,40.266
2021,10,sainz,28,2,16:25:06,37.509
2021,10,gasly,28,2,16:25:29,28.685
2021,10,leclerc,29,2,16:26:18,28.433
2021,10,tsunoda,30,2,16:28:42,29.134
2021,10,perez,38,3,16:41:17,27.848
2021,10,gasly,46,3,16:53:40,28.180
2021,10,perez,48,4,16:56:54,29.082
2021,11,max_verstappen,1,1,15:05:21,22.569
2021,11,mazepin,1,1,15:05:28,23.715
2021,11,norris,1,1,15:05:33,38.267
2021,11,giovinazzi,1,1,15:05:53,26.573
2021,11,hamilton,2,1,15:07:57,24:09.259
2021,11,ocon,2,1,15:07:59,24:10.190
2021,11,vettel,2,1,15:08:02,24:11.890
2021,11,sainz,2,1,15:08:04,24:12.527
2021,11,tsunoda,2,1,15:08:08,24:13.630
2021,11,latifi,2,1,15:08:10,24:14.435
2021,11,alonso,2,1,15:08:13,24:14.979
2021,11,russell,2,1,15:08:17,24:17.487
2021,11,raikkonen,2,1,15:08:20,24:17.844
2021,11,mick_schumacher,2,1,15:08:22,24:17.042
2021,11,gasly,2,1,15:08:25,24:17.615
2021,11,ricciardo,2,1,15:08:28,24:17.127
2021,11,max_verstappen,2,2,15:08:31,24:16.349
2021,11,mazepin,2,2,15:08:34,24:17.420
2021,11,giovinazzi,2,2,15:08:38,24:16.349
2021,11,ocon,3,2,15:34:31,39.522
2021,11,vettel,3,2,15:34:31,40.882
2021,11,sainz,3,2,15:34:32,42.786
2021,11,tsunoda,3,2,15:34:33,40.740
2021,11,latifi,3,2,15:34:34,39.081
2021,11,alonso,3,2,15:34:40,37.122
2021,11,raikkonen,3,2,15:34:41,35.451
2021,11,russell,3,2,15:34:41,29.374
2021,11,mick_schumacher,3,2,15:34:42,36.813
2021,11,gasly,3,2,15:34:43,39.839
2021,11,ricciardo,3,2,15:34:43,34.492
2021,11,max_verstappen,3,3,15:34:44,35.245
2021,11,giovinazzi,3,3,15:34:48,36.899
2021,11,hamilton,4,2,15:36:34,21.731
2021,11,giovinazzi,11,4,15:46:53,29.191
2021,11,raikkonen,15,3,15:52:26,36.457
2021,11,hamilton,19,3,15:58:08,21.516
2021,11,ricciardo,20,3,15:59:29,21.623
2021,11,max_verstappen,20,4,15:59:31,21.047
2021,11,russell,21,3,16:00:52,22.186
2021,11,tsunoda,22,3,16:02:06,21.819
2021,11,latifi,23,3,16:03:29,22.704
2021,11,gasly,30,3,16:13:24,21.295
2021,11,sainz,32,3,16:15:52,21.951
2021,11,giovinazzi,33,5,16:18:12,21.874
2021,11,mick_schumacher,34,3,16:19:34,22.113
2021,11,vettel,36,3,16:21:14,22.703
2021,11,ocon,37,3,16:22:34,21.642
2021,11,alonso,39,3,16:25:35,21.523
2021,11,max_verstappen,40,5,16:27:50,20.848
2021,11,hamilton,47,4,16:36:41,21.208
2021,11,raikkonen,53,4,16:45:57,21.172
2021,11,gasly,68,4,17:05:56,21.543
2021,13,mick_schumacher,4,1,15:08:42,35.573
2021,13,perez,8,1,15:13:52,19.287
2021,13,vettel,10,1,15:16:24,18.664
2021,13,hamilton,20,1,15:28:18,19.770
2021,13,max_verstappen,21,1,15:29:30,19.142
2021,13,latifi,23,1,15:33:19,20.646
2021,13,gasly,24,1,15:33:50,19.163
2021,13,giovinazzi,27,1,15:38:13,19.049
2021,13,russell,27,1,15:38:14,18.634
2021,13,stroll,27,1,15:38:17,19.389
2021,13,ricciardo,30,1,15:42:01,19.449
2021,13,bottas,31,1,15:42:24,18.873
2021,13,sainz,31,1,15:42:58,20.327
2021,13,ocon,31,1,15:43:12,19.240
2021,13,tsunoda,31,1,15:43:30,19.850
2021,13,mick_schumacher,30,2,15:43:39,24.578
2021,13,alonso,33,1,15:45:41,19.018
2021,13,giovinazzi,33,2,15:46:17,20.043
2021,13,mazepin,33,1,15:46:35,19.999
2021,13,leclerc,34,1,15:46:39,19.490
2021,13,hamilton,39,2,15:52:19,18.868
2021,13,max_verstappen,40,2,15:53:30,18.578
2021,13,kubica,40,1,15:55:29,19.708
2021,13,norris,42,1,15:57:26,20.443
2021,13,vettel,44,2,16:00:37,18.681
2021,13,perez,47,2,16:03:51,18.555
2021,13,bottas,67,2,16:27:35,21.730
2021,13,hamilton,70,3,16:30:49,19.202
2021,13,russell,68,2,16:30:57,25.533
2021,14,giovinazzi,1,1,15:05:21,37.190
2021,14,ricciardo,22,1,15:35:18,23.812
2021,14,vettel,22,1,15:35:56,25.157
2021,14,max_verstappen,23,1,15:36:46,32.456
2021,14,latifi,23,1,15:37:22,24.168
2021,14,mick_schumacher,23,1,15:37:49,24.714
2021,14,norris,24,1,15:38:19,24.168
2021,14,mazepin,24,1,15:39:22,24.928
2021,14,hamilton,25,1,15:39:44,25.619
2021,14,stroll,25,1,15:40:09,24.846
2021,14,alonso,25,1,15:40:14,24.797
2021,14,giovinazzi,25,2,15:40:55,30.551
2021,14,leclerc,26,1,15:41:30,24.557
2021,14,perez,26,1,15:41:34,23.906
2021,14,sainz,26,1,15:41:48,24.283
2021,14,bottas,26,1,15:41:50,24.308
2021,14,ocon,26,1,15:42:10,30.333
2021,14,russell,26,1,15:42:13,24.156
2021,14,kubica,26,1,15:42:21,24.501
2021,14,vettel,26,2,15:42:41,25.927
2021,14,mazepin,28,2,15:47:13,24.806
2021,14,mazepin,39,3,16:05:25,30.917
2021,15,stroll,12,1,15:24:13,30.241
2021,15,russell,13,1,15:25:55,30.665
2021,15,latifi,13,1,15:26:27,30.056
2021,15,tsunoda,13,1,15:26:28,30.112
2021,15,sainz,14,1,15:27:33,30.715
2021,15,mazepin,14,1,15:28:09,30.127
2021,15,ocon,15,1,15:29:27,29.901
2021,15,raikkonen,15,1,15:29:28,30.102
2021,15,mick_schumacher,20,1,15:38:36,29.996
2021,15,ricciardo,22,1,15:41:11,33.617
2021,15,hamilton,26,1,15:47:52,29.878
2021,15,max_verstappen,26,1,15:47:58,29.578
2021,15,vettel,26,1,15:48:09,29.242
2021,15,norris,28,1,15:51:03,29.824
2021,15,bottas,28,1,15:51:35,29.936
2021,15,gasly,33,1,16:00:00,29.354
2021,15,leclerc,35,1,16:03:07,31.849
2021,15,perez,36,1,16:04:32,36.026
2021,15,alonso,36,1,16:04:40,30.157
2021,15,giovinazzi,36,1,16:05:27,30.081
2021,15,russell,47,2,16:23:56,32.081
2021,15,bottas,47,2,16:23:58,29.569
2021,15,raikkonen,47,2,16:23:59,30.131
2021,15,mazepin,46,2,16:24:05,33.931
2021,15,tsunoda,47,2,16:24:44,30.980
2021,15,max_verstappen,48,2,16:25:32,31.017
2021,15,sainz,48,2,16:25:33,30.677
2021,15,ricciardo,48,2,16:25:35,31.016
2021,15,stroll,48,2,16:26:01,43.124
2021,15,hamilton,49,2,16:26:32,30.045
2021,15,tsunoda,49,3,16:29:31,30.972
2021,15,alonso,50,2,16:29:34,30.702
2021,15,perez,50,2,16:29:36,32.313
2021,15,vettel,50,2,16:30:10,32.128
2021,15,gasly,50,2,16:30:49,31.915
2021,15,ocon,50,2,16:30:58,33.264
2021,15,giovinazzi,50,2,16:31:14,33.961
2021,15,norris,51,2,16:31:33,32.670
2021,15,leclerc,51,2,16:32:51,32.648
2021,16,ricciardo,21,1,15:37:18,23.028
2021,16,alonso,30,1,15:51:43,29.116
2021,16,norris,34,1,15:57:20,23.239
2021,16,latifi,34,1,15:58:22,24.104
2021,16,tsunoda,35,1,15:59:39,23.329
2021,16,russell,35,1,15:59:42,23.551
2021,16,max_verstappen,36,1,15:59:52,22.442
2021,16,sainz,36,1,16:00:33,28.353
2021,16,mazepin,35,1,16:00:40,23.829
2021,16,vettel,36,1,16:00:56,23.500
2021,16,bottas,37,1,16:01:20,22.962
2021,16,perez,37,1,16:01:47,22.463
2021,16,raikkonen,37,1,16:02:50,23.164
2021,16,vettel,37,2,16:03:36,23.514
2021,16,gasly,39,1,16:05:01,29.310
2021,16,stroll,39,1,16:05:17,35.509
2021,16,mick_schumacher,39,1,16:07:05,23.892
2021,16,giovinazzi,40,1,16:07:22,23.150
2021,16,leclerc,47,1,16:17:27,23.646
2021,16,hamilton,50,1,16:22:19,22.684
2021,17,mazepin,1,1,14:05:35,30.673
2021,17,ocon,3,1,14:09:03,40.800
2021,17,latifi,5,1,14:12:39,32.610
2021,17,alonso,7,1,14:16:03,23.576
2021,17,giovinazzi,8,1,14:17:44,23.993
2021,17,tsunoda,9,1,14:19:23,23.802
2021,17,russell,9,1,14:19:32,23.572
2021,17,max_verstappen,10,1,14:20:36,23.727
2021,17,norris,10,1,14:21:01,24.385
2021,17,gasly,10,1,14:21:07,23.745
2021,17,ricciardo,11,1,14:22:38,24.176
2021,17,sainz,11,1,14:22:41,23.414
2021,17,mick_schumacher,11,1,14:23:10,24.293
2021,17,perez,12,1,14:24:06,25.018
2021,17,leclerc,12,1,14:24:15,24.011
2021,17,raikkonen,12,1,14:24:38,24.191
2021,17,hamilton,13,1,14:25:41,24.481
2021,17,bottas,15,1,14:29:44,24.444
2021,17,vettel,17,1,14:33:24,24.977
2021,17,stroll,18,1,14:35:13,23.827
2021,17,mazepin,24,2,14:46:40,24.611
2021,17,latifi,25,2,14:47:47,23.653
2021,17,ocon,25,2,14:47:50,23.919
2021,17,giovinazzi,26,2,14:49:12,23.502
2021,17,alonso,28,2,14:52:44,23.844
2021,17,max_verstappen,29,2,14:52:59,24.052
2021,17,sainz,29,2,14:53:43,26.866
2021,17,perez,30,2,14:55:02,23.604
2021,17,ricciardo,30,2,14:55:23,24.036
2021,17,norris,30,2,14:55:31,25.548
2021,17,raikkonen,31,2,14:57:43,24.090
2021,17,russell,31,2,14:58:07,24.980
2021,17,leclerc,32,2,14:58:34,23.805
2021,17,tsunoda,32,2,14:59:23,23.529
2021,17,bottas,34,2,15:02:17,23.619
2021,17,stroll,34,2,15:03:12,23.455
2021,17,mick_schumacher,34,2,15:03:41,24.247
2021,17,hamilton,37,2,15:06:30,23.676
2021,17,vettel,38,2,15:09:49,23.849
2021,17,mazepin,37,3,15:09:52,24.169
2021,17,alonso,39,3,15:11:40,23.314
2021,18,ricciardo,1,1,13:05:11,38.128
2021,18,bottas,1,1,13:05:16,22.463
2021,18,latifi,11,1,13:21:22,23.681
2021,18,stroll,12,1,13:22:45,23.586
2021,18,mazepin,13,1,13:24:11,25.094
2021,18,ocon,14,1,13:25:30,23.100
2021,18,russell,15,1,13:26:51,21.984
2021,18,giovinazzi,16,1,13:28:00,22.205
2021,18,hamilton,29,1,13:45:17,22.373
2021,18,leclerc,30,1,13:47:01,22.085
2021,18,gasly,31,1,13:48:20,22.549
2021,18,raikkonen,32,1,13:50:02,22.424
2021,18,max_verstappen,33,1,13:50:33,21.908
2021,18,vettel,33,1,13:51:22,22.277
2021,18,stroll,34,2,13:53:37,26.056
2021,18,ricciardo,38,2,13:58:47,22.813
2021,18,alonso,39,1,13:59:43,23.985
2021,18,perez,40,1,14:00:14,22.114
2021,18,bottas,40,2,14:01:30,31.664
2021,18,sainz,42,1,14:03:25,22.031
2021,18,norris,44,1,14:06:38,22.534
2021,18,latifi,49,2,14:14:59,22.739
2021,18,mazepin,58,2,14:28:22,23.637
2021,18,bottas,63,3,14:33:17,22.680
2021,18,bottas,67,4,14:39:06,26.443
2021,19,norris,1,1,14:04:50,27.313
2021,19,tsunoda,4,1,14:08:22,31.939
2021,19,russell,6,1,14:11:08,22.978
2021,19,tsunoda,6,2,14:11:57,17.758
2021,19,norris,6,2,14:12:08,17.719
2021,19,max_verstappen,7,1,14:12:32,17.916
2021,19,perez,7,1,14:12:34,18.308
2021,19,hamilton,7,1,14:12:37,17.910
2021,19,bottas,7,1,14:12:38,17.899
2021,19,leclerc,7,1,14:12:40,17.943
2021,19,sainz,7,1,14:12:42,18.460
2021,19,vettel,7,1,14:12:43,18.107
2021,19,gasly,7,1,14:12:45,19.439
2021,19,ocon,7,1,14:12:46,19.285
2021,19,ricciardo,7,1,14:12:47,19.732
2021,19,alonso,7,1,14:12:52,17.751
2021,19,stroll,7,1,14:12:53,17.948
2021,19,giovinazzi,7,1,14:12:55,17.713
2021,19,mazepin,7,1,14:12:56,17.995
2021,19,mick_schumacher,7,1,14:12:57,17.861
2021,19,latifi,7,1,14:12:59,18.153
2021,19,raikkonen,7,1,14:13:01,18.327
2021,19,russell,7,2,14:13:02,20.844
2021,19,tsunoda,7,3,14:13:33,17.711
2021,19,norris,7,3,14:13:44,17.673
2021,19,max_verstappen,8,2,14:14:46,17.807
2021,19,perez,8,2,14:14:48,18.136
2021,19,hamilton,8,2,14:14:49,18.660
2021,19,bottas,8,2,14:14:50,17.837
2021,19,leclerc,8,2,14:14:52,17.771
2021,19,sainz,8,2,14:14:54,18.373
2021,19,vettel,8,2,14:14:57,17.896
2021,19,gasly,8,2,14:14:58,18.608
2021,19,ocon,8,2,14:15:00,17.818
2021,19,ricciardo,8,2,14:15:01,18.347
2021,19,alonso,8,2,14:15:04,17.705
2021,19,stroll,8,2,14:15:06,17.935
2021,19,giovinazzi,8,2,14:15:07,17.929
2021,19,mazepin,8,2,14:15:10,18.467
2021,19,mick_schumacher,8,2,14:15:11,18.588
2021,19,latifi,8,2,14:15:12,18.784
2021,19,raikkonen,8,2,14:15:15,18.763
2021,19,russell,8,3,14:15:17,18.179
2021,19,tsunoda,8,4,14:15:18,18.499
2021,19,norris,8,4,14:15:20,19.176
2021,19,mick_schumacher,11,3,14:20:29,41.173
2021,19,latifi,13,3,14:23:27,22.936
2021,19,stroll,22,3,14:34:51,24.997
2021,19,gasly,25,3,14:38:27,23.116
2021,19,hamilton,26,3,14:39:27,22.690
2021,19,sainz,26,3,14:39:40,23.321
2021,19,max_verstappen,27,3,14:40:38,22.722
2021,19,leclerc,27,3,14:40:53,22.667
2021,19,perez,28,3,14:42:01,23.165
2021,19,vettel,28,3,14:42:22,24.464
2021,19,raikkonen,28,3,14:42:38,23.541
2021,19,giovinazzi,29,3,14:43:50,23.618
2021,19,bottas,30,3,14:44:40,23.263
2021,19,mick_schumacher,29,4,14:44:54,25.597
2021,19,ricciardo,30,3,14:44:58,22.839
2021,19,ocon,30,3,14:45:08,23.504
2021,19,alonso,34,3,14:50:16,24.375
2021,19,mazepin,34,3,14:50:55,23.546
2021,19,norris,37,5,14:54:11,24.211
2021,19,tsunoda,39,5,14:56:53,35.416
2021,19,latifi,39,4,14:57:10,22.958
2021,19,max_verstappen,40,4,14:57:11,22.766
2021,19,bottas,41,4,14:58:30,22.856
2021,19,russell,41,4,14:59:33,23.132
2021,19,perez,42,4,14:59:48,22.656
2021,19,giovinazzi,42,4,15:00:49,22.830
2021,19,hamilton,43,4,15:00:52,22.664
2021,19,gasly,51,4,15:11:27,23.039
2021,19,leclerc,52,4,15:12:32,23.064
2021,19,raikkonen,52,4,15:13:19,22.666
2021,19,sainz,53,4,15:13:50,22.745
2021,19,vettel,55,4,15:16:50,22.978
2021,19,mick_schumacher,61,5,15:26:09,24.627
2021,19,perez,69,5,15:33:06,22.916
2021,20,tsunoda,9,1,17:17:42,25.659
2021,20,raikkonen,10,1,17:19:14,26.174
2021,20,gasly,13,1,17:23:37,25.630
2021,20,giovinazzi,15,1,17:26:54,25.987
2021,20,max_verstappen,17,1,17:29:03,25.300
2021,20,russell,17,1,17:30:00,26.121
2021,20,hamilton,18,1,17:30:21,25.235
2021,20,latifi,18,1,17:31:31,25.811
2021,20,perez,19,1,17:32:28,25.419
2021,20,mick_schumacher,22,1,17:37:38,25.881
2021,20,alonso,23,1,17:38:20,25.991
2021,20,stroll,23,1,17:38:40,26.157
2021,20,ocon,24,1,17:40:07,25.517
2021,20,norris,25,1,17:41:32,25.319
2021,20,ricciardo,26,1,17:43:19,25.562
2021,20,vettel,26,1,17:43:20,25.726
2021,20,sainz,27,1,17:44:36,25.639
2021,20,leclerc,27,1,17:44:46,25.799
2021,20,raikkonen,30,2,17:49:40,25.633
2021,20,mazepin,31,1,17:51:36,26.515
2021,20,giovinazzi,32,2,17:52:43,25.347
2021,20,bottas,33,1,17:53:44,36.341
2021,20,tsunoda,34,2,17:55:29,26.674
2021,20,gasly,35,2,17:56:42,26.109
2021,20,max_verstappen,41,2,18:04:20,25.175
2021,20,perez,41,2,18:05:15,25.420
2021,20,hamilton,42,2,18:05:37,25.381
2021,20,norris,49,2,18:17:08,26.552
2021,20,russell,49,2,18:18:36,35.006
2021,20,max_verstappen,55,3,18:24:59,25.465
2021,21,stroll,9,1,20:48:30,27.165
2021,21,russell,9,1,20:48:32,20.519
2021,21,hamilton,10,1,20:49:49,20.580
2021,21,bottas,10,1,20:49:57,21.668
2021,21,leclerc,10,1,20:50:01,20.531
2021,21,perez,10,1,20:50:04,20.710
2021,21,norris,10,1,20:50:14,20.973
2021,21,alonso,10,1,20:50:27,20.405
2021,21,latifi,10,1,20:50:43,24.220
2021,21,max_verstappen,13,1,20:58:28,16:36.375
2021,21,hamilton,13,2,20:58:32,16:35.856
2021,21,bottas,13,2,20:58:35,16:35.942
2021,21,ocon,13,1,20:58:37,16:37.126
2021,21,ricciardo,13,1,20:58:41,16:37.029
2021,21,leclerc,13,2,20:58:42,16:39.485
2021,21,gasly,13,1,20:58:44,16:41.775
2021,21,perez,13,2,20:58:46,16:42.619
2021,21,sainz,13,1,20:58:47,16:44.618
2021,21,giovinazzi,13,1,20:58:49,16:44.917
2021,21,tsunoda,13,1,20:58:51,16:46.407
2021,21,raikkonen,13,1,20:58:54,16:48.569
2021,21,vettel,13,1,20:58:56,16:52.304
2021,21,norris,13,2,20:58:57,16:57.303
2021,21,alonso,13,2,20:59:01,16:59.850
2021,21,mazepin,13,1,20:59:05,16:59.226
2021,21,russell,13,2,20:59:08,17:01.615
2021,21,stroll,13,2,20:59:12,17:00.939
2021,21,latifi,13,2,20:59:20,16:57.257
2021,21,max_verstappen,15,2,21:21:56,18:07.591
2021,21,ocon,15,2,21:21:58,18:08.290
2021,21,hamilton,15,3,21:22:02,18:06.674
2021,21,ricciardo,15,2,21:22:05,18:07.296
2021,21,bottas,15,3,21:22:07,18:09.473
2021,21,gasly,15,2,21:22:09,18:12.287
2021,21,leclerc,15,3,21:22:10,18:15.192
2021,21,giovinazzi,15,2,21:22:14,18:14.749
2021,21,sainz,15,2,21:22:15,18:17.194
2021,21,vettel,15,2,21:22:20,18:18.749
2021,21,raikkonen,15,2,21:22:24,18:19.282
2021,21,tsunoda,15,2,21:22:26,18:20.644
2021,21,alonso,15,3,21:22:31,18:21.826
2021,21,stroll,15,3,21:22:33,18:22.979
2021,21,latifi,15,3,21:22:34,18:27.052
2021,21,norris,15,3,21:22:36,18:36.576
2021,21,tsunoda,23,3,21:57:04,27.874
2021,21,raikkonen,26,3,22:01:34,34.489
2021,21,alonso,44,4,22:32:14,21.097
2021,22,mick_schumacher,10,1,17:18:55,22.124
2021,22,max_verstappen,13,1,17:22:42,21.152
2021,22,hamilton,14,1,17:24:04,21.595
2021,22,leclerc,15,1,17:26:08,22.461
2021,22,ocon,15,1,17:26:13,21.677
2021,22,norris,17,1,17:29:04,21.380
2021,22,giovinazzi,17,1,17:29:20,22.283
2021,22,ricciardo,18,1,17:30:47,21.449
2021,22,sainz,19,1,17:31:59,22.213
2021,22,perez,21,1,17:34:55,21.471
2021,22,stroll,21,1,17:35:25,22.288
2021,22,raikkonen,21,1,17:35:29,22.338
2021,22,tsunoda,23,1,17:38:05,22.455
2021,22,vettel,23,1,17:38:23,21.221
2021,22,latifi,28,1,17:46:18,21.241
2021,22,bottas,30,1,17:48:30,21.669
2021,22,leclerc,35,2,17:56:24,21.173
2021,22,max_verstappen,36,2,17:57:06,21.871
2021,22,perez,36,2,17:57:40,21.413
2021,22,alonso,36,1,17:58:06,21.304
2021,22,gasly,36,1,17:58:06,22.133
2021,22,norris,48,2,18:16:06,22.173
2021,22,max_verstappen,53,3,18:22:37,21.453
2021,22,ricciardo,52,2,18:22:38,22.056
2021,22,stroll,52,2,18:22:55,22.661
2021,22,perez,53,3,18:23:09,21.385
2021,22,mick_schumacher,52,2,18:23:42,22.070
2021,22,tsunoda,53,2,18:24:01,21.909
2021,22,gasly,54,2,18:25:56,21.920
2022,1,hamilton,11,1,18:21:54,25.201
2022,1,alonso,11,1,18:22:10,25.365
2022,1,mick_schumacher,12,1,18:24:08,25.214
2022,1,albon,13,1,18:25:47,24.874
2022,1,max_verstappen,14,1,18:26:43,24.897
2022,1,sainz,14,1,18:26:50,24.666
2022,1,kevin_magnussen,14,1,18:27:07,25.478
2022,1,gasly,14,1,18:27:08,24.575
2022,1,ocon,14,1,18:27:11,30.484
2022,1,bottas,14,1,18:27:19,25.893
2022,1,latifi,14,1,18:27:38,24.457
2022,1,leclerc,15,1,18:28:19,25.012
2022,1,perez,15,1,18:28:32,25.046
2022,1,russell,15,1,18:28:38,25.888
2022,1,tsunoda,15,1,18:28:57,26.095
2022,1,zhou,15,1,18:29:03,25.428
2022,1,ricciardo,17,1,18:32:46,24.915
2022,1,stroll,18,1,18:34:18,25.739
2022,1,hulkenberg,19,1,18:36:11,27.365
2022,1,norris,24,1,18:44:41,24.568
2022,1,alonso,25,2,18:45:53,24.909
2022,1,hamilton,27,2,18:48:44,25.796
2022,1,tsunoda,29,2,18:52:37,24.350
2022,1,max_verstappen,30,2,18:53:16,24.937
2022,1,ocon,30,2,18:54:12,25.393
2022,1,leclerc,31,2,18:54:52,24.527
2022,1,gasly,32,2,18:57:23,25.875
2022,1,latifi,32,2,18:58:19,24.778
2022,1,sainz,33,2,18:58:21,24.438
2022,1,perez,33,2,18:58:23,24.173
2022,1,russell,33,2,18:58:45,25.334
2022,1,ricciardo,33,2,18:59:53,24.885
2022,1,kevin_magnussen,34,2,19:00:39,25.876
2022,1,mick_schumacher,35,2,19:02:58,25.586
2022,1,albon,35,2,19:03:09,25.570
2022,1,bottas,36,2,19:04:16,25.156
2022,1,zhou,37,2,19:06:00,25.291
2022,1,hulkenberg,37,2,19:06:47,26.712
2022,1,stroll,38,2,19:08:04,26.957
2022,1,norris,41,2,19:13:23,27.367
2022,1,alonso,42,3,19:14:26,24.508
2022,1,max_verstappen,43,3,19:14:40,24.402
2022,1,perez,43,3,19:14:56,24.947
2022,1,ocon,43,3,19:15:58,24.233
2022,1,sainz,44,3,19:16:30,24.287
2022,1,hamilton,44,3,19:16:52,25.579
2022,1,tsunoda,44,3,19:17:39,24.188
2022,1,ricciardo,44,3,19:18:41,25.139
2022,1,russell,45,3,19:18:53,25.574
2022,1,hulkenberg,44,3,19:18:58,25.748
2022,1,bottas,45,3,19:19:39,25.188
2022,1,zhou,45,3,19:19:45,28.647
2022,1,leclerc,46,3,19:19:53,24.613
2022,1,stroll,45,3,19:20:32,25.039
2022,1,norris,45,3,19:20:59,24.975
2022,1,latifi,45,3,19:21:07,24.658
2022,1,kevin_magnussen,46,3,19:21:29,26.051
2022,1,albon,46,3,19:22:54,25.055
2022,2,ricciardo,8,1,20:16:37,20.650
2022,2,stroll,13,1,20:24:49,22.339
2022,2,albon,13,1,20:24:54,20.683
2022,2,perez,15,1,20:27:12,20.481
2022,2,gasly,15,1,20:27:52,22.820
2022,2,leclerc,16,1,20:28:55,21.038
2022,2,max_verstappen,16,1,20:28:58,20.731
2022,2,sainz,16,1,20:29:04,21.521
2022,2,russell,16,1,20:29:21,21.415
2022,2,alonso,16,1,20:29:40,21.543
2022,2,bottas,16,1,20:29:43,22.561
2022,2,ocon,16,1,20:29:50,21.141
2022,2,norris,16,1,20:29:54,20.383
2022,2,zhou,16,1,20:29:56,33.734
2022,2,zhou,27,2,20:51:18,15.103
2022,2,bottas,35,2,21:03:48,22.710
2022,2,kevin_magnussen,37,1,21:06:57,22.374
2022,2,hulkenberg,37,1,21:07:16,21.425
2022,2,hamilton,40,1,21:12:59,21.788
2022,3,stroll,3,1,15:08:15,18.242
2022,3,stroll,4,2,15:10:29,18.560
2022,3,latifi,13,1,15:25:03,18.552
2022,3,mick_schumacher,14,1,15:26:23,19.039
2022,3,ocon,17,1,15:30:30,19.128
2022,3,max_verstappen,18,1,15:31:37,18.281
2022,3,tsunoda,18,1,15:32:02,18.443
2022,3,perez,20,1,15:34:33,17.434
2022,3,norris,20,1,15:34:40,17.556
2022,3,ricciardo,21,1,15:36:06,18.150
2022,3,gasly,21,1,15:36:15,18.926
2022,3,zhou,21,1,15:36:22,18.380
2022,3,leclerc,22,1,15:37:04,17.973
2022,3,hamilton,22,1,15:37:22,17.877
2022,3,bottas,22,1,15:37:40,18.413
2022,3,russell,23,1,15:38:51,18.479
2022,3,stroll,23,3,15:39:30,20.402
2022,3,latifi,23,2,15:40:00,17.936
2022,3,alonso,39,1,16:05:24,18.796
2022,3,kevin_magnussen,39,1,16:05:30,19.111
2022,3,alonso,53,2,16:25:28,18.394
2022,3,albon,57,1,16:30:33,19.845
2022,4,ricciardo,2,1,15:07:48,32.362
2022,4,ricciardo,16,2,15:31:14,30.422
2022,4,vettel,17,1,15:32:26,30.484
2022,4,gasly,17,1,15:32:38,30.405
2022,4,albon,17,1,15:32:41,30.793
2022,4,perez,18,1,15:33:26,30.366
2022,4,russell,18,1,15:33:46,31.079
2022,4,bottas,18,1,15:33:47,40.957
2022,4,kevin_magnussen,18,1,15:33:56,33.765
2022,4,tsunoda,18,1,15:34:06,30.372
2022,4,stroll,18,1,15:34:06,32.667
2022,4,hamilton,18,1,15:34:07,32.740
2022,4,ocon,18,1,15:34:08,31.409
2022,4,latifi,18,1,15:34:17,31.125
2022,4,zhou,18,1,15:34:18,32.203
2022,4,mick_schumacher,18,1,15:34:18,31.320
2022,4,max_verstappen,19,1,15:34:49,30.001
2022,4,leclerc,19,1,15:34:56,31.794
2022,4,norris,19,1,15:35:07,30.070
2022,4,ricciardo,30,3,15:51:37,30.155
2022,4,leclerc,49,2,16:16:19,30.042
2022,4,perez,50,2,16:17:38,29.627
2022,4,max_verstappen,51,2,16:18:44,29.942
2022,4,mick_schumacher,52,2,16:22:04,30.984
2022,4,leclerc,53,3,16:22:17,36.560
2022,5,tsunoda,11,1,15:51:11,18.870
2022,5,kevin_magnussen,12,1,15:52:43,19.760
2022,5,mick_schumacher,14,1,15:55:54,20.413
2022,5,alonso,15,1,15:57:23,21.638
2022,5,gasly,16,1,15:58:56,19.543
2022,5,albon,16,1,15:59:11,20.059
2022,5,norris,18,1,16:02:13,19.986
2022,5,hamilton,22,1,16:08:23,18.820
2022,5,leclerc,24,1,16:11:03,19.697
2022,5,max_verstappen,26,1,16:14:04,18.798
2022,5,bottas,26,1,16:14:35,19.614
2022,5,sainz,27,1,16:15:51,22.063
2022,5,perez,27,1,16:16:00,18.519
2022,5,ricciardo,30,1,16:21:25,19.484
2022,5,latifi,34,1,16:28:20,19.185
2022,5,russell,40,1,16:36:53,19.035
2022,5,stroll,40,1,16:37:28,19.074
2022,5,gasly,40,2,16:37:43,19.007
2022,5,perez,41,2,16:38:38,18.433
2022,5,ocon,41,1,16:39:21,19.019
2022,5,vettel,41,1,16:39:42,19.861
2022,5,ricciardo,41,2,16:39:49,19.280
2022,5,tsunoda,41,2,16:40:43,19.618
2022,5,kevin_magnussen,42,2,16:41:34,20.673
2022,5,mick_schumacher,54,2,17:03:43,32.381
2022,6,hamilton,1,1,15:05:05,31.054
2022,6,kevin_magnussen,1,1,15:05:25,29.632
2022,6,sainz,10,1,15:18:23,22.341
2022,6,alonso,10,1,15:18:24,22.375
2022,6,gasly,10,1,15:18:27,22.008
2022,6,zhou,10,1,15:18:29,23.109
2022,6,tsunoda,11,1,15:19:52,23.083
2022,6,ricciardo,11,1,15:19:54,22.124
2022,6,albon,11,1,15:20:05,23.419
2022,6,norris,12,1,15:21:18,21.916
2022,6,mick_schumacher,12,1,15:21:23,23.582
2022,6,latifi,12,1,15:21:38,23.189
2022,6,russell,13,1,15:22:29,22.154
2022,6,max_verstappen,13,1,15:22:30,22.173
2022,6,ocon,13,1,15:22:43,22.137
2022,6,bottas,14,1,15:24:08,22.987
2022,6,stroll,14,1,15:24:34,22.833
2022,6,perez,17,1,15:28:29,22.032
2022,6,leclerc,21,1,15:34:08,21.794
2022,6,vettel,21,1,15:35:06,22.536
2022,6,hamilton,22,2,15:36:50,22.105
2022,6,albon,25,2,15:41:42,22.657
2022,6,latifi,26,2,15:43:09,22.311
2022,6,stroll,27,2,15:44:33,23.394
2022,6,max_verstappen,28,2,15:44:56,21.966
2022,6,gasly,29,2,15:47:23,27.947
2022,6,kevin_magnussen,29,2,15:47:59,23.878
2022,6,mick_schumacher,30,2,15:48:45,23.127
2022,6,sainz,31,2,15:49:46,21.867
2022,6,alonso,31,2,15:50:10,21.914
2022,6,ricciardo,31,2,15:50:18,22.399
2022,6,tsunoda,32,2,15:51:35,22.802
2022,6,norris,33,2,15:52:58,23.341
2022,6,bottas,34,2,15:54:04,22.541
2022,6,ocon,35,2,15:55:53,22.953
2022,6,russell,36,2,15:56:49,22.039
2022,6,perez,37,2,15:58:12,21.619
2022,6,vettel,42,2,16:06:42,22.456
2022,6,max_verstappen,44,3,16:08:25,21.941
2022,6,sainz,45,3,16:10:31,22.302
2022,6,albon,45,3,16:12:16,23.328
2022,6,gasly,46,3,16:13:00,21.838
2022,6,stroll,46,3,16:13:18,23.812
2022,6,hamilton,48,3,16:15:01,22.241
2022,6,ricciardo,48,3,16:15:50,22.154
2022,6,russell,51,3,16:19:02,22.815
2022,6,latifi,50,3,16:19:30,22.761
2022,6,norris,51,3,16:19:48,22.165
2022,6,ocon,52,3,16:21:10,22.033
2022,6,tsunoda,52,3,16:21:27,22.316
2022,6,perez,53,3,16:21:47,21.694
2022,6,alonso,53,3,16:22:49,25.407
2022,6,albon,54,4,16:26:07,23.404
2022,7,stroll,1,1,16:07:59,26.731
2022,7,latifi,1,1,16:08:10,36.773
2022,7,gasly,2,1,16:10:02,35.486
2022,7,stroll,2,2,16:10:09,32.750
2022,7,latifi,2,2,16:10:20,36.351
2022,7,mick_schumacher,4,1,16:13:36,27.637
2022,7,vettel,6,1,16:16:58,24.965
2022,7,tsunoda,6,1,16:17:00,25.068
2022,7,hamilton,15,1,16:31:22,24.796
2022,7,perez,16,1,16:32:29,24.409
2022,7,norris,17,1,16:34:17,24.872
2022,7,mick_schumacher,17,2,16:35:15,36.854
2022,7,leclerc,18,1,16:35:26,25.710
2022,7,max_verstappen,18,1,16:35:33,27.009
2022,7,albon,18,1,16:36:49,27.231
2022,7,ricciardo,19,1,16:38:22,26.056
2022,7,zhou,19,1,16:38:23,25.594
2022,7,latifi,19,3,16:38:26,26.910
2022,7,bottas,20,1,16:39:34,25.865
2022,7,sainz,21,1,16:40:05,24.666
2022,7,leclerc,21,2,16:40:08,28.034
2022,7,russell,21,1,16:40:29,25.352
2022,7,alonso,21,1,16:40:33,24.526
2022,7,ocon,21,1,16:40:50,24.875
2022,7,tsunoda,21,2,16:41:30,26.021
2022,7,perez,22,2,16:41:35,24.536
2022,7,max_verstappen,22,2,16:41:38,26.930
2022,7,norris,22,2,16:41:58,24.760
2022,7,hamilton,22,2,16:42:19,24.507
2022,7,gasly,22,2,16:42:42,28.770
2022,7,albon,22,2,16:43:36,31.518
2022,7,vettel,23,2,16:44:09,25.133
2022,7,stroll,24,3,16:45:45,25.650
2022,7,perez,30,3,16:55:41,19:32.062
2022,7,sainz,30,2,16:55:42,19:34.793
2022,7,max_verstappen,30,3,16:55:43,19:35.575
2022,7,stroll,29,4,16:55:46,19:34.965
2022,7,leclerc,30,3,16:55:47,19:36.822
2022,7,tsunoda,29,3,16:55:51,19:34.444
2022,7,zhou,29,2,16:55:52,19:34.235
2022,7,russell,30,2,16:55:54,19:37.545
2022,7,norris,30,3,16:55:56,19:43.029
2022,7,latifi,29,4,16:55:58,19:41.839
2022,7,alonso,30,2,16:56:01,19:42.058
2022,7,hamilton,30,3,16:56:02,19:46.281
2022,7,albon,29,3,16:56:04,19:45.676
2022,7,ocon,30,2,16:56:06,19:46.485
2022,7,bottas,30,2,16:56:07,19:46.699
2022,7,vettel,30,3,16:56:28,19:29.495
2022,7,gasly,30,3,16:56:31,19:29.460
2022,7,ricciardo,30,2,16:56:33,19:28.673
2022,7,norris,51,4,17:44:43,24.607
2022,7,tsunoda,56,4,17:52:23,25.266
2022,8,latifi,3,1,15:09:50,29.395
2022,8,leclerc,9,1,15:20:26,23.212
2022,8,russell,9,1,15:20:43,20.538
2022,8,gasly,9,1,15:20:49,22.698
2022,8,hamilton,9,1,15:20:54,21.470
2022,8,vettel,9,1,15:20:55,20.249
2022,8,tsunoda,9,1,15:20:57,23.083
2022,8,zhou,9,1,15:21:08,23.001
2022,8,kevin_magnussen,9,1,15:21:11,21.555
2022,8,albon,9,1,15:21:16,25.577
2022,8,mick_schumacher,9,1,15:21:23,26.973
2022,8,perez,16,1,15:33:43,23.379
2022,8,latifi,17,2,15:37:03,22.069
2022,8,max_verstappen,18,1,15:37:17,21.468
2022,8,alonso,18,1,15:37:59,20.571
2022,8,norris,20,1,15:41:42,21.443
2022,8,mick_schumacher,23,2,15:47:51,22.231
2022,8,albon,29,2,15:58:39,21.540
2022,8,stroll,30,1,16:00:30,22.059
2022,8,max_verstappen,33,2,16:04:40,20.722
2022,8,perez,33,2,16:04:56,22.349
2022,8,russell,33,2,16:05:19,20.527
2022,8,hamilton,33,2,16:05:49,20.831
2022,8,ricciardo,33,1,16:06:02,21.794
2022,8,ocon,33,1,16:06:22,22.638
2022,8,bottas,33,1,16:06:34,20.979
2022,8,tsunoda,38,2,16:15:56,41.500
2022,9,vettel,5,1,14:10:02,23.406
2022,9,gasly,5,1,14:10:04,23.557
2022,9,kevin_magnussen,7,1,14:12:33,38.262
2022,9,max_verstappen,9,1,14:15:15,24.217
2022,9,hamilton,9,1,14:15:24,23.845
2022,9,tsunoda,9,1,14:15:50,23.248
2022,9,latifi,9,1,14:15:59,24.020
2022,9,albon,18,1,14:28:07,23.804
2022,9,russell,19,1,14:29:03,23.951
2022,9,ocon,19,1,14:29:16,25.684
2022,9,zhou,19,1,14:29:24,24.281
2022,9,ricciardo,19,1,14:29:26,27.937
2022,9,norris,19,1,14:29:34,43.032
2022,9,vettel,19,2,14:29:44,23.681
2022,9,sainz,20,1,14:30:33,24.215
2022,9,alonso,28,1,14:41:26,23.779
2022,9,gasly,36,2,14:52:35,23.613
2022,9,latifi,37,2,14:54:22,30.034
2022,9,leclerc,41,1,14:58:44,26.199
2022,9,max_verstappen,43,2,15:00:29,23.704
2022,9,norris,42,2,15:00:41,24.134
2022,9,hamilton,44,2,15:02:06,23.841
2022,9,russell,45,2,15:03:30,24.069
2022,9,stroll,47,1,15:06:55,25.252
2022,9,tsunoda,47,2,15:07:00,23.450
2022,9,sainz,49,2,15:08:24,24.881
2022,9,albon,48,2,15:08:45,23.530
2022,9,ocon,49,2,15:09:34,23.945
2022,9,alonso,49,2,15:09:42,25.139
2022,9,bottas,49,1,15:09:50,26.089
2022,9,zhou,49,2,15:10:04,23.980
2022,9,ricciardo,49,2,15:10:08,24.833
2022,10,max_verstappen,1,1,15:05:31,50:37.323
2022,10,sainz,1,1,15:05:33,50:31.752
2022,10,hamilton,1,1,15:05:36,50:46.888
2022,10,leclerc,1,1,15:05:37,50:36.360
2022,10,alonso,1,1,15:05:41,50:55.700
2022,10,perez,1,1,15:05:43,50:34.772
2022,10,norris,1,1,15:05:46,50:43.215
2022,10,latifi,1,1,15:05:48,50:51.904
2022,10,bottas,1,1,15:05:50,50:55.732
2022,10,ricciardo,1,1,15:05:52,51:03.314
2022,10,gasly,1,1,15:05:55,50:48.950
2022,10,kevin_magnussen,1,1,15:05:57,51:03.613
2022,10,vettel,1,1,15:06:00,51:07.301
2022,10,stroll,1,1,15:06:02,51:09.017
2022,10,mick_schumacher,1,1,15:06:04,51:05.174
2022,10,tsunoda,1,1,15:06:40,50:11.861
2022,10,ocon,1,1,15:07:49,49:10.760
2022,10,perez,5,2,16:04:31,37.302
2022,10,vettel,6,2,16:06:13,29.846
2022,10,max_verstappen,12,2,16:15:21,29.395
2022,10,stroll,15,2,16:20:37,28.632
2022,10,gasly,16,2,16:22:13,29.632
2022,10,tsunoda,18,2,16:25:31,34.759
2022,10,latifi,19,2,16:26:52,28.829
2022,10,mick_schumacher,19,2,16:26:53,29.147
2022,10,sainz,20,2,16:27:47,28.574
2022,10,ricciardo,20,2,16:28:29,30.262
2022,10,ocon,22,2,16:31:35,30.342
2022,10,kevin_magnussen,22,2,16:31:40,29.473
2022,10,max_verstappen,23,3,16:33:05,29.296
2022,10,leclerc,25,2,16:35:33,28.805
2022,10,ricciardo,32,3,16:47:52,30.599
2022,10,hamilton,33,2,16:47:54,29.837
2022,10,alonso,33,2,16:48:31,28.733
2022,10,norris,34,2,16:50:02,28.947
2022,10,sainz,39,3,16:57:33,28.435
2022,10,hamilton,39,3,16:57:35,28.996
2022,10,ricciardo,38,4,16:57:44,29.345
2022,10,perez,39,3,16:58:08,28.155
2022,10,tsunoda,38,3,16:58:09,29.448
2022,10,alonso,39,3,16:58:32,28.841
2022,10,vettel,39,3,16:59:03,28.540
2022,10,max_verstappen,39,4,16:59:10,28.709
2022,10,mick_schumacher,39,3,16:59:12,30.832
2022,10,latifi,39,3,16:59:24,28.438
2022,10,norris,40,3,17:00:36,28.659
2022,10,stroll,40,3,17:01:33,29.780
2022,11,perez,1,1,15:05:03,23.681
2022,11,bottas,6,1,15:10:38,24.677
2022,11,russell,11,1,15:16:24,38.201
2022,11,albon,11,1,15:16:33,22.301
2022,11,ricciardo,12,1,15:17:44,21.356
2022,11,gasly,12,1,15:17:45,22.724
2022,11,latifi,12,1,15:17:50,21.722
2022,11,max_verstappen,13,1,15:18:34,22.022
2022,11,norris,14,1,15:20:05,22.684
2022,11,kevin_magnussen,15,1,15:21:15,22.205
2022,11,ocon,16,1,15:22:24,21.755
2022,11,mick_schumacher,16,1,15:22:28,22.120
2022,11,vettel,20,1,15:27:30,22.112
2022,11,zhou,24,1,15:32:20,22.704
2022,11,leclerc,26,1,15:33:54,21.532
2022,11,tsunoda,26,1,15:34:42,21.749
2022,11,sainz,27,1,15:35:10,21.212
2022,11,alonso,27,1,15:35:56,21.552
2022,11,hamilton,28,1,15:36:38,23.026
2022,11,stroll,29,1,15:38:12,21.431
2022,11,latifi,35,2,15:45:51,21.206
2022,11,max_verstappen,36,2,15:45:57,21.444
2022,11,bottas,39,2,15:50:27,22.278
2022,11,russell,40,2,15:51:25,21.731
2022,11,gasly,40,2,15:51:40,27.610
2022,11,kevin_magnussen,41,2,15:52:37,22.088
2022,11,albon,41,2,15:52:47,22.122
2022,11,mick_schumacher,43,2,15:54:56,22.880
2022,11,norris,43,2,15:55:00,27.324
2022,11,ocon,44,2,15:56:05,22.109
2022,11,ricciardo,44,2,15:56:18,21.889
2022,11,vettel,44,2,15:56:41,21.583
2022,11,zhou,46,2,15:58:57,28.860
2022,11,tsunoda,46,2,15:58:59,21.519
2022,11,leclerc,49,2,16:01:09,21.319
2022,11,stroll,48,2,16:01:18,21.952
2022,11,sainz,50,2,16:02:23,21.492
2022,11,hamilton,51,2,16:04:01,22.697
2022,11,alonso,57,2,16:11:50,21.827
2022,11,leclerc,58,3,16:12:03,21.650
2022,11,max_verstappen,58,3,16:12:09,21.319
2022,11,alonso,58,3,16:13:43,24.252
2022,12,kevin_magnussen,8,1,15:17:07,36.779
2022,12,mick_schumacher,9,1,15:18:50,36.704
2022,12,zhou,9,1,15:18:55,36.444
2022,12,tsunoda,11,1,15:22:23,37.648
2022,12,max_verstappen,16,1,15:29:58,35.266
2022,12,hamilton,18,1,15:33:29,37.189
2022,12,perez,18,1,15:33:34,38.061
2022,12,russell,18,1,15:33:35,38.277
2022,12,alonso,18,1,15:33:47,36.524
2022,12,norris,18,1,15:33:55,37.539
2022,12,ocon,18,1,15:34:00,44.747
2022,12,sainz,18,1,15:34:02,41.458
2022,12,ricciardo,18,1,15:34:05,36.264
2022,12,stroll,18,1,15:34:07,39.844
2022,12,albon,18,1,15:34:13,37.380
2022,12,gasly,18,1,15:34:17,35.969
2022,12,bottas,18,1,15:34:25,37.855
2022,12,kevin_magnussen,18,2,15:34:37,36.403
2022,12,mick_schumacher,18,2,15:34:48,37.003
2022,12,vettel,19,1,15:36:34,36.671
2022,12,latifi,19,1,15:36:38,37.497
2022,12,zhou,22,2,15:42:44,50.790
2022,12,bottas,36,2,16:05:53,36.520
2022,12,latifi,38,2,16:09:37,36.942
2022,12,sainz,42,2,16:15:12,42.292
2022,13,albon,2,1,15:06:40,31.224
2022,13,kevin_magnussen,6,1,15:12:24,29.641
2022,13,tsunoda,13,1,15:22:33,21.577
2022,13,norris,14,1,15:23:43,23.567
2022,13,stroll,14,1,15:23:56,21.779
2022,13,ricciardo,15,1,15:25:20,21.558
2022,13,vettel,15,1,15:25:23,21.402
2022,13,russell,16,1,15:26:14,22.763
2022,13,max_verstappen,16,1,15:26:25,21.351
2022,13,gasly,16,1,15:26:55,21.675
2022,13,sainz,17,1,15:27:39,22.820
2022,13,perez,18,1,15:29:20,21.118
2022,13,latifi,18,1,15:29:51,21.865
2022,13,hamilton,19,1,15:30:39,21.699
2022,13,leclerc,21,1,15:33:16,21.775
2022,13,alonso,21,1,15:33:45,22.083
2022,13,mick_schumacher,21,1,15:33:58,22.953
2022,13,albon,21,2,15:34:22,21.816
2022,13,ocon,23,1,15:36:35,23.581
2022,13,bottas,26,1,15:41:08,22.272
2022,13,zhou,27,1,15:42:36,22.321
2022,13,tsunoda,33,2,15:51:30,22.016
2022,13,kevin_magnussen,35,2,15:54:34,23.210
2022,13,max_verstappen,38,2,15:57:25,21.228
2022,13,leclerc,39,2,15:58:41,21.972
2022,13,russell,39,2,15:58:47,21.743
2022,13,latifi,39,2,16:00:11,22.452
2022,13,albon,40,3,16:01:49,24.298
2022,13,mick_schumacher,41,2,16:03:01,22.566
2022,13,perez,42,2,16:03:23,21.167
2022,13,norris,42,2,16:03:39,21.855
2022,13,ricciardo,46,2,16:09:35,21.521
2022,13,stroll,46,2,16:09:36,21.615
2022,13,vettel,46,2,16:09:42,25.030
2022,13,gasly,46,2,16:09:48,21.489
2022,13,sainz,47,2,16:10:02,23.456
2022,13,hamilton,51,2,16:15:42,22.095
2022,13,zhou,51,2,16:17:20,28.218
2022,13,tsunoda,51,3,16:17:46,22.128
2022,13,leclerc,54,3,16:20:03,21.544
2022,13,latifi,56,3,16:24:42,28.777
2022,13,kevin_magnussen,67,3,16:40:35,23.147
2022,14,leclerc,3,1,15:11:12,24.198
2022,14,latifi,3,1,15:11:25,35.825
2022,14,albon,10,1,15:25:41,23.334
2022,14,gasly,10,1,15:25:49,22.857
2022,14,sainz,11,1,15:27:20,22.543
2022,14,alonso,11,1,15:27:31,22.641
2022,14,kevin_magnussen,11,1,15:27:45,26.815
2022,14,ricciardo,12,1,15:29:33,23.085
2022,14,ocon,12,1,15:29:35,23.511
2022,14,russell,13,1,15:31:15,22.825
2022,14,norris,13,1,15:31:34,23.036
2022,14,perez,14,1,15:33:07,22.349
2022,14,vettel,14,1,15:33:20,23.222
2022,14,zhou,14,1,15:33:31,23.744
2022,14,mick_schumacher,14,1,15:33:42,24.158
2022,14,max_verstappen,15,1,15:34:57,22.882
2022,14,stroll,15,1,15:35:24,23.555
2022,14,latifi,15,2,15:35:37,24.168
2022,14,tsunoda,18,1,15:41:15,30.055
2022,14,gasly,22,2,15:49:05,22.542
2022,14,sainz,25,2,15:54:09,22.750
2022,14,leclerc,25,2,15:54:29,23.189
2022,14,alonso,25,2,15:54:38,23.954
2022,14,albon,26,2,15:56:46,24.415
2022,14,stroll,26,2,15:56:48,23.349
2022,14,perez,27,2,15:57:52,22.650
2022,14,kevin_magnussen,27,2,15:58:52,23.396
2022,14,zhou,28,2,16:00:41,23.364
2022,14,russell,29,2,16:01:48,22.977
2022,14,norris,29,2,16:02:33,23.560
2022,14,max_verstappen,30,2,16:03:17,22.322
2022,14,tsunoda,30,2,16:04:30,24.253
2022,14,mick_schumacher,30,2,16:04:45,24.982
2022,14,ocon,32,2,16:08:04,23.491
2022,14,ricciardo,32,2,16:08:17,23.146
2022,14,vettel,33,2,16:09:55,22.833
2022,14,latifi,34,3,16:12:36,23.414
2022,14,leclerc,42,3,16:26:44,23.334
2022,15,vettel,9,1,15:14:56,22.391
2022,15,gasly,11,1,15:17:31,18.789
2022,15,ricciardo,11,1,15:17:33,19.546
2022,15,alonso,12,1,15:18:45,19.578
2022,15,zhou,12,1,15:18:49,19.548
2022,15,mick_schumacher,13,1,15:20:02,26.813
2022,15,tsunoda,13,1,15:20:05,18.774
2022,15,latifi,13,1,15:20:19,20.284
2022,15,sainz,14,1,15:21:02,29.705
2022,15,perez,14,1,15:21:05,18.835
2022,15,kevin_magnussen,14,1,15:21:35,20.785
2022,15,stroll,16,1,15:23:49,20.205
2022,15,bottas,16,1,15:24:05,19.741
2022,15,leclerc,17,1,15:24:47,19.080
2022,15,norris,17,1,15:25:04,19.303
2022,15,max_verstappen,18,1,15:25:58,19.634
2022,15,ocon,18,1,15:26:30,19.455
2022,15,albon,21,1,15:30:35,19.325
2022,15,latifi,26,2,15:37:39,20.733
2022,15,ricciardo,27,2,15:38:47,19.567
2022,15,hamilton,29,1,15:40:15,19.046
2022,15,russell,31,1,15:42:53,19.359
2022,15,gasly,32,2,15:45:03,18.700
2022,15,mick_schumacher,33,2,15:46:28,21.814
2022,15,bottas,34,2,15:47:42,21.049
2022,15,kevin_magnussen,34,2,15:47:53,23.710
2022,15,vettel,35,2,15:49:07,19.156
2022,15,zhou,37,2,15:51:33,25.433
2022,15,stroll,38,2,15:52:27,20.214
2022,15,perez,40,2,15:54:40,18.738
2022,15,tsunoda,42,2,15:57:54,19.293
2022,15,albon,42,2,15:58:02,19.911
2022,15,sainz,43,2,15:58:43,19.493
2022,15,leclerc,45,2,16:00:48,19.084
2022,15,tsunoda,43,3,16:01:22,52.684
2022,15,norris,47,2,16:04:07,21.117
2022,15,alonso,47,2,16:04:12,21.501
2022,15,max_verstappen,48,2,16:04:44,19.610
2022,15,hamilton,48,2,16:05:02,19.164
2022,15,russell,48,2,16:05:08,20.742
2022,15,mick_schumacher,47,3,16:05:28,20.283
2022,15,kevin_magnussen,47,3,16:05:32,23.663
2022,15,ricciardo,47,3,16:05:38,19.718
2022,15,vettel,48,3,16:07:10,18.709
2022,15,latifi,54,3,16:15:44,20.051
2022,15,max_verstappen,56,3,16:15:47,19.655
2022,15,albon,55,3,16:16:14,20.508
2022,15,leclerc,56,3,16:16:24,19.576
2022,15,perez,56,3,16:16:29,19.250
2022,15,zhou,55,3,16:16:34,20.188
2022,15,ricciardo,55,4,16:16:52,20.295
2022,15,ocon,56,2,16:17:06,21.602
2022,15,stroll,56,3,16:17:12,19.141
2022,15,gasly,56,3,16:17:37,18.572
2022,15,hamilton,57,3,16:18:18,14.155
2022,15,latifi,55,4,16:18:20,14.459
2022,15,russell,57,3,16:18:21,21.363
2022,15,max_verstappen,57,4,16:18:22,14.113
2022,15,albon,56,4,16:18:24,14.114
2022,15,mick_schumacher,56,4,16:18:26,14.144
2022,15,vettel,56,4,16:18:30,14.349
2022,15,leclerc,57,4,16:18:32,14.008
2022,15,kevin_magnussen,56,4,16:18:34,14.175
2022,15,perez,57,4,16:18:36,14.113
2022,15,zhou,56,4,16:18:40,14.128
2022,15,sainz,57,3,16:18:46,21.164
2022,15,norris,57,3,16:18:50,21.264
2022,15,alonso,57,3,16:18:53,15.762
2022,15,ricciardo,56,5,16:19:00,14.493
2022,15,ocon,57,3,16:19:10,14.041
2022,15,stroll,57,4,16:19:11,14.118
2022,15,gasly,57,4,16:19:20,13.973
2022,16,perez,7,1,15:13:53,23.698
2022,16,leclerc,12,1,15:21:01,23.531
2022,16,latifi,15,1,15:26:02,26.782
2022,16,gasly,18,1,15:30:13,25.376
2022,16,zhou,18,1,15:30:16,25.366
2022,16,stroll,18,1,15:30:22,24.254
2022,16,ricciardo,19,1,15:31:40,25.164
2022,16,de_vries,19,1,15:31:43,24.628
2022,16,ocon,19,1,15:31:50,24.336
2022,16,tsunoda,19,1,15:31:51,24.009
2022,16,russell,23,1,15:37:02,25.075
2022,16,kevin_magnussen,24,1,15:39:20,30.164
2022,16,max_verstappen,25,1,15:39:43,23.791
2022,16,sainz,30,1,15:47:28,23.728
2022,16,leclerc,33,2,15:51:22,23.904
2022,16,hamilton,33,1,15:52:05,24.282
2022,16,mick_schumacher,33,1,15:52:21,24.817
2022,16,norris,35,1,15:54:54,26.714
2022,16,bottas,35,1,15:55:18,24.758
2022,16,perez,42,2,16:05:01,23.299
2022,16,russell,47,2,16:11:50,24.114
2022,16,kevin_magnussen,46,2,16:12:00,24.846
2022,16,sainz,47,2,16:12:01,24.525
2022,16,norris,47,2,16:12:41,24.784
2022,16,max_verstappen,48,2,16:13:04,24.091
2022,16,tsunoda,47,2,16:13:25,23.904
2022,16,leclerc,48,3,16:13:27,23.719
2022,16,latifi,47,2,16:13:35,24.263
2022,17,kevin_magnussen,7,1,21:23:45,39.247
2022,17,russell,21,1,21:54:16,30.378
2022,17,gasly,33,1,22:19:45,29.867
2022,17,tsunoda,33,1,22:20:11,31.293
2022,17,bottas,33,1,22:20:13,32.167
2022,17,kevin_magnussen,33,2,22:20:17,32.603
2022,17,leclerc,34,1,22:20:56,32.058
2022,17,hamilton,34,1,22:21:36,41.019
2022,17,vettel,34,1,22:21:44,29.704
2022,17,mick_schumacher,34,1,22:22:03,31.201
2022,17,perez,35,1,22:22:51,29.550
2022,17,sainz,35,1,22:23:17,30.603
2022,17,max_verstappen,35,1,22:23:33,29.407
2022,17,stroll,35,1,22:23:50,29.863
2022,17,russell,35,2,22:25:08,29.713
2022,17,norris,36,1,22:25:51,30.528
2022,17,ricciardo,36,1,22:26:23,30.946
2022,17,max_verstappen,40,2,22:36:35,29.775
2022,17,mick_schumacher,41,2,22:39:34,34.722
2022,17,russell,41,3,22:39:46,33.211
2022,17,russell,51,4,22:59:32,29.893
2022,18,gasly,1,1,14:06:24,41.319
2022,18,max_verstappen,2,1,14:08:39,6:27.399
2022,18,leclerc,2,1,14:08:41,6:29.973
2022,18,perez,2,1,14:08:44,6:32.517
2022,18,ocon,2,1,14:08:46,6:33.601
2022,18,hamilton,2,1,14:08:49,6:36.504
2022,18,alonso,2,1,14:08:52,6:36.837
2022,18,russell,2,1,14:08:54,6:41.057
2022,18,ricciardo,2,1,14:08:57,6:41.749
2022,18,tsunoda,2,1,14:09:00,6:42.478
2022,18,mick_schumacher,2,1,14:09:04,6:40.857
2022,18,stroll,2,1,14:09:07,6:40.463
2022,18,kevin_magnussen,2,1,14:09:08,6:42.029
2022,18,norris,2,1,14:09:10,6:46.256
2022,18,bottas,2,1,14:09:11,6:47.553
2022,18,latifi,2,1,14:09:14,6:47.673
2022,18,vettel,2,1,14:09:17,6:49.647
2022,18,zhou,2,1,14:09:20,6:50.005
2022,18,gasly,2,2,14:09:22,6:49.011
2022,18,latifi,5,2,16:23:57,24.785
2022,18,vettel,5,2,16:23:58,24.218
2022,18,norris,6,2,16:25:53,24.595
2022,18,bottas,6,2,16:25:56,24.869
2022,18,max_verstappen,7,2,16:27:26,24.308
2022,18,leclerc,7,2,16:27:27,25.899
2022,18,perez,7,2,16:27:32,25.322
2022,18,ocon,7,2,16:27:34,25.172
2022,18,hamilton,7,2,16:27:36,25.059
2022,18,russell,7,2,16:27:40,28.728
2022,18,tsunoda,7,2,16:27:44,24.439
2022,18,kevin_magnussen,7,2,16:27:47,25.594
2022,18,stroll,7,2,16:27:48,24.005
2022,18,gasly,7,3,16:27:52,24.966
2022,18,alonso,8,2,16:29:28,24.106
2022,18,ricciardo,8,2,16:29:36,25.377
2022,18,zhou,9,2,16:31:37,24.563
2022,18,mick_schumacher,11,2,16:35:25,24.608
2022,18,zhou,18,3,16:48:24,24.266
2022,18,stroll,19,3,16:50:04,23.870
2022,18,gasly,19,4,16:50:13,23.966
2022,18,tsunoda,20,3,16:51:53,23.756
2022,18,alonso,22,3,16:55:11,24.123
2022,19,latifi,5,1,14:12:42,25.321
2022,19,albon,9,1,14:19:29,24.624
2022,19,zhou,9,1,14:19:31,27.326
2022,19,bottas,10,1,14:21:08,25.013
2022,19,tsunoda,10,1,14:21:14,23.688
2022,19,ricciardo,10,1,14:21:17,26.206
2022,19,gasly,11,1,14:22:51,23.670
2022,19,hamilton,12,1,14:24:13,24.362
2022,19,max_verstappen,13,1,14:25:50,23.866
2022,19,russell,13,1,14:26:03,30.038
2022,19,perez,14,1,14:27:47,23.403
2022,19,norris,14,1,14:28:05,24.026
2022,19,stroll,15,1,14:29:39,25.417
2022,19,leclerc,18,1,14:34:58,24.314
2022,19,vettel,18,1,14:35:06,24.307
2022,19,alonso,18,1,14:35:26,23.870
2022,19,ocon,18,1,14:35:37,24.816
2022,19,mick_schumacher,18,1,14:35:37,25.209
2022,19,kevin_magnussen,18,1,14:35:42,29.039
2022,19,albon,18,2,14:35:50,24.311
2022,19,latifi,18,2,14:36:12,24.195
2022,19,alonso,22,2,14:45:23,39.707
2022,19,zhou,23,2,14:48:10,25.015
2022,19,gasly,32,2,15:05:32,28.918
2022,19,tsunoda,33,2,15:07:16,23.241
2022,19,mick_schumacher,33,2,15:07:18,24.651
2022,19,hamilton,34,2,15:08:39,24.135
2022,19,norris,34,2,15:08:59,23.702
2022,19,max_verstappen,35,2,15:10:18,32.254
2022,19,leclerc,35,2,15:10:26,23.755
2022,19,ricciardo,35,2,15:10:56,24.436
2022,19,russell,36,2,15:12:10,24.509
2022,19,perez,38,2,15:15:33,24.801
2022,19,vettel,41,2,15:20:46,38.157
2022,19,ocon,45,2,15:28:05,24.711
2022,19,russell,54,3,15:42:52,23.947
2022,20,stroll,17,1,14:27:31,23.509
2022,20,perez,23,1,14:35:10,24.892
2022,20,latifi,23,1,14:36:14,23.826
2022,20,mick_schumacher,24,1,14:37:37,23.679
2022,20,max_verstappen,25,1,14:37:51,22.487
2022,20,leclerc,28,1,14:42:33,22.193
2022,20,hamilton,29,1,14:43:26,23.194
2022,20,sainz,29,1,14:43:52,23.469
2022,20,tsunoda,29,1,14:44:16,22.468
2022,20,norris,31,1,14:47:02,22.585
2022,20,ocon,33,1,14:49:47,22.343
2022,20,russell,34,1,14:50:27,22.795
2022,20,vettel,38,1,14:57:10,22.534
2022,20,albon,38,1,14:57:16,23.182
2022,20,kevin_magnussen,38,1,14:57:34,23.722
2022,20,bottas,39,1,14:58:09,23.863
2022,20,alonso,40,1,14:59:30,23.159
2022,20,gasly,40,1,15:00:02,29.168
2022,20,stroll,40,2,15:00:20,23.119
2022,20,ricciardo,44,1,15:05:25,22.280
2022,20,zhou,45,1,15:07:02,24.218
2022,20,latifi,52,2,15:17:55,24.039
2022,20,russell,69,2,15:39:22,23.118
2022,21,albon,4,1,15:10:31,24.361
2022,21,max_verstappen,7,1,15:15:34,30.942
2022,21,leclerc,7,1,15:15:42,30.080
2022,21,alonso,14,1,15:24:40,23.478
2022,21,zhou,16,1,15:27:16,24.332
2022,21,sainz,17,1,15:28:17,25.206
2022,21,gasly,19,1,15:31:04,23.460
2022,21,tsunoda,20,1,15:32:36,23.287
2022,21,latifi,20,1,15:32:40,28.807
2022,21,leclerc,21,2,15:34:01,23.172
2022,21,perez,23,1,15:35:54,22.869
2022,21,max_verstappen,23,2,15:36:31,31.682
2022,21,russell,24,1,15:37:06,23.521
2022,21,norris,24,1,15:37:31,29.338
2022,21,bottas,24,1,15:37:32,23.908
2022,21,ocon,24,1,15:37:35,23.868
2022,21,mick_schumacher,24,1,15:37:40,24.487
2022,21,albon,25,2,15:39:08,23.352
2022,21,vettel,26,1,15:40:04,24.248
2022,21,hamilton,29,1,15:43:41,24.081
2022,21,stroll,29,1,15:44:14,23.469
2022,21,latifi,32,2,15:48:45,24.292
2022,21,alonso,35,2,15:51:56,28.855
2022,21,gasly,35,2,15:52:05,23.328
2022,21,sainz,36,2,15:52:50,23.483
2022,21,zhou,37,2,15:54:45,25.111
2022,21,tsunoda,40,2,15:58:47,23.645
2022,21,leclerc,44,3,16:03:38,23.124
2022,21,bottas,45,2,16:04:45,24.616
2022,21,vettel,45,2,16:04:49,24.028
2022,21,norris,45,2,16:04:59,24.669
2022,21,mick_schumacher,46,2,16:06:22,25.156
2022,21,perez,47,2,16:06:49,23.152
2022,21,ocon,47,2,16:07:25,24.445
2022,21,albon,47,3,16:07:54,23.322
2022,21,hamilton,48,2,16:08:02,23.415
2022,21,max_verstappen,48,3,16:08:48,24.102
2022,21,stroll,48,2,16:08:59,23.764
2022,21,russell,49,2,16:09:08,23.480
2022,21,alonso,52,3,16:13:58,23.790
2022,21,gasly,52,3,16:14:19,23.009
2022,21,sainz,53,3,16:14:50,23.816
2022,21,latifi,52,3,16:15:23,23.640
2022,21,tsunoda,54,3,16:18:28,23.635
2022,22,albon,12,1,17:21:53,21.793
2022,22,stroll,13,1,17:23:19,21.814
2022,22,ocon,14,1,17:24:48,21.895
2022,22,tsunoda,14,1,17:24:50,21.591
2022,22,mick_schumacher,14,1,17:24:59,22.276
2022,22,gasly,14,1,17:25:03,21.855
2022,22,perez,15,1,17:26:00,21.360
2022,22,russell,15,1,17:26:08,24.243
2022,22,norris,15,1,17:26:16,22.234
2022,22,zhou,15,1,17:26:28,22.435
2022,22,latifi,15,1,17:26:44,22.423
2022,22,sainz,17,1,17:29:08,21.930
2022,22,hamilton,18,1,17:30:48,21.270
2022,22,alonso,19,1,17:32:33,21.740
2022,22,ricciardo,19,1,17:32:38,21.893
2022,22,max_verstappen,20,1,17:33:31,22.735
2022,22,leclerc,21,1,17:35:10,22.210
2022,22,vettel,25,1,17:41:51,23.186
2022,22,kevin_magnussen,28,1,17:46:53,22.387
2022,22,bottas,30,1,17:49:54,22.573
2022,22,perez,33,2,17:53:33,21.367
2022,22,mick_schumacher,34,2,17:55:56,23.530
2022,22,albon,35,2,17:57:22,21.798
2022,22,tsunoda,38,2,18:01:49,22.262
2022,22,sainz,39,2,18:02:41,21.575
2022,22,russell,39,2,18:02:44,27.931
2022,22,latifi,38,2,18:02:50,25.174
2022,22,stroll,40,2,18:04:44,21.802
2022,22,ocon,41,2,18:06:09,21.734
2022,22,norris,42,2,18:07:36,21.559
2022,22,zhou,44,2,18:11:10,23.159
2023,1,gasly,9,1,18:18:56,25.885
2023,1,norris,10,1,18:20:31,32.766
2023,1,tsunoda,10,1,18:20:34,25.267
2023,1,bottas,11,1,18:22:06,25.399
2023,1,albon,11,1,18:22:12,25.054
2023,1,hulkenberg,11,1,18:22:21,26.075
2023,1,de_vries,11,1,18:22:21,25.018
2023,1,hamilton,12,1,18:23:40,24.682
2023,1,ocon,12,1,18:23:50,24.966
2023,1,sargeant,12,1,18:23:55,25.600
2023,1,zhou,12,1,18:24:01,25.787
2023,1,leclerc,13,1,18:25:06,24.345
2023,1,sainz,13,1,18:25:17,24.500
2023,1,russell,13,1,18:25:24,27.062
2023,1,max_verstappen,14,1,18:26:35,24.289
2023,1,alonso,14,1,18:27:02,25.800
2023,1,stroll,15,1,18:28:45,25.449
2023,1,kevin_magnussen,15,1,18:29:10,25.439
2023,1,ocon,15,2,18:29:11,41.462
2023,1,perez,17,1,18:31:42,24.264
2023,1,norris,17,2,18:32:38,33.661
2023,1,gasly,25,2,18:45:48,24.879
2023,1,albon,26,2,18:47:25,24.920
2023,1,tsunoda,26,2,18:47:26,24.372
2023,1,hulkenberg,26,2,18:47:41,37.769
2023,1,de_vries,27,2,18:49:16,25.234
2023,1,norris,27,3,18:49:35,33.467
2023,1,bottas,29,2,18:52:16,25.643
2023,1,kevin_magnussen,29,2,18:52:40,25.344
2023,1,hamilton,30,2,18:53:36,24.690
2023,1,stroll,30,2,18:53:45,24.639
2023,1,sargeant,30,2,18:54:09,25.670
2023,1,sainz,31,2,18:55:11,24.227
2023,1,russell,31,2,18:55:21,24.406
2023,1,zhou,32,2,18:57:31,25.282
2023,1,ocon,32,3,18:58:03,44.518
2023,1,leclerc,33,2,18:58:16,24.644
2023,1,perez,34,2,18:59:45,25.091
2023,1,alonso,34,2,19:00:09,24.869
2023,1,max_verstappen,36,2,19:02:47,24.910
2023,1,norris,37,4,19:06:27,33.236
2023,1,albon,40,3,19:10:51,24.458
2023,1,gasly,40,3,19:10:52,24.736
2023,1,tsunoda,40,3,19:10:53,25.818
2023,1,sargeant,40,3,19:11:05,25.047
2023,1,kevin_magnussen,40,3,19:11:20,25.125
2023,1,hulkenberg,40,3,19:11:26,27.080
2023,1,norris,47,5,19:23:45,30.710
2023,1,zhou,54,3,19:34:31,30.167
2023,1,norris,54,6,19:35:35,31.494
2023,2,piastri,1,1,20:05:36,31.534
2023,2,norris,2,1,20:07:18,29.444
2023,2,kevin_magnussen,8,1,20:16:55,20.870
2023,2,bottas,9,1,20:18:38,21.505
2023,2,zhou,11,1,20:21:41,21.703
2023,2,hulkenberg,11,1,20:21:43,21.567
2023,2,stroll,13,1,20:24:39,21.150
2023,2,gasly,14,1,20:26:26,20.719
2023,2,sainz,15,1,20:27:49,20.760
2023,2,leclerc,16,1,20:29:29,20.026
2023,2,ocon,16,1,20:29:34,20.762
2023,2,tsunoda,17,1,20:31:24,21.414
2023,2,albon,17,1,20:31:32,21.397
2023,2,de_vries,17,1,20:31:39,21.116
2023,2,bottas,17,2,20:32:08,22.191
2023,2,perez,18,1,20:32:46,20.715
2023,2,alonso,18,1,20:32:54,26.879
2023,2,russell,18,1,20:33:05,20.828
2023,2,max_verstappen,18,1,20:33:15,20.824
2023,2,hamilton,18,1,20:33:24,21.102
2023,2,sargeant,18,1,20:33:55,21.064
2023,2,zhou,18,2,20:34:06,21.282
2023,2,norris,19,2,20:36:25,21.352
2023,2,bottas,35,3,21:02:57,21.808
2023,3,ocon,1,1,15:05:04,18.056
2023,3,zhou,1,1,15:05:11,18.951
2023,3,sargeant,1,1,15:05:13,18.382
2023,3,perez,1,1,15:05:15,17.657
2023,3,bottas,1,1,15:05:16,21.659
2023,3,sargeant,2,2,15:07:25,19.158
2023,3,perez,2,2,15:07:26,17.814
2023,3,russell,7,1,15:15:01,19.146
2023,3,sainz,7,1,15:15:05,18.319
2023,3,kevin_magnussen,7,1,15:15:21,20.789
2023,3,hamilton,8,1,15:17:43,15:25.181
2023,3,max_verstappen,8,1,15:17:45,15:25.112
2023,3,alonso,8,1,15:17:48,15:26.940
2023,3,stroll,8,1,15:17:51,15:27.222
2023,3,gasly,8,1,15:17:53,15:26.996
2023,3,hulkenberg,8,1,15:17:55,15:26.326
2023,3,russell,8,2,15:17:59,15:30.824
2023,3,tsunoda,8,1,15:18:02,15:31.820
2023,3,norris,8,1,15:18:04,15:34.763
2023,3,piastri,8,1,15:18:06,15:34.541
2023,3,sainz,8,2,15:18:08,15:37.024
2023,3,de_vries,8,1,15:18:11,15:37.874
2023,3,ocon,8,2,15:18:14,15:37.929
2023,3,perez,8,3,15:18:16,15:37.512
2023,3,zhou,8,2,15:18:19,15:37.849
2023,3,bottas,8,2,15:18:21,15:37.594
2023,3,sargeant,8,3,15:18:23,15:38.017
2023,3,kevin_magnussen,8,2,15:18:27,15:40.228
2023,3,sargeant,36,4,16:15:29,19.018
2023,3,de_vries,45,2,16:28:14,18.080
2023,3,bottas,53,3,16:39:03,19.825
2023,3,piastri,54,2,16:40:06,19.442
2023,3,zhou,54,3,16:40:31,21.881
2023,3,tsunoda,54,2,16:40:36,18.258
2023,3,max_verstappen,55,2,16:41:38,14:27.756
2023,3,hamilton,55,2,16:41:40,14:31.670
2023,3,alonso,55,2,16:41:42,14:34.306
2023,3,bottas,54,4,16:41:44,12:19.342
2023,3,sainz,55,3,16:41:45,14:34.924
2023,3,gasly,55,2,16:41:47,14:35.210
2023,3,stroll,55,2,16:41:50,14:35.053
2023,3,perez,55,4,16:41:53,14:36.462
2023,3,sargeant,54,5,16:41:54,12:12.022
2023,3,norris,55,2,16:41:56,14:41.064
2023,3,hulkenberg,55,2,16:41:58,14:40.712
2023,3,de_vries,54,3,16:42:01,12:06.783
2023,3,ocon,55,3,16:42:03,14:39.804
2023,3,piastri,55,3,16:42:20,14:24.653
2023,3,zhou,55,4,16:42:47,14:01.565
2023,3,tsunoda,55,3,16:42:52,14:01.820
2023,3,bottas,55,5,16:55:40,1:16.634
2023,3,sargeant,55,6,16:55:45,1:14.200
2023,3,de_vries,55,4,16:55:47,1:13.234
2023,3,max_verstappen,57,3,17:02:10,30:56.502
2023,3,hamilton,57,3,17:02:11,30:59.435
2023,3,sainz,57,4,17:02:13,31:01.554
2023,3,hulkenberg,57,3,17:02:14,31:09.055
2023,3,tsunoda,57,4,17:02:16,31:11.209
2023,3,norris,57,3,17:02:17,31:04.087
2023,3,piastri,57,4,17:02:19,31:06.226
2023,3,zhou,57,5,17:02:22,31:04.998
2023,3,bottas,57,6,17:02:23,31:07.182
2023,3,perez,57,5,17:02:25,30:53.568
2023,3,alonso,57,3,17:02:27,30:45.073
2023,3,stroll,57,3,17:02:29,30:45.925
2023,4,gasly,5,1,15:13:22,20.235
2023,4,bottas,6,1,15:15:14,20.967
2023,4,albon,7,1,15:16:57,21.103
2023,4,tsunoda,8,1,15:18:43,20.497
2023,4,piastri,8,1,15:18:44,20.902
2023,4,sargeant,8,1,15:18:50,21.015
2023,4,hamilton,9,1,15:20:23,20.324
2023,4,norris,9,1,15:20:27,20.346
2023,4,max_verstappen,10,1,15:22:00,20.707
2023,4,kevin_magnussen,10,1,15:22:35,30.951
2023,4,perez,11,1,15:24:20,20.389
2023,4,leclerc,11,1,15:24:25,21.126
2023,4,sainz,11,1,15:24:33,21.970
2023,4,alonso,11,1,15:24:35,23.148
2023,4,russell,11,1,15:24:42,20.459
2023,4,stroll,11,1,15:24:42,23.161
2023,4,zhou,11,1,15:25:01,22.247
2023,4,bottas,12,2,15:27:47,22.354
2023,4,gasly,23,2,15:48:15,21.169
2023,4,bottas,34,3,16:08:14,21.012
2023,4,russell,49,2,16:34:10,21.389
2023,4,hulkenberg,49,1,16:34:47,24.748
2023,4,ocon,50,1,16:36:20,20.367
2023,5,sargeant,2,1,15:37:09,48.938
2023,5,norris,4,1,15:40:18,24.090
2023,5,piastri,5,1,15:41:49,22.205
2023,5,kevin_magnussen,14,1,15:55:45,22.616
2023,5,gasly,15,1,15:57:16,22.417
2023,5,bottas,15,1,15:57:23,23.158
2023,5,de_vries,15,1,15:57:33,23.487
2023,5,russell,17,1,16:00:18,22.335
2023,5,leclerc,17,1,16:00:25,22.068
2023,5,sainz,18,1,16:01:46,22.278
2023,5,perez,20,1,16:04:48,21.884
2023,5,albon,22,1,16:08:22,22.482
2023,5,alonso,24,1,16:11:02,22.631
2023,5,zhou,31,1,16:22:27,22.796
2023,5,hulkenberg,33,1,16:25:26,23.120
2023,5,tsunoda,36,1,16:30:01,22.390
2023,5,hamilton,37,1,16:31:29,22.150
2023,5,ocon,39,1,16:34:33,21.942
2023,5,stroll,42,1,16:39:18,22.651
2023,5,max_verstappen,45,1,16:42:58,22.688
2023,6,hulkenberg,1,1,15:04:32,32.494
2023,6,zhou,1,1,15:04:37,26.141
2023,6,perez,1,1,15:04:37,24.887
2023,6,albon,18,1,15:27:12,24.290
2023,6,sargeant,20,1,15:30:02,24.376
2023,6,sargeant,23,2,15:34:16,27.774
2023,6,hamilton,31,1,15:43:34,24.594
2023,6,ocon,32,1,15:44:45,25.833
2023,6,sainz,33,1,15:46:05,24.252
2023,6,perez,34,2,15:48:26,32.749
2023,6,leclerc,44,1,16:00:25,24.192
2023,6,gasly,47,1,16:04:16,23.902
2023,6,norris,50,1,16:08:48,24.663
2023,6,bottas,51,1,16:10:46,30.395
2023,6,stroll,51,1,16:10:52,24.656
2023,6,zhou,52,2,16:12:35,25.260
2023,6,albon,52,2,16:12:37,26.990
2023,6,tsunoda,53,1,16:13:18,33.706
2023,6,sargeant,52,3,16:13:19,25.946
2023,6,alonso,54,1,16:13:32,24.414
2023,6,de_vries,53,1,16:13:47,24.539
2023,6,russell,54,1,16:13:57,30.980
2023,6,ocon,54,2,16:14:06,24.707
2023,6,hamilton,54,2,16:14:09,26.685
2023,6,gasly,54,2,16:14:18,29.949
2023,6,perez,53,3,16:14:19,24.217
2023,6,max_verstappen,55,1,16:15:17,24.798
2023,6,piastri,54,1,16:15:18,25.851
2023,6,norris,54,2,16:15:20,33.428
2023,6,alonso,55,2,16:15:37,25.916
2023,6,hulkenberg,54,2,16:16:01,34.725
2023,6,leclerc,55,2,16:16:03,25.713
2023,6,sainz,55,2,16:16:04,29.300
2023,6,kevin_magnussen,56,1,16:20:26,51.052
2023,6,perez,57,4,16:21:27,29.337
2023,6,hulkenberg,59,3,16:25:02,25.672
2023,6,perez,70,5,16:43:16,25.466
2023,7,norris,1,1,15:04:44,37.736
2023,7,bottas,5,1,15:10:18,23.691
2023,7,hulkenberg,8,1,15:14:21,22.298
2023,7,zhou,9,1,15:15:38,23.430
2023,7,de_vries,9,1,15:15:44,22.522
2023,7,tsunoda,10,1,15:17:01,22.176
2023,7,kevin_magnussen,10,1,15:17:06,22.124
2023,7,ocon,13,1,15:21:01,22.112
2023,7,stroll,14,1,15:22:19,22.355
2023,7,sainz,15,1,15:23:33,22.321
2023,7,leclerc,16,1,15:25:17,21.778
2023,7,albon,16,1,15:25:24,23.319
2023,7,piastri,17,1,15:26:32,22.370
2023,7,sargeant,17,1,15:26:49,22.583
2023,7,alonso,19,1,15:29:09,22.558
2023,7,gasly,19,1,15:29:18,23.388
2023,7,norris,22,2,15:33:50,22.850
2023,7,hamilton,24,1,15:35:37,22.575
2023,7,kevin_magnussen,24,2,15:36:26,24.800
2023,7,russell,25,1,15:37:07,22.275
2023,7,max_verstappen,26,1,15:38:06,22.241
2023,7,hulkenberg,26,2,15:39:04,23.257
2023,7,perez,27,1,15:39:57,21.775
2023,7,stroll,34,2,15:49:34,23.371
2023,7,tsunoda,34,2,15:49:38,22.009
2023,7,ocon,35,2,15:50:57,24.110
2023,7,zhou,36,2,15:52:25,22.889
2023,7,sargeant,36,2,15:52:53,23.827
2023,7,albon,37,2,15:54:12,23.449
2023,7,de_vries,38,2,15:55:17,21.976
2023,7,piastri,39,2,15:56:28,22.862
2023,7,gasly,39,2,15:56:30,23.610
2023,7,bottas,39,2,15:56:58,24.097
2023,7,sainz,41,2,15:58:46,22.375
2023,7,leclerc,41,2,15:59:13,23.003
2023,7,kevin_magnussen,42,3,16:00:59,22.291
2023,7,hulkenberg,43,3,16:02:05,24.484
2023,7,alonso,44,2,16:03:01,22.896
2023,7,russell,45,2,16:03:58,22.054
2023,7,hamilton,50,2,16:10:22,22.731
2023,7,perez,50,2,16:10:42,21.537
2023,7,norris,50,3,16:11:39,22.062
2023,7,max_verstappen,52,2,16:12:44,22.357
2023,8,tsunoda,1,1,14:04:32,23.646
2023,8,gasly,10,1,14:16:36,27.515
2023,8,hulkenberg,11,1,14:17:50,24.880
2023,8,stroll,11,1,14:17:53,23.711
2023,8,de_vries,11,1,14:17:56,24.960
2023,8,max_verstappen,12,1,14:18:49,23.644
2023,8,hamilton,12,1,14:18:59,24.339
2023,8,alonso,12,1,14:19:00,24.031
2023,8,ocon,12,1,14:19:12,24.402
2023,8,piastri,12,1,14:19:16,24.828
2023,8,norris,12,1,14:19:24,25.862
2023,8,albon,12,1,14:19:25,25.064
2023,8,zhou,12,1,14:19:31,24.161
2023,8,russell,12,1,14:19:55,1:28.943
2023,8,stroll,27,2,14:42:23,23.839
2023,8,hulkenberg,31,2,14:47:37,24.200
2023,8,zhou,32,2,14:48:55,27.509
2023,8,gasly,33,2,14:50:14,24.117
2023,8,tsunoda,34,2,14:51:31,27.523
2023,8,norris,35,2,14:52:42,23.570
2023,8,kevin_magnussen,35,1,14:53:34,24.909
2023,8,ocon,36,2,14:53:56,23.698
2023,8,bottas,36,1,14:53:58,24.038
2023,8,perez,37,1,14:55:06,23.281
2023,8,piastri,37,2,14:55:21,23.436
2023,8,sainz,38,1,14:56:16,24.133
2023,8,leclerc,39,1,14:57:32,24.343
2023,8,hamilton,40,2,14:58:46,23.749
2023,8,alonso,41,2,14:59:58,23.928
2023,8,max_verstappen,42,2,15:01:10,23.910
2023,8,de_vries,50,2,15:13:30,23.786
2023,8,kevin_magnussen,53,2,15:17:18,24.515
2023,8,perez,68,2,15:34:57,23.218
2023,9,kevin_magnussen,1,1,15:04:16,26.587
2023,9,tsunoda,1,1,15:04:31,29.691
2023,9,max_verstappen,2,1,15:05:57,16.369
2023,9,leclerc,2,1,15:05:59,16.393
2023,9,sainz,2,1,15:06:01,16.380
2023,9,hamilton,2,1,15:06:03,16.415
2023,9,norris,2,1,15:06:05,18.076
2023,9,alonso,2,1,15:06:08,16.600
2023,9,hulkenberg,2,1,15:06:09,16.778
2023,9,stroll,2,1,15:06:11,16.646
2023,9,gasly,2,1,15:06:12,16.380
2023,9,albon,2,1,15:06:13,16.737
2023,9,russell,2,1,15:06:17,17.946
2023,9,ocon,2,1,15:06:19,18.143
2023,9,perez,2,1,15:06:20,17.428
2023,9,zhou,2,1,15:06:22,17.467
2023,9,piastri,2,1,15:06:23,17.324
2023,9,sargeant,2,1,15:06:25,17.337
2023,9,bottas,2,1,15:06:27,17.130
2023,9,de_vries,2,1,15:06:28,17.033
2023,9,kevin_magnussen,2,2,15:06:31,25.654
2023,9,tsunoda,2,2,15:06:33,16.246
2023,9,zhou,8,2,15:14:10,24.374
2023,9,hulkenberg,11,2,15:17:41,21.891
2023,9,de_vries,12,2,15:19:01,21.333
2023,9,hamilton,14,2,15:21:10,21.993
2023,9,norris,14,2,15:21:12,21.290
2023,9,gasly,14,2,15:21:20,21.814
2023,9,albon,14,2,15:21:22,21.562
2023,9,russell,14,2,15:21:23,22.262
2023,9,ocon,14,2,15:21:26,22.028
2023,9,piastri,14,2,15:21:27,22.467
2023,9,sargeant,14,2,15:21:32,23.194
2023,9,leclerc,15,2,15:22:36,23.425
2023,9,sainz,15,2,15:22:41,26.283
2023,9,alonso,15,2,15:22:48,22.371
2023,9,stroll,15,2,15:22:54,24.332
2023,9,bottas,21,2,15:30:27,31.785
2023,9,piastri,22,3,15:31:40,29.912
2023,9,tsunoda,23,3,15:32:50,27.286
2023,9,max_verstappen,24,2,15:33:13,21.365
2023,9,perez,25,2,15:34:47,21.655
2023,9,kevin_magnussen,34,3,15:46:08,22.250
2023,9,stroll,36,3,15:48:10,22.050
2023,9,de_vries,37,3,15:49:41,21.074
2023,9,zhou,38,3,15:50:48,21.910
2023,9,ocon,40,3,15:52:55,30.427
2023,9,bottas,40,3,15:53:22,21.975
2023,9,norris,41,3,15:53:39,22.088
2023,9,russell,41,3,15:53:57,21.702
2023,9,albon,41,3,15:54:04,27.683
2023,9,piastri,41,4,15:54:36,22.313
2023,9,hamilton,42,3,15:54:50,27.724
2023,9,sargeant,43,3,15:56:40,21.543
2023,9,tsunoda,43,4,15:56:56,21.392
2023,9,alonso,44,3,15:57:15,21.993
2023,9,gasly,44,3,15:57:30,27.804
2023,9,sainz,45,3,15:58:10,28.583
2023,9,leclerc,47,3,16:00:26,21.470
2023,9,max_verstappen,49,3,16:02:31,21.641
2023,9,perez,50,3,16:04:07,21.267
2023,9,stroll,54,4,16:09:28,21.837
2023,9,max_verstappen,69,4,16:25:43,21.328
2023,10,hulkenberg,7,1,15:14:17,41.972
2023,10,tsunoda,14,1,15:25:15,28.353
2023,10,leclerc,18,1,15:31:08,28.244
2023,10,zhou,24,1,15:40:56,29.177
2023,10,sainz,26,1,15:43:36,28.869
2023,10,de_vries,27,1,15:45:34,28.242
2023,10,russell,28,1,15:46:37,29.455
2023,10,perez,28,1,15:46:50,28.060
2023,10,piastri,29,1,15:48:05,28.655
2023,10,sargeant,29,1,15:48:37,28.847
2023,10,gasly,31,1,15:51:30,28.458
2023,10,stroll,31,1,15:51:39,28.561
2023,10,albon,32,1,15:53:10,29.634
2023,10,leclerc,32,2,15:53:11,28.805
2023,10,bottas,32,1,15:53:38,29.662
2023,10,tsunoda,32,2,15:53:48,28.603
2023,10,de_vries,32,2,15:53:55,28.413
2023,10,hulkenberg,32,2,15:54:11,30.003
2023,10,max_verstappen,33,1,15:54:29,29.056
2023,10,norris,33,1,15:54:43,28.438
2023,10,hamilton,33,1,15:54:58,29.169
2023,10,alonso,33,1,15:55:09,28.679
2023,10,zhou,33,2,15:56:08,28.709
2023,10,zhou,36,3,16:02:39,34.374
2023,11,albon,8,1,15:14:47,22.076
2023,11,stroll,9,1,15:16:10,21.910
2023,11,tsunoda,9,1,15:16:10,26.170
2023,11,bottas,9,1,15:16:11,22.114
2023,11,zhou,10,1,15:17:40,29.211
2023,11,sargeant,13,1,15:21:59,24.001
2023,11,kevin_magnussen,14,1,15:23:24,22.753
2023,11,sainz,15,1,15:24:37,21.402
2023,11,hamilton,16,1,15:25:56,21.974
2023,11,hulkenberg,16,1,15:26:11,22.922
2023,11,norris,17,1,15:27:16,21.541
2023,11,leclerc,17,1,15:27:23,28.404
2023,11,piastri,18,1,15:28:39,21.171
2023,11,ricciardo,18,1,15:29:10,21.958
2023,11,alonso,20,1,15:31:46,22.916
2023,11,max_verstappen,23,1,15:35:32,21.407
2023,11,perez,24,1,15:37:20,21.862
2023,11,russell,28,1,15:43:20,21.886
2023,11,ricciardo,29,2,15:45:13,22.203
2023,11,albon,31,2,15:47:54,21.762
2023,11,stroll,34,2,15:52:02,22.403
2023,11,sargeant,34,2,15:52:24,22.197
2023,11,hulkenberg,38,2,15:57:58,21.955
2023,11,zhou,38,2,15:58:02,22.853
2023,11,bottas,40,2,16:00:39,23.242
2023,11,kevin_magnussen,41,2,16:02:32,22.152
2023,11,piastri,42,2,16:02:48,22.030
2023,11,perez,42,2,16:02:51,20.880
2023,11,leclerc,43,2,16:04:31,21.452
2023,11,alonso,43,2,16:04:39,24.152
2023,11,norris,44,2,16:05:28,21.430
2023,11,sainz,44,2,16:05:56,22.051
2023,11,tsunoda,44,2,16:06:33,21.181
2023,11,russell,46,2,16:08:49,21.675
2023,11,hamilton,49,2,16:12:41,21.728
2023,11,max_verstappen,51,2,16:14:53,21.680
2023,12,norris,5,1,15:13:27,25.012
2023,12,kevin_magnussen,5,1,15:13:30,23.638
2023,12,ricciardo,5,1,15:13:31,22.843
2023,12,ocon,6,1,15:15:23,23.085
2023,12,bottas,6,1,15:15:24,23.362
2023,12,albon,7,1,15:17:14,25.015
2023,12,sainz,7,1,15:17:20,23.303
2023,12,zhou,7,1,15:17:21,24.449
2023,12,sargeant,8,1,15:19:14,23.570
2023,12,tsunoda,9,1,15:20:59,22.610
2023,12,alonso,10,1,15:22:48,23.085
2023,12,hamilton,12,1,15:26:27,23.090
2023,12,hulkenberg,12,1,15:26:56,24.571
2023,12,perez,13,1,15:28:09,23.684
2023,12,leclerc,13,1,15:28:16,23.224
2023,12,max_verstappen,14,1,15:30:04,22.887
2023,12,norris,17,2,15:36:37,23.744
2023,12,stroll,20,1,15:42:12,25.397
2023,12,russell,22,1,15:46:00,23.837
2023,12,ricciardo,22,2,15:46:18,23.290
2023,12,gasly,23,1,15:48:00,25.664
2023,12,albon,23,2,15:48:02,23.596
2023,12,tsunoda,24,2,15:49:52,22.737
2023,12,bottas,24,2,15:50:02,23.786
2023,12,hulkenberg,24,2,15:50:04,25.238
2023,12,sargeant,24,2,15:50:09,23.938
2023,12,ocon,25,2,15:51:50,23.339
2023,12,kevin_magnussen,25,2,15:51:55,23.572
2023,12,zhou,25,2,15:52:01,24.045
2023,12,hamilton,27,2,15:55:00,23.023
2023,12,leclerc,28,2,15:56:48,23.148
2023,12,perez,29,2,15:58:34,22.710
2023,12,alonso,29,2,15:59:01,23.798
2023,12,max_verstappen,30,2,16:00:16,23.012
2023,12,albon,33,3,16:07:06,23.529
2023,12,sargeant,34,3,16:09:09,23.109
2023,12,hamilton,42,3,16:23:05,23.156
2023,13,perez,1,1,15:04:43,22.666
2023,13,leclerc,1,1,15:04:46,32.686
2023,13,gasly,1,1,15:04:47,28.469
2023,13,zhou,1,1,15:04:49,23.088
2023,13,tsunoda,1,1,15:04:50,32.321
2023,13,lawson,1,1,15:04:53,42.641
2023,13,kevin_magnussen,1,1,15:04:55,31.341
2023,13,max_verstappen,2,1,15:06:25,20.379
2023,13,alonso,2,1,15:06:26,20.647
2023,13,sainz,2,1,15:06:31,20.973
2023,13,ocon,2,1,15:06:39,22.534
2023,13,norris,3,1,15:08:18,20.170
2023,13,hamilton,3,1,15:08:35,20.266
2023,13,russell,4,1,15:10:00,21.201
2023,13,stroll,4,1,15:10:16,20.036
2023,13,kevin_magnussen,9,2,15:16:59,20.137
2023,13,hamilton,9,2,15:17:26,19.970
2023,13,stroll,9,2,15:17:44,20.208
2023,13,zhou,10,2,15:18:09,20.231
2023,13,alonso,10,2,15:18:10,20.109
2023,13,sainz,10,2,15:18:16,19.511
2023,13,tsunoda,10,2,15:18:24,18.904
2023,13,ocon,10,2,15:18:26,19.795
2023,13,norris,10,2,15:18:33,20.395
2023,13,lawson,10,2,15:18:37,30.836
2023,13,russell,10,2,15:18:55,20.148
2023,13,max_verstappen,11,2,15:19:24,19.289
2023,13,gasly,11,2,15:19:34,19.518
2023,13,leclerc,11,2,15:19:46,27.202
2023,13,perez,12,2,15:20:46,19.460
2023,13,piastri,15,1,15:25:18,18.979
2023,13,bottas,16,1,15:27:09,20.187
2023,13,hulkenberg,16,1,15:27:10,20.438
2023,13,russell,16,3,15:27:30,19.607
2023,13,stroll,16,3,15:27:53,19.653
2023,13,lawson,17,3,15:29:22,19.600
2023,13,stroll,34,4,15:53:38,19.923
2023,13,kevin_magnussen,35,3,15:54:48,20.510
2023,13,zhou,37,3,15:57:19,20.469
2023,13,sainz,41,3,16:02:07,19.398
2023,13,norris,42,3,16:03:37,18.878
2023,13,ocon,43,3,16:04:50,19.024
2023,13,albon,44,1,16:06:01,19.667
2023,13,perez,45,3,16:06:58,18.789
2023,13,hamilton,45,3,16:07:26,19.327
2023,13,gasly,46,3,16:08:21,25.404
2023,13,piastri,46,2,16:08:46,19.120
2023,13,lawson,46,4,16:09:09,19.192
2023,13,bottas,47,2,16:10:17,20.213
2023,13,alonso,48,3,16:10:51,25.147
2023,13,hulkenberg,48,2,16:11:31,19.713
2023,13,max_verstappen,49,3,16:11:52,18.706
2023,13,bottas,59,3,16:25:45,19.735
2023,13,lawson,59,5,16:25:48,19.307
2023,13,perez,60,4,16:26:00,27.596
2023,13,gasly,60,4,16:26:21,20.417
2023,13,sainz,60,4,16:26:22,19.838
2023,13,hamilton,60,4,16:26:30,20.779
2023,13,russell,60,4,16:26:34,24.019
2023,13,norris,60,4,16:26:35,19.871
2023,13,piastri,60,3,16:26:40,22.376
2023,13,tsunoda,60,3,16:26:50,20.602
2023,13,zhou,60,4,16:26:53,21.439
2023,13,stroll,60,5,16:26:58,21.532
2023,13,hulkenberg,60,3,16:26:58,23.582
2023,13,kevin_magnussen,60,4,16:27:09,23.584
2023,13,max_verstappen,61,4,16:27:10,19.429
2023,13,alonso,61,4,16:27:35,20.655
2023,13,albon,61,2,16:27:57,21.300
2023,13,ocon,61,4,16:28:03,22.096
2023,13,max_verstappen,63,5,16:30:26,20.402
2023,13,perez,63,5,16:31:04,41:01.612
2023,13,norris,63,5,16:31:28,40:43.212
2023,13,russell,63,5,16:31:31,40:46.251
2023,13,albon,63,3,16:31:37,40:43.475
2023,13,piastri,63,4,16:31:49,40:34.653
2023,13,ocon,63,5,16:31:53,40:32.201
2023,13,tsunoda,63,4,16:32:13,40:14.895
2023,13,stroll,63,6,16:32:20,40:10.734
2023,13,hulkenberg,63,4,16:32:22,40:10.704
2023,13,bottas,63,4,16:32:29,40:05.113
2023,13,lawson,63,6,16:32:43,39:56.340
2023,13,kevin_magnussen,63,5,16:32:48,39:54.733
2023,13,max_verstappen,64,6,16:32:50,41:23.382
2023,13,alonso,64,5,16:33:22,40:55.302
2023,13,gasly,64,5,16:33:40,40:43.169
2023,13,sainz,64,5,16:33:44,40:43.147
2023,13,hamilton,64,5,16:33:59,40:31.108
2023,13,perez,64,6,17:13:46,35.592
2023,13,norris,64,6,17:13:49,44.272
2023,13,russell,64,6,17:13:59,39.845
2023,13,albon,64,4,17:14:02,39.234
2023,13,piastri,64,5,17:14:06,38.453
2023,13,ocon,64,6,17:14:09,37.037
2023,13,tsunoda,64,5,17:14:14,34.901
2023,13,stroll,64,7,17:14:17,33.553
2023,13,hulkenberg,64,5,17:14:19,32.884
2023,13,bottas,64,5,17:14:22,32.518
2023,13,lawson,64,7,17:14:27,31.306
2023,13,kevin_magnussen,64,6,17:14:31,30.628
2023,13,russell,67,7,17:20:51,22.379
2023,14,gasly,10,1,15:38:07,27.376
2023,14,zhou,11,1,15:39:33,24.396
2023,14,kevin_magnussen,12,1,15:41:12,24.660
2023,14,lawson,13,1,15:42:27,24.212
2023,14,hulkenberg,14,1,15:43:56,26.095
2023,14,sargeant,14,1,15:43:57,24.779
2023,14,albon,15,1,15:45:13,24.538
2023,14,sainz,19,1,15:50:52,25.183
2023,14,russell,19,1,15:50:56,24.215
2023,14,max_verstappen,20,1,15:52:13,24.228
2023,14,leclerc,20,1,15:52:19,23.931
2023,14,stroll,20,1,15:52:50,25.667
2023,14,perez,21,1,15:53:46,23.819
2023,14,alonso,21,1,15:54:03,24.798
2023,14,norris,22,1,15:55:26,23.727
2023,14,piastri,23,1,15:56:53,24.133
2023,14,ocon,24,1,15:58:45,24.249
2023,14,bottas,25,1,16:00:06,24.658
2023,14,hamilton,27,1,16:02:46,24.255
2023,14,gasly,31,2,16:09:08,24.686
2023,14,lawson,33,2,16:11:56,24.281
2023,14,zhou,33,2,16:11:58,25.959
2023,14,kevin_magnussen,33,2,16:12:15,24.765
2023,14,hulkenberg,39,2,16:20:52,24.328
2023,14,piastri,41,2,16:23:21,31.799
2023,15,zhou,2,1,20:07:21,30.032
2023,15,sargeant,19,1,20:36:42,1:03.543
2023,15,sainz,20,1,20:37:19,29.499
2023,15,leclerc,20,1,20:37:28,32.888
2023,15,russell,20,1,20:37:29,29.976
2023,15,norris,20,1,20:37:31,29.485
2023,15,hamilton,20,1,20:37:33,32.631
2023,15,alonso,20,1,20:37:39,30.670
2023,15,ocon,20,1,20:37:43,29.755
2023,15,kevin_magnussen,20,1,20:37:50,31.475
2023,15,hulkenberg,20,1,20:37:53,35.497
2023,15,gasly,20,1,20:37:54,31.802
2023,15,lawson,20,1,20:37:55,32.348
2023,15,piastri,20,1,20:37:58,29.369
2023,15,albon,20,1,20:37:59,30.138
2023,15,zhou,20,2,20:38:30,30.637
2023,15,perez,39,1,21:11:53,28.977
2023,15,max_verstappen,40,1,21:13:21,29.698
2023,15,bottas,40,1,21:13:47,30.487
2023,15,albon,43,2,21:18:51,29.787
2023,15,kevin_magnussen,43,2,21:19:04,33.078
2023,15,sargeant,43,2,21:19:17,31.018
2023,15,russell,44,2,21:20:21,30.039
2023,15,hamilton,44,2,21:20:24,33.581
2023,15,alonso,44,2,21:20:59,52.708
2023,16,albon,1,1,14:06:29,50.143
2023,16,zhou,1,1,14:06:34,41.041
2023,16,ocon,1,1,14:06:45,27.056
2023,16,bottas,1,1,14:06:58,55.802
2023,16,perez,2,1,14:08:56,32.450
2023,16,sargeant,2,1,14:09:11,32.715
2023,16,sargeant,5,2,14:16:24,43.868
2023,16,bottas,6,2,14:18:28,53.512
2023,16,hulkenberg,8,1,14:21:18,23.520
2023,16,tsunoda,9,1,14:22:56,22.944
2023,16,lawson,10,1,14:24:35,23.136
2023,16,zhou,10,2,14:24:44,24.091
2023,16,alonso,11,1,14:26:10,24.086
2023,16,perez,12,2,14:28:22,41.499
2023,16,kevin_magnussen,12,1,14:28:23,23.816
2023,16,piastri,13,1,14:29:24,24.455
2023,16,albon,13,2,14:29:58,52.165
2023,16,stroll,14,1,14:31:37,23.441
2023,16,perez,13,3,14:31:50,41:25.913
2023,16,max_verstappen,16,1,14:34:31,24.382
2023,16,hamilton,16,1,14:34:49,24.841
2023,16,norris,17,1,14:36:20,23.523
2023,16,leclerc,17,1,14:36:23,23.197
2023,16,sainz,18,1,14:38:04,23.075
2023,16,gasly,18,1,14:38:20,24.488
2023,16,hulkenberg,21,2,14:43:39,23.660
2023,16,sargeant,21,3,14:44:16,35.182
2023,16,russell,24,1,14:48:05,24.034
2023,16,alonso,25,2,14:50:07,24.294
2023,16,lawson,25,2,14:50:20,23.671
2023,16,ocon,28,2,14:55:08,23.789
2023,16,zhou,29,3,14:57:06,24.116
2023,16,tsunoda,30,2,14:58:41,23.327
2023,16,kevin_magnussen,31,2,15:00:39,23.858
2023,16,leclerc,34,2,15:04:38,22.926
2023,16,hamilton,34,2,15:04:43,23.631
2023,16,gasly,34,2,15:05:03,24.651
2023,16,piastri,35,2,15:06:11,23.198
2023,16,norris,36,2,15:07:43,23.182
2023,16,max_verstappen,37,2,15:09:05,23.696
2023,16,hulkenberg,37,3,15:10:23,23.338
2023,16,sainz,38,2,15:11:15,23.374
2023,16,perez,14,4,15:14:59,30.651
2023,17,russell,1,1,20:05:46,39.686
2023,17,bottas,3,1,20:10:22,29.977
2023,17,kevin_magnussen,3,1,20:10:26,28.743
2023,17,stroll,3,1,20:10:27,28.886
2023,17,lawson,3,1,20:10:28,29.330
2023,17,tsunoda,9,1,20:20:28,27.781
2023,17,ocon,10,1,20:21:53,28.961
2023,17,alonso,11,1,20:23:19,28.373
2023,17,gasly,11,1,20:23:25,28.429
2023,17,piastri,12,1,20:24:45,28.875
2023,17,leclerc,12,1,20:24:49,28.228
2023,17,norris,13,1,20:26:21,28.134
2023,17,hulkenberg,13,1,20:26:32,39.879
2023,17,sargeant,13,1,20:26:35,29.436
2023,17,russell,14,2,20:27:57,28.542
2023,17,max_verstappen,17,1,20:32:05,28.233
2023,17,perez,17,1,20:32:32,27.808
2023,17,albon,18,1,20:33:58,29.253
2023,17,zhou,18,1,20:34:06,28.984
2023,17,bottas,21,2,20:38:42,29.387
2023,17,stroll,21,2,20:38:45,28.156
2023,17,kevin_magnussen,21,2,20:38:52,28.948
2023,17,lawson,21,2,20:38:54,28.665
2023,17,tsunoda,22,2,20:40:25,27.596
2023,17,piastri,25,2,20:44:26,27.868
2023,17,leclerc,25,2,20:44:40,27.873
2023,17,ocon,25,2,20:44:42,28.969
2023,17,alonso,26,2,20:46:01,28.432
2023,17,gasly,26,2,20:46:12,30.192
2023,17,sargeant,26,2,20:46:27,29.373
2023,17,norris,27,2,20:47:29,27.611
2023,17,hulkenberg,27,2,20:47:58,28.274
2023,17,perez,31,2,20:53:34,33.246
2023,17,albon,31,2,20:53:43,28.747
2023,17,russell,32,3,20:54:52,28.314
2023,17,max_verstappen,34,2,20:57:24,28.103
2023,17,zhou,35,2,20:59:41,28.854
2023,17,bottas,39,3,21:05:42,28.946
2023,17,stroll,39,3,21:05:45,29.399
2023,17,kevin_magnussen,39,3,21:05:53,30.331
2023,17,lawson,39,3,21:06:05,28.171
2023,17,hulkenberg,39,3,21:06:08,28.591
2023,17,tsunoda,40,3,21:07:30,27.809
2023,17,piastri,43,3,21:10:55,27.489
2023,17,leclerc,43,3,21:11:17,27.513
2023,17,ocon,43,3,21:11:27,29.169
2023,17,perez,43,3,21:11:35,33.165
2023,17,norris,44,3,21:12:24,27.677
2023,17,alonso,44,3,21:12:50,28.393
2023,17,gasly,44,3,21:12:58,34.856
2023,17,albon,44,3,21:13:12,28.981
2023,17,russell,50,4,21:21:11,28.191
2023,17,max_verstappen,51,3,21:22:13,29.726
2023,17,zhou,52,3,21:24:48,28.815
2023,18,zhou,9,1,14:19:22,25.636
2023,18,albon,10,1,14:21:07,24.563
2023,18,bottas,10,1,14:21:09,24.783
2023,18,kevin_magnussen,10,1,14:21:11,25.067
2023,18,sargeant,11,1,14:22:55,24.990
2023,18,max_verstappen,16,1,14:31:06,23.756
2023,18,norris,17,1,14:32:42,24.155
2023,18,sainz,17,1,14:32:54,23.668
2023,18,perez,17,1,14:32:58,24.245
2023,18,tsunoda,17,1,14:33:06,24.354
2023,18,gasly,18,1,14:34:46,23.900
2023,18,alonso,19,1,14:36:41,25.055
2023,18,hulkenberg,19,1,14:36:48,26.573
2023,18,hamilton,20,1,14:37:53,24.916
2023,18,stroll,20,1,14:38:28,24.457
2023,18,russell,21,1,14:39:49,24.357
2023,18,ricciardo,23,1,14:43:10,23.963
2023,18,leclerc,23,1,14:43:10,23.963
2023,18,zhou,27,2,14:50:48,24.717
2023,18,bottas,28,2,14:52:29,25.020
2023,18,albon,29,2,14:54:08,24.354
2023,18,kevin_magnussen,29,2,14:54:24,24.745
2023,18,sargeant,32,2,14:59:24,25.547
2023,18,norris,34,2,15:01:53,23.361
2023,18,tsunoda,34,2,15:02:26,24.125
2023,18,hulkenberg,34,2,15:02:47,24.308
2023,18,max_verstappen,35,2,15:03:31,24.974
2023,18,sainz,35,2,15:03:42,23.673
2023,18,perez,37,2,15:07:07,23.747
2023,18,gasly,37,2,15:07:28,24.880
2023,18,hamilton,38,2,15:08:41,24.648
2023,18,russell,39,2,15:10:47,23.969
2023,18,stroll,40,2,15:12:45,23.955
2023,18,alonso,42,2,15:16:00,24.823
2023,18,ricciardo,47,2,15:25:15,26.513
2023,18,tsunoda,54,3,15:36:35,23.472
2023,19,tsunoda,9,1,14:16:34,30.121
2023,19,norris,11,1,14:19:23,23.408
2023,19,max_verstappen,19,1,14:30:10,22.427
2023,19,zhou,21,1,14:33:34,22.817
2023,19,sargeant,22,1,14:35:03,23.945
2023,19,hulkenberg,23,1,14:36:19,23.144
2023,19,kevin_magnussen,23,1,14:36:27,23.642
2023,19,hamilton,24,1,14:37:21,22.210
2023,19,piastri,25,1,14:38:53,23.734
2023,19,russell,26,1,14:40:18,22.311
2023,19,ricciardo,27,1,14:41:39,22.406
2023,19,gasly,28,1,14:43:24,22.627
2023,19,alonso,29,1,14:45:06,22.844
2023,19,sainz,30,1,14:45:46,22.067
2023,19,stroll,30,1,14:46:28,22.582
2023,19,leclerc,31,1,14:47:01,22.248
2023,19,bottas,31,1,14:47:48,23.638
2023,19,max_verstappen,33,2,14:50:02,22.372
2023,19,norris,33,2,14:50:50,22.563
2023,19,albon,33,1,14:50:54,23.680
2023,19,max_verstappen,34,3,14:52:56,20:09.136
2023,19,leclerc,34,2,14:52:57,20:10.512
2023,19,hamilton,34,2,14:52:59,20:12.908
2023,19,sainz,34,2,14:53:00,20:15.432
2023,19,ricciardo,34,2,14:53:02,20:17.136
2023,19,piastri,34,2,14:53:04,20:19.064
2023,19,russell,34,2,14:53:10,20:18.200
2023,19,tsunoda,34,2,14:53:13,20:18.057
2023,19,hulkenberg,34,2,14:53:15,20:19.826
2023,19,norris,34,3,14:53:17,20:26.386
2023,19,gasly,34,2,14:53:20,20:25.698
2023,19,albon,34,2,14:53:22,20:27.980
2023,19,zhou,34,2,14:53:24,20:29.539
2023,19,ocon,34,1,14:53:30,20:26.296
2023,19,sargeant,34,2,14:53:33,20:27.718
2023,19,bottas,34,2,14:53:35,20:29.349
2023,19,stroll,34,2,14:53:38,20:29.686
2023,19,alonso,34,2,14:53:42,20:29.837
2023,20,max_verstappen,1,1,14:05:19,18.535
2023,20,norris,1,1,14:05:21,19.386
2023,20,hamilton,1,1,14:05:24,18.521
2023,20,alonso,1,1,14:05:26,18.487
2023,20,stroll,1,1,14:05:28,18.504
2023,20,russell,1,1,14:05:30,20.449
2023,20,perez,1,1,14:05:32,20.811
2023,20,sainz,1,1,14:05:33,23.030
2023,20,ocon,1,1,14:05:35,22.209
2023,20,piastri,1,1,14:05:36,26:24.007
2023,20,tsunoda,1,1,14:05:39,20.969
2023,20,gasly,1,1,14:05:40,20.523
2023,20,bottas,1,1,14:05:41,20.732
2023,20,zhou,1,1,14:05:45,21.256
2023,20,sargeant,1,1,14:05:46,27.472
2023,20,ricciardo,1,1,14:05:47,26:16.725
2023,20,hulkenberg,1,1,14:05:49,34.261
2023,20,max_verstappen,2,2,14:07:42,23:22.632
2023,20,norris,2,2,14:07:44,23:24.611
2023,20,hamilton,2,2,14:07:46,23:26.375
2023,20,alonso,2,2,14:07:47,23:28.154
2023,20,stroll,2,2,14:07:50,23:29.984
2023,20,russell,2,2,14:07:53,23:30.984
2023,20,perez,2,2,14:07:55,23:31.712
2023,20,sainz,2,2,14:07:57,23:33.704
2023,20,ocon,2,2,14:07:59,23:34.725
2023,20,tsunoda,2,2,14:08:02,23:35.420
2023,20,gasly,2,2,14:08:04,23:36.706
2023,20,bottas,2,2,14:08:05,23:38.156
2023,20,zhou,2,2,14:08:09,23:39.945
2023,20,sargeant,2,2,14:08:10,23:41.207
2023,20,hulkenberg,2,2,14:08:14,23:41.069
2023,20,piastri,2,2,14:33:41,38.489
2023,20,ricciardo,2,2,14:33:47,32.770
2023,20,ocon,14,3,14:48:20,24.037
2023,20,zhou,15,3,14:49:40,23.953
2023,20,sargeant,17,3,14:52:18,24.367
2023,20,hamilton,18,3,14:53:23,23.571
2023,20,bottas,18,3,14:53:31,24.077
2023,20,russell,19,3,14:54:41,23.730
2023,20,perez,20,3,14:55:57,23.164
2023,20,hulkenberg,21,3,14:57:33,24.401
2023,20,stroll,22,3,14:58:34,23.558
2023,20,alonso,25,3,15:02:12,24.204
2023,20,piastri,24,3,15:02:38,23.536
2023,20,sainz,26,3,15:03:43,23.557
2023,20,gasly,26,3,15:03:46,25.295
2023,20,tsunoda,26,3,15:03:48,27.114
2023,20,max_verstappen,27,3,15:04:35,22.994
2023,20,norris,27,3,15:04:39,23.806
2023,20,ricciardo,26,3,15:05:07,23.955
2023,20,ocon,31,4,15:10:28,24.406
2023,20,sargeant,44,4,15:27:16,24.137
2023,20,russell,45,4,15:28:17,23.962
2023,20,perez,46,4,15:29:13,23.522
2023,20,hamilton,46,4,15:29:28,24.074
2023,20,gasly,46,4,15:29:32,23.583
2023,20,hulkenberg,46,4,15:30:00,23.841
2023,20,alonso,47,4,15:30:25,23.830
2023,20,sainz,51,4,15:35:44,23.704
2023,20,ocon,51,5,15:36:12,23.599
2023,20,stroll,52,4,15:36:55,25.294
2023,20,piastri,52,4,15:38:37,23.338
2023,20,tsunoda,55,4,15:41:00,23.453
2023,20,max_verstappen,56,4,15:41:21,23.397
2023,20,ricciardo,55,4,15:42:16,23.508
2023,20,norris,59,4,15:45:16,23.664
2023,21,perez,1,1,22:06:05,33.599
2023,21,alonso,1,1,22:06:26,29.304
2023,21,bottas,1,1,22:06:30,43.914
2023,21,stroll,3,1,22:10:06,22.222
2023,21,sainz,3,1,22:10:19,21.261
2023,21,tsunoda,10,1,22:25:26,20.619
2023,21,hulkenberg,12,1,22:28:45,22.154
2023,21,kevin_magnussen,14,1,22:32:02,21.611
2023,21,russell,15,1,22:33:29,21.257
2023,21,sargeant,15,1,22:33:40,21.367
2023,21,max_verstappen,16,1,22:35:04,26.686
2023,21,albon,16,1,22:35:17,21.242
2023,21,piastri,16,1,22:35:19,23.269
2023,21,gasly,17,1,22:36:53,22.262
2023,21,hamilton,17,1,22:37:11,25.047
2023,21,ricciardo,17,1,22:37:13,22.242
2023,21,ocon,20,1,22:41:58,21.763
2023,21,leclerc,21,1,22:43:18,22.559
2023,21,tsunoda,21,2,22:44:16,20.894
2023,21,bottas,24,2,22:49:10,21.575
2023,21,perez,26,2,22:51:52,21.568
2023,21,stroll,26,2,22:52:07,22.570
2023,21,max_verstappen,26,2,22:52:08,21.323
2023,21,russell,26,2,22:52:11,21.952
2023,21,sainz,26,2,22:52:13,22.630
2023,21,alonso,26,2,22:52:17,23.214
2023,21,zhou,26,1,22:52:26,22.155
2023,21,kevin_magnussen,26,2,22:52:38,21.868
2023,21,hulkenberg,26,2,22:52:42,25.453
2023,21,hamilton,26,2,22:52:49,22.508
2023,21,piastri,43,2,23:22:11,20.535
2023,22,kevin_magnussen,5,1,17:11:16,22.764
2023,22,ricciardo,7,1,17:14:15,21.692
2023,22,alonso,12,1,17:21:44,22.462
2023,22,piastri,13,1,17:23:13,21.697
2023,22,hulkenberg,13,1,17:23:25,21.861
2023,22,zhou,13,1,17:23:27,22.867
2023,22,norris,14,1,17:24:40,24.061
2023,22,russell,14,1,17:24:42,21.650
2023,22,hamilton,15,1,17:26:21,22.195
2023,22,ocon,15,1,17:26:22,22.160
2023,22,sargeant,15,1,17:26:35,22.124
2023,22,max_verstappen,16,1,17:27:36,21.662
2023,22,albon,16,1,17:28:04,22.170
2023,22,leclerc,17,1,17:29:09,21.919
2023,22,perez,17,1,17:29:21,21.446
2023,22,gasly,17,1,17:29:26,23.091
2023,22,tsunoda,22,1,17:36:54,21.486
2023,22,stroll,22,1,17:36:59,21.866
2023,22,kevin_magnussen,22,2,17:37:30,22.163
2023,22,sainz,23,1,17:38:36,21.229
2023,22,bottas,29,1,17:48:01,22.665
2023,22,ricciardo,31,2,17:50:51,21.740
2023,22,gasly,32,2,17:52:26,23.478
2023,22,norris,33,2,17:53:31,21.432
2023,22,hulkenberg,33,2,17:54:04,22.081
2023,22,russell,34,2,17:54:57,22.084
2023,22,leclerc,35,2,17:56:25,21.246
2023,22,hamilton,35,2,17:56:42,22.045
2023,22,piastri,36,2,17:58:08,21.156
2023,22,alonso,36,2,17:58:11,21.841
2023,22,zhou,37,2,18:00:12,22.345
2023,22,sargeant,41,2,18:06:20,21.880
2023,22,perez,42,2,18:06:56,21.274
2023,22,stroll,42,2,18:07:20,21.667
2023,22,max_verstappen,43,2,18:08:09,21.275
2023,22,albon,43,2,18:09:09,21.919
2023,22,sainz,56,2,18:28:24,21.564
2024,1,hulkenberg,1,1,18:05:33,36.604
2024,1,zhou,9,1,18:18:39,25.208
2024,1,stroll,9,1,18:18:42,24.418
2024,1,ocon,10,1,18:20:20,24.877
2024,1,sargeant,10,1,18:21:19,35.729
2024,1,russell,11,1,18:21:38,24.778
2024,1,leclerc,11,1,18:21:41,24.069
2024,1,kevin_magnussen,11,1,18:21:55,25.951
2024,1,perez,12,1,18:23:16,24.516
2024,1,piastri,12,1,18:23:24,25.450
2024,1,hamilton,12,1,18:23:26,25.087
2024,1,gasly,12,1,18:23:38,29.980
2024,1,bottas,12,1,18:23:42,26.420
2024,1,norris,13,1,18:25:00,24.205
2024,1,ricciardo,13,1,18:25:17,24.988
2024,1,sainz,14,1,18:26:32,24.474
2024,1,tsunoda,14,1,18:26:47,24.724
2024,1,alonso,15,1,18:28:24,24.786
2024,1,albon,15,1,18:28:29,24.681
2024,1,max_verstappen,17,1,18:31:12,25.064
2024,1,hulkenberg,20,2,18:37:08,24.768
2024,1,stroll,27,2,18:48:25,24.545
2024,1,zhou,28,2,18:49:59,25.094
2024,1,sargeant,28,2,18:51:33,25.070
2024,1,ocon,30,2,18:53:30,25.145
2024,1,bottas,30,2,18:53:32,1:14.773
2024,1,russell,31,2,18:54:21,24.866
2024,1,gasly,31,2,18:55:10,26.462
2024,1,kevin_magnussen,32,2,18:56:37,24.446
2024,1,norris,33,2,18:57:39,24.705
2024,1,hamilton,33,2,18:57:45,24.094
2024,1,leclerc,34,2,18:59:13,24.136
2024,1,piastri,34,2,18:59:20,24.852
2024,1,tsunoda,34,2,18:59:47,24.324
2024,1,sainz,35,2,19:00:38,23.866
2024,1,ricciardo,35,2,19:01:34,24.856
2024,1,perez,36,2,19:02:12,24.563
2024,1,albon,36,2,19:03:09,24.610
2024,1,max_verstappen,37,2,19:03:29,24.209
2024,1,alonso,41,2,19:10:58,25.109
2024,1,sargeant,40,3,19:11:22,25.346
2024,1,hulkenberg,41,3,19:11:29,24.387
2024,1,gasly,43,3,19:14:55,25.240
2024,2,max_verstappen,7,1,20:15:25,20.607
2024,2,perez,7,1,20:15:30,22.196
2024,2,leclerc,7,1,20:15:31,23.419
2024,2,piastri,7,1,20:15:36,21.427
2024,2,alonso,7,1,20:15:37,22.129
2024,2,russell,7,1,20:15:42,21.013
2024,2,tsunoda,7,1,20:15:51,21.694
2024,2,bearman,7,1,20:15:51,22.457
2024,2,albon,7,1,20:15:53,21.723
2024,2,kevin_magnussen,7,1,20:15:53,21.460
2024,2,ricciardo,7,1,20:15:57,1:03.364
2024,2,ocon,7,1,20:15:59,22.502
2024,2,bottas,7,1,20:16:00,22.795
2024,2,sargeant,7,1,20:16:01,23.645
2024,2,hulkenberg,33,1,20:59:21,21.035
2024,2,bottas,35,2,21:02:58,23.281
2024,2,hamilton,36,1,21:03:38,20.170
2024,2,norris,37,1,21:05:08,22.211
2024,2,zhou,41,1,21:12:03,46.381
2024,3,ricciardo,5,1,15:10:25,18.265
2024,3,albon,6,1,15:11:45,17.755
2024,3,zhou,6,1,15:11:49,19.032
2024,3,hamilton,7,1,15:13:04,17.596
2024,3,kevin_magnussen,7,1,15:13:08,18.301
2024,3,russell,8,1,15:14:23,18.046
2024,3,stroll,8,1,15:14:26,17.901
2024,3,bottas,8,1,15:14:30,46.969
2024,3,leclerc,9,1,15:15:42,17.409
2024,3,piastri,9,1,15:15:43,17.573
2024,3,tsunoda,9,1,15:15:50,18.523
2024,3,ocon,9,1,15:15:55,18.287
2024,3,norris,14,1,15:22:37,17.776
2024,3,perez,14,1,15:22:45,18.112
2024,3,sainz,16,1,15:25:14,17.599
2024,3,ocon,16,2,15:25:58,30.626
2024,3,alonso,17,1,15:27:06,18.160
2024,3,hulkenberg,17,1,15:27:28,18.320
2024,3,gasly,17,1,15:27:32,20.316
2024,3,albon,27,2,15:41:35,17.745
2024,3,ricciardo,29,2,15:44:29,17.751
2024,3,kevin_magnussen,33,2,15:49:58,18.151
2024,3,leclerc,34,2,15:50:35,17.308
2024,3,perez,35,2,15:52:18,17.222
2024,3,hulkenberg,35,2,15:52:40,18.145
2024,3,zhou,35,2,15:52:50,36.866
2024,3,tsunoda,36,2,15:53:59,17.535
2024,3,bottas,36,2,15:54:30,18.938
2024,3,stroll,37,2,15:55:19,17.977
2024,3,piastri,39,2,15:57:32,18.533
2024,3,norris,40,2,15:58:46,17.653
2024,3,sainz,41,2,15:59:57,17.740
2024,3,alonso,41,2,16:00:37,17.995
2024,3,gasly,41,2,16:01:21,17.682
2024,3,ocon,42,3,16:02:51,18.007
2024,3,russell,45,2,16:06:07,17.964
2024,4,max_verstappen,1,1,14:05:50,26:15.603
2024,4,perez,1,1,14:05:52,26:17.661
2024,4,norris,1,1,14:05:54,26:20.116
2024,4,sainz,1,1,14:05:57,26:20.097
2024,4,alonso,1,1,14:06:00,26:20.924
2024,4,piastri,1,1,14:06:03,26:20.204
2024,4,hamilton,1,1,14:06:12,26:20.696
2024,4,leclerc,1,1,14:06:13,26:23.333
2024,4,russell,1,1,14:06:18,26:21.238
2024,4,hulkenberg,1,1,14:06:21,26:20.886
2024,4,bottas,1,1,14:06:22,26:22.542
2024,4,tsunoda,1,1,14:06:25,26:24.553
2024,4,ocon,1,1,14:06:28,26:26.095
2024,4,gasly,1,1,14:06:30,26:26.793
2024,4,stroll,1,1,14:06:35,26:25.911
2024,4,kevin_magnussen,1,1,14:06:40,26:24.630
2024,4,sargeant,1,1,14:06:43,26:25.267
2024,4,zhou,1,1,14:06:50,26:22.912
2024,4,hulkenberg,5,2,14:40:46,23.622
2024,4,bottas,6,2,14:42:21,24.824
2024,4,tsunoda,7,2,14:43:59,23.358
2024,4,zhou,7,2,14:44:07,23.910
2024,4,norris,11,2,14:50:21,23.049
2024,4,zhou,11,3,14:51:01,26.653
2024,4,piastri,12,2,14:52:06,23.420
2024,4,stroll,12,2,14:52:17,23.358
2024,4,alonso,13,2,14:53:43,22.998
2024,4,perez,15,2,14:56:51,22.990
2024,4,sainz,15,2,14:56:55,23.136
2024,4,max_verstappen,16,2,14:58:23,23.177
2024,4,gasly,16,2,14:59:18,23.844
2024,4,ocon,19,2,15:04:11,23.394
2024,4,russell,22,2,15:08:39,23.577
2024,4,kevin_magnussen,22,2,15:09:03,26.198
2024,4,bottas,22,3,15:09:04,25.946
2024,4,sargeant,22,2,15:09:04,25.530
2024,4,tsunoda,22,3,15:09:05,23.486
2024,4,stroll,22,3,15:09:06,23.238
2024,4,hamilton,23,2,15:10:21,23.333
2024,4,leclerc,26,2,15:15:01,23.285
2024,4,norris,26,3,15:15:02,23.232
2024,4,piastri,32,3,15:25:00,22.848
2024,4,gasly,32,3,15:26:03,23.102
2024,4,perez,33,3,15:26:18,22.956
2024,4,alonso,33,3,15:26:33,23.157
2024,4,hulkenberg,33,3,15:27:22,23.993
2024,4,ocon,33,3,15:27:33,24.181
2024,4,max_verstappen,34,3,15:27:43,23.234
2024,4,stroll,34,4,15:28:58,22.911
2024,4,sargeant,34,3,15:29:04,24.220
2024,4,sainz,36,3,15:31:14,23.591
2024,4,russell,37,3,15:33:07,22.991
2024,4,hamilton,39,3,15:36:25,23.956
2024,4,sargeant,41,4,15:41:24,23.287
2024,5,hulkenberg,8,1,15:17:30,23.004
2024,5,tsunoda,8,1,15:17:35,23.160
2024,5,zhou,8,1,15:17:39,23.362
2024,5,stroll,9,1,15:19:10,23.823
2024,5,bottas,9,1,15:19:12,22.949
2024,5,ocon,9,1,15:19:14,23.156
2024,5,albon,9,1,15:19:15,23.273
2024,5,hamilton,9,1,15:19:19,22.518
2024,5,alonso,11,1,15:22:28,23.049
2024,5,russell,11,1,15:22:32,22.415
2024,5,gasly,11,1,15:22:43,39.712
2024,5,sargeant,12,1,15:24:34,23.229
2024,5,max_verstappen,13,1,15:25:33,22.456
2024,5,perez,13,1,15:25:43,22.027
2024,5,ricciardo,14,1,15:27:53,22.598
2024,5,piastri,16,1,15:31:03,22.673
2024,5,sainz,17,1,15:32:49,22.629
2024,5,kevin_magnussen,17,1,15:33:13,22.974
2024,5,leclerc,21,1,15:39:34,22.360
2024,5,stroll,21,2,15:40:07,22.911
2024,5,hamilton,21,2,15:40:23,22.662
2024,5,norris,22,1,15:41:37,22.161
2024,5,max_verstappen,23,2,15:43:44,22.270
2024,5,perez,23,2,15:44:03,22.371
2024,5,alonso,23,2,15:44:21,22.687
2024,5,russell,23,2,15:44:25,22.707
2024,5,hulkenberg,23,2,15:44:41,23.336
2024,5,ocon,23,2,15:44:48,23.208
2024,5,tsunoda,23,2,15:44:54,22.387
2024,5,albon,23,2,15:44:57,23.600
2024,5,zhou,23,2,15:45:02,25.610
2024,5,gasly,23,2,15:45:12,23.987
2024,5,piastri,24,2,15:46:41,22.262
2024,5,sargeant,24,2,15:47:14,22.684
2024,5,stroll,26,3,15:51:46,1:33.274
2024,5,kevin_magnussen,27,2,15:54:22,25.727
2024,5,stroll,35,4,16:10:09,34.777
2024,5,gasly,38,3,16:15:11,22.836
2024,5,zhou,40,3,16:18:35,23.252
2024,5,alonso,43,3,16:23:18,23.179
2024,6,albon,10,1,16:19:16,22.828
2024,6,stroll,11,1,16:20:48,23.038
2024,6,sargeant,11,1,16:20:52,22.611
2024,6,bottas,11,1,16:20:55,23.730
2024,6,hulkenberg,12,1,16:22:21,23.055
2024,6,gasly,12,1,16:22:22,22.466
2024,6,perez,17,1,16:29:57,21.695
2024,6,leclerc,19,1,16:32:56,21.825
2024,6,ocon,22,1,16:38:08,22.663
2024,6,alonso,22,1,16:38:11,22.374
2024,6,kevin_magnussen,22,1,16:38:18,23.265
2024,6,max_verstappen,23,1,16:39:17,22.187
2024,6,russell,24,1,16:41:18,22.800
2024,6,hamilton,26,1,16:44:23,22.107
2024,6,piastri,27,1,16:45:31,22.216
2024,6,sainz,27,1,16:45:33,22.805
2024,6,perez,28,2,16:47:40,22.396
2024,6,tsunoda,28,1,16:47:44,22.153
2024,6,zhou,28,1,16:48:01,23.017
2024,6,ricciardo,28,1,16:48:05,22.540
2024,6,hulkenberg,28,2,16:48:13,22.487
2024,6,stroll,28,2,16:48:15,22.631
2024,6,kevin_magnussen,28,2,16:48:47,29.727
2024,6,norris,29,1,16:49:15,22.041
2024,6,bottas,29,2,16:50:34,22.765
2024,6,kevin_magnussen,31,3,16:54:36,30.732
2024,6,piastri,40,2,17:08:34,30.409
2024,6,albon,53,2,17:29:03,22.567
2024,7,alonso,7,1,15:13:08,31.368
2024,7,albon,8,1,15:14:25,30.050
2024,7,gasly,8,1,15:14:26,30.081
2024,7,bottas,8,1,15:14:28,30.240
2024,7,albon,9,2,15:17:08,33.179
2024,7,ricciardo,11,1,15:18:29,30.068
2024,7,tsunoda,12,1,15:19:49,29.628
2024,7,hulkenberg,13,1,15:21:11,29.749
2024,7,russell,21,1,15:31:57,29.664
2024,7,norris,22,1,15:33:08,29.956
2024,7,piastri,23,1,15:34:37,29.770
2024,7,max_verstappen,24,1,15:35:46,30.416
2024,7,albon,23,3,15:36:52,38.413
2024,7,leclerc,25,1,15:37:15,30.149
2024,7,ocon,25,1,15:37:56,30.659
2024,7,sainz,27,1,15:40:03,30.508
2024,7,hamilton,27,1,15:40:14,29.547
2024,7,albon,28,4,15:44:25,31.131
2024,7,gasly,30,2,15:45:06,30.654
2024,7,sargeant,31,1,15:46:28,31.085
2024,7,zhou,33,1,15:49:09,30.244
2024,7,perez,37,1,15:54:16,29.669
2024,7,stroll,37,1,15:54:22,29.971
2024,7,kevin_magnussen,37,1,15:54:36,31.302
2024,7,alonso,40,2,15:59:03,30.483
2024,7,russell,52,2,16:14:22,29.605
2024,7,alonso,59,3,16:25:23,29.931
2024,8,leclerc,1,1,15:04:50,39:18.026
2024,8,piastri,1,1,15:04:52,39:17.645
2024,8,norris,1,1,15:04:54,39:25.538
2024,8,russell,1,1,15:04:56,39:29.363
2024,8,max_verstappen,1,1,15:04:57,39:32.670
2024,8,hamilton,1,1,15:05:00,39:35.369
2024,8,tsunoda,1,1,15:05:02,39:37.564
2024,8,albon,1,1,15:05:05,39:41.390
2024,8,gasly,1,1,15:05:07,39:41.893
2024,8,stroll,1,1,15:05:10,39:43.588
2024,8,ricciardo,1,1,15:05:13,39:45.823
2024,8,alonso,1,1,15:05:15,39:49.467
2024,8,sargeant,1,1,15:05:16,39:51.600
2024,8,bottas,1,1,15:05:19,39:54.053
2024,8,sainz,1,1,15:05:27,38:47.072
2024,8,zhou,1,1,15:05:31,39:46.414
2024,8,bottas,2,15,16:04:57,24.239
2024,8,stroll,2,42,16:41:05,24.132
2024,8,stroll,3,48,16:49:27,28.211
2024,8,hamilton,2,51,16:52:10,24.232
2024,8,max_verstappen,2,52,16:53:26,23.813
2024,8,sargeant,2,57,17:01:43,24.384
2024,8,zhou,2,70,17:19:04,24.367
2024,9,kevin_magnussen,7,1,14:14:25,30.472
2024,9,hulkenberg,12,1,14:22:33,24.233
2024,9,zhou,24,1,14:40:42,25.598
2024,9,max_verstappen,25,1,14:40:52,24.306
2024,9,russell,25,1,14:40:52,24.044
2024,9,piastri,25,1,14:40:53,23.977
2024,9,alonso,25,1,14:41:12,25.788
2024,9,hamilton,25,1,14:41:13,23.762
2024,9,stroll,25,1,14:41:47,24.284
2024,9,albon,25,1,14:41:54,24.753
2024,9,leclerc,25,1,14:41:58,24.031
2024,9,sainz,25,1,14:42:01,27.626
2024,9,kevin_magnussen,25,2,14:42:03,26.794
2024,9,gasly,25,1,14:42:06,24.911
2024,9,perez,25,1,14:42:09,33.762
2024,9,hulkenberg,25,2,14:42:21,24.668
2024,9,norris,26,1,14:42:44,23.423
2024,9,ricciardo,26,1,14:43:37,30.298
2024,9,leclerc,28,2,14:47:31,47.186
2024,9,leclerc,31,3,14:53:31,24.629
2024,9,gasly,40,2,15:05:55,24.408
2024,9,kevin_magnussen,41,3,15:07:24,24.833
2024,9,bottas,42,1,15:08:45,24.929
2024,9,hamilton,43,2,15:09:46,24.226
2024,9,ricciardo,43,2,15:10:10,23.860
2024,9,sainz,43,2,15:10:12,24.125
2024,9,perez,43,2,15:10:12,24.423
2024,9,piastri,44,2,15:11:10,23.476
2024,9,alonso,44,2,15:11:23,24.346
2024,9,tsunoda,44,1,15:11:26,25.569
2024,9,stroll,44,2,15:11:30,25.025
2024,9,ocon,44,1,15:11:32,24.495
2024,9,albon,44,2,15:11:34,24.804
2024,9,hulkenberg,44,3,15:11:43,24.751
2024,9,zhou,44,2,15:11:53,1:05.564
2024,9,max_verstappen,45,2,15:12:29,24.246
2024,9,russell,45,2,15:12:31,25.431
2024,9,norris,47,2,15:15:19,23.983
2024,9,zhou,52,3,15:25:02,28.375
2024,9,russell,54,3,15:25:19,28.157
2024,9,hamilton,54,3,15:25:24,28.817
2024,9,kevin_magnussen,54,4,15:26:25,26.845
2024,10,zhou,9,1,15:15:47,22.523
2024,10,tsunoda,9,1,15:15:48,22.064
2024,10,kevin_magnussen,10,1,15:17:08,23.360
2024,10,bottas,11,1,15:18:28,22.744
2024,10,hulkenberg,12,1,15:19:44,22.722
2024,10,ocon,13,1,15:21:03,21.834
2024,10,perez,13,1,15:21:05,22.181
2024,10,gasly,14,1,15:22:19,26.097
2024,10,sargeant,14,1,15:22:45,22.401
2024,10,russell,15,1,15:23:33,25.023
2024,10,sainz,15,1,15:23:36,22.194
2024,10,hamilton,16,1,15:24:57,21.840
2024,10,ricciardo,16,1,15:25:24,22.364
2024,10,max_verstappen,17,1,15:26:11,21.544
2024,10,stroll,17,1,15:26:39,21.880
2024,10,albon,18,1,15:28:15,23.248
2024,10,alonso,19,1,15:29:25,21.957
2024,10,piastri,21,1,15:31:54,22.224
2024,10,norris,23,1,15:34:21,21.618
2024,10,leclerc,24,1,15:35:49,22.260
2024,10,tsunoda,27,2,15:40:44,22.084
2024,10,bottas,28,2,15:41:58,22.963
2024,10,kevin_magnussen,29,2,15:43:22,28.967
2024,10,perez,31,2,15:45:43,21.464
2024,10,sargeant,34,2,15:50:28,22.506
2024,10,russell,36,2,15:52:01,22.700
2024,10,sainz,36,2,15:52:05,22.249
2024,10,ocon,37,2,15:53:54,21.921
2024,10,stroll,37,2,15:54:06,23.381
2024,10,gasly,38,2,15:55:06,21.687
2024,10,hulkenberg,38,2,15:55:17,22.518
2024,10,zhou,41,2,15:59:31,24.253
2024,10,ricciardo,42,2,16:01:01,22.108
2024,10,hamilton,43,2,16:01:21,21.603
2024,10,max_verstappen,44,2,16:02:29,22.340
2024,10,albon,43,2,16:02:33,21.892
2024,10,tsunoda,44,3,16:04:06,22.564
2024,10,alonso,45,2,16:04:54,22.571
2024,10,piastri,46,2,16:05:37,22.420
2024,10,norris,47,2,16:06:31,22.631
2024,10,leclerc,47,2,16:06:44,21.624
2024,10,perez,49,3,16:09:52,21.472
2024,11,leclerc,1,1,15:04:20,31.917
2024,11,sargeant,1,1,15:04:23,31.722
2024,11,kevin_magnussen,10,1,15:15:02,21.518
2024,11,ricciardo,10,1,15:15:04,21.502
2024,11,hulkenberg,11,1,15:16:12,22.355
2024,11,alonso,11,1,15:16:18,21.483
2024,11,albon,12,1,15:17:30,21.878
2024,11,leclerc,16,2,15:22:38,21.685
2024,11,ocon,19,1,15:25:51,22.291
2024,11,bottas,19,1,15:26:01,21.918
2024,11,gasly,20,1,15:27:05,21.431
2024,11,stroll,20,1,15:27:11,21.399
2024,11,sargeant,20,2,15:27:51,22.502
2024,11,hamilton,21,1,15:28:03,21.563
2024,11,perez,21,1,15:28:10,21.291
2024,11,tsunoda,21,1,15:28:21,21.250
2024,11,russell,22,1,15:29:09,21.673
2024,11,sainz,22,1,15:29:12,21.226
2024,11,max_verstappen,23,1,15:30:10,21.899
2024,11,norris,23,1,15:30:16,21.617
2024,11,piastri,25,1,15:32:49,20.978
2024,11,zhou,28,1,15:37:09,23.198
2024,11,leclerc,33,3,15:43:03,22.243
2024,11,alonso,35,2,15:45:19,33.947
2024,11,ricciardo,37,2,15:47:39,21.093
2024,11,kevin_magnussen,38,2,15:48:49,21.832
2024,11,hulkenberg,39,2,15:49:55,21.814
2024,11,albon,39,2,15:50:11,21.692
2024,11,gasly,42,2,15:53:40,22.043
2024,11,bottas,42,2,15:53:49,21.991
2024,11,ocon,43,2,15:54:52,21.231
2024,11,stroll,43,2,15:54:58,21.302
2024,11,tsunoda,44,2,15:56:07,23.444
2024,11,russell,46,2,15:57:41,21.229
2024,11,sainz,47,2,15:58:55,21.283
2024,11,sargeant,49,3,16:03:04,22.093
2024,11,max_verstappen,51,2,16:03:13,25.841
2024,11,norris,51,2,16:03:21,21.411
2024,11,piastri,51,2,16:03:40,20.775
2024,11,perez,51,2,16:04:03,27.500
2024,11,leclerc,51,4,16:04:33,20.903
2024,11,zhou,51,2,16:05:02,21.594
2024,11,hamilton,53,2,16:06:06,27.281
2024,11,max_verstappen,64,3,16:19:06,22.729
2024,11,alonso,68,3,16:25:31,22.487
2024,12,zhou,12,1,15:22:07,29.178
2024,12,leclerc,19,1,15:32:51,28.481
2024,12,perez,19,1,15:32:59,28.391
2024,12,ocon,19,1,15:33:21,28.495
2024,12,zhou,19,2,15:33:46,29.838
2024,12,ocon,21,2,15:37:02,28.276
2024,12,max_verstappen,26,1,15:43:41,28.365
2024,12,sainz,26,1,15:43:42,29.199
2024,12,hulkenberg,26,1,15:43:59,29.412
2024,12,stroll,26,1,15:44:01,29.023
2024,12,ricciardo,26,1,15:44:23,28.875
2024,12,bottas,26,1,15:44:42,30.628
2024,12,norris,27,1,15:45:13,28.661
2024,12,hamilton,27,1,15:45:17,28.929
2024,12,russell,27,1,15:45:20,32.045
2024,12,alonso,27,1,15:45:51,29.341
2024,12,tsunoda,27,1,15:45:52,30.000
2024,12,albon,27,1,15:45:53,34.742
2024,12,ocon,26,3,15:45:57,29.289
2024,12,kevin_magnussen,27,1,15:45:59,30.308
2024,12,sargeant,27,1,15:46:01,32.801
2024,12,zhou,26,3,15:46:39,29.125
2024,12,piastri,28,1,15:47:12,29.541
2024,12,leclerc,27,2,15:47:17,29.233
2024,12,perez,28,2,15:49:13,32.313
2024,12,kevin_magnussen,37,2,16:03:41,29.884
2024,12,ricciardo,37,2,16:03:44,29.873
2024,12,bottas,37,2,16:04:05,31.527
2024,12,hamilton,38,2,16:04:09,30.038
2024,12,max_verstappen,38,2,16:04:14,29.076
2024,12,piastri,38,2,16:04:29,29.200
2024,12,leclerc,37,3,16:04:40,29.166
2024,12,perez,37,3,16:04:59,29.300
2024,12,alonso,38,2,16:05:03,29.686
2024,12,tsunoda,38,2,16:05:07,29.658
2024,12,albon,38,2,16:05:11,29.410
2024,12,sargeant,38,2,16:05:23,29.444
2024,12,norris,39,2,16:05:44,30.387
2024,12,zhou,37,4,16:06:00,33.083
2024,12,sainz,39,2,16:06:06,29.097
2024,12,hulkenberg,39,2,16:06:28,30.265
2024,12,stroll,39,2,16:06:33,29.469
2024,12,ocon,38,4,16:06:52,29.086
2024,12,perez,47,4,16:20:38,28.871
2024,12,sainz,50,3,16:22:59,28.706
2024,13,hulkenberg,2,1,15:06:01,22.287
2024,13,albon,6,1,15:11:43,22.091
2024,13,kevin_magnussen,6,1,15:11:43,21.871
2024,13,ocon,6,1,15:11:47,21.829
2024,13,alonso,7,1,15:13:05,22.542
2024,13,ricciardo,7,1,15:13:08,21.084
2024,13,zhou,7,1,15:13:15,21.993
2024,13,sargeant,8,1,15:14:38,21.757
2024,13,stroll,14,1,15:23:01,23.237
2024,13,hamilton,16,1,15:25:36,21.306
2024,13,bottas,16,1,15:25:58,22.146
2024,13,norris,17,1,15:26:55,21.861
2024,13,piastri,18,1,15:28:15,21.641
2024,13,max_verstappen,21,1,15:32:38,22.101
2024,13,sainz,21,1,15:32:46,21.655
2024,13,leclerc,23,1,15:35:30,21.894
2024,13,perez,28,1,15:43:04,21.395
2024,13,gasly,28,1,15:43:16,21.405
2024,13,ricciardo,28,2,15:43:23,21.378
2024,13,tsunoda,29,1,15:44:27,21.467
2024,13,hulkenberg,29,2,15:44:45,22.472
2024,13,albon,29,2,15:44:46,23.410
2024,13,ocon,30,2,15:46:17,21.444
2024,13,russell,33,1,15:50:09,21.369
2024,13,sargeant,33,2,15:50:34,21.398
2024,13,kevin_magnussen,34,2,15:51:57,22.531
2024,13,zhou,36,2,15:55:03,22.183
2024,13,alonso,37,2,15:55:57,21.800
2024,13,hamilton,40,2,15:59:28,21.910
2024,13,leclerc,40,2,15:59:29,21.723
2024,13,norris,45,2,16:06:18,21.249
2024,13,stroll,45,2,16:07:17,22.276
2024,13,bottas,45,2,16:07:35,21.981
2024,13,piastri,47,2,16:09:05,21.823
2024,13,sainz,47,2,16:09:23,21.439
2024,13,perez,47,2,16:09:46,21.056
2024,13,max_verstappen,49,2,16:12:02,21.344
2024,13,russell,53,2,16:18:05,21.328
2024,13,sargeant,63,3,16:33:22,21.908
2024,13,ocon,64,3,16:34:46,21.330
2024,14,hulkenberg,7,1,15:17:00,23.562
2024,14,albon,8,1,15:18:45,23.606
2024,14,ricciardo,8,1,15:18:49,22.643
2024,14,sargeant,8,1,15:18:55,23.338
2024,14,gasly,9,1,15:20:39,22.900
2024,14,russell,10,1,15:22:19,22.686
2024,14,max_verstappen,10,1,15:22:21,23.214
2024,14,hamilton,11,1,15:24:02,23.188
2024,14,perez,11,1,15:24:06,22.692
2024,14,piastri,11,1,15:24:08,22.623
2024,14,bottas,11,1,15:24:22,23.147
2024,14,leclerc,12,1,15:25:53,22.942
2024,14,ocon,12,1,15:26:11,23.366
2024,14,stroll,12,1,15:26:15,23.010
2024,14,alonso,13,1,15:27:58,23.075
2024,14,norris,15,1,15:31:29,22.682
2024,14,tsunoda,15,1,15:31:55,23.452
2024,14,kevin_magnussen,17,1,15:35:32,23.619
2024,14,sainz,20,1,15:40:33,23.080
2024,14,hulkenberg,20,2,15:41:12,23.268
2024,14,perez,21,2,15:42:34,22.648
2024,14,ricciardo,21,2,15:42:55,22.328
2024,14,albon,23,2,15:46:34,23.146
2024,14,sargeant,24,2,15:48:46,23.692
2024,14,leclerc,25,2,15:49:39,23.330
2024,14,hamilton,26,2,15:51:24,22.704
2024,14,max_verstappen,28,2,15:55:10,22.943
2024,14,sainz,28,2,15:55:17,23.089
2024,14,gasly,28,2,15:55:46,22.844
2024,14,norris,29,2,15:56:59,22.610
2024,14,piastri,30,2,15:58:38,24.125
2024,14,ocon,30,2,15:59:14,23.546
2024,14,bottas,35,2,16:08:31,22.949
2024,14,perez,42,3,16:20:40,22.632
2024,15,albon,12,1,15:18:56,21.258
2024,15,hulkenberg,14,1,15:21:26,21.619
2024,15,tsunoda,14,1,15:21:27,21.249
2024,15,bottas,15,1,15:22:50,21.095
2024,15,zhou,18,1,15:26:53,21.214
2024,15,sargeant,22,1,15:32:00,22.030
2024,15,hamilton,23,1,15:32:56,21.168
2024,15,leclerc,24,1,15:33:57,20.841
2024,15,russell,25,1,15:35:11,21.846
2024,15,max_verstappen,27,1,15:37:39,20.785
2024,15,norris,28,1,15:38:48,21.536
2024,15,perez,29,1,15:40:23,22.934
2024,15,ricciardo,29,1,15:40:51,20.942
2024,15,sainz,30,1,15:41:41,20.840
2024,15,stroll,30,1,15:42:05,21.385
2024,15,ocon,30,1,15:42:17,21.015
2024,15,alonso,31,1,15:43:19,21.348
2024,15,gasly,32,1,15:44:31,22.646
2024,15,tsunoda,32,2,15:44:50,20.880
2024,15,piastri,33,1,15:45:22,20.969
2024,15,kevin_magnussen,40,1,15:55:10,21.403
2024,15,bottas,43,2,15:59:12,21.273
2024,15,hamilton,48,2,16:04:40,21.026
2024,15,zhou,51,2,16:09:57,22.044
2024,15,russell,54,2,16:12:03,21.159
2024,15,albon,54,2,16:13:00,21.016
2024,16,hulkenberg,5,1,15:10:58,38.875
2024,16,gasly,10,1,15:18:08,24.335
2024,16,russell,11,1,15:19:22,32.696
2024,16,ricciardo,11,1,15:19:31,30.317
2024,16,alonso,12,1,15:20:54,24.866
2024,16,norris,14,1,15:23:26,24.169
2024,16,kevin_magnussen,14,1,15:23:48,25.672
2024,16,leclerc,15,1,15:24:52,24.551
2024,16,hamilton,15,1,15:24:58,24.469
2024,16,zhou,15,1,15:25:28,27.138
2024,16,piastri,16,1,15:26:13,23.793
2024,16,colapinto,16,1,15:26:50,25.147
2024,16,albon,17,1,15:28:04,24.801
2024,16,sainz,19,1,15:30:37,24.313
2024,16,stroll,19,1,15:31:07,24.980
2024,16,max_verstappen,22,1,15:34:56,28.198
2024,16,perez,23,1,15:36:25,24.728
2024,16,gasly,30,2,15:47:05,24.203
2024,16,ocon,31,1,15:48:20,24.146
2024,16,norris,32,2,15:48:59,24.870
2024,16,hulkenberg,32,2,15:50:05,36.576
2024,16,russell,33,2,15:50:51,26.297
2024,16,bottas,33,1,15:51:24,24.410
2024,16,perez,35,2,15:53:38,24.030
2024,16,alonso,35,2,15:53:55,24.501
2024,16,stroll,36,2,15:55:36,24.209
2024,16,hamilton,37,2,15:56:11,24.155
2024,16,piastri,38,2,15:57:15,24.670
2024,16,max_verstappen,41,2,16:01:54,24.150
2024,16,stroll,50,3,16:15:41,25.269
2024,17,stroll,1,1,15:06:20,21.123
2024,17,colapinto,10,1,15:22:39,20.596
2024,17,alonso,11,1,15:24:27,20.073
2024,17,bottas,11,1,15:25:01,20.045
2024,17,max_verstappen,12,1,15:26:10,21.145
2024,17,russell,12,1,15:26:14,19.954
2024,17,hamilton,12,1,15:26:34,21.289
2024,17,tsunoda,12,1,15:26:54,20.922
2024,17,perez,13,1,15:27:51,20.630
2024,17,bearman,14,1,15:30:09,21.276
2024,17,piastri,15,1,15:31:28,20.181
2024,17,hulkenberg,15,1,15:31:57,21.617
2024,17,leclerc,16,1,15:33:13,20.671
2024,17,sainz,17,1,15:35:11,21.483
2024,17,stroll,22,2,15:45:17,20.214
2024,17,albon,31,1,16:00:54,20.287
2024,17,zhou,34,1,16:07:12,20.520
2024,17,norris,37,1,16:11:41,19.712
2024,17,max_verstappen,49,2,16:33:13,20.725
2024,17,ricciardo,49,1,16:34:12,21.984
2024,17,ocon,49,1,16:34:42,20.634
2024,17,gasly,50,1,16:36:20,20.257
2024,18,ricciardo,10,1,20:20:46,30.316
2024,18,albon,11,1,20:22:22,29.126
2024,18,sainz,13,1,20:25:37,29.385
2024,18,hamilton,17,1,20:31:54,29.272
2024,18,alonso,25,1,20:45:21,29.251
2024,18,stroll,26,1,20:47:31,29.816
2024,18,russell,27,1,20:48:22,28.739
2024,18,perez,28,1,20:50:26,28.990
2024,18,kevin_magnussen,28,1,20:50:47,29.707
2024,18,max_verstappen,29,1,20:51:28,29.655
2024,18,hulkenberg,29,1,20:52:00,29.808
2024,18,colapinto,29,1,20:52:02,29.772
2024,18,ocon,29,1,20:52:22,29.601
2024,18,norris,30,1,20:52:44,29.091
2024,18,tsunoda,33,1,20:58:54,29.662
2024,18,bottas,33,1,20:59:22,30.423
2024,18,zhou,34,1,21:01:01,29.360
2024,18,leclerc,36,1,21:03:29,29.042
2024,18,gasly,37,1,21:06:04,31.509
2024,18,piastri,38,1,21:06:22,29.152
2024,18,ricciardo,46,2,21:20:58,29.066
2024,18,kevin_magnussen,49,2,21:26:52,31.291
2024,18,ricciardo,58,3,21:40:58,29.653
2024,19,albon,3,1,14:09:39,34.983
2024,19,zhou,13,1,14:28:22,24.433
2024,19,bottas,15,1,14:31:39,24.439
2024,19,kevin_magnussen,17,1,14:34:50,23.966
2024,19,gasly,18,1,14:36:29,28.228
2024,19,tsunoda,18,1,14:36:35,24.193
2024,19,sainz,21,1,14:41:13,23.963
2024,19,max_verstappen,25,1,14:47:52,24.228
2024,19,leclerc,26,1,14:49:20,23.817
2024,19,perez,26,1,14:49:57,23.580
2024,19,alonso,26,1,14:50:15,24.247
2024,19,hulkenberg,27,1,14:51:40,24.500
2024,19,stroll,27,1,14:52:06,26.399
2024,19,norris,31,1,14:57:52,23.731
2024,19,ocon,31,1,14:58:47,24.156
2024,19,piastri,32,1,14:59:38,24.107
2024,19,albon,33,2,15:02:17,24.391
2024,19,zhou,35,2,15:05:59,24.890
2024,19,lawson,36,1,15:06:52,23.839
2024,19,kevin_magnussen,38,2,15:10:18,24.087
2024,19,colapinto,39,1,15:11:56,23.971
2024,19,russell,40,1,15:13:16,29.327
2024,19,ocon,51,2,15:32:32,26.175
2024,20,perez,20,1,14:35:55,27.730
2024,20,max_verstappen,26,1,14:43:43,43.730
2024,20,stroll,26,1,14:44:17,22.592
2024,20,hamilton,28,1,14:46:42,22.538
2024,20,gasly,28,1,14:46:56,23.204
2024,20,hulkenberg,29,1,14:48:15,23.077
2024,20,norris,30,1,14:49:15,22.111
2024,20,kevin_magnussen,30,1,14:49:36,23.332
2024,20,leclerc,31,1,14:50:30,22.860
2024,20,russell,31,1,14:50:44,22.462
2024,20,sainz,32,1,14:51:43,22.249
2024,20,piastri,39,1,15:02:09,21.825
2024,20,lawson,39,1,15:02:15,22.586
2024,20,zhou,43,1,15:08:09,22.935
2024,20,perez,43,2,15:08:13,22.174
2024,20,colapinto,47,1,15:13:22,23.895
2024,20,ocon,48,1,15:14:59,23.245
2024,20,bottas,49,1,15:16:16,22.505
2024,20,lawson,65,2,15:38:15,30.299
2024,20,leclerc,69,2,15:42:04,22.690
2024,20,perez,68,3,15:42:41,21.920
2024,21,leclerc,24,1,13:24:06,24.573
2024,21,hulkenberg,25,1,13:25:44,25.369
2024,21,colapinto,26,1,13:27:23,25.287
2024,21,piastri,27,1,13:28:37,26.050
2024,21,alonso,27,1,13:28:41,25.107
2024,21,bearman,27,1,13:28:52,35.755
2024,21,hamilton,27,1,13:28:55,25.205
2024,21,sainz,27,1,13:29:01,25.920
2024,21,perez,27,1,13:29:04,26.692
2024,21,zhou,27,1,13:29:32,25.248
2024,21,russell,28,1,13:29:59,25.698
2024,21,norris,28,1,13:30:01,24.764
2024,21,tsunoda,28,1,13:30:16,25.431
2024,21,lawson,28,1,13:30:35,28.167
2024,21,hulkenberg,27,2,13:31:21,58.984
2024,21,zhou,28,2,13:31:38,27.067
2024,21,colapinto,30,2,13:35:02,25.239
2024,21,hulkenberg,29,3,13:36:17,28.590
2024,21,ocon,32,1,13:38:37,23:28.695
2024,21,max_verstappen,32,1,13:38:39,23:29.303
2024,21,zhou,31,3,13:38:42,21:23.154
2024,21,gasly,32,1,13:38:45,23:27.586
2024,21,norris,32,2,13:38:46,23:35.363
2024,21,russell,32,2,13:38:51,23:35.838
2024,21,tsunoda,32,2,13:38:53,23:39.030
2024,21,leclerc,32,2,13:38:55,23:40.260
2024,21,piastri,32,2,13:38:58,23:40.270
2024,21,alonso,32,2,13:39:00,23:42.872
2024,21,lawson,32,2,13:39:03,23:42.722
2024,21,hamilton,32,2,13:39:05,23:45.703
2024,21,bottas,32,1,13:39:10,23:42.094
2024,21,sainz,32,2,13:39:11,23:44.659
2024,21,perez,32,2,13:39:13,23:45.215
2024,21,bearman,32,2,13:39:16,23:44.737
2024,21,zhou,32,4,14:01:55,1:08.542
2024,22,alonso,4,1,22:10:35,21.407
2024,22,leclerc,9,1,22:18:44,21.329
2024,22,norris,9,1,22:18:45,21.194
2024,22,albon,9,1,22:18:56,22.012
2024,22,stroll,9,1,22:18:57,34.863
2024,22,sainz,10,1,22:20:21,21.048
2024,22,gasly,10,1,22:20:28,22.179
2024,22,tsunoda,10,1,22:20:29,21.168
2024,22,piastri,10,1,22:20:30,27.732
2024,22,max_verstappen,11,1,22:21:59,20.697
2024,22,ocon,11,1,22:22:13,15.790
2024,22,zhou,11,1,22:22:14,22.960
2024,22,lawson,11,1,22:22:17,21.049
2024,22,russell,12,1,22:23:29,21.072
2024,22,ocon,12,2,22:24:07,21.142
2024,22,hamilton,13,1,22:25:24,21.067
2024,22,hulkenberg,14,1,22:27:15,21.511
2024,22,colapinto,16,1,22:30:50,21.170
2024,22,perez,17,1,22:32:20,21.294
2024,22,kevin_magnussen,17,1,22:32:31,21.963
2024,22,bottas,17,1,22:32:34,21.623
2024,22,alonso,24,2,22:44:09,21.407
2024,22,piastri,25,2,22:45:37,21.082
2024,22,colapinto,26,2,22:47:34,21.221
2024,22,max_verstappen,27,2,22:48:30,22.254
2024,22,hamilton,27,2,22:48:34,21.355
2024,22,sainz,28,2,22:50:14,20.879
2024,22,stroll,28,2,22:50:55,21.588
2024,22,tsunoda,29,2,22:52:13,21.208
2024,22,norris,30,2,22:53:40,20.668
2024,22,leclerc,31,2,22:55:05,21.585
2024,22,russell,32,2,22:56:26,20.975
2024,22,perez,32,2,22:57:18,21.034
2024,22,hulkenberg,33,2,22:58:49,21.702
2024,22,zhou,34,2,23:00:44,21.761
2024,22,bottas,35,2,23:02:48,22.821
2024,22,lawson,38,2,23:07:28,20.642
2024,22,ocon,45,3,23:18:59,21.858
2024,22,norris,48,3,23:22:59,21.059
2024,23,stroll,1,1,19:05:45,29.783
2024,23,hulkenberg,1,1,19:06:14,32.957
2024,23,stroll,7,2,19:17:19,41.674
2024,23,russell,23,1,19:39:53,32.309
2024,23,bottas,24,1,19:41:56,29.034
2024,23,kevin_magnussen,27,1,19:46:04,28.543
2024,23,hulkenberg,31,2,19:52:08,28.343
2024,23,piastri,34,1,19:55:28,27.818
2024,23,sainz,34,1,19:55:52,36.143
2024,23,hamilton,34,1,19:56:36,37.915
2024,23,max_verstappen,35,1,19:56:43,28.303
2024,23,norris,35,1,19:56:47,28.024
2024,23,leclerc,35,1,19:57:03,28.460
2024,23,perez,35,1,19:57:29,28.088
2024,23,gasly,35,1,19:57:50,28.792
2024,23,russell,35,2,19:57:59,27.870
2024,23,alonso,35,1,19:58:01,28.628
2024,23,zhou,35,1,19:58:03,29.085
2024,23,tsunoda,35,1,19:58:23,29.024
2024,23,albon,35,1,19:58:26,29.179
2024,23,lawson,35,1,19:58:28,45.049
2024,23,max_verstappen,36,2,19:59:32,23.884
2024,23,hamilton,35,2,19:59:34,23.412
2024,23,bottas,35,2,19:59:35,28.968
2024,23,norris,36,2,19:59:37,25.592
2024,23,leclerc,36,2,19:59:40,25.675
2024,23,piastri,36,2,19:59:44,22.867
2024,23,perez,36,2,19:59:53,22.705
2024,23,gasly,36,2,20:00:12,22.717
2024,23,russell,36,3,20:00:22,22.763
2024,23,sainz,36,2,20:00:24,22.776
2024,23,alonso,36,2,20:00:27,28.592
2024,23,zhou,36,2,20:00:29,23.228
2024,23,kevin_magnussen,36,2,20:00:33,22.696
2024,23,tsunoda,36,2,20:00:47,22.714
2024,23,albon,36,2,20:00:48,22.710
2024,23,hulkenberg,36,3,20:00:50,23.810
2024,23,lawson,36,2,20:01:08,22.737
2024,23,max_verstappen,37,3,20:02:21,22.703
2024,23,hamilton,36,3,20:02:23,26.815
2024,23,norris,37,3,20:02:24,28.746
2024,23,bottas,36,3,20:02:25,28.140
2024,23,leclerc,37,3,20:02:26,28.983
2024,23,piastri,37,3,20:02:28,29.326
2024,23,perez,37,3,20:02:30,29.459
2024,23,gasly,37,3,20:02:33,30.488
2024,23,russell,37,4,20:02:34,34.037
2024,23,sainz,37,3,20:02:35,34.356
2024,23,zhou,37,3,20:02:37,34.818
2024,23,alonso,37,3,20:02:41,32.811
2024,23,kevin_magnussen,37,3,20:02:42,33.363
2024,23,tsunoda,37,3,20:02:45,35.849
2024,23,albon,37,3,20:02:46,36.548
2024,23,hulkenberg,37,4,20:02:48,37.692
2024,23,lawson,37,3,20:03:03,26.790
2024,23,tsunoda,40,4,20:09:21,29.271
2024,23,lawson,40,4,20:09:24,34.655
2024,23,norris,45,4,20:17:59,36.069
2024,23,hamilton,47,4,20:21:04,22.705
2024,23,albon,55,4,20:32:43,39.687
2024,24,colapinto,3,1,17:09:29,24.941
2024,24,piastri,4,1,17:10:26,23.582
2024,24,bottas,6,1,17:13:23,41.144
2024,24,stroll,11,1,17:20:50,23.266
2024,24,kevin_magnussen,12,1,17:22:19,26.363
2024,24,zhou,12,1,17:22:26,23.024
2024,24,albon,12,1,17:22:27,22.065
2024,24,hulkenberg,13,1,17:23:45,21.530
2024,24,alonso,13,1,17:23:49,23.326
2024,24,gasly,14,1,17:25:11,22.059
2024,24,leclerc,20,1,17:34:12,21.869
2024,24,tsunoda,22,1,17:37:40,21.869
2024,24,doohan,22,1,17:37:42,22.080
2024,24,lawson,23,1,17:39:04,23.415
2024,24,lawson,24,2,17:41:00,22.565
2024,24,sainz,25,1,17:41:22,21.280
2024,24,norris,26,1,17:42:49,21.276
2024,24,russell,26,1,17:43:11,21.656
2024,24,max_verstappen,29,1,17:47:46,32.652
2024,24,kevin_magnussen,29,2,17:48:18,21.678
2024,24,lawson,29,3,17:48:52,32.317
2024,24,kevin_magnussen,30,3,17:50:20,22.815
2024,24,piastri,32,2,17:52:42,32.774
2024,24,stroll,32,2,17:52:48,22.053
2024,24,hamilton,34,1,17:55:17,21.694
2024,24,alonso,37,2,18:00:10,22.437
2024,24,zhou,39,2,18:03:21,28.765
2024,24,kevin_magnussen,55,4,18:28:06,22.090
2025,1,norris,2,1,15:22:58,13.341
2025,1,max_verstappen,2,1,15:23:00,13.416
2025,1,piastri,2,1,15:23:02,13.078
2025,1,russell,2,1,15:23:03,13.672
2025,1,leclerc,2,1,15:23:06,14.182
2025,1,tsunoda,2,1,15:23:08,14.957
2025,1,albon,2,1,15:23:10,15.02
2025,1,hamilton,2,1,15:23:13,15.002
2025,1,gasly,2,1,15:23:15,15.104
2025,1,alonso,2,1,15:23:16,15.535
2025,1,stroll,2,1,15:23:19,15.505
2025,1,hulkenberg,2,1,15:23:21,15.13
2025,1,antonelli,2,1,15:23:23,14.658
2025,1,bortoleto,2,1,15:23:25,14.432
2025,1,ocon,2,1,15:23:27,14.395
2025,1,lawson,2,1,15:23:29,14.79
2025,1,bearman,2,1,15:23:30,14.605
2025,1,norris,3,2,15:25:40,12.91
2025,1,max_verstappen,3,2,15:25:42,13.74
2025,1,piastri,3,2,15:25:43,13.838
2025,1,russell,3,2,15:25:45,14.104
2025,1,leclerc,3,2,15:25:48,14.621
2025,1,tsunoda,3,2,15:25:51,15.223
2025,1,albon,3,2,15:25:53,16.993
2025,1,hamilton,3,2,15:25:56,16.191
2025,1,gasly,3,2,15:25:58,15.744
2025,1,alonso,3,2,15:25:59,16.241
2025,1,stroll,3,2,15:26:02,16.014
2025,1,hulkenberg,3,2,15:26:03,15.971
2025,1,antonelli,3,2,15:26:05,16.374
2025,1,bortoleto,3,2,15:26:07,16.363
2025,1,ocon,3,2,15:26:09,16.477
2025,1,lawson,3,2,15:26:12,16.309
2025,1,bearman,3,2,15:26:13,16.347
2025,1,norris,4,3,15:28:16,12.804
2025,1,max_verstappen,4,3,15:28:18,12.938
2025,1,piastri,4,3,15:28:20,12.816
2025,1,russell,4,3,15:28:22,13.696
2025,1,leclerc,4,3,15:28:24,14.129
2025,1,tsunoda,4,3,15:28:28,13.605
2025,1,albon,4,3,15:28:29,14.285
2025,1,hamilton,4,3,15:28:31,14.789
2025,1,gasly,4,3,15:28:34,14.71
2025,1,alonso,4,3,15:28:36,15.034
2025,1,stroll,4,3,15:28:39,14.451
2025,1,hulkenberg,4,3,15:28:41,14.198
2025,1,antonelli,4,3,15:28:43,13.975
2025,1,bortoleto,4,3,15:28:45,14.206
2025,1,ocon,4,3,15:28:48,19.649
2025,1,lawson,4,3,15:28:49,18.88
2025,1,bearman,4,3,15:28:52,22.494
2025,1,tsunoda,33,4,16:15:35,18.997
2025,1,albon,33,4,16:15:36,18.573
2025,1,hamilton,33,4,16:15:38,18.526
2025,1,gasly,33,4,16:15:40,19.589
2025,1,antonelli,33,4,16:15:45,18.912
2025,1,stroll,33,4,16:16:06,18.802
2025,1,hulkenberg,33,4,16:16:15,21.123
2025,1,bortoleto,33,4,16:16:21,24.073
2025,1,norris,34,4,16:16:22,18.464
2025,1,piastri,34,4,16:16:29,19.719
2025,1,lawson,33,4,16:16:32,20.067
2025,1,max_verstappen,34,4,16:16:46,18.7
2025,1,russell,34,4,16:17:08,19.125
2025,1,leclerc,34,4,16:17:17,18.154
2025,1,ocon,39,4,16:29:59,18.778
2025,1,bearman,39,4,16:30:04,22.441
2025,1,norris,44,5,16:36:55,18.031
2025,1,russell,44,5,16:37:02,19.378
2025,1,albon,44,5,16:37:03,18.952
2025,1,antonelli,44,5,16:37:06,21.946
2025,1,stroll,44,5,16:37:07,18.901
2025,1,hulkenberg,44,5,16:37:08,20.209
2025,1,bortoleto,44,5,16:37:17,26.214
2025,1,piastri,44,5,16:38:21,19.85
2025,1,bearman,44,5,16:38:32,19.37
2025,1,max_verstappen,46,5,16:40:05,18.721
2025,1,gasly,46,5,16:40:17,19.482
2025,1,ocon,46,5,16:41:36,19.858
2025,1,hamilton,47,5,16:42:26,20.802
2025,1,leclerc,47,5,16:42:28,24.528
2025,1,tsunoda,47,5,16:42:35,19.312
2025,2,bortoleto,1,1,15:05:40,23.385
2025,2,gasly,10,1,15:20:20,23.138
2025,2,tsunoda,11,1,15:21:55,22.519
2025,2,ocon,11,1,15:21:57,23.114
2025,2,doohan,11,1,15:22:03,22.793
2025,2,antonelli,12,1,15:23:33,22.675
2025,2,hadjar,12,1,15:23:35,22.896
2025,2,hamilton,13,1,15:25:02,22.388
2025,2,max_verstappen,13,1,15:25:08,22.454
2025,2,piastri,14,1,15:26:32,23.938
2025,2,russell,14,1,15:26:38,22.324
2025,2,norris,15,1,15:28:14,22.213
2025,2,leclerc,15,1,15:28:19,22.151
2025,2,sainz,17,1,15:31:57,22.721
2025,2,lawson,18,1,15:33:41,22.536
2025,2,albon,20,1,15:36:47,23.362
2025,2,hulkenberg,20,1,15:37:16,22.959
2025,2,bearman,26,1,15:46:48,22.808
2025,2,bortoleto,26,2,15:47:23,22.79
2025,2,lawson,30,2,15:53:39,22.355
2025,2,hadjar,33,2,15:58:23,22.234
2025,2,tsunoda,35,2,16:01:33,22.583
2025,2,stroll,36,1,16:03:08,22.995
2025,2,hamilton,37,2,16:04:25,22.364
2025,2,tsunoda,46,3,16:19:46,38.102
2025,3,stroll,9,1,14:18:18,23.724
2025,3,doohan,15,1,14:27:46,23.382
2025,3,russell,19,1,14:33:35,23.184
2025,3,piastri,20,1,14:35:03,23.037
2025,3,max_verstappen,21,1,14:36:32,24.397
2025,3,norris,21,1,14:36:33,23.222
2025,3,leclerc,21,1,14:36:40,23.346
2025,3,hulkenberg,22,1,14:38:44,23.515
2025,3,bearman,23,1,14:40:07,24.834
2025,3,tsunoda,23,1,14:40:13,24.181
2025,3,albon,24,1,14:41:36,23.093
2025,3,alonso,24,1,14:41:45,25.708
2025,3,gasly,24,1,14:41:48,26.041
2025,3,hadjar,25,1,14:43:05,23.333
2025,3,hamilton,30,1,14:50:48,22.937
2025,3,stroll,30,2,14:51:42,23.608
2025,3,antonelli,31,1,14:52:16,24.38
2025,3,bortoleto,31,1,14:52:58,23.419
2025,3,ocon,32,1,14:54:29,24.464
2025,3,lawson,33,1,14:56:01,23.662
2025,3,sainz,33,1,14:56:03,23.337
2025,4,hulkenberg,5,1,18:12:19,24.229
2025,4,hadjar,6,1,18:13:56,25.265
2025,4,ocon,8,1,18:17:10,24.876
2025,4,doohan,9,1,18:18:50,24.791
2025,4,norris,10,1,18:20:17,29.822
2025,4,gasly,10,1,18:20:24,25.033
2025,4,max_verstappen,10,1,18:20:25,26.518
2025,4,tsunoda,11,1,18:22:08,26.493
2025,4,antonelli,12,1,18:23:41,24.807
2025,4,stroll,12,1,18:23:59,24.611
2025,4,russell,13,1,18:25:13,24.044
2025,4,bortoleto,13,1,18:25:42,24.143
2025,4,piastri,14,1,18:26:48,24.498
2025,4,sainz,14,1,18:27:10,24.6
2025,4,bearman,14,1,18:27:13,24.562
2025,4,lawson,14,1,18:27:19,25.242
2025,4,albon,16,1,18:30:32,25.394
2025,4,alonso,16,1,18:30:38,24.826
2025,4,leclerc,17,1,18:31:51,24.802
2025,4,hamilton,17,1,18:32:01,24.34
2025,4,max_verstappen,26,2,18:47:10,28.067
2025,4,ocon,27,2,18:48:45,24.832
2025,4,antonelli,27,2,18:48:46,24.506
2025,4,hulkenberg,27,2,18:49:07,24.291
2025,4,gasly,28,2,18:50:18,24.958
2025,4,doohan,28,2,18:50:30,25.093
2025,4,hadjar,28,2,18:50:42,24.64
2025,4,piastri,32,2,18:56:38,24.9
2025,4,russell,32,2,18:56:48,24.1
2025,4,leclerc,32,2,18:56:49,24.241
2025,4,norris,32,2,18:56:52,24.035
2025,4,hamilton,32,2,18:57:05,24.35
2025,4,sainz,32,2,18:57:31,24.315
2025,4,tsunoda,32,2,18:57:32,24.771
2025,4,albon,32,2,18:57:37,25.99
2025,4,bearman,32,2,18:57:37,24.895
2025,4,antonelli,32,3,18:57:41,24.693
2025,4,alonso,32,2,18:57:44,24.846
2025,4,lawson,32,2,18:57:56,24.191
2025,4,stroll,32,2,18:57:57,24.592
2025,4,bortoleto,32,2,18:58:04,25.396
2025,4,sainz,44,3,19:19:11,37.116
2025,5,doohan,1,1,20:06:22,20.571
2025,5,ocon,1,1,20:06:23,21.512
2025,5,bortoleto,1,1,20:06:24,21.854
2025,5,bearman,18,1,20:35:43,22.095
2025,5,piastri,19,1,20:36:44,21.388
2025,5,antonelli,19,1,20:36:59,20.399
2025,5,alonso,19,1,20:37:16,21.891
2025,5,russell,20,1,20:38:24,20.329
2025,5,lawson,20,1,20:38:49,20.534
2025,5,max_verstappen,21,1,20:39:49,26.03
2025,5,sainz,21,1,20:40:17,24.148
2025,5,albon,22,1,20:41:56,22.135
2025,5,hamilton,23,1,20:43:22,20.144
2025,5,leclerc,29,1,20:52:29,20.131
2025,5,doohan,32,2,20:58:15,21.521
2025,5,hulkenberg,33,1,20:59:42,20.441
2025,5,norris,34,1,21:00:17,20.427
2025,5,hadjar,34,1,21:00:52,20.827
2025,5,stroll,39,1,21:09:12,20.487
2025,6,bortoleto,19,1,16:34:21,22.188
2025,6,stroll,20,1,16:35:58,22.317
2025,6,hadjar,22,1,16:38:57,22.115
2025,6,ocon,23,1,16:40:29,23.162
2025,6,antonelli,25,1,16:43:18,24.383
2025,6,sainz,25,1,16:43:24,22.415
2025,6,max_verstappen,26,1,16:44:48,22.501
2025,6,albon,26,1,16:44:52,21.906
2025,6,tsunoda,27,1,16:46:33,22.56
2025,6,hamilton,28,1,16:48:14,23.104
2025,6,alonso,28,1,16:48:38,23.602
2025,6,lawson,28,1,16:49:13,22.439
2025,6,piastri,29,1,16:49:28,22.106
2025,6,norris,29,1,16:49:39,22.044
2025,6,russell,29,1,16:49:59,24.257
2025,6,leclerc,29,1,16:50:09,22.183
2025,6,gasly,32,1,16:55:15,22.06
2025,6,hulkenberg,36,1,17:01:48,22.108
2025,7,ocon,1,1,15:05:04,30.506
2025,7,gasly,9,1,15:16:01,31.488
2025,7,leclerc,10,1,15:17:18,29.634
2025,7,lawson,10,1,15:17:24,29.695
2025,7,russell,11,1,15:18:39,29.784
2025,7,sainz,11,1,15:18:40,30.08
2025,7,alonso,12,1,15:20:01,30.163
2025,7,bortoleto,12,1,15:20:08,30.906
2025,7,piastri,13,1,15:21:14,30.973
2025,7,stroll,14,1,15:22:49,31.218
2025,7,colapinto,22,1,15:34:00,30.317
2025,7,norris,28,1,15:41:39,29.513
2025,7,max_verstappen,29,1,15:42:57,29.991
2025,7,albon,29,1,15:43:33,30.471
2025,7,hadjar,29,1,15:43:45,30.123
2025,7,antonelli,29,1,15:43:46,30.051
2025,7,hamilton,29,1,15:43:46,29.949
2025,7,leclerc,29,2,15:43:51,31.898
2025,7,hulkenberg,29,1,15:43:56,30.184
2025,7,bearman,29,1,15:43:58,31.414
2025,7,russell,29,2,15:43:59,30.754
2025,7,tsunoda,29,1,15:44:05,29.807
2025,7,sainz,29,2,15:44:06,30.635
2025,7,gasly,29,2,15:44:19,32.003
2025,7,lawson,29,2,15:44:23,30.291
2025,7,bortoleto,29,2,15:44:25,30.605
2025,7,piastri,30,2,15:45:35,30.609
2025,7,bearman,31,2,15:47:40,56.757
2025,7,max_verstappen,46,2,16:07:01,29.657
2025,7,norris,46,2,16:07:27,31.675
2025,7,hamilton,46,2,16:08:01,29.95
2025,7,hadjar,46,2,16:08:11,30.096
2025,7,alonso,46,2,16:08:46,30.886
2025,7,stroll,46,2,16:08:49,34.496
2025,7,colapinto,46,2,16:08:56,31.107
2025,7,bortoleto,46,3,16:09:00,29.917
2025,7,albon,47,2,16:09:46,29.786
2025,8,tsunoda,1,1,15:04:35,24.525
2025,8,gasly,1,1,15:04:37,24.376
2025,8,bearman,1,1,15:04:39,50.191
2025,8,bortoleto,1,1,15:04:58,37.243
2025,8,hulkenberg,12,1,15:20:40,24.065
2025,8,colapinto,13,1,15:22:01,24.355
2025,8,hadjar,14,1,15:22:54,24.311
2025,8,alonso,16,1,15:25:28,25.375
2025,8,ocon,16,1,15:25:33,25.575
2025,8,stroll,17,1,15:27:21,23.978
2025,8,bearman,17,2,15:27:23,24.58
2025,8,hamilton,18,1,15:28:01,23.565
2025,8,norris,19,1,15:29:00,24.545
2025,8,hadjar,19,2,15:29:37,24.031
2025,8,piastri,20,1,15:30:22,25.756
2025,8,leclerc,22,1,15:32:50,23.576
2025,8,bortoleto,26,2,15:39:08,24.483
2025,8,colapinto,26,2,15:39:09,24.497
2025,8,max_verstappen,28,1,15:40:29,24.114
2025,8,ocon,28,2,15:41:19,24.773
2025,8,lawson,31,1,15:45:22,24.206
2025,8,albon,32,1,15:46:40,23.927
2025,8,bortoleto,35,3,15:51:07,24.246
2025,8,lawson,40,2,15:57:12,24.32
2025,8,albon,40,2,15:57:14,24.19
2025,8,hulkenberg,44,2,16:02:51,24.397
2025,8,piastri,48,2,16:05:45,23.908
2025,8,leclerc,49,2,16:06:52,23.678
2025,8,sainz,48,1,16:07:45,24.498
2025,8,norris,50,2,16:08:02,23.704
2025,8,sainz,53,2,16:14:21,24.049
2025,8,russell,53,1,16:14:27,19.482
2025,8,hamilton,56,2,16:16:16,24.256
2025,8,russell,62,2,16:26:12,25.063
2025,8,stroll,64,2,16:29:13,25.916
2025,8,russell,68,3,16:33:57,24.025
2025,8,antonelli,69,1,16:35:35,24.457
2025,8,antonelli,71,2,16:38:26,24.837
2025,8,tsunoda,73,2,16:40:41,24.086
2025,8,max_verstappen,77,2,16:42:22,23.95
2025,9,albon,6,1,15:11:42,30.823
2025,9,bearman,8,1,15:14:27,22.009
2025,9,tsunoda,8,1,15:14:32,21.868
2025,9,hulkenberg,9,1,15:15:44,22.233
2025,9,sainz,9,1,15:15:53,30.547
2025,9,gasly,10,1,15:17:04,22.224
2025,9,max_verstappen,13,1,15:20:54,21.869
2025,9,colapinto,14,1,15:22:49,22.491
2025,9,alonso,15,1,15:24:11,22.782
2025,9,hamilton,16,1,15:25:09,21.957
2025,9,leclerc,17,1,15:26:25,21.863
2025,9,lawson,18,1,15:28:12,22.039
2025,9,hadjar,19,1,15:29:26,21.769
2025,9,bortoleto,19,1,15:29:42,22.041
2025,9,russell,20,1,15:30:38,21.739
2025,9,ocon,20,1,15:31:09,22.554
2025,9,norris,21,1,15:31:41,22.454
2025,9,antonelli,21,1,15:32:05,22.234
2025,9,piastri,22,1,15:32:57,21.858
2025,9,tsunoda,24,2,15:36:42,22.056
2025,9,albon,26,2,15:39:35,37.674
2025,9,max_verstappen,29,2,15:42:36,21.933
2025,9,gasly,31,2,15:46:11,22.006
2025,9,sainz,34,2,15:50:30,22.346
2025,9,bearman,35,2,15:51:44,22.27
2025,9,leclerc,40,2,15:57:36,21.893
2025,9,colapinto,39,2,15:57:43,22.119
2025,9,russell,41,2,15:59:07,21.752
2025,9,alonso,42,2,16:01:17,22.242
2025,9,ocon,43,2,16:02:48,22.468
2025,9,lawson,44,2,16:03:53,22.127
2025,9,tsunoda,44,3,16:04:10,21.822
2025,9,hulkenberg,45,2,16:05:07,21.849
2025,9,hamilton,46,2,16:05:51,24.416
2025,9,max_verstappen,47,3,16:06:47,21.802
2025,9,norris,48,2,16:08:03,21.863
2025,9,hadjar,48,2,16:08:57,22.019
2025,9,piastri,49,2,16:09:17,21.838
2025,9,antonelli,49,2,16:10:08,23.457
2025,9,bortoleto,49,2,16:10:54,22.953
2025,9,piastri,55,3,16:17:39,22.748
2025,9,norris,55,3,16:17:44,23.562
2025,9,max_verstappen,55,4,16:17:48,22.197
2025,9,alonso,54,3,16:17:56,22.216
2025,9,bearman,54,3,16:18:00,22.765
2025,9,tsunoda,54,4,16:18:04,22.283
2025,9,leclerc,55,3,16:18:11,22.383
2025,9,russell,55,3,16:18:15,23.167
2025,9,hamilton,55,3,16:18:27,22.83
2025,9,colapinto,54,3,16:18:38,21.874
2025,9,hadjar,55,3,16:19:13,21.841
2025,9,gasly,55,3,16:19:42,22.818
2025,9,sainz,55,3,16:20:10,21.984
2025,9,hulkenberg,56,3,16:21:05,21.904
2025,10,max_verstappen,12,1,14:18:22,23.604
2025,10,russell,13,1,14:19:36,23.231
2025,10,hadjar,13,1,14:20:03,24.13
2025,10,antonelli,14,1,14:20:58,23.32
2025,10,colapinto,14,1,14:21:17,24.735
2025,10,hamilton,15,1,14:22:21,23.604
2025,10,alonso,15,1,14:22:29,24.021
2025,10,piastri,16,1,14:23:33,23.245
2025,10,bearman,18,1,14:26:36,23.562
2025,10,hulkenberg,19,1,14:27:44,23.476
2025,10,albon,23,1,14:33:09,23.898
2025,10,stroll,24,1,14:34:26,23.742
2025,10,leclerc,28,1,14:38:55,23.36
2025,10,norris,29,1,14:40:08,23.223
2025,10,max_verstappen,37,2,14:50:20,23.121
2025,10,antonelli,38,2,14:51:36,23.416
2025,10,lawson,38,1,14:52:35,23.28
2025,10,russell,42,2,14:56:32,24.262
2025,10,piastri,45,2,15:00:27,23.174
2025,10,hamilton,45,2,15:00:52,23.338
2025,10,norris,47,2,15:03:01,23.471
2025,10,bortoleto,49,1,15:06:43,23.715
2025,10,alonso,50,2,15:07:35,23.409
2025,10,stroll,51,2,15:09:20,34.742
2025,10,leclerc,53,2,15:10:38,23.859
2025,10,gasly,53,1,15:11:54,23.987
2025,10,tsunoda,56,1,15:15:31,25.178
2025,10,ocon,57,1,15:16:38,24.452
2025,10,sainz,57,1,15:16:43,23.269
2025,10,alonso,66,3,15:28:14,18.2
2025,10,hulkenberg,66,2,15:28:18,18.298
2025,10,russell,67,3,15:28:22,18.265
2025,10,max_verstappen,67,3,15:28:24,18.294
2025,10,antonelli,67,3,15:28:28,18.275
2025,10,piastri,67,3,15:28:29,26.385
2025,10,ocon,66,2,15:28:35,18.244
2025,10,sainz,66,2,15:28:36,18.288
2025,10,bearman,66,2,15:28:48,27.985
2025,10,leclerc,67,3,15:28:55,18.331
2025,10,tsunoda,66,2,15:29:00,18.251
2025,10,colapinto,66,2,15:29:03,18.19
2025,10,bortoleto,66,2,15:29:03,18.23
2025,10,gasly,66,2,15:29:07,18.211
2025,10,hadjar,66,2,15:29:08,23.693
2025,10,stroll,66,3,15:29:10,23.772
2025,10,hamilton,67,3,15:29:27,18.24
2025,10,alonso,67,4,15:30:08,18.199
2025,10,hulkenberg,67,3,15:30:11,18.299
2025,10,russell,68,4,15:30:28,19.449
2025,10,max_verstappen,68,4,15:30:29,19.204
2025,10,antonelli,68,4,15:30:30,18.991
2025,10,ocon,67,3,15:30:33,18.24
2025,10,sainz,67,3,15:30:34,18.195
2025,10,piastri,68,4,15:30:35,18.25
2025,10,leclerc,68,4,15:30:50,18.265
2025,10,bearman,67,3,15:30:54,18.255
2025,10,tsunoda,67,3,15:30:57,18.26
2025,10,colapinto,67,3,15:30:59,18.193
2025,10,bortoleto,67,3,15:31:01,18.249
2025,10,gasly,67,3,15:31:02,18.217
2025,10,hadjar,67,3,15:31:09,18.284
2025,10,stroll,67,4,15:31:12,18.237
2025,10,hamilton,68,4,15:31:17,18.246
2025,10,alonso,68,5,15:31:47,18.226
2025,10,hulkenberg,68,4,15:31:50,18.306
2025,10,russell,69,5,15:32:32,18.288
2025,10,max_verstappen,69,5,15:32:33,18.309
2025,10,antonelli,69,5,15:32:35,18.284
2025,10,ocon,68,4,15:32:36,18.245
2025,10,sainz,68,4,15:32:37,18.196
2025,10,piastri,69,5,15:32:39,18.276
2025,10,leclerc,69,5,15:32:40,18.284
2025,10,bearman,68,4,15:32:41,18.257
2025,10,tsunoda,68,4,15:32:44,18.24
2025,10,colapinto,68,4,15:32:45,18.195
2025,10,bortoleto,68,4,15:32:47,18.243
2025,10,gasly,68,4,15:32:49,18.212
2025,10,hadjar,68,4,15:32:52,18.273
2025,10,stroll,68,5,15:32:54,18.225
2025,10,hamilton,69,5,15:32:55,18.244
2025,10,alonso,69,6,15:33:24,18.228
2025,10,hulkenberg,69,5,15:33:27,18.306
2025,11,hadjar,2,1,15:21:36,21.297
2025,11,bearman,11,1,15:32:52,21.91
2025,11,gasly,12,1,15:34:03,21.959
2025,11,hulkenberg,12,1,15:34:08,21.236
2025,11,albon,13,1,15:35:11,21.21
2025,11,colapinto,13,1,15:35:19,23.038
2025,11,russell,18,1,15:41:08,21.344
2025,11,tsunoda,18,1,15:41:20,21.492
2025,11,ocon,19,1,15:42:29,23.188
2025,11,norris,20,1,15:43:12,22.131
2025,11,bortoleto,21,1,15:44:46,21.676
2025,11,piastri,24,1,15:47:58,22.599
2025,11,leclerc,25,1,15:49:16,21.308
2025,11,hamilton,26,1,15:50:30,21.287
2025,11,stroll,26,1,15:51:04,22.907
2025,11,hadjar,28,2,15:53:23,21.68
2025,11,tsunoda,30,2,15:55:58,30.0
2025,11,lawson,32,1,15:57:59,21.434
2025,11,alonso,33,1,15:59:13,21.865
2025,11,gasly,38,2,16:05:25,22.105
2025,11,bearman,39,2,16:06:33,21.771
2025,11,colapinto,39,2,16:06:47,21.087
2025,11,hulkenberg,42,2,16:09:58,21.045
2025,11,russell,45,2,16:13:22,21.854
2025,11,leclerc,49,2,16:17:34,21.536
2025,11,bortoleto,49,2,16:18:10,21.286
2025,11,hamilton,50,2,16:18:54,21.158
2025,11,ocon,50,2,16:19:27,22.284
2025,11,norris,52,2,16:20:48,21.427
2025,11,piastri,53,2,16:22:01,21.033
2025,11,stroll,53,2,16:23:25,21.763
2025,11,tsunoda,60,3,16:31:51,32.643
2025,12,antonelli,2,1,15:07:48,28.721
2025,12,stroll,6,1,15:16:03,29.125
2025,12,hulkenberg,9,1,15:21:40,29.736
2025,12,antonelli,9,2,15:21:54,28.707
2025,12,stroll,10,2,15:23:24,28.853
2025,12,russell,10,1,15:23:30,28.647
2025,12,leclerc,10,1,15:23:36,29.089
2025,12,hadjar,10,1,15:23:42,28.523
2025,12,bearman,10,1,15:23:44,29.201
2025,12,piastri,11,1,15:24:55,29.491
2025,12,norris,11,1,15:25:02,30.63
2025,12,max_verstappen,11,1,15:25:04,28.182
2025,12,hamilton,11,1,15:25:12,28.917
2025,12,gasly,11,1,15:25:14,28.912
2025,12,alonso,11,1,15:25:15,28.707
2025,12,sainz,11,1,15:25:16,29.554
2025,12,tsunoda,11,1,15:25:24,28.544
2025,12,albon,12,1,15:27:11,29.251
2025,12,ocon,18,1,15:41:45,29.562
2025,12,antonelli,20,3,15:47:05,29.728
2025,12,alonso,37,2,16:17:34,28.534
2025,12,russell,38,2,16:19:16,28.205
2025,12,hamilton,41,2,16:24:05,29.127
2025,12,stroll,41,3,16:24:17,28.553
2025,12,max_verstappen,41,2,16:24:21,29.689
2025,12,gasly,41,2,16:24:23,28.469
2025,12,sainz,41,2,16:24:32,28.655
2025,12,bearman,41,2,16:24:34,29.09
2025,12,tsunoda,41,2,16:24:58,40.145
2025,12,hulkenberg,42,2,16:25:42,29.952
2025,12,leclerc,42,2,16:26:10,28.84
2025,12,albon,42,2,16:26:14,29.292
2025,12,ocon,42,2,16:26:16,28.646
2025,12,piastri,43,2,16:26:46,40.28
2025,12,norris,44,2,16:28:28,28.214
2025,13,hamilton,11,1,16:46:27,23.284
2025,13,gasly,11,1,16:46:30,26.825
2025,13,hulkenberg,11,1,16:46:31,23.599
2025,13,alonso,11,1,16:46:34,23.404
2025,13,piastri,12,1,16:47:59,23.844
2025,13,leclerc,12,1,16:48:09,23.806
2025,13,max_verstappen,12,1,16:48:10,25.913
2025,13,russell,12,1,16:48:14,23.635
2025,13,albon,12,1,16:48:15,24.029
2025,13,lawson,12,1,16:48:22,23.269
2025,13,bortoleto,12,1,16:48:24,23.274
2025,13,bearman,12,1,16:48:25,24.13
2025,13,colapinto,12,1,16:48:34,23.665
2025,13,sainz,12,1,16:48:35,27.528
2025,13,antonelli,12,1,16:48:37,23.609
2025,13,stroll,12,1,16:48:37,23.787
2025,13,norris,13,1,16:49:58,24.376
2025,13,tsunoda,13,1,16:50:22,23.33
2025,13,hadjar,13,1,16:50:24,23.58
2025,13,ocon,13,1,16:50:34,23.802
2025,13,hadjar,20,2,17:03:41,23.376
2025,13,sainz,26,2,17:14:31,23.77
2025,13,colapinto,28,2,17:18:07,23.449
2025,13,alonso,29,2,17:19:46,23.692
2025,13,antonelli,30,2,17:21:33,23.059
2025,13,hulkenberg,32,2,17:25:01,23.89
2025,14,hulkenberg,5,1,15:10:20,21.594
2025,14,colapinto,13,1,15:21:30,30.248
2025,14,ocon,14,1,15:22:52,22.444
2025,14,albon,14,1,15:22:52,21.345
2025,14,sainz,15,1,15:24:13,21.67
2025,14,max_verstappen,17,1,15:26:53,21.433
2025,14,piastri,18,1,15:27:53,21.145
2025,14,leclerc,19,1,15:29:12,21.13
2025,14,russell,19,1,15:29:19,21.703
2025,14,tsunoda,20,1,15:31:19,21.295
2025,14,antonelli,21,1,15:32:35,22.328
2025,14,bearman,30,1,15:45:09,21.754
2025,14,norris,31,1,15:45:46,20.94
2025,14,gasly,32,1,15:48:01,21.699
2025,14,hadjar,33,1,15:49:21,21.096
2025,14,colapinto,35,2,15:52:16,26.28
2025,14,stroll,36,1,15:53:16,21.464
2025,14,tsunoda,37,2,15:55:04,21.541
2025,14,albon,38,2,15:56:23,22.726
2025,14,alonso,39,1,15:57:13,22.204
2025,14,leclerc,40,2,15:58:00,21.136
2025,14,bortoleto,40,1,15:58:41,21.773
2025,14,lawson,40,1,15:58:47,22.136
2025,14,hulkenberg,41,2,16:00:27,28.777
2025,14,hamilton,42,1,16:01:45,21.15
2025,14,russell,43,2,16:02:16,21.45
2025,14,piastri,45,2,16:04:49,20.94
2025,14,max_verstappen,48,2,16:09:43,21.258
2025,14,sainz,51,2,16:14:18,21.423
2025,15,stroll,8,1,15:13:50,17.561
2025,15,alonso,18,1,15:26:36,17.417
2025,15,tsunoda,19,1,15:27:52,18.348
2025,15,colapinto,19,1,15:27:56,17.986
2025,15,hulkenberg,19,1,15:27:57,17.602
2025,15,leclerc,22,1,15:31:24,17.081
2025,15,bortoleto,22,1,15:31:53,17.908
2025,15,piastri,23,1,15:32:24,17.375
2025,15,norris,23,1,15:32:30,20.042
2025,15,max_verstappen,23,1,15:32:49,18.74
2025,15,hadjar,23,1,15:32:52,17.414
2025,15,russell,23,1,15:32:56,18.832
2025,15,lawson,23,1,15:33:08,17.549
2025,15,sainz,23,1,15:33:09,17.67
2025,15,albon,23,1,15:33:16,19.692
2025,15,antonelli,23,1,15:33:20,17.476
2025,15,gasly,23,1,15:33:26,19.223
2025,15,sainz,27,2,15:40:40,29.443
2025,15,lawson,27,2,15:40:41,22.209
2025,15,alonso,40,2,15:56:55,17.949
2025,15,antonelli,51,2,16:10:23,17.365
2025,15,leclerc,52,2,16:11:36,17.042
2025,15,sainz,51,3,16:11:56,30.34
2025,15,stroll,52,2,16:12:10,17.598
2025,15,ocon,52,1,16:12:12,18.27
2025,15,piastri,53,2,16:12:38,18.589
2025,15,norris,53,2,16:12:42,22.608
2025,15,max_verstappen,53,2,16:12:55,18.261
2025,15,hadjar,53,2,16:12:59,18.535
2025,15,russell,53,2,16:13:18,17.344
2025,15,albon,53,2,16:13:22,17.84
2025,15,antonelli,53,3,16:13:37,21.36
2025,15,lawson,52,3,16:13:38,18.552
2025,15,bearman,53,1,16:13:53,18.622
2025,15,tsunoda,53,2,16:13:54,18.147
2025,15,colapinto,53,2,16:14:04,17.586
2025,15,hulkenberg,53,2,16:14:05,17.944
2025,15,bortoleto,60,2,16:24:57,17.491
2025,15,colapinto,65,3,16:31:30,18.077
2025,15,sainz,65,4,16:31:49,18.043
2025,16,lawson,9,1,15:16:28,24.156
2025,16,bearman,18,1,15:29:07,25.372
2025,16,tsunoda,19,1,15:30:30,24.372
2025,16,bortoleto,20,1,15:31:51,26.143
2025,16,alonso,20,1,15:31:51,25.16
2025,16,russell,27,1,15:41:27,25.021
2025,16,antonelli,28,1,15:43:02,24.916
2025,16,sainz,30,1,15:45:54,24.605
2025,16,hadjar,32,1,15:48:45,24.326
2025,16,leclerc,33,1,15:49:40,24.235
2025,16,colapinto,33,1,15:50:20,24.971
2025,16,max_verstappen,37,1,15:54:52,24.545
2025,16,hamilton,38,1,15:56:43,23.971
2025,16,albon,41,1,16:01:01,24.717
2025,16,piastri,45,1,16:06:02,23.602
2025,16,norris,46,1,16:07:22,27.498
2025,16,stroll,49,1,16:12:23,38.418
2025,16,gasly,49,1,16:12:32,25.012
2025,16,ocon,51,1,16:15:06,30.754
2025,17,ocon,1,1,15:06:25,20.691
2025,17,albon,1,1,15:06:28,20.758
2025,17,ocon,2,2,15:09:12,20.759
2025,17,albon,15,2,15:34:40,20.489
2025,17,colapinto,16,1,15:36:25,21.088
2025,17,antonelli,18,1,15:39:36,20.669
2025,17,leclerc,19,1,15:41:27,20.542
2025,17,lawson,20,1,15:43:09,20.283
2025,17,alonso,21,1,15:45:13,25.768
2025,17,bortoleto,26,1,15:54:05,20.845
2025,17,sainz,27,1,15:55:25,20.508
2025,17,bearman,28,1,15:57:54,21.194
2025,17,hadjar,29,1,15:59:19,20.294
2025,17,gasly,35,1,16:10:30,21.5
2025,17,hamilton,36,1,16:11:29,20.062
2025,17,hulkenberg,36,1,16:12:10,19.97
2025,17,norris,37,1,16:13:07,21.975
2025,17,stroll,37,1,16:13:54,21.82
2025,17,tsunoda,38,1,16:14:50,20.323
2025,17,russell,39,1,16:16:26,19.809
2025,17,max_verstappen,40,1,16:17:58,20.221
2025,18,bortoleto,13,1,20:25:18,32.856
2025,18,tsunoda,13,1,20:25:21,24.61
2025,18,colapinto,14,1,20:26:53,24.04
2025,18,max_verstappen,19,1,20:34:32,24.008
2025,18,hadjar,20,1,20:36:38,23.827
2025,18,leclerc,21,1,20:37:58,23.63
2025,18,bearman,23,1,20:41:33,23.979
2025,18,hamilton,24,1,20:42:55,24.794
2025,18,gasly,24,1,20:43:30,25.583
2025,18,russell,25,1,20:44:06,23.966
2025,18,antonelli,25,1,20:44:27,23.806
2025,18,hulkenberg,25,1,20:44:54,24.193
2025,18,norris,26,1,20:45:51,23.314
2025,18,piastri,27,1,20:47:33,26.637
2025,18,alonso,27,1,20:48:02,30.749
2025,18,ocon,30,1,20:53:14,25.078
2025,18,stroll,38,1,21:06:26,24.012
2025,18,albon,42,1,21:13:06,25.732
2025,18,hulkenberg,44,2,21:16:50,31.894
2025,18,hamilton,46,2,21:18:37,23.344
2025,18,lawson,48,1,21:22:53,24.027
2025,18,sainz,50,1,21:26:10,24.075
2025,18,gasly,51,2,21:28:14,25.188
2025,19,albon,7,1,14:16:15,23.763
2025,19,bortoleto,14,1,14:28:26,25.567
2025,19,leclerc,22,1,14:41:28,23.718
2025,19,ocon,24,1,14:45:28,25.06
2025,19,gasly,27,1,14:50:26,26.631
2025,19,stroll,28,1,14:52:04,24.192
2025,19,hadjar,28,1,14:52:17,23.831
2025,19,tsunoda,29,1,14:53:25,24.539
2025,19,piastri,30,1,14:54:56,23.452
2025,19,bearman,30,1,14:55:07,24.11
2025,19,alonso,30,1,14:55:19,24.054
2025,19,lawson,30,1,14:55:22,23.681
2025,19,hamilton,31,1,14:56:32,23.937
2025,19,antonelli,31,1,14:57:10,23.949
2025,19,norris,32,1,14:58:04,24.58
2025,19,colapinto,32,1,14:58:59,24.045
2025,19,max_verstappen,33,1,14:59:34,23.987
2025,19,russell,33,1,15:00:00,23.555
2025,19,hulkenberg,33,1,15:00:10,23.753
2025,19,albon,36,2,15:05:34,24.582
2025,19,bortoleto,36,2,15:05:47,24.007
2025,20,lawson,2,1,14:06:17,34.212
2025,20,sainz,17,1,14:27:14,22.502
2025,20,alonso,20,1,14:31:29,26.816
2025,20,antonelli,22,1,14:33:56,22.476
2025,20,hamilton,23,1,14:35:15,33.308
2025,20,bearman,24,1,14:36:39,22.647
2025,20,piastri,24,1,14:36:46,23.211
2025,20,russell,25,1,14:38:08,22.347
2025,20,stroll,26,1,14:39:51,22.071
2025,20,ocon,27,1,14:41:07,23.203
2025,20,leclerc,31,1,14:46:14,22.215
2025,20,gasly,33,1,14:50:02,22.834
2025,20,norris,34,1,14:50:05,22.567
2025,20,hadjar,34,1,14:51:00,22.196
2025,20,tsunoda,36,1,14:53:42,31.63
2025,20,max_verstappen,37,1,14:54:47,22.762
2025,20,bortoleto,37,1,14:55:13,22.41
2025,20,albon,41,1,15:00:56,22.04
2025,20,stroll,43,2,15:03:36,23.713
2025,20,sainz,46,2,15:07:34,30.546
2025,20,antonelli,47,2,15:08:41,24.523
2025,20,piastri,47,2,15:08:42,22.159
2025,20,hamilton,47,2,15:08:45,23.342
2025,20,bearman,48,2,15:09:59,22.174
2025,20,russell,48,2,15:10:01,22.47
2025,20,colapinto,48,1,15:11:05,22.789
2025,20,sainz,56,3,15:21:35,17.969
2025,21,tsunoda,2,1,14:06:36,22.974
2025,21,hamilton,2,1,14:06:43,40.076
2025,21,max_verstappen,7,1,14:15:08,23.197
2025,21,ocon,8,1,14:16:48,24.204
2025,21,hamilton,14,2,14:24:23,23.426
2025,21,bearman,17,1,14:28:03,23.748
2025,21,sainz,17,1,14:28:07,26.064
2025,21,hadjar,18,1,14:29:18,23.708
2025,21,gasly,18,1,14:29:21,23.673
2025,21,lawson,19,1,14:30:36,22.899
2025,21,antonelli,21,1,14:32:56,23.356
2025,21,tsunoda,24,2,14:37:02,34.185
2025,21,alonso,28,1,14:42:06,23.942
2025,21,colapinto,29,1,14:43:24,23.71
2025,21,stroll,29,1,14:43:24,23.76
2025,21,norris,30,1,14:44:02,23.49
2025,21,hamilton,32,3,14:47:24,30.752
2025,21,russell,34,1,14:49:18,23.358
2025,21,max_verstappen,34,2,14:49:25,23.058
2025,21,albon,35,1,14:50:54,23.061
2025,21,hulkenberg,36,1,14:52:06,23.086
2025,21,hadjar,37,2,14:53:26,23.46
2025,21,piastri,38,1,14:54:12,34.644
2025,21,sainz,38,2,14:54:46,23.234
2025,21,gasly,39,2,14:55:57,23.648
2025,21,bearman,42,2,14:59:34,24.654
2025,21,colapinto,43,2,15:01:14,26.124
2025,21,alonso,46,2,15:04:57,23.563
2025,21,antonelli,47,2,15:05:36,23.401
2025,21,ocon,47,2,15:06:07,24.177
2025,21,tsunoda,47,3,15:06:20,33.841
2025,21,russell,48,2,15:06:54,23.128
2025,21,norris,50,2,15:09:11,23.238
2025,21,piastri,51,2,15:10:43,23.113
2025,21,max_verstappen,54,3,15:14:21,23.311
2025,21,stroll,54,2,15:14:59,22.968
2025,21,albon,55,2,15:16:08,23.112
2025,22,tsunoda,1,1,20:06:03,21.383
2025,22,bortoleto,1,1,20:06:15,33.23
2025,22,antonelli,2,1,20:07:58,21.968
2025,22,lawson,2,1,20:08:08,32.736
2025,22,gasly,2,1,20:08:09,23.903
2025,22,albon,13,1,20:26:29,23.361
2025,22,albon,14,2,20:28:31,30.065
2025,22,alonso,16,1,20:31:38,21.068
2025,22,russell,17,1,20:32:52,20.929
2025,22,bearman,17,1,20:33:15,21.491
2025,22,hadjar,20,1,20:38:00,21.324
2025,22,piastri,21,1,20:39:32,21.371
2025,22,norris,22,1,20:40:53,21.049
2025,22,sainz,22,1,20:41:08,21.164
2025,22,leclerc,24,1,20:44:22,21.351
2025,22,max_verstappen,25,1,20:45:37,21.708
2025,22,colapinto,25,1,20:46:33,22.842
2025,22,ocon,27,1,20:49:26,22.389
2025,22,tsunoda,27,2,20:49:47,20.68
2025,22,lawson,28,2,20:51:28,21.287
2025,22,hamilton,29,1,20:52:31,21.638
2025,22,hulkenberg,30,1,20:54:06,22.333
2025,22,albon,34,3,21:01:22,29.308
2025,23,max_verstappen,7,1,19:13:50,29.97
2025,23,antonelli,7,1,19:13:55,32.002
2025,23,sainz,7,1,19:13:58,28.56
2025,23,alonso,7,1,19:14:00,28.288
2025,23,russell,7,1,19:14:01,33.241
2025,23,hadjar,7,1,19:14:03,28.815
2025,23,leclerc,7,1,19:14:07,30.395
2025,23,bearman,7,1,19:14:09,28.837
2025,23,lawson,7,1,19:14:11,28.993
2025,23,hamilton,7,1,19:14:11,32.166
2025,23,tsunoda,7,1,19:14:13,29.188
2025,23,albon,7,1,19:14:14,28.89
2025,23,bortoleto,7,1,19:14:16,28.471
2025,23,stroll,7,1,19:14:17,28.124
2025,23,colapinto,7,1,19:14:17,29.538
2025,23,gasly,7,1,19:14:40,31.343
2025,23,ocon,8,1,19:16:16,34.006
2025,23,ocon,9,2,19:18:56,34.54
2025,23,piastri,24,1,19:40:58,29.047
2025,23,stroll,24,2,19:41:37,28.064
2025,23,norris,25,1,19:42:27,27.938
2025,23,max_verstappen,32,2,19:52:29,28.168
2025,23,sainz,32,2,19:52:47,28.181
2025,23,antonelli,32,2,19:52:51,28.544
2025,23,alonso,32,2,19:52:57,28.935
2025,23,hadjar,32,2,19:53:01,27.931
2025,23,russell,32,2,19:53:03,29.077
2025,23,leclerc,32,2,19:53:06,28.999
2025,23,bearman,32,2,19:53:08,45.232
2025,23,lawson,32,2,19:53:09,28.078
2025,23,tsunoda,32,2,19:53:11,28.33
2025,23,albon,32,2,19:53:12,29.457
2025,23,hamilton,32,2,19:53:13,28.541
2025,23,bortoleto,32,2,19:53:16,28.234
2025,23,colapinto,32,2,19:53:17,28.942
2025,23,gasly,32,2,19:53:23,30.559
2025,23,ocon,34,3,19:56:13,30.469
2025,23,bearman,40,3,20:05:15,37.513
2025,23,piastri,42,2,20:06:54,27.853
2025,23,norris,44,2,20:09:51,28.243
2025,23,stroll,49,3,20:17:51,35.671
2025,24,hulkenberg,7,1,17:14:13,21.619
2025,24,hamilton,8,1,17:15:40,21.601
2025,24,albon,8,1,17:15:41,21.551
2025,24,gasly,13,1,17:23:21,22.585
2025,24,russell,14,1,17:24:34,21.979
2025,24,hadjar,14,1,17:24:41,21.932
2025,24,bearman,14,1,17:24:45,22.263
2025,24,bortoleto,15,1,17:26:07,22.121
2025,24,colapinto,15,1,17:26:25,21.953
2025,24,norris,16,1,17:27:28,21.323
2025,24,leclerc,16,1,17:27:30,21.692
2025,24,alonso,16,1,17:27:35,23.267
2025,24,sainz,18,1,17:30:51,21.799
2025,24,ocon,19,1,17:32:16,22.254
2025,24,lawson,21,1,17:35:27,28.369
2025,24,max_verstappen,23,1,17:37:49,21.703
2025,24,hamilton,31,2,17:50:26,21.417
2025,24,tsunoda,32,1,17:51:52,27.041
2025,24,antonelli,32,1,17:52:04,22.155
2025,24,albon,33,2,17:53:36,21.495
2025,24,leclerc,39,2,18:01:53,20.902
2025,24,norris,40,2,18:03:15,21.407
2025,24,gasly,40,2,18:04:14,22.234
2025,24,colapinto,40,2,18:04:20,22.955
2025,24,piastri,41,1,18:04:39,21.565
2025,24,stroll,42,1,18:06:56,21.535
2025,24,hulkenberg,42,2,18:07:04,21.468
