season,round,driverId,driverName,constructorId,constructorName,number,position,Q1,Q2,Q3
1994,1,senna,Ayrton Senna,williams,Williams,2,1,1:15.962,NaN,NaN
1994,1,michael_schumacher,Michael Schumacher,benetton,Benetton,5,2,1:16.290,NaN,NaN
1994,1,alesi,Jean Alesi,ferrari,Ferrari,27,3,1:17.385,NaN,NaN
1994,1,damon_hill,Damon Hill,williams,Williams,0,4,1:17.554,NaN,NaN
1994,1,frentzen,Heinz-Harald Frentzen,sauber,Sauber,30,5,1:17.806,NaN,NaN
1994,1,morbidelli,Gianni Morbidelli,footwork,Footwork,10,6,1:17.866,NaN,NaN
1994,1,wendlinger,Karl Wendlinger,sauber,Sauber,29,7,1:17.927,NaN,NaN
1994,1,hakkinen,Mika Häkkinen,mclaren,McLaren,7,8,1:18.122,NaN,NaN
1994,1,verstappen,Jos Verstappen,benetton,Benetton,6,9,1:18.183,NaN,NaN
1994,1,katayama,Ukyo Katayama,tyrrell,Tyrrell,3,10,1:18.194,NaN,NaN
1994,1,fittipaldi,Christian Fittipaldi,footwork,Footwork,9,11,1:18.204,NaN,NaN
1994,1,blundell,Mark Blundell,tyrrell,Tyrrell,4,12,1:18.246,NaN,NaN
1994,1,comas,Érik Comas,larrousse,Larrousse,20,13,1:18.321,NaN,NaN
1994,1,barrichello,Rubens Barrichello,jordan,Jordan,14,14,1:18.414,NaN,NaN
1994,1,martini,Pierluigi Martini,minardi,Minardi,23,15,1:18.659,NaN,NaN
1994,1,irvine,Eddie Irvine,jordan,Jordan,15,16,1:18.751,NaN,NaN
1994,1,berger,Gerhard Berger,ferrari,Ferrari,28,17,1:18.855,NaN,NaN
1994,1,brundle,Martin Brundle,mclaren,McLaren,8,18,1:18.864,NaN,NaN
1994,1,panis,Olivier Panis,ligier,Ligier,26,19,1:19.304,NaN,NaN
1994,1,bernard,Éric Bernard,ligier,Ligier,25,20,1:19.398,NaN,NaN
1994,1,herbert,Johnny Herbert,team_lotus,Team Lotus,12,21,1:19.483,NaN,NaN
1994,1,alboreto,Michele Alboreto,minardi,Minardi,24,22,1:19.517,NaN,NaN
1994,1,beretta,Olivier Beretta,larrousse,Larrousse,19,23,1:19.524,NaN,NaN
1994,1,lamy,Pedro Lamy,team_lotus,Team Lotus,11,24,1:19.975,NaN,NaN
1994,1,gachot,Bertrand Gachot,pacific,Pacific,34,25,1:20.729,NaN,NaN
1994,1,brabham,David Brabham,simtek,Simtek,31,26,1:21.186,NaN,NaN
1994,2,senna,Ayrton Senna,williams,Williams,2,1,1:10.218,NaN,NaN
1994,2,michael_schumacher,Michael Schumacher,benetton,Benetton,5,2,1:10.440,NaN,NaN
1994,2,damon_hill,Damon Hill,williams,Williams,0,3,1:10.771,NaN,NaN
1994,2,hakkinen,Mika Häkkinen,mclaren,McLaren,7,4,1:11.683,NaN,NaN
1994,2,berger,Gerhard Berger,ferrari,Ferrari,28,5,1:11.744,NaN,NaN
1994,2,brundle,Martin Brundle,mclaren,McLaren,8,6,1:12.351,NaN,NaN
1994,2,larini,Nicola Larini,ferrari,Ferrari,27,7,1:12.372,NaN,NaN
1994,2,barrichello,Rubens Barrichello,jordan,Jordan,14,8,1:12.409,NaN,NaN
1994,2,fittipaldi,Christian Fittipaldi,footwork,Footwork,9,9,1:12.444,NaN,NaN
1994,2,verstappen,Jos Verstappen,benetton,Benetton,6,10,1:12.554,NaN,NaN
1994,2,frentzen,Heinz-Harald Frentzen,sauber,Sauber,30,11,1:12.686,NaN,NaN
1994,2,blundell,Mark Blundell,tyrrell,Tyrrell,4,12,1:12.751,NaN,NaN
1994,2,morbidelli,Gianni Morbidelli,footwork,Footwork,10,13,1:12.866,NaN,NaN
1994,2,katayama,Ukyo Katayama,tyrrell,Tyrrell,3,14,1:13.013,NaN,NaN
1994,2,alboreto,Michele Alboreto,minardi,Minardi,24,15,1:13.016,NaN,NaN
1994,2,comas,Érik Comas,larrousse,Larrousse,20,16,1:13.111,NaN,NaN
1994,2,martini,Pierluigi Martini,minardi,Minardi,23,17,1:13.529,NaN,NaN
1994,2,bernard,Éric Bernard,ligier,Ligier,25,18,1:13.613,NaN,NaN
1994,2,wendlinger,Karl Wendlinger,sauber,Sauber,29,19,1:13.855,NaN,NaN
1994,2,suzuki,Aguri Suzuki,jordan,Jordan,15,20,1:13.932,NaN,NaN
1994,2,beretta,Olivier Beretta,larrousse,Larrousse,19,21,1:14.101,NaN,NaN
1994,2,panis,Olivier Panis,ligier,Ligier,26,22,1:14.106,NaN,NaN
1994,2,herbert,Johnny Herbert,team_lotus,Team Lotus,12,23,1:14.424,NaN,NaN
1994,2,lamy,Pedro Lamy,team_lotus,Team Lotus,11,24,1:14.657,NaN,NaN
1994,2,brabham,David Brabham,simtek,Simtek,31,25,1:14.748,NaN,NaN
1994,2,ratzenberger,Roland Ratzenberger,simtek,Simtek,32,26,1:16.536,NaN,NaN
1994,3,senna,Ayrton Senna,williams,Williams,2,1,1:21.548,NaN,NaN
1994,3,michael_schumacher,Michael Schumacher,benetton,Benetton,5,2,1:21.885,NaN,NaN
1994,3,berger,Gerhard Berger,ferrari,Ferrari,28,3,1:22.113,NaN,NaN
1994,3,damon_hill,Damon Hill,williams,Williams,0,4,1:22.168,NaN,NaN
1994,3,lehto,Jyrki Järvilehto,benetton,Benetton,6,5,1:22.717,NaN,NaN
1994,3,larini,Nicola Larini,ferrari,Ferrari,27,6,1:22.841,NaN,NaN
1994,3,frentzen,Heinz-Harald Frentzen,sauber,Sauber,30,7,1:23.119,NaN,NaN
1994,3,hakkinen,Mika Häkkinen,mclaren,McLaren,7,8,1:23.140,NaN,NaN
1994,3,katayama,Ukyo Katayama,tyrrell,Tyrrell,3,9,1:23.322,NaN,NaN
1994,3,wendlinger,Karl Wendlinger,sauber,Sauber,29,10,1:23.347,NaN,NaN
1994,3,morbidelli,Gianni Morbidelli,footwork,Footwork,10,11,1:23.663,NaN,NaN
1994,3,blundell,Mark Blundell,tyrrell,Tyrrell,4,12,1:23.703,NaN,NaN
1994,3,brundle,Martin Brundle,mclaren,McLaren,8,13,1:23.858,NaN,NaN
1994,3,martini,Pierluigi Martini,minardi,Minardi,23,14,1:24.078,NaN,NaN
1994,3,alboreto,Michele Alboreto,minardi,Minardi,24,15,1:24.276,NaN,NaN
1994,3,fittipaldi,Christian Fittipaldi,footwork,Footwork,9,16,1:24.472,NaN,NaN
1994,3,bernard,Éric Bernard,ligier,Ligier,25,17,1:24.678,NaN,NaN
1994,3,comas,Érik Comas,larrousse,Larrousse,20,18,1:24.852,NaN,NaN
1994,3,panis,Olivier Panis,ligier,Ligier,26,19,1:24.996,NaN,NaN
1994,3,herbert,Johnny Herbert,team_lotus,Team Lotus,12,20,1:25.114,NaN,NaN
1994,3,cesaris,Andrea de Cesaris,jordan,Jordan,15,21,1:25.234,NaN,NaN
1994,3,lamy,Pedro Lamy,team_lotus,Team Lotus,11,22,1:25.295,NaN,NaN
1994,3,beretta,Olivier Beretta,larrousse,Larrousse,19,23,1:25.991,NaN,NaN
1994,3,brabham,David Brabham,simtek,Simtek,31,24,1:26.817,NaN,NaN
1994,3,gachot,Bertrand Gachot,pacific,Pacific,34,25,1:27.143,NaN,NaN
1994,3,ratzenberger,Roland Ratzenberger,simtek,Simtek,32,26,1:27.584,NaN,NaN
1994,3,belmondo,Paul Belmondo,pacific,Pacific,33,27,1:27.881,NaN,NaN
1994,3,barrichello,Rubens Barrichello,jordan,Jordan,14,28,,NaN,NaN
1994,5,michael_schumacher,Michael Schumacher,benetton,Benetton,5,1,1:21.908,NaN,NaN
1994,5,damon_hill,Damon Hill,williams,Williams,0,2,1:22.559,NaN,NaN
1994,5,hakkinen,Mika Häkkinen,mclaren,McLaren,7,3,1:22.660,NaN,NaN
1994,5,lehto,Jyrki Järvilehto,benetton,Benetton,6,4,1:22.983,NaN,NaN
1994,5,barrichello,Rubens Barrichello,jordan,Jordan,14,5,1:23.594,NaN,NaN
1994,5,alesi,Jean Alesi,ferrari,Ferrari,27,6,1:23.700,NaN,NaN
1994,5,berger,Gerhard Berger,ferrari,Ferrari,28,7,1:23.715,NaN,NaN
1994,5,brundle,Martin Brundle,mclaren,McLaren,8,8,1:23.763,NaN,NaN
1994,5,coulthard,David Coulthard,williams,Williams,2,9,1:23.782,NaN,NaN
1994,5,katayama,Ukyo Katayama,tyrrell,Tyrrell,3,10,1:23.969,NaN,NaN
1994,5,blundell,Mark Blundell,tyrrell,Tyrrell,4,11,1:23.981,NaN,NaN
1994,5,frentzen,Heinz-Harald Frentzen,sauber,Sauber,30,12,1:24.254,NaN,NaN
1994,5,irvine,Eddie Irvine,jordan,Jordan,15,13,1:24.930,NaN,NaN
1994,5,alboreto,Michele Alboreto,minardi,Minardi,24,14,1:24.996,NaN,NaN
1994,5,morbidelli,Gianni Morbidelli,footwork,Footwork,10,15,1:25.018,NaN,NaN
1994,5,comas,Érik Comas,larrousse,Larrousse,20,16,1:25.050,NaN,NaN
1994,5,beretta,Olivier Beretta,larrousse,Larrousse,19,17,1:25.161,NaN,NaN
1994,5,martini,Pierluigi Martini,minardi,Minardi,23,18,1:25.247,NaN,NaN
1994,5,panis,Olivier Panis,ligier,Ligier,26,19,1:25.577,NaN,NaN
1994,5,bernard,Éric Bernard,ligier,Ligier,25,20,1:25.766,NaN,NaN
1994,5,fittipaldi,Christian Fittipaldi,footwork,Footwork,9,21,1:26.084,NaN,NaN
1994,5,herbert,Johnny Herbert,team_lotus,Team Lotus,12,22,1:26.397,NaN,NaN
1994,5,zanardi,Alessandro Zanardi,team_lotus,Team Lotus,11,23,1:27.685,NaN,NaN
1994,5,brabham,David Brabham,simtek,Simtek,31,24,1:28.151,NaN,NaN
1994,5,gachot,Bertrand Gachot,pacific,Pacific,34,25,1:28.873,NaN,NaN
1994,5,belmondo,Paul Belmondo,pacific,Pacific,33,26,1:30.657,NaN,NaN
1994,6,michael_schumacher,Michael Schumacher,benetton,Benetton,5,1,1:26.178,NaN,NaN
1994,6,alesi,Jean Alesi,ferrari,Ferrari,27,2,1:26.277,NaN,NaN
1994,6,berger,Gerhard Berger,ferrari,Ferrari,28,3,1:27.059,NaN,NaN
1994,6,damon_hill,Damon Hill,williams,Williams,0,4,1:27.094,NaN,NaN
1994,6,coulthard,David Coulthard,williams,Williams,2,5,1:27.211,NaN,NaN
1994,6,barrichello,Rubens Barrichello,jordan,Jordan,14,6,1:27.554,NaN,NaN
1994,6,hakkinen,Mika Häkkinen,mclaren,McLaren,7,7,1:27.616,NaN,NaN
1994,6,irvine,Eddie Irvine,jordan,Jordan,15,8,1:27.780,NaN,NaN
1994,6,katayama,Ukyo Katayama,tyrrell,Tyrrell,3,9,1:27.827,NaN,NaN
1994,6,frentzen,Heinz-Harald Frentzen,sauber,Sauber,30,10,1:27.977,NaN,NaN
1994,6,morbidelli,Gianni Morbidelli,footwork,Footwork,10,11,1:27.989,NaN,NaN
1994,6,brundle,Martin Brundle,mclaren,McLaren,8,12,1:28.197,NaN,NaN
1994,6,blundell,Mark Blundell,tyrrell,Tyrrell,4,13,1:28.579,NaN,NaN
1994,6,cesaris,Andrea de Cesaris,sauber,Sauber,29,14,1:28.694,NaN,NaN
1994,6,martini,Pierluigi Martini,minardi,Minardi,23,15,1:28.847,NaN,NaN
1994,6,fittipaldi,Christian Fittipaldi,footwork,Footwork,9,16,1:28.882,NaN,NaN
1994,6,herbert,Johnny Herbert,team_lotus,Team Lotus,12,17,1:28.889,NaN,NaN
1994,6,alboreto,Michele Alboreto,minardi,Minardi,24,18,1:28.903,NaN,NaN
1994,6,panis,Olivier Panis,ligier,Ligier,26,19,1:28.950,NaN,NaN
1994,6,lehto,Jyrki Järvilehto,benetton,Benetton,6,20,1:28.993,NaN,NaN
1994,6,comas,Érik Comas,larrousse,Larrousse,20,21,1:29.039,NaN,NaN
1994,6,beretta,Olivier Beretta,larrousse,Larrousse,19,22,1:29.403,NaN,NaN
1994,6,zanardi,Alessandro Zanardi,team_lotus,Team Lotus,11,23,1:30.160,NaN,NaN
1994,6,bernard,Éric Bernard,ligier,Ligier,25,24,1:30.493,NaN,NaN
1994,6,brabham,David Brabham,simtek,Simtek,31,25,1:31.632,NaN,NaN
1994,6,gachot,Bertrand Gachot,pacific,Pacific,34,26,1:32.838,NaN,NaN
1994,7,damon_hill,Damon Hill,williams,Williams,0,1,1:16.282,NaN,NaN
1994,7,mansell,Nigel Mansell,williams,Williams,2,2,1:16.359,NaN,NaN
1994,7,michael_schumacher,Michael Schumacher,benetton,Benetton,5,3,1:16.707,NaN,NaN
1994,7,alesi,Jean Alesi,ferrari,Ferrari,27,4,1:16.954,NaN,NaN
1994,7,berger,Gerhard Berger,ferrari,Ferrari,28,5,1:16.959,NaN,NaN
1994,7,irvine,Eddie Irvine,jordan,Jordan,15,6,1:17.441,NaN,NaN
1994,7,barrichello,Rubens Barrichello,jordan,Jordan,14,7,1:17.482,NaN,NaN
1994,7,verstappen,Jos Verstappen,benetton,Benetton,6,8,1:17.645,NaN,NaN
1994,7,hakkinen,Mika Häkkinen,mclaren,McLaren,7,9,1:17.768,NaN,NaN
1994,7,frentzen,Heinz-Harald Frentzen,sauber,Sauber,30,10,1:17.830,NaN,NaN
1994,7,cesaris,Andrea de Cesaris,sauber,Sauber,29,11,1:17.866,NaN,NaN
1994,7,brundle,Martin Brundle,mclaren,McLaren,8,12,1:18.031,NaN,NaN
1994,7,panis,Olivier Panis,ligier,Ligier,26,13,1:18.044,NaN,NaN
1994,7,katayama,Ukyo Katayama,tyrrell,Tyrrell,3,14,1:18.192,NaN,NaN
1994,7,bernard,Éric Bernard,ligier,Ligier,25,15,1:18.236,NaN,NaN
1994,7,martini,Pierluigi Martini,minardi,Minardi,23,16,1:18.248,NaN,NaN
1994,7,blundell,Mark Blundell,tyrrell,Tyrrell,4,17,1:18.381,NaN,NaN
1994,7,fittipaldi,Christian Fittipaldi,footwork,Footwork,9,18,1:18.568,NaN,NaN
1994,7,herbert,Johnny Herbert,team_lotus,Team Lotus,12,19,1:18.715,NaN,NaN
1994,7,comas,Érik Comas,larrousse,Larrousse,20,20,1:18.811,NaN,NaN
1994,7,alboreto,Michele Alboreto,minardi,Minardi,24,21,1:18.890,NaN,NaN
1994,7,morbidelli,Gianni Morbidelli,footwork,Footwork,10,22,1:18.936,NaN,NaN
1994,7,zanardi,Alessandro Zanardi,team_lotus,Team Lotus,11,23,1:19.066,NaN,NaN
1994,7,brabham,David Brabham,simtek,Simtek,31,24,1:19.771,NaN,NaN
1994,7,beretta,Olivier Beretta,larrousse,Larrousse,19,25,1:19.863,NaN,NaN
1994,7,gounon,Jean-Marc Gounon,simtek,Simtek,32,26,1:21.829,NaN,NaN
1994,8,damon_hill,Damon Hill,williams,Williams,0,1,1:24.960,NaN,NaN
1994,8,michael_schumacher,Michael Schumacher,benetton,Benetton,5,2,1:24.963,NaN,NaN
1994,8,berger,Gerhard Berger,ferrari,Ferrari,28,3,1:24.980,NaN,NaN
1994,8,alesi,Jean Alesi,ferrari,Ferrari,27,4,1:25.541,NaN,NaN
1994,8,hakkinen,Mika Häkkinen,mclaren,McLaren,7,5,1:26.268,NaN,NaN
1994,8,barrichello,Rubens Barrichello,jordan,Jordan,14,6,1:26.271,NaN,NaN
1994,8,coulthard,David Coulthard,williams,Williams,2,7,1:26.337,NaN,NaN
1994,8,katayama,Ukyo Katayama,tyrrell,Tyrrell,3,8,1:26.414,NaN,NaN
1994,8,brundle,Martin Brundle,mclaren,McLaren,8,9,1:26.768,NaN,NaN
1994,8,verstappen,Jos Verstappen,benetton,Benetton,6,10,1:26.841,NaN,NaN
1994,8,blundell,Mark Blundell,tyrrell,Tyrrell,4,11,1:26.920,NaN,NaN
1994,8,irvine,Eddie Irvine,jordan,Jordan,15,12,1:27.065,NaN,NaN
1994,8,frentzen,Heinz-Harald Frentzen,sauber,Sauber,30,13,1:27.284,NaN,NaN
1994,8,martini,Pierluigi Martini,minardi,Minardi,23,14,1:27.522,NaN,NaN
1994,8,panis,Olivier Panis,ligier,Ligier,26,15,1:27.785,NaN,NaN
1994,8,morbidelli,Gianni Morbidelli,footwork,Footwork,10,16,1:27.886,NaN,NaN
1994,8,alboreto,Michele Alboreto,minardi,Minardi,24,17,1:28.100,NaN,NaN
1994,8,cesaris,Andrea de Cesaris,sauber,Sauber,29,18,1:28.212,NaN,NaN
1994,8,zanardi,Alessandro Zanardi,team_lotus,Team Lotus,11,19,1:28.225,NaN,NaN
1994,8,fittipaldi,Christian Fittipaldi,footwork,Footwork,9,20,1:28.231,NaN,NaN
1994,8,herbert,Johnny Herbert,team_lotus,Team Lotus,12,21,1:28.340,NaN,NaN
1994,8,comas,Érik Comas,larrousse,Larrousse,20,22,1:28.519,NaN,NaN
1994,8,bernard,Éric Bernard,ligier,Ligier,25,23,1:28.955,NaN,NaN
1994,8,beretta,Olivier Beretta,larrousse,Larrousse,19,24,1:29.299,NaN,NaN
1994,8,brabham,David Brabham,simtek,Simtek,31,25,1:30.690,NaN,NaN
1994,8,gounon,Jean-Marc Gounon,simtek,Simtek,32,26,1:30.722,NaN,NaN
1994,9,berger,Gerhard Berger,ferrari,Ferrari,28,1,1:43.582,NaN,NaN
1994,9,alesi,Jean Alesi,ferrari,Ferrari,27,2,1:44.012,NaN,NaN
1994,9,damon_hill,Damon Hill,williams,Williams,0,3,1:44.026,NaN,NaN
1994,9,michael_schumacher,Michael Schumacher,benetton,Benetton,5,4,1:44.268,NaN,NaN
1994,9,katayama,Ukyo Katayama,tyrrell,Tyrrell,3,5,1:44.718,NaN,NaN
1994,9,coulthard,David Coulthard,williams,Williams,2,6,1:45.146,NaN,NaN
1994,9,blundell,Mark Blundell,tyrrell,Tyrrell,4,7,1:45.474,NaN,NaN
1994,9,hakkinen,Mika Häkkinen,mclaren,McLaren,7,8,1:45.487,NaN,NaN
1994,9,frentzen,Heinz-Harald Frentzen,sauber,Sauber,30,9,1:45.893,NaN,NaN
1994,9,irvine,Eddie Irvine,jordan,Jordan,15,10,1:45.911,NaN,NaN
1994,9,barrichello,Rubens Barrichello,jordan,Jordan,14,11,1:45.939,NaN,NaN
1994,9,panis,Olivier Panis,ligier,Ligier,26,12,1:46.185,NaN,NaN
1994,9,brundle,Martin Brundle,mclaren,McLaren,8,13,1:46.218,NaN,NaN
1994,9,bernard,Éric Bernard,ligier,Ligier,25,14,1:46.290,NaN,NaN
1994,9,herbert,Johnny Herbert,team_lotus,Team Lotus,12,15,1:46.630,NaN,NaN
1994,9,morbidelli,Gianni Morbidelli,footwork,Footwork,10,16,1:46.817,NaN,NaN
1994,9,fittipaldi,Christian Fittipaldi,footwork,Footwork,9,17,1:47.102,NaN,NaN
1994,9,cesaris,Andrea de Cesaris,sauber,Sauber,29,18,1:47.235,NaN,NaN
1994,9,verstappen,Jos Verstappen,benetton,Benetton,6,19,1:47.316,NaN,NaN
1994,9,martini,Pierluigi Martini,minardi,Minardi,23,20,1:47.402,NaN,NaN
1994,9,zanardi,Alessandro Zanardi,team_lotus,Team Lotus,11,21,1:47.425,NaN,NaN
1994,9,comas,Érik Comas,larrousse,Larrousse,20,22,1:48.229,NaN,NaN
1994,9,alboreto,Michele Alboreto,minardi,Minardi,24,23,1:48.295,NaN,NaN
1994,9,beretta,Olivier Beretta,larrousse,Larrousse,19,24,1:48.681,NaN,NaN
1994,9,brabham,David Brabham,simtek,Simtek,31,25,1:48.870,NaN,NaN
1994,9,gounon,Jean-Marc Gounon,simtek,Simtek,32,26,1:49.204,NaN,NaN
1994,10,michael_schumacher,Michael Schumacher,benetton,Benetton,5,1,1:18.258,NaN,NaN
1994,10,damon_hill,Damon Hill,williams,Williams,0,2,1:18.824,NaN,NaN
1994,10,coulthard,David Coulthard,williams,Williams,2,3,1:20.205,NaN,NaN
1994,10,berger,Gerhard Berger,ferrari,Ferrari,28,4,1:20.219,NaN,NaN
1994,10,katayama,Ukyo Katayama,tyrrell,Tyrrell,3,5,1:20.232,NaN,NaN
1994,10,brundle,Martin Brundle,mclaren,McLaren,8,6,1:20.629,NaN,NaN
1994,10,irvine,Eddie Irvine,jordan,Jordan,15,7,1:20.698,NaN,NaN
1994,10,frentzen,Heinz-Harald Frentzen,sauber,Sauber,30,8,1:20.858,NaN,NaN
1994,10,panis,Olivier Panis,ligier,Ligier,26,9,1:20.929,NaN,NaN
1994,10,barrichello,Rubens Barrichello,jordan,Jordan,14,10,1:20.952,NaN,NaN
1994,10,blundell,Mark Blundell,tyrrell,Tyrrell,4,11,1:20.984,NaN,NaN
1994,10,verstappen,Jos Verstappen,benetton,Benetton,6,12,1:21.141,NaN,NaN
1994,10,alesi,Jean Alesi,ferrari,Ferrari,27,13,1:21.206,NaN,NaN
1994,10,alliot,Philippe Alliot,mclaren,McLaren,7,14,1:21.498,NaN,NaN
1994,10,martini,Pierluigi Martini,minardi,Minardi,23,15,1:21.837,NaN,NaN
1994,10,fittipaldi,Christian Fittipaldi,footwork,Footwork,9,16,1:21.873,NaN,NaN
1994,10,cesaris,Andrea de Cesaris,sauber,Sauber,29,17,1:21.946,NaN,NaN
1994,10,bernard,Éric Bernard,ligier,Ligier,25,18,1:22.038,NaN,NaN
1994,10,morbidelli,Gianni Morbidelli,footwork,Footwork,10,19,1:22.311,NaN,NaN
1994,10,alboreto,Michele Alboreto,minardi,Minardi,24,20,1:22.379,NaN,NaN
1994,10,comas,Érik Comas,larrousse,Larrousse,20,21,1:22.487,NaN,NaN
1994,10,zanardi,Alessandro Zanardi,team_lotus,Team Lotus,11,22,1:22.513,NaN,NaN
1994,10,brabham,David Brabham,simtek,Simtek,31,23,1:22.614,NaN,NaN
1994,10,herbert,Johnny Herbert,team_lotus,Team Lotus,12,24,1:22.705,NaN,NaN
1994,10,beretta,Olivier Beretta,larrousse,Larrousse,19,25,1:22.899,NaN,NaN
1994,10,gounon,Jean-Marc Gounon,simtek,Simtek,32,26,1:24.191,NaN,NaN
1994,11,barrichello,Rubens Barrichello,jordan,Jordan,14,1,2:21.163,NaN,NaN
1994,11,michael_schumacher,Michael Schumacher,benetton,Benetton,5,2,2:21.494,NaN,NaN
1994,11,damon_hill,Damon Hill,williams,Williams,0,3,2:21.681,NaN,NaN
1994,11,irvine,Eddie Irvine,jordan,Jordan,15,4,2:22.074,NaN,NaN
1994,11,alesi,Jean Alesi,ferrari,Ferrari,27,5,2:22.202,NaN,NaN
1994,11,verstappen,Jos Verstappen,benetton,Benetton,6,6,2:22.218,NaN,NaN
1994,11,coulthard,David Coulthard,williams,Williams,2,7,2:22.359,NaN,NaN
1994,11,hakkinen,Mika Häkkinen,mclaren,McLaren,7,8,2:22.441,NaN,NaN
1994,11,frentzen,Heinz-Harald Frentzen,sauber,Sauber,30,9,2:22.634,NaN,NaN
1994,11,martini,Pierluigi Martini,minardi,Minardi,23,10,2:23.326,NaN,NaN
1994,11,berger,Gerhard Berger,ferrari,Ferrari,28,11,2:23.895,NaN,NaN
1994,11,blundell,Mark Blundell,tyrrell,Tyrrell,4,12,2:24.048,NaN,NaN
1994,11,brundle,Martin Brundle,mclaren,McLaren,8,13,2:24.117,NaN,NaN
1994,11,morbidelli,Gianni Morbidelli,footwork,Footwork,10,14,2:25.114,NaN,NaN
1994,11,cesaris,Andrea de Cesaris,sauber,Sauber,29,15,2:25.695,NaN,NaN
1994,11,bernard,Éric Bernard,ligier,Ligier,25,16,2:26.044,NaN,NaN
1994,11,panis,Olivier Panis,ligier,Ligier,26,17,2:26.079,NaN,NaN
1994,11,alboreto,Michele Alboreto,minardi,Minardi,24,18,2:26.738,NaN,NaN
1994,11,alliot,Philippe Alliot,larrousse,Larrousse,19,19,2:26.901,NaN,NaN
1994,11,herbert,Johnny Herbert,team_lotus,Team Lotus,12,20,2:27.155,NaN,NaN
1994,11,brabham,David Brabham,simtek,Simtek,31,21,2:27.212,NaN,NaN
1994,11,comas,Érik Comas,larrousse,Larrousse,20,22,2:28.156,NaN,NaN
1994,11,katayama,Ukyo Katayama,tyrrell,Tyrrell,3,23,2:28.979,NaN,NaN
1994,11,fittipaldi,Christian Fittipaldi,footwork,Footwork,9,24,2:30.931,NaN,NaN
1994,11,gounon,Jean-Marc Gounon,simtek,Simtek,32,25,2:31.755,NaN,NaN
1994,11,adams,Philippe Adams,team_lotus,Team Lotus,11,26,2:33.885,NaN,NaN
1994,12,alesi,Jean Alesi,ferrari,Ferrari,27,1,1:23.844,NaN,NaN
1994,12,berger,Gerhard Berger,ferrari,Ferrari,28,2,1:23.978,NaN,NaN
1994,12,damon_hill,Damon Hill,williams,Williams,0,3,1:24.158,NaN,NaN
1994,12,herbert,Johnny Herbert,team_lotus,Team Lotus,12,4,1:24.374,NaN,NaN
1994,12,coulthard,David Coulthard,williams,Williams,2,5,1:24.502,NaN,NaN
1994,12,panis,Olivier Panis,ligier,Ligier,26,6,1:25.455,NaN,NaN
1994,12,hakkinen,Mika Häkkinen,mclaren,McLaren,7,7,1:25.528,NaN,NaN
1994,12,cesaris,Andrea de Cesaris,sauber,Sauber,29,8,1:25.540,NaN,NaN
1994,12,irvine,Eddie Irvine,jordan,Jordan,15,9,1:25.568,NaN,NaN
1994,12,verstappen,Jos Verstappen,benetton,Benetton,6,10,1:25.618,NaN,NaN
1994,12,frentzen,Heinz-Harald Frentzen,sauber,Sauber,30,11,1:25.628,NaN,NaN
1994,12,bernard,Éric Bernard,ligier,Ligier,25,12,1:25.718,NaN,NaN
1994,12,zanardi,Alessandro Zanardi,team_lotus,Team Lotus,11,13,1:25.733,NaN,NaN
1994,12,katayama,Ukyo Katayama,tyrrell,Tyrrell,3,14,1:25.889,NaN,NaN
1994,12,brundle,Martin Brundle,mclaren,McLaren,8,15,1:25.933,NaN,NaN
1994,12,barrichello,Rubens Barrichello,jordan,Jordan,14,16,1:25.946,NaN,NaN
1994,12,morbidelli,Gianni Morbidelli,footwork,Footwork,10,17,1:26.002,NaN,NaN
1994,12,martini,Pierluigi Martini,minardi,Minardi,23,18,1:26.056,NaN,NaN
1994,12,fittipaldi,Christian Fittipaldi,footwork,Footwork,9,19,1:26.337,NaN,NaN
1994,12,lehto,Jyrki Järvilehto,benetton,Benetton,5,20,1:26.384,NaN,NaN
1994,12,blundell,Mark Blundell,tyrrell,Tyrrell,4,21,1:26.574,NaN,NaN
1994,12,alboreto,Michele Alboreto,minardi,Minardi,24,22,1:26.832,NaN,NaN
1994,12,dalmas,Yannick Dalmas,larrousse,Larrousse,19,23,1:27.846,NaN,NaN
1994,12,comas,Érik Comas,larrousse,Larrousse,20,24,1:27.894,NaN,NaN
1994,12,gounon,Jean-Marc Gounon,simtek,Simtek,32,25,1:28.353,NaN,NaN
1994,12,brabham,David Brabham,simtek,Simtek,31,26,1:28.619,NaN,NaN
1994,13,berger,Gerhard Berger,ferrari,Ferrari,28,1,1:20.608,NaN,NaN
1994,13,damon_hill,Damon Hill,williams,Williams,0,2,1:20.766,NaN,NaN
1994,13,coulthard,David Coulthard,williams,Williams,2,3,1:21.033,NaN,NaN
1994,13,hakkinen,Mika Häkkinen,mclaren,McLaren,7,4,1:21.251,NaN,NaN
1994,13,alesi,Jean Alesi,ferrari,Ferrari,27,5,1:21.517,NaN,NaN
1994,13,katayama,Ukyo Katayama,tyrrell,Tyrrell,3,6,1:21.590,NaN,NaN
1994,13,brundle,Martin Brundle,mclaren,McLaren,8,7,1:21.656,NaN,NaN
1994,13,barrichello,Rubens Barrichello,jordan,Jordan,14,8,1:21.796,NaN,NaN
1994,13,frentzen,Heinz-Harald Frentzen,sauber,Sauber,30,9,1:21.921,NaN,NaN
1994,13,verstappen,Jos Verstappen,benetton,Benetton,6,10,1:22.000,NaN,NaN
1994,13,fittipaldi,Christian Fittipaldi,footwork,Footwork,9,11,1:22.132,NaN,NaN
1994,13,blundell,Mark Blundell,tyrrell,Tyrrell,4,12,1:22.288,NaN,NaN
1994,13,irvine,Eddie Irvine,jordan,Jordan,15,13,1:22.294,NaN,NaN
1994,13,lehto,Jyrki Järvilehto,benetton,Benetton,5,14,1:22.369,NaN,NaN
1994,13,panis,Olivier Panis,ligier,Ligier,26,15,1:22.672,NaN,NaN
1994,13,morbidelli,Gianni Morbidelli,footwork,Footwork,10,16,1:22.756,NaN,NaN
1994,13,cesaris,Andrea de Cesaris,sauber,Sauber,29,17,1:22.885,NaN,NaN
1994,13,martini,Pierluigi Martini,minardi,Minardi,23,18,1:23.243,NaN,NaN
1994,13,alboreto,Michele Alboreto,minardi,Minardi,24,19,1:23.364,NaN,NaN
1994,13,herbert,Johnny Herbert,team_lotus,Team Lotus,12,20,1:23.408,NaN,NaN
1994,13,bernard,Éric Bernard,ligier,Ligier,25,21,1:23.699,NaN,NaN
1994,13,comas,Érik Comas,larrousse,Larrousse,20,22,1:24.192,NaN,NaN
1994,13,dalmas,Yannick Dalmas,larrousse,Larrousse,19,23,1:24.438,NaN,NaN
1994,13,brabham,David Brabham,simtek,Simtek,31,24,1:24.514,NaN,NaN
1994,13,adams,Philippe Adams,team_lotus,Team Lotus,11,25,1:25.313,NaN,NaN
1994,13,gounon,Jean-Marc Gounon,simtek,Simtek,32,26,1:25.649,NaN,NaN
1994,14,michael_schumacher,Michael Schumacher,benetton,Benetton,5,1,1:22.762,NaN,NaN
1994,14,damon_hill,Damon Hill,williams,Williams,0,2,1:22.892,NaN,NaN
1994,14,mansell,Nigel Mansell,williams,Williams,2,3,1:23.392,NaN,NaN
1994,14,frentzen,Heinz-Harald Frentzen,sauber,Sauber,30,4,1:23.431,NaN,NaN
1994,14,barrichello,Rubens Barrichello,jordan,Jordan,14,5,1:23.455,NaN,NaN
1994,14,berger,Gerhard Berger,ferrari,Ferrari,28,6,1:23.677,NaN,NaN
1994,14,herbert,Johnny Herbert,ligier,Ligier,25,7,1:24.040,NaN,NaN
1994,14,morbidelli,Gianni Morbidelli,footwork,Footwork,10,8,1:24.079,NaN,NaN
1994,14,hakkinen,Mika Häkkinen,mclaren,McLaren,7,9,1:24.122,NaN,NaN
1994,14,irvine,Eddie Irvine,jordan,Jordan,15,10,1:24.157,NaN,NaN
1994,14,panis,Olivier Panis,ligier,Ligier,26,11,1:24.432,NaN,NaN
1994,14,verstappen,Jos Verstappen,benetton,Benetton,6,12,1:24.643,NaN,NaN
1994,14,katayama,Ukyo Katayama,tyrrell,Tyrrell,3,13,1:24.738,NaN,NaN
1994,14,blundell,Mark Blundell,tyrrell,Tyrrell,4,14,1:24.770,NaN,NaN
1994,14,brundle,Martin Brundle,mclaren,McLaren,8,15,1:25.110,NaN,NaN
1994,14,alesi,Jean Alesi,ferrari,Ferrari,27,16,1:25.182,NaN,NaN
1994,14,martini,Pierluigi Martini,minardi,Minardi,23,17,1:25.294,NaN,NaN
1994,14,cesaris,Andrea de Cesaris,sauber,Sauber,29,18,1:25.407,NaN,NaN
1994,14,fittipaldi,Christian Fittipaldi,footwork,Footwork,9,19,1:25.427,NaN,NaN
1994,14,alboreto,Michele Alboreto,minardi,Minardi,24,20,1:25.511,NaN,NaN
1994,14,zanardi,Alessandro Zanardi,team_lotus,Team Lotus,12,21,1:25.557,NaN,NaN
1994,14,bernard,Éric Bernard,team_lotus,Team Lotus,11,22,1:25.595,NaN,NaN
1994,14,comas,Érik Comas,larrousse,Larrousse,20,23,1:26.272,NaN,NaN
1994,14,noda,Hideki Noda,larrousse,Larrousse,19,24,1:27.168,NaN,NaN
1994,14,brabham,David Brabham,simtek,Simtek,31,25,1:27.201,NaN,NaN
1994,14,schiattarella,Domenico Schiattarella,simtek,Simtek,32,26,1:27.976,NaN,NaN
1994,15,michael_schumacher,Michael Schumacher,benetton,Benetton,5,1,1:37.209,NaN,NaN
1994,15,damon_hill,Damon Hill,williams,Williams,0,2,1:37.696,NaN,NaN
1994,15,frentzen,Heinz-Harald Frentzen,sauber,Sauber,30,3,1:37.742,NaN,NaN
1994,15,mansell,Nigel Mansell,williams,Williams,2,4,1:37.768,NaN,NaN
1994,15,herbert,Johnny Herbert,benetton,Benetton,6,5,1:37.828,NaN,NaN
1994,15,irvine,Eddie Irvine,jordan,Jordan,15,6,1:37.880,NaN,NaN
1994,15,alesi,Jean Alesi,ferrari,Ferrari,27,7,1:37.907,NaN,NaN
1994,15,hakkinen,Mika Häkkinen,mclaren,McLaren,7,8,1:37.998,NaN,NaN
1994,15,brundle,Martin Brundle,mclaren,McLaren,8,9,1:38.076,NaN,NaN
1994,15,barrichello,Rubens Barrichello,jordan,Jordan,14,10,1:38.533,NaN,NaN
1994,15,berger,Gerhard Berger,ferrari,Ferrari,28,11,1:38.570,NaN,NaN
1994,15,morbidelli,Gianni Morbidelli,footwork,Footwork,10,12,1:39.030,NaN,NaN
1994,15,blundell,Mark Blundell,tyrrell,Tyrrell,4,13,1:39.266,NaN,NaN
1994,15,katayama,Ukyo Katayama,tyrrell,Tyrrell,3,14,1:39.462,NaN,NaN
1994,15,lehto,Jyrki Järvilehto,sauber,Sauber,29,15,1:39.483,NaN,NaN
1994,15,martini,Pierluigi Martini,minardi,Minardi,23,16,1:39.548,NaN,NaN
1994,15,zanardi,Alessandro Zanardi,team_lotus,Team Lotus,12,17,1:39.721,NaN,NaN
1994,15,fittipaldi,Christian Fittipaldi,footwork,Footwork,9,18,1:39.868,NaN,NaN
1994,15,panis,Olivier Panis,ligier,Ligier,26,19,1:40.042,NaN,NaN
1994,15,lagorce,Franck Lagorce,ligier,Ligier,25,20,1:40.577,NaN,NaN
1994,15,alboreto,Michele Alboreto,minardi,Minardi,24,21,1:40.652,NaN,NaN
1994,15,comas,Érik Comas,larrousse,Larrousse,20,22,1:40.978,NaN,NaN
1994,15,noda,Hideki Noda,larrousse,Larrousse,19,23,1:40.990,NaN,NaN
1994,15,brabham,David Brabham,simtek,Simtek,31,24,1:41.659,NaN,NaN
1994,15,salo,Mika Salo,team_lotus,Team Lotus,11,25,1:41.805,NaN,NaN
1994,15,inoue,Taki Inoue,simtek,Simtek,32,26,1:45.004,NaN,NaN
1994,16,mansell,Nigel Mansell,williams,Williams,2,1,1:16.179,NaN,NaN
1994,16,michael_schumacher,Michael Schumacher,benetton,Benetton,5,2,1:16.197,NaN,NaN
1994,16,damon_hill,Damon Hill,williams,Williams,0,3,1:16.830,NaN,NaN
1994,16,hakkinen,Mika Häkkinen,mclaren,McLaren,7,4,1:16.992,NaN,NaN
1994,16,barrichello,Rubens Barrichello,jordan,Jordan,14,5,1:17.537,NaN,NaN
1994,16,irvine,Eddie Irvine,jordan,Jordan,15,6,1:17.667,NaN,NaN
1994,16,herbert,Johnny Herbert,benetton,Benetton,6,7,1:17.727,NaN,NaN
1994,16,alesi,Jean Alesi,ferrari,Ferrari,27,8,1:17.801,NaN,NaN
1994,16,brundle,Martin Brundle,mclaren,McLaren,8,9,1:17.950,NaN,NaN
1994,16,frentzen,Heinz-Harald Frentzen,sauber,Sauber,30,10,1:17.962,NaN,NaN
1994,16,berger,Gerhard Berger,ferrari,Ferrari,28,11,1:18.070,NaN,NaN
1994,16,panis,Olivier Panis,ligier,Ligier,26,12,1:18.072,NaN,NaN
1994,16,blundell,Mark Blundell,tyrrell,Tyrrell,4,13,1:18.237,NaN,NaN
1994,16,zanardi,Alessandro Zanardi,team_lotus,Team Lotus,12,14,1:18.331,NaN,NaN
1994,16,katayama,Ukyo Katayama,tyrrell,Tyrrell,3,15,1:18.411,NaN,NaN
1994,16,alboreto,Michele Alboreto,minardi,Minardi,24,16,1:18.755,NaN,NaN
1994,16,lehto,Jyrki Järvilehto,sauber,Sauber,29,17,1:18.806,NaN,NaN
1994,16,martini,Pierluigi Martini,minardi,Minardi,23,18,1:18.957,NaN,NaN
1994,16,fittipaldi,Christian Fittipaldi,footwork,Footwork,9,19,1:19.061,NaN,NaN
1994,16,lagorce,Franck Lagorce,ligier,Ligier,25,20,1:19.153,NaN,NaN
1994,16,morbidelli,Gianni Morbidelli,footwork,Footwork,10,21,1:19.610,NaN,NaN
1994,16,salo,Mika Salo,team_lotus,Team Lotus,11,22,1:19.844,NaN,NaN
1994,16,noda,Hideki Noda,larrousse,Larrousse,19,23,1:20.145,NaN,NaN
1994,16,brabham,David Brabham,simtek,Simtek,31,24,1:20.442,NaN,NaN
1994,16,deletraz,Jean-Denis Délétraz,larrousse,Larrousse,20,25,1:22.422,NaN,NaN
1994,16,schiattarella,Domenico Schiattarella,simtek,Simtek,32,26,1:22.529,NaN,NaN
1995,1,damon_hill,Damon Hill,williams,Williams,5,1,1:20.081,NaN,NaN
1995,1,michael_schumacher,Michael Schumacher,benetton,Benetton,1,2,1:20.382,NaN,NaN
1995,1,coulthard,David Coulthard,williams,Williams,6,3,1:20.422,NaN,NaN
1995,1,herbert,Johnny Herbert,benetton,Benetton,2,4,1:20.888,NaN,NaN
1995,1,berger,Gerhard Berger,ferrari,Ferrari,28,5,1:20.906,NaN,NaN
1995,1,alesi,Jean Alesi,ferrari,Ferrari,27,6,1:21.041,NaN,NaN
1995,1,hakkinen,Mika Häkkinen,mclaren,McLaren,8,7,1:21.399,NaN,NaN
1995,1,irvine,Eddie Irvine,jordan,Jordan,15,8,1:21.749,NaN,NaN
1995,1,blundell,Mark Blundell,mclaren,McLaren,7,9,1:21.779,NaN,NaN
1995,1,panis,Olivier Panis,ligier,Ligier,26,10,1:21.914,NaN,NaN
1995,1,katayama,Ukyo Katayama,tyrrell,Tyrrell,3,11,1:22.325,NaN,NaN
1995,1,salo,Mika Salo,tyrrell,Tyrrell,4,12,1:22.416,NaN,NaN
1995,1,morbidelli,Gianni Morbidelli,footwork,Footwork,9,13,1:22.468,NaN,NaN
1995,1,frentzen,Heinz-Harald Frentzen,sauber,Sauber,30,14,1:22.872,NaN,NaN
1995,1,suzuki,Aguri Suzuki,ligier,Ligier,25,15,1:22.971,NaN,NaN
1995,1,barrichello,Rubens Barrichello,jordan,Jordan,14,16,1:22.975,NaN,NaN
1995,1,martini,Pierluigi Martini,minardi,Minardi,23,17,1:24.383,NaN,NaN
1995,1,badoer,Luca Badoer,minardi,Minardi,24,18,1:24.443,NaN,NaN
1995,1,wendlinger,Karl Wendlinger,sauber,Sauber,29,19,1:24.723,NaN,NaN
1995,1,gachot,Bertrand Gachot,pacific,Pacific,16,20,1:25.127,NaN,NaN
1995,1,inoue,Taki Inoue,footwork,Footwork,10,21,1:25.225,NaN,NaN
1995,1,montermini,Andrea Montermini,pacific,Pacific,17,22,1:25.886,NaN,NaN
1995,1,moreno,Roberto Moreno,forti,Forti,22,23,1:26.269,NaN,NaN
1995,1,verstappen,Jos Verstappen,simtek,Simtek,12,24,1:27.323,NaN,NaN
1995,1,diniz,Pedro Diniz,forti,Forti,21,25,1:27.792,NaN,NaN
1995,1,schiattarella,Domenico Schiattarella,simtek,Simtek,11,26,1:28.106,NaN,NaN
1995,2,coulthard,David Coulthard,williams,Williams,6,1,1:53.241,NaN,NaN
1995,2,damon_hill,Damon Hill,williams,Williams,5,2,1:54.057,NaN,NaN
1995,2,michael_schumacher,Michael Schumacher,benetton,Benetton,1,3,1:54.272,NaN,NaN
1995,2,irvine,Eddie Irvine,jordan,Jordan,15,4,1:54.381,NaN,NaN
1995,2,hakkinen,Mika Häkkinen,mclaren,McLaren,8,5,1:54.529,NaN,NaN
1995,2,alesi,Jean Alesi,ferrari,Ferrari,27,6,1:54.637,NaN,NaN
1995,2,salo,Mika Salo,tyrrell,Tyrrell,4,7,1:54.757,NaN,NaN
1995,2,berger,Gerhard Berger,ferrari,Ferrari,28,8,1:55.276,NaN,NaN
1995,2,frentzen,Heinz-Harald Frentzen,sauber,Sauber,30,9,1:55.583,NaN,NaN
1995,2,barrichello,Rubens Barrichello,jordan,Jordan,14,10,1:56.114,NaN,NaN
1995,2,herbert,Johnny Herbert,benetton,Benetton,6,11,1:57.068,NaN,NaN
1995,2,morbidelli,Gianni Morbidelli,footwork,Footwork,9,12,1:57.092,NaN,NaN
1995,2,badoer,Luca Badoer,minardi,Minardi,24,13,1:57.167,NaN,NaN
1995,2,verstappen,Jos Verstappen,simtek,Simtek,12,14,1:57.231,NaN,NaN
1995,2,katayama,Ukyo Katayama,tyrrell,Tyrrell,3,15,1:57.484,NaN,NaN
1995,2,martini,Pierluigi Martini,minardi,Minardi,23,16,1:58.066,NaN,NaN
1995,2,blundell,Mark Blundell,mclaren,McLaren,7,17,1:58.660,NaN,NaN
1995,2,panis,Olivier Panis,ligier,Ligier,26,18,1:58.824,NaN,NaN
1995,2,suzuki,Aguri Suzuki,ligier,Ligier,25,19,1:58.882,NaN,NaN
1995,2,schiattarella,Domenico Schiattarella,simtek,Simtek,11,20,1:59.539,NaN,NaN
1995,2,wendlinger,Karl Wendlinger,sauber,Sauber,29,21,2:00.751,NaN,NaN
1995,2,montermini,Andrea Montermini,pacific,Pacific,17,22,2:01.763,NaN,NaN
1995,2,gachot,Bertrand Gachot,pacific,Pacific,16,23,2:04.050,NaN,NaN
1995,2,moreno,Roberto Moreno,forti,Forti,22,24,2:04.481,NaN,NaN
1995,2,diniz,Pedro Diniz,forti,Forti,21,25,2:05.932,NaN,NaN
1995,2,inoue,Taki Inoue,footwork,Footwork,10,26,2:07.298,NaN,NaN
1995,3,michael_schumacher,Michael Schumacher,benetton,Benetton,1,1,1:27.274,NaN,NaN
1995,3,berger,Gerhard Berger,ferrari,Ferrari,28,2,1:27.282,NaN,NaN
1995,3,coulthard,David Coulthard,williams,Williams,6,3,1:27.459,NaN,NaN
1995,3,damon_hill,Damon Hill,williams,Williams,5,4,1:27.512,NaN,NaN
1995,3,alesi,Jean Alesi,ferrari,Ferrari,27,5,1:27.813,NaN,NaN
1995,3,hakkinen,Mika Häkkinen,mclaren,McLaren,8,6,1:28.343,NaN,NaN
1995,3,irvine,Eddie Irvine,jordan,Jordan,15,7,1:28.516,NaN,NaN
1995,3,herbert,Johnny Herbert,benetton,Benetton,6,8,1:29.350,NaN,NaN
1995,3,mansell,Nigel Mansell,mclaren,McLaren,7,9,1:29.517,NaN,NaN
1995,3,barrichello,Rubens Barrichello,jordan,Jordan,14,10,1:29.551,NaN,NaN
1995,3,morbidelli,Gianni Morbidelli,footwork,Footwork,9,11,1:29.582,NaN,NaN
1995,3,panis,Olivier Panis,ligier,Ligier,26,12,1:30.760,NaN,NaN
1995,3,salo,Mika Salo,tyrrell,Tyrrell,4,13,1:31.035,NaN,NaN
1995,3,frentzen,Heinz-Harald Frentzen,sauber,Sauber,30,14,1:31.358,NaN,NaN
1995,3,katayama,Ukyo Katayama,tyrrell,Tyrrell,3,15,1:31.630,NaN,NaN
1995,3,suzuki,Aguri Suzuki,ligier,Ligier,25,16,1:31.913,NaN,NaN
1995,3,verstappen,Jos Verstappen,simtek,Simtek,12,17,1:32.156,NaN,NaN
1995,3,martini,Pierluigi Martini,minardi,Minardi,23,18,1:32.445,NaN,NaN
1995,3,inoue,Taki Inoue,footwork,Footwork,10,19,1:32.710,NaN,NaN
1995,3,badoer,Luca Badoer,minardi,Minardi,24,20,1:33.071,NaN,NaN
1995,3,wendlinger,Karl Wendlinger,sauber,Sauber,29,21,1:33.494,NaN,NaN
1995,3,gachot,Bertrand Gachot,pacific,Pacific,16,22,1:33.892,NaN,NaN
1995,3,schiattarella,Domenico Schiattarella,simtek,Simtek,11,23,1:33.965,NaN,NaN
1995,3,montermini,Andrea Montermini,pacific,Pacific,17,24,1:35.169,NaN,NaN
1995,3,moreno,Roberto Moreno,forti,Forti,22,25,1:36.065,NaN,NaN
1995,3,diniz,Pedro Diniz,forti,Forti,21,26,1:36.624,NaN,NaN
1995,4,michael_schumacher,Michael Schumacher,benetton,Benetton,1,1,1:21.452,NaN,NaN
1995,4,alesi,Jean Alesi,ferrari,Ferrari,27,2,1:22.052,NaN,NaN
1995,4,berger,Gerhard Berger,ferrari,Ferrari,28,3,1:22.071,NaN,NaN
1995,4,coulthard,David Coulthard,williams,Williams,6,4,1:22.332,NaN,NaN
1995,4,damon_hill,Damon Hill,williams,Williams,5,5,1:22.349,NaN,NaN
1995,4,irvine,Eddie Irvine,jordan,Jordan,15,6,1:23.352,NaN,NaN
1995,4,herbert,Johnny Herbert,benetton,Benetton,2,7,1:23.536,NaN,NaN
1995,4,barrichello,Rubens Barrichello,jordan,Jordan,14,8,1:23.705,NaN,NaN
1995,4,hakkinen,Mika Häkkinen,mclaren,McLaren,8,9,1:23.833,NaN,NaN
1995,4,mansell,Nigel Mansell,mclaren,McLaren,7,10,1:23.927,NaN,NaN
1995,4,brundle,Martin Brundle,ligier,Ligier,25,11,1:24.727,NaN,NaN
1995,4,frentzen,Heinz-Harald Frentzen,sauber,Sauber,30,12,1:24.802,NaN,NaN
1995,4,salo,Mika Salo,tyrrell,Tyrrell,4,13,1:24.971,NaN,NaN
1995,4,morbidelli,Gianni Morbidelli,footwork,Footwork,9,14,1:25.053,NaN,NaN
1995,4,panis,Olivier Panis,ligier,Ligier,26,15,1:25.204,NaN,NaN
1995,4,verstappen,Jos Verstappen,simtek,Simtek,12,16,1:25.827,NaN,NaN
1995,4,katayama,Ukyo Katayama,tyrrell,Tyrrell,3,17,1:25.946,NaN,NaN
1995,4,inoue,Taki Inoue,footwork,Footwork,10,18,1:26.059,NaN,NaN
1995,4,martini,Pierluigi Martini,minardi,Minardi,23,19,1:26.619,NaN,NaN
1995,4,wendlinger,Karl Wendlinger,sauber,Sauber,29,20,1:27.007,NaN,NaN
1995,4,badoer,Luca Badoer,minardi,Minardi,24,21,1:27.345,NaN,NaN
1995,4,schiattarella,Domenico Schiattarella,simtek,Simtek,11,22,1:27.575,NaN,NaN
1995,4,montermini,Andrea Montermini,pacific,Pacific,17,23,1:28.094,NaN,NaN
1995,4,gachot,Bertrand Gachot,pacific,Pacific,16,24,1:28.598,NaN,NaN
1995,4,moreno,Roberto Moreno,forti,Forti,22,25,1:28.963,NaN,NaN
1995,4,diniz,Pedro Diniz,forti,Forti,21,26,1:29.540,NaN,NaN
1995,5,damon_hill,Damon Hill,williams,Williams,5,1,1:21.952,NaN,NaN
1995,5,michael_schumacher,Michael Schumacher,benetton,Benetton,1,2,1:22.742,NaN,NaN
1995,5,coulthard,David Coulthard,williams,Williams,6,3,1:23.109,NaN,NaN
1995,5,berger,Gerhard Berger,ferrari,Ferrari,28,4,1:23.220,NaN,NaN
1995,5,alesi,Jean Alesi,ferrari,Ferrari,27,5,1:23.754,NaN,NaN
1995,5,hakkinen,Mika Häkkinen,mclaren,McLaren,8,6,1:23.857,NaN,NaN
1995,5,herbert,Johnny Herbert,benetton,Benetton,2,7,1:23.885,NaN,NaN
1995,5,brundle,Martin Brundle,ligier,Ligier,26,8,1:24.447,NaN,NaN
1995,5,irvine,Eddie Irvine,jordan,Jordan,15,9,1:24.857,NaN,NaN
1995,5,blundell,Mark Blundell,mclaren,McLaren,7,10,1:24.933,NaN,NaN
1995,5,barrichello,Rubens Barrichello,jordan,Jordan,14,11,1:25.081,NaN,NaN
1995,5,panis,Olivier Panis,ligier,Ligier,26,12,1:25.125,NaN,NaN
1995,5,morbidelli,Gianni Morbidelli,footwork,Footwork,9,13,1:25.447,NaN,NaN
1995,5,frentzen,Heinz-Harald Frentzen,sauber,Sauber,30,14,1:25.661,NaN,NaN
1995,5,katayama,Ukyo Katayama,tyrrell,Tyrrell,3,15,1:25.808,NaN,NaN
1995,5,badoer,Luca Badoer,minardi,Minardi,24,16,1:25.969,NaN,NaN
1995,5,salo,Mika Salo,tyrrell,Tyrrell,4,17,1:26.473,NaN,NaN
1995,5,martini,Pierluigi Martini,minardi,Minardi,23,18,1:26.913,NaN,NaN
1995,5,boullion,Jean-Christophe Boullion,sauber,Sauber,29,19,1:27.145,NaN,NaN
1995,5,schiattarella,Domenico Schiattarella,simtek,Simtek,11,20,1:28.337,NaN,NaN
1995,5,gachot,Bertrand Gachot,pacific,Pacific,16,21,1:29.039,NaN,NaN
1995,5,diniz,Pedro Diniz,forti,Forti,21,22,1:29.244,NaN,NaN
1995,5,verstappen,Jos Verstappen,simtek,Simtek,12,23,1:29.391,NaN,NaN
1995,5,moreno,Roberto Moreno,forti,Forti,22,24,1:29.608,NaN,NaN
1995,5,montermini,Andrea Montermini,pacific,Pacific,17,25,1:30.149,NaN,NaN
1995,5,inoue,Taki Inoue,footwork,Footwork,10,26,1:31.542,NaN,NaN
1995,6,michael_schumacher,Michael Schumacher,benetton,Benetton,1,1,1:27.661,NaN,NaN
1995,6,damon_hill,Damon Hill,williams,Williams,5,2,1:28.039,NaN,NaN
1995,6,coulthard,David Coulthard,williams,Williams,6,3,1:28.091,NaN,NaN
1995,6,berger,Gerhard Berger,ferrari,Ferrari,28,4,1:28.189,NaN,NaN
1995,6,alesi,Jean Alesi,ferrari,Ferrari,27,5,1:28.474,NaN,NaN
1995,6,herbert,Johnny Herbert,benetton,Benetton,2,6,1:28.498,NaN,NaN
1995,6,hakkinen,Mika Häkkinen,mclaren,McLaren,8,7,1:28.910,NaN,NaN
1995,6,irvine,Eddie Irvine,jordan,Jordan,15,8,1:29.021,NaN,NaN
1995,6,barrichello,Rubens Barrichello,jordan,Jordan,14,9,1:29.171,NaN,NaN
1995,6,blundell,Mark Blundell,mclaren,McLaren,7,10,1:29.641,NaN,NaN
1995,6,panis,Olivier Panis,ligier,Ligier,26,11,1:29.809,NaN,NaN
1995,6,frentzen,Heinz-Harald Frentzen,sauber,Sauber,30,12,1:30.017,NaN,NaN
1995,6,morbidelli,Gianni Morbidelli,footwork,Footwork,9,13,1:30.159,NaN,NaN
1995,6,brundle,Martin Brundle,ligier,Ligier,25,14,1:30.255,NaN,NaN
1995,6,salo,Mika Salo,tyrrell,Tyrrell,4,15,1:30.657,NaN,NaN
1995,6,katayama,Ukyo Katayama,tyrrell,Tyrrell,3,16,1:31.382,NaN,NaN
1995,6,martini,Pierluigi Martini,minardi,Minardi,23,17,1:31.445,NaN,NaN
1995,6,boullion,Jean-Christophe Boullion,sauber,Sauber,29,18,1:31.838,NaN,NaN
1995,6,badoer,Luca Badoer,minardi,Minardi,24,19,1:31.853,NaN,NaN
1995,6,gachot,Bertrand Gachot,pacific,Pacific,16,20,1:32.841,NaN,NaN
1995,6,montermini,Andrea Montermini,pacific,Pacific,17,21,1:32.894,NaN,NaN
1995,6,inoue,Taki Inoue,footwork,Footwork,10,22,1:32.995,NaN,NaN
1995,6,moreno,Roberto Moreno,forti,Forti,22,23,1:34.000,NaN,NaN
1995,6,diniz,Pedro Diniz,forti,Forti,21,24,1:34.982,NaN,NaN
1995,7,damon_hill,Damon Hill,williams,Williams,5,1,1:17.225,NaN,NaN
1995,7,michael_schumacher,Michael Schumacher,benetton,Benetton,1,2,1:17.512,NaN,NaN
1995,7,coulthard,David Coulthard,williams,Williams,6,3,1:17.925,NaN,NaN
1995,7,alesi,Jean Alesi,ferrari,Ferrari,27,4,1:18.761,NaN,NaN
1995,7,barrichello,Rubens Barrichello,jordan,Jordan,14,5,1:18.810,NaN,NaN
1995,7,panis,Olivier Panis,ligier,Ligier,26,6,1:19.047,NaN,NaN
1995,7,berger,Gerhard Berger,ferrari,Ferrari,28,7,1:19.051,NaN,NaN
1995,7,hakkinen,Mika Häkkinen,mclaren,McLaren,8,8,1:19.238,NaN,NaN
1995,7,brundle,Martin Brundle,ligier,Ligier,25,9,1:19.384,NaN,NaN
1995,7,herbert,Johnny Herbert,benetton,Benetton,2,10,1:19.555,NaN,NaN
1995,7,irvine,Eddie Irvine,jordan,Jordan,15,11,1:19.845,NaN,NaN
1995,7,frentzen,Heinz-Harald Frentzen,sauber,Sauber,30,12,1:20.309,NaN,NaN
1995,7,blundell,Mark Blundell,mclaren,McLaren,7,13,1:20.527,NaN,NaN
1995,7,salo,Mika Salo,tyrrell,Tyrrell,4,14,1:20.796,NaN,NaN
1995,7,boullion,Jean-Christophe Boullion,sauber,Sauber,29,15,1:20.943,NaN,NaN
1995,7,morbidelli,Gianni Morbidelli,footwork,Footwork,9,16,1:21.076,NaN,NaN
1995,7,badoer,Luca Badoer,minardi,Minardi,24,17,1:21.323,NaN,NaN
1995,7,inoue,Taki Inoue,footwork,Footwork,10,18,1:21.894,NaN,NaN
1995,7,katayama,Ukyo Katayama,tyrrell,Tyrrell,3,19,1:21.930,NaN,NaN
1995,7,martini,Pierluigi Martini,minardi,Minardi,23,20,1:22.104,NaN,NaN
1995,7,montermini,Andrea Montermini,pacific,Pacific,17,21,1:23.466,NaN,NaN
1995,7,gachot,Bertrand Gachot,pacific,Pacific,16,22,1:23.647,NaN,NaN
1995,7,diniz,Pedro Diniz,forti,Forti,21,23,1:24.184,NaN,NaN
1995,7,moreno,Roberto Moreno,forti,Forti,22,24,1:24.865,NaN,NaN
1995,8,damon_hill,Damon Hill,williams,Williams,5,1,1:28.124,NaN,NaN
1995,8,michael_schumacher,Michael Schumacher,benetton,Benetton,1,2,1:28.397,NaN,NaN
1995,8,coulthard,David Coulthard,williams,Williams,6,3,1:28.947,NaN,NaN
1995,8,berger,Gerhard Berger,ferrari,Ferrari,28,4,1:29.657,NaN,NaN
1995,8,herbert,Johnny Herbert,benetton,Benetton,2,5,1:29.867,NaN,NaN
1995,8,alesi,Jean Alesi,ferrari,Ferrari,27,6,1:29.874,NaN,NaN
1995,8,irvine,Eddie Irvine,jordan,Jordan,15,7,1:30.083,NaN,NaN
1995,8,hakkinen,Mika Häkkinen,mclaren,McLaren,8,8,1:30.140,NaN,NaN
1995,8,barrichello,Rubens Barrichello,jordan,Jordan,14,9,1:30.354,NaN,NaN
1995,8,blundell,Mark Blundell,mclaren,McLaren,7,10,1:30.453,NaN,NaN
1995,8,brundle,Martin Brundle,ligier,Ligier,25,11,1:30.946,NaN,NaN
1995,8,frentzen,Heinz-Harald Frentzen,sauber,Sauber,30,12,1:31.602,NaN,NaN
1995,8,panis,Olivier Panis,ligier,Ligier,26,13,1:31.842,NaN,NaN
1995,8,katayama,Ukyo Katayama,tyrrell,Tyrrell,3,14,1:32.087,NaN,NaN
1995,8,martini,Pierluigi Martini,minardi,Minardi,23,15,1:32.259,NaN,NaN
1995,8,boullion,Jean-Christophe Boullion,sauber,Sauber,29,16,1:33.166,NaN,NaN
1995,8,papis,Massimiliano Papis,footwork,Footwork,9,17,1:34.154,NaN,NaN
1995,8,badoer,Luca Badoer,minardi,Minardi,24,18,1:34.556,NaN,NaN
1995,8,inoue,Taki Inoue,footwork,Footwork,10,19,1:35.323,NaN,NaN
1995,8,diniz,Pedro Diniz,forti,Forti,21,20,1:36.023,NaN,NaN
1995,8,gachot,Bertrand Gachot,pacific,Pacific,16,21,1:36.076,NaN,NaN
1995,8,moreno,Roberto Moreno,forti,Forti,22,22,1:36.651,NaN,NaN
1995,8,salo,Mika Salo,tyrrell,Tyrrell,3,23,1:48.639,NaN,NaN
1995,8,montermini,Andrea Montermini,pacific,Pacific,17,24,1:52.398,NaN,NaN
1995,9,damon_hill,Damon Hill,williams,Williams,5,1,1:44.385,NaN,NaN
1995,9,michael_schumacher,Michael Schumacher,benetton,Benetton,1,2,1:44.465,NaN,NaN
1995,9,coulthard,David Coulthard,williams,Williams,6,3,1:44.540,NaN,NaN
1995,9,berger,Gerhard Berger,ferrari,Ferrari,28,4,1:45.553,NaN,NaN
1995,9,barrichello,Rubens Barrichello,jordan,Jordan,14,5,1:45.765,NaN,NaN
1995,9,irvine,Eddie Irvine,jordan,Jordan,15,6,1:45.846,NaN,NaN
1995,9,hakkinen,Mika Häkkinen,mclaren,McLaren,8,7,1:45.849,NaN,NaN
1995,9,blundell,Mark Blundell,mclaren,McLaren,7,8,1:46.221,NaN,NaN
1995,9,herbert,Johnny Herbert,benetton,Benetton,2,9,1:46.315,NaN,NaN
1995,9,alesi,Jean Alesi,ferrari,Ferrari,27,10,1:46.356,NaN,NaN
1995,9,frentzen,Heinz-Harald Frentzen,sauber,Sauber,30,11,1:46.801,NaN,NaN
1995,9,panis,Olivier Panis,ligier,Ligier,26,12,1:47.372,NaN,NaN
1995,9,salo,Mika Salo,tyrrell,Tyrrell,4,13,1:47.507,NaN,NaN
1995,9,boullion,Jean-Christophe Boullion,sauber,Sauber,29,14,1:47.636,NaN,NaN
1995,9,papis,Massimiliano Papis,footwork,Footwork,9,15,1:48.093,NaN,NaN
1995,9,badoer,Luca Badoer,minardi,Minardi,24,16,1:49.302,NaN,NaN
1995,9,katayama,Ukyo Katayama,tyrrell,Tyrrell,3,17,1:49.402,NaN,NaN
1995,9,suzuki,Aguri Suzuki,ligier,Ligier,25,18,1:49.716,NaN,NaN
1995,9,inoue,Taki Inoue,footwork,Footwork,10,19,1:49.892,NaN,NaN
1995,9,martini,Pierluigi Martini,minardi,Minardi,23,20,1:49.990,NaN,NaN
1995,9,diniz,Pedro Diniz,forti,Forti,21,21,1:52.961,NaN,NaN
1995,9,moreno,Roberto Moreno,forti,Forti,22,22,1:53.405,NaN,NaN
1995,9,montermini,Andrea Montermini,pacific,Pacific,17,23,1:53.492,NaN,NaN
1995,9,lavaggi,Giovanni Lavaggi,pacific,Pacific,16,24,1:54.625,NaN,NaN
1995,10,damon_hill,Damon Hill,williams,Williams,5,1,1:16.982,NaN,NaN
1995,10,coulthard,David Coulthard,williams,Williams,6,2,1:17.366,NaN,NaN
1995,10,michael_schumacher,Michael Schumacher,benetton,Benetton,1,3,1:17.558,NaN,NaN
1995,10,berger,Gerhard Berger,ferrari,Ferrari,28,4,1:18.059,NaN,NaN
1995,10,hakkinen,Mika Häkkinen,mclaren,McLaren,8,5,1:18.363,NaN,NaN
1995,10,alesi,Jean Alesi,ferrari,Ferrari,27,6,1:18.968,NaN,NaN
1995,10,irvine,Eddie Irvine,jordan,Jordan,15,7,1:19.499,NaN,NaN
1995,10,brundle,Martin Brundle,ligier,Ligier,25,8,1:19.748,NaN,NaN
1995,10,herbert,Johnny Herbert,benetton,Benetton,2,9,1:20.072,NaN,NaN
1995,10,panis,Olivier Panis,ligier,Ligier,26,10,1:20.160,NaN,NaN
1995,10,frentzen,Heinz-Harald Frentzen,sauber,Sauber,30,11,1:20.413,NaN,NaN
1995,10,badoer,Luca Badoer,minardi,Minardi,24,12,1:20.543,NaN,NaN
1995,10,blundell,Mark Blundell,mclaren,McLaren,7,13,1:20.640,NaN,NaN
1995,10,barrichello,Rubens Barrichello,jordan,Jordan,14,14,1:20.902,NaN,NaN
1995,10,lamy,Pedro Lamy,minardi,Minardi,23,15,1:21.156,NaN,NaN
1995,10,salo,Mika Salo,tyrrell,Tyrrell,4,16,1:21.624,NaN,NaN
1995,10,katayama,Ukyo Katayama,tyrrell,Tyrrell,3,17,1:21.702,NaN,NaN
1995,10,inoue,Taki Inoue,footwork,Footwork,10,18,1:22.081,NaN,NaN
1995,10,boullion,Jean-Christophe Boullion,sauber,Sauber,29,19,1:22.161,NaN,NaN
1995,10,papis,Massimiliano Papis,footwork,Footwork,9,20,1:23.275,NaN,NaN
1995,10,moreno,Roberto Moreno,forti,Forti,22,21,1:24.351,NaN,NaN
1995,10,montermini,Andrea Montermini,pacific,Pacific,17,22,1:24.371,NaN,NaN
1995,10,diniz,Pedro Diniz,forti,Forti,21,23,1:24.695,NaN,NaN
1995,10,lavaggi,Giovanni Lavaggi,pacific,Pacific,16,24,1:26.570,NaN,NaN
1995,11,berger,Gerhard Berger,ferrari,Ferrari,28,1,1:54.392,NaN,NaN
1995,11,alesi,Jean Alesi,ferrari,Ferrari,27,2,1:54.631,NaN,NaN
1995,11,hakkinen,Mika Häkkinen,mclaren,McLaren,8,3,1:55.435,NaN,NaN
1995,11,herbert,Johnny Herbert,benetton,Benetton,2,4,1:56.085,NaN,NaN
1995,11,coulthard,David Coulthard,williams,Williams,6,5,1:56.254,NaN,NaN
1995,11,blundell,Mark Blundell,mclaren,McLaren,7,6,1:56.622,NaN,NaN
1995,11,irvine,Eddie Irvine,jordan,Jordan,15,7,1:57.001,NaN,NaN
1995,11,damon_hill,Damon Hill,williams,Williams,5,8,1:57.768,NaN,NaN
1995,11,panis,Olivier Panis,ligier,Ligier,26,9,1:58.021,NaN,NaN
1995,11,frentzen,Heinz-Harald Frentzen,sauber,Sauber,30,10,1:58.148,NaN,NaN
1995,11,salo,Mika Salo,tyrrell,Tyrrell,4,11,1:58.224,NaN,NaN
1995,11,barrichello,Rubens Barrichello,jordan,Jordan,14,12,1:58.293,NaN,NaN
1995,11,brundle,Martin Brundle,ligier,Ligier,26,13,1:58.314,NaN,NaN
1995,11,boullion,Jean-Christophe Boullion,sauber,Sauber,29,14,1:58.356,NaN,NaN
1995,11,katayama,Ukyo Katayama,tyrrell,Tyrrell,3,15,1:58.551,NaN,NaN
1995,11,michael_schumacher,Michael Schumacher,benetton,Benetton,1,16,1:59.079,NaN,NaN
1995,11,lamy,Pedro Lamy,minardi,Minardi,23,17,1:59.256,NaN,NaN
1995,11,inoue,Taki Inoue,footwork,Footwork,10,18,2:00.990,NaN,NaN
1995,11,badoer,Luca Badoer,minardi,Minardi,24,19,2:01.013,NaN,NaN
1995,11,papis,Massimiliano Papis,footwork,Footwork,9,20,2:01.685,NaN,NaN
1995,11,montermini,Andrea Montermini,pacific,Pacific,17,21,2:02.405,NaN,NaN
1995,11,moreno,Roberto Moreno,forti,Forti,22,22,2:03.817,NaN,NaN
1995,11,lavaggi,Giovanni Lavaggi,pacific,Pacific,16,23,2:06.407,NaN,NaN
1995,11,diniz,Pedro Diniz,forti,Forti,21,24,2:09.537,NaN,NaN
1995,12,coulthard,David Coulthard,williams,Williams,6,1,1:24.462,NaN,NaN
1995,12,michael_schumacher,Michael Schumacher,benetton,Benetton,1,2,1:25.026,NaN,NaN
1995,12,berger,Gerhard Berger,ferrari,Ferrari,28,3,1:25.353,NaN,NaN
1995,12,damon_hill,Damon Hill,williams,Williams,5,4,1:25.699,NaN,NaN
1995,12,alesi,Jean Alesi,ferrari,Ferrari,27,5,1:25.707,NaN,NaN
1995,12,barrichello,Rubens Barrichello,jordan,Jordan,14,6,1:25.919,NaN,NaN
1995,12,hakkinen,Mika Häkkinen,mclaren,McLaren,8,7,1:25.920,NaN,NaN
1995,12,herbert,Johnny Herbert,benetton,Benetton,2,8,1:26.433,NaN,NaN
1995,12,blundell,Mark Blundell,mclaren,McLaren,7,9,1:26.472,NaN,NaN
1995,12,frentzen,Heinz-Harald Frentzen,sauber,Sauber,30,10,1:26.541,NaN,NaN
1995,12,brundle,Martin Brundle,ligier,Ligier,26,11,1:27.067,NaN,NaN
1995,12,irvine,Eddie Irvine,jordan,Jordan,15,12,1:27.271,NaN,NaN
1995,12,panis,Olivier Panis,ligier,Ligier,26,13,1:27.384,NaN,NaN
1995,12,boullion,Jean-Christophe Boullion,sauber,Sauber,29,14,1:28.741,NaN,NaN
1995,12,papis,Massimiliano Papis,footwork,Footwork,9,15,1:28.870,NaN,NaN
1995,12,salo,Mika Salo,tyrrell,Tyrrell,4,16,1:29.028,NaN,NaN
1995,12,katayama,Ukyo Katayama,tyrrell,Tyrrell,3,17,1:29.287,NaN,NaN
1995,12,badoer,Luca Badoer,minardi,Minardi,24,18,1:29.559,NaN,NaN
1995,12,lamy,Pedro Lamy,minardi,Minardi,23,19,1:29.936,NaN,NaN
1995,12,inoue,Taki Inoue,footwork,Footwork,10,20,1:30.515,NaN,NaN
1995,12,montermini,Andrea Montermini,pacific,Pacific,17,21,1:30.721,NaN,NaN
1995,12,moreno,Roberto Moreno,forti,Forti,22,22,1:30.834,NaN,NaN
1995,12,diniz,Pedro Diniz,forti,Forti,21,23,1:32.102,NaN,NaN
1995,12,lavaggi,Giovanni Lavaggi,pacific,Pacific,16,24,1:32.470,NaN,NaN
1995,13,coulthard,David Coulthard,williams,Williams,6,1,1:20.537,NaN,NaN
1995,13,damon_hill,Damon Hill,williams,Williams,5,2,1:20.905,NaN,NaN
1995,13,michael_schumacher,Michael Schumacher,benetton,Benetton,1,3,1:21.301,NaN,NaN
1995,13,berger,Gerhard Berger,ferrari,Ferrari,28,4,1:21.970,NaN,NaN
1995,13,frentzen,Heinz-Harald Frentzen,sauber,Sauber,30,5,1:22.226,NaN,NaN
1995,13,herbert,Johnny Herbert,benetton,Benetton,2,6,1:22.322,NaN,NaN
1995,13,alesi,Jean Alesi,ferrari,Ferrari,27,7,1:22.391,NaN,NaN
1995,13,barrichello,Rubens Barrichello,jordan,Jordan,14,8,1:22.538,NaN,NaN
1995,13,brundle,Martin Brundle,ligier,Ligier,25,9,1:22.588,NaN,NaN
1995,13,irvine,Eddie Irvine,jordan,Jordan,15,10,1:22.831,NaN,NaN
1995,13,panis,Olivier Panis,ligier,Ligier,26,11,1:22.904,NaN,NaN
1995,13,blundell,Mark Blundell,mclaren,McLaren,7,12,1:22.914,NaN,NaN
1995,13,hakkinen,Mika Häkkinen,mclaren,McLaren,8,13,1:23.064,NaN,NaN
1995,13,boullion,Jean-Christophe Boullion,sauber,Sauber,29,14,1:23.934,NaN,NaN
1995,13,salo,Mika Salo,tyrrell,Tyrrell,4,15,1:23.936,NaN,NaN
1995,13,katayama,Ukyo Katayama,tyrrell,Tyrrell,3,16,1:24.287,NaN,NaN
1995,13,lamy,Pedro Lamy,minardi,Minardi,23,17,1:24.657,NaN,NaN
1995,13,badoer,Luca Badoer,minardi,Minardi,24,18,1:24.778,NaN,NaN
1995,13,inoue,Taki Inoue,footwork,Footwork,10,19,1:24.883,NaN,NaN
1995,13,papis,Massimiliano Papis,footwork,Footwork,9,20,1:25.179,NaN,NaN
1995,13,montermini,Andrea Montermini,pacific,Pacific,17,21,1:26.172,NaN,NaN
1995,13,diniz,Pedro Diniz,forti,Forti,21,22,1:27.292,NaN,NaN
1995,13,moreno,Roberto Moreno,forti,Forti,22,23,1:27.523,NaN,NaN
1995,13,deletraz,Jean-Denis Délétraz,pacific,Pacific,16,24,1:32.769,NaN,NaN
1995,14,coulthard,David Coulthard,williams,Williams,6,1,1:18.738,NaN,NaN
1995,14,damon_hill,Damon Hill,williams,Williams,5,2,1:18.972,NaN,NaN
1995,14,michael_schumacher,Michael Schumacher,benetton,Benetton,1,3,1:19.150,NaN,NaN
1995,14,berger,Gerhard Berger,ferrari,Ferrari,28,4,1:19.821,NaN,NaN
1995,14,irvine,Eddie Irvine,jordan,Jordan,15,5,1:20.488,NaN,NaN
1995,14,alesi,Jean Alesi,ferrari,Ferrari,27,6,1:20.510,NaN,NaN
1995,14,herbert,Johnny Herbert,benetton,Benetton,2,7,1:20.653,NaN,NaN
1995,14,frentzen,Heinz-Harald Frentzen,sauber,Sauber,30,8,1:20.749,NaN,NaN
1995,14,hakkinen,Mika Häkkinen,mclaren,McLaren,8,9,1:20.866,NaN,NaN
1995,14,blundell,Mark Blundell,mclaren,McLaren,7,10,1:20.909,NaN,NaN
1995,14,barrichello,Rubens Barrichello,jordan,Jordan,14,11,1:21.211,NaN,NaN
1995,14,brundle,Martin Brundle,ligier,Ligier,25,12,1:21.541,NaN,NaN
1995,14,boullion,Jean-Christophe Boullion,sauber,Sauber,29,13,1:22.059,NaN,NaN
1995,14,panis,Olivier Panis,ligier,Ligier,26,14,1:22.062,NaN,NaN
1995,14,salo,Mika Salo,tyrrell,Tyrrell,4,15,1:23.058,NaN,NaN
1995,14,lamy,Pedro Lamy,minardi,Minardi,23,16,1:23.328,NaN,NaN
1995,14,papis,Massimiliano Papis,footwork,Footwork,9,17,1:23.689,NaN,NaN
1995,14,badoer,Luca Badoer,minardi,Minardi,24,18,1:23.760,NaN,NaN
1995,14,tarquini,Gabriele Tarquini,tyrrell,Tyrrell,3,19,1:24.286,NaN,NaN
1995,14,montermini,Andrea Montermini,pacific,Pacific,17,20,1:24.696,NaN,NaN
1995,14,inoue,Taki Inoue,footwork,Footwork,10,21,1:24.900,NaN,NaN
1995,14,diniz,Pedro Diniz,forti,Forti,21,22,1:25.157,NaN,NaN
1995,14,moreno,Roberto Moreno,forti,Forti,22,23,1:26.098,NaN,NaN
1995,14,deletraz,Jean-Denis Délétraz,pacific,Pacific,16,24,1:27.853,NaN,NaN
1995,15,coulthard,David Coulthard,williams,Williams,6,1,1:14.013,NaN,NaN
1995,15,damon_hill,Damon Hill,williams,Williams,5,2,1:14.213,NaN,NaN
1995,15,michael_schumacher,Michael Schumacher,benetton,Benetton,1,3,1:14.284,NaN,NaN
1995,15,alesi,Jean Alesi,ferrari,Ferrari,27,4,1:14.919,NaN,NaN
1995,15,berger,Gerhard Berger,ferrari,Ferrari,28,5,1:14.974,NaN,NaN
1995,15,irvine,Eddie Irvine,jordan,Jordan,15,6,1:15.354,NaN,NaN
1995,15,herbert,Johnny Herbert,benetton,Benetton,2,7,1:15.556,NaN,NaN
1995,15,frentzen,Heinz-Harald Frentzen,sauber,Sauber,30,8,1:15.561,NaN,NaN
1995,15,panis,Olivier Panis,ligier,Ligier,26,9,1:15.621,NaN,NaN
1995,15,blundell,Mark Blundell,mclaren,McLaren,7,10,1:15.652,NaN,NaN
1995,15,barrichello,Rubens Barrichello,jordan,Jordan,14,11,1:15.774,NaN,NaN
1995,15,magnussen,Jan Magnussen,mclaren,McLaren,8,12,1:16.339,NaN,NaN
1995,15,suzuki,Aguri Suzuki,ligier,Ligier,25,13,1:16.519,NaN,NaN
1995,15,lamy,Pedro Lamy,minardi,Minardi,23,14,1:16.596,NaN,NaN
1995,15,boullion,Jean-Christophe Boullion,sauber,Sauber,29,15,1:16.646,NaN,NaN
1995,15,badoer,Luca Badoer,minardi,Minardi,24,16,1:16.887,NaN,NaN
1995,15,katayama,Ukyo Katayama,tyrrell,Tyrrell,3,17,1:17.014,NaN,NaN
1995,15,salo,Mika Salo,tyrrell,Tyrrell,4,18,1:17.213,NaN,NaN
1995,15,morbidelli,Gianni Morbidelli,footwork,Footwork,9,19,1:18.114,NaN,NaN
1995,15,inoue,Taki Inoue,footwork,Footwork,10,20,1:18.212,NaN,NaN
1995,15,diniz,Pedro Diniz,forti,Forti,21,21,1:19.579,NaN,NaN
1995,15,moreno,Roberto Moreno,forti,Forti,22,22,1:19.745,NaN,NaN
1995,15,montermini,Andrea Montermini,pacific,Pacific,17,23,1:20.093,NaN,NaN
1995,15,gachot,Bertrand Gachot,pacific,Pacific,16,24,1:21.405,NaN,NaN
1995,16,michael_schumacher,Michael Schumacher,benetton,Benetton,1,1,1:38.023,NaN,NaN
1995,16,alesi,Jean Alesi,ferrari,Ferrari,27,2,1:38.888,NaN,NaN
1995,16,hakkinen,Mika Häkkinen,mclaren,McLaren,8,3,1:38.954,NaN,NaN
1995,16,damon_hill,Damon Hill,williams,Williams,5,4,1:39.032,NaN,NaN
1995,16,berger,Gerhard Berger,ferrari,Ferrari,28,5,1:39.040,NaN,NaN
1995,16,coulthard,David Coulthard,williams,Williams,6,6,1:39.155,NaN,NaN
1995,16,irvine,Eddie Irvine,jordan,Jordan,15,7,1:39.621,NaN,NaN
1995,16,frentzen,Heinz-Harald Frentzen,sauber,Sauber,30,8,1:40.010,NaN,NaN
1995,16,herbert,Johnny Herbert,benetton,Benetton,2,9,1:40.349,NaN,NaN
1995,16,barrichello,Rubens Barrichello,jordan,Jordan,14,10,1:40.381,NaN,NaN
1995,16,panis,Olivier Panis,ligier,Ligier,26,11,1:40.838,NaN,NaN
1995,16,salo,Mika Salo,tyrrell,Tyrrell,4,12,1:41.355,NaN,NaN
1995,16,suzuki,Aguri Suzuki,ligier,Ligier,25,13,1:41.592,NaN,NaN
1995,16,katayama,Ukyo Katayama,tyrrell,Tyrrell,3,14,1:41.977,NaN,NaN
1995,16,morbidelli,Gianni Morbidelli,footwork,Footwork,9,15,1:42.059,NaN,NaN
1995,16,wendlinger,Karl Wendlinger,sauber,Sauber,29,16,1:42.912,NaN,NaN
1995,16,lamy,Pedro Lamy,minardi,Minardi,23,17,1:43.102,NaN,NaN
1995,16,badoer,Luca Badoer,minardi,Minardi,24,18,1:43.542,NaN,NaN
1995,16,inoue,Taki Inoue,footwork,Footwork,10,19,1:44.074,NaN,NaN
1995,16,montermini,Andrea Montermini,pacific,Pacific,17,20,1:46.097,NaN,NaN
1995,16,diniz,Pedro Diniz,forti,Forti,21,21,1:46.654,NaN,NaN
1995,16,moreno,Roberto Moreno,forti,Forti,22,22,1:48.267,NaN,NaN
1995,16,gachot,Bertrand Gachot,pacific,Pacific,16,23,1:48.289,NaN,NaN
1995,16,blundell,Mark Blundell,mclaren,McLaren,7,24,16:42.640,NaN,NaN
1995,17,damon_hill,Damon Hill,williams,Williams,5,1,,NaN,NaN
1995,17,coulthard,David Coulthard,williams,Williams,6,2,,NaN,NaN
1995,17,michael_schumacher,Michael Schumacher,benetton,Benetton,1,3,,NaN,NaN
1995,17,berger,Gerhard Berger,ferrari,Ferrari,28,4,,NaN,NaN
1995,17,alesi,Jean Alesi,ferrari,Ferrari,27,5,,NaN,NaN
1995,17,frentzen,Heinz-Harald Frentzen,sauber,Sauber,30,6,,NaN,NaN
1995,17,barrichello,Rubens Barrichello,jordan,Jordan,14,7,,NaN,NaN
1995,17,herbert,Johnny Herbert,benetton,Benetton,2,8,,NaN,NaN
1995,17,irvine,Eddie Irvine,jordan,Jordan,15,9,,NaN,NaN
1995,17,blundell,Mark Blundell,mclaren,McLaren,7,10,,NaN,NaN
1995,17,brundle,Martin Brundle,ligier,Ligier,25,11,,NaN,NaN
1995,17,panis,Olivier Panis,ligier,Ligier,26,12,,NaN,NaN
1995,17,morbidelli,Gianni Morbidelli,footwork,Footwork,9,13,,NaN,NaN
1995,17,salo,Mika Salo,tyrrell,Tyrrell,4,14,,NaN,NaN
1995,17,badoer,Luca Badoer,minardi,Minardi,24,15,,NaN,NaN
1995,17,katayama,Ukyo Katayama,tyrrell,Tyrrell,3,16,,NaN,NaN
1995,17,lamy,Pedro Lamy,minardi,Minardi,23,17,,NaN,NaN
1995,17,wendlinger,Karl Wendlinger,sauber,Sauber,29,18,,NaN,NaN
1995,17,inoue,Taki Inoue,footwork,Footwork,10,19,,NaN,NaN
1995,17,moreno,Roberto Moreno,forti,Forti,22,20,,NaN,NaN
1995,17,diniz,Pedro Diniz,forti,Forti,21,21,,NaN,NaN
1995,17,montermini,Andrea Montermini,pacific,Pacific,16,22,,NaN,NaN
1995,17,gachot,Bertrand Gachot,pacific,Pacific,16,23,,NaN,NaN
1995,17,hakkinen,Mika Häkkinen,mclaren,McLaren,8,24,,NaN,NaN
1996,1,villeneuve,Jacques Villeneuve,williams,Williams,6,1,1:32.371,NaN,NaN
1996,1,damon_hill,Damon Hill,williams,Williams,5,2,1:32.509,NaN,NaN
1996,1,irvine,Eddie Irvine,ferrari,Ferrari,2,3,1:32.889,NaN,NaN
1996,1,michael_schumacher,Michael Schumacher,ferrari,Ferrari,1,4,1:33.125,NaN,NaN
1996,1,hakkinen,Mika Häkkinen,mclaren,McLaren,7,5,1:34.054,NaN,NaN
1996,1,alesi,Jean Alesi,benetton,Benetton,3,6,1:34.257,NaN,NaN
1996,1,berger,Gerhard Berger,benetton,Benetton,4,7,1:34.344,NaN,NaN
1996,1,barrichello,Rubens Barrichello,jordan,Jordan,11,8,1:34.474,NaN,NaN
1996,1,frentzen,Heinz-Harald Frentzen,sauber,Sauber,15,9,1:34.494,NaN,NaN
1996,1,salo,Mika Salo,tyrrell,Tyrrell,19,10,1:34.832,NaN,NaN
1996,1,panis,Olivier Panis,ligier,Ligier,9,11,1:35.330,NaN,NaN
1996,1,verstappen,Jos Verstappen,footwork,Footwork,17,12,1:35.338,NaN,NaN
1996,1,coulthard,David Coulthard,mclaren,McLaren,8,13,1:35.351,NaN,NaN
1996,1,herbert,Johnny Herbert,sauber,Sauber,14,14,1:35.453,NaN,NaN
1996,1,katayama,Ukyo Katayama,tyrrell,Tyrrell,18,15,1:35.715,NaN,NaN
1996,1,fisichella,Giancarlo Fisichella,minardi,Minardi,21,16,1:35.898,NaN,NaN
1996,1,lamy,Pedro Lamy,minardi,Minardi,20,17,1:36.109,NaN,NaN
1996,1,rosset,Ricardo Rosset,footwork,Footwork,16,18,1:36.198,NaN,NaN
1996,1,brundle,Martin Brundle,jordan,Jordan,12,19,1:36.286,NaN,NaN
1996,1,diniz,Pedro Diniz,ligier,Ligier,10,20,1:36.298,NaN,NaN
1996,2,damon_hill,Damon Hill,williams,Williams,5,1,1:18.111,NaN,NaN
1996,2,barrichello,Rubens Barrichello,jordan,Jordan,11,2,1:19.092,NaN,NaN
1996,2,villeneuve,Jacques Villeneuve,williams,Williams,6,3,1:19.254,NaN,NaN
1996,2,michael_schumacher,Michael Schumacher,ferrari,Ferrari,1,4,1:19.474,NaN,NaN
1996,2,alesi,Jean Alesi,benetton,Benetton,3,5,1:19.484,NaN,NaN
1996,2,brundle,Martin Brundle,jordan,Jordan,12,6,1:19.519,NaN,NaN
1996,2,hakkinen,Mika Häkkinen,mclaren,McLaren,7,7,1:19.607,NaN,NaN
1996,2,berger,Gerhard Berger,benetton,Benetton,4,8,1:19.762,NaN,NaN
1996,2,frentzen,Heinz-Harald Frentzen,sauber,Sauber,15,9,1:19.799,NaN,NaN
1996,2,irvine,Eddie Irvine,ferrari,Ferrari,2,10,1:19.951,NaN,NaN
1996,2,salo,Mika Salo,tyrrell,Tyrrell,19,11,1:20.000,NaN,NaN
1996,2,herbert,Johnny Herbert,sauber,Sauber,14,12,1:20.144,NaN,NaN
1996,2,verstappen,Jos Verstappen,footwork,Footwork,17,13,1:20.157,NaN,NaN
1996,2,coulthard,David Coulthard,mclaren,McLaren,8,14,1:20.167,NaN,NaN
1996,2,panis,Olivier Panis,ligier,Ligier,9,15,1:20.426,NaN,NaN
1996,2,katayama,Ukyo Katayama,tyrrell,Tyrrell,18,16,1:20.427,NaN,NaN
1996,2,rosset,Ricardo Rosset,footwork,Footwork,16,17,1:20.440,NaN,NaN
1996,2,lamy,Pedro Lamy,minardi,Minardi,20,18,1:21.491,NaN,NaN
1996,2,badoer,Luca Badoer,forti,Forti,22,19,1:23.174,NaN,NaN
1996,2,montermini,Andrea Montermini,forti,Forti,23,20,1:23.454,NaN,NaN
1996,2,marques,Tarso Marques,minardi,Minardi,21,21,,NaN,NaN
1996,2,diniz,Pedro Diniz,ligier,Ligier,10,22,,NaN,NaN
1996,3,damon_hill,Damon Hill,williams,Williams,5,1,1:30.346,NaN,NaN
1996,3,michael_schumacher,Michael Schumacher,ferrari,Ferrari,1,2,1:30.598,NaN,NaN
1996,3,villeneuve,Jacques Villeneuve,williams,Williams,6,3,1:30.907,NaN,NaN
1996,3,alesi,Jean Alesi,benetton,Benetton,3,4,1:31.038,NaN,NaN
1996,3,berger,Gerhard Berger,benetton,Benetton,4,5,1:31.262,NaN,NaN
1996,3,barrichello,Rubens Barrichello,jordan,Jordan,11,6,1:31.404,NaN,NaN
1996,3,verstappen,Jos Verstappen,footwork,Footwork,17,7,1:31.615,NaN,NaN
1996,3,hakkinen,Mika Häkkinen,mclaren,McLaren,7,8,1:31.801,NaN,NaN
1996,3,coulthard,David Coulthard,mclaren,McLaren,8,9,1:32.001,NaN,NaN
1996,3,irvine,Eddie Irvine,ferrari,Ferrari,2,10,1:32.058,NaN,NaN
1996,3,frentzen,Heinz-Harald Frentzen,sauber,Sauber,15,11,1:32.130,NaN,NaN
1996,3,panis,Olivier Panis,ligier,Ligier,9,12,1:32.177,NaN,NaN
1996,3,katayama,Ukyo Katayama,tyrrell,Tyrrell,18,13,1:32.407,NaN,NaN
1996,3,marques,Tarso Marques,minardi,Minardi,21,14,1:32.502,NaN,NaN
1996,3,brundle,Martin Brundle,jordan,Jordan,12,15,1:32.696,NaN,NaN
1996,3,salo,Mika Salo,tyrrell,Tyrrell,19,16,1:32.903,NaN,NaN
1996,3,herbert,Johnny Herbert,sauber,Sauber,14,17,1:33.256,NaN,NaN
1996,3,diniz,Pedro Diniz,ligier,Ligier,10,18,1:33.424,NaN,NaN
1996,3,lamy,Pedro Lamy,minardi,Minardi,20,19,1:33.727,NaN,NaN
1996,3,rosset,Ricardo Rosset,footwork,Footwork,16,20,1:33.752,NaN,NaN
1996,3,badoer,Luca Badoer,forti,Forti,22,21,1:34.830,NaN,NaN
1996,3,montermini,Andrea Montermini,forti,Forti,23,22,1:35.651,NaN,NaN
1996,4,damon_hill,Damon Hill,williams,Williams,5,1,1:18.941,NaN,NaN
1996,4,villeneuve,Jacques Villeneuve,williams,Williams,6,2,1:19.721,NaN,NaN
1996,4,michael_schumacher,Michael Schumacher,ferrari,Ferrari,1,3,1:20.149,NaN,NaN
1996,4,alesi,Jean Alesi,benetton,Benetton,3,4,1:20.711,NaN,NaN
1996,4,barrichello,Rubens Barrichello,jordan,Jordan,11,5,1:20.818,NaN,NaN
1996,4,coulthard,David Coulthard,mclaren,McLaren,8,6,1:20.888,NaN,NaN
1996,4,irvine,Eddie Irvine,ferrari,Ferrari,2,7,1:20.931,NaN,NaN
1996,4,berger,Gerhard Berger,benetton,Benetton,4,8,1:21.054,NaN,NaN
1996,4,hakkinen,Mika Häkkinen,mclaren,McLaren,7,9,1:21.078,NaN,NaN
1996,4,frentzen,Heinz-Harald Frentzen,sauber,Sauber,15,10,1:21.113,NaN,NaN
1996,4,brundle,Martin Brundle,jordan,Jordan,12,11,1:21.177,NaN,NaN
1996,4,herbert,Johnny Herbert,sauber,Sauber,14,12,1:21.210,NaN,NaN
1996,4,verstappen,Jos Verstappen,footwork,Footwork,17,13,1:21.367,NaN,NaN
1996,4,salo,Mika Salo,tyrrell,Tyrrell,19,14,1:21.458,NaN,NaN
1996,4,panis,Olivier Panis,ligier,Ligier,9,15,1:21.509,NaN,NaN
1996,4,katayama,Ukyo Katayama,tyrrell,Tyrrell,18,16,1:21.812,NaN,NaN
1996,4,diniz,Pedro Diniz,ligier,Ligier,10,17,1:22.733,NaN,NaN
1996,4,fisichella,Giancarlo Fisichella,minardi,Minardi,21,18,1:22.921,NaN,NaN
1996,4,lamy,Pedro Lamy,minardi,Minardi,20,19,1:23.139,NaN,NaN
1996,4,rosset,Ricardo Rosset,footwork,Footwork,16,20,1:23.620,NaN,NaN
1996,5,michael_schumacher,Michael Schumacher,ferrari,Ferrari,1,1,1:26.890,NaN,NaN
1996,5,damon_hill,Damon Hill,williams,Williams,5,2,1:27.105,NaN,NaN
1996,5,villeneuve,Jacques Villeneuve,williams,Williams,6,3,1:27.220,NaN,NaN
1996,5,coulthard,David Coulthard,mclaren,McLaren,8,4,1:27.688,NaN,NaN
1996,5,alesi,Jean Alesi,benetton,Benetton,3,5,1:28.009,NaN,NaN
1996,5,irvine,Eddie Irvine,ferrari,Ferrari,2,6,1:28.205,NaN,NaN
1996,5,berger,Gerhard Berger,benetton,Benetton,4,7,1:28.336,NaN,NaN
1996,5,salo,Mika Salo,tyrrell,Tyrrell,19,8,1:28.423,NaN,NaN
1996,5,barrichello,Rubens Barrichello,jordan,Jordan,11,9,1:28.632,NaN,NaN
1996,5,frentzen,Heinz-Harald Frentzen,sauber,Sauber,15,10,1:28.785,NaN,NaN
1996,5,hakkinen,Mika Häkkinen,mclaren,McLaren,7,11,1:29.079,NaN,NaN
1996,5,brundle,Martin Brundle,jordan,Jordan,12,12,1:29.099,NaN,NaN
1996,5,panis,Olivier Panis,ligier,Ligier,9,13,1:29.472,NaN,NaN
1996,5,verstappen,Jos Verstappen,footwork,Footwork,17,14,1:29.539,NaN,NaN
1996,5,herbert,Johnny Herbert,sauber,Sauber,14,15,1:29.541,NaN,NaN
1996,5,katayama,Ukyo Katayama,tyrrell,Tyrrell,18,16,1:29.892,NaN,NaN
1996,5,diniz,Pedro Diniz,ligier,Ligier,10,17,1:29.989,NaN,NaN
1996,5,lamy,Pedro Lamy,minardi,Minardi,20,18,1:30.471,NaN,NaN
1996,5,fisichella,Giancarlo Fisichella,minardi,Minardi,21,19,1:30.814,NaN,NaN
1996,5,rosset,Ricardo Rosset,footwork,Footwork,16,20,1:31.316,NaN,NaN
1996,5,badoer,Luca Badoer,forti,Forti,22,21,1:32.037,NaN,NaN
1996,5,montermini,Andrea Montermini,forti,Forti,23,22,,NaN,NaN
1996,6,michael_schumacher,Michael Schumacher,ferrari,Ferrari,1,1,1:20.356,NaN,NaN
1996,6,damon_hill,Damon Hill,williams,Williams,5,2,1:20.866,NaN,NaN
1996,6,alesi,Jean Alesi,benetton,Benetton,3,3,1:20.918,NaN,NaN
1996,6,berger,Gerhard Berger,benetton,Benetton,4,4,1:21.067,NaN,NaN
1996,6,coulthard,David Coulthard,mclaren,McLaren,8,5,1:21.460,NaN,NaN
1996,6,barrichello,Rubens Barrichello,jordan,Jordan,11,6,1:21.504,NaN,NaN
1996,6,irvine,Eddie Irvine,ferrari,Ferrari,2,7,1:21.542,NaN,NaN
1996,6,hakkinen,Mika Häkkinen,mclaren,McLaren,7,8,1:21.688,NaN,NaN
1996,6,frentzen,Heinz-Harald Frentzen,sauber,Sauber,15,9,1:21.929,NaN,NaN
1996,6,villeneuve,Jacques Villeneuve,williams,Williams,6,10,1:21.963,NaN,NaN
1996,6,salo,Mika Salo,tyrrell,Tyrrell,19,11,1:22.235,NaN,NaN
1996,6,verstappen,Jos Verstappen,footwork,Footwork,17,12,1:22.327,NaN,NaN
1996,6,herbert,Johnny Herbert,sauber,Sauber,14,13,1:22.346,NaN,NaN
1996,6,panis,Olivier Panis,ligier,Ligier,9,14,1:22.358,NaN,NaN
1996,6,katayama,Ukyo Katayama,tyrrell,Tyrrell,18,15,1:22.460,NaN,NaN
1996,6,brundle,Martin Brundle,jordan,Jordan,12,16,1:22.519,NaN,NaN
1996,6,diniz,Pedro Diniz,ligier,Ligier,10,17,1:22.682,NaN,NaN
1996,6,fisichella,Giancarlo Fisichella,minardi,Minardi,21,18,1:22.684,NaN,NaN
1996,6,lamy,Pedro Lamy,minardi,Minardi,20,19,1:23.350,NaN,NaN
1996,6,rosset,Ricardo Rosset,footwork,Footwork,16,20,1:24.976,NaN,NaN
1996,6,badoer,Luca Badoer,forti,Forti,22,21,1:25.059,NaN,NaN
1996,6,montermini,Andrea Montermini,forti,Forti,23,22,1:25.393,NaN,NaN
1996,7,damon_hill,Damon Hill,williams,Williams,5,1,1:20.650,NaN,NaN
1996,7,villeneuve,Jacques Villeneuve,williams,Williams,6,2,1:21.084,NaN,NaN
1996,7,michael_schumacher,Michael Schumacher,ferrari,Ferrari,1,3,1:21.587,NaN,NaN
1996,7,alesi,Jean Alesi,benetton,Benetton,3,4,1:22.061,NaN,NaN
1996,7,berger,Gerhard Berger,benetton,Benetton,4,5,1:22.125,NaN,NaN
1996,7,irvine,Eddie Irvine,ferrari,Ferrari,2,6,1:22.333,NaN,NaN
1996,7,barrichello,Rubens Barrichello,jordan,Jordan,11,7,1:22.379,NaN,NaN
1996,7,panis,Olivier Panis,ligier,Ligier,9,8,1:22.685,NaN,NaN
1996,7,herbert,Johnny Herbert,sauber,Sauber,14,9,1:23.027,NaN,NaN
1996,7,hakkinen,Mika Häkkinen,mclaren,McLaren,7,10,1:23.070,NaN,NaN
1996,7,frentzen,Heinz-Harald Frentzen,sauber,Sauber,15,11,1:23.195,NaN,NaN
1996,7,salo,Mika Salo,tyrrell,Tyrrell,19,12,1:23.224,NaN,NaN
1996,7,verstappen,Jos Verstappen,footwork,Footwork,17,13,1:23.371,NaN,NaN
1996,7,coulthard,David Coulthard,mclaren,McLaren,8,14,1:23.416,NaN,NaN
1996,7,brundle,Martin Brundle,jordan,Jordan,12,15,1:23.438,NaN,NaN
1996,7,katayama,Ukyo Katayama,tyrrell,Tyrrell,18,16,1:24.401,NaN,NaN
1996,7,diniz,Pedro Diniz,ligier,Ligier,10,17,1:24.468,NaN,NaN
1996,7,lamy,Pedro Lamy,minardi,Minardi,20,18,1:25.274,NaN,NaN
1996,7,fisichella,Giancarlo Fisichella,minardi,Minardi,21,19,1:25.531,NaN,NaN
1996,7,rosset,Ricardo Rosset,footwork,Footwork,16,20,1:25.621,NaN,NaN
1997,1,villeneuve,Jacques Villeneuve,williams,Williams,3,1,1:29.369,NaN,NaN
1997,1,frentzen,Heinz-Harald Frentzen,williams,Williams,4,2,1:31.123,NaN,NaN
1997,1,michael_schumacher,Michael Schumacher,ferrari,Ferrari,5,3,1:31.472,NaN,NaN
1997,1,coulthard,David Coulthard,mclaren,McLaren,10,4,1:31.531,NaN,NaN
1997,1,irvine,Eddie Irvine,ferrari,Ferrari,6,5,1:31.881,NaN,NaN
1997,1,hakkinen,Mika Häkkinen,mclaren,McLaren,9,6,1:31.971,NaN,NaN
1997,1,herbert,Johnny Herbert,sauber,Sauber,16,7,1:32.287,NaN,NaN
1997,1,alesi,Jean Alesi,benetton,Benetton,7,8,1:32.593,NaN,NaN
1997,1,panis,Olivier Panis,prost,Prost,14,9,1:32.842,NaN,NaN
1997,1,berger,Gerhard Berger,benetton,Benetton,8,10,1:32.870,NaN,NaN
1997,1,barrichello,Rubens Barrichello,stewart,Stewart,22,11,1:33.075,NaN,NaN
1997,1,ralf_schumacher,Ralf Schumacher,jordan,Jordan,11,12,1:33.130,NaN,NaN
1997,1,larini,Nicola Larini,sauber,Sauber,17,13,1:33.327,NaN,NaN
1997,1,fisichella,Giancarlo Fisichella,jordan,Jordan,12,14,1:33.552,NaN,NaN
1997,1,katayama,Ukyo Katayama,minardi,Minardi,20,15,1:33.798,NaN,NaN
1997,1,nakano,Shinji Nakano,prost,Prost,15,16,1:33.989,NaN,NaN
1997,1,trulli,Jarno Trulli,minardi,Minardi,21,17,1:34.120,NaN,NaN
1997,1,salo,Mika Salo,tyrrell,Tyrrell,19,18,1:34.229,NaN,NaN
1997,1,magnussen,Jan Magnussen,stewart,Stewart,23,19,1:34.623,NaN,NaN
1997,1,damon_hill,Damon Hill,arrows,Arrows,1,20,1:34.806,NaN,NaN
1997,1,verstappen,Jos Verstappen,tyrrell,Tyrrell,18,21,1:34.943,NaN,NaN
1997,1,diniz,Pedro Diniz,arrows,Arrows,2,22,1:35.972,NaN,NaN
1997,2,villeneuve,Jacques Villeneuve,williams,Williams,3,1,1:16.004,NaN,NaN
1997,2,michael_schumacher,Michael Schumacher,ferrari,Ferrari,5,2,1:16.594,NaN,NaN
1997,2,berger,Gerhard Berger,benetton,Benetton,8,3,1:16.644,NaN,NaN
1997,2,hakkinen,Mika Häkkinen,mclaren,McLaren,9,4,1:16.692,NaN,NaN
1997,2,panis,Olivier Panis,prost,Prost,14,5,1:16.756,NaN,NaN
1997,2,alesi,Jean Alesi,benetton,Benetton,7,6,1:16.757,NaN,NaN
1997,2,fisichella,Giancarlo Fisichella,jordan,Jordan,12,7,1:16.912,NaN,NaN
1997,2,frentzen,Heinz-Harald Frentzen,williams,Williams,4,8,1:16.971,NaN,NaN
1997,2,damon_hill,Damon Hill,arrows,Arrows,1,9,1:17.090,NaN,NaN
1997,2,ralf_schumacher,Ralf Schumacher,jordan,Jordan,11,10,1:17.175,NaN,NaN
1997,2,barrichello,Rubens Barrichello,stewart,Stewart,22,11,1:17.259,NaN,NaN
1997,2,coulthard,David Coulthard,mclaren,McLaren,10,12,1:17.262,NaN,NaN
1997,2,herbert,Johnny Herbert,sauber,Sauber,16,13,1:17.409,NaN,NaN
1997,2,irvine,Eddie Irvine,ferrari,Ferrari,6,14,1:17.527,NaN,NaN
1997,2,nakano,Shinji Nakano,prost,Prost,15,15,1:17.999,NaN,NaN
1997,2,diniz,Pedro Diniz,arrows,Arrows,2,16,1:18.095,NaN,NaN
1997,2,trulli,Jarno Trulli,minardi,Minardi,21,17,1:18.336,NaN,NaN
1997,2,katayama,Ukyo Katayama,minardi,Minardi,20,18,1:18.557,NaN,NaN
1997,2,larini,Nicola Larini,sauber,Sauber,17,19,1:18.644,NaN,NaN
1997,2,magnussen,Jan Magnussen,stewart,Stewart,23,20,1:18.773,NaN,NaN
1997,2,verstappen,Jos Verstappen,tyrrell,Tyrrell,18,21,1:18.885,NaN,NaN
1997,2,salo,Mika Salo,tyrrell,Tyrrell,19,22,1:19.274,NaN,NaN
1997,3,villeneuve,Jacques Villeneuve,williams,Williams,3,1,1:24.473,NaN,NaN
1997,3,frentzen,Heinz-Harald Frentzen,williams,Williams,4,2,1:25.271,NaN,NaN
1997,3,panis,Olivier Panis,prost,Prost,14,3,1:25.491,NaN,NaN
1997,3,michael_schumacher,Michael Schumacher,ferrari,Ferrari,5,4,1:25.773,NaN,NaN
1997,3,barrichello,Rubens Barrichello,stewart,Stewart,22,5,1:25.942,NaN,NaN
1997,3,ralf_schumacher,Ralf Schumacher,jordan,Jordan,11,6,1:26.218,NaN,NaN
1997,3,irvine,Eddie Irvine,ferrari,Ferrari,6,7,1:26.327,NaN,NaN
1997,3,herbert,Johnny Herbert,sauber,Sauber,16,8,1:26.564,NaN,NaN
1997,3,fisichella,Giancarlo Fisichella,jordan,Jordan,12,9,1:26.619,NaN,NaN
1997,3,coulthard,David Coulthard,mclaren,McLaren,10,10,1:26.799,NaN,NaN
1997,3,alesi,Jean Alesi,benetton,Benetton,7,11,1:27.076,NaN,NaN
1997,3,berger,Gerhard Berger,benetton,Benetton,8,12,1:27.259,NaN,NaN
1997,3,damon_hill,Damon Hill,arrows,Arrows,1,13,1:27.281,NaN,NaN
1997,3,larini,Nicola Larini,sauber,Sauber,17,14,1:27.690,NaN,NaN
1997,3,magnussen,Jan Magnussen,stewart,Stewart,23,15,1:28.035,NaN,NaN
1997,3,verstappen,Jos Verstappen,tyrrell,Tyrrell,18,16,1:28.094,NaN,NaN
1997,3,hakkinen,Mika Häkkinen,mclaren,McLaren,9,17,1:28.135,NaN,NaN
1997,3,trulli,Jarno Trulli,minardi,Minardi,21,18,1:28.160,NaN,NaN
1997,3,salo,Mika Salo,tyrrell,Tyrrell,19,19,1:28.224,NaN,NaN
1997,3,nakano,Shinji Nakano,prost,Prost,15,20,1:28.366,NaN,NaN
1997,3,katayama,Ukyo Katayama,minardi,Minardi,20,21,1:28.413,NaN,NaN
1997,3,diniz,Pedro Diniz,arrows,Arrows,2,22,1:28.696,NaN,NaN
1997,4,villeneuve,Jacques Villeneuve,williams,Williams,3,1,1:23.303,NaN,NaN
1997,4,frentzen,Heinz-Harald Frentzen,williams,Williams,4,2,1:23.646,NaN,NaN
1997,4,michael_schumacher,Michael Schumacher,ferrari,Ferrari,5,3,1:23.955,NaN,NaN
1997,4,panis,Olivier Panis,prost,Prost,14,4,1:24.075,NaN,NaN
1997,4,ralf_schumacher,Ralf Schumacher,jordan,Jordan,11,5,1:24.081,NaN,NaN
1997,4,fisichella,Giancarlo Fisichella,jordan,Jordan,12,6,1:24.596,NaN,NaN
1997,4,herbert,Johnny Herbert,sauber,Sauber,16,7,1:24.723,NaN,NaN
1997,4,hakkinen,Mika Häkkinen,mclaren,McLaren,9,8,1:24.812,NaN,NaN
1997,4,irvine,Eddie Irvine,ferrari,Ferrari,6,9,1:24.862,NaN,NaN
1997,4,coulthard,David Coulthard,mclaren,McLaren,10,10,1:25.077,NaN,NaN
1997,4,berger,Gerhard Berger,benetton,Benetton,8,11,1:25.371,NaN,NaN
1997,4,larini,Nicola Larini,sauber,Sauber,17,12,1:25.554,NaN,NaN
1997,4,barrichello,Rubens Barrichello,stewart,Stewart,22,13,1:25.579,NaN,NaN
1997,4,alesi,Jean Alesi,benetton,Benetton,7,14,1:25.729,NaN,NaN
1997,4,damon_hill,Damon Hill,arrows,Arrows,1,15,1:25.743,NaN,NaN
1997,4,magnussen,Jan Magnussen,stewart,Stewart,23,16,1:26.192,NaN,NaN
1997,4,diniz,Pedro Diniz,arrows,Arrows,2,17,1:26.253,NaN,NaN
1997,4,nakano,Shinji Nakano,prost,Prost,15,18,1:26.712,NaN,NaN
1997,4,salo,Mika Salo,tyrrell,Tyrrell,19,19,1:26.852,NaN,NaN
1997,4,trulli,Jarno Trulli,minardi,Minardi,21,20,1:26.960,NaN,NaN
1997,4,verstappen,Jos Verstappen,tyrrell,Tyrrell,18,21,1:27.428,NaN,NaN
1997,4,katayama,Ukyo Katayama,minardi,Minardi,20,22,1:28.727,NaN,NaN
1997,5,frentzen,Heinz-Harald Frentzen,williams,Williams,4,1,1:18.216,NaN,NaN
1997,5,michael_schumacher,Michael Schumacher,ferrari,Ferrari,5,2,1:18.235,NaN,NaN
1997,5,villeneuve,Jacques Villeneuve,williams,Williams,3,3,1:18.583,NaN,NaN
1997,5,fisichella,Giancarlo Fisichella,jordan,Jordan,12,4,1:18.665,NaN,NaN
1997,5,coulthard,David Coulthard,mclaren,McLaren,10,5,1:18.779,NaN,NaN
1997,5,ralf_schumacher,Ralf Schumacher,jordan,Jordan,11,6,1:18.943,NaN,NaN
1997,5,herbert,Johnny Herbert,sauber,Sauber,16,7,1:19.105,NaN,NaN
1997,5,hakkinen,Mika Häkkinen,mclaren,McLaren,9,8,1:19.119,NaN,NaN
1997,5,alesi,Jean Alesi,benetton,Benetton,7,9,1:19.263,NaN,NaN
1997,5,barrichello,Rubens Barrichello,stewart,Stewart,22,10,1:19.295,NaN,NaN
1997,5,larini,Nicola Larini,sauber,Sauber,17,11,1:19.468,NaN,NaN
1997,5,panis,Olivier Panis,prost,Prost,14,12,1:19.626,NaN,NaN
1997,5,damon_hill,Damon Hill,arrows,Arrows,1,13,1:19.674,NaN,NaN
1997,5,salo,Mika Salo,tyrrell,Tyrrell,18,14,1:19.694,NaN,NaN
1997,5,irvine,Eddie Irvine,ferrari,Ferrari,6,15,1:19.723,NaN,NaN
1997,5,diniz,Pedro Diniz,arrows,Arrows,2,16,1:19.860,NaN,NaN
1997,5,berger,Gerhard Berger,benetton,Benetton,8,17,1:20.199,NaN,NaN
1997,5,trulli,Jarno Trulli,minardi,Minardi,21,18,1:20.349,NaN,NaN
1997,5,magnussen,Jan Magnussen,stewart,Stewart,23,19,1:20.516,NaN,NaN
1997,5,katayama,Ukyo Katayama,minardi,Minardi,20,20,1:20.606,NaN,NaN
1997,5,nakano,Shinji Nakano,prost,Prost,15,21,1:20.961,NaN,NaN
1997,5,verstappen,Jos Verstappen,tyrrell,Tyrrell,19,22,1:21.290,NaN,NaN
1997,6,villeneuve,Jacques Villeneuve,williams,Williams,3,1,1:16.525,NaN,NaN
1997,6,frentzen,Heinz-Harald Frentzen,williams,Williams,4,2,1:16.791,NaN,NaN
1997,6,coulthard,David Coulthard,mclaren,McLaren,10,3,1:17.521,NaN,NaN
1997,6,alesi,Jean Alesi,benetton,Benetton,7,4,1:17.717,NaN,NaN
1997,6,hakkinen,Mika Häkkinen,mclaren,McLaren,10,5,1:17.737,NaN,NaN
1997,6,berger,Gerhard Berger,benetton,Benetton,8,6,1:18.041,NaN,NaN
1997,6,michael_schumacher,Michael Schumacher,ferrari,Ferrari,5,7,1:18.313,NaN,NaN
1997,6,fisichella,Giancarlo Fisichella,jordan,Jordan,12,8,1:18.385,NaN,NaN
1997,6,ralf_schumacher,Ralf Schumacher,jordan,Jordan,11,9,1:18.423,NaN,NaN
1997,6,herbert,Johnny Herbert,sauber,Sauber,16,10,1:18.494,NaN,NaN
1997,6,irvine,Eddie Irvine,ferrari,Ferrari,6,11,1:18.873,NaN,NaN
1997,6,panis,Olivier Panis,prost,Prost,14,12,1:19.157,NaN,NaN
1997,6,morbidelli,Gianni Morbidelli,sauber,Sauber,17,13,1:19.323,NaN,NaN
1997,6,salo,Mika Salo,tyrrell,Tyrrell,18,14,1:20.079,NaN,NaN
1997,6,damon_hill,Damon Hill,arrows,Arrows,1,15,1:20.089,NaN,NaN
1997,6,nakano,Shinji Nakano,prost,Prost,15,16,1:20.103,NaN,NaN
1997,6,barrichello,Rubens Barrichello,stewart,Stewart,22,17,1:20.255,NaN,NaN
1997,6,trulli,Jarno Trulli,minardi,Minardi,21,18,1:20.452,NaN,NaN
1997,6,verstappen,Jos Verstappen,tyrrell,Tyrrell,19,19,1:20.582,NaN,NaN
1997,6,katayama,Ukyo Katayama,minardi,Minardi,20,20,1:20.672,NaN,NaN
1997,6,diniz,Pedro Diniz,arrows,Arrows,2,21,1:21.029,NaN,NaN
1997,6,magnussen,Jan Magnussen,stewart,Stewart,23,22,1:21.060,NaN,NaN
1997,7,michael_schumacher,Michael Schumacher,ferrari,Ferrari,5,1,1:18.095,NaN,NaN
1997,7,villeneuve,Jacques Villeneuve,williams,Williams,3,2,1:18.108,NaN,NaN
1997,7,barrichello,Rubens Barrichello,stewart,Stewart,22,3,1:18.388,NaN,NaN
1997,7,frentzen,Heinz-Harald Frentzen,williams,Williams,4,4,1:18.464,NaN,NaN
1997,7,coulthard,David Coulthard,mclaren,McLaren,10,5,1:18.466,NaN,NaN
1997,7,fisichella,Giancarlo Fisichella,jordan,Jordan,12,6,1:18.750,NaN,NaN
1997,7,ralf_schumacher,Ralf Schumacher,jordan,Jordan,11,7,1:18.869,NaN,NaN
1997,7,alesi,Jean Alesi,benetton,Benetton,7,8,1:18.899,NaN,NaN
1997,7,hakkinen,Mika Häkkinen,mclaren,McLaren,9,9,1:18.916,NaN,NaN
1997,7,panis,Olivier Panis,prost,Prost,14,10,1:19.034,NaN,NaN
1997,7,wurz,Alexander Wurz,benetton,Benetton,8,11,1:19.286,NaN,NaN
1997,7,irvine,Eddie Irvine,ferrari,Ferrari,6,12,1:19.503,NaN,NaN
1997,7,herbert,Johnny Herbert,sauber,Sauber,16,13,1:19.622,NaN,NaN
1997,7,verstappen,Jos Verstappen,tyrrell,Tyrrell,19,14,1:20.102,NaN,NaN
1997,7,damon_hill,Damon Hill,arrows,Arrows,1,15,1:20.129,NaN,NaN
1997,7,diniz,Pedro Diniz,arrows,Arrows,2,16,1:20.175,NaN,NaN
1997,7,salo,Mika Salo,tyrrell,Tyrrell,18,17,1:20.336,NaN,NaN
1997,7,morbidelli,Gianni Morbidelli,sauber,Sauber,17,18,1:20.357,NaN,NaN
1997,7,nakano,Shinji Nakano,prost,Prost,15,19,1:20.370,NaN,NaN
1997,7,trulli,Jarno Trulli,minardi,Minardi,21,20,1:20.370,NaN,NaN
1997,7,magnussen,Jan Magnussen,stewart,Stewart,23,21,1:20.491,NaN,NaN
1997,7,katayama,Ukyo Katayama,minardi,Minardi,20,22,1:21.034,NaN,NaN
1997,8,michael_schumacher,Michael Schumacher,ferrari,Ferrari,5,1,1:14.548,NaN,NaN
1997,8,frentzen,Heinz-Harald Frentzen,williams,Williams,4,2,1:14.749,NaN,NaN
1997,8,ralf_schumacher,Ralf Schumacher,jordan,Jordan,11,3,1:14.755,NaN,NaN
1997,8,villeneuve,Jacques Villeneuve,williams,Williams,3,4,1:14.800,NaN,NaN
1997,8,irvine,Eddie Irvine,ferrari,Ferrari,6,5,1:14.860,NaN,NaN
1997,8,trulli,Jarno Trulli,prost,Prost,14,6,1:14.957,NaN,NaN
1997,8,wurz,Alexander Wurz,benetton,Benetton,8,7,1:14.986,NaN,NaN
1997,8,alesi,Jean Alesi,benetton,Benetton,7,8,1:15.228,NaN,NaN
1997,8,coulthard,David Coulthard,mclaren,McLaren,10,9,1:15.270,NaN,NaN
1997,8,hakkinen,Mika Häkkinen,mclaren,McLaren,9,10,1:15.339,NaN,NaN
1997,8,fisichella,Giancarlo Fisichella,jordan,Jordan,12,11,1:15.453,NaN,NaN
1997,8,barrichello,Rubens Barrichello,stewart,Stewart,22,12,1:15.876,NaN,NaN
1997,8,nakano,Shinji Nakano,prost,Prost,15,13,1:15.876,NaN,NaN
1997,8,herbert,Johnny Herbert,sauber,Sauber,16,14,1:16.018,NaN,NaN
1997,8,magnussen,Jan Magnussen,stewart,Stewart,23,15,1:16.149,NaN,NaN
1997,8,diniz,Pedro Diniz,arrows,Arrows,2,16,1:16.536,NaN,NaN
1997,8,damon_hill,Damon Hill,arrows,Arrows,1,17,1:16.729,NaN,NaN
1997,8,verstappen,Jos Verstappen,tyrrell,Tyrrell,19,18,1:16.941,NaN,NaN
1997,8,salo,Mika Salo,tyrrell,Tyrrell,18,19,1:17.256,NaN,NaN
1997,8,fontana,Norberto Fontana,sauber,Sauber,17,20,1:17.538,NaN,NaN
1997,8,katayama,Ukyo Katayama,minardi,Minardi,20,21,1:17.563,NaN,NaN
1997,8,marques,Tarso Marques,minardi,Minardi,21,22,1:18.280,NaN,NaN
1997,9,villeneuve,Jacques Villeneuve,williams,Williams,3,1,1:21.598,NaN,NaN
1997,9,frentzen,Heinz-Harald Frentzen,williams,Williams,4,2,1:21.732,NaN,NaN
1997,9,hakkinen,Mika Häkkinen,mclaren,McLaren,9,3,1:21.797,NaN,NaN
1997,9,michael_schumacher,Michael Schumacher,ferrari,Ferrari,5,4,1:21.977,NaN,NaN
1997,9,ralf_schumacher,Ralf Schumacher,jordan,Jordan,11,5,1:22.277,NaN,NaN
1997,9,coulthard,David Coulthard,mclaren,McLaren,10,6,1:22.279,NaN,NaN
1997,9,irvine,Eddie Irvine,ferrari,Ferrari,6,7,1:22.342,NaN,NaN
1997,9,wurz,Alexander Wurz,benetton,Benetton,8,8,1:22.344,NaN,NaN
1997,9,herbert,Johnny Herbert,sauber,Sauber,16,9,1:22.368,NaN,NaN
1997,9,fisichella,Giancarlo Fisichella,jordan,Jordan,12,10,1:22.371,NaN,NaN
1997,9,alesi,Jean Alesi,benetton,Benetton,17,11,1:22.392,NaN,NaN
1997,9,damon_hill,Damon Hill,arrows,Arrows,1,12,1:23.271,NaN,NaN
1997,9,trulli,Jarno Trulli,prost,Prost,14,13,1:23.366,NaN,NaN
1997,9,nakano,Shinji Nakano,prost,Prost,15,14,1:23.887,NaN,NaN
1997,9,magnussen,Jan Magnussen,stewart,Stewart,23,15,1:24.067,NaN,NaN
1997,9,diniz,Pedro Diniz,arrows,Arrows,2,16,1:24.239,NaN,NaN
1997,9,salo,Mika Salo,tyrrell,Tyrrell,19,17,1:24.478,NaN,NaN
1997,9,katayama,Ukyo Katayama,minardi,Minardi,20,18,1:24.553,NaN,NaN
1997,9,verstappen,Jos Verstappen,tyrrell,Tyrrell,18,19,1:25.010,NaN,NaN
1997,9,marques,Tarso Marques,minardi,Minardi,21,20,1:25.154,NaN,NaN
1997,9,barrichello,Rubens Barrichello,stewart,Stewart,22,21,1:25.525,NaN,NaN
1997,9,fontana,Norberto Fontana,sauber,Sauber,17,22,,NaN,NaN
1997,10,berger,Gerhard Berger,benetton,Benetton,8,1,1:41.873,NaN,NaN
1997,10,fisichella,Giancarlo Fisichella,jordan,Jordan,12,2,1:41.896,NaN,NaN
1997,10,hakkinen,Mika Häkkinen,mclaren,McLaren,9,3,1:42.034,NaN,NaN
1997,10,michael_schumacher,Michael Schumacher,ferrari,Ferrari,5,4,1:42.181,NaN,NaN
1997,10,frentzen,Heinz-Harald Frentzen,williams,Williams,4,5,1:42.421,NaN,NaN
1997,10,alesi,Jean Alesi,benetton,Benetton,7,6,1:42.493,NaN,NaN
1997,10,ralf_schumacher,Ralf Schumacher,jordan,Jordan,11,7,1:42.498,NaN,NaN
1997,10,coulthard,David Coulthard,mclaren,McLaren,10,8,1:42.687,NaN,NaN
1997,10,villeneuve,Jacques Villeneuve,williams,Williams,3,9,1:42.967,NaN,NaN
1997,10,irvine,Eddie Irvine,ferrari,Ferrari,6,10,1:43.209,NaN,NaN
1997,10,trulli,Jarno Trulli,prost,Prost,14,11,1:43.226,NaN,NaN
1997,10,barrichello,Rubens Barrichello,stewart,Stewart,22,12,1:43.272,NaN,NaN
1997,10,damon_hill,Damon Hill,arrows,Arrows,1,13,1:43.361,NaN,NaN
1997,10,herbert,Johnny Herbert,sauber,Sauber,16,14,1:43.660,NaN,NaN
1997,10,magnussen,Jan Magnussen,stewart,Stewart,23,15,1:43.927,NaN,NaN
1997,10,diniz,Pedro Diniz,arrows,Arrows,2,16,1:44.069,NaN,NaN
1997,10,nakano,Shinji Nakano,prost,Prost,15,17,1:44.112,NaN,NaN
1997,10,fontana,Norberto Fontana,sauber,Sauber,17,18,1:44.552,NaN,NaN
1997,10,salo,Mika Salo,tyrrell,Tyrrell,18,19,1:45.372,NaN,NaN
1997,10,verstappen,Jos Verstappen,tyrrell,Tyrrell,19,20,1:45.811,NaN,NaN
1997,10,marques,Tarso Marques,minardi,Minardi,21,21,1:45.942,NaN,NaN
1997,10,katayama,Ukyo Katayama,minardi,Minardi,20,22,1:46.499,NaN,NaN
1998,1,hakkinen,Mika Häkkinen,mclaren,McLaren,8,1,1:30.010,NaN,NaN
1998,1,coulthard,David Coulthard,mclaren,McLaren,7,2,1:30.053,NaN,NaN
1998,1,michael_schumacher,Michael Schumacher,ferrari,Ferrari,3,3,1:30.767,NaN,NaN
1998,1,villeneuve,Jacques Villeneuve,williams,Williams,1,4,1:30.919,NaN,NaN
1998,1,herbert,Johnny Herbert,sauber,Sauber,15,5,1:31.384,NaN,NaN
1998,1,frentzen,Heinz-Harald Frentzen,williams,Williams,2,6,1:31.397,NaN,NaN
1998,1,fisichella,Giancarlo Fisichella,benetton,Benetton,5,7,1:31.733,NaN,NaN
1998,1,irvine,Eddie Irvine,ferrari,Ferrari,4,8,1:31.767,NaN,NaN
1998,1,ralf_schumacher,Ralf Schumacher,jordan,Jordan,10,9,1:32.392,NaN,NaN
1998,1,damon_hill,Damon Hill,jordan,Jordan,9,10,1:32.399,NaN,NaN
1998,1,wurz,Alexander Wurz,benetton,Benetton,6,11,1:32.726,NaN,NaN
1998,1,alesi,Jean Alesi,sauber,Sauber,14,12,1:33.240,NaN,NaN
1998,1,takagi,Toranosuke Takagi,tyrrell,Tyrrell,20,13,1:33.291,NaN,NaN
1998,1,barrichello,Rubens Barrichello,stewart,Stewart,18,14,1:33.383,NaN,NaN
1998,1,trulli,Jarno Trulli,prost,Prost,12,15,1:33.739,NaN,NaN
1998,1,salo,Mika Salo,arrows,Arrows,17,16,1:33.927,NaN,NaN
1998,1,tuero,Esteban Tuero,minardi,Minardi,23,17,1:34.646,NaN,NaN
1998,1,magnussen,Jan Magnussen,stewart,Stewart,19,18,1:34.906,NaN,NaN
1998,1,rosset,Ricardo Rosset,tyrrell,Tyrrell,20,19,1:35.119,NaN,NaN
1998,1,diniz,Pedro Diniz,arrows,Arrows,16,20,1:35.140,NaN,NaN
1998,1,panis,Olivier Panis,prost,Prost,14,21,1:35.215,NaN,NaN
1998,1,nakano,Shinji Nakano,minardi,Minardi,22,22,1:35.301,NaN,NaN
1998,2,hakkinen,Mika Häkkinen,mclaren,McLaren,8,1,1:17.092,NaN,NaN
1998,2,coulthard,David Coulthard,mclaren,McLaren,7,2,1:17.757,NaN,NaN
1998,2,frentzen,Heinz-Harald Frentzen,williams,Williams,2,3,1:18.109,NaN,NaN
1998,2,michael_schumacher,Michael Schumacher,ferrari,Ferrari,3,4,1:18.250,NaN,NaN
1998,2,wurz,Alexander Wurz,benetton,Benetton,6,5,1:18.261,NaN,NaN
1998,2,irvine,Eddie Irvine,ferrari,Ferrari,4,6,1:18.449,NaN,NaN
1998,2,fisichella,Giancarlo Fisichella,benetton,Benetton,5,7,1:18.652,NaN,NaN
1998,2,ralf_schumacher,Ralf Schumacher,jordan,Jordan,10,8,1:18.735,NaN,NaN
1998,2,panis,Olivier Panis,prost,Prost,14,9,1:18.753,NaN,NaN
1998,2,villeneuve,Jacques Villeneuve,williams,Williams,1,10,1:18.761,NaN,NaN
1998,2,damon_hill,Damon Hill,jordan,Jordan,9,11,1:18.988,NaN,NaN
1998,2,trulli,Jarno Trulli,prost,Prost,12,12,1:19.069,NaN,NaN
1998,2,barrichello,Rubens Barrichello,stewart,Stewart,18,13,1:19.344,NaN,NaN
1998,2,herbert,Johnny Herbert,sauber,Sauber,15,14,1:19.375,NaN,NaN
1998,2,alesi,Jean Alesi,sauber,Sauber,14,15,1:19.449,NaN,NaN
1998,2,magnussen,Jan Magnussen,stewart,Stewart,19,16,1:19.644,NaN,NaN
1998,2,takagi,Toranosuke Takagi,tyrrell,Tyrrell,21,17,1:20.203,NaN,NaN
1998,2,nakano,Shinji Nakano,minardi,Minardi,22,18,1:20.390,NaN,NaN
1998,2,tuero,Esteban Tuero,minardi,Minardi,23,19,1:20.459,NaN,NaN
1998,2,salo,Mika Salo,arrows,Arrows,17,20,1:20.481,NaN,NaN
1998,2,rosset,Ricardo Rosset,tyrrell,Tyrrell,20,21,1:20.748,NaN,NaN
1998,2,diniz,Pedro Diniz,arrows,Arrows,16,22,1:20.847,NaN,NaN
1998,3,coulthard,David Coulthard,mclaren,McLaren,7,1,1:25.852,NaN,NaN
1998,3,michael_schumacher,Michael Schumacher,ferrari,Ferrari,3,2,1:26.251,NaN,NaN
1998,3,hakkinen,Mika Häkkinen,mclaren,McLaren,8,3,1:26.632,NaN,NaN
1998,3,irvine,Eddie Irvine,ferrari,Ferrari,4,4,1:26.780,NaN,NaN
1998,3,ralf_schumacher,Ralf Schumacher,jordan,Jordan,10,5,1:26.827,NaN,NaN
1998,3,frentzen,Heinz-Harald Frentzen,williams,Williams,2,6,1:26.876,NaN,NaN
1998,3,villeneuve,Jacques Villeneuve,williams,Williams,1,7,1:26.941,NaN,NaN
1998,3,wurz,Alexander Wurz,benetton,Benetton,6,8,1:27.198,NaN,NaN
1998,3,damon_hill,Damon Hill,jordan,Jordan,9,9,1:27.483,NaN,NaN
1998,3,fisichella,Giancarlo Fisichella,benetton,Benetton,5,10,1:27.836,NaN,NaN
1998,3,alesi,Jean Alesi,sauber,Sauber,14,11,1:27.839,NaN,NaN
1998,3,herbert,Johnny Herbert,sauber,Sauber,15,12,1:28.016,NaN,NaN
1998,3,takagi,Toranosuke Takagi,tyrrell,Tyrrell,18,13,1:28.811,NaN,NaN
1998,3,barrichello,Rubens Barrichello,stewart,Stewart,18,14,1:29.249,NaN,NaN
1998,3,panis,Olivier Panis,prost,Prost,11,15,1:29.320,NaN,NaN
1998,3,trulli,Jarno Trulli,prost,Prost,12,16,1:29.352,NaN,NaN
1998,3,salo,Mika Salo,arrows,Arrows,17,17,1:29.617,NaN,NaN
1998,3,diniz,Pedro Diniz,arrows,Arrows,16,18,1:29.617,NaN,NaN
1998,3,nakano,Shinji Nakano,minardi,Minardi,22,19,1:30.054,NaN,NaN
1998,3,tuero,Esteban Tuero,minardi,Minardi,23,20,1:30.158,NaN,NaN
1998,3,rosset,Ricardo Rosset,tyrrell,Tyrrell,20,21,1:30.437,NaN,NaN
1998,3,magnussen,Jan Magnussen,stewart,Stewart,19,22,1:31.178,NaN,NaN
1998,9,hakkinen,Mika Häkkinen,mclaren,McLaren,8,1,1:23.271,NaN,NaN
1998,9,michael_schumacher,Michael Schumacher,ferrari,Ferrari,3,2,1:23.720,NaN,NaN
1998,9,villeneuve,Jacques Villeneuve,williams,Williams,1,3,1:24.102,NaN,NaN
1998,9,coulthard,David Coulthard,mclaren,McLaren,7,4,1:24.310,NaN,NaN
1998,9,irvine,Eddie Irvine,ferrari,Ferrari,4,5,1:24.436,NaN,NaN
1998,9,frentzen,Heinz-Harald Frentzen,williams,Williams,2,6,1:24.442,NaN,NaN
1998,9,damon_hill,Damon Hill,jordan,Jordan,9,7,1:24.542,NaN,NaN
1998,9,alesi,Jean Alesi,sauber,Sauber,14,8,1:25.081,NaN,NaN
1998,9,herbert,Johnny Herbert,sauber,Sauber,15,9,1:25.084,NaN,NaN
1998,9,fisichella,Giancarlo Fisichella,benetton,Benetton,5,10,1:25.654,NaN,NaN
1998,9,wurz,Alexander Wurz,benetton,Benetton,6,11,1:25.760,NaN,NaN
1998,9,diniz,Pedro Diniz,arrows,Arrows,16,12,1:26.376,NaN,NaN
1998,9,salo,Mika Salo,arrows,Arrows,17,13,1:26.487,NaN,NaN
1998,9,trulli,Jarno Trulli,prost,Prost,12,14,1:26.808,NaN,NaN
1998,9,verstappen,Jos Verstappen,stewart,Stewart,19,15,1:26.948,NaN,NaN
1998,9,barrichello,Rubens Barrichello,stewart,Stewart,18,16,1:26.990,NaN,NaN
1998,9,takagi,Toranosuke Takagi,tyrrell,Tyrrell,21,17,1:27.061,NaN,NaN
1998,9,tuero,Esteban Tuero,minardi,Minardi,23,18,1:28.051,NaN,NaN
1998,9,nakano,Shinji Nakano,minardi,Minardi,22,19,1:28.123,NaN,NaN
1998,9,rosset,Ricardo Rosset,tyrrell,Tyrrell,20,20,1:28.608,NaN,NaN
1998,9,ralf_schumacher,Ralf Schumacher,jordan,Jordan,9,21,,NaN,NaN
1998,9,panis,Olivier Panis,prost,Prost,11,22,,NaN,NaN
1998,10,fisichella,Giancarlo Fisichella,benetton,Benetton,5,1,1:29.598,NaN,NaN
1998,10,alesi,Jean Alesi,sauber,Sauber,14,2,1:30.317,NaN,NaN
1998,10,hakkinen,Mika Häkkinen,mclaren,McLaren,8,3,1:30.517,NaN,NaN
1998,10,michael_schumacher,Michael Schumacher,ferrari,Ferrari,3,4,1:30.551,NaN,NaN
1998,10,barrichello,Rubens Barrichello,stewart,Stewart,18,5,1:31.005,NaN,NaN
1998,10,salo,Mika Salo,arrows,Arrows,17,6,1:31.028,NaN,NaN
1998,10,frentzen,Heinz-Harald Frentzen,williams,Williams,2,7,1:31.515,NaN,NaN
1998,10,irvine,Eddie Irvine,ferrari,Ferrari,4,8,1:31.651,NaN,NaN
1998,10,ralf_schumacher,Ralf Schumacher,jordan,Jordan,10,9,1:31.917,NaN,NaN
1998,10,panis,Olivier Panis,prost,Prost,11,10,1:32.081,NaN,NaN
1998,10,villeneuve,Jacques Villeneuve,williams,Williams,1,11,1:32.083,NaN,NaN
1998,10,verstappen,Jos Verstappen,stewart,Stewart,19,12,1:32.099,NaN,NaN
1998,10,diniz,Pedro Diniz,arrows,Arrows,16,13,1:32.206,NaN,NaN
1998,10,coulthard,David Coulthard,mclaren,McLaren,7,14,1:32.399,NaN,NaN
1998,10,damon_hill,Damon Hill,jordan,Jordan,9,15,1:32.718,NaN,NaN
1998,10,trulli,Jarno Trulli,prost,Prost,12,16,1:32.906,NaN,NaN
1998,10,wurz,Alexander Wurz,benetton,Benetton,6,17,1:33.185,NaN,NaN
1998,10,herbert,Johnny Herbert,sauber,Sauber,15,18,1:33.205,NaN,NaN
1998,10,tuero,Esteban Tuero,minardi,Minardi,23,19,1:33.399,NaN,NaN
1998,10,takagi,Toranosuke Takagi,tyrrell,Tyrrell,21,20,1:34.090,NaN,NaN
1998,10,nakano,Shinji Nakano,minardi,Minardi,22,21,1:34.536,NaN,NaN
1998,10,rosset,Ricardo Rosset,tyrrell,Tyrrell,20,22,1:34.910,NaN,NaN
1998,11,hakkinen,Mika Häkkinen,mclaren,McLaren,8,1,1:41.838,NaN,NaN
1998,11,coulthard,David Coulthard,mclaren,McLaren,7,2,1:42.347,NaN,NaN
1998,11,villeneuve,Jacques Villeneuve,williams,Williams,1,3,1:42.365,NaN,NaN
1998,11,ralf_schumacher,Ralf Schumacher,jordan,Jordan,10,4,1:42.994,NaN,NaN
1998,11,damon_hill,Damon Hill,jordan,Jordan,9,5,1:43.183,NaN,NaN
1998,11,irvine,Eddie Irvine,ferrari,Ferrari,4,6,1:43.270,NaN,NaN
1998,11,wurz,Alexander Wurz,benetton,Benetton,6,7,1:43.341,NaN,NaN
1998,11,fisichella,Giancarlo Fisichella,benetton,Benetton,5,8,1:43.369,NaN,NaN
1998,11,michael_schumacher,Michael Schumacher,ferrari,Ferrari,3,9,1:43.459,NaN,NaN
1998,11,frentzen,Heinz-Harald Frentzen,williams,Williams,2,10,1:43.467,NaN,NaN
1998,11,alesi,Jean Alesi,sauber,Sauber,14,11,1:43.663,NaN,NaN
1998,11,herbert,Johnny Herbert,sauber,Sauber,15,12,1:44.599,NaN,NaN
1998,11,barrichello,Rubens Barrichello,stewart,Stewart,16,13,1:44.776,NaN,NaN
1998,11,trulli,Jarno Trulli,prost,Prost,12,14,1:44.844,NaN,NaN
1998,11,takagi,Toranosuke Takagi,tyrrell,Tyrrell,21,15,1:44.961,NaN,NaN
1998,11,panis,Olivier Panis,prost,Prost,11,16,1:45.197,NaN,NaN
1998,11,salo,Mika Salo,arrows,Arrows,17,17,1:45.276,NaN,NaN
1998,11,diniz,Pedro Diniz,arrows,Arrows,16,18,1:45.588,NaN,NaN
1998,11,verstappen,Jos Verstappen,stewart,Stewart,19,19,1:45.623,NaN,NaN
1998,11,nakano,Shinji Nakano,minardi,Minardi,22,20,1:46.713,NaN,NaN
1998,11,tuero,Esteban Tuero,minardi,Minardi,23,21,1:47.265,NaN,NaN
1998,13,hakkinen,Mika Häkkinen,mclaren,McLaren,8,1,1:48.682,NaN,NaN
1998,13,coulthard,David Coulthard,mclaren,McLaren,7,2,1:48.845,NaN,NaN
1998,13,damon_hill,Damon Hill,jordan,Jordan,9,3,1:49.728,NaN,NaN
1998,13,michael_schumacher,Michael Schumacher,ferrari,Ferrari,3,4,1:50.027,NaN,NaN
1998,13,irvine,Eddie Irvine,ferrari,Ferrari,4,5,1:50.189,NaN,NaN
1998,13,villeneuve,Jacques Villeneuve,williams,Williams,1,6,1:50.204,NaN,NaN
1998,13,fisichella,Giancarlo Fisichella,benetton,Benetton,5,7,1:50.462,NaN,NaN
1998,13,ralf_schumacher,Ralf Schumacher,jordan,Jordan,10,8,1:50.501,NaN,NaN
1998,13,frentzen,Heinz-Harald Frentzen,williams,Williams,2,9,1:50.686,NaN,NaN
1998,13,alesi,Jean Alesi,sauber,Sauber,14,10,1:51.189,NaN,NaN
1998,13,wurz,Alexander Wurz,benetton,Benetton,6,11,1:51.648,NaN,NaN
1998,13,herbert,Johnny Herbert,sauber,Sauber,15,12,1:51.851,NaN,NaN
1998,13,trulli,Jarno Trulli,prost,Prost,12,13,1:52.572,NaN,NaN
1998,13,barrichello,Rubens Barrichello,stewart,Stewart,18,14,1:52.670,NaN,NaN
1998,13,panis,Olivier Panis,prost,Prost,11,15,1:52.784,NaN,NaN
1998,13,diniz,Pedro Diniz,arrows,Arrows,16,16,1:53.037,NaN,NaN
1998,13,verstappen,Jos Verstappen,stewart,Stewart,19,17,1:53.149,NaN,NaN
1998,13,salo,Mika Salo,arrows,Arrows,17,18,1:53.207,NaN,NaN
1998,13,takagi,Toranosuke Takagi,tyrrell,Tyrrell,21,19,1:53.237,NaN,NaN
1998,13,rosset,Ricardo Rosset,tyrrell,Tyrrell,20,20,1:54.850,NaN,NaN
1998,13,nakano,Shinji Nakano,minardi,Minardi,22,21,1:55.084,NaN,NaN
1998,13,tuero,Esteban Tuero,minardi,Minardi,23,22,1:55.520,NaN,NaN
1999,1,hakkinen,Mika Häkkinen,mclaren,McLaren,1,1,1:30.462,NaN,NaN
1999,1,coulthard,David Coulthard,mclaren,McLaren,2,2,1:30.946,NaN,NaN
1999,1,michael_schumacher,Michael Schumacher,ferrari,Ferrari,3,3,1:31.781,NaN,NaN
1999,1,barrichello,Rubens Barrichello,stewart,Stewart,16,4,1:32.148,NaN,NaN
1999,1,frentzen,Heinz-Harald Frentzen,jordan,Jordan,8,5,1:32.276,NaN,NaN
1999,1,irvine,Eddie Irvine,ferrari,Ferrari,4,6,1:32.289,NaN,NaN
1999,1,fisichella,Giancarlo Fisichella,benetton,Benetton,9,7,1:32.540,NaN,NaN
1999,1,ralf_schumacher,Ralf Schumacher,williams,Williams,6,8,1:32.691,NaN,NaN
1999,1,damon_hill,Damon Hill,jordan,Jordan,7,9,1:32.695,NaN,NaN
1999,1,wurz,Alexander Wurz,benetton,Benetton,10,10,1:32.789,NaN,NaN
1999,1,villeneuve,Jacques Villeneuve,bar,BAR,22,11,1:32.888,NaN,NaN
1999,1,trulli,Jarno Trulli,prost,Prost,19,12,1:32.971,NaN,NaN
1999,1,herbert,Johnny Herbert,stewart,Stewart,17,13,1:32.991,NaN,NaN
1999,1,diniz,Pedro Diniz,sauber,Sauber,12,14,1:33.374,NaN,NaN
1999,1,zanardi,Alessandro Zanardi,williams,Williams,5,15,1:33.549,NaN,NaN
1999,1,alesi,Jean Alesi,sauber,Sauber,11,16,1:33.910,NaN,NaN
1999,1,takagi,Toranosuke Takagi,arrows,Arrows,15,17,1:34.182,NaN,NaN
1999,1,rosa,Pedro de la Rosa,arrows,Arrows,14,18,1:34.244,NaN,NaN
1999,1,zonta,Ricardo Zonta,bar,BAR,23,19,1:34.412,NaN,NaN
1999,1,panis,Olivier Panis,prost,Prost,18,20,1:35.068,NaN,NaN
1999,1,badoer,Luca Badoer,minardi,Minardi,20,21,1:35.316,NaN,NaN
1999,1,gene,Marc Gené,minardi,Minardi,21,22,1:37.013,NaN,NaN
1999,2,hakkinen,Mika Häkkinen,mclaren,McLaren,1,1,1:16.568,NaN,NaN
1999,2,coulthard,David Coulthard,mclaren,McLaren,2,2,1:16.715,NaN,NaN
1999,2,barrichello,Rubens Barrichello,stewart,Stewart,16,3,1:17.305,NaN,NaN
1999,2,michael_schumacher,Michael Schumacher,ferrari,Ferrari,3,4,1:17.578,NaN,NaN
1999,2,fisichella,Giancarlo Fisichella,benetton,Benetton,9,5,1:17.810,NaN,NaN
1999,2,irvine,Eddie Irvine,ferrari,Ferrari,4,6,1:17.843,NaN,NaN
1999,2,damon_hill,Damon Hill,jordan,Jordan,7,7,1:17.884,NaN,NaN
1999,2,frentzen,Heinz-Harald Frentzen,jordan,Jordan,8,8,1:17.902,NaN,NaN
1999,2,wurz,Alexander Wurz,benetton,Benetton,10,9,1:18.334,NaN,NaN
1999,2,herbert,Johnny Herbert,stewart,Stewart,17,10,1:18.374,NaN,NaN
1999,2,ralf_schumacher,Ralf Schumacher,williams,Williams,6,11,1:18.506,NaN,NaN
1999,2,panis,Olivier Panis,prost,Prost,18,12,1:18.636,NaN,NaN
1999,2,trulli,Jarno Trulli,prost,Prost,19,13,1:18.684,NaN,NaN
1999,2,alesi,Jean Alesi,sauber,Sauber,11,14,1:18.716,NaN,NaN
1999,2,diniz,Pedro Diniz,sauber,Sauber,12,15,1:19.194,NaN,NaN
1999,2,zanardi,Alessandro Zanardi,williams,Williams,5,16,1:19.452,NaN,NaN
1999,2,sarrazin,Stéphane Sarrazin,minardi,Minardi,20,17,1:20.016,NaN,NaN
1999,2,rosa,Pedro de la Rosa,arrows,Arrows,14,18,1:20.075,NaN,NaN
1999,2,takagi,Toranosuke Takagi,arrows,Arrows,15,19,1:20.096,NaN,NaN
1999,2,gene,Marc Gené,minardi,Minardi,21,20,1:20.710,NaN,NaN
1999,2,villeneuve,Jacques Villeneuve,bar,BAR,22,21,,NaN,NaN
1999,3,hakkinen,Mika Häkkinen,mclaren,McLaren,1,1,1:26.362,NaN,NaN
1999,3,coulthard,David Coulthard,mclaren,McLaren,2,2,1:26.384,NaN,NaN
1999,3,michael_schumacher,Michael Schumacher,ferrari,Ferrari,3,3,1:26.538,NaN,NaN
1999,3,irvine,Eddie Irvine,ferrari,Ferrari,4,4,1:26.993,NaN,NaN
1999,3,villeneuve,Jacques Villeneuve,bar,BAR,22,5,1:27.313,NaN,NaN
1999,3,barrichello,Rubens Barrichello,stewart,Stewart,16,6,1:27.409,NaN,NaN
1999,3,frentzen,Heinz-Harald Frentzen,jordan,Jordan,8,7,1:27.613,NaN,NaN
1999,3,damon_hill,Damon Hill,jordan,Jordan,7,8,1:27.708,NaN,NaN
1999,3,ralf_schumacher,Ralf Schumacher,williams,Williams,6,9,1:27.770,NaN,NaN
1999,3,zanardi,Alessandro Zanardi,williams,Williams,5,10,1:28.142,NaN,NaN
1999,3,panis,Olivier Panis,prost,Prost,18,11,1:28.205,NaN,NaN
1999,3,herbert,Johnny Herbert,stewart,Stewart,17,12,1:28.246,NaN,NaN
1999,3,alesi,Jean Alesi,sauber,Sauber,11,13,1:28.253,NaN,NaN
1999,3,trulli,Jarno Trulli,prost,Prost,19,14,1:28.403,NaN,NaN
1999,3,diniz,Pedro Diniz,sauber,Sauber,12,15,1:28.599,NaN,NaN
1999,3,fisichella,Giancarlo Fisichella,benetton,Benetton,9,16,1:28.750,NaN,NaN
1999,3,wurz,Alexander Wurz,benetton,Benetton,10,17,1:28.765,NaN,NaN
1999,3,rosa,Pedro de la Rosa,arrows,Arrows,14,18,1:29.293,NaN,NaN
1999,3,salo,Mika Salo,bar,BAR,23,19,1:29.451,NaN,NaN
1999,3,takagi,Toranosuke Takagi,arrows,Arrows,15,20,1:29.656,NaN,NaN
1999,3,gene,Marc Gené,minardi,Minardi,21,21,1:30.035,NaN,NaN
1999,3,badoer,Luca Badoer,minardi,Minardi,22,22,1:30.945,NaN,NaN
2000,1,hakkinen,Mika Häkkinen,mclaren,McLaren,1,1,1:30.556,NaN,NaN
2000,1,coulthard,David Coulthard,mclaren,McLaren,2,2,1:30.910,NaN,NaN
2000,1,michael_schumacher,Michael Schumacher,ferrari,Ferrari,3,3,1:31.075,NaN,NaN
2000,1,barrichello,Rubens Barrichello,ferrari,Ferrari,4,4,1:31.102,NaN,NaN
2000,1,frentzen,Heinz-Harald Frentzen,jordan,Jordan,5,5,1:31.359,NaN,NaN
2000,1,trulli,Jarno Trulli,jordan,Jordan,6,6,1:31.504,NaN,NaN
2000,1,irvine,Eddie Irvine,jaguar,Jaguar,7,7,1:31.514,NaN,NaN
2000,1,villeneuve,Jacques Villeneuve,bar,BAR,22,8,1:31.968,NaN,NaN
2000,1,fisichella,Giancarlo Fisichella,benetton,Benetton,11,9,1:31.992,NaN,NaN
2000,1,salo,Mika Salo,sauber,Sauber,17,10,1:32.018,NaN,NaN
2000,1,ralf_schumacher,Ralf Schumacher,williams,Williams,9,11,1:32.220,NaN,NaN
2000,1,rosa,Pedro de la Rosa,arrows,Arrows,18,12,1:32.323,NaN,NaN
2000,1,verstappen,Jos Verstappen,arrows,Arrows,19,13,1:32.477,NaN,NaN
2000,1,wurz,Alexander Wurz,benetton,Benetton,12,14,1:32.775,NaN,NaN
2000,1,heidfeld,Nick Heidfeld,prost,Prost,15,15,1:33.024,NaN,NaN
2000,1,zonta,Ricardo Zonta,bar,BAR,23,16,1:33.117,NaN,NaN
2000,1,alesi,Jean Alesi,prost,Prost,14,17,1:33.197,NaN,NaN
2000,1,gene,Marc Gené,minardi,Minardi,20,18,1:33.261,NaN,NaN
2000,1,diniz,Pedro Diniz,sauber,Sauber,16,19,1:33.378,NaN,NaN
2000,1,herbert,Johnny Herbert,jaguar,Jaguar,8,20,1:33.638,NaN,NaN
2000,1,button,Jenson Button,williams,Williams,10,21,1:33.828,NaN,NaN
2000,1,mazzacane,Gastón Mazzacane,minardi,Minardi,21,22,1:34.705,NaN,NaN
2000,3,hakkinen,Mika Häkkinen,mclaren,McLaren,1,1,1:24.714,NaN,NaN
2000,3,michael_schumacher,Michael Schumacher,ferrari,Ferrari,3,2,1:24.805,NaN,NaN
2000,3,coulthard,David Coulthard,mclaren,McLaren,2,3,1:25.014,NaN,NaN
2000,3,barrichello,Rubens Barrichello,ferrari,Ferrari,4,4,1:25.871,NaN,NaN
2000,3,ralf_schumacher,Ralf Schumacher,williams,Williams,9,5,1:25.871,NaN,NaN
2000,3,frentzen,Heinz-Harald Frentzen,jordan,Jordan,5,6,1:25.892,NaN,NaN
2000,3,irvine,Eddie Irvine,jaguar,Jaguar,7,7,1:25.929,NaN,NaN
2000,3,trulli,Jarno Trulli,jordan,Jordan,6,8,1:26.002,NaN,NaN
2000,3,villeneuve,Jacques Villeneuve,bar,BAR,22,9,1:26.124,NaN,NaN
2000,3,diniz,Pedro Diniz,sauber,Sauber,16,10,1:26.238,NaN,NaN
2000,3,wurz,Alexander Wurz,benetton,Benetton,12,11,1:26.281,NaN,NaN
2000,3,salo,Mika Salo,sauber,Sauber,17,12,1:26.336,NaN,NaN
2000,3,rosa,Pedro de la Rosa,arrows,Arrows,18,13,1:26.349,NaN,NaN
2000,3,zonta,Ricardo Zonta,bar,BAR,23,14,1:26.814,NaN,NaN
2000,3,alesi,Jean Alesi,prost,Prost,14,15,1:26.824,NaN,NaN
2000,3,verstappen,Jos Verstappen,arrows,Arrows,19,16,1:26.845,NaN,NaN
2000,3,herbert,Johnny Herbert,jaguar,Jaguar,8,17,1:27.051,NaN,NaN
2000,3,button,Jenson Button,williams,Williams,10,18,1:27.135,NaN,NaN
2000,3,fisichella,Giancarlo Fisichella,benetton,Benetton,11,19,1:27.253,NaN,NaN
2000,3,mazzacane,Gastón Mazzacane,minardi,Minardi,21,20,1:28.161,NaN,NaN
2000,3,gene,Marc Gené,minardi,Minardi,20,21,1:28.333,NaN,NaN
2000,3,heidfeld,Nick Heidfeld,prost,Prost,15,22,1:28.361,NaN,NaN
2000,4,barrichello,Rubens Barrichello,ferrari,Ferrari,4,1,1:25.703,NaN,NaN
2000,4,frentzen,Heinz-Harald Frentzen,jordan,Jordan,5,2,1:25.706,NaN,NaN
2000,4,hakkinen,Mika Häkkinen,mclaren,McLaren,1,3,1:25.741,NaN,NaN
2000,4,coulthard,David Coulthard,mclaren,McLaren,2,4,1:26.088,NaN,NaN
2000,4,michael_schumacher,Michael Schumacher,ferrari,Ferrari,3,5,1:26.161,NaN,NaN
2000,4,button,Jenson Button,williams,Williams,10,6,1:26.733,NaN,NaN
2000,4,ralf_schumacher,Ralf Schumacher,williams,Williams,9,7,1:26.786,NaN,NaN
2000,4,verstappen,Jos Verstappen,arrows,Arrows,19,8,1:26.793,NaN,NaN
2000,4,irvine,Eddie Irvine,jaguar,Jaguar,7,9,1:26.818,NaN,NaN
2000,4,villeneuve,Jacques Villeneuve,bar,BAR,22,10,1:27.025,NaN,NaN
2000,4,trulli,Jarno Trulli,jordan,Jordan,6,11,1:27.164,NaN,NaN
2000,4,fisichella,Giancarlo Fisichella,benetton,Benetton,11,12,1:27.253,NaN,NaN
2000,4,diniz,Pedro Diniz,sauber,Sauber,16,13,1:27.301,NaN,NaN
2000,4,herbert,Johnny Herbert,jaguar,Jaguar,8,14,1:27.461,NaN,NaN
2000,4,alesi,Jean Alesi,prost,Prost,14,15,1:27.559,NaN,NaN
2000,4,zonta,Ricardo Zonta,bar,BAR,23,16,1:27.772,NaN,NaN
2000,4,heidfeld,Nick Heidfeld,prost,Prost,15,17,1:27.806,NaN,NaN
2000,4,salo,Mika Salo,sauber,Sauber,17,18,1:28.110,NaN,NaN
2000,4,rosa,Pedro de la Rosa,arrows,Arrows,18,19,1:28.135,NaN,NaN
2000,4,wurz,Alexander Wurz,benetton,Benetton,12,20,1:28.205,NaN,NaN
2000,4,gene,Marc Gené,minardi,Minardi,20,21,1:28.253,NaN,NaN
2000,4,mazzacane,Gastón Mazzacane,minardi,Minardi,21,22,1:29.174,NaN,NaN
2000,16,michael_schumacher,Michael Schumacher,ferrari,Ferrari,3,1,1:35.825,NaN,NaN
2000,16,hakkinen,Mika Häkkinen,mclaren,McLaren,1,2,1:35.834,NaN,NaN
2000,16,coulthard,David Coulthard,mclaren,McLaren,2,3,1:36.236,NaN,NaN
2000,16,barrichello,Rubens Barrichello,ferrari,Ferrari,4,4,1:36.330,NaN,NaN
2000,16,button,Jenson Button,williams,Williams,10,5,1:36.628,NaN,NaN
2000,16,ralf_schumacher,Ralf Schumacher,williams,Williams,9,6,1:36.788,NaN,NaN
2000,16,irvine,Eddie Irvine,jaguar,Jaguar,7,7,1:36.899,NaN,NaN
2000,16,frentzen,Heinz-Harald Frentzen,jordan,Jordan,5,8,1:37.243,NaN,NaN
2000,16,villeneuve,Jacques Villeneuve,bar,BAR,22,9,1:37.267,NaN,NaN
2000,16,herbert,Johnny Herbert,jaguar,Jaguar,8,10,1:37.329,NaN,NaN
2000,16,wurz,Alexander Wurz,benetton,Benetton,12,11,1:37.348,NaN,NaN
2000,16,fisichella,Giancarlo Fisichella,benetton,Benetton,11,12,1:37.479,NaN,NaN
2000,16,rosa,Pedro de la Rosa,arrows,Arrows,18,13,1:37.652,NaN,NaN
2000,16,verstappen,Jos Verstappen,arrows,Arrows,19,14,1:37.674,NaN,NaN
2000,16,trulli,Jarno Trulli,jordan,Jordan,6,15,1:37.679,NaN,NaN
2000,16,heidfeld,Nick Heidfeld,prost,Prost,15,16,1:38.141,NaN,NaN
2000,16,alesi,Jean Alesi,prost,Prost,14,17,1:38.209,NaN,NaN
2000,16,zonta,Ricardo Zonta,bar,BAR,23,18,1:38.269,NaN,NaN
2000,16,salo,Mika Salo,sauber,Sauber,17,19,1:38.490,NaN,NaN
2000,16,diniz,Pedro Diniz,sauber,Sauber,16,20,1:38.576,NaN,NaN
2000,16,gene,Marc Gené,minardi,Minardi,20,21,1:39.972,NaN,NaN
2000,16,mazzacane,Gastón Mazzacane,minardi,Minardi,21,22,1:40.462,NaN,NaN
2001,16,michael_schumacher,Michael Schumacher,ferrari,Ferrari,1,1,1:11.708,NaN,NaN
2001,16,ralf_schumacher,Ralf Schumacher,williams,Williams,5,2,1:11.986,NaN,NaN
2001,16,montoya,Juan Pablo Montoya,williams,Williams,6,3,1:12.252,NaN,NaN
2001,16,hakkinen,Mika Häkkinen,mclaren,McLaren,3,4,1:12.309,NaN,NaN
2001,16,barrichello,Rubens Barrichello,ferrari,Ferrari,2,5,1:12.327,NaN,NaN
2001,16,heidfeld,Nick Heidfeld,sauber,Sauber,16,6,1:12.434,NaN,NaN
2001,16,coulthard,David Coulthard,mclaren,McLaren,4,7,1:12.500,NaN,NaN
2001,16,trulli,Jarno Trulli,jordan,Jordan,11,8,1:12.605,NaN,NaN
2001,16,alesi,Jean Alesi,jordan,Jordan,12,9,1:12.607,NaN,NaN
2001,16,button,Jenson Button,benetton,Benetton,8,10,1:12.805,NaN,NaN
2001,16,raikkonen,Kimi Räikkönen,sauber,Sauber,17,11,1:12.881,NaN,NaN
2001,16,fisichella,Giancarlo Fisichella,benetton,Benetton,7,12,1:12.942,NaN,NaN
2001,16,panis,Olivier Panis,bar,BAR,9,13,1:13.122,NaN,NaN
2001,16,irvine,Eddie Irvine,jaguar,Jaguar,18,14,1:13.189,NaN,NaN
2001,16,frentzen,Heinz-Harald Frentzen,prost,Prost,22,15,1:13.281,NaN,NaN
2001,16,rosa,Pedro de la Rosa,jaguar,Jaguar,19,16,1:13.679,NaN,NaN
2001,16,alonso,Fernando Alonso,minardi,Minardi,21,17,1:13.991,NaN,NaN
2001,16,villeneuve,Jacques Villeneuve,bar,BAR,10,18,1:14.012,NaN,NaN
2001,16,bernoldi,Enrique Bernoldi,arrows,Arrows,15,19,1:14.129,NaN,NaN
2001,16,verstappen,Jos Verstappen,arrows,Arrows,14,20,1:14.138,NaN,NaN
2001,16,enge,Tomáš Enge,prost,Prost,23,21,1:14.185,NaN,NaN
2001,16,yoong,Alex Yoong,minardi,Minardi,20,22,1:15.247,NaN,NaN
2002,2,michael_schumacher,Michael Schumacher,ferrari,Ferrari,1,1,1:35.266,NaN,NaN
2002,2,montoya,Juan Pablo Montoya,williams,Williams,6,2,1:35.497,NaN,NaN
2002,2,barrichello,Rubens Barrichello,ferrari,Ferrari,2,3,1:35.891,NaN,NaN
2002,2,ralf_schumacher,Ralf Schumacher,williams,Williams,3,4,1:36.028,NaN,NaN
2002,2,raikkonen,Kimi Räikkönen,mclaren,McLaren,4,5,1:36.468,NaN,NaN
2002,2,coulthard,David Coulthard,mclaren,McLaren,3,6,1:36.477,NaN,NaN
2002,2,heidfeld,Nick Heidfeld,sauber,Sauber,7,7,1:37.199,NaN,NaN
2002,2,button,Jenson Button,renault,Renault,15,8,1:37.245,NaN,NaN
2002,2,fisichella,Giancarlo Fisichella,jordan,Jordan,9,9,1:37.536,NaN,NaN
2002,2,salo,Mika Salo,toyota,Toyota,24,10,1:37.694,NaN,NaN
2002,2,frentzen,Heinz-Harald Frentzen,arrows,Arrows,20,11,1:37.919,NaN,NaN
2002,2,trulli,Jarno Trulli,renault,Renault,14,12,1:37.920,NaN,NaN
2002,2,villeneuve,Jacques Villeneuve,bar,BAR,11,13,1:38.039,NaN,NaN
2002,2,massa,Felipe Massa,sauber,Sauber,8,14,1:38.057,NaN,NaN
2002,2,sato,Takuma Sato,jordan,Jordan,10,15,1:38.141,NaN,NaN
2002,2,bernoldi,Enrique Bernoldi,arrows,Arrows,21,16,1:38.284,NaN,NaN
2002,2,rosa,Pedro de la Rosa,jaguar,Jaguar,17,17,1:38.374,NaN,NaN
2002,2,panis,Olivier Panis,bar,BAR,12,18,1:38.390,NaN,NaN
2002,2,mcnish,Allan McNish,toyota,Toyota,25,19,1:38.959,NaN,NaN
2002,2,irvine,Eddie Irvine,jaguar,Jaguar,16,20,1:39.121,NaN,NaN
2002,2,webber,Mark Webber,minardi,Minardi,23,21,1:39.454,NaN,NaN
2002,2,yoong,Alex Yoong,minardi,Minardi,22,22,1:40.158,NaN,NaN
2002,17,michael_schumacher,Michael Schumacher,ferrari,Ferrari,1,1,1:31.317,NaN,NaN
2002,17,barrichello,Rubens Barrichello,ferrari,Ferrari,2,2,1:31.749,NaN,NaN
2002,17,coulthard,David Coulthard,mclaren,McLaren,3,3,1:32.088,NaN,NaN
2002,17,raikkonen,Kimi Räikkönen,mclaren,McLaren,4,4,1:32.197,NaN,NaN
2002,17,ralf_schumacher,Ralf Schumacher,williams,Williams,5,5,1:32.444,NaN,NaN
2002,17,montoya,Juan Pablo Montoya,williams,Williams,6,6,1:32.507,NaN,NaN
2002,17,sato,Takuma Sato,jordan,Jordan,10,7,1:33.090,NaN,NaN
2002,17,fisichella,Giancarlo Fisichella,jordan,Jordan,9,8,1:33.276,NaN,NaN
2002,17,villeneuve,Jacques Villeneuve,bar,BAR,11,9,1:33.349,NaN,NaN
2002,17,button,Jenson Button,renault,Renault,15,10,1:33.429,NaN,NaN
2002,17,trulli,Jarno Trulli,renault,Renault,14,11,1:33.547,NaN,NaN
2002,17,heidfeld,Nick Heidfeld,sauber,Sauber,7,12,1:33.553,NaN,NaN
2002,17,salo,Mika Salo,toyota,Toyota,24,13,1:33.742,NaN,NaN
2002,17,irvine,Eddie Irvine,jaguar,Jaguar,16,14,1:33.915,NaN,NaN
2002,17,massa,Felipe Massa,sauber,Sauber,8,15,1:33.979,NaN,NaN
2002,17,panis,Olivier Panis,bar,BAR,12,16,1:34.192,NaN,NaN
2002,17,rosa,Pedro de la Rosa,jaguar,Jaguar,17,17,1:34.227,NaN,NaN
2002,17,mcnish,Allan McNish,toyota,Toyota,25,18,1:35.191,NaN,NaN
2002,17,webber,Mark Webber,minardi,Minardi,23,19,1:35.958,NaN,NaN
2002,17,yoong,Alex Yoong,minardi,Minardi,22,20,1:36.267,NaN,NaN
2003,1,michael_schumacher,Michael Schumacher,ferrari,Ferrari,1,1,1:27.173,NaN,NaN
2003,1,barrichello,Rubens Barrichello,ferrari,Ferrari,2,2,1:27.418,NaN,NaN
2003,1,montoya,Juan Pablo Montoya,williams,Williams,3,3,1:28.101,NaN,NaN
2003,1,frentzen,Heinz-Harald Frentzen,sauber,Sauber,10,4,1:28.274,NaN,NaN
2003,1,panis,Olivier Panis,toyota,Toyota,20,5,1:28.288,NaN,NaN
2003,1,villeneuve,Jacques Villeneuve,bar,BAR,16,6,1:28.420,NaN,NaN
2003,1,heidfeld,Nick Heidfeld,sauber,Sauber,9,7,1:28.464,NaN,NaN
2003,1,button,Jenson Button,bar,BAR,17,8,1:28.682,NaN,NaN
2003,1,ralf_schumacher,Ralf Schumacher,williams,Williams,4,9,1:28.830,NaN,NaN
2003,1,alonso,Fernando Alonso,renault,Renault,8,10,1:28.928,NaN,NaN
2003,1,coulthard,David Coulthard,mclaren,McLaren,5,11,1:29.105,NaN,NaN
2003,1,trulli,Jarno Trulli,renault,Renault,7,12,1:29.136,NaN,NaN
2003,1,fisichella,Giancarlo Fisichella,jordan,Jordan,11,13,1:29.344,NaN,NaN
2003,1,webber,Mark Webber,jaguar,Jaguar,14,14,1:29.367,NaN,NaN
2003,1,raikkonen,Kimi Räikkönen,mclaren,McLaren,6,15,1:29.470,NaN,NaN
2003,1,matta,Cristiano da Matta,toyota,Toyota,21,16,1:29.538,NaN,NaN
2003,1,firman,Ralph Firman,jordan,Jordan,12,17,1:31.242,NaN,NaN
2003,1,pizzonia,Antônio Pizzonia,jaguar,Jaguar,15,18,1:31.723,NaN,NaN
2003,1,wilson,Justin Wilson,minardi,Minardi,18,19,,NaN,NaN
2003,1,verstappen,Jos Verstappen,minardi,Minardi,19,20,,NaN,NaN
2003,2,alonso,Fernando Alonso,renault,Renault,8,1,1:37.044,NaN,NaN
2003,2,trulli,Jarno Trulli,renault,Renault,7,2,1:37.217,NaN,NaN
2003,2,michael_schumacher,Michael Schumacher,ferrari,Ferrari,1,3,1:37.393,NaN,NaN
2003,2,coulthard,David Coulthard,mclaren,McLaren,5,4,1:37.454,NaN,NaN
2003,2,barrichello,Rubens Barrichello,ferrari,Ferrari,2,5,1:37.579,NaN,NaN
2003,2,heidfeld,Nick Heidfeld,sauber,Sauber,9,6,1:37.766,NaN,NaN
2003,2,raikkonen,Kimi Räikkönen,mclaren,McLaren,6,7,1:37.858,NaN,NaN
2003,2,montoya,Juan Pablo Montoya,williams,Williams,3,8,1:37.974,NaN,NaN
2003,2,button,Jenson Button,bar,BAR,17,9,1:38.073,NaN,NaN
2003,2,panis,Olivier Panis,toyota,Toyota,20,10,1:38.094,NaN,NaN
2003,2,matta,Cristiano da Matta,toyota,Toyota,21,11,1:38.097,NaN,NaN
2003,2,villeneuve,Jacques Villeneuve,bar,BAR,16,12,1:38.289,NaN,NaN
2003,2,frentzen,Heinz-Harald Frentzen,sauber,Sauber,10,13,1:38.291,NaN,NaN
2003,2,fisichella,Giancarlo Fisichella,jordan,Jordan,11,14,1:38.416,NaN,NaN
2003,2,pizzonia,Antônio Pizzonia,jaguar,Jaguar,15,15,1:38.516,NaN,NaN
2003,2,webber,Mark Webber,jaguar,Jaguar,14,16,1:38.624,NaN,NaN
2003,2,ralf_schumacher,Ralf Schumacher,williams,Williams,4,17,1:38.789,NaN,NaN
2003,2,verstappen,Jos Verstappen,minardi,Minardi,19,18,1:40.417,NaN,NaN
2003,2,wilson,Justin Wilson,minardi,Minardi,18,19,1:40.599,NaN,NaN
2003,2,firman,Ralph Firman,jordan,Jordan,12,20,1:40.910,NaN,NaN
2003,3,barrichello,Rubens Barrichello,ferrari,Ferrari,2,1,1:13.807,NaN,NaN
2003,3,coulthard,David Coulthard,mclaren,McLaren,5,2,1:13.818,NaN,NaN
2003,3,webber,Mark Webber,jaguar,Jaguar,14,3,1:13.851,NaN,NaN
2003,3,raikkonen,Kimi Räikkönen,mclaren,McLaren,6,4,1:13.866,NaN,NaN
2003,3,trulli,Jarno Trulli,renault,Renault,7,5,1:13.953,NaN,NaN
2003,3,ralf_schumacher,Ralf Schumacher,williams,Williams,4,6,1:14.124,NaN,NaN
2003,3,michael_schumacher,Michael Schumacher,ferrari,Ferrari,1,7,1:14.130,NaN,NaN
2003,3,fisichella,Giancarlo Fisichella,jordan,Jordan,11,8,1:14.191,NaN,NaN
2003,3,montoya,Juan Pablo Montoya,williams,Williams,3,9,1:14.223,NaN,NaN
2003,3,alonso,Fernando Alonso,renault,Renault,8,10,1:14.384,NaN,NaN
2003,3,button,Jenson Button,bar,BAR,17,11,1:14.504,NaN,NaN
2003,3,heidfeld,Nick Heidfeld,sauber,Sauber,9,12,1:14.631,NaN,NaN
2003,3,villeneuve,Jacques Villeneuve,bar,BAR,16,13,1:14.668,NaN,NaN
2003,3,frentzen,Heinz-Harald Frentzen,sauber,Sauber,10,14,1:14.839,NaN,NaN
2003,3,panis,Olivier Panis,toyota,Toyota,20,15,1:14.839,NaN,NaN
2003,3,firman,Ralph Firman,jordan,Jordan,12,16,1:15.240,NaN,NaN
2003,3,pizzonia,Antônio Pizzonia,jaguar,Jaguar,15,17,1:15.317,NaN,NaN
2003,3,matta,Cristiano da Matta,toyota,Toyota,21,18,1:15.641,NaN,NaN
2003,3,verstappen,Jos Verstappen,minardi,Minardi,19,19,1:16.542,NaN,NaN
2003,3,wilson,Justin Wilson,minardi,Minardi,18,20,1:16.586,NaN,NaN
2003,4,michael_schumacher,Michael Schumacher,ferrari,Ferrari,1,1,1:22.327,NaN,NaN
2003,4,ralf_schumacher,Ralf Schumacher,williams,Williams,4,2,1:22.341,NaN,NaN
2003,4,barrichello,Rubens Barrichello,ferrari,Ferrari,2,3,1:22.557,NaN,NaN
2003,4,montoya,Juan Pablo Montoya,williams,Williams,3,4,1:22.789,NaN,NaN
2003,4,webber,Mark Webber,jaguar,Jaguar,14,5,1:23.015,NaN,NaN
2003,4,raikkonen,Kimi Räikkönen,mclaren,McLaren,6,6,1:23.148,NaN,NaN
2003,4,villeneuve,Jacques Villeneuve,bar,BAR,16,7,1:23.160,NaN,NaN
2003,4,alonso,Fernando Alonso,renault,Renault,8,8,1:23.169,NaN,NaN
2003,4,button,Jenson Button,bar,BAR,17,9,1:23.381,NaN,NaN
2003,4,panis,Olivier Panis,toyota,Toyota,20,10,1:23.460,NaN,NaN
2003,4,heidfeld,Nick Heidfeld,sauber,Sauber,9,11,1:23.700,NaN,NaN
2003,4,coulthard,David Coulthard,mclaren,McLaren,5,12,1:23.818,NaN,NaN
2003,4,matta,Cristiano da Matta,toyota,Toyota,21,13,1:23.838,NaN,NaN
2003,4,frentzen,Heinz-Harald Frentzen,sauber,Sauber,10,14,1:23.932,NaN,NaN
2003,4,pizzonia,Antônio Pizzonia,jaguar,Jaguar,15,15,1:24.147,NaN,NaN
2003,4,trulli,Jarno Trulli,renault,Renault,7,16,1:24.190,NaN,NaN
2003,4,fisichella,Giancarlo Fisichella,jordan,Jordan,11,17,1:24.317,NaN,NaN
2003,4,wilson,Justin Wilson,minardi,Minardi,18,18,1:25.826,NaN,NaN
2003,4,firman,Ralph Firman,jordan,Jordan,12,19,1:26.357,NaN,NaN
2003,4,verstappen,Jos Verstappen,minardi,Minardi,19,20,,NaN,NaN
2003,5,michael_schumacher,Michael Schumacher,ferrari,Ferrari,1,1,1:17.762,NaN,NaN
2003,5,barrichello,Rubens Barrichello,ferrari,Ferrari,2,2,1:18.020,NaN,NaN
2003,5,alonso,Fernando Alonso,renault,Renault,8,3,1:18.233,NaN,NaN
2003,5,trulli,Jarno Trulli,renault,Renault,7,4,1:18.615,NaN,NaN
2003,5,button,Jenson Button,bar,BAR,17,5,1:18.704,NaN,NaN
2003,5,panis,Olivier Panis,toyota,Toyota,20,6,1:18.811,NaN,NaN
2003,5,ralf_schumacher,Ralf Schumacher,williams,Williams,4,7,1:19.006,NaN,NaN
2003,5,coulthard,David Coulthard,mclaren,McLaren,5,8,1:19.128,NaN,NaN
2003,5,montoya,Juan Pablo Montoya,williams,Williams,3,9,1:19.377,NaN,NaN
2003,5,frentzen,Heinz-Harald Frentzen,sauber,Sauber,10,10,1:19.427,NaN,NaN
2003,5,villeneuve,Jacques Villeneuve,bar,BAR,16,11,1:19.563,NaN,NaN
2003,5,webber,Mark Webber,jaguar,Jaguar,14,12,1:19.615,NaN,NaN
2003,5,matta,Cristiano da Matta,toyota,Toyota,21,13,1:19.623,NaN,NaN
2003,5,heidfeld,Nick Heidfeld,sauber,Sauber,9,14,1:19.646,NaN,NaN
2003,5,firman,Ralph Firman,jordan,Jordan,12,15,1:20.215,NaN,NaN
2003,5,pizzonia,Antônio Pizzonia,jaguar,Jaguar,15,16,1:20.308,NaN,NaN
2003,5,fisichella,Giancarlo Fisichella,jordan,Jordan,11,17,1:20.976,NaN,NaN
2003,5,wilson,Justin Wilson,minardi,Minardi,18,18,1:22.104,NaN,NaN
2003,5,verstappen,Jos Verstappen,minardi,Minardi,19,19,1:22.237,NaN,NaN
2003,5,raikkonen,Kimi Räikkönen,mclaren,McLaren,6,20,,NaN,NaN
2003,6,michael_schumacher,Michael Schumacher,ferrari,Ferrari,1,1,1:09.150,NaN,NaN
2003,6,raikkonen,Kimi Räikkönen,mclaren,McLaren,6,2,1:09.189,NaN,NaN
2003,6,montoya,Juan Pablo Montoya,williams,Williams,3,3,1:09.391,NaN,NaN
2003,6,heidfeld,Nick Heidfeld,sauber,Sauber,9,4,1:09.725,NaN,NaN
2003,6,barrichello,Rubens Barrichello,ferrari,Ferrari,2,5,1:09.784,NaN,NaN
2003,6,trulli,Jarno Trulli,renault,Renault,7,6,1:09.890,NaN,NaN
2003,6,button,Jenson Button,bar,BAR,17,7,1:09.935,NaN,NaN
2003,6,pizzonia,Antônio Pizzonia,jaguar,Jaguar,15,8,1:10.045,NaN,NaN
2003,6,fisichella,Giancarlo Fisichella,jordan,Jordan,11,9,1:10.105,NaN,NaN
2003,6,ralf_schumacher,Ralf Schumacher,williams,Williams,4,10,1:10.279,NaN,NaN
2003,6,panis,Olivier Panis,toyota,Toyota,20,11,1:10.402,NaN,NaN
2003,6,villeneuve,Jacques Villeneuve,bar,BAR,16,12,1:10.618,NaN,NaN
2003,6,matta,Cristiano da Matta,toyota,Toyota,21,13,1:10.834,NaN,NaN
2003,6,coulthard,David Coulthard,mclaren,McLaren,5,14,1:10.893,NaN,NaN
2003,6,frentzen,Heinz-Harald Frentzen,sauber,Sauber,10,15,1:11.307,NaN,NaN
2003,6,firman,Ralph Firman,jordan,Jordan,12,16,1:11.505,NaN,NaN
2003,6,webber,Mark Webber,jaguar,Jaguar,14,17,1:11.662,NaN,NaN
2003,6,wilson,Justin Wilson,minardi,Minardi,18,18,1:14.508,NaN,NaN
2003,6,alonso,Fernando Alonso,renault,Renault,8,19,1:20.113,NaN,NaN
2003,6,verstappen,Jos Verstappen,minardi,Minardi,19,20,,NaN,NaN
2003,7,ralf_schumacher,Ralf Schumacher,williams,Williams,4,1,1:15.259,NaN,NaN
2003,7,raikkonen,Kimi Räikkönen,mclaren,McLaren,6,2,1:15.295,NaN,NaN
2003,7,montoya,Juan Pablo Montoya,williams,Williams,3,3,1:15.415,NaN,NaN
2003,7,trulli,Jarno Trulli,renault,Renault,7,4,1:15.500,NaN,NaN
2003,7,michael_schumacher,Michael Schumacher,ferrari,Ferrari,1,5,1:15.644,NaN,NaN
2003,7,coulthard,David Coulthard,mclaren,McLaren,5,6,1:15.700,NaN,NaN
2003,7,barrichello,Rubens Barrichello,ferrari,Ferrari,2,7,1:15.820,NaN,NaN
2003,7,alonso,Fernando Alonso,renault,Renault,8,8,1:15.884,NaN,NaN
2003,7,webber,Mark Webber,jaguar,Jaguar,14,9,1:16.237,NaN,NaN
2003,7,matta,Cristiano da Matta,toyota,Toyota,21,10,1:16.744,NaN,NaN
2003,7,villeneuve,Jacques Villeneuve,bar,BAR,16,11,1:16.755,NaN,NaN
2003,7,fisichella,Giancarlo Fisichella,jordan,Jordan,11,12,1:16.967,NaN,NaN
2003,7,pizzonia,Antônio Pizzonia,jaguar,Jaguar,15,13,1:17.103,NaN,NaN
2003,7,heidfeld,Nick Heidfeld,sauber,Sauber,9,14,1:17.176,NaN,NaN
2003,7,frentzen,Heinz-Harald Frentzen,sauber,Sauber,10,15,1:17.402,NaN,NaN
2003,7,firman,Ralph Firman,jordan,Jordan,12,16,1:17.452,NaN,NaN
2003,7,panis,Olivier Panis,toyota,Toyota,20,17,1:17.464,NaN,NaN
2003,7,verstappen,Jos Verstappen,minardi,Minardi,19,18,1:18.706,NaN,NaN
2003,7,wilson,Justin Wilson,minardi,Minardi,18,19,1:20.063,NaN,NaN
2003,7,button,Jenson Button,bar,BAR,17,20,,NaN,NaN
2003,8,ralf_schumacher,Ralf Schumacher,williams,Williams,4,1,1:15.529,NaN,NaN
2003,8,montoya,Juan Pablo Montoya,williams,Williams,3,2,1:15.923,NaN,NaN
2003,8,michael_schumacher,Michael Schumacher,ferrari,Ferrari,1,3,1:16.047,NaN,NaN
2003,8,alonso,Fernando Alonso,renault,Renault,8,4,1:16.048,NaN,NaN
2003,8,barrichello,Rubens Barrichello,ferrari,Ferrari,2,5,1:16.143,NaN,NaN
2003,8,webber,Mark Webber,jaguar,Jaguar,14,6,1:16.182,NaN,NaN
2003,8,panis,Olivier Panis,toyota,Toyota,20,7,1:16.598,NaN,NaN
2003,8,trulli,Jarno Trulli,renault,Renault,7,8,1:16.718,NaN,NaN
2003,8,matta,Cristiano da Matta,toyota,Toyota,21,9,1:16.826,NaN,NaN
2003,8,frentzen,Heinz-Harald Frentzen,sauber,Sauber,10,10,1:16.939,NaN,NaN
2003,8,coulthard,David Coulthard,mclaren,McLaren,5,11,1:17.024,NaN,NaN
2003,8,heidfeld,Nick Heidfeld,sauber,Sauber,9,12,1:17.086,NaN,NaN
2003,8,pizzonia,Antônio Pizzonia,jaguar,Jaguar,15,13,1:17.337,NaN,NaN
2003,8,villeneuve,Jacques Villeneuve,bar,BAR,16,14,1:17.347,NaN,NaN
2003,8,verstappen,Jos Verstappen,minardi,Minardi,19,15,1:18.014,NaN,NaN
2003,8,fisichella,Giancarlo Fisichella,jordan,Jordan,11,16,1:18.036,NaN,NaN
2003,8,button,Jenson Button,bar,BAR,17,17,1:18.205,NaN,NaN
2003,8,wilson,Justin Wilson,minardi,Minardi,18,18,1:18.560,NaN,NaN
2003,8,firman,Ralph Firman,jordan,Jordan,12,19,1:18.692,NaN,NaN
2003,8,raikkonen,Kimi Räikkönen,mclaren,McLaren,6,20,,NaN,NaN
2003,9,raikkonen,Kimi Räikkönen,mclaren,McLaren,6,1,1:31.523,NaN,NaN
2003,9,michael_schumacher,Michael Schumacher,ferrari,Ferrari,1,2,1:31.555,NaN,NaN
2003,9,ralf_schumacher,Ralf Schumacher,williams,Williams,4,3,1:31.619,NaN,NaN
2003,9,montoya,Juan Pablo Montoya,williams,Williams,3,4,1:31.765,NaN,NaN
2003,9,barrichello,Rubens Barrichello,ferrari,Ferrari,2,5,1:31.780,NaN,NaN
2003,9,trulli,Jarno Trulli,renault,Renault,7,6,1:31.976,NaN,NaN
2003,9,panis,Olivier Panis,toyota,Toyota,20,7,1:32.350,NaN,NaN
2003,9,alonso,Fernando Alonso,renault,Renault,8,8,1:32.424,NaN,NaN
2003,9,coulthard,David Coulthard,mclaren,McLaren,5,9,1:32.742,NaN,NaN
2003,9,matta,Cristiano da Matta,toyota,Toyota,21,10,1:32.949,NaN,NaN
2003,9,webber,Mark Webber,jaguar,Jaguar,14,11,1:33.066,NaN,NaN
2003,9,button,Jenson Button,bar,BAR,17,12,1:33.395,NaN,NaN
2003,9,fisichella,Giancarlo Fisichella,jordan,Jordan,11,13,1:33.553,NaN,NaN
2003,9,firman,Ralph Firman,jordan,Jordan,12,14,1:33.827,NaN,NaN
2003,9,frentzen,Heinz-Harald Frentzen,sauber,Sauber,10,15,1:34.000,NaN,NaN
2003,9,pizzonia,Antônio Pizzonia,jaguar,Jaguar,15,16,1:34.159,NaN,NaN
2003,9,villeneuve,Jacques Villeneuve,bar,BAR,16,17,1:34.596,NaN,NaN
2003,9,verstappen,Jos Verstappen,minardi,Minardi,19,18,1:36.318,NaN,NaN
2003,9,wilson,Justin Wilson,minardi,Minardi,18,19,1:36.485,NaN,NaN
2003,9,heidfeld,Nick Heidfeld,sauber,Sauber,9,20,,NaN,NaN
2003,10,ralf_schumacher,Ralf Schumacher,williams,Williams,4,1,1:15.019,NaN,NaN
2003,10,montoya,Juan Pablo Montoya,williams,Williams,3,2,1:15.136,NaN,NaN
2003,10,michael_schumacher,Michael Schumacher,ferrari,Ferrari,1,3,1:15.480,NaN,NaN
2003,10,raikkonen,Kimi Räikkönen,mclaren,McLaren,6,4,1:15.533,NaN,NaN
2003,10,coulthard,David Coulthard,mclaren,McLaren,5,5,1:15.628,NaN,NaN
2003,10,trulli,Jarno Trulli,renault,Renault,7,6,1:15.967,NaN,NaN
2003,10,alonso,Fernando Alonso,renault,Renault,8,7,1:16.087,NaN,NaN
2003,10,barrichello,Rubens Barrichello,ferrari,Ferrari,2,8,1:16.166,NaN,NaN
2003,10,webber,Mark Webber,jaguar,Jaguar,14,9,1:16.308,NaN,NaN
2003,10,panis,Olivier Panis,toyota,Toyota,20,10,1:16.345,NaN,NaN
2003,10,pizzonia,Antônio Pizzonia,jaguar,Jaguar,15,11,1:16.965,NaN,NaN
2003,10,villeneuve,Jacques Villeneuve,bar,BAR,16,12,1:16.990,NaN,NaN
2003,10,matta,Cristiano da Matta,toyota,Toyota,21,13,1:17.068,NaN,NaN
2003,10,button,Jenson Button,bar,BAR,17,14,1:17.077,NaN,NaN
2003,10,heidfeld,Nick Heidfeld,sauber,Sauber,9,15,1:17.445,NaN,NaN
2003,10,frentzen,Heinz-Harald Frentzen,sauber,Sauber,10,16,1:17.562,NaN,NaN
2003,10,fisichella,Giancarlo Fisichella,jordan,Jordan,11,17,1:18.431,NaN,NaN
2003,10,firman,Ralph Firman,jordan,Jordan,12,18,1:18.514,NaN,NaN
2003,10,verstappen,Jos Verstappen,minardi,Minardi,19,19,1:18.709,NaN,NaN
2003,10,wilson,Justin Wilson,minardi,Minardi,18,20,1:19.619,NaN,NaN
2003,11,barrichello,Rubens Barrichello,ferrari,Ferrari,2,1,1:21.209,NaN,NaN
2003,11,trulli,Jarno Trulli,renault,Renault,7,2,1:21.381,NaN,NaN
2003,11,raikkonen,Kimi Räikkönen,mclaren,McLaren,6,3,1:21.695,NaN,NaN
2003,11,ralf_schumacher,Ralf Schumacher,williams,Williams,4,4,1:21.727,NaN,NaN
2003,11,michael_schumacher,Michael Schumacher,ferrari,Ferrari,1,5,1:21.867,NaN,NaN
2003,11,matta,Cristiano da Matta,toyota,Toyota,21,6,1:22.081,NaN,NaN
2003,11,montoya,Juan Pablo Montoya,williams,Williams,3,7,1:22.214,NaN,NaN
2003,11,alonso,Fernando Alonso,renault,Renault,8,8,1:22.404,NaN,NaN
2003,11,villeneuve,Jacques Villeneuve,bar,BAR,16,9,1:22.591,NaN,NaN
2003,11,pizzonia,Antônio Pizzonia,jaguar,Jaguar,15,10,1:22.634,NaN,NaN
2003,11,webber,Mark Webber,jaguar,Jaguar,14,11,1:22.647,NaN,NaN
2003,11,coulthard,David Coulthard,mclaren,McLaren,5,12,1:22.811,NaN,NaN
2003,11,panis,Olivier Panis,toyota,Toyota,20,13,1:23.042,NaN,NaN
2003,11,frentzen,Heinz-Harald Frentzen,sauber,Sauber,10,14,1:23.187,NaN,NaN
2003,11,fisichella,Giancarlo Fisichella,jordan,Jordan,11,15,1:23.574,NaN,NaN
2003,11,heidfeld,Nick Heidfeld,sauber,Sauber,9,16,1:23.844,NaN,NaN
2003,11,firman,Ralph Firman,jordan,Jordan,12,17,1:24.385,NaN,NaN
2003,11,wilson,Justin Wilson,minardi,Minardi,18,18,1:25.468,NaN,NaN
2003,11,verstappen,Jos Verstappen,minardi,Minardi,19,19,1:25.759,NaN,NaN
2003,11,button,Jenson Button,bar,BAR,17,20,,NaN,NaN
2003,12,montoya,Juan Pablo Montoya,williams,Williams,3,1,1:15.167,NaN,NaN
2003,12,ralf_schumacher,Ralf Schumacher,williams,Williams,4,2,1:15.185,NaN,NaN
2003,12,barrichello,Rubens Barrichello,ferrari,Ferrari,2,3,1:15.488,NaN,NaN
2003,12,trulli,Jarno Trulli,renault,Renault,7,4,1:15.679,NaN,NaN
2003,12,raikkonen,Kimi Räikkönen,mclaren,McLaren,6,5,1:15.874,NaN,NaN
2003,12,michael_schumacher,Michael Schumacher,ferrari,Ferrari,1,6,1:15.898,NaN,NaN
2003,12,panis,Olivier Panis,toyota,Toyota,20,7,1:16.034,NaN,NaN
2003,12,alonso,Fernando Alonso,renault,Renault,8,8,1:16.483,NaN,NaN
2003,12,matta,Cristiano da Matta,toyota,Toyota,21,9,1:16.550,NaN,NaN
2003,12,coulthard,David Coulthard,mclaren,McLaren,5,10,1:16.666,NaN,NaN
2003,12,webber,Mark Webber,jaguar,Jaguar,14,11,1:16.775,NaN,NaN
2003,12,fisichella,Giancarlo Fisichella,jordan,Jordan,11,12,1:16.831,NaN,NaN
2003,12,villeneuve,Jacques Villeneuve,bar,BAR,16,13,1:17.090,NaN,NaN
2003,12,frentzen,Heinz-Harald Frentzen,sauber,Sauber,10,14,1:17.169,NaN,NaN
2003,12,heidfeld,Nick Heidfeld,sauber,Sauber,9,15,1:17.557,NaN,NaN
2003,12,wilson,Justin Wilson,jaguar,Jaguar,15,16,1:18.021,NaN,NaN
2003,12,button,Jenson Button,bar,BAR,17,17,1:18.085,NaN,NaN
2003,12,firman,Ralph Firman,jordan,Jordan,12,18,1:18.341,NaN,NaN
2003,12,verstappen,Jos Verstappen,minardi,Minardi,19,19,1:19.023,NaN,NaN
2003,12,kiesa,Nicolas Kiesa,minardi,Minardi,18,20,1:19.174,NaN,NaN
2003,13,alonso,Fernando Alonso,renault,Renault,8,1,1:21.688,NaN,NaN
2003,13,ralf_schumacher,Ralf Schumacher,williams,Williams,4,2,1:21.944,NaN,NaN
2003,13,webber,Mark Webber,jaguar,Jaguar,14,3,1:22.027,NaN,NaN
2003,13,montoya,Juan Pablo Montoya,williams,Williams,3,4,1:22.180,NaN,NaN
2003,13,barrichello,Rubens Barrichello,ferrari,Ferrari,2,5,1:22.180,NaN,NaN
2003,13,trulli,Jarno Trulli,renault,Renault,7,6,1:22.610,NaN,NaN
2003,13,raikkonen,Kimi Räikkönen,mclaren,McLaren,6,7,1:22.742,NaN,NaN
2003,13,michael_schumacher,Michael Schumacher,ferrari,Ferrari,1,8,1:22.755,NaN,NaN
2003,13,coulthard,David Coulthard,mclaren,McLaren,5,9,1:23.060,NaN,NaN
2003,13,panis,Olivier Panis,toyota,Toyota,20,10,1:23.369,NaN,NaN
2003,13,heidfeld,Nick Heidfeld,sauber,Sauber,9,11,1:23.621,NaN,NaN
2003,13,wilson,Justin Wilson,jaguar,Jaguar,15,12,1:23.660,NaN,NaN
2003,13,fisichella,Giancarlo Fisichella,jordan,Jordan,11,13,1:23.726,NaN,NaN
2003,13,button,Jenson Button,bar,BAR,17,14,1:23.847,NaN,NaN
2003,13,matta,Cristiano da Matta,toyota,Toyota,21,15,1:23.982,NaN,NaN
2003,13,villeneuve,Jacques Villeneuve,bar,BAR,16,16,1:24.100,NaN,NaN
2003,13,frentzen,Heinz-Harald Frentzen,sauber,Sauber,10,17,1:24.569,NaN,NaN
2003,13,verstappen,Jos Verstappen,minardi,Minardi,19,18,1:26.423,NaN,NaN
2003,13,baumgartner,Zsolt Baumgartner,jordan,Jordan,12,19,1:26.678,NaN,NaN
2003,13,kiesa,Nicolas Kiesa,minardi,Minardi,18,20,1:28.907,NaN,NaN
2003,14,michael_schumacher,Michael Schumacher,ferrari,Ferrari,1,1,1:20.963,NaN,NaN
2003,14,montoya,Juan Pablo Montoya,williams,Williams,3,2,1:21.014,NaN,NaN
2003,14,barrichello,Rubens Barrichello,ferrari,Ferrari,2,3,1:21.242,NaN,NaN
2003,14,raikkonen,Kimi Räikkönen,mclaren,McLaren,6,4,1:21.466,NaN,NaN
2003,14,gene,Marc Gené,williams,Williams,4,5,1:21.834,NaN,NaN
2003,14,trulli,Jarno Trulli,renault,Renault,7,6,1:21.944,NaN,NaN
2003,14,button,Jenson Button,bar,BAR,17,7,1:22.301,NaN,NaN
2003,14,coulthard,David Coulthard,mclaren,McLaren,5,8,1:22.471,NaN,NaN
2003,14,panis,Olivier Panis,toyota,Toyota,20,9,1:22.488,NaN,NaN
2003,14,villeneuve,Jacques Villeneuve,bar,BAR,16,10,1:22.717,NaN,NaN
2003,14,webber,Mark Webber,jaguar,Jaguar,14,11,1:22.754,NaN,NaN
2003,14,matta,Cristiano da Matta,toyota,Toyota,21,12,1:22.914,NaN,NaN
2003,14,fisichella,Giancarlo Fisichella,jordan,Jordan,11,13,1:22.992,NaN,NaN
2003,14,frentzen,Heinz-Harald Frentzen,sauber,Sauber,10,14,1:23.216,NaN,NaN
2003,14,wilson,Justin Wilson,jaguar,Jaguar,15,15,1:23.484,NaN,NaN
2003,14,heidfeld,Nick Heidfeld,sauber,Sauber,9,16,1:23.803,NaN,NaN
2003,14,verstappen,Jos Verstappen,minardi,Minardi,19,17,1:25.078,NaN,NaN
2003,14,baumgartner,Zsolt Baumgartner,jordan,Jordan,12,18,1:25.881,NaN,NaN
2003,14,kiesa,Nicolas Kiesa,minardi,Minardi,18,19,1:26.778,NaN,NaN
2003,14,alonso,Fernando Alonso,renault,Renault,8,20,1:40.405,NaN,NaN
2003,15,raikkonen,Kimi Räikkönen,mclaren,McLaren,6,1,1:11.670,NaN,NaN
2003,15,barrichello,Rubens Barrichello,ferrari,Ferrari,2,2,1:11.794,NaN,NaN
2003,15,panis,Olivier Panis,toyota,Toyota,20,3,1:11.920,NaN,NaN
2003,15,montoya,Juan Pablo Montoya,williams,Williams,3,4,1:11.948,NaN,NaN
2003,15,ralf_schumacher,Ralf Schumacher,williams,Williams,4,5,1:12.078,NaN,NaN
2003,15,alonso,Fernando Alonso,renault,Renault,8,6,1:12.087,NaN,NaN
2003,15,michael_schumacher,Michael Schumacher,ferrari,Ferrari,1,7,1:12.194,NaN,NaN
2003,15,coulthard,David Coulthard,mclaren,McLaren,5,8,1:12.297,NaN,NaN
2003,15,matta,Cristiano da Matta,toyota,Toyota,21,9,1:12.326,NaN,NaN
2003,15,trulli,Jarno Trulli,renault,Renault,7,10,1:12.566,NaN,NaN
2003,15,button,Jenson Button,bar,BAR,17,11,1:12.695,NaN,NaN
2003,15,villeneuve,Jacques Villeneuve,bar,BAR,16,12,1:13.050,NaN,NaN
2003,15,heidfeld,Nick Heidfeld,sauber,Sauber,9,13,1:13.083,NaN,NaN
2003,15,webber,Mark Webber,jaguar,Jaguar,14,14,1:13.269,NaN,NaN
2003,15,frentzen,Heinz-Harald Frentzen,sauber,Sauber,10,15,1:13.447,NaN,NaN
2003,15,wilson,Justin Wilson,jaguar,Jaguar,15,16,1:13.585,NaN,NaN
2003,15,fisichella,Giancarlo Fisichella,jordan,Jordan,11,17,1:13.798,NaN,NaN
2003,15,firman,Ralph Firman,jordan,Jordan,12,18,1:14.027,NaN,NaN
2003,15,verstappen,Jos Verstappen,minardi,Minardi,19,19,1:15.360,NaN,NaN
2003,15,kiesa,Nicolas Kiesa,minardi,Minardi,18,20,1:15.644,NaN,NaN
2003,16,barrichello,Rubens Barrichello,ferrari,Ferrari,2,1,1:31.713,NaN,NaN
2003,16,montoya,Juan Pablo Montoya,williams,Williams,3,2,1:32.412,NaN,NaN
2003,16,matta,Cristiano da Matta,toyota,Toyota,21,3,1:32.419,NaN,NaN
2003,16,panis,Olivier Panis,toyota,Toyota,20,4,1:32.862,NaN,NaN
2003,16,alonso,Fernando Alonso,renault,Renault,8,5,1:33.044,NaN,NaN
2003,16,webber,Mark Webber,jaguar,Jaguar,14,6,1:33.106,NaN,NaN
2003,16,coulthard,David Coulthard,mclaren,McLaren,5,7,1:33.137,NaN,NaN
2003,16,raikkonen,Kimi Räikkönen,mclaren,McLaren,6,8,1:33.272,NaN,NaN
2003,16,button,Jenson Button,bar,BAR,17,9,1:33.474,NaN,NaN
2003,16,wilson,Justin Wilson,jaguar,Jaguar,15,10,1:33.558,NaN,NaN
2003,16,heidfeld,Nick Heidfeld,sauber,Sauber,9,11,1:33.632,NaN,NaN
2003,16,frentzen,Heinz-Harald Frentzen,sauber,Sauber,10,12,1:33.896,NaN,NaN
2003,16,sato,Takuma Sato,bar,BAR,16,13,1:33.924,NaN,NaN
2003,16,michael_schumacher,Michael Schumacher,ferrari,Ferrari,1,14,1:34.302,NaN,NaN
2003,16,firman,Ralph Firman,jordan,Jordan,12,15,1:34.771,NaN,NaN
2003,16,fisichella,Giancarlo Fisichella,jordan,Jordan,11,16,1:34.912,NaN,NaN
2003,16,verstappen,Jos Verstappen,minardi,Minardi,19,17,1:34.975,NaN,NaN
2003,16,kiesa,Nicolas Kiesa,minardi,Minardi,18,18,1:37.226,NaN,NaN
2003,16,ralf_schumacher,Ralf Schumacher,williams,Williams,4,19,,NaN,NaN
2003,16,trulli,Jarno Trulli,renault,Renault,7,20,,NaN,NaN
2004,1,michael_schumacher,Michael Schumacher,ferrari,Ferrari,1,1,1:24.408,NaN,NaN
2004,1,barrichello,Rubens Barrichello,ferrari,Ferrari,2,2,1:24.482,NaN,NaN
2004,1,montoya,Juan Pablo Montoya,williams,Williams,3,3,1:24.998,NaN,NaN
2004,1,button,Jenson Button,bar,BAR,9,4,1:24.998,NaN,NaN
2004,1,alonso,Fernando Alonso,renault,Renault,8,5,1:25.699,NaN,NaN
2004,1,webber,Mark Webber,jaguar,Jaguar,14,6,1:25.805,NaN,NaN
2004,1,sato,Takuma Sato,bar,BAR,10,7,1:25.851,NaN,NaN
2004,1,ralf_schumacher,Ralf Schumacher,williams,Williams,4,8,1:25.925,NaN,NaN
2004,1,trulli,Jarno Trulli,renault,Renault,7,9,1:26.290,NaN,NaN
2004,1,raikkonen,Kimi Räikkönen,mclaren,McLaren,6,10,1:26.297,NaN,NaN
2004,1,massa,Felipe Massa,sauber,Sauber,12,11,1:27.065,NaN,NaN
2004,1,coulthard,David Coulthard,mclaren,McLaren,5,12,1:27.294,NaN,NaN
2004,1,matta,Cristiano da Matta,toyota,Toyota,16,13,1:27.823,NaN,NaN
2004,1,fisichella,Giancarlo Fisichella,sauber,Sauber,11,14,1:27.845,NaN,NaN
2004,1,heidfeld,Nick Heidfeld,jordan,Jordan,18,15,1:28.178,NaN,NaN
2004,1,pantano,Giorgio Pantano,jordan,Jordan,19,16,1:30.140,NaN,NaN
2004,1,baumgartner,Zsolt Baumgartner,minardi,Minardi,21,17,1:30.681,NaN,NaN
2004,1,panis,Olivier Panis,toyota,Toyota,17,18,,NaN,NaN
2004,1,klien,Christian Klien,jaguar,Jaguar,15,19,,NaN,NaN
2004,1,bruni,Gianmaria Bruni,minardi,Minardi,20,20,,NaN,NaN
2004,2,michael_schumacher,Michael Schumacher,ferrari,Ferrari,1,1,1:33.074,NaN,NaN
2004,2,webber,Mark Webber,jaguar,Jaguar,14,2,1:33.715,NaN,NaN
2004,2,barrichello,Rubens Barrichello,ferrari,Ferrari,2,3,1:33.756,NaN,NaN
2004,2,montoya,Juan Pablo Montoya,williams,Williams,3,4,1:34.054,NaN,NaN
2004,2,raikkonen,Kimi Räikkönen,mclaren,McLaren,6,5,1:34.164,NaN,NaN
2004,2,button,Jenson Button,bar,BAR,9,6,1:34.221,NaN,NaN
2004,2,ralf_schumacher,Ralf Schumacher,williams,Williams,4,7,1:34.235,NaN,NaN
2004,2,trulli,Jarno Trulli,renault,Renault,7,8,1:34.413,NaN,NaN
2004,2,coulthard,David Coulthard,mclaren,McLaren,5,9,1:34.602,NaN,NaN
2004,2,matta,Cristiano da Matta,toyota,Toyota,16,10,1:34.917,NaN,NaN
2004,2,massa,Felipe Massa,sauber,Sauber,12,11,1:35.039,NaN,NaN
2004,2,fisichella,Giancarlo Fisichella,sauber,Sauber,11,12,1:35.061,NaN,NaN
2004,2,klien,Christian Klien,jaguar,Jaguar,15,13,1:35.158,NaN,NaN
2004,2,panis,Olivier Panis,toyota,Toyota,17,14,1:35.617,NaN,NaN
2004,2,heidfeld,Nick Heidfeld,jordan,Jordan,18,15,1:36.569,NaN,NaN
2004,2,bruni,Gianmaria Bruni,minardi,Minardi,20,16,1:38.577,NaN,NaN
2004,2,baumgartner,Zsolt Baumgartner,minardi,Minardi,21,17,1:39.272,NaN,NaN
2004,2,pantano,Giorgio Pantano,jordan,Jordan,19,18,1:39.902,NaN,NaN
2004,2,alonso,Fernando Alonso,renault,Renault,8,19,,NaN,NaN
2004,2,sato,Takuma Sato,bar,BAR,10,20,,NaN,NaN
2004,3,michael_schumacher,Michael Schumacher,ferrari,Ferrari,1,1,1:30.139,NaN,NaN
2004,3,barrichello,Rubens Barrichello,ferrari,Ferrari,2,2,1:30.530,NaN,NaN
2004,3,montoya,Juan Pablo Montoya,williams,Williams,3,3,1:30.581,NaN,NaN
2004,3,ralf_schumacher,Ralf Schumacher,williams,Williams,4,4,1:30.633,NaN,NaN
2004,3,sato,Takuma Sato,bar,BAR,10,5,1:30.827,NaN,NaN
2004,3,button,Jenson Button,bar,BAR,9,6,1:30.856,NaN,NaN
2004,3,trulli,Jarno Trulli,renault,Renault,7,7,1:30.971,NaN,NaN
2004,3,panis,Olivier Panis,toyota,Toyota,17,8,1:31.686,NaN,NaN
2004,3,matta,Cristiano da Matta,toyota,Toyota,16,9,1:31.717,NaN,NaN
2004,3,coulthard,David Coulthard,mclaren,McLaren,5,10,1:31.719,NaN,NaN
2004,3,fisichella,Giancarlo Fisichella,sauber,Sauber,11,11,1:31.731,NaN,NaN
2004,3,klien,Christian Klien,jaguar,Jaguar,15,12,1:32.332,NaN,NaN
2004,3,massa,Felipe Massa,sauber,Sauber,12,13,1:32.536,NaN,NaN
2004,3,webber,Mark Webber,jaguar,Jaguar,14,14,1:32.625,NaN,NaN
2004,3,heidfeld,Nick Heidfeld,jordan,Jordan,18,15,1:33.506,NaN,NaN
2004,3,pantano,Giorgio Pantano,jordan,Jordan,19,16,1:34.105,NaN,NaN
2004,3,alonso,Fernando Alonso,renault,Renault,8,17,1:34.130,NaN,NaN
2004,3,bruni,Gianmaria Bruni,minardi,Minardi,20,18,1:34.584,NaN,NaN
2004,3,baumgartner,Zsolt Baumgartner,minardi,Minardi,21,19,1:35.787,NaN,NaN
2004,3,raikkonen,Kimi Räikkönen,mclaren,McLaren,6,20,,NaN,NaN
2004,4,button,Jenson Button,bar,BAR,9,1,1:19.753,NaN,NaN
2004,4,michael_schumacher,Michael Schumacher,ferrari,Ferrari,1,2,1:20.011,NaN,NaN
2004,4,montoya,Juan Pablo Montoya,williams,Williams,3,3,1:20.212,NaN,NaN
2004,4,barrichello,Rubens Barrichello,ferrari,Ferrari,2,4,1:20.451,NaN,NaN
2004,4,ralf_schumacher,Ralf Schumacher,williams,Williams,4,5,1:20.538,NaN,NaN
2004,4,alonso,Fernando Alonso,renault,Renault,8,6,1:20.895,NaN,NaN
2004,4,sato,Takuma Sato,bar,BAR,10,7,1:20.913,NaN,NaN
2004,4,webber,Mark Webber,jaguar,Jaguar,14,8,1:20.921,NaN,NaN
2004,4,trulli,Jarno Trulli,renault,Renault,7,9,1:21.034,NaN,NaN
2004,4,matta,Cristiano da Matta,toyota,Toyota,16,10,1:21.087,NaN,NaN
2004,4,coulthard,David Coulthard,mclaren,McLaren,5,11,1:21.091,NaN,NaN
2004,4,massa,Felipe Massa,sauber,Sauber,12,12,1:21.532,NaN,NaN
2004,4,panis,Olivier Panis,toyota,Toyota,17,13,1:21.558,NaN,NaN
2004,4,klien,Christian Klien,jaguar,Jaguar,15,14,1:21.949,NaN,NaN
2004,4,pantano,Giorgio Pantano,jordan,Jordan,19,15,1:23.352,NaN,NaN
2004,4,heidfeld,Nick Heidfeld,jordan,Jordan,18,16,1:23.488,NaN,NaN
2004,4,bruni,Gianmaria Bruni,minardi,Minardi,20,17,1:26.899,NaN,NaN
2004,4,baumgartner,Zsolt Baumgartner,minardi,Minardi,21,18,1:46.299,NaN,NaN
2004,4,fisichella,Giancarlo Fisichella,sauber,Sauber,11,19,,NaN,NaN
2004,4,raikkonen,Kimi Räikkönen,mclaren,McLaren,6,20,,NaN,NaN
2004,5,michael_schumacher,Michael Schumacher,ferrari,Ferrari,1,1,1:15.022,NaN,NaN
2004,5,montoya,Juan Pablo Montoya,williams,Williams,3,2,1:15.639,NaN,NaN
2004,5,sato,Takuma Sato,bar,BAR,10,3,1:15.809,NaN,NaN
2004,5,trulli,Jarno Trulli,renault,Renault,7,4,1:16.144,NaN,NaN
2004,5,barrichello,Rubens Barrichello,ferrari,Ferrari,2,5,1:16.272,NaN,NaN
2004,5,ralf_schumacher,Ralf Schumacher,williams,Williams,4,6,1:16.293,NaN,NaN
2004,5,panis,Olivier Panis,toyota,Toyota,17,7,1:16.313,NaN,NaN
2004,5,alonso,Fernando Alonso,renault,Renault,8,8,1:16.422,NaN,NaN
2004,5,webber,Mark Webber,jaguar,Jaguar,14,9,1:16.514,NaN,NaN
2004,5,coulthard,David Coulthard,mclaren,McLaren,5,10,1:16.636,NaN,NaN
2004,5,matta,Cristiano da Matta,toyota,Toyota,16,11,1:17.038,NaN,NaN
2004,5,fisichella,Giancarlo Fisichella,sauber,Sauber,11,12,1:17.444,NaN,NaN
2004,5,raikkonen,Kimi Räikkönen,mclaren,McLaren,6,13,1:17.445,NaN,NaN
2004,5,button,Jenson Button,bar,BAR,9,14,1:17.575,NaN,NaN
2004,5,heidfeld,Nick Heidfeld,jordan,Jordan,18,15,1:17.802,NaN,NaN
2004,5,klien,Christian Klien,jaguar,Jaguar,15,16,1:17.812,NaN,NaN
2004,5,massa,Felipe Massa,sauber,Sauber,12,17,1:17.866,NaN,NaN
2004,5,bruni,Gianmaria Bruni,minardi,Minardi,20,18,1:19.817,NaN,NaN
2004,5,pantano,Giorgio Pantano,jordan,Jordan,19,19,1:20.607,NaN,NaN
2004,5,baumgartner,Zsolt Baumgartner,minardi,Minardi,21,20,1:21.470,NaN,NaN
2004,6,trulli,Jarno Trulli,renault,Renault,7,1,1:13.985,NaN,NaN
2004,6,ralf_schumacher,Ralf Schumacher,williams,Williams,4,2,1:14.345,NaN,NaN
2004,6,button,Jenson Button,bar,BAR,9,3,1:14.396,NaN,NaN
2004,6,alonso,Fernando Alonso,renault,Renault,8,4,1:14.408,NaN,NaN
2004,6,michael_schumacher,Michael Schumacher,ferrari,Ferrari,1,5,1:14.516,NaN,NaN
2004,6,raikkonen,Kimi Räikkönen,mclaren,McLaren,6,6,1:14.592,NaN,NaN
2004,6,barrichello,Rubens Barrichello,ferrari,Ferrari,2,7,1:14.716,NaN,NaN
2004,6,sato,Takuma Sato,bar,BAR,10,8,1:14.827,NaN,NaN
2004,6,coulthard,David Coulthard,mclaren,McLaren,5,9,1:14.951,NaN,NaN
2004,6,montoya,Juan Pablo Montoya,williams,Williams,3,10,1:15.039,NaN,NaN
2004,6,fisichella,Giancarlo Fisichella,sauber,Sauber,11,11,1:15.352,NaN,NaN
2004,6,webber,Mark Webber,jaguar,Jaguar,14,12,1:15.725,NaN,NaN
2004,6,panis,Olivier Panis,toyota,Toyota,17,13,1:15.859,NaN,NaN
2004,6,klien,Christian Klien,jaguar,Jaguar,15,14,1:15.919,NaN,NaN
2004,6,matta,Cristiano da Matta,toyota,Toyota,16,15,1:16.169,NaN,NaN
2004,6,massa,Felipe Massa,sauber,Sauber,12,16,1:16.248,NaN,NaN
2004,6,heidfeld,Nick Heidfeld,jordan,Jordan,18,17,1:16.488,NaN,NaN
2004,6,pantano,Giorgio Pantano,jordan,Jordan,19,18,1:17.443,NaN,NaN
2004,6,baumgartner,Zsolt Baumgartner,minardi,Minardi,21,19,1:20.060,NaN,NaN
2004,6,bruni,Gianmaria Bruni,minardi,Minardi,20,20,1:20.115,NaN,NaN
2004,7,michael_schumacher,Michael Schumacher,ferrari,Ferrari,1,1,1:28.351,NaN,NaN
2004,7,sato,Takuma Sato,bar,BAR,10,2,1:28.986,NaN,NaN
2004,7,trulli,Jarno Trulli,renault,Renault,7,3,1:29.135,NaN,NaN
2004,7,raikkonen,Kimi Räikkönen,mclaren,McLaren,6,4,1:29.137,NaN,NaN
2004,7,button,Jenson Button,bar,BAR,9,5,1:29.245,NaN,NaN
2004,7,alonso,Fernando Alonso,renault,Renault,8,6,1:29.313,NaN,NaN
2004,7,barrichello,Rubens Barrichello,ferrari,Ferrari,2,7,1:29.353,NaN,NaN
2004,7,montoya,Juan Pablo Montoya,williams,Williams,3,8,1:29.354,NaN,NaN
2004,7,ralf_schumacher,Ralf Schumacher,williams,Williams,4,9,1:29.459,NaN,NaN
2004,7,panis,Olivier Panis,toyota,Toyota,17,10,1:29.697,NaN,NaN
2004,7,matta,Cristiano da Matta,toyota,Toyota,16,11,1:29.706,NaN,NaN
2004,7,klien,Christian Klien,jaguar,Jaguar,15,12,1:31.431,NaN,NaN
2004,7,heidfeld,Nick Heidfeld,jordan,Jordan,18,13,1:31.604,NaN,NaN
2004,7,webber,Mark Webber,jaguar,Jaguar,14,14,1:31.797,NaN,NaN
2004,7,pantano,Giorgio Pantano,jordan,Jordan,19,15,1:31.979,NaN,NaN
2004,7,massa,Felipe Massa,sauber,Sauber,12,16,1:31.982,NaN,NaN
2004,7,baumgartner,Zsolt Baumgartner,minardi,Minardi,21,17,1:34.398,NaN,NaN
2004,7,coulthard,David Coulthard,mclaren,McLaren,5,18,,NaN,NaN
2004,7,fisichella,Giancarlo Fisichella,sauber,Sauber,11,19,,NaN,NaN
2004,7,bruni,Gianmaria Bruni,minardi,Minardi,20,20,,NaN,NaN
2004,8,ralf_schumacher,Ralf Schumacher,williams,Williams,4,1,1:12.275,NaN,NaN
2004,8,button,Jenson Button,bar,BAR,9,2,1:12.341,NaN,NaN
2004,8,trulli,Jarno Trulli,renault,Renault,7,3,1:13.023,NaN,NaN
2004,8,montoya,Juan Pablo Montoya,williams,Williams,3,4,1:13.072,NaN,NaN
2004,8,alonso,Fernando Alonso,renault,Renault,8,5,1:13.308,NaN,NaN
2004,8,michael_schumacher,Michael Schumacher,ferrari,Ferrari,1,6,1:13.355,NaN,NaN
2004,8,barrichello,Rubens Barrichello,ferrari,Ferrari,2,7,1:13.562,NaN,NaN
2004,8,raikkonen,Kimi Räikkönen,mclaren,McLaren,6,8,1:13.595,NaN,NaN
2004,8,coulthard,David Coulthard,mclaren,McLaren,5,9,1:13.681,NaN,NaN
2004,8,klien,Christian Klien,jaguar,Jaguar,15,10,1:14.532,NaN,NaN
2004,8,fisichella,Giancarlo Fisichella,sauber,Sauber,11,11,1:14.674,NaN,NaN
2004,8,matta,Cristiano da Matta,toyota,Toyota,16,12,1:14.851,NaN,NaN
2004,8,panis,Olivier Panis,toyota,Toyota,17,13,1:14.891,NaN,NaN
2004,8,webber,Mark Webber,jaguar,Jaguar,14,14,1:15.148,NaN,NaN
2004,8,heidfeld,Nick Heidfeld,jordan,Jordan,18,15,1:15.321,NaN,NaN
2004,8,glock,Timo Glock,jordan,Jordan,19,16,1:16.323,NaN,NaN
2004,8,sato,Takuma Sato,bar,BAR,10,17,1:17.004,NaN,NaN
2004,8,baumgartner,Zsolt Baumgartner,minardi,Minardi,21,18,1:17.064,NaN,NaN
2004,8,massa,Felipe Massa,sauber,Sauber,12,19,,NaN,NaN
2004,8,bruni,Gianmaria Bruni,minardi,Minardi,20,20,,NaN,NaN
2004,9,barrichello,Rubens Barrichello,ferrari,Ferrari,2,1,1:10.223,NaN,NaN
2004,9,michael_schumacher,Michael Schumacher,ferrari,Ferrari,1,2,1:10.400,NaN,NaN
2004,9,sato,Takuma Sato,bar,BAR,10,3,1:10.601,NaN,NaN
2004,9,button,Jenson Button,bar,BAR,9,4,1:10.820,NaN,NaN
2004,9,montoya,Juan Pablo Montoya,williams,Williams,3,5,1:11.062,NaN,NaN
2004,9,ralf_schumacher,Ralf Schumacher,williams,Williams,4,6,1:11.106,NaN,NaN
2004,9,raikkonen,Kimi Räikkönen,mclaren,McLaren,6,7,1:11.137,NaN,NaN
2004,9,panis,Olivier Panis,toyota,Toyota,17,8,1:11.167,NaN,NaN
2004,9,alonso,Fernando Alonso,renault,Renault,8,9,1:11.185,NaN,NaN
2004,9,webber,Mark Webber,jaguar,Jaguar,14,10,1:11.286,NaN,NaN
2004,9,matta,Cristiano da Matta,toyota,Toyota,16,11,1:11.691,NaN,NaN
2004,9,coulthard,David Coulthard,mclaren,McLaren,5,12,1:12.026,NaN,NaN
2004,9,klien,Christian Klien,jaguar,Jaguar,15,13,1:12.170,NaN,NaN
2004,9,fisichella,Giancarlo Fisichella,sauber,Sauber,11,14,1:12.470,NaN,NaN
2004,9,massa,Felipe Massa,sauber,Sauber,12,15,1:12.721,NaN,NaN
2004,9,heidfeld,Nick Heidfeld,jordan,Jordan,18,16,1:13.147,NaN,NaN
2004,9,pantano,Giorgio Pantano,jordan,Jordan,19,17,1:13.375,NaN,NaN
2004,9,bruni,Gianmaria Bruni,minardi,Minardi,20,18,1:14.010,NaN,NaN
2004,9,baumgartner,Zsolt Baumgartner,minardi,Minardi,21,19,1:14.812,NaN,NaN
2004,9,trulli,Jarno Trulli,renault,Renault,7,20,,NaN,NaN
2004,10,alonso,Fernando Alonso,renault,Renault,8,1,1:13.698,NaN,NaN
2004,10,michael_schumacher,Michael Schumacher,ferrari,Ferrari,1,2,1:13.971,NaN,NaN
2004,10,coulthard,David Coulthard,mclaren,McLaren,5,3,1:13.987,NaN,NaN
2004,10,button,Jenson Button,bar,BAR,9,4,1:13.995,NaN,NaN
2004,10,trulli,Jarno Trulli,renault,Renault,7,5,1:14.070,NaN,NaN
2004,10,montoya,Juan Pablo Montoya,williams,Williams,3,6,1:14.172,NaN,NaN
2004,10,sato,Takuma Sato,bar,BAR,10,7,1:14.240,NaN,NaN
2004,10,gene,Marc Gené,williams,Williams,4,8,1:14.275,NaN,NaN
2004,10,raikkonen,Kimi Räikkönen,mclaren,McLaren,6,9,1:14.346,NaN,NaN
2004,10,barrichello,Rubens Barrichello,ferrari,Ferrari,2,10,1:14.478,NaN,NaN
2004,10,matta,Cristiano da Matta,toyota,Toyota,16,11,1:14.553,NaN,NaN
2004,10,webber,Mark Webber,jaguar,Jaguar,14,12,1:14.798,NaN,NaN
2004,10,klien,Christian Klien,jaguar,Jaguar,15,13,1:15.065,NaN,NaN
2004,10,panis,Olivier Panis,toyota,Toyota,17,14,1:15.130,NaN,NaN
2004,10,fisichella,Giancarlo Fisichella,sauber,Sauber,11,15,1:16.177,NaN,NaN
2004,10,massa,Felipe Massa,sauber,Sauber,12,16,1:16.200,NaN,NaN
2004,10,heidfeld,Nick Heidfeld,jordan,Jordan,18,17,1:16.807,NaN,NaN
2004,10,pantano,Giorgio Pantano,jordan,Jordan,19,18,1:17.462,NaN,NaN
2004,10,bruni,Gianmaria Bruni,minardi,Minardi,20,19,1:17.913,NaN,NaN
2004,10,baumgartner,Zsolt Baumgartner,minardi,Minardi,21,20,1:18.247,NaN,NaN
2004,11,raikkonen,Kimi Räikkönen,mclaren,McLaren,6,1,1:18.233,NaN,NaN
2004,11,barrichello,Rubens Barrichello,ferrari,Ferrari,2,2,1:18.305,NaN,NaN
2004,11,button,Jenson Button,bar,BAR,9,3,1:18.580,NaN,NaN
2004,11,michael_schumacher,Michael Schumacher,ferrari,Ferrari,1,4,1:18.710,NaN,NaN
2004,11,trulli,Jarno Trulli,renault,Renault,7,5,1:18.715,NaN,NaN
2004,11,alonso,Fernando Alonso,renault,Renault,8,6,1:18.811,NaN,NaN
2004,11,coulthard,David Coulthard,mclaren,McLaren,5,7,1:19.148,NaN,NaN
2004,11,montoya,Juan Pablo Montoya,williams,Williams,3,8,1:19.378,NaN,NaN
2004,11,sato,Takuma Sato,bar,BAR,10,9,1:19.688,NaN,NaN
2004,11,webber,Mark Webber,jaguar,Jaguar,14,10,1:20.004,NaN,NaN
2004,11,massa,Felipe Massa,sauber,Sauber,12,11,1:20.202,NaN,NaN
2004,11,panis,Olivier Panis,toyota,Toyota,17,12,1:20.335,NaN,NaN
2004,11,gene,Marc Gené,williams,Williams,4,13,1:20.335,NaN,NaN
2004,11,matta,Cristiano da Matta,toyota,Toyota,16,14,1:20.545,NaN,NaN
2004,11,klien,Christian Klien,jaguar,Jaguar,15,15,1:21.559,NaN,NaN
2004,11,pantano,Giorgio Pantano,jordan,Jordan,19,16,1:22.458,NaN,NaN
2004,11,heidfeld,Nick Heidfeld,jordan,Jordan,18,17,1:22.677,NaN,NaN
2004,11,bruni,Gianmaria Bruni,minardi,Minardi,20,18,1:23.437,NaN,NaN
2004,11,baumgartner,Zsolt Baumgartner,minardi,Minardi,21,19,1:24.117,NaN,NaN
2004,11,fisichella,Giancarlo Fisichella,sauber,Sauber,11,20,,NaN,NaN
2004,12,michael_schumacher,Michael Schumacher,ferrari,Ferrari,1,1,1:13.306,NaN,NaN
2004,12,montoya,Juan Pablo Montoya,williams,Williams,3,2,1:13.668,NaN,NaN
2004,12,button,Jenson Button,bar,BAR,9,3,1:13.674,NaN,NaN
2004,12,raikkonen,Kimi Räikkönen,mclaren,McLaren,6,4,1:13.690,NaN,NaN
2004,12,coulthard,David Coulthard,mclaren,McLaren,5,5,1:13.821,NaN,NaN
2004,12,alonso,Fernando Alonso,renault,Renault,8,6,1:13.874,NaN,NaN
2004,12,trulli,Jarno Trulli,renault,Renault,7,7,1:14.134,NaN,NaN
2004,12,barrichello,Rubens Barrichello,ferrari,Ferrari,2,8,1:14.278,NaN,NaN
2004,12,sato,Takuma Sato,bar,BAR,10,9,1:14.287,NaN,NaN
2004,12,panis,Olivier Panis,toyota,Toyota,17,10,1:14.368,NaN,NaN
2004,12,pizzonia,Antônio Pizzonia,williams,Williams,4,11,1:14.556,NaN,NaN
2004,12,webber,Mark Webber,jaguar,Jaguar,14,12,1:14.802,NaN,NaN
2004,12,klien,Christian Klien,jaguar,Jaguar,15,13,1:15.011,NaN,NaN
2004,12,fisichella,Giancarlo Fisichella,sauber,Sauber,11,14,1:15.395,NaN,NaN
2004,12,matta,Cristiano da Matta,toyota,Toyota,16,15,1:15.454,NaN,NaN
2004,12,massa,Felipe Massa,sauber,Sauber,12,16,1:15.616,NaN,NaN
2004,12,pantano,Giorgio Pantano,jordan,Jordan,19,17,1:16.192,NaN,NaN
2004,12,heidfeld,Nick Heidfeld,jordan,Jordan,18,18,1:16.310,NaN,NaN
2004,12,bruni,Gianmaria Bruni,minardi,Minardi,20,19,1:18.055,NaN,NaN
2004,12,baumgartner,Zsolt Baumgartner,minardi,Minardi,21,20,1:18.400,NaN,NaN
2004,13,michael_schumacher,Michael Schumacher,ferrari,Ferrari,1,1,1:19.146,NaN,NaN
2004,13,barrichello,Rubens Barrichello,ferrari,Ferrari,2,2,1:19.323,NaN,NaN
2004,13,sato,Takuma Sato,bar,BAR,10,3,1:19.693,NaN,NaN
2004,13,button,Jenson Button,bar,BAR,9,4,1:19.700,NaN,NaN
2004,13,alonso,Fernando Alonso,renault,Renault,8,5,1:19.996,NaN,NaN
2004,13,pizzonia,Antônio Pizzonia,williams,Williams,4,6,1:20.170,NaN,NaN
2004,13,montoya,Juan Pablo Montoya,williams,Williams,3,7,1:20.199,NaN,NaN
2004,13,fisichella,Giancarlo Fisichella,sauber,Sauber,11,8,1:20.324,NaN,NaN
2004,13,trulli,Jarno Trulli,renault,Renault,7,9,1:20.411,NaN,NaN
2004,13,raikkonen,Kimi Räikkönen,mclaren,McLaren,6,10,1:20.570,NaN,NaN
2004,13,webber,Mark Webber,jaguar,Jaguar,14,11,1:20.730,NaN,NaN
2004,13,coulthard,David Coulthard,mclaren,McLaren,5,12,1:20.897,NaN,NaN
2004,13,panis,Olivier Panis,toyota,Toyota,17,13,1:21.068,NaN,NaN
2004,13,klien,Christian Klien,jaguar,Jaguar,15,14,1:21.118,NaN,NaN
2004,13,zonta,Ricardo Zonta,toyota,Toyota,16,15,1:21.135,NaN,NaN
2004,13,heidfeld,Nick Heidfeld,jordan,Jordan,18,16,1:22.180,NaN,NaN
2004,13,pantano,Giorgio Pantano,jordan,Jordan,19,17,1:22.356,NaN,NaN
2004,13,baumgartner,Zsolt Baumgartner,minardi,Minardi,21,18,1:24.329,NaN,NaN
2004,13,bruni,Gianmaria Bruni,minardi,Minardi,20,19,1:24.679,NaN,NaN
2004,13,massa,Felipe Massa,sauber,Sauber,12,20,,NaN,NaN
2004,14,trulli,Jarno Trulli,renault,Renault,7,1,1:56.232,NaN,NaN
2004,14,michael_schumacher,Michael Schumacher,ferrari,Ferrari,1,2,1:56.304,NaN,NaN
2004,14,alonso,Fernando Alonso,renault,Renault,8,3,1:56.686,NaN,NaN
2004,14,coulthard,David Coulthard,mclaren,McLaren,5,4,1:57.990,NaN,NaN
2004,14,fisichella,Giancarlo Fisichella,sauber,Sauber,11,5,1:58.040,NaN,NaN
2004,14,barrichello,Rubens Barrichello,ferrari,Ferrari,2,6,1:58.175,NaN,NaN
2004,14,webber,Mark Webber,jaguar,Jaguar,14,7,1:58.729,NaN,NaN
2004,14,massa,Felipe Massa,sauber,Sauber,12,8,1:59.008,NaN,NaN
2004,14,panis,Olivier Panis,toyota,Toyota,17,9,1:59.552,NaN,NaN
2004,14,raikkonen,Kimi Räikkönen,mclaren,McLaren,6,10,1:59.635,NaN,NaN
2004,14,montoya,Juan Pablo Montoya,williams,Williams,3,11,1:59.681,NaN,NaN
2004,14,button,Jenson Button,bar,BAR,9,12,2:00.237,NaN,NaN
2004,14,klien,Christian Klien,jaguar,Jaguar,15,13,2:01.246,NaN,NaN
2004,14,pizzonia,Antônio Pizzonia,williams,Williams,4,14,2:01.447,NaN,NaN
2004,14,sato,Takuma Sato,bar,BAR,10,15,2:01.813,NaN,NaN
2004,14,heidfeld,Nick Heidfeld,jordan,Jordan,18,16,2:02.645,NaN,NaN
2004,14,bruni,Gianmaria Bruni,minardi,Minardi,20,17,2:02.651,NaN,NaN
2004,14,baumgartner,Zsolt Baumgartner,minardi,Minardi,21,18,2:03.303,NaN,NaN
2004,14,pantano,Giorgio Pantano,jordan,Jordan,19,19,2:03.833,NaN,NaN
2004,14,zonta,Ricardo Zonta,toyota,Toyota,16,20,2:03.895,NaN,NaN
2004,15,barrichello,Rubens Barrichello,ferrari,Ferrari,2,1,1:20.089,NaN,NaN
2004,15,montoya,Juan Pablo Montoya,williams,Williams,3,2,1:20.620,NaN,NaN
2004,15,michael_schumacher,Michael Schumacher,ferrari,Ferrari,1,3,1:20.637,NaN,NaN
2004,15,alonso,Fernando Alonso,renault,Renault,8,4,1:20.645,NaN,NaN
2004,15,sato,Takuma Sato,bar,BAR,10,5,1:20.715,NaN,NaN
2004,15,button,Jenson Button,bar,BAR,9,6,1:20.786,NaN,NaN
2004,15,raikkonen,Kimi Räikkönen,mclaren,McLaren,6,7,1:20.877,NaN,NaN
2004,15,pizzonia,Antônio Pizzonia,williams,Williams,4,8,1:20.888,NaN,NaN
2004,15,trulli,Jarno Trulli,renault,Renault,7,9,1:21.027,NaN,NaN
2004,15,coulthard,David Coulthard,mclaren,McLaren,5,10,1:21.049,NaN,NaN
2004,15,zonta,Ricardo Zonta,toyota,Toyota,16,11,1:21.520,NaN,NaN
2004,15,webber,Mark Webber,jaguar,Jaguar,14,12,1:21.602,NaN,NaN
2004,15,panis,Olivier Panis,toyota,Toyota,17,13,1:21.841,NaN,NaN
2004,15,klien,Christian Klien,jaguar,Jaguar,15,14,1:21.989,NaN,NaN
2004,15,fisichella,Giancarlo Fisichella,sauber,Sauber,11,15,1:22.239,NaN,NaN
2004,15,massa,Felipe Massa,sauber,Sauber,12,16,1:22.287,NaN,NaN
2004,15,heidfeld,Nick Heidfeld,jordan,Jordan,18,17,1:22.301,NaN,NaN
2004,15,pantano,Giorgio Pantano,jordan,Jordan,19,18,1:23.239,NaN,NaN
2004,15,baumgartner,Zsolt Baumgartner,minardi,Minardi,20,19,1:24.808,NaN,NaN
2004,15,bruni,Gianmaria Bruni,minardi,Minardi,21,20,1:24.910,NaN,NaN
2004,16,barrichello,Rubens Barrichello,ferrari,Ferrari,2,1,1:34.012,NaN,NaN
2004,16,raikkonen,Kimi Räikkönen,mclaren,McLaren,6,2,1:34.178,NaN,NaN
2004,16,button,Jenson Button,bar,BAR,9,3,1:34.295,NaN,NaN
2004,16,massa,Felipe Massa,sauber,Sauber,12,4,1:34.759,NaN,NaN
2004,16,ralf_schumacher,Ralf Schumacher,williams,Williams,4,5,1:34.891,NaN,NaN
2004,16,alonso,Fernando Alonso,renault,Renault,8,6,1:34.917,NaN,NaN
2004,16,fisichella,Giancarlo Fisichella,sauber,Sauber,11,7,1:34.951,NaN,NaN
2004,16,panis,Olivier Panis,toyota,Toyota,17,8,1:34.975,NaN,NaN
2004,16,sato,Takuma Sato,bar,BAR,10,9,1:34.993,NaN,NaN
2004,16,coulthard,David Coulthard,mclaren,McLaren,5,10,1:35.029,NaN,NaN
2004,16,montoya,Juan Pablo Montoya,williams,Williams,3,11,1:35.245,NaN,NaN
2004,16,webber,Mark Webber,jaguar,Jaguar,14,12,1:35.286,NaN,NaN
2004,16,villeneuve,Jacques Villeneuve,renault,Renault,7,13,1:35.384,NaN,NaN
2004,16,zonta,Ricardo Zonta,toyota,Toyota,16,14,1:35.410,NaN,NaN
2004,16,heidfeld,Nick Heidfeld,jordan,Jordan,18,15,1:36.507,NaN,NaN
2004,16,klien,Christian Klien,jaguar,Jaguar,15,16,1:36.535,NaN,NaN
2004,16,glock,Timo Glock,jordan,Jordan,19,17,1:37.140,NaN,NaN
2004,16,baumgartner,Zsolt Baumgartner,minardi,Minardi,21,18,1:40.240,NaN,NaN
2004,16,bruni,Gianmaria Bruni,minardi,Minardi,20,19,,NaN,NaN
2004,16,michael_schumacher,Michael Schumacher,ferrari,Ferrari,1,20,,NaN,NaN
2004,17,michael_schumacher,Michael Schumacher,ferrari,Ferrari,1,1,1:33.542,NaN,NaN
2004,17,ralf_schumacher,Ralf Schumacher,williams,Williams,4,2,1:34.032,NaN,NaN
2004,17,webber,Mark Webber,jaguar,Jaguar,14,3,1:34.571,NaN,NaN
2004,17,sato,Takuma Sato,bar,BAR,10,4,1:34.897,NaN,NaN
2004,17,button,Jenson Button,bar,BAR,9,5,1:35.157,NaN,NaN
2004,17,trulli,Jarno Trulli,toyota,Toyota,16,6,1:35.213,NaN,NaN
2004,17,fisichella,Giancarlo Fisichella,sauber,Sauber,11,7,1:36.136,NaN,NaN
2004,17,coulthard,David Coulthard,mclaren,McLaren,5,8,1:36.156,NaN,NaN
2004,17,villeneuve,Jacques Villeneuve,renault,Renault,7,9,1:36.274,NaN,NaN
2004,17,panis,Olivier Panis,toyota,Toyota,17,10,1:36.420,NaN,NaN
2004,17,alonso,Fernando Alonso,renault,Renault,8,11,1:36.663,NaN,NaN
2004,17,raikkonen,Kimi Räikkönen,mclaren,McLaren,6,12,1:36.820,NaN,NaN
2004,17,montoya,Juan Pablo Montoya,williams,Williams,3,13,1:37.653,NaN,NaN
2004,17,klien,Christian Klien,jaguar,Jaguar,15,14,1:38.258,NaN,NaN
2004,17,barrichello,Rubens Barrichello,ferrari,Ferrari,2,15,1:38.637,NaN,NaN
2004,17,heidfeld,Nick Heidfeld,jordan,Jordan,18,16,1:41.953,NaN,NaN
2004,17,glock,Timo Glock,jordan,Jordan,19,17,1:43.533,NaN,NaN
2004,17,bruni,Gianmaria Bruni,minardi,Minardi,20,18,1:48.069,NaN,NaN
2004,17,baumgartner,Zsolt Baumgartner,minardi,Minardi,21,19,,NaN,NaN
2004,17,massa,Felipe Massa,sauber,Sauber,12,20,,NaN,NaN
2004,18,barrichello,Rubens Barrichello,ferrari,Ferrari,2,1,1:10.646,NaN,NaN
2004,18,montoya,Juan Pablo Montoya,williams,Williams,3,2,1:10.850,NaN,NaN
2004,18,raikkonen,Kimi Räikkönen,mclaren,McLaren,6,3,1:10.892,NaN,NaN
2004,18,massa,Felipe Massa,sauber,Sauber,12,4,1:10.922,NaN,NaN
2004,18,button,Jenson Button,bar,BAR,9,5,1:11.092,NaN,NaN
2004,18,sato,Takuma Sato,bar,BAR,10,6,1:11.120,NaN,NaN
2004,18,ralf_schumacher,Ralf Schumacher,williams,Williams,4,7,1:11.131,NaN,NaN
2004,18,michael_schumacher,Michael Schumacher,ferrari,Ferrari,1,8,1:11.386,NaN,NaN
2004,18,alonso,Fernando Alonso,renault,Renault,8,9,1:11.454,NaN,NaN
2004,18,trulli,Jarno Trulli,toyota,Toyota,16,10,1:11.483,NaN,NaN
2004,18,fisichella,Giancarlo Fisichella,sauber,Sauber,11,11,1:11.571,NaN,NaN
2004,18,webber,Mark Webber,jaguar,Jaguar,14,12,1:11.665,NaN,NaN
2004,18,coulthard,David Coulthard,mclaren,McLaren,5,13,1:11.750,NaN,NaN
2004,18,villeneuve,Jacques Villeneuve,renault,Renault,7,14,1:11.836,NaN,NaN
2004,18,zonta,Ricardo Zonta,toyota,Toyota,17,15,1:11.974,NaN,NaN
2004,18,klien,Christian Klien,jaguar,Jaguar,15,16,1:12.211,NaN,NaN
2004,18,heidfeld,Nick Heidfeld,jordan,Jordan,18,17,1:12.829,NaN,NaN
2004,18,glock,Timo Glock,jordan,Jordan,19,18,1:13.502,NaN,NaN
2004,18,baumgartner,Zsolt Baumgartner,minardi,Minardi,21,19,1:13.550,NaN,NaN
2004,18,bruni,Gianmaria Bruni,minardi,Minardi,20,20,,NaN,NaN
2005,1,fisichella,Giancarlo Fisichella,renault,Renault,6,1,1:33.171,1:28.289,NaN
2005,1,trulli,Jarno Trulli,toyota,Toyota,16,2,1:35.270,1:29.159,NaN
2005,1,webber,Mark Webber,williams,Williams,7,3,1:36.717,1:28.279,NaN
2005,1,villeneuve,Jacques Villeneuve,sauber,Sauber,11,4,1:36.984,1:29.862,NaN
2005,1,coulthard,David Coulthard,red_bull,Red Bull,14,5,1:38.320,1:28.892,NaN
2005,1,klien,Christian Klien,red_bull,Red Bull,15,6,1:37.486,1:29.991,NaN
2005,1,heidfeld,Nick Heidfeld,williams,Williams,8,7,1:39.717,1:29.413,NaN
2005,1,button,Jenson Button,bar,BAR,3,8,1:41.512,1:30.616,NaN
2005,1,montoya,Juan Pablo Montoya,mclaren,McLaren,10,9,1:45.325,1:29.320,NaN
2005,1,raikkonen,Kimi Räikkönen,mclaren,McLaren,9,10,1:44.997,1:30.561,NaN
2005,1,barrichello,Rubens Barrichello,ferrari,Ferrari,2,11,1:45.481,1:31.341,NaN
2005,1,karthikeyan,Narain Karthikeyan,jordan,Jordan,19,12,1:44.357,1:32.735,NaN
2005,1,alonso,Fernando Alonso,renault,Renault,5,13,1:47.708,1:29.758,NaN
2005,1,monteiro,Tiago Monteiro,jordan,Jordan,18,14,1:46.846,1:33.483,NaN
2005,1,ralf_schumacher,Ralf Schumacher,toyota,Toyota,17,15,1:51.495,1:31.222,NaN
2005,1,friesacher,Patrick Friesacher,minardi,Minardi,20,16,1:50.864,1:37.499,NaN
2005,1,albers,Christijan Albers,minardi,Minardi,21,17,1:49.230,NaN,NaN
2005,1,michael_schumacher,Michael Schumacher,ferrari,Ferrari,1,18,1:57.931,NaN,NaN
2005,1,sato,Takuma Sato,bar,BAR,4,19,,NaN,NaN
2005,1,massa,Felipe Massa,sauber,Sauber,12,20,,NaN,NaN
2005,2,alonso,Fernando Alonso,renault,Renault,5,1,1:32.582,1:35.090,NaN
2005,2,trulli,Jarno Trulli,toyota,Toyota,16,2,1:32.672,1:35.253,NaN
2005,2,fisichella,Giancarlo Fisichella,renault,Renault,6,3,1:32.765,1:35.683,NaN
2005,2,webber,Mark Webber,williams,Williams,7,4,1:33.204,1:35.700,NaN
2005,2,ralf_schumacher,Ralf Schumacher,toyota,Toyota,17,5,1:33.106,1:35.901,NaN
2005,2,raikkonen,Kimi Räikkönen,mclaren,McLaren,9,6,1:32.839,1:36.644,NaN
2005,2,klien,Christian Klien,red_bull,Red Bull,15,7,1:33.724,1:35.865,NaN
2005,2,coulthard,David Coulthard,red_bull,Red Bull,14,8,1:33.809,1:35.891,NaN
2005,2,button,Jenson Button,bar,BAR,3,9,1:33.616,1:36.216,NaN
2005,2,heidfeld,Nick Heidfeld,williams,Williams,8,10,1:33.464,1:36.453,NaN
2005,2,montoya,Juan Pablo Montoya,mclaren,McLaren,10,11,1:33.333,1:36.757,NaN
2005,2,barrichello,Rubens Barrichello,ferrari,Ferrari,2,12,1:34.162,1:37.340,NaN
2005,2,michael_schumacher,Michael Schumacher,ferrari,Ferrari,1,13,1:34.072,1:37.561,NaN
2005,2,massa,Felipe Massa,sauber,Sauber,12,14,1:34.151,1:37.733,NaN
2005,2,davidson,Anthony Davidson,bar,BAR,4,15,1:34.866,1:37.024,NaN
2005,2,villeneuve,Jacques Villeneuve,sauber,Sauber,11,16,1:34.887,1:38.108,NaN
2005,2,karthikeyan,Narain Karthikeyan,jordan,Jordan,19,17,1:37.806,1:39.850,NaN
2005,2,monteiro,Tiago Monteiro,jordan,Jordan,18,18,1:37.856,1:40.106,NaN
2005,2,friesacher,Patrick Friesacher,minardi,Minardi,20,19,1:39.268,1:41.918,NaN
2005,2,albers,Christijan Albers,minardi,Minardi,21,20,1:40.432,1:42.569,NaN
2005,3,alonso,Fernando Alonso,renault,Renault,5,1,1:29.848,1:32.054,NaN
2005,3,michael_schumacher,Michael Schumacher,ferrari,Ferrari,1,2,1:30.237,1:32.120,NaN
2005,3,trulli,Jarno Trulli,toyota,Toyota,16,3,1:29.993,1:32.667,NaN
2005,3,heidfeld,Nick Heidfeld,williams,Williams,8,4,1:30.390,1:32.827,NaN
2005,3,webber,Mark Webber,williams,Williams,7,5,1:30.592,1:32.670,NaN
2005,3,ralf_schumacher,Ralf Schumacher,toyota,Toyota,17,6,1:30.952,1:32.319,NaN
2005,3,klien,Christian Klien,red_bull,Red Bull,15,7,1:30.646,1:32.723,NaN
2005,3,rosa,Pedro de la Rosa,mclaren,McLaren,10,8,1:30.725,1:32.648,NaN
2005,3,raikkonen,Kimi Räikkönen,mclaren,McLaren,9,9,1:30.594,1:32.930,NaN
2005,3,fisichella,Giancarlo Fisichella,renault,Renault,6,10,1:30.445,1:33.320,NaN
2005,3,button,Jenson Button,bar,BAR,3,11,1:30.957,1:33.391,NaN
2005,3,massa,Felipe Massa,sauber,Sauber,12,12,1:30.933,1:34.269,NaN
2005,3,sato,Takuma Sato,bar,BAR,4,13,1:31.113,1:34.450,NaN
2005,3,coulthard,David Coulthard,red_bull,Red Bull,14,14,1:31.211,1:34.633,NaN
2005,3,barrichello,Rubens Barrichello,ferrari,Ferrari,2,15,1:31.826,1:35.867,NaN
2005,3,villeneuve,Jacques Villeneuve,sauber,Sauber,11,16,1:32.318,1:35.665,NaN
2005,3,monteiro,Tiago Monteiro,jordan,Jordan,18,17,1:33.424,1:36.004,NaN
2005,3,karthikeyan,Narain Karthikeyan,jordan,Jordan,19,18,1:33.190,1:36.953,NaN
2005,3,albers,Christijan Albers,minardi,Minardi,21,19,1:34.005,1:36.417,NaN
2005,3,friesacher,Patrick Friesacher,minardi,Minardi,20,20,1:34.848,1:36.413,NaN
2005,4,raikkonen,Kimi Räikkönen,mclaren,McLaren,9,1,1:19.886,1:22.994,NaN
2005,4,alonso,Fernando Alonso,renault,Renault,5,2,1:19.889,1:23.552,NaN
2005,4,button,Jenson Button,bar,BAR,3,3,1:20.464,1:23.641,NaN
2005,4,webber,Mark Webber,williams,Williams,7,4,1:20.442,1:24.069,NaN
2005,4,trulli,Jarno Trulli,toyota,Toyota,16,5,1:20.492,1:24.026,NaN
2005,4,sato,Takuma Sato,bar,BAR,4,6,1:20.851,1:23.807,NaN
2005,4,wurz,Alexander Wurz,mclaren,McLaren,10,7,1:20.632,1:24.057,NaN
2005,4,massa,Felipe Massa,sauber,Sauber,12,8,1:20.593,1:24.337,NaN
2005,4,heidfeld,Nick Heidfeld,williams,Williams,8,9,1:20.807,1:24.389,NaN
2005,4,barrichello,Rubens Barrichello,ferrari,Ferrari,2,10,1:20.892,1:24.351,NaN
2005,4,ralf_schumacher,Ralf Schumacher,toyota,Toyota,17,11,1:20.994,1:24.422,NaN
2005,4,villeneuve,Jacques Villeneuve,sauber,Sauber,11,12,1:20.999,1:25.260,NaN
2005,4,fisichella,Giancarlo Fisichella,renault,Renault,6,13,1:21.708,1:25.002,NaN
2005,4,michael_schumacher,Michael Schumacher,ferrari,Ferrari,1,14,1:20.260,1:26.984,NaN
2005,4,coulthard,David Coulthard,red_bull,Red Bull,14,15,1:21.632,1:26.438,NaN
2005,4,liuzzi,Vitantonio Liuzzi,red_bull,Red Bull,15,16,1:21.804,1:26.351,NaN
2005,4,karthikeyan,Narain Karthikeyan,jordan,Jordan,19,17,1:23.123,1:28.976,NaN
2005,4,monteiro,Tiago Monteiro,jordan,Jordan,18,18,1:25.100,1:29.152,NaN
2005,4,friesacher,Patrick Friesacher,minardi,Minardi,20,19,1:26.484,1:30.564,NaN
2005,4,albers,Christijan Albers,minardi,Minardi,21,20,1:25.921,NaN,NaN
2005,5,raikkonen,Kimi Räikkönen,mclaren,McLaren,9,1,1:14.819,1:16.602,NaN
2005,5,webber,Mark Webber,williams,Williams,7,2,1:15.042,1:16.626,NaN
2005,5,alonso,Fernando Alonso,renault,Renault,5,3,1:14.811,1:16.880,NaN
2005,5,ralf_schumacher,Ralf Schumacher,toyota,Toyota,17,4,1:14.870,1:17.047,NaN
2005,5,trulli,Jarno Trulli,toyota,Toyota,16,5,1:14.795,1:17.200,NaN
2005,5,fisichella,Giancarlo Fisichella,renault,Renault,6,6,1:15.601,1:17.229,NaN
2005,5,montoya,Juan Pablo Montoya,mclaren,McLaren,10,7,1:15.902,1:17.570,NaN
2005,5,michael_schumacher,Michael Schumacher,ferrari,Ferrari,1,8,1:15.398,1:18.153,NaN
2005,5,coulthard,David Coulthard,red_bull,Red Bull,14,9,1:15.795,1:18.373,NaN
2005,5,massa,Felipe Massa,sauber,Sauber,12,10,1:15.863,1:18.361,NaN
2005,5,liuzzi,Vitantonio Liuzzi,red_bull,Red Bull,15,11,1:16.288,1:19.014,NaN
2005,5,villeneuve,Jacques Villeneuve,sauber,Sauber,11,12,1:16.794,1:19.686,NaN
2005,5,karthikeyan,Narain Karthikeyan,jordan,Jordan,19,13,1:18.557,1:20.711,NaN
2005,5,monteiro,Tiago Monteiro,jordan,Jordan,18,14,1:19.040,1:20.903,NaN
2005,5,albers,Christijan Albers,minardi,Minardi,21,15,1:19.563,1:21.578,NaN
2005,5,friesacher,Patrick Friesacher,minardi,Minardi,20,16,1:20.306,1:22.453,NaN
2005,5,heidfeld,Nick Heidfeld,williams,Williams,8,17,1:15.038,NaN,NaN
2005,5,barrichello,Rubens Barrichello,ferrari,Ferrari,2,18,1:15.746,NaN,NaN
2005,6,raikkonen,Kimi Räikkönen,mclaren,McLaren,9,1,1:13.644,1:16.681,NaN
2005,6,alonso,Fernando Alonso,renault,Renault,5,2,1:14.125,1:16.281,NaN
2005,6,webber,Mark Webber,williams,Williams,7,3,1:14.584,1:17.072,NaN
2005,6,fisichella,Giancarlo Fisichella,renault,Renault,6,4,1:14.783,1:17.317,NaN
2005,6,trulli,Jarno Trulli,toyota,Toyota,16,5,1:15.189,1:17.401,NaN
2005,6,heidfeld,Nick Heidfeld,williams,Williams,8,6,1:15.128,1:17.755,NaN
2005,6,coulthard,David Coulthard,red_bull,Red Bull,14,7,1:15.329,1:18.538,NaN
2005,6,michael_schumacher,Michael Schumacher,ferrari,Ferrari,1,8,1:16.186,1:18.550,NaN
2005,6,villeneuve,Jacques Villeneuve,sauber,Sauber,11,9,1:15.921,1:19.015,NaN
2005,6,barrichello,Rubens Barrichello,ferrari,Ferrari,2,10,1:16.142,1:18.841,NaN
2005,6,massa,Felipe Massa,sauber,Sauber,12,11,1:16.218,1:18.902,NaN
2005,6,liuzzi,Vitantonio Liuzzi,red_bull,Red Bull,15,12,1:16.817,1:20.335,NaN
2005,6,friesacher,Patrick Friesacher,minardi,Minardi,20,13,1:18.574,1:22.236,NaN
2005,6,albers,Christijan Albers,minardi,Minardi,21,14,1:19.229,1:22.977,NaN
2005,6,monteiro,Tiago Monteiro,jordan,Jordan,18,15,1:19.408,1:23.670,NaN
2005,6,montoya,Juan Pablo Montoya,mclaren,McLaren,10,16,1:14.858,NaN,NaN
2005,6,karthikeyan,Narain Karthikeyan,jordan,Jordan,19,17,1:19.474,1:23.948,NaN
2005,6,ralf_schumacher,Ralf Schumacher,toyota,Toyota,17,18,,NaN,NaN
2005,7,heidfeld,Nick Heidfeld,williams,Williams,8,1,1:30.081,NaN,NaN
2005,7,raikkonen,Kimi Räikkönen,mclaren,McLaren,9,2,1:30.197,NaN,NaN
2005,7,webber,Mark Webber,williams,Williams,7,3,1:30.368,NaN,NaN
2005,7,trulli,Jarno Trulli,toyota,Toyota,16,4,1:30.700,NaN,NaN
2005,7,montoya,Juan Pablo Montoya,mclaren,McLaren,10,5,1:30.890,NaN,NaN
2005,7,alonso,Fernando Alonso,renault,Renault,5,6,1:31.056,NaN,NaN
2005,7,barrichello,Rubens Barrichello,ferrari,Ferrari,2,7,1:31.249,NaN,NaN
2005,7,ralf_schumacher,Ralf Schumacher,toyota,Toyota,17,8,1:31.392,NaN,NaN
2005,7,fisichella,Giancarlo Fisichella,renault,Renault,6,9,1:31.566,NaN,NaN
2005,7,michael_schumacher,Michael Schumacher,ferrari,Ferrari,1,10,1:31.585,NaN,NaN
2005,7,massa,Felipe Massa,sauber,Sauber,12,11,1:32.205,NaN,NaN
2005,7,coulthard,David Coulthard,red_bull,Red Bull,14,12,1:32.553,NaN,NaN
2005,7,button,Jenson Button,bar,BAR,3,13,1:32.594,NaN,NaN
2005,7,liuzzi,Vitantonio Liuzzi,red_bull,Red Bull,15,14,1:32.642,NaN,NaN
2005,7,villeneuve,Jacques Villeneuve,sauber,Sauber,11,15,1:32.891,NaN,NaN
2005,7,sato,Takuma Sato,bar,BAR,4,16,1:32.926,NaN,NaN
2005,7,monteiro,Tiago Monteiro,jordan,Jordan,18,17,1:35.047,NaN,NaN
2005,7,friesacher,Patrick Friesacher,minardi,Minardi,20,18,1:35.954,NaN,NaN
2005,7,karthikeyan,Narain Karthikeyan,jordan,Jordan,19,19,1:36.192,NaN,NaN
2005,7,albers,Christijan Albers,minardi,Minardi,21,20,1:36.239,NaN,NaN
2005,8,button,Jenson Button,bar,BAR,3,1,1:15.217,NaN,NaN
2005,8,michael_schumacher,Michael Schumacher,ferrari,Ferrari,1,2,1:15.475,NaN,NaN
2005,8,alonso,Fernando Alonso,renault,Renault,5,3,1:15.561,NaN,NaN
2005,8,fisichella,Giancarlo Fisichella,renault,Renault,6,4,1:15.577,NaN,NaN
2005,8,montoya,Juan Pablo Montoya,mclaren,McLaren,10,5,1:15.669,NaN,NaN
2005,8,sato,Takuma Sato,bar,BAR,4,6,1:15.729,NaN,NaN
2005,8,raikkonen,Kimi Räikkönen,mclaren,McLaren,9,7,1:15.923,NaN,NaN
2005,8,villeneuve,Jacques Villeneuve,sauber,Sauber,11,8,1:16.116,NaN,NaN
2005,8,trulli,Jarno Trulli,toyota,Toyota,16,9,1:16.201,NaN,NaN
2005,8,ralf_schumacher,Ralf Schumacher,toyota,Toyota,17,10,1:16.362,NaN,NaN
2005,8,massa,Felipe Massa,sauber,Sauber,12,11,1:16.661,NaN,NaN
2005,8,coulthard,David Coulthard,red_bull,Red Bull,14,12,1:16.890,NaN,NaN
2005,8,heidfeld,Nick Heidfeld,williams,Williams,8,13,1:17.081,NaN,NaN
2005,8,webber,Mark Webber,williams,Williams,7,14,1:17.749,NaN,NaN
2005,8,albers,Christijan Albers,minardi,Minardi,21,15,1:18.214,NaN,NaN
2005,8,klien,Christian Klien,red_bull,Red Bull,15,16,1:18.249,NaN,NaN
2005,8,karthikeyan,Narain Karthikeyan,jordan,Jordan,19,17,1:18.664,NaN,NaN
2005,8,monteiro,Tiago Monteiro,jordan,Jordan,18,18,1:19.034,NaN,NaN
2005,8,friesacher,Patrick Friesacher,minardi,Minardi,20,19,1:19.574,NaN,NaN
2005,8,barrichello,Rubens Barrichello,ferrari,Ferrari,2,20,,NaN,NaN
2005,9,trulli,Jarno Trulli,toyota,Toyota,16,1,1:10.625,NaN,NaN
2005,9,raikkonen,Kimi Räikkönen,mclaren,McLaren,9,2,1:10.694,NaN,NaN
2005,9,button,Jenson Button,bar,BAR,3,3,1:11.277,NaN,NaN
2005,9,fisichella,Giancarlo Fisichella,renault,Renault,6,4,1:11.290,NaN,NaN
2005,9,michael_schumacher,Michael Schumacher,ferrari,Ferrari,1,5,1:11.369,NaN,NaN
2005,9,alonso,Fernando Alonso,renault,Renault,5,6,1:11.380,NaN,NaN
2005,9,barrichello,Rubens Barrichello,ferrari,Ferrari,2,7,1:11.431,NaN,NaN
2005,9,sato,Takuma Sato,bar,BAR,4,8,1:11.497,NaN,NaN
2005,9,webber,Mark Webber,williams,Williams,7,9,1:11.527,NaN,NaN
2005,9,massa,Felipe Massa,sauber,Sauber,12,10,1:11.555,NaN,NaN
2005,9,montoya,Juan Pablo Montoya,mclaren,McLaren,10,11,1:11.681,NaN,NaN
2005,9,villeneuve,Jacques Villeneuve,sauber,Sauber,11,12,1:11.691,NaN,NaN
2005,9,zonta,Ricardo Zonta,toyota,Toyota,17,13,1:11.754,NaN,NaN
2005,9,klien,Christian Klien,red_bull,Red Bull,15,14,1:12.132,NaN,NaN
2005,9,heidfeld,Nick Heidfeld,williams,Williams,8,15,1:12.430,NaN,NaN
2005,9,coulthard,David Coulthard,red_bull,Red Bull,14,16,1:12.682,NaN,NaN
2005,9,monteiro,Tiago Monteiro,jordan,Jordan,18,17,1:13.462,NaN,NaN
2005,9,albers,Christijan Albers,minardi,Minardi,21,18,1:13.632,NaN,NaN
2005,9,karthikeyan,Narain Karthikeyan,jordan,Jordan,19,19,1:13.776,NaN,NaN
2005,9,friesacher,Patrick Friesacher,minardi,Minardi,20,20,1:14.494,NaN,NaN
2005,10,alonso,Fernando Alonso,renault,Renault,5,1,1:14.412,NaN,NaN
2005,10,trulli,Jarno Trulli,toyota,Toyota,16,2,1:14.521,NaN,NaN
2005,10,raikkonen,Kimi Räikkönen,mclaren,McLaren,9,3,1:14.559,NaN,NaN
2005,10,michael_schumacher,Michael Schumacher,ferrari,Ferrari,1,4,1:14.572,NaN,NaN
2005,10,sato,Takuma Sato,bar,BAR,4,5,1:14.655,NaN,NaN
2005,10,barrichello,Rubens Barrichello,ferrari,Ferrari,2,6,1:14.832,NaN,NaN
2005,10,fisichella,Giancarlo Fisichella,renault,Renault,6,7,1:14.887,NaN,NaN
2005,10,button,Jenson Button,bar,BAR,3,8,1:15.051,NaN,NaN
2005,10,montoya,Juan Pablo Montoya,mclaren,McLaren,10,9,1:15.406,NaN,NaN
2005,10,massa,Felipe Massa,sauber,Sauber,12,10,1:15.566,NaN,NaN
2005,10,villeneuve,Jacques Villeneuve,sauber,Sauber,11,11,1:15.699,NaN,NaN
2005,10,ralf_schumacher,Ralf Schumacher,toyota,Toyota,17,12,1:15.771,NaN,NaN
2005,10,webber,Mark Webber,williams,Williams,7,13,1:15.885,NaN,NaN
2005,10,heidfeld,Nick Heidfeld,williams,Williams,8,14,1:16.207,NaN,NaN
2005,10,coulthard,David Coulthard,red_bull,Red Bull,14,15,1:16.434,NaN,NaN
2005,10,klien,Christian Klien,red_bull,Red Bull,15,16,1:16.547,NaN,NaN
2005,10,karthikeyan,Narain Karthikeyan,jordan,Jordan,19,17,1:17.857,NaN,NaN
2005,10,friesacher,Patrick Friesacher,minardi,Minardi,20,18,1:17.960,NaN,NaN
2005,10,monteiro,Tiago Monteiro,jordan,Jordan,18,19,1:18.047,NaN,NaN
2005,10,albers,Christijan Albers,minardi,Minardi,21,20,1:18.335,NaN,NaN
2005,11,alonso,Fernando Alonso,renault,Renault,5,1,1:19.905,NaN,NaN
2005,11,raikkonen,Kimi Räikkönen,mclaren,McLaren,9,2,1:19.932,NaN,NaN
2005,11,button,Jenson Button,bar,BAR,3,3,1:20.207,NaN,NaN
2005,11,montoya,Juan Pablo Montoya,mclaren,McLaren,10,4,1:20.382,NaN,NaN
2005,11,trulli,Jarno Trulli,toyota,Toyota,16,5,1:20.459,NaN,NaN
2005,11,barrichello,Rubens Barrichello,ferrari,Ferrari,2,6,1:20.906,NaN,NaN
2005,11,fisichella,Giancarlo Fisichella,renault,Renault,6,7,1:21.010,NaN,NaN
2005,11,sato,Takuma Sato,bar,BAR,4,8,1:21.114,NaN,NaN
2005,11,ralf_schumacher,Ralf Schumacher,toyota,Toyota,17,9,1:21.191,NaN,NaN
2005,11,michael_schumacher,Michael Schumacher,ferrari,Ferrari,1,10,1:21.275,NaN,NaN
2005,11,villeneuve,Jacques Villeneuve,sauber,Sauber,11,11,1:21.352,NaN,NaN
2005,11,webber,Mark Webber,williams,Williams,7,12,1:21.997,NaN,NaN
2005,11,coulthard,David Coulthard,red_bull,Red Bull,14,13,1:22.108,NaN,NaN
2005,11,heidfeld,Nick Heidfeld,williams,Williams,8,14,1:22.117,NaN,NaN
2005,11,klien,Christian Klien,red_bull,Red Bull,15,15,1:22.207,NaN,NaN
2005,11,massa,Felipe Massa,sauber,Sauber,12,16,1:22.495,NaN,NaN
2005,11,karthikeyan,Narain Karthikeyan,jordan,Jordan,19,17,1:23.583,NaN,NaN
2005,11,albers,Christijan Albers,minardi,Minardi,21,18,1:24.576,NaN,NaN
2005,11,friesacher,Patrick Friesacher,minardi,Minardi,20,19,1:25.566,NaN,NaN
2005,11,monteiro,Tiago Monteiro,jordan,Jordan,18,20,,NaN,NaN
2005,12,raikkonen,Kimi Räikkönen,mclaren,McLaren,9,1,1:14.320,NaN,NaN
2005,12,button,Jenson Button,bar,BAR,3,2,1:14.759,NaN,NaN
2005,12,alonso,Fernando Alonso,renault,Renault,5,3,1:14.904,NaN,NaN
2005,12,fisichella,Giancarlo Fisichella,renault,Renault,6,4,1:14.927,NaN,NaN
2005,12,michael_schumacher,Michael Schumacher,ferrari,Ferrari,1,5,1:15.006,NaN,NaN
2005,12,webber,Mark Webber,williams,Williams,7,6,1:15.070,NaN,NaN
2005,12,heidfeld,Nick Heidfeld,williams,Williams,8,7,1:15.403,NaN,NaN
2005,12,sato,Takuma Sato,bar,BAR,4,8,1:15.501,NaN,NaN
2005,12,trulli,Jarno Trulli,toyota,Toyota,16,9,1:15.532,NaN,NaN
2005,12,klien,Christian Klien,red_bull,Red Bull,15,10,1:15.635,NaN,NaN
2005,12,coulthard,David Coulthard,red_bull,Red Bull,14,11,1:15.679,NaN,NaN
2005,12,ralf_schumacher,Ralf Schumacher,toyota,Toyota,17,12,1:15.689,NaN,NaN
2005,12,massa,Felipe Massa,sauber,Sauber,12,13,1:16.009,NaN,NaN
2005,12,villeneuve,Jacques Villeneuve,sauber,Sauber,11,14,1:16.012,NaN,NaN
2005,12,barrichello,Rubens Barrichello,ferrari,Ferrari,2,15,1:16.230,NaN,NaN
2005,12,albers,Christijan Albers,minardi,Minardi,21,16,1:17.519,NaN,NaN
2005,12,doornbos,Robert Doornbos,minardi,Minardi,20,17,1:18.313,NaN,NaN
2005,12,monteiro,Tiago Monteiro,jordan,Jordan,18,18,1:18.599,NaN,NaN
2005,12,montoya,Juan Pablo Montoya,mclaren,McLaren,10,19,,NaN,NaN
2005,12,karthikeyan,Narain Karthikeyan,jordan,Jordan,19,20,,NaN,NaN
2005,13,michael_schumacher,Michael Schumacher,ferrari,Ferrari,1,1,1:19.882,NaN,NaN
2005,13,montoya,Juan Pablo Montoya,mclaren,McLaren,10,2,1:20.779,NaN,NaN
2005,13,trulli,Jarno Trulli,toyota,Toyota,16,3,1:20.839,NaN,NaN
2005,13,raikkonen,Kimi Räikkönen,mclaren,McLaren,9,4,1:20.891,NaN,NaN
2005,13,ralf_schumacher,Ralf Schumacher,toyota,Toyota,17,5,1:20.964,NaN,NaN
2005,13,alonso,Fernando Alonso,renault,Renault,5,6,1:21.141,NaN,NaN
2005,13,barrichello,Rubens Barrichello,ferrari,Ferrari,2,7,1:21.158,NaN,NaN
2005,13,button,Jenson Button,bar,BAR,3,8,1:21.302,NaN,NaN
2005,13,fisichella,Giancarlo Fisichella,renault,Renault,6,9,1:21.333,NaN,NaN
2005,13,sato,Takuma Sato,bar,BAR,4,10,1:21.787,NaN,NaN
2005,13,klien,Christian Klien,red_bull,Red Bull,15,11,1:21.937,NaN,NaN
2005,13,heidfeld,Nick Heidfeld,williams,Williams,8,12,1:22.086,NaN,NaN
2005,13,coulthard,David Coulthard,red_bull,Red Bull,14,13,1:22.279,NaN,NaN
2005,13,massa,Felipe Massa,sauber,Sauber,12,14,1:22.565,NaN,NaN
2005,13,villeneuve,Jacques Villeneuve,sauber,Sauber,11,15,1:22.866,NaN,NaN
2005,13,webber,Mark Webber,williams,Williams,7,16,1:23.495,NaN,NaN
2005,13,albers,Christijan Albers,minardi,Minardi,21,17,1:24.443,NaN,NaN
2005,13,karthikeyan,Narain Karthikeyan,jordan,Jordan,19,18,1:25.057,NaN,NaN
2005,13,doornbos,Robert Doornbos,minardi,Minardi,20,19,1:25.484,NaN,NaN
2005,13,monteiro,Tiago Monteiro,jordan,Jordan,18,20,,NaN,NaN
2005,14,raikkonen,Kimi Räikkönen,mclaren,McLaren,9,1,1:26.797,NaN,NaN
2005,14,fisichella,Giancarlo Fisichella,renault,Renault,6,2,1:27.039,NaN,NaN
2005,14,alonso,Fernando Alonso,renault,Renault,5,3,1:27.050,NaN,NaN
2005,14,montoya,Juan Pablo Montoya,mclaren,McLaren,10,4,1:27.352,NaN,NaN
2005,14,trulli,Jarno Trulli,toyota,Toyota,16,5,1:27.501,NaN,NaN
2005,14,heidfeld,Nick Heidfeld,williams,Williams,8,6,1:27.929,NaN,NaN
2005,14,webber,Mark Webber,williams,Williams,7,7,1:27.944,NaN,NaN
2005,14,massa,Felipe Massa,sauber,Sauber,12,8,1:28.419,NaN,NaN
2005,14,ralf_schumacher,Ralf Schumacher,toyota,Toyota,17,9,1:28.594,NaN,NaN
2005,14,klien,Christian Klien,red_bull,Red Bull,15,10,1:28.963,NaN,NaN
2005,14,barrichello,Rubens Barrichello,ferrari,Ferrari,2,11,1:29.369,NaN,NaN
2005,14,coulthard,David Coulthard,red_bull,Red Bull,14,12,1:29.764,NaN,NaN
2005,14,button,Jenson Button,bar,BAR,3,13,1:30.063,NaN,NaN
2005,14,sato,Takuma Sato,bar,BAR,4,14,1:30.175,NaN,NaN
2005,14,monteiro,Tiago Monteiro,jordan,Jordan,18,15,1:30.710,NaN,NaN
2005,14,albers,Christijan Albers,minardi,Minardi,21,16,1:32.186,NaN,NaN
2005,14,doornbos,Robert Doornbos,minardi,Minardi,20,17,,NaN,NaN
2005,14,villeneuve,Jacques Villeneuve,sauber,Sauber,11,18,,NaN,NaN
2005,14,karthikeyan,Narain Karthikeyan,jordan,Jordan,19,19,,NaN,NaN
2005,14,michael_schumacher,Michael Schumacher,ferrari,Ferrari,1,20,,NaN,NaN
2005,15,raikkonen,Kimi Räikkönen,mclaren,McLaren,9,1,1:20.878,NaN,NaN
2005,15,montoya,Juan Pablo Montoya,mclaren,McLaren,10,2,1:21.054,NaN,NaN
2005,15,alonso,Fernando Alonso,renault,Renault,5,3,1:21.319,NaN,NaN
2005,15,button,Jenson Button,bar,BAR,3,4,1:21.369,NaN,NaN
2005,15,sato,Takuma Sato,bar,BAR,4,5,1:21.477,NaN,NaN
2005,15,trulli,Jarno Trulli,toyota,Toyota,16,6,1:21.640,NaN,NaN
2005,15,michael_schumacher,Michael Schumacher,ferrari,Ferrari,1,7,1:21.721,NaN,NaN
2005,15,barrichello,Rubens Barrichello,ferrari,Ferrari,2,8,1:21.962,NaN,NaN
2005,15,fisichella,Giancarlo Fisichella,renault,Renault,6,9,1:22.068,NaN,NaN
2005,15,ralf_schumacher,Ralf Schumacher,toyota,Toyota,17,10,1:22.266,NaN,NaN
2005,15,coulthard,David Coulthard,red_bull,Red Bull,14,11,1:22.304,NaN,NaN
2005,15,villeneuve,Jacques Villeneuve,sauber,Sauber,11,12,1:22.356,NaN,NaN
2005,15,klien,Christian Klien,red_bull,Red Bull,15,13,1:22.532,NaN,NaN
2005,15,webber,Mark Webber,williams,Williams,7,14,1:22.560,NaN,NaN
2005,15,massa,Felipe Massa,sauber,Sauber,12,15,1:23.060,NaN,NaN
2005,15,pizzonia,Antônio Pizzonia,williams,Williams,8,16,1:23.291,NaN,NaN
2005,15,monteiro,Tiago Monteiro,jordan,Jordan,18,17,1:24.666,NaN,NaN
2005,15,doornbos,Robert Doornbos,minardi,Minardi,20,18,1:24.904,NaN,NaN
2005,15,karthikeyan,Narain Karthikeyan,jordan,Jordan,19,19,1:25.859,NaN,NaN
2005,15,albers,Christijan Albers,minardi,Minardi,21,20,1:26.964,NaN,NaN
2005,16,montoya,Juan Pablo Montoya,mclaren,McLaren,10,1,1:46.391,NaN,NaN
2005,16,raikkonen,Kimi Räikkönen,mclaren,McLaren,9,2,1:46.440,NaN,NaN
2005,16,fisichella,Giancarlo Fisichella,renault,Renault,6,3,1:46.497,NaN,NaN
2005,16,trulli,Jarno Trulli,toyota,Toyota,16,4,1:46.596,NaN,NaN
2005,16,alonso,Fernando Alonso,renault,Renault,5,5,1:46.760,NaN,NaN
2005,16,ralf_schumacher,Ralf Schumacher,toyota,Toyota,17,6,1:47.401,NaN,NaN
2005,16,michael_schumacher,Michael Schumacher,ferrari,Ferrari,1,7,1:47.476,NaN,NaN
2005,16,massa,Felipe Massa,sauber,Sauber,12,8,1:47.867,NaN,NaN
2005,16,button,Jenson Button,bar,BAR,3,9,1:47.978,NaN,NaN
2005,16,webber,Mark Webber,williams,Williams,7,10,1:48.071,NaN,NaN
2005,16,sato,Takuma Sato,bar,BAR,4,11,1:48.353,NaN,NaN
2005,16,coulthard,David Coulthard,red_bull,Red Bull,14,12,1:48.508,NaN,NaN
2005,16,barrichello,Rubens Barrichello,ferrari,Ferrari,2,13,1:48.550,NaN,NaN
2005,16,villeneuve,Jacques Villeneuve,sauber,Sauber,11,14,1:48.889,NaN,NaN
2005,16,pizzonia,Antônio Pizzonia,williams,Williams,8,15,1:48.898,NaN,NaN
2005,16,klien,Christian Klien,red_bull,Red Bull,15,16,1:48.994,NaN,NaN
2005,16,doornbos,Robert Doornbos,minardi,Minardi,20,17,1:49.779,NaN,NaN
2005,16,albers,Christijan Albers,minardi,Minardi,21,18,1:49.842,NaN,NaN
2005,16,monteiro,Tiago Monteiro,jordan,Jordan,18,19,1:51.498,NaN,NaN
2005,16,karthikeyan,Narain Karthikeyan,jordan,Jordan,19,20,1:51.675,NaN,NaN
2005,17,alonso,Fernando Alonso,renault,Renault,5,1,1:11.988,NaN,NaN
2005,17,montoya,Juan Pablo Montoya,mclaren,McLaren,10,2,1:12.145,NaN,NaN
2005,17,fisichella,Giancarlo Fisichella,renault,Renault,6,3,1:12.558,NaN,NaN
2005,17,button,Jenson Button,bar,BAR,3,4,1:12.696,NaN,NaN
2005,17,raikkonen,Kimi Räikkönen,mclaren,McLaren,9,5,1:12.781,NaN,NaN
2005,17,klien,Christian Klien,red_bull,Red Bull,15,6,1:12.889,NaN,NaN
2005,17,michael_schumacher,Michael Schumacher,ferrari,Ferrari,1,7,1:12.976,NaN,NaN
2005,17,trulli,Jarno Trulli,toyota,Toyota,16,8,1:13.041,NaN,NaN
2005,17,massa,Felipe Massa,sauber,Sauber,12,9,1:13.151,NaN,NaN
2005,17,barrichello,Rubens Barrichello,ferrari,Ferrari,2,10,1:13.183,NaN,NaN
2005,17,ralf_schumacher,Ralf Schumacher,toyota,Toyota,17,11,1:13.285,NaN,NaN
2005,17,villeneuve,Jacques Villeneuve,sauber,Sauber,11,12,1:13.372,NaN,NaN
2005,17,monteiro,Tiago Monteiro,jordan,Jordan,18,13,1:13.387,NaN,NaN
2005,17,webber,Mark Webber,williams,Williams,7,14,1:13.538,NaN,NaN
2005,17,pizzonia,Antônio Pizzonia,williams,Williams,8,15,1:13.581,NaN,NaN
2005,17,coulthard,David Coulthard,red_bull,Red Bull,14,16,1:13.844,NaN,NaN
2005,17,karthikeyan,Narain Karthikeyan,jordan,Jordan,19,17,1:14.520,NaN,NaN
2005,17,albers,Christijan Albers,minardi,Minardi,21,18,1:14.763,NaN,NaN
2005,17,sato,Takuma Sato,bar,BAR,4,19,,NaN,NaN
2005,17,doornbos,Robert Doornbos,minardi,Minardi,20,20,,NaN,NaN
2005,18,ralf_schumacher,Ralf Schumacher,toyota,Toyota,17,1,1:46.106,NaN,NaN
2005,18,button,Jenson Button,bar,BAR,3,2,1:46.141,NaN,NaN
2005,18,fisichella,Giancarlo Fisichella,renault,Renault,6,3,1:46.276,NaN,NaN
2005,18,klien,Christian Klien,red_bull,Red Bull,15,4,1:46.464,NaN,NaN
2005,18,sato,Takuma Sato,bar,BAR,4,5,1:46.841,NaN,NaN
2005,18,coulthard,David Coulthard,red_bull,Red Bull,14,6,1:46.892,NaN,NaN
2005,18,webber,Mark Webber,williams,Williams,7,7,1:47.233,NaN,NaN
2005,18,villeneuve,Jacques Villeneuve,sauber,Sauber,11,8,1:47.440,NaN,NaN
2005,18,barrichello,Rubens Barrichello,ferrari,Ferrari,2,9,1:48.248,NaN,NaN
2005,18,massa,Felipe Massa,sauber,Sauber,12,10,1:48.278,NaN,NaN
2005,18,karthikeyan,Narain Karthikeyan,jordan,Jordan,19,11,1:48.718,NaN,NaN
2005,18,pizzonia,Antônio Pizzonia,williams,Williams,8,12,1:48.898,NaN,NaN
2005,18,albers,Christijan Albers,minardi,Minardi,21,13,1:50.843,NaN,NaN
2005,18,michael_schumacher,Michael Schumacher,ferrari,Ferrari,1,14,1:52.676,NaN,NaN
2005,18,doornbos,Robert Doornbos,minardi,Minardi,20,15,1:52.894,NaN,NaN
2005,18,alonso,Fernando Alonso,renault,Renault,5,16,1:54.667,NaN,NaN
2005,18,raikkonen,Kimi Räikkönen,mclaren,McLaren,9,17,2:02.309,NaN,NaN
2005,18,montoya,Juan Pablo Montoya,mclaren,McLaren,10,18,,NaN,NaN
2005,18,trulli,Jarno Trulli,toyota,Toyota,16,19,,NaN,NaN
2005,18,monteiro,Tiago Monteiro,jordan,Jordan,18,20,,NaN,NaN
2005,19,alonso,Fernando Alonso,renault,Renault,5,1,1:34.080,NaN,NaN
2005,19,fisichella,Giancarlo Fisichella,renault,Renault,6,2,1:34.401,NaN,NaN
2005,19,raikkonen,Kimi Räikkönen,mclaren,McLaren,9,3,1:34.488,NaN,NaN
2005,19,button,Jenson Button,bar,BAR,3,4,1:34.801,NaN,NaN
2005,19,montoya,Juan Pablo Montoya,mclaren,McLaren,10,5,1:35.188,NaN,NaN
2005,19,michael_schumacher,Michael Schumacher,ferrari,Ferrari,1,6,1:35.301,NaN,NaN
2005,19,coulthard,David Coulthard,red_bull,Red Bull,14,7,1:35.428,NaN,NaN
2005,19,barrichello,Rubens Barrichello,ferrari,Ferrari,2,8,1:35.610,NaN,NaN
2005,19,ralf_schumacher,Ralf Schumacher,toyota,Toyota,17,9,1:35.723,NaN,NaN
2005,19,webber,Mark Webber,williams,Williams,7,10,1:35.739,NaN,NaN
2005,19,massa,Felipe Massa,sauber,Sauber,12,11,1:35.898,NaN,NaN
2005,19,trulli,Jarno Trulli,toyota,Toyota,16,12,1:36.044,NaN,NaN
2005,19,pizzonia,Antônio Pizzonia,williams,Williams,8,13,1:36.445,NaN,NaN
2005,19,klien,Christian Klien,red_bull,Red Bull,15,14,1:36.472,NaN,NaN
2005,19,karthikeyan,Narain Karthikeyan,jordan,Jordan,19,15,1:36.707,NaN,NaN
2005,19,villeneuve,Jacques Villeneuve,sauber,Sauber,11,16,1:36.788,NaN,NaN
2005,19,sato,Takuma Sato,bar,BAR,4,17,1:37.083,NaN,NaN
2005,19,albers,Christijan Albers,minardi,Minardi,21,18,1:39.105,NaN,NaN
2005,19,monteiro,Tiago Monteiro,jordan,Jordan,18,19,1:39.233,NaN,NaN
2005,19,doornbos,Robert Doornbos,minardi,Minardi,20,20,1:39.460,NaN,NaN
2006,1,michael_schumacher,Michael Schumacher,ferrari,Ferrari,5,1,1:33.310,1:32.025,1:31.431
2006,1,massa,Felipe Massa,ferrari,Ferrari,6,2,1:33.579,1:32.014,1:31.478
2006,1,button,Jenson Button,honda,Honda,12,3,1:32.603,1:32.025,1:31.549
2006,1,alonso,Fernando Alonso,renault,Renault,1,4,1:32.433,1:31.215,1:31.702
2006,1,montoya,Juan Pablo Montoya,mclaren,McLaren,4,5,1:33.233,1:31.487,1:32.164
2006,1,barrichello,Rubens Barrichello,honda,Honda,11,6,1:33.922,1:32.322,1:32.579
2006,1,webber,Mark Webber,williams,Williams,9,7,1:33.454,1:32.309,1:33.006
2006,1,klien,Christian Klien,red_bull,Red Bull,15,8,1:34.308,1:32.106,1:33.112
2006,1,fisichella,Giancarlo Fisichella,renault,Renault,2,9,1:32.934,1:31.831,1:33.496
2006,1,heidfeld,Nick Heidfeld,bmw_sauber,BMW Sauber,16,10,1:33.374,1:31.958,1:33.926
2006,1,villeneuve,Jacques Villeneuve,bmw_sauber,BMW Sauber,17,11,1:33.882,1:32.456,NaN
2006,1,rosberg,Nico Rosberg,williams,Williams,10,12,1:32.945,1:32.620,NaN
2006,1,coulthard,David Coulthard,red_bull,Red Bull,14,13,1:33.678,1:32.850,NaN
2006,1,trulli,Jarno Trulli,toyota,Toyota,8,14,1:33.987,1:33.066,NaN
2006,1,liuzzi,Vitantonio Liuzzi,toro_rosso,Toro Rosso,20,15,1:34.439,1:33.416,NaN
2006,1,speed,Scott Speed,toro_rosso,Toro Rosso,21,16,1:33.995,1:34.606,NaN
2006,1,ralf_schumacher,Ralf Schumacher,toyota,Toyota,7,17,1:34.702,NaN,NaN
2006,1,albers,Christijan Albers,mf1,MF1,19,18,1:35.724,NaN,NaN
2006,1,monteiro,Tiago Monteiro,mf1,MF1,18,19,1:35.900,NaN,NaN
2006,1,sato,Takuma Sato,super_aguri,Super Aguri,22,20,1:37.411,NaN,NaN
2006,1,ide,Yuji Ide,super_aguri,Super Aguri,23,21,1:40.270,NaN,NaN
2006,1,raikkonen,Kimi Räikkönen,mclaren,McLaren,3,22,,NaN,NaN
2006,2,fisichella,Giancarlo Fisichella,renault,Renault,2,1,1:35.488,1:33.623,1:33.840
2006,2,button,Jenson Button,honda,Honda,12,2,1:35.023,1:33.527,1:33.986
2006,2,rosberg,Nico Rosberg,williams,Williams,10,3,1:35.105,1:34.563,1:34.626
2006,2,michael_schumacher,Michael Schumacher,ferrari,Ferrari,5,4,1:35.810,1:34.574,1:34.668
2006,2,webber,Mark Webber,williams,Williams,9,5,1:35.252,1:34.279,1:34.672
2006,2,montoya,Juan Pablo Montoya,mclaren,McLaren,4,6,1:34.536,1:34.568,1:34.916
2006,2,raikkonen,Kimi Räikkönen,mclaren,McLaren,3,7,1:34.667,1:34.351,1:34.983
2006,2,alonso,Fernando Alonso,renault,Renault,1,8,1:35.514,1:33.997,1:35.747
2006,2,klien,Christian Klien,red_bull,Red Bull,15,9,1:35.171,1:34.537,1:38.715
2006,2,ralf_schumacher,Ralf Schumacher,toyota,Toyota,7,10,1:35.214,1:34.586,NaN
2006,2,coulthard,David Coulthard,red_bull,Red Bull,14,11,1:34.839,1:34.614,NaN
2006,2,barrichello,Rubens Barrichello,honda,Honda,11,12,1:35.526,1:34.683,NaN
2006,2,trulli,Jarno Trulli,toyota,Toyota,8,13,1:35.517,1:34.702,NaN
2006,2,villeneuve,Jacques Villeneuve,bmw_sauber,BMW Sauber,17,14,1:35.391,1:34.752,NaN
2006,2,heidfeld,Nick Heidfeld,bmw_sauber,BMW Sauber,16,15,1:35.588,1:34.783,NaN
2006,2,massa,Felipe Massa,ferrari,Ferrari,6,16,1:35.091,NaN,NaN
2006,2,speed,Scott Speed,toro_rosso,Toro Rosso,21,17,1:36.297,NaN,NaN
2006,2,liuzzi,Vitantonio Liuzzi,toro_rosso,Toro Rosso,20,18,1:36.581,NaN,NaN
2006,2,albers,Christijan Albers,mf1,MF1,19,19,1:37.426,NaN,NaN
2006,2,monteiro,Tiago Monteiro,mf1,MF1,18,20,1:37.819,NaN,NaN
2006,2,sato,Takuma Sato,super_aguri,Super Aguri,22,21,1:39.011,NaN,NaN
2006,2,ide,Yuji Ide,super_aguri,Super Aguri,23,22,1:40.720,NaN,NaN
2006,3,button,Jenson Button,honda,Honda,12,1,1:28.081,1:26.337,1:25.229
2006,3,fisichella,Giancarlo Fisichella,renault,Renault,2,2,1:27.765,1:26.196,1:25.635
2006,3,alonso,Fernando Alonso,renault,Renault,1,3,1:28.569,1:25.729,1:25.778
2006,3,raikkonen,Kimi Räikkönen,mclaren,McLaren,3,4,1:27.193,1:26.161,1:25.822
2006,3,montoya,Juan Pablo Montoya,mclaren,McLaren,4,5,1:27.079,1:25.902,1:25.976
2006,3,ralf_schumacher,Ralf Schumacher,toyota,Toyota,7,6,1:28.007,1:26.596,1:26.612
2006,3,webber,Mark Webber,williams,Williams,9,7,1:27.669,1:26.075,1:26.937
2006,3,heidfeld,Nick Heidfeld,bmw_sauber,BMW Sauber,16,8,1:27.796,1:26.014,1:27.579
2006,3,villeneuve,Jacques Villeneuve,bmw_sauber,BMW Sauber,17,9,1:28.460,1:26.714,1:29.239
2006,3,trulli,Jarno Trulli,toyota,Toyota,8,10,1:27.748,1:26.327,NaN
2006,3,michael_schumacher,Michael Schumacher,ferrari,Ferrari,5,11,1:28.228,1:26.718,NaN
2006,3,coulthard,David Coulthard,red_bull,Red Bull,14,12,1:28.408,1:27.023,NaN
2006,3,liuzzi,Vitantonio Liuzzi,toro_rosso,Toro Rosso,20,13,1:28.999,1:27.219,NaN
2006,3,klien,Christian Klien,red_bull,Red Bull,15,14,1:28.757,1:27.591,NaN
2006,3,rosberg,Nico Rosberg,williams,Williams,10,15,1:28.351,1:29.422,NaN
2006,3,massa,Felipe Massa,ferrari,Ferrari,6,16,1:28.868,NaN,NaN
2006,3,barrichello,Rubens Barrichello,honda,Honda,11,17,1:29.943,NaN,NaN
2006,3,albers,Christijan Albers,mf1,MF1,19,18,1:30.226,NaN,NaN
2006,3,speed,Scott Speed,toro_rosso,Toro Rosso,21,19,1:30.426,NaN,NaN
2006,3,monteiro,Tiago Monteiro,mf1,MF1,18,20,1:30.709,NaN,NaN
2006,3,sato,Takuma Sato,super_aguri,Super Aguri,22,21,1:32.279,NaN,NaN
2006,3,ide,Yuji Ide,super_aguri,Super Aguri,23,22,1:36.164,NaN,NaN
2006,4,michael_schumacher,Michael Schumacher,ferrari,Ferrari,5,1,1:24.598,1:22.579,1:22.795
2006,4,button,Jenson Button,honda,Honda,12,2,1:24.480,1:23.749,1:22.988
2006,4,barrichello,Rubens Barrichello,honda,Honda,11,3,1:24.727,1:23.760,1:23.242
2006,4,massa,Felipe Massa,ferrari,Ferrari,6,4,1:24.884,1:23.595,1:23.702
2006,4,alonso,Fernando Alonso,renault,Renault,1,5,1:23.536,1:23.743,1:23.709
2006,4,ralf_schumacher,Ralf Schumacher,toyota,Toyota,7,6,1:24.370,1:23.565,1:23.772
2006,4,montoya,Juan Pablo Montoya,mclaren,McLaren,4,7,1:24.960,1:23.760,1:24.021
2006,4,raikkonen,Kimi Räikkönen,mclaren,McLaren,3,8,1:24.259,1:23.190,1:24.158
2006,4,trulli,Jarno Trulli,toyota,Toyota,8,9,1:24.446,1:23.727,1:24.172
2006,4,webber,Mark Webber,williams,Williams,9,10,1:24.992,1:23.718,1:24.795
2006,4,fisichella,Giancarlo Fisichella,renault,Renault,2,11,1:24.434,1:23.771,NaN
2006,4,villeneuve,Jacques Villeneuve,bmw_sauber,BMW Sauber,17,12,1:25.081,1:23.887,NaN
2006,4,rosberg,Nico Rosberg,williams,Williams,10,13,1:24.495,1:23.966,NaN
2006,4,coulthard,David Coulthard,red_bull,Red Bull,14,14,1:24.849,1:24.101,NaN
2006,4,heidfeld,Nick Heidfeld,bmw_sauber,BMW Sauber,16,15,1:25.410,1:24.129,NaN
2006,4,liuzzi,Vitantonio Liuzzi,toro_rosso,Toro Rosso,20,16,1:24.879,1:24.520,NaN
2006,4,klien,Christian Klien,red_bull,Red Bull,15,17,1:25.410,NaN,NaN
2006,4,speed,Scott Speed,toro_rosso,Toro Rosso,21,18,1:25.437,NaN,NaN
2006,4,monteiro,Tiago Monteiro,mf1,MF1,18,19,1:26.820,NaN,NaN
2006,4,albers,Christijan Albers,mf1,MF1,19,20,1:27.088,NaN,NaN
2006,4,sato,Takuma Sato,super_aguri,Super Aguri,22,21,1:27.609,NaN,NaN
2006,4,ide,Yuji Ide,super_aguri,Super Aguri,23,22,1:29.282,NaN,NaN
2006,5,alonso,Fernando Alonso,renault,Renault,1,1,1:31.138,1:30.336,1:29.816
2006,5,michael_schumacher,Michael Schumacher,ferrari,Ferrari,5,2,1:31.235,1:30.013,1:30.028
2006,5,massa,Felipe Massa,ferrari,Ferrari,6,3,1:31.921,1:30.732,1:30.407
2006,5,barrichello,Rubens Barrichello,honda,Honda,11,4,1:31.671,1:30.469,1:30.754
2006,5,raikkonen,Kimi Räikkönen,mclaren,McLaren,3,5,1:31.263,1:30.203,1:30.933
2006,5,button,Jenson Button,honda,Honda,12,6,1:31.420,1:30.755,1:30.940
2006,5,trulli,Jarno Trulli,toyota,Toyota,8,7,1:31.809,1:30.733,1:31.419
2006,5,villeneuve,Jacques Villeneuve,bmw_sauber,BMW Sauber,17,8,1:31.545,1:30.865,1:31.542
2006,5,montoya,Juan Pablo Montoya,mclaren,McLaren,4,9,1:31.774,1:30.671,1:31.880
2006,5,webber,Mark Webber,williams,Williams,9,10,1:31.712,1:30.892,1:33.405
2006,5,ralf_schumacher,Ralf Schumacher,toyota,Toyota,7,11,1:31.470,1:30.944,NaN
2006,5,rosberg,Nico Rosberg,williams,Williams,10,12,1:32.053,1:31.194,NaN
2006,5,fisichella,Giancarlo Fisichella,renault,Renault,2,13,1:31.574,1:31.197,NaN
2006,5,coulthard,David Coulthard,red_bull,Red Bull,14,14,1:31.742,1:31.227,NaN
2006,5,heidfeld,Nick Heidfeld,bmw_sauber,BMW Sauber,16,15,1:31.457,1:31.422,NaN
2006,5,liuzzi,Vitantonio Liuzzi,toro_rosso,Toro Rosso,20,16,1:32.651,1:31.728,NaN
2006,5,klien,Christian Klien,red_bull,Red Bull,15,17,1:32.901,NaN,NaN
2006,5,albers,Christijan Albers,mf1,MF1,19,18,1:32.936,NaN,NaN
2006,5,speed,Scott Speed,toro_rosso,Toro Rosso,21,19,1:32.992,NaN,NaN
2006,5,monteiro,Tiago Monteiro,mf1,MF1,18,20,1:33.658,NaN,NaN
2006,5,sato,Takuma Sato,super_aguri,Super Aguri,22,21,1:35.239,NaN,NaN
2006,5,montagny,Franck Montagny,super_aguri,Super Aguri,23,22,1:46.505,NaN,NaN
2006,6,alonso,Fernando Alonso,renault,Renault,1,1,1:15.816,1:15.124,1:14.648
2006,6,fisichella,Giancarlo Fisichella,renault,Renault,2,2,1:16.046,1:14.766,1:14.709
2006,6,michael_schumacher,Michael Schumacher,ferrari,Ferrari,5,3,1:16.049,1:14.637,1:14.970
2006,6,massa,Felipe Massa,ferrari,Ferrari,6,4,1:16.359,1:15.245,1:15.442
2006,6,barrichello,Rubens Barrichello,honda,Honda,11,5,1:16.266,1:15.258,1:15.885
2006,6,ralf_schumacher,Ralf Schumacher,toyota,Toyota,7,6,1:16.234,1:15.164,1:15.885
2006,6,trulli,Jarno Trulli,toyota,Toyota,8,7,1:16.174,1:15.068,1:15.976
2006,6,button,Jenson Button,honda,Honda,12,8,1:16.054,1:15.150,1:16.008
2006,6,raikkonen,Kimi Räikkönen,mclaren,McLaren,3,9,1:16.613,1:15.422,1:16.015
2006,6,heidfeld,Nick Heidfeld,bmw_sauber,BMW Sauber,16,10,1:16.322,1:15.468,1:17.144
2006,6,webber,Mark Webber,williams,Williams,9,11,1:16.685,1:15.502,NaN
2006,6,montoya,Juan Pablo Montoya,mclaren,McLaren,4,12,1:16.195,1:15.801,NaN
2006,6,rosberg,Nico Rosberg,williams,Williams,10,13,1:17.213,1:15.804,NaN
2006,6,villeneuve,Jacques Villeneuve,bmw_sauber,BMW Sauber,17,14,1:16.066,1:15.847,NaN
2006,6,klien,Christian Klien,red_bull,Red Bull,15,15,1:16.627,1:15.928,NaN
2006,6,liuzzi,Vitantonio Liuzzi,toro_rosso,Toro Rosso,20,16,1:17.105,1:16.661,NaN
2006,6,speed,Scott Speed,toro_rosso,Toro Rosso,21,17,1:17.361,NaN,NaN
2006,6,monteiro,Tiago Monteiro,mf1,MF1,18,18,1:17.702,NaN,NaN
2006,6,albers,Christijan Albers,mf1,MF1,19,19,1:18.024,NaN,NaN
2006,6,sato,Takuma Sato,super_aguri,Super Aguri,22,20,1:18.920,NaN,NaN
2006,6,montagny,Franck Montagny,super_aguri,Super Aguri,23,21,1:20.763,NaN,NaN
2006,6,coulthard,David Coulthard,red_bull,Red Bull,14,22,,NaN,NaN
2006,7,alonso,Fernando Alonso,renault,Renault,1,1,1:14.232,1:13.622,1:13.962
2006,7,webber,Mark Webber,williams,Williams,9,2,1:14.305,1:13.728,1:14.082
2006,7,raikkonen,Kimi Räikkönen,mclaren,McLaren,3,3,1:13.887,1:13.532,1:14.140
2006,7,montoya,Juan Pablo Montoya,mclaren,McLaren,4,4,1:14.483,1:14.295,1:14.664
2006,7,barrichello,Rubens Barrichello,honda,Honda,11,5,1:14.766,1:14.312,1:15.804
2006,7,trulli,Jarno Trulli,toyota,Toyota,8,6,1:14.883,1:14.211,1:15.857
2006,7,coulthard,David Coulthard,red_bull,Red Bull,14,7,1:15.090,1:13.687,1:16.426
2006,7,rosberg,Nico Rosberg,williams,Williams,10,8,1:14.888,1:13.909,1:16.636
2006,7,fisichella,Giancarlo Fisichella,renault,Renault,2,9,1:14.614,1:13.647,1:17.260
2006,7,ralf_schumacher,Ralf Schumacher,toyota,Toyota,7,10,1:14.412,1:14.398,NaN
2006,7,klien,Christian Klien,red_bull,Red Bull,15,11,1:14.489,1:14.747,NaN
2006,7,liuzzi,Vitantonio Liuzzi,toro_rosso,Toro Rosso,20,12,1:15.314,1:14.969,NaN
2006,7,button,Jenson Button,honda,Honda,12,13,1:15.085,1:14.982,NaN
2006,7,villeneuve,Jacques Villeneuve,bmw_sauber,BMW Sauber,17,14,1:15.316,1:15.052,NaN
2006,7,heidfeld,Nick Heidfeld,bmw_sauber,BMW Sauber,16,15,1:15.324,1:15.137,NaN
2006,7,albers,Christijan Albers,mf1,MF1,19,16,1:15.598,NaN,NaN
2006,7,monteiro,Tiago Monteiro,mf1,MF1,18,17,1:15.993,NaN,NaN
2006,7,speed,Scott Speed,toro_rosso,Toro Rosso,21,18,1:16.236,NaN,NaN
2006,7,sato,Takuma Sato,super_aguri,Super Aguri,22,19,1:17.276,NaN,NaN
2006,7,montagny,Franck Montagny,super_aguri,Super Aguri,23,20,1:17.502,NaN,NaN
2006,7,massa,Felipe Massa,ferrari,Ferrari,6,21,,NaN,NaN
2006,7,michael_schumacher,Michael Schumacher,ferrari,Ferrari,5,22,,NaN,NaN
2006,8,alonso,Fernando Alonso,renault,Renault,1,1,1:21.018,1:20.271,1:20.253
2006,8,raikkonen,Kimi Räikkönen,mclaren,McLaren,3,2,1:21.648,1:20.497,1:20.397
2006,8,michael_schumacher,Michael Schumacher,ferrari,Ferrari,5,3,1:22.096,1:20.659,1:20.574
2006,8,massa,Felipe Massa,ferrari,Ferrari,6,4,1:21.647,1:20.846,1:20.764
2006,8,fisichella,Giancarlo Fisichella,renault,Renault,2,5,1:22.411,1:20.594,1:20.919
2006,8,barrichello,Rubens Barrichello,honda,Honda,11,6,1:22.965,1:20.929,1:20.943
2006,8,ralf_schumacher,Ralf Schumacher,toyota,Toyota,7,7,1:22.886,1:21.043,1:21.073
2006,8,montoya,Juan Pablo Montoya,mclaren,McLaren,4,8,1:22.169,1:20.816,1:21.107
2006,8,heidfeld,Nick Heidfeld,bmw_sauber,BMW Sauber,16,9,1:21.670,1:20.629,1:21.329
2006,8,villeneuve,Jacques Villeneuve,bmw_sauber,BMW Sauber,17,10,1:21.637,1:20.672,1:21.599
2006,8,coulthard,David Coulthard,red_bull,Red Bull,14,11,1:22.424,1:21.442,NaN
2006,8,rosberg,Nico Rosberg,williams,Williams,10,12,1:23.083,1:21.567,NaN
2006,8,liuzzi,Vitantonio Liuzzi,toro_rosso,Toro Rosso,20,13,1:22.685,1:21.699,NaN
2006,8,klien,Christian Klien,red_bull,Red Bull,15,14,1:22.773,1:21.990,NaN
2006,8,speed,Scott Speed,toro_rosso,Toro Rosso,21,15,1:22.541,1:22.076,NaN
2006,8,monteiro,Tiago Monteiro,mf1,MF1,18,16,1:22.860,1:22.207,NaN
2006,8,webber,Mark Webber,williams,Williams,9,17,1:23.129,NaN,NaN
2006,8,albers,Christijan Albers,mf1,MF1,19,18,1:23.210,NaN,NaN
2006,8,button,Jenson Button,honda,Honda,12,19,1:23.247,NaN,NaN
2006,8,sato,Takuma Sato,super_aguri,Super Aguri,22,20,1:26.158,NaN,NaN
2006,8,montagny,Franck Montagny,super_aguri,Super Aguri,23,21,1:26.316,NaN,NaN
2006,8,trulli,Jarno Trulli,toyota,Toyota,8,22,,NaN,NaN
2006,9,alonso,Fernando Alonso,renault,Renault,1,1,1:15.350,1:14.726,1:14.942
2006,9,fisichella,Giancarlo Fisichella,renault,Renault,2,2,1:15.917,1:15.295,1:15.178
2006,9,raikkonen,Kimi Räikkönen,mclaren,McLaren,3,3,1:15.376,1:15.273,1:15.386
2006,9,trulli,Jarno Trulli,toyota,Toyota,8,4,1:16.455,1:15.506,1:15.968
2006,9,michael_schumacher,Michael Schumacher,ferrari,Ferrari,5,5,1:15.716,1:15.139,1:15.986
2006,9,rosberg,Nico Rosberg,williams,Williams,10,6,1:16.404,1:15.269,1:16.012
2006,9,montoya,Juan Pablo Montoya,mclaren,McLaren,4,7,1:16.251,1:15.253,1:16.228
2006,9,button,Jenson Button,honda,Honda,12,8,1:16.594,1:15.814,1:16.608
2006,9,barrichello,Rubens Barrichello,honda,Honda,11,9,1:16.735,1:15.601,1:16.912
2006,9,massa,Felipe Massa,ferrari,Ferrari,6,10,1:16.259,1:15.555,1:17.209
2006,9,villeneuve,Jacques Villeneuve,bmw_sauber,BMW Sauber,17,11,1:16.493,1:15.832,NaN
2006,9,klien,Christian Klien,red_bull,Red Bull,15,12,1:16.585,1:15.833,NaN
2006,9,heidfeld,Nick Heidfeld,bmw_sauber,BMW Sauber,16,13,1:15.906,1:15.885,NaN
2006,9,ralf_schumacher,Ralf Schumacher,toyota,Toyota,7,14,1:16.702,1:15.888,NaN
2006,9,liuzzi,Vitantonio Liuzzi,toro_rosso,Toro Rosso,20,15,1:16.581,1:16.116,NaN
2006,9,coulthard,David Coulthard,red_bull,Red Bull,14,16,1:16.514,1:16.301,NaN
2006,9,webber,Mark Webber,williams,Williams,9,17,1:16.985,NaN,NaN
2006,9,speed,Scott Speed,toro_rosso,Toro Rosso,21,18,1:17.016,NaN,NaN
2006,9,monteiro,Tiago Monteiro,mf1,MF1,18,19,1:17.121,NaN,NaN
2006,9,albers,Christijan Albers,mf1,MF1,19,20,1:17.140,NaN,NaN
2006,9,sato,Takuma Sato,super_aguri,Super Aguri,22,21,1:19.088,NaN,NaN
2006,9,montagny,Franck Montagny,super_aguri,Super Aguri,23,22,1:19.152,NaN,NaN
2006,10,michael_schumacher,Michael Schumacher,ferrari,Ferrari,5,1,1:11.588,1:10.636,1:10.832
2006,10,massa,Felipe Massa,ferrari,Ferrari,6,2,1:11.088,1:11.146,1:11.435
2006,10,fisichella,Giancarlo Fisichella,renault,Renault,2,3,1:12.287,1:11.200,1:11.920
2006,10,barrichello,Rubens Barrichello,honda,Honda,11,4,1:12.156,1:11.263,1:12.109
2006,10,alonso,Fernando Alonso,renault,Renault,1,5,1:12.416,1:11.877,1:12.449
2006,10,villeneuve,Jacques Villeneuve,bmw_sauber,BMW Sauber,17,6,1:12.114,1:11.724,1:12.479
2006,10,button,Jenson Button,honda,Honda,12,7,1:12.238,1:11.865,1:12.523
2006,10,ralf_schumacher,Ralf Schumacher,toyota,Toyota,7,8,1:11.879,1:11.673,1:12.795
2006,10,raikkonen,Kimi Räikkönen,mclaren,McLaren,3,9,1:12.777,1:12.135,1:13.174
2006,10,heidfeld,Nick Heidfeld,bmw_sauber,BMW Sauber,16,10,1:11.891,1:11.718,1:15.280
2006,10,montoya,Juan Pablo Montoya,mclaren,McLaren,4,11,1:12.477,1:12.150,NaN
2006,10,webber,Mark Webber,williams,Williams,9,12,1:12.935,1:12.292,NaN
2006,10,speed,Scott Speed,toro_rosso,Toro Rosso,21,13,1:13.167,1:12.792,NaN
2006,10,albers,Christijan Albers,mf1,MF1,19,14,1:12.711,1:12.854,NaN
2006,10,monteiro,Tiago Monteiro,mf1,MF1,18,15,1:12.627,1:12.864,NaN
2006,10,klien,Christian Klien,red_bull,Red Bull,15,16,1:12.773,1:12.925,NaN
2006,10,coulthard,David Coulthard,red_bull,Red Bull,14,17,1:13.180,NaN,NaN
2006,10,sato,Takuma Sato,super_aguri,Super Aguri,22,18,1:13.496,NaN,NaN
2006,10,rosberg,Nico Rosberg,williams,Williams,10,19,1:13.506,NaN,NaN
2006,10,trulli,Jarno Trulli,toyota,Toyota,8,20,1:13.787,NaN,NaN
2006,10,liuzzi,Vitantonio Liuzzi,toro_rosso,Toro Rosso,20,21,1:14.041,NaN,NaN
2006,10,montagny,Franck Montagny,super_aguri,Super Aguri,23,22,1:16.036,NaN,NaN
2006,11,michael_schumacher,Michael Schumacher,ferrari,Ferrari,5,1,1:15.865,1:15.111,1:15.493
2006,11,massa,Felipe Massa,ferrari,Ferrari,6,2,1:16.277,1:15.679,1:15.510
2006,11,alonso,Fernando Alonso,renault,Renault,1,3,1:16.328,1:15.706,1:15.785
2006,11,trulli,Jarno Trulli,toyota,Toyota,8,4,1:15.550,1:15.776,1:16.036
2006,11,ralf_schumacher,Ralf Schumacher,toyota,Toyota,7,5,1:15.949,1:15.625,1:16.091
2006,11,raikkonen,Kimi Räikkönen,mclaren,McLaren,3,6,1:16.154,1:15.742,1:16.281
2006,11,fisichella,Giancarlo Fisichella,renault,Renault,2,7,1:16.825,1:15.901,1:16.345
2006,11,rosa,Pedro de la Rosa,mclaren,McLaren,4,8,1:16.679,1:15.902,1:16.632
2006,11,rosberg,Nico Rosberg,williams,Williams,10,9,1:16.534,1:15.926,1:18.272
2006,11,coulthard,David Coulthard,red_bull,Red Bull,14,10,1:16.350,1:15.974,1:18.663
2006,11,webber,Mark Webber,williams,Williams,9,11,1:16.531,1:16.129,NaN
2006,11,heidfeld,Nick Heidfeld,bmw_sauber,BMW Sauber,16,12,1:16.686,1:16.294,NaN
2006,11,klien,Christian Klien,red_bull,Red Bull,15,13,1:16.921,1:16.433,NaN
2006,11,barrichello,Rubens Barrichello,honda,Honda,11,14,1:17.022,1:17.027,NaN
2006,11,speed,Scott Speed,toro_rosso,Toro Rosso,21,15,1:17.117,1:17.063,NaN
2006,11,albers,Christijan Albers,mf1,MF1,19,16,1:16.962,1:17.105,NaN
2006,11,liuzzi,Vitantonio Liuzzi,toro_rosso,Toro Rosso,20,17,1:17.164,NaN,NaN
2006,11,villeneuve,Jacques Villeneuve,bmw_sauber,BMW Sauber,17,18,1:17.304,NaN,NaN
2006,11,button,Jenson Button,honda,Honda,12,19,1:17.495,NaN,NaN
2006,11,monteiro,Tiago Monteiro,mf1,MF1,18,20,1:17.589,NaN,NaN
2006,11,montagny,Franck Montagny,super_aguri,Super Aguri,23,21,1:18.637,NaN,NaN
2006,11,sato,Takuma Sato,super_aguri,Super Aguri,22,22,1:18.845,NaN,NaN
2006,12,raikkonen,Kimi Räikkönen,mclaren,McLaren,3,1,1:15.214,1:14.410,1:14.070
2006,12,michael_schumacher,Michael Schumacher,ferrari,Ferrari,5,2,1:14.904,1:13.778,1:14.205
2006,12,massa,Felipe Massa,ferrari,Ferrari,6,3,1:14.412,1:14.094,1:14.569
2006,12,button,Jenson Button,honda,Honda,12,4,1:15.869,1:14.378,1:14.862
2006,12,fisichella,Giancarlo Fisichella,renault,Renault,2,5,1:15.916,1:14.540,1:14.894
2006,12,barrichello,Rubens Barrichello,honda,Honda,11,6,1:15.757,1:14.652,1:14.934
2006,12,alonso,Fernando Alonso,renault,Renault,1,7,1:15.518,1:14.746,1:15.282
2006,12,ralf_schumacher,Ralf Schumacher,toyota,Toyota,7,8,1:15.789,1:14.743,1:15.923
2006,12,rosa,Pedro de la Rosa,mclaren,McLaren,4,9,1:15.655,1:15.021,1:15.936
2006,12,coulthard,David Coulthard,red_bull,Red Bull,14,10,1:15.836,1:14.826,1:16.326
2006,12,webber,Mark Webber,williams,Williams,9,11,1:15.719,1:15.094,NaN
2006,12,klien,Christian Klien,red_bull,Red Bull,15,12,1:15.816,1:15.141,NaN
2006,12,trulli,Jarno Trulli,toyota,Toyota,8,13,1:15.430,1:15.150,NaN
2006,12,villeneuve,Jacques Villeneuve,bmw_sauber,BMW Sauber,17,14,1:16.281,1:15.329,NaN
2006,12,rosberg,Nico Rosberg,williams,Williams,10,15,1:16.183,1:15.380,NaN
2006,12,heidfeld,Nick Heidfeld,bmw_sauber,BMW Sauber,16,16,1:16.234,1:15.397,NaN
2006,12,liuzzi,Vitantonio Liuzzi,toro_rosso,Toro Rosso,20,17,1:16.399,NaN,NaN
2006,12,albers,Christijan Albers,mf1,MF1,19,18,1:17.093,NaN,NaN
2006,12,sato,Takuma Sato,super_aguri,Super Aguri,22,19,1:17.185,NaN,NaN
2006,12,monteiro,Tiago Monteiro,mf1,MF1,18,20,1:17.836,NaN,NaN
2006,12,yamamoto,Sakon Yamamoto,super_aguri,Super Aguri,23,21,1:20.444,NaN,NaN
2006,12,speed,Scott Speed,toro_rosso,Toro Rosso,21,22,,NaN,NaN
2006,13,raikkonen,Kimi Räikkönen,mclaren,McLaren,3,1,1:20.080,1:19.704,1:19.599
2006,13,massa,Felipe Massa,ferrari,Ferrari,6,2,1:19.742,1:19.504,1:19.886
2006,13,barrichello,Rubens Barrichello,honda,Honda,11,3,1:21.141,1:19.783,1:20.085
2006,13,button,Jenson Button,honda,Honda,12,4,1:20.820,1:19.943,1:20.092
2006,13,rosa,Pedro de la Rosa,mclaren,McLaren,4,5,1:21.288,1:19.991,1:20.117
2006,13,webber,Mark Webber,williams,Williams,9,6,1:21.335,1:20.047,1:20.266
2006,13,ralf_schumacher,Ralf Schumacher,toyota,Toyota,7,7,1:21.112,1:20.243,1:20.759
2006,13,fisichella,Giancarlo Fisichella,renault,Renault,2,8,1:21.370,1:20.154,1:20.924
2006,13,trulli,Jarno Trulli,toyota,Toyota,8,9,1:21.434,1:20.231,1:21.132
2006,13,kubica,Robert Kubica,bmw_sauber,BMW Sauber,17,10,1:20.891,1:20.256,1:22.049
2006,13,heidfeld,Nick Heidfeld,bmw_sauber,BMW Sauber,16,11,1:21.437,1:20.623,NaN
2006,13,michael_schumacher,Michael Schumacher,ferrari,Ferrari,5,12,1:21.440,1:20.875,NaN
2006,13,coulthard,David Coulthard,red_bull,Red Bull,14,13,1:21.163,1:20.890,NaN
2006,13,klien,Christian Klien,red_bull,Red Bull,15,14,1:22.027,1:21.207,NaN
2006,13,alonso,Fernando Alonso,renault,Renault,1,15,1:21.792,1:21.364,NaN
2006,13,monteiro,Tiago Monteiro,mf1,MF1,18,16,1:22.009,1:23.767,NaN
2006,13,liuzzi,Vitantonio Liuzzi,toro_rosso,Toro Rosso,20,17,1:22.068,NaN,NaN
2006,13,rosberg,Nico Rosberg,williams,Williams,10,18,1:22.084,NaN,NaN
2006,13,speed,Scott Speed,toro_rosso,Toro Rosso,21,19,1:22.317,NaN,NaN
2006,13,sato,Takuma Sato,super_aguri,Super Aguri,22,20,1:22.967,NaN,NaN
2006,13,albers,Christijan Albers,mf1,MF1,19,21,1:23.146,NaN,NaN
2006,13,yamamoto,Sakon Yamamoto,super_aguri,Super Aguri,23,22,1:24.016,NaN,NaN
2006,14,massa,Felipe Massa,ferrari,Ferrari,6,1,1:27.306,1:27.059,1:26.907
2006,14,michael_schumacher,Michael Schumacher,ferrari,Ferrari,5,2,1:27.385,1:25.850,1:27.284
2006,14,alonso,Fernando Alonso,renault,Renault,1,3,1:27.861,1:26.917,1:27.321
2006,14,fisichella,Giancarlo Fisichella,renault,Renault,2,4,1:28.175,1:27.346,1:27.564
2006,14,ralf_schumacher,Ralf Schumacher,toyota,Toyota,7,5,1:27.668,1:27.062,1:27.569
2006,14,heidfeld,Nick Heidfeld,bmw_sauber,BMW Sauber,16,6,1:28.200,1:27.251,1:27.785
2006,14,button,Jenson Button,honda,Honda,12,7,1:28.222,1:26.872,1:27.790
2006,14,raikkonen,Kimi Räikkönen,mclaren,McLaren,3,8,1:28.236,1:27.202,1:27.866
2006,14,kubica,Robert Kubica,bmw_sauber,BMW Sauber,17,9,1:28.212,1:27.405,1:28.167
2006,14,webber,Mark Webber,williams,Williams,9,10,1:28.307,1:27.608,1:29.436
2006,14,klien,Christian Klien,red_bull,Red Bull,15,11,1:28.271,1:27.852,NaN
2006,14,rosa,Pedro de la Rosa,mclaren,McLaren,4,12,1:28.403,1:27.897,NaN
2006,14,trulli,Jarno Trulli,toyota,Toyota,8,13,1:28.549,1:27.973,NaN
2006,14,barrichello,Rubens Barrichello,honda,Honda,11,14,1:28.411,1:28.257,NaN
2006,14,rosberg,Nico Rosberg,williams,Williams,10,15,1:28.889,1:28.386,NaN
2006,14,albers,Christijan Albers,mf1,MF1,19,16,1:29.021,1:28.639,NaN
2006,14,coulthard,David Coulthard,red_bull,Red Bull,14,17,1:29.136,NaN,NaN
2006,14,speed,Scott Speed,toro_rosso,Toro Rosso,21,18,1:29.158,NaN,NaN
2006,14,liuzzi,Vitantonio Liuzzi,toro_rosso,Toro Rosso,20,19,1:29.250,NaN,NaN
2006,14,monteiro,Tiago Monteiro,mf1,MF1,18,20,1:29.901,NaN,NaN
2006,14,yamamoto,Sakon Yamamoto,super_aguri,Super Aguri,23,21,1:30.607,NaN,NaN
2006,14,sato,Takuma Sato,super_aguri,Super Aguri,22,22,1:30.850,NaN,NaN
2006,15,raikkonen,Kimi Räikkönen,mclaren,McLaren,3,1,1:21.994,1:21.349,1:21.484
2006,15,michael_schumacher,Michael Schumacher,ferrari,Ferrari,5,2,1:21.711,1:21.353,1:21.486
2006,15,heidfeld,Nick Heidfeld,bmw_sauber,BMW Sauber,16,3,1:21.764,1:21.425,1:21.653
2006,15,massa,Felipe Massa,ferrari,Ferrari,6,4,1:22.028,1:21.225,1:21.704
2006,15,button,Jenson Button,honda,Honda,12,5,1:22.512,1:21.572,1:22.011
2006,15,kubica,Robert Kubica,bmw_sauber,BMW Sauber,17,6,1:22.437,1:21.270,1:22.258
2006,15,rosa,Pedro de la Rosa,mclaren,McLaren,4,7,1:22.422,1:21.878,1:22.280
2006,15,barrichello,Rubens Barrichello,honda,Honda,11,8,1:22.640,1:21.688,1:22.787
2006,15,fisichella,Giancarlo Fisichella,renault,Renault,2,9,1:22.486,1:21.722,1:23.175
2006,15,alonso,Fernando Alonso,renault,Renault,1,10,1:21.747,1:21.526,1:25.688
2006,15,trulli,Jarno Trulli,toyota,Toyota,8,11,1:22.093,1:21.924,NaN
2006,15,rosberg,Nico Rosberg,williams,Williams,10,12,1:22.581,1:22.203,NaN
2006,15,ralf_schumacher,Ralf Schumacher,toyota,Toyota,7,13,1:22.622,1:22.280,NaN
2006,15,coulthard,David Coulthard,red_bull,Red Bull,14,14,1:22.618,1:22.589,NaN
2006,15,speed,Scott Speed,toro_rosso,Toro Rosso,21,15,1:22.943,1:23.165,NaN
2006,15,klien,Christian Klien,red_bull,Red Bull,15,16,1:22.898,NaN,NaN
2006,15,liuzzi,Vitantonio Liuzzi,toro_rosso,Toro Rosso,20,17,1:23.043,NaN,NaN
2006,15,albers,Christijan Albers,spyker_mf1,Spyker MF1,19,18,1:23.116,NaN,NaN
2006,15,webber,Mark Webber,williams,Williams,9,19,1:23.341,NaN,NaN
2006,15,monteiro,Tiago Monteiro,spyker_mf1,Spyker MF1,18,20,1:23.920,NaN,NaN
2006,15,sato,Takuma Sato,super_aguri,Super Aguri,22,21,1:24.289,NaN,NaN
2006,15,yamamoto,Sakon Yamamoto,super_aguri,Super Aguri,23,22,1:26.001,NaN,NaN
2006,16,alonso,Fernando Alonso,renault,Renault,1,1,1:44.128,1:43.951,1:44.360
2006,16,fisichella,Giancarlo Fisichella,renault,Renault,2,2,1:44.378,1:44.336,1:44.992
2006,16,barrichello,Rubens Barrichello,honda,Honda,11,3,1:47.072,1:45.228,1:45.503
2006,16,button,Jenson Button,honda,Honda,12,4,1:45.809,1:44.662,1:45.503
2006,16,raikkonen,Kimi Räikkönen,mclaren,McLaren,3,5,1:44.909,1:45.622,1:45.754
2006,16,michael_schumacher,Michael Schumacher,ferrari,Ferrari,5,6,1:47.366,1:45.660,1:45.775
2006,16,rosa,Pedro de la Rosa,mclaren,McLaren,4,7,1:44.808,1:45.095,1:45.877
2006,16,heidfeld,Nick Heidfeld,bmw_sauber,BMW Sauber,16,8,1:46.249,1:45.055,1:46.053
2006,16,kubica,Robert Kubica,bmw_sauber,BMW Sauber,17,9,1:46.049,1:45.576,1:46.632
2006,16,doornbos,Robert Doornbos,red_bull,Red Bull,15,10,1:46.387,1:45.747,1:48.021
2006,16,speed,Scott Speed,toro_rosso,Toro Rosso,21,11,1:46.222,1:45.851,NaN
2006,16,coulthard,David Coulthard,red_bull,Red Bull,14,12,1:45.931,1:45.968,NaN
2006,16,liuzzi,Vitantonio Liuzzi,toro_rosso,Toro Rosso,20,13,1:45.564,1:46.172,NaN
2006,16,webber,Mark Webber,williams,Williams,9,14,1:48.560,1:46.413,NaN
2006,16,rosberg,Nico Rosberg,williams,Williams,10,15,1:47.535,1:47.419,NaN
2006,16,ralf_schumacher,Ralf Schumacher,toyota,Toyota,7,16,1:48.894,NaN,NaN
2006,16,trulli,Jarno Trulli,toyota,Toyota,8,17,1:49.098,NaN,NaN
2006,16,monteiro,Tiago Monteiro,spyker_mf1,Spyker MF1,18,18,1:49.903,NaN,NaN
2006,16,yamamoto,Sakon Yamamoto,super_aguri,Super Aguri,23,19,1:55.560,NaN,NaN
2006,16,massa,Felipe Massa,ferrari,Ferrari,6,20,1:47.231,1:45.970,NaN
2006,16,sato,Takuma Sato,super_aguri,Super Aguri,22,21,1:50.326,NaN,NaN
2006,16,albers,Christijan Albers,spyker_mf1,Spyker MF1,19,22,1:49.542,NaN,NaN
2006,17,massa,Felipe Massa,ferrari,Ferrari,6,1,1:30.112,1:29.830,1:29.599
2006,17,michael_schumacher,Michael Schumacher,ferrari,Ferrari,5,2,1:31.279,1:28.954,1:29.711
2006,17,ralf_schumacher,Ralf Schumacher,toyota,Toyota,7,3,1:30.595,1:30.299,1:29.989
2006,17,trulli,Jarno Trulli,toyota,Toyota,8,4,1:30.420,1:30.204,1:30.039
2006,17,alonso,Fernando Alonso,renault,Renault,1,5,1:30.976,1:30.357,1:30.371
2006,17,fisichella,Giancarlo Fisichella,renault,Renault,2,6,1:31.696,1:30.306,1:30.599
2006,17,button,Jenson Button,honda,Honda,12,7,1:30.847,1:30.268,1:30.992
2006,17,barrichello,Rubens Barrichello,honda,Honda,11,8,1:31.972,1:30.598,1:31.478
2006,17,heidfeld,Nick Heidfeld,bmw_sauber,BMW Sauber,16,9,1:31.811,1:30.470,1:31.513
2006,17,rosberg,Nico Rosberg,williams,Williams,10,10,1:30.585,1:30.321,1:31.856
2006,17,raikkonen,Kimi Räikkönen,mclaren,McLaren,3,11,1:32.080,1:30.827,NaN
2006,17,kubica,Robert Kubica,bmw_sauber,BMW Sauber,17,12,1:31.204,1:31.094,NaN
2006,17,rosa,Pedro de la Rosa,mclaren,McLaren,4,13,1:31.581,1:31.254,NaN
2006,17,webber,Mark Webber,williams,Williams,9,14,1:31.647,1:31.276,NaN
2006,17,liuzzi,Vitantonio Liuzzi,toro_rosso,Toro Rosso,20,15,1:31.741,1:31.943,NaN
2006,17,albers,Christijan Albers,spyker_mf1,Spyker MF1,19,16,1:32.221,1:33.750,NaN
2006,17,coulthard,David Coulthard,red_bull,Red Bull,14,17,1:32.252,NaN,NaN
2006,17,doornbos,Robert Doornbos,red_bull,Red Bull,15,18,1:32.402,NaN,NaN
2006,17,speed,Scott Speed,toro_rosso,Toro Rosso,21,19,1:32.867,NaN,NaN
2006,17,sato,Takuma Sato,super_aguri,Super Aguri,22,20,1:33.666,NaN,NaN
2006,17,monteiro,Tiago Monteiro,spyker_mf1,Spyker MF1,18,21,1:33.709,NaN,NaN
2006,17,yamamoto,Sakon Yamamoto,super_aguri,Super Aguri,23,22,,NaN,NaN
2006,18,massa,Felipe Massa,ferrari,Ferrari,6,1,1:10.643,1:10.775,1:10.680
2006,18,raikkonen,Kimi Räikkönen,mclaren,McLaren,3,2,1:12.035,1:11.386,1:11.299
2006,18,trulli,Jarno Trulli,toyota,Toyota,8,3,1:11.885,1:11.343,1:11.328
2006,18,alonso,Fernando Alonso,renault,Renault,1,4,1:11.791,1:11.148,1:11.567
2006,18,barrichello,Rubens Barrichello,honda,Honda,11,5,1:12.017,1:11.578,1:11.619
2006,18,fisichella,Giancarlo Fisichella,renault,Renault,2,6,1:12.042,1:11.461,1:11.629
2006,18,ralf_schumacher,Ralf Schumacher,toyota,Toyota,7,7,1:11.713,1:11.550,1:11.695
2006,18,heidfeld,Nick Heidfeld,bmw_sauber,BMW Sauber,16,8,1:12.307,1:11.648,1:11.882
2006,18,kubica,Robert Kubica,bmw_sauber,BMW Sauber,17,9,1:12.040,1:11.589,1:12.131
2006,18,michael_schumacher,Michael Schumacher,ferrari,Ferrari,5,10,1:11.565,1:10.313,NaN
2006,18,webber,Mark Webber,williams,Williams,9,11,1:11.973,1:11.650,NaN
2006,18,rosa,Pedro de la Rosa,mclaren,McLaren,4,12,1:11.825,1:11.658,NaN
2006,18,rosberg,Nico Rosberg,williams,Williams,10,13,1:11.974,1:11.679,NaN
2006,18,button,Jenson Button,honda,Honda,12,14,1:12.085,1:11.742,NaN
2006,18,doornbos,Robert Doornbos,red_bull,Red Bull,15,15,1:12.530,1:12.591,NaN
2006,18,liuzzi,Vitantonio Liuzzi,toro_rosso,Toro Rosso,20,16,1:12.855,1:12.861,NaN
2006,18,speed,Scott Speed,toro_rosso,Toro Rosso,21,17,1:12.856,NaN,NaN
2006,18,albers,Christijan Albers,spyker_mf1,Spyker MF1,19,18,1:13.138,NaN,NaN
2006,18,coulthard,David Coulthard,red_bull,Red Bull,14,19,1:13.249,NaN,NaN
2006,18,sato,Takuma Sato,super_aguri,Super Aguri,22,20,1:13.269,NaN,NaN
2006,18,yamamoto,Sakon Yamamoto,super_aguri,Super Aguri,23,21,1:13.357,NaN,NaN
2006,18,monteiro,Tiago Monteiro,spyker_mf1,Spyker MF1,18,22,,NaN,NaN
2007,1,raikkonen,Kimi Räikkönen,ferrari,Ferrari,6,1,1:26.644,1:25.644,1:26.072
2007,1,alonso,Fernando Alonso,mclaren,McLaren,1,2,1:26.697,1:25.326,1:26.493
2007,1,heidfeld,Nick Heidfeld,bmw_sauber,BMW Sauber,9,3,1:26.895,1:25.358,1:26.556
2007,1,hamilton,Lewis Hamilton,mclaren,McLaren,2,4,1:26.674,1:25.577,1:26.755
2007,1,kubica,Robert Kubica,bmw_sauber,BMW Sauber,10,5,1:26.696,1:25.882,1:27.347
2007,1,fisichella,Giancarlo Fisichella,renault,Renault,3,6,1:27.270,1:25.944,1:27.634
2007,1,webber,Mark Webber,red_bull,Red Bull,15,7,1:26.978,1:26.623,1:27.934
2007,1,trulli,Jarno Trulli,toyota,Toyota,12,8,1:27.014,1:26.688,1:28.404
2007,1,ralf_schumacher,Ralf Schumacher,toyota,Toyota,11,9,1:27.328,1:26.739,1:28.692
2007,1,sato,Takuma Sato,super_aguri,Super Aguri,22,10,1:27.365,1:26.758,1:28.871
2007,1,davidson,Anthony Davidson,super_aguri,Super Aguri,23,11,1:26.986,1:26.909,NaN
2007,1,rosberg,Nico Rosberg,williams,Williams,16,12,1:27.596,1:26.914,NaN
2007,1,kovalainen,Heikki Kovalainen,renault,Renault,4,13,1:27.529,1:26.964,NaN
2007,1,button,Jenson Button,honda,Honda,7,14,1:27.540,1:27.264,NaN
2007,1,wurz,Alexander Wurz,williams,Williams,17,15,1:27.479,1:27.393,NaN
2007,1,massa,Felipe Massa,ferrari,Ferrari,5,16,1:26.712,NaN,NaN
2007,1,barrichello,Rubens Barrichello,honda,Honda,8,17,1:27.679,NaN,NaN
2007,1,speed,Scott Speed,toro_rosso,Toro Rosso,19,18,1:28.305,NaN,NaN
2007,1,coulthard,David Coulthard,red_bull,Red Bull,14,19,1:28.579,NaN,NaN
2007,1,liuzzi,Vitantonio Liuzzi,toro_rosso,Toro Rosso,18,20,1:29.267,NaN,NaN
2007,1,sutil,Adrian Sutil,spyker,Spyker,20,21,1:29.339,NaN,NaN
2007,1,albers,Christijan Albers,spyker,Spyker,21,22,1:31.932,NaN,NaN
2007,2,massa,Felipe Massa,ferrari,Ferrari,5,1,1:35.340,1:34.454,1:35.043
2007,2,alonso,Fernando Alonso,mclaren,McLaren,1,2,1:34.942,1:34.057,1:35.310
2007,2,raikkonen,Kimi Räikkönen,ferrari,Ferrari,6,3,1:35.138,1:34.687,1:35.479
2007,2,hamilton,Lewis Hamilton,mclaren,McLaren,2,4,1:35.028,1:34.650,1:36.045
2007,2,heidfeld,Nick Heidfeld,bmw_sauber,BMW Sauber,9,5,1:35.617,1:35.203,1:36.543
2007,2,rosberg,Nico Rosberg,williams,Williams,16,6,1:35.755,1:35.380,1:36.829
2007,2,kubica,Robert Kubica,bmw_sauber,BMW Sauber,10,7,1:35.294,1:34.739,1:36.839
2007,2,trulli,Jarno Trulli,toyota,Toyota,12,8,1:35.666,1:35.255,1:36.902
2007,2,ralf_schumacher,Ralf Schumacher,toyota,Toyota,11,9,1:35.736,1:35.595,1:37.078
2007,2,webber,Mark Webber,red_bull,Red Bull,15,10,1:35.727,1:35.579,1:37.345
2007,2,kovalainen,Heikki Kovalainen,renault,Renault,4,11,1:36.092,1:35.630,NaN
2007,2,fisichella,Giancarlo Fisichella,renault,Renault,3,12,1:35.879,1:35.706,NaN
2007,2,coulthard,David Coulthard,red_bull,Red Bull,14,13,1:35.730,1:35.766,NaN
2007,2,sato,Takuma Sato,super_aguri,Super Aguri,22,14,1:36.430,1:35.945,NaN
2007,2,button,Jenson Button,honda,Honda,7,15,1:35.913,1:36.088,NaN
2007,2,liuzzi,Vitantonio Liuzzi,toro_rosso,Toro Rosso,18,16,1:36.140,1:36.145,NaN
2007,2,speed,Scott Speed,toro_rosso,Toro Rosso,19,17,1:36.578,NaN,NaN
2007,2,davidson,Anthony Davidson,super_aguri,Super Aguri,23,18,1:36.816,NaN,NaN
2007,2,barrichello,Rubens Barrichello,honda,Honda,8,19,1:36.827,NaN,NaN
2007,2,wurz,Alexander Wurz,williams,Williams,17,20,1:37.326,NaN,NaN
2007,2,albers,Christijan Albers,spyker,Spyker,21,21,1:38.279,NaN,NaN
2007,2,sutil,Adrian Sutil,spyker,Spyker,20,22,1:38.415,NaN,NaN
2007,3,massa,Felipe Massa,ferrari,Ferrari,5,1,1:32.443,1:31.359,1:32.652
2007,3,hamilton,Lewis Hamilton,mclaren,McLaren,2,2,1:32.580,1:31.752,1:32.935
2007,3,raikkonen,Kimi Räikkönen,ferrari,Ferrari,6,3,1:33.161,1:31.812,1:33.131
2007,3,alonso,Fernando Alonso,mclaren,McLaren,1,4,1:33.049,1:32.214,1:33.192
2007,3,heidfeld,Nick Heidfeld,bmw_sauber,BMW Sauber,9,5,1:33.164,1:32.154,1:33.404
2007,3,kubica,Robert Kubica,bmw_sauber,BMW Sauber,10,6,1:33.348,1:32.292,1:33.710
2007,3,fisichella,Giancarlo Fisichella,renault,Renault,3,7,1:33.556,1:32.889,1:34.056
2007,3,webber,Mark Webber,red_bull,Red Bull,15,8,1:33.496,1:32.808,1:34.106
2007,3,trulli,Jarno Trulli,toyota,Toyota,12,9,1:33.218,1:32.429,1:34.154
2007,3,rosberg,Nico Rosberg,williams,Williams,16,10,1:33.349,1:32.815,1:34.399
2007,3,wurz,Alexander Wurz,williams,Williams,17,11,1:33.759,1:32.915,NaN
2007,3,kovalainen,Heikki Kovalainen,renault,Renault,4,12,1:33.467,1:32.935,NaN
2007,3,davidson,Anthony Davidson,super_aguri,Super Aguri,23,13,1:33.299,1:33.082,NaN
2007,3,ralf_schumacher,Ralf Schumacher,toyota,Toyota,11,14,1:33.923,1:33.294,NaN
2007,3,barrichello,Rubens Barrichello,honda,Honda,8,15,1:33.776,1:33.624,NaN
2007,3,button,Jenson Button,honda,Honda,7,16,1:33.967,1:33.731,NaN
2007,3,sato,Takuma Sato,super_aguri,Super Aguri,22,17,1:33.984,NaN,NaN
2007,3,liuzzi,Vitantonio Liuzzi,toro_rosso,Toro Rosso,18,18,1:34.024,NaN,NaN
2007,3,speed,Scott Speed,toro_rosso,Toro Rosso,19,19,1:34.333,NaN,NaN
2007,3,sutil,Adrian Sutil,spyker,Spyker,20,20,1:35.280,NaN,NaN
2007,3,coulthard,David Coulthard,red_bull,Red Bull,14,21,1:35.341,NaN,NaN
2007,3,albers,Christijan Albers,spyker,Spyker,12,22,1:35.533,NaN,NaN
2007,4,massa,Felipe Massa,ferrari,Ferrari,5,1,1:21.375,1:20.597,1:21.421
2007,4,alonso,Fernando Alonso,mclaren,McLaren,1,2,1:21.609,1:20.797,1:21.451
2007,4,raikkonen,Kimi Räikkönen,ferrari,Ferrari,6,3,1:21.802,1:20.741,1:21.723
2007,4,hamilton,Lewis Hamilton,mclaren,McLaren,2,4,1:21.120,1:20.713,1:21.785
2007,4,kubica,Robert Kubica,bmw_sauber,BMW Sauber,10,5,1:21.941,1:21.381,1:22.253
2007,4,trulli,Jarno Trulli,toyota,Toyota,12,6,1:22.501,1:21.554,1:22.324
2007,4,heidfeld,Nick Heidfeld,bmw_sauber,BMW Sauber,9,7,1:21.625,1:21.113,1:22.389
2007,4,kovalainen,Heikki Kovalainen,renault,Renault,4,8,1:21.790,1:21.623,1:22.568
2007,4,coulthard,David Coulthard,red_bull,Red Bull,14,9,1:22.491,1:21.488,1:22.749
2007,4,fisichella,Giancarlo Fisichella,renault,Renault,3,10,1:22.064,1:21.677,1:22.881
2007,4,rosberg,Nico Rosberg,williams,Williams,16,11,1:21.943,1:21.968,NaN
2007,4,barrichello,Rubens Barrichello,honda,Honda,8,12,1:22.502,1:22.097,NaN
2007,4,sato,Takuma Sato,super_aguri,Super Aguri,22,13,1:22.090,1:22.115,NaN
2007,4,button,Jenson Button,honda,Honda,7,14,1:22.503,1:22.120,NaN
2007,4,davidson,Anthony Davidson,super_aguri,Super Aguri,23,15,1:22.295,NaN,NaN
2007,4,liuzzi,Vitantonio Liuzzi,toro_rosso,Toro Rosso,18,16,1:22.508,NaN,NaN
2007,4,ralf_schumacher,Ralf Schumacher,toyota,Toyota,11,17,1:22.666,NaN,NaN
2007,4,wurz,Alexander Wurz,williams,Williams,17,18,1:22.769,NaN,NaN
2007,4,webber,Mark Webber,red_bull,Red Bull,15,19,1:23.398,NaN,NaN
2007,4,sutil,Adrian Sutil,spyker,Spyker,20,20,1:23.811,NaN,NaN
2007,4,albers,Christijan Albers,spyker,Spyker,21,21,1:23.990,NaN,NaN
2007,4,speed,Scott Speed,toro_rosso,Toro Rosso,19,22,,NaN,NaN
2007,5,alonso,Fernando Alonso,mclaren,McLaren,1,1,1:16.059,1:15.431,1:15.726
2007,5,hamilton,Lewis Hamilton,mclaren,McLaren,2,2,1:15.685,1:15.479,1:15.905
2007,5,massa,Felipe Massa,ferrari,Ferrari,5,3,1:16.786,1:16.034,1:15.967
2007,5,fisichella,Giancarlo Fisichella,renault,Renault,3,4,1:17.596,1:16.054,1:16.285
2007,5,rosberg,Nico Rosberg,williams,Williams,16,5,1:16.870,1:16.100,1:16.439
2007,5,webber,Mark Webber,red_bull,Red Bull,15,6,1:17.816,1:16.420,1:16.784
2007,5,heidfeld,Nick Heidfeld,bmw_sauber,BMW Sauber,9,7,1:17.385,1:15.733,1:16.832
2007,5,kubica,Robert Kubica,bmw_sauber,BMW Sauber,10,8,1:17.584,1:15.576,1:16.955
2007,5,barrichello,Rubens Barrichello,honda,Honda,8,9,1:17.244,1:16.454,1:17.498
2007,5,button,Jenson Button,honda,Honda,7,10,1:17.297,1:16.457,1:17.939
2007,5,wurz,Alexander Wurz,williams,Williams,17,11,1:17.874,1:16.662,NaN
2007,5,liuzzi,Vitantonio Liuzzi,toro_rosso,Toro Rosso,18,12,1:16.720,1:16.703,NaN
2007,5,coulthard,David Coulthard,red_bull,Red Bull,14,13,1:17.204,1:16.319,NaN
2007,5,trulli,Jarno Trulli,toyota,Toyota,12,14,1:17.686,1:16.988,NaN
2007,5,kovalainen,Heikki Kovalainen,renault,Renault,4,15,1:17.836,1:17.125,NaN
2007,5,raikkonen,Kimi Räikkönen,ferrari,Ferrari,6,16,1:16.251,NaN,NaN
2007,5,davidson,Anthony Davidson,super_aguri,Super Aguri,23,17,1:18.250,NaN,NaN
2007,5,speed,Scott Speed,toro_rosso,Toro Rosso,19,18,1:18.390,NaN,NaN
2007,5,sutil,Adrian Sutil,spyker,Spyker,20,19,1:18.418,NaN,NaN
2007,5,ralf_schumacher,Ralf Schumacher,toyota,Toyota,11,20,1:18.539,NaN,NaN
2007,5,sato,Takuma Sato,super_aguri,Super Aguri,22,21,1:18.554,NaN,NaN
2007,5,albers,Christijan Albers,spyker,Spyker,21,22,,NaN,NaN
2007,6,hamilton,Lewis Hamilton,mclaren,McLaren,2,1,1:16.576,1:15.486,1:15.707
2007,6,alonso,Fernando Alonso,mclaren,McLaren,1,2,1:16.562,1:15.522,1:16.163
2007,6,heidfeld,Nick Heidfeld,bmw_sauber,BMW Sauber,9,3,1:17.006,1:15.960,1:16.266
2007,6,raikkonen,Kimi Räikkönen,ferrari,Ferrari,6,4,1:16.468,1:16.592,1:16.411
2007,6,massa,Felipe Massa,ferrari,Ferrari,5,5,1:16.756,1:16.138,1:16.570
2007,6,webber,Mark Webber,red_bull,Red Bull,15,6,1:17.315,1:16.257,1:16.913
2007,6,rosberg,Nico Rosberg,williams,Williams,16,7,1:17.016,1:16.190,1:16.919
2007,6,kubica,Robert Kubica,bmw_sauber,BMW Sauber,10,8,1:17.267,1:16.368,1:16.993
2007,6,fisichella,Giancarlo Fisichella,renault,Renault,3,9,1:16.805,1:16.288,1:17.229
2007,6,trulli,Jarno Trulli,toyota,Toyota,12,10,1:17.324,1:16.600,1:17.747
2007,6,sato,Takuma Sato,super_aguri,Super Aguri,22,11,1:17.490,1:16.743,NaN
2007,6,liuzzi,Vitantonio Liuzzi,toro_rosso,Toro Rosso,18,12,1:17.541,1:16.760,NaN
2007,6,barrichello,Rubens Barrichello,honda,Honda,8,13,1:17.011,1:17.116,NaN
2007,6,coulthard,David Coulthard,red_bull,Red Bull,14,14,1:17.436,1:17.304,NaN
2007,6,button,Jenson Button,honda,Honda,7,15,1:17.522,1:17.541,NaN
2007,6,speed,Scott Speed,toro_rosso,Toro Rosso,19,16,1:17.433,1:17.571,NaN
2007,6,davidson,Anthony Davidson,super_aguri,Super Aguri,23,17,1:17.542,NaN,NaN
2007,6,ralf_schumacher,Ralf Schumacher,toyota,Toyota,11,18,1:17.634,NaN,NaN
2007,6,wurz,Alexander Wurz,williams,Williams,17,19,1:18.089,NaN,NaN
2007,6,sutil,Adrian Sutil,spyker,Spyker,20,20,1:18.536,NaN,NaN
2007,6,albers,Christijan Albers,spyker,Spyker,21,21,1:19.196,NaN,NaN
2007,6,kovalainen,Heikki Kovalainen,renault,Renault,4,22,1:17.806,NaN,NaN
2007,7,hamilton,Lewis Hamilton,mclaren,McLaren,2,1,1:12.563,1:12.065,1:12.331
2007,7,alonso,Fernando Alonso,mclaren,McLaren,1,2,1:12.416,1:11.926,1:12.500
2007,7,massa,Felipe Massa,ferrari,Ferrari,5,3,1:12.731,1:12.180,1:12.703
2007,7,raikkonen,Kimi Räikkönen,ferrari,Ferrari,6,4,1:12.732,1:12.111,1:12.839
2007,7,heidfeld,Nick Heidfeld,bmw_sauber,BMW Sauber,9,5,1:12.543,1:12.188,1:12.847
2007,7,kovalainen,Heikki Kovalainen,renault,Renault,4,6,1:12.998,1:12.599,1:13.308
2007,7,vettel,Sebastian Vettel,bmw_sauber,BMW Sauber,10,7,1:12.711,1:12.644,1:13.513
2007,7,trulli,Jarno Trulli,toyota,Toyota,12,8,1:13.186,1:12.828,1:13.789
2007,7,webber,Mark Webber,red_bull,Red Bull,15,9,1:13.425,1:12.788,1:13.871
2007,7,fisichella,Giancarlo Fisichella,renault,Renault,3,10,1:13.168,1:12.603,1:13.953
2007,7,coulthard,David Coulthard,red_bull,Red Bull,14,11,1:13.424,1:12.873,NaN
2007,7,ralf_schumacher,Ralf Schumacher,toyota,Toyota,11,12,1:12.851,1:12.920,NaN
2007,7,button,Jenson Button,honda,Honda,7,13,1:13.306,1:12.998,NaN
2007,7,rosberg,Nico Rosberg,williams,Williams,16,14,1:13.128,1:13.060,NaN
2007,7,barrichello,Rubens Barrichello,honda,Honda,8,15,1:13.203,1:13.201,NaN
2007,7,davidson,Anthony Davidson,super_aguri,Super Aguri,23,16,1:13.164,1:13.259,NaN
2007,7,wurz,Alexander Wurz,williams,Williams,17,17,1:13.441,NaN,NaN
2007,7,sato,Takuma Sato,super_aguri,Super Aguri,22,18,1:13.477,NaN,NaN
2007,7,liuzzi,Vitantonio Liuzzi,toro_rosso,Toro Rosso,18,19,1:13.484,NaN,NaN
2007,7,speed,Scott Speed,toro_rosso,Toro Rosso,19,20,1:13.712,NaN,NaN
2007,7,sutil,Adrian Sutil,spyker,Spyker,20,21,1:14.122,NaN,NaN
2007,7,albers,Christijan Albers,spyker,Spyker,21,22,1:14.597,NaN,NaN
2007,8,massa,Felipe Massa,ferrari,Ferrari,5,1,1:15.303,1:14.822,1:15.034
2007,8,hamilton,Lewis Hamilton,mclaren,McLaren,2,2,1:14.805,1:14.795,1:15.104
2007,8,raikkonen,Kimi Räikkönen,ferrari,Ferrari,6,3,1:14.872,1:14.828,1:15.257
2007,8,kubica,Robert Kubica,bmw_sauber,BMW Sauber,10,4,1:15.778,1:15.066,1:15.493
2007,8,fisichella,Giancarlo Fisichella,renault,Renault,3,5,1:16.047,1:15.227,1:15.674
2007,8,kovalainen,Heikki Kovalainen,renault,Renault,4,6,1:15.524,1:15.272,1:15.826
2007,8,heidfeld,Nick Heidfeld,bmw_sauber,BMW Sauber,9,7,1:15.783,1:15.149,1:15.900
2007,8,trulli,Jarno Trulli,toyota,Toyota,12,8,1:16.118,1:15.379,1:15.935
2007,8,rosberg,Nico Rosberg,williams,Williams,16,9,1:16.092,1:15.331,1:16.328
2007,8,alonso,Fernando Alonso,mclaren,McLaren,1,10,1:15.322,1:15.084,NaN
2007,8,ralf_schumacher,Ralf Schumacher,toyota,Toyota,11,11,1:15.760,1:15.534,NaN
2007,8,button,Jenson Button,honda,Honda,7,12,1:16.113,1:15.584,NaN
2007,8,barrichello,Rubens Barrichello,honda,Honda,8,13,1:16.140,1:15.761,NaN
2007,8,webber,Mark Webber,red_bull,Red Bull,15,14,1:15.746,1:15.806,NaN
2007,8,speed,Scott Speed,toro_rosso,Toro Rosso,19,15,1:15.980,1:16.049,NaN
2007,8,coulthard,David Coulthard,red_bull,Red Bull,14,16,1:15.915,NaN,NaN
2007,8,liuzzi,Vitantonio Liuzzi,toro_rosso,Toro Rosso,18,17,1:16.142,NaN,NaN
2007,8,wurz,Alexander Wurz,williams,Williams,17,18,1:16.241,NaN,NaN
2007,8,davidson,Anthony Davidson,super_aguri,Super Aguri,23,19,1:16.366,NaN,NaN
2007,8,albers,Christijan Albers,spyker,Spyker,21,20,1:17.826,NaN,NaN
2007,8,sutil,Adrian Sutil,spyker,Spyker,20,21,1:17.915,NaN,NaN
2007,8,sato,Takuma Sato,super_aguri,Super Aguri,22,22,1:16.244,NaN,NaN
2007,9,hamilton,Lewis Hamilton,mclaren,McLaren,2,1,1:19.885,1:19.400,1:19.997
2007,9,raikkonen,Kimi Räikkönen,ferrari,Ferrari,6,2,1:19.753,1:19.252,1:20.099
2007,9,alonso,Fernando Alonso,mclaren,McLaren,1,3,1:19.330,1:19.152,1:20.147
2007,9,massa,Felipe Massa,ferrari,Ferrari,5,4,1:19.790,1:19.421,1:20.265
2007,9,kubica,Robert Kubica,bmw_sauber,BMW Sauber,10,5,1:20.294,1:20.054,1:20.401
2007,9,ralf_schumacher,Ralf Schumacher,toyota,Toyota,11,6,1:20.513,1:19.860,1:20.516
2007,9,kovalainen,Heikki Kovalainen,renault,Renault,4,7,1:20.570,1:20.077,1:20.721
2007,9,fisichella,Giancarlo Fisichella,renault,Renault,3,8,1:20.842,1:20.042,1:20.775
2007,9,heidfeld,Nick Heidfeld,bmw_sauber,BMW Sauber,9,9,1:20.534,1:20.178,1:20.894
2007,9,trulli,Jarno Trulli,toyota,Toyota,12,10,1:21.150,1:20.133,1:21.240
2007,9,webber,Mark Webber,red_bull,Red Bull,15,11,1:20.583,1:20.235,NaN
2007,9,coulthard,David Coulthard,red_bull,Red Bull,14,12,1:21.154,1:20.329,NaN
2007,9,wurz,Alexander Wurz,williams,Williams,17,13,1:20.830,1:20.350,NaN
2007,9,barrichello,Rubens Barrichello,honda,Honda,8,14,1:21.169,1:20.364,NaN
2007,9,speed,Scott Speed,toro_rosso,Toro Rosso,19,15,1:20.834,1:20.515,NaN
2007,9,liuzzi,Vitantonio Liuzzi,toro_rosso,Toro Rosso,18,16,1:21.160,1:20.823,NaN
2007,9,rosberg,Nico Rosberg,williams,Williams,16,17,1:21.219,NaN,NaN
2007,9,button,Jenson Button,honda,Honda,7,18,1:21.335,NaN,NaN
2007,9,davidson,Anthony Davidson,super_aguri,Super Aguri,23,19,1:21.448,NaN,NaN
2007,9,sutil,Adrian Sutil,spyker,Spyker,20,20,1:22.019,NaN,NaN
2007,9,sato,Takuma Sato,super_aguri,Super Aguri,22,21,1:22.045,NaN,NaN
2007,9,albers,Christijan Albers,spyker,Spyker,21,22,1:22.586,NaN,NaN
2007,10,raikkonen,Kimi Räikkönen,ferrari,Ferrari,6,1,1:31.522,1:31.237,1:31.450
2007,10,alonso,Fernando Alonso,mclaren,McLaren,1,2,1:31.074,1:30.983,1:31.741
2007,10,massa,Felipe Massa,ferrari,Ferrari,5,3,1:31.447,1:30.912,1:31.778
2007,10,heidfeld,Nick Heidfeld,bmw_sauber,BMW Sauber,9,4,1:31.889,1:31.652,1:31.840
2007,10,kubica,Robert Kubica,bmw_sauber,BMW Sauber,10,5,1:31.961,1:31.444,1:32.123
2007,10,webber,Mark Webber,red_bull,Red Bull,15,6,1:32.629,1:31.661,1:32.476
2007,10,kovalainen,Heikki Kovalainen,renault,Renault,4,7,1:32.594,1:31.783,1:32.478
2007,10,trulli,Jarno Trulli,toyota,Toyota,12,8,1:32.381,1:31.859,1:32.501
2007,10,ralf_schumacher,Ralf Schumacher,toyota,Toyota,11,9,1:32.446,1:31.843,1:32.570
2007,10,hamilton,Lewis Hamilton,mclaren,McLaren,2,10,1:31.587,1:31.185,1:33.833
2007,10,rosberg,Nico Rosberg,williams,Williams,16,11,1:32.117,1:31.978,NaN
2007,10,wurz,Alexander Wurz,williams,Williams,17,12,1:32.173,1:31.996,NaN
2007,10,fisichella,Giancarlo Fisichella,renault,Renault,3,13,1:32.378,1:32.010,NaN
2007,10,barrichello,Rubens Barrichello,honda,Honda,8,14,1:32.674,1:32.221,NaN
2007,10,davidson,Anthony Davidson,super_aguri,Super Aguri,23,15,1:32.793,1:32.451,NaN
2007,10,sato,Takuma Sato,super_aguri,Super Aguri,22,16,1:32.678,1:32.838,NaN
2007,10,button,Jenson Button,honda,Honda,7,17,1:32.983,NaN,NaN
2007,10,speed,Scott Speed,toro_rosso,Toro Rosso,19,18,1:33.038,NaN,NaN
2007,10,liuzzi,Vitantonio Liuzzi,toro_rosso,Toro Rosso,18,19,1:33.148,NaN,NaN
2007,10,coulthard,David Coulthard,red_bull,Red Bull,14,20,1:33.151,NaN,NaN
2007,10,sutil,Adrian Sutil,spyker,Spyker,20,21,1:34.500,NaN,NaN
2007,10,markus_winkelhock,Markus Winkelhock,spyker,Spyker,21,22,1:35.940,NaN,NaN
2007,11,alonso,Fernando Alonso,mclaren,McLaren,1,1,1:20.425,1:19.661,1:19.674
2007,11,hamilton,Lewis Hamilton,mclaren,McLaren,2,2,1:19.570,1:19.301,1:19.781
2007,11,heidfeld,Nick Heidfeld,bmw_sauber,BMW Sauber,9,3,1:20.751,1:20.322,1:20.259
2007,11,raikkonen,Kimi Räikkönen,ferrari,Ferrari,6,4,1:20.435,1:20.107,1:20.410
2007,11,rosberg,Nico Rosberg,williams,Williams,16,5,1:20.547,1:20.188,1:20.632
2007,11,ralf_schumacher,Ralf Schumacher,toyota,Toyota,11,6,1:20.449,1:20.455,1:20.714
2007,11,kubica,Robert Kubica,bmw_sauber,BMW Sauber,10,7,1:20.366,1:20.703,1:20.876
2007,11,fisichella,Giancarlo Fisichella,renault,Renault,3,8,1:21.645,1:20.590,1:21.079
2007,11,trulli,Jarno Trulli,toyota,Toyota,12,9,1:20.481,1:19.951,1:21.206
2007,11,webber,Mark Webber,red_bull,Red Bull,15,10,1:20.794,1:20.439,1:21.256
2007,11,coulthard,David Coulthard,red_bull,Red Bull,14,11,1:21.291,1:20.718,NaN
2007,11,kovalainen,Heikki Kovalainen,renault,Renault,4,12,1:20.285,1:20.779,NaN
2007,11,wurz,Alexander Wurz,williams,Williams,17,13,1:21.243,1:20.865,NaN
2007,11,massa,Felipe Massa,ferrari,Ferrari,5,14,1:20.408,1:21.021,NaN
2007,11,davidson,Anthony Davidson,super_aguri,Super Aguri,23,15,1:21.018,1:21.127,NaN
2007,11,liuzzi,Vitantonio Liuzzi,toro_rosso,Toro Rosso,18,16,1:21.730,1:21.993,NaN
2007,11,button,Jenson Button,honda,Honda,7,17,1:21.737,NaN,NaN
2007,11,barrichello,Rubens Barrichello,honda,Honda,8,18,1:21.877,NaN,NaN
2007,11,sato,Takuma Sato,super_aguri,Super Aguri,22,19,1:22.143,NaN,NaN
2007,11,vettel,Sebastian Vettel,toro_rosso,Toro Rosso,19,20,1:22.177,NaN,NaN
2007,11,sutil,Adrian Sutil,spyker,Spyker,20,21,1:22.737,NaN,NaN
2007,11,yamamoto,Sakon Yamamoto,spyker,Spyker,21,22,1:23.774,NaN,NaN
2007,12,massa,Felipe Massa,ferrari,Ferrari,5,1,1:27.488,1:27.039,1:27.329
2007,12,hamilton,Lewis Hamilton,mclaren,McLaren,2,2,1:27.513,1:26.936,1:27.373
2007,12,raikkonen,Kimi Räikkönen,ferrari,Ferrari,6,3,1:27.294,1:26.902,1:27.546
2007,12,alonso,Fernando Alonso,mclaren,McLaren,1,4,1:27.328,1:26.841,1:27.574
2007,12,kubica,Robert Kubica,bmw_sauber,BMW Sauber,10,5,1:27.997,1:27.253,1:27.722
2007,12,heidfeld,Nick Heidfeld,bmw_sauber,BMW Sauber,9,6,1:28.099,1:27.253,1:28.037
2007,12,kovalainen,Heikki Kovalainen,renault,Renault,4,7,1:28.127,1:27.039,1:28.491
2007,12,rosberg,Nico Rosberg,williams,Williams,16,8,1:28.275,1:27.750,1:28.501
2007,12,trulli,Jarno Trulli,toyota,Toyota,12,9,1:28.318,1:27.801,1:28.740
2007,12,fisichella,Giancarlo Fisichella,renault,Renault,3,10,1:28.313,1:27.880,1:29.322
2007,12,davidson,Anthony Davidson,super_aguri,Super Aguri,23,11,1:28.304,1:28.002,NaN
2007,12,webber,Mark Webber,red_bull,Red Bull,15,12,1:28.500,1:28.013,NaN
2007,12,coulthard,David Coulthard,red_bull,Red Bull,14,13,1:28.395,1:28.100,NaN
2007,12,wurz,Alexander Wurz,williams,Williams,17,14,1:28.360,1:28.390,NaN
2007,12,liuzzi,Vitantonio Liuzzi,toro_rosso,Toro Rosso,18,15,1:28.798,NaN,NaN
2007,12,ralf_schumacher,Ralf Schumacher,toyota,Toyota,11,16,1:28.809,NaN,NaN
2007,12,sato,Takuma Sato,super_aguri,Super Aguri,22,17,1:28.953,NaN,NaN
2007,12,vettel,Sebastian Vettel,toro_rosso,Toro Rosso,19,18,1:29.408,NaN,NaN
2007,12,sutil,Adrian Sutil,spyker,Spyker,20,19,1:29.861,NaN,NaN
2007,12,yamamoto,Sakon Yamamoto,spyker,Spyker,21,20,1:31.479,NaN,NaN
2007,12,button,Jenson Button,honda,Honda,7,21,1:28.373,1:28.220,NaN
2007,12,barrichello,Rubens Barrichello,honda,Honda,8,22,1:28.792,1:28.188,NaN
2007,13,alonso,Fernando Alonso,mclaren,McLaren,1,1,1:21.718,1:21.356,1:21.997
2007,13,hamilton,Lewis Hamilton,mclaren,McLaren,2,2,1:21.956,1:21.746,1:22.034
2007,13,massa,Felipe Massa,ferrari,Ferrari,5,3,1:22.309,1:21.993,1:22.549
2007,13,heidfeld,Nick Heidfeld,bmw_sauber,BMW Sauber,9,4,1:23.107,1:22.466,1:23.174
2007,13,raikkonen,Kimi Räikkönen,ferrari,Ferrari,6,5,1:22.673,1:22.369,1:23.183
2007,13,kubica,Robert Kubica,bmw_sauber,BMW Sauber,10,6,1:23.088,1:22.400,1:23.446
2007,13,kovalainen,Heikki Kovalainen,renault,Renault,4,7,1:23.505,1:23.134,1:24.102
2007,13,rosberg,Nico Rosberg,williams,Williams,16,8,1:23.333,1:22.748,1:24.382
2007,13,trulli,Jarno Trulli,toyota,Toyota,12,9,1:23.724,1:23.107,1:24.555
2007,13,button,Jenson Button,honda,Honda,7,10,1:23.639,1:23.021,1:25.165
2007,13,webber,Mark Webber,red_bull,Red Bull,15,11,1:23.575,1:23.166,NaN
2007,13,barrichello,Rubens Barrichello,honda,Honda,8,12,1:23.474,1:23.176,NaN
2007,13,wurz,Alexander Wurz,williams,Williams,17,13,1:23.739,1:23.209,NaN
2007,13,davidson,Anthony Davidson,super_aguri,Super Aguri,23,14,1:23.646,1:23.274,NaN
2007,13,fisichella,Giancarlo Fisichella,renault,Renault,3,15,1:23.559,1:23.325,NaN
2007,13,vettel,Sebastian Vettel,toro_rosso,Toro Rosso,19,16,1:23.578,1:23.351,NaN
2007,13,sato,Takuma Sato,super_aguri,Super Aguri,22,17,1:23.749,NaN,NaN
2007,13,ralf_schumacher,Ralf Schumacher,toyota,Toyota,11,18,1:23.787,NaN,NaN
2007,13,liuzzi,Vitantonio Liuzzi,toro_rosso,Toro Rosso,18,19,1:23.886,NaN,NaN
2007,13,coulthard,David Coulthard,red_bull,Red Bull,14,20,1:24.019,NaN,NaN
2007,13,sutil,Adrian Sutil,spyker,Spyker,20,21,1:24.699,NaN,NaN
2007,13,yamamoto,Sakon Yamamoto,spyker,Spyker,21,22,1:25.084,NaN,NaN
2007,14,raikkonen,Kimi Räikkönen,ferrari,Ferrari,6,1,1:46.242,1:45.070,1:45.994
2007,14,massa,Felipe Massa,ferrari,Ferrari,5,2,1:46.060,1:45.173,1:46.011
2007,14,alonso,Fernando Alonso,mclaren,McLaren,1,3,1:46.058,1:45.442,1:46.091
2007,14,hamilton,Lewis Hamilton,mclaren,McLaren,2,4,1:46.437,1:45.132,1:46.406
2007,14,rosberg,Nico Rosberg,williams,Williams,16,5,1:46.950,1:46.469,1:47.334
2007,14,heidfeld,Nick Heidfeld,bmw_sauber,BMW Sauber,9,6,1:46.923,1:45.994,1:47.409
2007,14,webber,Mark Webber,red_bull,Red Bull,15,7,1:47.084,1:46.426,1:47.524
2007,14,trulli,Jarno Trulli,toyota,Toyota,12,8,1:47.143,1:46.480,1:47.798
2007,14,kovalainen,Heikki Kovalainen,renault,Renault,4,9,1:46.971,1:46.240,1:48.505
2007,14,ralf_schumacher,Ralf Schumacher,toyota,Toyota,11,10,1:47.300,1:46.618,NaN
2007,14,coulthard,David Coulthard,red_bull,Red Bull,14,11,1:47.340,1:46.800,NaN
2007,14,button,Jenson Button,honda,Honda,7,12,1:47.474,1:46.955,NaN
2007,14,liuzzi,Vitantonio Liuzzi,toro_rosso,Toro Rosso,18,13,1:47.576,1:47.115,NaN
2007,14,kubica,Robert Kubica,bmw_sauber,BMW Sauber,10,14,1:46.707,1:45.885,1:46.996
2007,14,wurz,Alexander Wurz,williams,Williams,17,15,1:47.522,1:47.394,NaN
2007,14,vettel,Sebastian Vettel,toro_rosso,Toro Rosso,19,16,1:47.581,NaN,NaN
2007,14,barrichello,Rubens Barrichello,honda,Honda,8,17,1:47.954,NaN,NaN
2007,14,sato,Takuma Sato,super_aguri,Super Aguri,22,18,1:47.980,NaN,NaN
2007,14,sutil,Adrian Sutil,spyker,Spyker,20,19,1:48.044,NaN,NaN
2007,14,davidson,Anthony Davidson,super_aguri,Super Aguri,23,20,1:48.199,NaN,NaN
2007,14,yamamoto,Sakon Yamamoto,spyker,Spyker,21,21,1:49.557,NaN,NaN
2007,14,fisichella,Giancarlo Fisichella,renault,Renault,3,22,1:47.143,1:46.603,NaN
2007,15,hamilton,Lewis Hamilton,mclaren,McLaren,2,1,1:25.489,1:24.753,1:25.368
2007,15,alonso,Fernando Alonso,mclaren,McLaren,1,2,1:25.379,1:24.806,1:25.438
2007,15,raikkonen,Kimi Räikkönen,ferrari,Ferrari,6,3,1:25.390,1:24.988,1:25.516
2007,15,massa,Felipe Massa,ferrari,Ferrari,5,4,1:25.359,1:25.049,1:25.765
2007,15,heidfeld,Nick Heidfeld,bmw_sauber,BMW Sauber,9,5,1:25.971,1:25.248,1:26.505
2007,15,button,Jenson Button,honda,Honda,7,6,1:26.614,1:25.454,1:26.913
2007,15,webber,Mark Webber,red_bull,Red Bull,15,7,1:25.970,1:25.535,1:26.914
2007,15,vettel,Sebastian Vettel,toro_rosso,Toro Rosso,19,8,1:26.025,1:25.909,1:26.973
2007,15,kubica,Robert Kubica,bmw_sauber,BMW Sauber,10,9,1:26.300,1:25.530,1:27.225
2007,15,fisichella,Giancarlo Fisichella,renault,Renault,3,10,1:26.909,1:26.033,NaN
2007,15,kovalainen,Heikki Kovalainen,renault,Renault,4,11,1:27.223,1:26.232,NaN
2007,15,coulthard,David Coulthard,red_bull,Red Bull,14,12,1:26.904,1:26.247,NaN
2007,15,trulli,Jarno Trulli,toyota,Toyota,12,13,1:26.711,1:26.253,NaN
2007,15,liuzzi,Vitantonio Liuzzi,toro_rosso,Toro Rosso,18,14,1:27.234,1:26.948,NaN
2007,15,ralf_schumacher,Ralf Schumacher,toyota,Toyota,11,15,1:27.191,NaN,NaN
2007,15,rosberg,Nico Rosberg,williams,Williams,16,16,1:26.579,1:25.816,1:26.728
2007,15,barrichello,Rubens Barrichello,honda,Honda,8,17,1:27.323,NaN,NaN
2007,15,wurz,Alexander Wurz,williams,Williams,17,18,1:27.454,NaN,NaN
2007,15,davidson,Anthony Davidson,super_aguri,Super Aguri,23,19,1:27.564,NaN,NaN
2007,15,sutil,Adrian Sutil,spyker,Spyker,20,20,1:28.628,NaN,NaN
2007,15,sato,Takuma Sato,super_aguri,Super Aguri,22,21,1:28.762,NaN,NaN
2007,15,yamamoto,Sakon Yamamoto,spyker,Spyker,21,22,1:29.668,NaN,NaN
2007,16,hamilton,Lewis Hamilton,mclaren,McLaren,2,1,1:35.798,1:35.898,1:35.908
2007,16,raikkonen,Kimi Räikkönen,ferrari,Ferrari,6,2,1:35.692,1:35.381,1:36.044
2007,16,massa,Felipe Massa,ferrari,Ferrari,5,3,1:35.792,1:35.796,1:36.221
2007,16,alonso,Fernando Alonso,mclaren,McLaren,1,4,1:35.809,1:35.845,1:36.576
2007,16,coulthard,David Coulthard,red_bull,Red Bull,14,5,1:36.930,1:36.252,1:37.619
2007,16,ralf_schumacher,Ralf Schumacher,toyota,Toyota,11,6,1:37.135,1:36.709,1:38.013
2007,16,webber,Mark Webber,red_bull,Red Bull,15,7,1:37.199,1:36.602,1:38.153
2007,16,heidfeld,Nick Heidfeld,bmw_sauber,BMW Sauber,9,8,1:36.737,1:36.217,1:38.455
2007,16,kubica,Robert Kubica,bmw_sauber,BMW Sauber,10,9,1:36.309,1:36.116,1:38.472
2007,16,button,Jenson Button,honda,Honda,7,10,1:37.092,1:36.771,1:39.285
2007,16,liuzzi,Vitantonio Liuzzi,toro_rosso,Toro Rosso,18,11,1:37.047,1:36.862,NaN
2007,16,trulli,Jarno Trulli,toyota,Toyota,12,12,1:37.209,1:36.959,NaN
2007,16,kovalainen,Heikki Kovalainen,renault,Renault,4,13,1:37.225,1:36.991,NaN
2007,16,davidson,Anthony Davidson,super_aguri,Super Aguri,23,14,1:37.203,1:37.247,NaN
2007,16,rosberg,Nico Rosberg,williams,Williams,16,15,1:37.144,1:37.483,NaN
2007,16,barrichello,Rubens Barrichello,honda,Honda,8,16,1:37.251,NaN,NaN
2007,16,vettel,Sebastian Vettel,toro_rosso,Toro Rosso,19,17,1:37.006,1:36.891,NaN
2007,16,fisichella,Giancarlo Fisichella,renault,Renault,3,18,1:37.290,NaN,NaN
2007,16,wurz,Alexander Wurz,williams,Williams,17,19,1:37.456,NaN,NaN
2007,16,sato,Takuma Sato,super_aguri,Super Aguri,22,20,1:38.218,NaN,NaN
2007,16,sutil,Adrian Sutil,spyker,Spyker,20,21,1:38.668,NaN,NaN
2007,16,yamamoto,Sakon Yamamoto,spyker,Spyker,21,22,1:39.336,NaN,NaN
2007,17,massa,Felipe Massa,ferrari,Ferrari,5,1,1:12.303,1:12.374,1:11.931
2007,17,hamilton,Lewis Hamilton,mclaren,McLaren,2,2,1:13.033,1:12.296,1:12.082
2007,17,raikkonen,Kimi Räikkönen,ferrari,Ferrari,6,3,1:13.016,1:12.161,1:12.322
2007,17,alonso,Fernando Alonso,mclaren,McLaren,1,4,1:12.895,1:12.637,1:12.356
2007,17,webber,Mark Webber,red_bull,Red Bull,15,5,1:13.081,1:12.683,1:12.928
2007,17,heidfeld,Nick Heidfeld,bmw_sauber,BMW Sauber,9,6,1:13.472,1:12.888,1:13.081
2007,17,kubica,Robert Kubica,bmw_sauber,BMW Sauber,10,7,1:13.085,1:12.641,1:13.129
2007,17,trulli,Jarno Trulli,toyota,Toyota,12,8,1:13.470,1:12.832,1:13.195
2007,17,coulthard,David Coulthard,red_bull,Red Bull,14,9,1:13.264,1:12.846,1:13.272
2007,17,rosberg,Nico Rosberg,williams,Williams,16,10,1:13.707,1:12.752,1:13.477
2007,17,barrichello,Rubens Barrichello,honda,Honda,8,11,1:13.661,1:12.932,NaN
2007,17,fisichella,Giancarlo Fisichella,renault,Renault,3,12,1:13.482,1:12.968,NaN
2007,17,vettel,Sebastian Vettel,toro_rosso,Toro Rosso,19,13,1:13.853,1:13.058,NaN
2007,17,liuzzi,Vitantonio Liuzzi,toro_rosso,Toro Rosso,18,14,1:13.607,1:13.251,NaN
2007,17,ralf_schumacher,Ralf Schumacher,toyota,Toyota,11,15,1:13.767,1:13.315,NaN
2007,17,button,Jenson Button,honda,Honda,7,16,1:14.054,1:13.469,NaN
2007,17,kovalainen,Heikki Kovalainen,renault,Renault,4,17,1:14.078,NaN,NaN
2007,17,sato,Takuma Sato,super_aguri,Super Aguri,22,18,1:14.098,NaN,NaN
2007,17,nakajima,Kazuki Nakajima,williams,Williams,17,19,1:14.417,NaN,NaN
2007,17,davidson,Anthony Davidson,super_aguri,Super Aguri,23,20,1:14.596,NaN,NaN
2007,17,sutil,Adrian Sutil,spyker,Spyker,20,21,1:15.217,NaN,NaN
2007,17,yamamoto,Sakon Yamamoto,spyker,Spyker,21,22,1:15.487,NaN,NaN
2008,1,hamilton,Lewis Hamilton,mclaren,McLaren,22,1,1:26.572,1:25.187,1:26.714
2008,1,kubica,Robert Kubica,bmw_sauber,BMW Sauber,4,2,1:26.103,1:25.315,1:26.869
2008,1,kovalainen,Heikki Kovalainen,mclaren,McLaren,23,3,1:25.664,1:25.452,1:27.079
2008,1,massa,Felipe Massa,ferrari,Ferrari,2,4,1:25.994,1:25.691,1:27.178
2008,1,heidfeld,Nick Heidfeld,bmw_sauber,BMW Sauber,3,5,1:25.960,1:25.518,1:27.236
2008,1,trulli,Jarno Trulli,toyota,Toyota,11,6,1:26.427,1:26.101,1:28.527
2008,1,rosberg,Nico Rosberg,williams,Williams,7,7,1:26.295,1:26.059,1:28.687
2008,1,coulthard,David Coulthard,red_bull,Red Bull,9,8,1:26.381,1:26.063,1:29.041
2008,1,glock,Timo Glock,toyota,Toyota,12,9,1:26.919,1:26.164,1:29.593
2008,1,vettel,Sebastian Vettel,toro_rosso,Toro Rosso,15,10,1:26.702,1:25.842,NaN
2008,1,barrichello,Rubens Barrichello,honda,Honda,17,11,1:26.369,1:26.173,NaN
2008,1,alonso,Fernando Alonso,renault,Renault,5,12,1:26.907,1:26.188,NaN
2008,1,button,Jenson Button,honda,Honda,16,13,1:26.712,1:26.259,NaN
2008,1,nakajima,Kazuki Nakajima,williams,Williams,8,14,1:26.891,1:26.413,NaN
2008,1,webber,Mark Webber,red_bull,Red Bull,10,15,1:26.914,NaN,NaN
2008,1,raikkonen,Kimi Räikkönen,ferrari,Ferrari,1,16,1:26.140,NaN,NaN
2008,1,fisichella,Giancarlo Fisichella,force_india,Force India,21,17,1:27.207,NaN,NaN
2008,1,bourdais,Sébastien Bourdais,toro_rosso,Toro Rosso,14,18,1:27.446,NaN,NaN
2008,1,sutil,Adrian Sutil,force_india,Force India,20,19,1:27.859,NaN,NaN
2008,1,sato,Takuma Sato,super_aguri,Super Aguri,18,20,1:28.208,NaN,NaN
2008,1,piquet_jr,Nelson Piquet Jr.,renault,Renault,6,21,1:28.330,NaN,NaN
2008,1,davidson,Anthony Davidson,super_aguri,Super Aguri,19,22,1:29.059,NaN,NaN
2008,2,massa,Felipe Massa,ferrari,Ferrari,2,1,1:35.347,1:34.412,1:35.748
2008,2,raikkonen,Kimi Räikkönen,ferrari,Ferrari,1,2,1:35.645,1:34.188,1:36.230
2008,2,kovalainen,Heikki Kovalainen,mclaren,McLaren,23,3,1:35.227,1:34.759,1:36.613
2008,2,hamilton,Lewis Hamilton,mclaren,McLaren,22,4,1:35.392,1:34.627,1:36.709
2008,2,trulli,Jarno Trulli,toyota,Toyota,11,5,1:35.205,1:34.960,1:36.711
2008,2,kubica,Robert Kubica,bmw_sauber,BMW Sauber,4,6,1:35.794,1:34.811,1:36.727
2008,2,heidfeld,Nick Heidfeld,bmw_sauber,BMW Sauber,3,7,1:35.729,1:34.648,1:36.753
2008,2,webber,Mark Webber,red_bull,Red Bull,10,8,1:35.440,1:34.967,1:37.009
2008,2,alonso,Fernando Alonso,renault,Renault,5,9,1:35.983,1:35.140,1:38.450
2008,2,glock,Timo Glock,toyota,Toyota,12,10,1:35.891,1:35.000,1:39.656
2008,2,button,Jenson Button,honda,Honda,16,11,1:35.847,1:35.208,NaN
2008,2,coulthard,David Coulthard,red_bull,Red Bull,9,12,1:36.058,1:35.408,NaN
2008,2,piquet_jr,Nelson Piquet Jr.,renault,Renault,6,13,1:36.074,1:35.562,NaN
2008,2,barrichello,Rubens Barrichello,honda,Honda,17,14,1:36.198,1:35.622,NaN
2008,2,vettel,Sebastian Vettel,toro_rosso,Toro Rosso,15,15,1:36.111,1:35.648,NaN
2008,2,rosberg,Nico Rosberg,williams,Williams,7,16,1:35.843,1:35.670,NaN
2008,2,fisichella,Giancarlo Fisichella,force_india,Force India,21,17,1:36.240,NaN,NaN
2008,2,nakajima,Kazuki Nakajima,williams,Williams,8,18,1:36.388,NaN,NaN
2008,2,bourdais,Sébastien Bourdais,toro_rosso,Toro Rosso,14,19,1:36.677,NaN,NaN
2008,2,sato,Takuma Sato,super_aguri,Super Aguri,18,20,1:37.087,NaN,NaN
2008,2,sutil,Adrian Sutil,force_india,Force India,20,21,1:37.101,NaN,NaN
2008,2,davidson,Anthony Davidson,super_aguri,Super Aguri,19,22,1:37.481,NaN,NaN
2008,3,kubica,Robert Kubica,bmw_sauber,BMW Sauber,4,1,1:32.893,1:31.745,1:33.096
2008,3,massa,Felipe Massa,ferrari,Ferrari,2,2,1:31.937,1:31.188,1:33.123
2008,3,hamilton,Lewis Hamilton,mclaren,McLaren,22,3,1:32.750,1:31.922,1:33.292
2008,3,raikkonen,Kimi Räikkönen,ferrari,Ferrari,1,4,1:32.652,1:31.933,1:33.418
2008,3,kovalainen,Heikki Kovalainen,mclaren,McLaren,23,5,1:33.057,1:31.718,1:33.488
2008,3,heidfeld,Nick Heidfeld,bmw_sauber,BMW Sauber,3,6,1:33.137,1:31.909,1:33.737
2008,3,trulli,Jarno Trulli,toyota,Toyota,11,7,1:32.493,1:32.159,1:33.994
2008,3,rosberg,Nico Rosberg,williams,Williams,7,8,1:32.903,1:32.185,1:34.015
2008,3,button,Jenson Button,honda,Honda,16,9,1:32.793,1:32.362,1:35.057
2008,3,alonso,Fernando Alonso,renault,Renault,5,10,1:32.947,1:32.345,1:35.115
2008,3,webber,Mark Webber,red_bull,Red Bull,10,11,1:33.194,1:32.371,NaN
2008,3,barrichello,Rubens Barrichello,honda,Honda,17,12,1:32.944,1:32.508,NaN
2008,3,glock,Timo Glock,toyota,Toyota,12,13,1:32.800,1:32.528,NaN
2008,3,piquet_jr,Nelson Piquet Jr.,renault,Renault,6,14,1:32.975,1:32.790,NaN
2008,3,bourdais,Sébastien Bourdais,toro_rosso,Toro Rosso,14,15,1:33.415,1:32.915,NaN
2008,3,nakajima,Kazuki Nakajima,williams,Williams,8,16,1:33.386,1:32.943,NaN
2008,3,coulthard,David Coulthard,red_bull,Red Bull,9,17,1:33.433,NaN,NaN
2008,3,fisichella,Giancarlo Fisichella,force_india,Force India,21,18,1:33.501,NaN,NaN
2008,3,vettel,Sebastian Vettel,toro_rosso,Toro Rosso,15,19,1:33.562,NaN,NaN
2008,3,sutil,Adrian Sutil,force_india,Force India,20,20,1:33.845,NaN,NaN
2008,3,davidson,Anthony Davidson,super_aguri,Super Aguri,19,21,1:34.140,NaN,NaN
2008,3,sato,Takuma Sato,super_aguri,Super Aguri,18,22,1:35.725,NaN,NaN
2008,4,raikkonen,Kimi Räikkönen,ferrari,Ferrari,1,1,1:20.701,1:20.784,1:21.813
2008,4,alonso,Fernando Alonso,renault,Renault,5,2,1:21.347,1:20.804,1:21.904
2008,4,massa,Felipe Massa,ferrari,Ferrari,2,3,1:21.528,1:20.584,1:22.058
2008,4,kubica,Robert Kubica,bmw_sauber,BMW Sauber,4,4,1:21.423,1:20.597,1:22.065
2008,4,hamilton,Lewis Hamilton,mclaren,McLaren,22,5,1:21.366,1:20.825,1:22.096
2008,4,kovalainen,Heikki Kovalainen,mclaren,McLaren,23,6,1:21.430,1:20.817,1:22.231
2008,4,webber,Mark Webber,red_bull,Red Bull,10,7,1:21.494,1:20.984,1:22.429
2008,4,trulli,Jarno Trulli,toyota,Toyota,11,8,1:21.158,1:20.907,1:22.529
2008,4,heidfeld,Nick Heidfeld,bmw_sauber,BMW Sauber,3,9,1:21.466,1:20.815,1:22.542
2008,4,piquet_jr,Nelson Piquet Jr.,renault,Renault,6,10,1:21.409,1:20.894,1:22.699
2008,4,barrichello,Rubens Barrichello,honda,Honda,17,11,1:21.548,1:21.049,NaN
2008,4,nakajima,Kazuki Nakajima,williams,Williams,8,12,1:21.690,1:21.117,NaN
2008,4,button,Jenson Button,honda,Honda,16,13,1:21.757,1:21.211,NaN
2008,4,glock,Timo Glock,toyota,Toyota,12,14,1:21.427,1:21.230,NaN
2008,4,rosberg,Nico Rosberg,williams,Williams,7,15,1:21.472,1:21.349,NaN
2008,4,bourdais,Sébastien Bourdais,toro_rosso,Toro Rosso,14,16,1:21.540,1:21.724,NaN
2008,4,coulthard,David Coulthard,red_bull,Red Bull,9,17,1:21.810,NaN,NaN
2008,4,vettel,Sebastian Vettel,toro_rosso,Toro Rosso,15,18,1:22.108,NaN,NaN
2008,4,fisichella,Giancarlo Fisichella,force_india,Force India,21,19,1:22.516,NaN,NaN
2008,4,sutil,Adrian Sutil,force_india,Force India,20,20,1:23.224,NaN,NaN
2008,4,davidson,Anthony Davidson,super_aguri,Super Aguri,19,21,1:23.318,NaN,NaN
2008,4,sato,Takuma Sato,super_aguri,Super Aguri,18,22,1:23.496,NaN,NaN
2008,5,massa,Felipe Massa,ferrari,Ferrari,2,1,1:25.994,1:26.192,1:27.617
2008,5,kovalainen,Heikki Kovalainen,mclaren,McLaren,23,2,1:26.736,1:26.290,1:27.808
2008,5,hamilton,Lewis Hamilton,mclaren,McLaren,22,3,1:26.192,1:26.477,1:27.923
2008,5,raikkonen,Kimi Räikkönen,ferrari,Ferrari,1,4,1:26.457,1:26.050,1:27.936
2008,5,kubica,Robert Kubica,bmw_sauber,BMW Sauber,4,5,1:26.761,1:26.129,1:28.390
2008,5,webber,Mark Webber,red_bull,Red Bull,10,6,1:26.773,1:26.466,1:28.417
2008,5,alonso,Fernando Alonso,renault,Renault,5,7,1:26.836,1:26.522,1:28.422
2008,5,trulli,Jarno Trulli,toyota,Toyota,11,8,1:26.695,1:26.822,1:28.836
2008,5,heidfeld,Nick Heidfeld,bmw_sauber,BMW Sauber,3,9,1:27.107,1:27.607,1:28.882
2008,5,coulthard,David Coulthard,red_bull,Red Bull,9,10,1:26.939,1:26.520,1:29.959
2008,5,rosberg,Nico Rosberg,williams,Williams,7,11,1:27.367,1:27.012,NaN
2008,5,barrichello,Rubens Barrichello,honda,Honda,17,12,1:27.355,1:27.219,NaN
2008,5,button,Jenson Button,honda,Honda,16,13,1:27.428,1:27.298,NaN
2008,5,vettel,Sebastian Vettel,toro_rosso,Toro Rosso,15,14,1:27.442,1:27.412,NaN
2008,5,glock,Timo Glock,toyota,Toyota,12,15,1:26.614,1:27.806,NaN
2008,5,nakajima,Kazuki Nakajima,williams,Williams,8,16,1:27.547,NaN,NaN
2008,5,piquet_jr,Nelson Piquet Jr.,renault,Renault,6,17,1:27.568,NaN,NaN
2008,5,bourdais,Sébastien Bourdais,toro_rosso,Toro Rosso,14,18,1:27.621,NaN,NaN
2008,5,fisichella,Giancarlo Fisichella,force_india,Force India,21,19,1:27.807,NaN,NaN
2008,5,sutil,Adrian Sutil,force_india,Force India,20,20,1:28.325,NaN,NaN
2008,6,massa,Felipe Massa,ferrari,Ferrari,2,1,1:15.190,1:15.110,1:15.787
2008,6,raikkonen,Kimi Räikkönen,ferrari,Ferrari,1,2,1:15.717,1:15.404,1:15.815
2008,6,hamilton,Lewis Hamilton,mclaren,McLaren,22,3,1:15.582,1:15.322,1:15.839
2008,6,kovalainen,Heikki Kovalainen,mclaren,McLaren,23,4,1:15.295,1:15.389,1:16.165
2008,6,kubica,Robert Kubica,bmw_sauber,BMW Sauber,4,5,1:15.977,1:15.483,1:16.171
2008,6,rosberg,Nico Rosberg,williams,Williams,7,6,1:15.935,1:15.287,1:16.548
2008,6,alonso,Fernando Alonso,renault,Renault,5,7,1:16.646,1:15.827,1:16.852
2008,6,trulli,Jarno Trulli,toyota,Toyota,11,8,1:16.306,1:15.598,1:17.203
2008,6,webber,Mark Webber,red_bull,Red Bull,10,9,1:16.074,1:15.745,1:17.343
2008,6,coulthard,David Coulthard,red_bull,Red Bull,9,10,1:16.086,1:15.839,NaN
2008,6,glock,Timo Glock,toyota,Toyota,12,11,1:16.285,1:15.907,NaN
2008,6,button,Jenson Button,honda,Honda,16,12,1:16.259,1:16.101,NaN
2008,6,heidfeld,Nick Heidfeld,bmw_sauber,BMW Sauber,3,13,1:16.650,1:16.455,NaN
2008,6,nakajima,Kazuki Nakajima,williams,Williams,8,14,1:16.756,1:16.479,NaN
2008,6,barrichello,Rubens Barrichello,honda,Honda,17,15,1:16.208,1:16.537,NaN
2008,6,bourdais,Sébastien Bourdais,toro_rosso,Toro Rosso,14,16,1:16.806,NaN,NaN
2008,6,piquet_jr,Nelson Piquet Jr.,renault,Renault,6,17,1:16.933,NaN,NaN
2008,6,vettel,Sebastian Vettel,toro_rosso,Toro Rosso,15,18,1:16.955,NaN,NaN
2008,6,sutil,Adrian Sutil,force_india,Force India,20,19,1:17.225,NaN,NaN
2008,6,fisichella,Giancarlo Fisichella,force_india,Force India,21,20,1:17.823,NaN,NaN
2008,7,hamilton,Lewis Hamilton,mclaren,McLaren,22,1,1:16.909,1:17.034,1:17.886
2008,7,kubica,Robert Kubica,bmw_sauber,BMW Sauber,4,2,1:17.471,1:17.679,1:18.498
2008,7,raikkonen,Kimi Räikkönen,ferrari,Ferrari,1,3,1:17.301,1:17.364,1:18.735
2008,7,alonso,Fernando Alonso,renault,Renault,5,4,1:17.415,1:17.488,1:18.746
2008,7,rosberg,Nico Rosberg,williams,Williams,7,5,1:17.991,1:17.891,1:18.844
2008,7,massa,Felipe Massa,ferrari,Ferrari,2,6,1:17.231,1:17.353,1:19.048
2008,7,kovalainen,Heikki Kovalainen,mclaren,McLaren,23,7,1:17.287,1:17.684,1:19.089
2008,7,heidfeld,Nick Heidfeld,bmw_sauber,BMW Sauber,3,8,1:18.082,1:17.781,1:19.633
2008,7,barrichello,Rubens Barrichello,honda,Honda,17,9,1:18.256,1:18.020,1:20.848
2008,7,webber,Mark Webber,red_bull,Red Bull,10,10,1:17.582,1:17.523,NaN
2008,7,glock,Timo Glock,toyota,Toyota,12,11,1:18.321,1:18.031,NaN
2008,7,nakajima,Kazuki Nakajima,williams,Williams,8,12,1:17.638,1:18.062,NaN
2008,7,coulthard,David Coulthard,red_bull,Red Bull,9,13,1:18.168,1:18.238,NaN
2008,7,trulli,Jarno Trulli,toyota,Toyota,11,14,1:18.039,1:18.327,NaN
2008,7,piquet_jr,Nelson Piquet Jr.,renault,Renault,6,15,1:18.505,1:18.393,NaN
2008,7,bourdais,Sébastien Bourdais,toro_rosso,Toro Rosso,14,16,1:18.916,NaN,NaN
2008,7,sutil,Adrian Sutil,force_india,Force India,20,17,1:19.108,NaN,NaN
2008,7,fisichella,Giancarlo Fisichella,force_india,Force India,21,18,1:19.165,NaN,NaN
2008,7,button,Jenson Button,honda,Honda,16,19,1:23.565,NaN,NaN
2008,7,vettel,Sebastian Vettel,toro_rosso,Toro Rosso,15,20,,NaN,NaN
2008,8,raikkonen,Kimi Räikkönen,ferrari,Ferrari,1,1,1:15.133,1:15.161,1:16.449
2008,8,massa,Felipe Massa,ferrari,Ferrari,2,2,1:15.024,1:15.041,1:16.490
2008,8,hamilton,Lewis Hamilton,mclaren,McLaren,22,3,1:15.634,1:15.293,1:16.693
2008,8,alonso,Fernando Alonso,renault,Renault,5,4,1:15.754,1:15.483,1:16.840
2008,8,trulli,Jarno Trulli,toyota,Toyota,11,5,1:15.521,1:15.362,1:16.920
2008,8,kovalainen,Heikki Kovalainen,mclaren,McLaren,23,6,1:15.965,1:15.639,1:16.944
2008,8,kubica,Robert Kubica,bmw_sauber,BMW Sauber,4,7,1:15.687,1:15.723,1:17.037
2008,8,webber,Mark Webber,red_bull,Red Bull,10,8,1:16.020,1:15.488,1:17.233
2008,8,coulthard,David Coulthard,red_bull,Red Bull,9,9,1:15.802,1:15.654,1:17.426
2008,8,glock,Timo Glock,toyota,Toyota,12,10,1:15.727,1:15.558,1:17.596
2008,8,piquet_jr,Nelson Piquet Jr.,renault,Renault,6,11,1:15.848,1:15.770,NaN
2008,8,heidfeld,Nick Heidfeld,bmw_sauber,BMW Sauber,3,12,1:16.006,1:15.786,NaN
2008,8,vettel,Sebastian Vettel,toro_rosso,Toro Rosso,15,13,1:15.918,1:15.816,NaN
2008,8,bourdais,Sébastien Bourdais,toro_rosso,Toro Rosso,14,14,1:16.072,1:16.045,NaN
2008,8,rosberg,Nico Rosberg,williams,Williams,7,15,1:16.085,1:16.235,NaN
2008,8,nakajima,Kazuki Nakajima,williams,Williams,8,16,1:16.243,NaN,NaN
2008,8,button,Jenson Button,honda,Honda,16,17,1:16.306,NaN,NaN
2008,8,barrichello,Rubens Barrichello,honda,Honda,17,18,1:16.330,NaN,NaN
2008,8,fisichella,Giancarlo Fisichella,force_india,Force India,21,19,1:16.971,NaN,NaN
2008,8,sutil,Adrian Sutil,force_india,Force India,20,20,1:17.053,NaN,NaN
2008,9,kovalainen,Heikki Kovalainen,mclaren,McLaren,23,1,1:19.957,1:19.597,1:21.049
2008,9,webber,Mark Webber,red_bull,Red Bull,10,2,1:20.982,1:19.710,1:21.554
2008,9,raikkonen,Kimi Räikkönen,ferrari,Ferrari,1,3,1:20.370,1:19.971,1:21.706
2008,9,hamilton,Lewis Hamilton,mclaren,McLaren,22,4,1:20.288,1:19.537,1:21.835
2008,9,heidfeld,Nick Heidfeld,bmw_sauber,BMW Sauber,3,5,1:21.022,1:19.802,1:21.873
2008,9,alonso,Fernando Alonso,renault,Renault,5,6,1:20.998,1:19.992,1:22.029
2008,9,piquet_jr,Nelson Piquet Jr.,renault,Renault,6,7,1:20.818,1:20.115,1:22.491
2008,9,vettel,Sebastian Vettel,toro_rosso,Toro Rosso,15,8,1:20.318,1:20.109,1:23.251
2008,9,massa,Felipe Massa,ferrari,Ferrari,2,9,1:20.676,1:20.086,1:23.305
2008,9,kubica,Robert Kubica,bmw_sauber,BMW Sauber,4,10,1:20.444,1:19.788,NaN
2008,9,coulthard,David Coulthard,red_bull,Red Bull,9,11,1:21.224,1:20.174,NaN
2008,9,glock,Timo Glock,toyota,Toyota,12,12,1:20.893,1:20.274,NaN
2008,9,bourdais,Sébastien Bourdais,toro_rosso,Toro Rosso,14,13,1:20.584,1:20.531,NaN
2008,9,trulli,Jarno Trulli,toyota,Toyota,11,14,1:21.145,1:20.601,NaN
2008,9,nakajima,Kazuki Nakajima,williams,Williams,8,15,1:21.407,1:21.112,NaN
2008,9,barrichello,Rubens Barrichello,honda,Honda,17,16,1:21.512,NaN,NaN
2008,9,button,Jenson Button,honda,Honda,16,17,1:21.631,NaN,NaN
2008,9,rosberg,Nico Rosberg,williams,Williams,7,18,1:21.668,NaN,NaN
2008,9,sutil,Adrian Sutil,force_india,Force India,20,19,1:21.786,NaN,NaN
2008,9,fisichella,Giancarlo Fisichella,force_india,Force India,21,20,1:21.885,NaN,NaN
2008,10,hamilton,Lewis Hamilton,mclaren,McLaren,22,1,1:15.218,1:14.603,1:15.666
2008,10,massa,Felipe Massa,ferrari,Ferrari,2,2,1:14.921,1:14.747,1:15.859
2008,10,kovalainen,Heikki Kovalainen,mclaren,McLaren,23,3,1:15.476,1:14.855,1:16.143
2008,10,trulli,Jarno Trulli,toyota,Toyota,11,4,1:15.560,1:15.122,1:16.191
2008,10,alonso,Fernando Alonso,renault,Renault,5,5,1:15.917,1:14.943,1:16.385
2008,10,raikkonen,Kimi Räikkönen,ferrari,Ferrari,1,6,1:15.201,1:14.949,1:16.389
2008,10,kubica,Robert Kubica,bmw_sauber,BMW Sauber,4,7,1:15.985,1:15.109,1:16.521
2008,10,webber,Mark Webber,red_bull,Red Bull,10,8,1:15.900,1:15.481,1:17.014
2008,10,vettel,Sebastian Vettel,toro_rosso,Toro Rosso,15,9,1:15.532,1:15.420,1:17.244
2008,10,coulthard,David Coulthard,red_bull,Red Bull,9,10,1:15.975,1:15.338,1:17.503
2008,10,glock,Timo Glock,toyota,Toyota,12,11,1:15.560,1:15.508,NaN
2008,10,heidfeld,Nick Heidfeld,bmw_sauber,BMW Sauber,3,12,1:15.596,1:15.581,NaN
2008,10,rosberg,Nico Rosberg,williams,Williams,7,13,1:15.863,1:15.633,NaN
2008,10,button,Jenson Button,honda,Honda,16,14,1:15.993,1:15.701,NaN
2008,10,bourdais,Sébastien Bourdais,toro_rosso,Toro Rosso,14,15,1:15.927,1:15.858,NaN
2008,10,nakajima,Kazuki Nakajima,williams,Williams,8,16,1:16.083,NaN,NaN
2008,10,piquet_jr,Nelson Piquet Jr.,renault,Renault,6,17,1:16.189,NaN,NaN
2008,10,barrichello,Rubens Barrichello,honda,Honda,17,18,1:16.246,NaN,NaN
2008,10,sutil,Adrian Sutil,force_india,Force India,20,19,1:16.657,NaN,NaN
2008,10,fisichella,Giancarlo Fisichella,force_india,Force India,21,20,1:16.963,NaN,NaN
2008,11,hamilton,Lewis Hamilton,mclaren,McLaren,22,1,1:19.376,1:19.473,1:20.899
2008,11,kovalainen,Heikki Kovalainen,mclaren,McLaren,23,2,1:19.945,1:19.480,1:21.140
2008,11,massa,Felipe Massa,ferrari,Ferrari,2,3,1:19.578,1:19.068,1:21.191
2008,11,kubica,Robert Kubica,bmw_sauber,BMW Sauber,4,4,1:20.053,1:19.776,1:21.281
2008,11,glock,Timo Glock,toyota,Toyota,12,5,1:19.980,1:19.246,1:21.326
2008,11,raikkonen,Kimi Räikkönen,ferrari,Ferrari,1,6,1:20.006,1:19.546,1:21.516
2008,11,alonso,Fernando Alonso,renault,Renault,5,7,1:20.229,1:19.816,1:21.698
2008,11,webber,Mark Webber,red_bull,Red Bull,10,8,1:20.073,1:20.046,1:21.732
2008,11,trulli,Jarno Trulli,toyota,Toyota,11,9,1:19.942,1:19.486,1:21.767
2008,11,piquet_jr,Nelson Piquet Jr.,renault,Renault,6,10,1:20.583,1:20.131,1:22.371
2008,11,vettel,Sebastian Vettel,toro_rosso,Toro Rosso,15,11,1:20.157,1:20.144,NaN
2008,11,button,Jenson Button,honda,Honda,16,12,1:20.888,1:20.332,NaN
2008,11,coulthard,David Coulthard,red_bull,Red Bull,9,13,1:20.505,1:20.502,NaN
2008,11,bourdais,Sébastien Bourdais,toro_rosso,Toro Rosso,14,14,1:20.640,1:20.963,NaN
2008,11,rosberg,Nico Rosberg,williams,Williams,7,15,1:20.748,NaN,NaN
2008,11,heidfeld,Nick Heidfeld,bmw_sauber,BMW Sauber,3,16,1:21.045,NaN,NaN
2008,11,nakajima,Kazuki Nakajima,williams,Williams,8,17,1:21.085,NaN,NaN
2008,11,barrichello,Rubens Barrichello,honda,Honda,17,18,1:21.332,NaN,NaN
2008,11,fisichella,Giancarlo Fisichella,force_india,Force India,21,19,1:21.670,NaN,NaN
2008,11,sutil,Adrian Sutil,force_india,Force India,20,20,1:22.113,NaN,NaN
2008,12,massa,Felipe Massa,ferrari,Ferrari,2,1,1:38.176,1:37.859,1:38.989
2008,12,hamilton,Lewis Hamilton,mclaren,McLaren,22,2,1:38.464,1:37.954,1:39.199
2008,12,kubica,Robert Kubica,bmw_sauber,BMW Sauber,4,3,1:38.347,1:38.050,1:39.392
2008,12,raikkonen,Kimi Räikkönen,ferrari,Ferrari,1,4,1:38.703,1:38.229,1:39.488
2008,12,kovalainen,Heikki Kovalainen,mclaren,McLaren,23,5,1:38.656,1:38.120,1:39.937
2008,12,vettel,Sebastian Vettel,toro_rosso,Toro Rosso,15,6,1:38.141,1:37.842,1:40.142
2008,12,trulli,Jarno Trulli,toyota,Toyota,11,7,1:37.948,1:37.928,1:40.309
2008,12,heidfeld,Nick Heidfeld,bmw_sauber,BMW Sauber,3,8,1:38.738,1:37.859,1:40.631
2008,12,rosberg,Nico Rosberg,williams,Williams,7,9,1:38.595,1:38.336,1:40.721
2008,12,bourdais,Sébastien Bourdais,toro_rosso,Toro Rosso,14,10,1:38.622,1:38.417,1:40.750
2008,12,nakajima,Kazuki Nakajima,williams,Williams,8,11,1:38.667,1:38.428,NaN
2008,12,alonso,Fernando Alonso,renault,Renault,5,12,1:38.268,1:38.435,NaN
2008,12,glock,Timo Glock,toyota,Toyota,12,13,1:38.532,1:38.499,NaN
2008,12,webber,Mark Webber,red_bull,Red Bull,10,14,1:38.559,1:38.515,NaN
2008,12,piquet_jr,Nelson Piquet Jr.,renault,Renault,6,15,1:38.787,1:38.744,NaN
2008,12,button,Jenson Button,honda,Honda,16,16,1:38.880,NaN,NaN
2008,12,coulthard,David Coulthard,red_bull,Red Bull,9,17,1:39.235,NaN,NaN
2008,12,fisichella,Giancarlo Fisichella,force_india,Force India,21,18,1:39.268,NaN,NaN
2008,12,barrichello,Rubens Barrichello,honda,Honda,17,19,1:39.811,NaN,NaN
2008,12,sutil,Adrian Sutil,force_india,Force India,20,20,1:39.943,NaN,NaN
2008,13,hamilton,Lewis Hamilton,mclaren,McLaren,22,1,1:46.887,1:46.088,1:47.338
2008,13,massa,Felipe Massa,ferrari,Ferrari,2,2,1:46.873,1:46.391,1:47.678
2008,13,kovalainen,Heikki Kovalainen,mclaren,McLaren,23,3,1:46.812,1:46.037,1:47.815
2008,13,raikkonen,Kimi Räikkönen,ferrari,Ferrari,1,4,1:46.960,1:46.298,1:47.992
2008,13,heidfeld,Nick Heidfeld,bmw_sauber,BMW Sauber,3,5,1:47.419,1:46.311,1:48.315
2008,13,alonso,Fernando Alonso,renault,Renault,5,6,1:47.154,1:46.491,1:48.504
2008,13,webber,Mark Webber,red_bull,Red Bull,10,7,1:47.270,1:46.814,1:48.736
2008,13,kubica,Robert Kubica,bmw_sauber,BMW Sauber,4,8,1:47.093,1:46.494,1:48.763
2008,13,bourdais,Sébastien Bourdais,toro_rosso,Toro Rosso,14,9,1:46.777,1:46.544,1:48.951
2008,13,vettel,Sebastian Vettel,toro_rosso,Toro Rosso,15,10,1:47.152,1:46.804,1:50.319
2008,13,trulli,Jarno Trulli,toyota,Toyota,11,11,1:47.400,1:46.949,NaN
2008,13,piquet_jr,Nelson Piquet Jr.,renault,Renault,6,12,1:47.052,1:46.965,NaN
2008,13,glock,Timo Glock,toyota,Toyota,12,13,1:47.359,1:46.995,NaN
2008,13,coulthard,David Coulthard,red_bull,Red Bull,9,14,1:47.132,1:47.018,NaN
2008,13,rosberg,Nico Rosberg,williams,Williams,7,15,1:47.503,1:47.429,NaN
2008,13,barrichello,Rubens Barrichello,honda,Honda,17,16,1:48.153,NaN,NaN
2008,13,button,Jenson Button,honda,Honda,16,17,1:48.211,NaN,NaN
2008,13,sutil,Adrian Sutil,force_india,Force India,20,18,1:48.226,NaN,NaN
2008,13,nakajima,Kazuki Nakajima,williams,Williams,8,19,1:48.268,NaN,NaN
2008,13,fisichella,Giancarlo Fisichella,force_india,Force India,21,20,1:48.447,NaN,NaN
2008,14,vettel,Sebastian Vettel,toro_rosso,Toro Rosso,15,1,1:35.464,1:35.837,1:37.555
2008,14,kovalainen,Heikki Kovalainen,mclaren,McLaren,23,2,1:35.214,1:35.843,1:37.631
2008,14,webber,Mark Webber,red_bull,Red Bull,10,3,1:36.001,1:36.306,1:38.117
2008,14,bourdais,Sébastien Bourdais,toro_rosso,Toro Rosso,14,4,1:35.543,1:36.175,1:38.445
2008,14,rosberg,Nico Rosberg,williams,Williams,7,5,1:35.485,1:35.898,1:38.767
2008,14,massa,Felipe Massa,ferrari,Ferrari,2,6,1:35.536,1:36.676,1:38.894
2008,14,trulli,Jarno Trulli,toyota,Toyota,11,7,1:35.906,1:36.008,1:39.152
2008,14,alonso,Fernando Alonso,renault,Renault,5,8,1:36.297,1:36.518,1:39.751
2008,14,glock,Timo Glock,toyota,Toyota,12,9,1:35.737,1:36.525,1:39.787
2008,14,heidfeld,Nick Heidfeld,bmw_sauber,BMW Sauber,3,10,1:35.709,1:36.626,1:39.906
2008,14,kubica,Robert Kubica,bmw_sauber,BMW Sauber,4,11,1:35.553,1:36.697,NaN
2008,14,fisichella,Giancarlo Fisichella,force_india,Force India,21,12,1:36.280,1:36.698,NaN
2008,14,coulthard,David Coulthard,red_bull,Red Bull,9,13,1:36.485,1:37.284,NaN
2008,14,raikkonen,Kimi Räikkönen,ferrari,Ferrari,1,14,1:35.965,1:37.522,NaN
2008,14,hamilton,Lewis Hamilton,mclaren,McLaren,22,15,1:35.394,1:39.265,NaN
2008,14,barrichello,Rubens Barrichello,honda,Honda,17,16,1:36.510,NaN,NaN
2008,14,piquet_jr,Nelson Piquet Jr.,renault,Renault,6,17,1:36.630,NaN,NaN
2008,14,nakajima,Kazuki Nakajima,williams,Williams,8,18,1:36.653,NaN,NaN
2008,14,button,Jenson Button,honda,Honda,16,19,1:37.006,NaN,NaN
2008,14,sutil,Adrian Sutil,force_india,Force India,20,20,1:37.417,NaN,NaN
2008,15,massa,Felipe Massa,ferrari,Ferrari,2,1,1:44.519,1:44.014,1:44.801
2008,15,hamilton,Lewis Hamilton,mclaren,McLaren,22,2,1:44.501,1:44.932,1:45.465
2008,15,raikkonen,Kimi Räikkönen,ferrari,Ferrari,1,3,1:44.282,1:44.232,1:45.617
2008,15,kubica,Robert Kubica,bmw_sauber,BMW Sauber,4,4,1:44.740,1:44.519,1:45.779
2008,15,kovalainen,Heikki Kovalainen,mclaren,McLaren,23,5,1:44.311,1:44.207,1:45.873
2008,15,heidfeld,Nick Heidfeld,bmw_sauber,BMW Sauber,3,6,1:45.548,1:44.520,1:45.964
2008,15,vettel,Sebastian Vettel,toro_rosso,Toro Rosso,15,7,1:45.042,1:44.261,1:46.244
2008,15,glock,Timo Glock,toyota,Toyota,12,8,1:45.184,1:44.441,1:46.328
2008,15,rosberg,Nico Rosberg,williams,Williams,7,9,1:45.103,1:44.429,1:46.611
2008,15,nakajima,Kazuki Nakajima,williams,Williams,8,10,1:45.127,1:44.826,1:47.547
2008,15,trulli,Jarno Trulli,toyota,Toyota,11,11,1:45.642,1:45.038,NaN
2008,15,button,Jenson Button,honda,Honda,16,12,1:45.660,1:45.133,NaN
2008,15,webber,Mark Webber,red_bull,Red Bull,10,13,1:45.493,1:45.212,NaN
2008,15,coulthard,David Coulthard,red_bull,Red Bull,9,14,1:46.028,1:45.298,NaN
2008,15,alonso,Fernando Alonso,renault,Renault,5,15,1:44.971,NaN,NaN
2008,15,piquet_jr,Nelson Piquet Jr.,renault,Renault,6,16,1:46.037,NaN,NaN
2008,15,bourdais,Sébastien Bourdais,toro_rosso,Toro Rosso,14,17,1:46.389,NaN,NaN
2008,15,barrichello,Rubens Barrichello,honda,Honda,17,18,1:46.583,NaN,NaN
2008,15,sutil,Adrian Sutil,force_india,Force India,20,19,1:47.940,NaN,NaN
2008,15,fisichella,Giancarlo Fisichella,force_india,Force India,21,20,,NaN,NaN
2008,16,hamilton,Lewis Hamilton,mclaren,McLaren,22,1,1:18.071,1:17.462,1:18.404
2008,16,raikkonen,Kimi Räikkönen,ferrari,Ferrari,1,2,1:18.160,1:17.733,1:18.644
2008,16,kovalainen,Heikki Kovalainen,mclaren,McLaren,23,3,1:18.220,1:17.360,1:18.821
2008,16,alonso,Fernando Alonso,renault,Renault,5,4,1:18.290,1:17.871,1:18.852
2008,16,massa,Felipe Massa,ferrari,Ferrari,2,5,1:18.110,1:17.287,1:18.874
2008,16,kubica,Robert Kubica,bmw_sauber,BMW Sauber,4,6,1:18.684,1:17.931,1:18.979
2008,16,trulli,Jarno Trulli,toyota,Toyota,11,7,1:18.501,1:17.541,1:19.026
2008,16,glock,Timo Glock,toyota,Toyota,12,8,1:17.945,1:17.670,1:19.118
2008,16,vettel,Sebastian Vettel,toro_rosso,Toro Rosso,15,9,1:18.559,1:17.714,1:19.638
2008,16,bourdais,Sébastien Bourdais,toro_rosso,Toro Rosso,14,10,1:18.593,1:18.102,1:20.167
2008,16,coulthard,David Coulthard,red_bull,Red Bull,9,11,1:18.303,1:18.187,NaN
2008,16,piquet_jr,Nelson Piquet Jr.,renault,Renault,6,12,1:18.300,1:18.274,NaN
2008,16,webber,Mark Webber,red_bull,Red Bull,10,13,1:18.372,1:18.354,NaN
2008,16,nakajima,Kazuki Nakajima,williams,Williams,8,14,1:18.640,1:18.594,NaN
2008,16,rosberg,Nico Rosberg,williams,Williams,7,15,1:18.740,1:18.672,NaN
2008,16,heidfeld,Nick Heidfeld,bmw_sauber,BMW Sauber,3,16,1:18.835,NaN,NaN
2008,16,barrichello,Rubens Barrichello,honda,Honda,17,17,1:18.882,NaN,NaN
2008,16,button,Jenson Button,honda,Honda,16,18,1:19.100,NaN,NaN
2008,16,sutil,Adrian Sutil,force_india,Force India,20,19,1:19.163,NaN,NaN
2008,16,fisichella,Giancarlo Fisichella,force_india,Force India,21,20,1:19.910,NaN,NaN
2008,17,hamilton,Lewis Hamilton,mclaren,McLaren,22,1,1:35.566,1:34.947,1:36.303
2008,17,raikkonen,Kimi Räikkönen,ferrari,Ferrari,1,2,1:35.983,1:35.355,1:36.645
2008,17,massa,Felipe Massa,ferrari,Ferrari,2,3,1:35.971,1:35.135,1:36.889
2008,17,alonso,Fernando Alonso,renault,Renault,5,4,1:35.769,1:35.461,1:36.927
2008,17,kovalainen,Heikki Kovalainen,mclaren,McLaren,23,5,1:35.623,1:35.216,1:36.930
2008,17,webber,Mark Webber,red_bull,Red Bull,10,6,1:36.238,1:35.686,1:37.083
2008,17,heidfeld,Nick Heidfeld,bmw_sauber,BMW Sauber,3,7,1:36.224,1:35.403,1:37.201
2008,17,vettel,Sebastian Vettel,toro_rosso,Toro Rosso,15,8,1:35.752,1:35.386,1:37.685
2008,17,trulli,Jarno Trulli,toyota,Toyota,11,9,1:36.104,1:35.715,1:37.934
2008,17,bourdais,Sébastien Bourdais,toro_rosso,Toro Rosso,14,10,1:36.239,1:35.478,1:38.885
2008,17,piquet_jr,Nelson Piquet Jr.,renault,Renault,6,11,1:36.029,1:35.722,NaN
2008,17,kubica,Robert Kubica,bmw_sauber,BMW Sauber,4,12,1:36.503,1:35.814,NaN
2008,17,glock,Timo Glock,toyota,Toyota,12,13,1:36.210,1:35.937,NaN
2008,17,barrichello,Rubens Barrichello,honda,Honda,17,14,1:36.640,1:36.079,NaN
2008,17,rosberg,Nico Rosberg,williams,Williams,7,15,1:36.434,1:36.210,NaN
2008,17,coulthard,David Coulthard,red_bull,Red Bull,9,16,1:36.731,NaN,NaN
2008,17,nakajima,Kazuki Nakajima,williams,Williams,8,17,1:36.863,NaN,NaN
2008,17,button,Jenson Button,honda,Honda,16,18,1:37.053,NaN,NaN
2008,17,sutil,Adrian Sutil,force_india,Force India,20,19,1:37.730,NaN,NaN
2008,17,fisichella,Giancarlo Fisichella,force_india,Force India,21,20,1:37.739,NaN,NaN
2008,18,massa,Felipe Massa,ferrari,Ferrari,2,1,1:11.830,1:11.875,1:12.368
2008,18,trulli,Jarno Trulli,toyota,Toyota,11,2,1:12.226,1:12.107,1:12.737
2008,18,raikkonen,Kimi Räikkönen,ferrari,Ferrari,1,3,1:12.083,1:11.950,1:12.825
2008,18,hamilton,Lewis Hamilton,mclaren,McLaren,22,4,1:12.213,1:11.856,1:12.830
2008,18,kovalainen,Heikki Kovalainen,mclaren,McLaren,23,5,1:12.366,1:11.768,1:12.917
2008,18,alonso,Fernando Alonso,renault,Renault,5,6,1:12.214,1:12.090,1:12.967
2008,18,vettel,Sebastian Vettel,toro_rosso,Toro Rosso,15,7,1:12.390,1:11.845,1:13.082
2008,18,heidfeld,Nick Heidfeld,bmw_sauber,BMW Sauber,3,8,1:12.371,1:12.026,1:13.297
2008,18,bourdais,Sébastien Bourdais,toro_rosso,Toro Rosso,14,9,1:12.498,1:12.075,1:14.105
2008,18,glock,Timo Glock,toyota,Toyota,12,10,1:12.223,1:11.909,1:14.230
2008,18,piquet_jr,Nelson Piquet Jr.,renault,Renault,6,11,1:12.348,1:12.137,NaN
2008,18,webber,Mark Webber,red_bull,Red Bull,10,12,1:12.409,1:12.289,NaN
2008,18,kubica,Robert Kubica,bmw_sauber,BMW Sauber,4,13,1:12.381,1:12.300,NaN
2008,18,coulthard,David Coulthard,red_bull,Red Bull,9,14,1:12.690,1:12.717,NaN
2008,18,barrichello,Rubens Barrichello,honda,Honda,17,15,1:12.548,1:13.139,NaN
2008,18,nakajima,Kazuki Nakajima,williams,Williams,8,16,1:12.800,NaN,NaN
2008,18,button,Jenson Button,honda,Honda,16,17,1:12.810,NaN,NaN
2008,18,rosberg,Nico Rosberg,williams,Williams,7,18,1:13.002,NaN,NaN
2008,18,fisichella,Giancarlo Fisichella,force_india,Force India,21,19,1:13.426,NaN,NaN
2008,18,sutil,Adrian Sutil,force_india,Force India,20,20,1:13.508,NaN,NaN
2009,1,button,Jenson Button,brawn,Brawn,22,1,1:25.211,1:24.855,1:26.202
2009,1,barrichello,Rubens Barrichello,brawn,Brawn,23,2,1:25.006,1:24.783,1:26.505
2009,1,vettel,Sebastian Vettel,red_bull,Red Bull,15,3,1:25.938,1:25.121,1:26.830
2009,1,kubica,Robert Kubica,bmw_sauber,BMW Sauber,5,4,1:25.922,1:25.152,1:26.914
2009,1,rosberg,Nico Rosberg,williams,Williams,16,5,1:25.846,1:25.123,1:26.973
2009,1,glock,Timo Glock,toyota,Toyota,10,6,1:25.499,1:25.281,1:26.975
2009,1,massa,Felipe Massa,ferrari,Ferrari,3,7,1:25.844,1:25.319,1:27.033
2009,1,trulli,Jarno Trulli,toyota,Toyota,9,8,1:26.194,1:25.265,1:27.127
2009,1,raikkonen,Kimi Räikkönen,ferrari,Ferrari,4,9,1:25.899,1:25.380,1:27.163
2009,1,webber,Mark Webber,red_bull,Red Bull,14,10,1:25.427,1:25.241,1:27.246
2009,1,heidfeld,Nick Heidfeld,bmw_sauber,BMW Sauber,6,11,1:25.827,1:25.504,NaN
2009,1,alonso,Fernando Alonso,renault,Renault,7,12,1:26.026,1:25.605,NaN
2009,1,nakajima,Kazuki Nakajima,williams,Williams,17,13,1:26.074,1:25.607,NaN
2009,1,kovalainen,Heikki Kovalainen,mclaren,McLaren,2,14,1:26.184,1:25.726,NaN
2009,1,hamilton,Lewis Hamilton,mclaren,McLaren,1,15,1:26.454,NaN,NaN
2009,1,buemi,Sébastien Buemi,toro_rosso,Toro Rosso,12,16,1:26.503,NaN,NaN
2009,1,piquet_jr,Nelson Piquet Jr.,renault,Renault,8,17,1:26.598,NaN,NaN
2009,1,fisichella,Giancarlo Fisichella,force_india,Force India,21,18,1:26.677,NaN,NaN
2009,1,sutil,Adrian Sutil,force_india,Force India,20,19,1:26.742,NaN,NaN
2009,1,bourdais,Sébastien Bourdais,toro_rosso,Toro Rosso,11,20,1:26.964,NaN,NaN
2009,2,button,Jenson Button,brawn,Brawn,22,1,1:35.058,1:33.784,1:35.181
2009,2,trulli,Jarno Trulli,toyota,Toyota,9,2,1:34.745,1:33.990,1:35.273
2009,2,vettel,Sebastian Vettel,red_bull,Red Bull,15,3,1:34.935,1:34.276,1:35.518
2009,2,barrichello,Rubens Barrichello,brawn,Brawn,23,4,1:34.681,1:34.387,1:35.651
2009,2,glock,Timo Glock,toyota,Toyota,10,5,1:34.907,1:34.258,1:35.690
2009,2,rosberg,Nico Rosberg,williams,Williams,16,6,1:35.083,1:34.547,1:35.750
2009,2,webber,Mark Webber,red_bull,Red Bull,14,7,1:35.027,1:34.222,1:35.797
2009,2,kubica,Robert Kubica,bmw_sauber,BMW Sauber,5,8,1:35.166,1:34.562,1:36.106
2009,2,raikkonen,Kimi Räikkönen,ferrari,Ferrari,4,9,1:35.476,1:34.456,1:36.170
2009,2,alonso,Fernando Alonso,renault,Renault,7,10,1:35.260,1:34.706,1:37.659
2009,2,heidfeld,Nick Heidfeld,bmw_sauber,BMW Sauber,5,11,1:35.110,1:34.769,NaN
2009,2,nakajima,Kazuki Nakajima,williams,Williams,17,12,1:35.341,1:34.788,NaN
2009,2,hamilton,Lewis Hamilton,mclaren,McLaren,1,13,1:35.280,1:34.905,NaN
2009,2,kovalainen,Heikki Kovalainen,mclaren,McLaren,2,14,1:35.023,1:34.924,NaN
2009,2,bourdais,Sébastien Bourdais,toro_rosso,Toro Rosso,11,15,1:35.507,1:35.431,NaN
2009,2,massa,Felipe Massa,ferrari,Ferrari,3,16,1:35.642,NaN,NaN
2009,2,piquet_jr,Nelson Piquet Jr.,renault,Renault,8,17,1:35.708,NaN,NaN
2009,2,fisichella,Giancarlo Fisichella,force_india,Force India,21,18,1:35.908,NaN,NaN
2009,2,sutil,Adrian Sutil,force_india,Force India,20,19,1:35.951,NaN,NaN
2009,2,buemi,Sébastien Buemi,toro_rosso,Toro Rosso,12,20,1:36.107,NaN,NaN
2009,3,vettel,Sebastian Vettel,red_bull,Red Bull,15,1,1:36.565,1:35.130,1:36.184
2009,3,alonso,Fernando Alonso,renault,Renault,7,2,1:36.443,1:35.803,1:36.381
2009,3,webber,Mark Webber,red_bull,Red Bull,14,3,1:35.751,1:35.173,1:36.466
2009,3,barrichello,Rubens Barrichello,brawn,Brawn,23,4,1:35.701,1:35.503,1:36.493
2009,3,button,Jenson Button,brawn,Brawn,22,5,1:35.533,1:35.556,1:36.532
2009,3,trulli,Jarno Trulli,toyota,Toyota,9,6,1:36.308,1:35.645,1:36.835
2009,3,rosberg,Nico Rosberg,williams,Williams,16,7,1:35.941,1:35.809,1:37.397
2009,3,raikkonen,Kimi Räikkönen,ferrari,Ferrari,4,8,1:36.137,1:35.856,1:38.089
2009,3,hamilton,Lewis Hamilton,mclaren,McLaren,1,9,1:35.776,1:35.740,1:38.595
2009,3,buemi,Sébastien Buemi,toro_rosso,Toro Rosso,12,10,1:36.284,1:35.965,1:39.321
2009,3,heidfeld,Nick Heidfeld,bmw_sauber,BMW Sauber,6,11,1:36.525,1:35.975,NaN
2009,3,kovalainen,Heikki Kovalainen,mclaren,McLaren,2,12,1:36.646,1:36.032,NaN
2009,3,massa,Felipe Massa,ferrari,Ferrari,3,13,1:36.178,1:36.033,NaN
2009,3,glock,Timo Glock,toyota,Toyota,10,14,1:36.364,1:36.066,NaN
2009,3,nakajima,Kazuki Nakajima,williams,Williams,17,15,1:36.673,1:36.193,NaN
2009,3,bourdais,Sébastien Bourdais,toro_rosso,Toro Rosso,11,16,1:36.906,NaN,NaN
2009,3,piquet_jr,Nelson Piquet Jr.,renault,Renault,8,17,1:36.908,NaN,NaN
2009,3,kubica,Robert Kubica,bmw_sauber,BMW Sauber,5,18,1:36.966,NaN,NaN
2009,3,sutil,Adrian Sutil,force_india,Force India,20,19,1:37.669,NaN,NaN
2009,3,fisichella,Giancarlo Fisichella,force_india,Force India,11,20,1:37.672,NaN,NaN
2009,4,trulli,Jarno Trulli,toyota,Toyota,9,1,1:32.799,1:32.671,1:33.431
2009,4,glock,Timo Glock,toyota,Toyota,10,2,1:33.165,1:32.613,1:33.712
2009,4,vettel,Sebastian Vettel,red_bull,Red Bull,15,3,1:32.680,1:32.474,1:34.015
2009,4,button,Jenson Button,brawn,Brawn,22,4,1:32.978,1:32.842,1:34.044
2009,4,hamilton,Lewis Hamilton,mclaren,McLaren,1,5,1:32.851,1:32.877,1:34.196
2009,4,barrichello,Rubens Barrichello,brawn,Brawn,23,6,1:33.116,1:32.842,1:34.239
2009,4,alonso,Fernando Alonso,renault,Renault,7,7,1:33.627,1:32.860,1:34.578
2009,4,massa,Felipe Massa,ferrari,Ferrari,3,8,1:33.297,1:33.014,1:34.818
2009,4,rosberg,Nico Rosberg,williams,Williams,16,9,1:33.672,1:33.166,1:35.134
2009,4,raikkonen,Kimi Räikkönen,ferrari,Ferrari,4,10,1:33.117,1:32.827,1:35.380
2009,4,kovalainen,Heikki Kovalainen,mclaren,McLaren,2,11,1:33.479,1:33.242,NaN
2009,4,nakajima,Kazuki Nakajima,williams,Williams,17,12,1:33.221,1:33.348,NaN
2009,4,kubica,Robert Kubica,bmw_sauber,BMW Sauber,5,13,1:33.495,1:33.487,NaN
2009,4,heidfeld,Nick Heidfeld,bmw_sauber,BMW Sauber,6,14,1:33.377,1:33.562,NaN
2009,4,piquet_jr,Nelson Piquet Jr.,renault,Renault,8,15,1:33.608,1:33.941,NaN
2009,4,sutil,Adrian Sutil,force_india,Force India,20,16,1:33.722,NaN,NaN
2009,4,buemi,Sébastien Buemi,toro_rosso,Toro Rosso,12,17,1:33.753,NaN,NaN
2009,4,fisichella,Giancarlo Fisichella,force_india,Force India,21,18,1:33.910,NaN,NaN
2009,4,webber,Mark Webber,red_bull,Red Bull,14,19,1:34.038,NaN,NaN
2009,4,bourdais,Sébastien Bourdais,toro_rosso,Toro Rosso,11,20,1:34.159,NaN,NaN
2009,5,button,Jenson Button,brawn,Brawn,22,1,1:20.707,1:20.192,1:20.527
2009,5,vettel,Sebastian Vettel,red_bull,Red Bull,15,2,1:20.715,1:20.220,1:20.660
2009,5,barrichello,Rubens Barrichello,brawn,Brawn,23,3,1:20.808,1:19.954,1:20.762
2009,5,massa,Felipe Massa,ferrari,Ferrari,3,4,1:20.484,1:20.149,1:20.934
2009,5,webber,Mark Webber,red_bull,Red Bull,14,5,1:20.689,1:20.007,1:21.049
2009,5,glock,Timo Glock,toyota,Toyota,10,6,1:20.877,1:20.107,1:21.247
2009,5,trulli,Jarno Trulli,toyota,Toyota,9,7,1:21.189,1:20.420,1:21.254
2009,5,alonso,Fernando Alonso,renault,Renault,7,8,1:21.186,1:20.509,1:21.392
2009,5,rosberg,Nico Rosberg,williams,Williams,16,9,1:20.745,1:20.256,1:22.558
2009,5,kubica,Robert Kubica,bmw_sauber,BMW Sauber,5,10,1:20.931,1:20.408,1:22.685
2009,5,nakajima,Kazuki Nakajima,williams,Williams,17,11,1:20.818,1:20.531,NaN
2009,5,piquet_jr,Nelson Piquet Jr.,renault,Renault,8,12,1:21.128,1:20.604,NaN
2009,5,heidfeld,Nick Heidfeld,bmw_sauber,BMW Sauber,6,13,1:21.095,1:20.676,NaN
2009,5,hamilton,Lewis Hamilton,mclaren,McLaren,1,14,1:20.991,1:20.805,NaN
2009,5,buemi,Sébastien Buemi,toro_rosso,Toro Rosso,12,15,1:21.033,1:21.067,NaN
2009,5,raikkonen,Kimi Räikkönen,ferrari,Ferrari,4,16,1:21.291,NaN,NaN
2009,5,bourdais,Sébastien Bourdais,toro_rosso,Toro Rosso,11,17,1:21.300,NaN,NaN
2009,5,kovalainen,Heikki Kovalainen,mclaren,McLaren,2,18,1:21.675,NaN,NaN
2009,5,sutil,Adrian Sutil,force_india,Force India,20,19,1:21.742,NaN,NaN
2009,5,fisichella,Giancarlo Fisichella,force_india,Force India,21,20,1:22.204,NaN,NaN
2009,6,button,Jenson Button,brawn,Brawn,22,1,1:15.210,1:15.016,1:14.902
2009,6,raikkonen,Kimi Räikkönen,ferrari,Ferrari,4,2,1:15.746,1:14.514,1:14.927
2009,6,barrichello,Rubens Barrichello,brawn,Brawn,23,3,1:15.425,1:14.829,1:15.077
2009,6,vettel,Sebastian Vettel,red_bull,Red Bull,15,4,1:15.915,1:14.879,1:15.271
2009,6,massa,Felipe Massa,ferrari,Ferrari,3,5,1:15.340,1:15.001,1:15.437
2009,6,rosberg,Nico Rosberg,williams,Williams,16,6,1:15.094,1:14.846,1:15.455
2009,6,kovalainen,Heikki Kovalainen,mclaren,McLaren,2,7,1:15.495,1:14.809,1:15.516
2009,6,webber,Mark Webber,red_bull,Red Bull,14,8,1:15.260,1:14.825,1:15.653
2009,6,alonso,Fernando Alonso,renault,Renault,7,9,1:15.898,1:15.200,1:16.009
2009,6,nakajima,Kazuki Nakajima,williams,Williams,17,10,1:15.930,1:15.579,1:17.344
2009,6,buemi,Sébastien Buemi,toro_rosso,Toro Rosso,12,11,1:15.834,1:15.833,NaN
2009,6,piquet_jr,Nelson Piquet Jr.,renault,Renault,8,12,1:16.013,1:15.837,NaN
2009,6,fisichella,Giancarlo Fisichella,force_india,Force India,21,13,1:16.063,1:16.146,NaN
2009,6,bourdais,Sébastien Bourdais,toro_rosso,Toro Rosso,11,14,1:16.120,1:16.281,NaN
2009,6,sutil,Adrian Sutil,force_india,Force India,20,15,1:16.248,1:16.545,NaN
2009,6,hamilton,Lewis Hamilton,mclaren,McLaren,1,16,1:16.264,NaN,NaN
2009,6,heidfeld,Nick Heidfeld,bmw_sauber,BMW Sauber,6,17,1:16.264,NaN,NaN
2009,6,kubica,Robert Kubica,bmw_sauber,BMW Sauber,5,18,1:16.405,NaN,NaN
2009,6,trulli,Jarno Trulli,toyota,Toyota,9,19,1:16.548,NaN,NaN
2009,6,glock,Timo Glock,toyota,Toyota,10,20,1:16.788,NaN,NaN
2009,7,vettel,Sebastian Vettel,red_bull,Red Bull,15,1,1:27.330,1:27.016,1:28.316
2009,7,button,Jenson Button,brawn,Brawn,22,2,1:27.355,1:27.230,1:28.421
2009,7,barrichello,Rubens Barrichello,brawn,Brawn,23,3,1:27.371,1:27.418,1:28.579
2009,7,webber,Mark Webber,red_bull,Red Bull,14,4,1:27.466,1:27.416,1:28.613
2009,7,trulli,Jarno Trulli,toyota,Toyota,9,5,1:27.529,1:27.195,1:28.666
2009,7,raikkonen,Kimi Räikkönen,ferrari,Ferrari,4,6,1:27.556,1:27.387,1:28.815
2009,7,massa,Felipe Massa,ferrari,Ferrari,3,7,1:27.508,1:27.349,1:28.858
2009,7,alonso,Fernando Alonso,renault,Renault,7,8,1:27.988,1:27.473,1:29.075
2009,7,rosberg,Nico Rosberg,williams,Williams,16,9,1:27.517,1:27.418,1:29.191
2009,7,kubica,Robert Kubica,bmw_sauber,BMW Sauber,5,10,1:27.788,1:27.455,1:29.357
2009,7,heidfeld,Nick Heidfeld,bmw_sauber,BMW Sauber,6,11,1:27.795,1:27.521,NaN
2009,7,nakajima,Kazuki Nakajima,williams,Williams,17,12,1:27.691,1:27.629,NaN
2009,7,glock,Timo Glock,toyota,Toyota,10,13,1:28.160,1:27.795,NaN
2009,7,kovalainen,Heikki Kovalainen,mclaren,McLaren,2,14,1:28.199,1:28.207,NaN
2009,7,sutil,Adrian Sutil,force_india,Force India,20,15,1:28.278,1:28.391,NaN
2009,7,hamilton,Lewis Hamilton,mclaren,McLaren,1,16,1:28.318,NaN,NaN
2009,7,piquet_jr,Nelson Piquet Jr.,renault,Renault,8,17,1:28.582,NaN,NaN
2009,7,buemi,Sébastien Buemi,toro_rosso,Toro Rosso,12,18,1:28.708,NaN,NaN
2009,7,fisichella,Giancarlo Fisichella,force_india,Force India,21,19,1:28.717,NaN,NaN
2009,7,bourdais,Sébastien Bourdais,toro_rosso,Toro Rosso,11,20,1:28.918,NaN,NaN
2009,8,vettel,Sebastian Vettel,red_bull,Red Bull,15,1,1:18.685,1:18.119,1:19.509
2009,8,barrichello,Rubens Barrichello,brawn,Brawn,23,2,1:19.325,1:18.335,1:19.856
2009,8,webber,Mark Webber,red_bull,Red Bull,14,3,1:18.674,1:18.209,1:19.868
2009,8,trulli,Jarno Trulli,toyota,Toyota,9,4,1:18.886,1:18.240,1:20.091
2009,8,nakajima,Kazuki Nakajima,williams,Williams,17,5,1:18.530,1:18.575,1:20.216
2009,8,button,Jenson Button,brawn,Brawn,22,6,1:18.957,1:18.663,1:20.289
2009,8,rosberg,Nico Rosberg,williams,Williams,16,7,1:19.228,1:18.591,1:20.361
2009,8,glock,Timo Glock,toyota,Toyota,10,8,1:19.198,1:18.791,1:20.490
2009,8,raikkonen,Kimi Räikkönen,ferrari,Ferrari,4,9,1:19.010,1:18.566,1:20.715
2009,8,alonso,Fernando Alonso,renault,Renault,7,10,1:19.167,1:18.761,1:20.741
2009,8,massa,Felipe Massa,ferrari,Ferrari,3,11,1:19.148,1:18.927,NaN
2009,8,kubica,Robert Kubica,bmw_sauber,BMW Sauber,5,12,1:19.730,1:19.308,NaN
2009,8,kovalainen,Heikki Kovalainen,mclaren,McLaren,2,13,1:19.732,1:19.353,NaN
2009,8,piquet_jr,Nelson Piquet Jr.,renault,Renault,8,14,1:19.555,1:19.392,NaN
2009,8,heidfeld,Nick Heidfeld,bmw_sauber,BMW Sauber,6,15,1:19.559,1:19.448,NaN
2009,8,fisichella,Giancarlo Fisichella,force_india,Force India,21,16,1:19.802,NaN,NaN
2009,8,bourdais,Sébastien Bourdais,toro_rosso,Toro Rosso,11,17,1:19.898,NaN,NaN
2009,8,sutil,Adrian Sutil,force_india,Force India,20,18,1:19.909,NaN,NaN
2009,8,hamilton,Lewis Hamilton,mclaren,McLaren,1,19,1:19.917,NaN,NaN
2009,8,buemi,Sébastien Buemi,toro_rosso,Toro Rosso,12,20,1:20.236,NaN,NaN
2009,9,webber,Mark Webber,red_bull,Red Bull,14,1,1:31.257,1:38.038,1:32.230
2009,9,barrichello,Rubens Barrichello,brawn,Brawn,23,2,1:31.482,1:34.455,1:32.357
2009,9,button,Jenson Button,brawn,Brawn,22,3,1:31.568,1:39.032,1:32.473
2009,9,vettel,Sebastian Vettel,red_bull,Red Bull,15,4,1:31.430,1:39.504,1:32.480
2009,9,hamilton,Lewis Hamilton,mclaren,McLaren,1,5,1:31.473,1:39.149,1:32.616
2009,9,kovalainen,Heikki Kovalainen,mclaren,McLaren,2,6,1:31.881,1:40.826,1:33.859
2009,9,sutil,Adrian Sutil,force_india,Force India,20,7,1:32.015,1:36.740,1:34.316
2009,9,massa,Felipe Massa,ferrari,Ferrari,3,8,1:31.600,1:41.708,1:34.574
2009,9,raikkonen,Kimi Räikkönen,ferrari,Ferrari,4,9,1:31.869,1:41.730,1:34.710
2009,9,piquet_jr,Nelson Piquet Jr.,renault,Renault,8,10,1:32.128,1:35.737,1:34.803
2009,9,heidfeld,Nick Heidfeld,bmw_sauber,BMW Sauber,6,11,1:31.771,1:42.310,NaN
2009,9,alonso,Fernando Alonso,renault,Renault,7,12,1:31.302,1:42.318,NaN
2009,9,nakajima,Kazuki Nakajima,williams,Williams,17,13,1:31.884,1:42.500,NaN
2009,9,trulli,Jarno Trulli,toyota,Toyota,9,14,1:31.760,1:42.771,NaN
2009,9,rosberg,Nico Rosberg,williams,Williams,16,15,1:31.598,1:42.859,NaN
2009,9,kubica,Robert Kubica,bmw_sauber,BMW Sauber,5,16,1:32.190,NaN,NaN
2009,9,buemi,Sébastien Buemi,toro_rosso,Toro Rosso,12,17,1:32.251,NaN,NaN
2009,9,fisichella,Giancarlo Fisichella,force_india,Force India,21,18,1:32.402,NaN,NaN
2009,9,glock,Timo Glock,toyota,Toyota,10,19,1:32.423,NaN,NaN
2009,9,bourdais,Sébastien Bourdais,toro_rosso,Toro Rosso,11,20,1:33.559,NaN,NaN
2009,10,alonso,Fernando Alonso,renault,Renault,7,1,1:21.313,1:20.826,1:21.569
2009,10,vettel,Sebastian Vettel,red_bull,Red Bull,15,2,1:21.178,1:20.604,1:21.607
2009,10,webber,Mark Webber,red_bull,Red Bull,14,3,1:20.964,1:20.358,1:21.741
2009,10,hamilton,Lewis Hamilton,mclaren,McLaren,1,4,1:20.842,1:20.465,1:21.839
2009,10,rosberg,Nico Rosberg,williams,Williams,16,5,1:20.793,1:20.862,1:21.890
2009,10,kovalainen,Heikki Kovalainen,mclaren,McLaren,2,6,1:21.659,1:20.807,1:22.095
2009,10,raikkonen,Kimi Räikkönen,ferrari,Ferrari,4,7,1:21.500,1:20.647,1:22.468
2009,10,button,Jenson Button,brawn,Brawn,22,8,1:21.471,1:20.707,1:22.511
2009,10,nakajima,Kazuki Nakajima,williams,Williams,17,9,1:21.407,1:20.570,1:22.835
2009,10,massa,Felipe Massa,ferrari,Ferrari,3,10,1:21.420,1:20.823,NaN
2009,10,buemi,Sébastien Buemi,toro_rosso,Toro Rosso,12,11,1:21.571,1:21.002,NaN
2009,10,trulli,Jarno Trulli,toyota,Toyota,9,12,1:21.416,1:21.082,NaN
2009,10,barrichello,Rubens Barrichello,brawn,Brawn,23,13,1:21.558,1:21.222,NaN
2009,10,glock,Timo Glock,toyota,Toyota,10,14,1:21.584,1:21.242,NaN
2009,10,piquet_jr,Nelson Piquet Jr.,renault,Renault,8,15,1:21.278,1:21.389,NaN
2009,10,heidfeld,Nick Heidfeld,bmw_sauber,BMW Sauber,6,16,1:21.738,NaN,NaN
2009,10,fisichella,Giancarlo Fisichella,force_india,Force India,21,17,1:21.807,NaN,NaN
2009,10,sutil,Adrian Sutil,force_india,Force India,20,18,1:21.868,NaN,NaN
2009,10,kubica,Robert Kubica,bmw_sauber,BMW Sauber,5,19,1:21.901,NaN,NaN
2009,10,alguersuari,Jaime Alguersuari,toro_rosso,Toro Rosso,11,20,1:22.359,NaN,NaN
2009,11,hamilton,Lewis Hamilton,mclaren,McLaren,1,1,1:38.649,1:38.182,1:39.489
2009,11,kovalainen,Heikki Kovalainen,mclaren,McLaren,2,2,1:38.816,1:38.230,1:39.532
2009,11,barrichello,Rubens Barrichello,brawn,Brawn,23,3,1:39.019,1:38.076,1:39.563
2009,11,vettel,Sebastian Vettel,red_bull,Red Bull,15,4,1:39.295,1:38.273,1:39.789
2009,11,button,Jenson Button,brawn,Brawn,22,5,1:38.531,1:38.601,1:39.821
2009,11,raikkonen,Kimi Räikkönen,ferrari,Ferrari,4,6,1:38.843,1:38.782,1:40.144
2009,11,rosberg,Nico Rosberg,williams,Williams,16,7,1:39.039,1:38.346,1:40.185
2009,11,alonso,Fernando Alonso,renault,Renault,7,8,1:39.155,1:38.717,1:40.236
2009,11,webber,Mark Webber,red_bull,Red Bull,14,9,1:38.983,1:38.625,1:40.239
2009,11,kubica,Robert Kubica,bmw_sauber,BMW Sauber,5,10,1:38.806,1:38.747,1:40.512
2009,11,heidfeld,Nick Heidfeld,bmw_sauber,BMW Sauber,6,11,1:39.032,1:38.826,NaN
2009,11,sutil,Adrian Sutil,force_india,Force India,20,12,1:39.145,1:38.846,NaN
2009,11,glock,Timo Glock,toyota,Toyota,10,13,1:39.459,1:38.991,NaN
2009,11,grosjean,Romain Grosjean,renault,Renault,8,14,1:39.322,1:39.040,NaN
2009,11,buemi,Sébastien Buemi,toro_rosso,Toro Rosso,12,15,1:38.912,1:39.514,NaN
2009,11,fisichella,Giancarlo Fisichella,force_india,Force India,21,16,1:39.531,NaN,NaN
2009,11,nakajima,Kazuki Nakajima,williams,Williams,17,17,1:39.795,NaN,NaN
2009,11,trulli,Jarno Trulli,toyota,Toyota,9,18,1:39.807,NaN,NaN
2009,11,alguersuari,Jaime Alguersuari,toro_rosso,Toro Rosso,11,19,1:39.925,NaN,NaN
2009,11,badoer,Luca Badoer,ferrari,Ferrari,3,20,1:41.413,NaN,NaN
2009,12,fisichella,Giancarlo Fisichella,force_india,Force India,21,1,1:45.102,1:44.667,1:46.308
2009,12,trulli,Jarno Trulli,toyota,Toyota,9,2,1:45.140,1:44.503,1:46.395
2009,12,heidfeld,Nick Heidfeld,bmw_sauber,BMW Sauber,6,3,1:45.566,1:44.709,1:46.500
2009,12,barrichello,Rubens Barrichello,brawn,Brawn,23,4,1:45.237,1:44.834,1:46.513
2009,12,kubica,Robert Kubica,bmw_sauber,BMW Sauber,5,5,1:45.655,1:44.557,1:46.586
2009,12,raikkonen,Kimi Räikkönen,ferrari,Ferrari,4,6,1:45.579,1:44.953,1:46.633
2009,12,glock,Timo Glock,toyota,Toyota,10,7,1:45.450,1:44.877,1:46.677
2009,12,vettel,Sebastian Vettel,red_bull,Red Bull,15,8,1:45.372,1:44.592,1:46.761
2009,12,webber,Mark Webber,red_bull,Red Bull,14,9,1:45.350,1:44.924,1:46.788
2009,12,rosberg,Nico Rosberg,williams,Williams,16,10,1:45.486,1:45.047,1:47.362
2009,12,sutil,Adrian Sutil,force_india,Force India,20,11,1:45.239,1:45.119,NaN
2009,12,hamilton,Lewis Hamilton,mclaren,McLaren,1,12,1:45.767,1:45.122,NaN
2009,12,alonso,Fernando Alonso,renault,Renault,7,13,1:45.707,1:45.136,NaN
2009,12,button,Jenson Button,brawn,Brawn,22,14,1:45.761,1:45.251,NaN
2009,12,kovalainen,Heikki Kovalainen,mclaren,McLaren,2,15,1:45.705,1:45.259,NaN
2009,12,buemi,Sébastien Buemi,toro_rosso,Toro Rosso,12,16,1:45.951,NaN,NaN
2009,12,alguersuari,Jaime Alguersuari,toro_rosso,Toro Rosso,11,17,1:46.302,NaN,NaN
2009,12,nakajima,Kazuki Nakajima,williams,Williams,17,18,1:46.307,NaN,NaN
2009,12,grosjean,Romain Grosjean,renault,Renault,8,19,1:46.359,NaN,NaN
2009,12,badoer,Luca Badoer,ferrari,Ferrari,3,20,1:46.957,NaN,NaN
2009,13,hamilton,Lewis Hamilton,mclaren,McLaren,1,1,1:23.375,1:22.973,1:24.066
2009,13,sutil,Adrian Sutil,force_india,Force India,20,2,1:23.576,1:23.070,1:24.261
2009,13,raikkonen,Kimi Räikkönen,ferrari,Ferrari,4,3,1:23.349,1:23.426,1:24.523
2009,13,kovalainen,Heikki Kovalainen,mclaren,McLaren,2,4,1:23.515,1:23.528,1:24.845
2009,13,barrichello,Rubens Barrichello,brawn,Brawn,23,5,1:23.483,1:22.976,1:25.015
2009,13,button,Jenson Button,brawn,Brawn,22,6,1:23.403,1:22.955,1:25.030
2009,13,liuzzi,Vitantonio Liuzzi,force_india,Force India,21,7,1:23.578,1:23.207,1:25.043
2009,13,alonso,Fernando Alonso,renault,Renault,7,8,1:23.708,1:23.497,1:25.072
2009,13,vettel,Sebastian Vettel,red_bull,Red Bull,15,9,1:23.558,1:23.545,1:25.180
2009,13,webber,Mark Webber,red_bull,Red Bull,14,10,1:23.755,1:23.273,1:25.314
2009,13,trulli,Jarno Trulli,toyota,Toyota,9,11,1:24.014,1:23.611,NaN
2009,13,grosjean,Romain Grosjean,renault,Renault,8,12,1:23.975,1:23.728,NaN
2009,13,kubica,Robert Kubica,bmw_sauber,BMW Sauber,5,13,1:24.001,1:23.866,NaN
2009,13,fisichella,Giancarlo Fisichella,ferrari,Ferrari,3,14,1:23.828,1:23.901,NaN
2009,13,heidfeld,Nick Heidfeld,bmw_sauber,BMW Sauber,6,15,1:23.584,1:24.275,NaN
2009,13,glock,Timo Glock,toyota,Toyota,10,16,1:24.036,NaN,NaN
2009,13,nakajima,Kazuki Nakajima,williams,Williams,17,17,1:24.074,NaN,NaN
2009,13,rosberg,Nico Rosberg,williams,Williams,16,18,1:24.121,NaN,NaN
2009,13,buemi,Sébastien Buemi,toro_rosso,Toro Rosso,12,19,1:24.220,NaN,NaN
2009,13,alguersuari,Jaime Alguersuari,toro_rosso,Toro Rosso,11,20,1:24.951,NaN,NaN
2009,14,hamilton,Lewis Hamilton,mclaren,McLaren,1,1,1:46.977,1:46.657,1:47.891
2009,14,vettel,Sebastian Vettel,red_bull,Red Bull,15,2,1:47.541,1:46.362,1:48.204
2009,14,rosberg,Nico Rosberg,williams,Williams,16,3,1:47.390,1:46.197,1:48.348
2009,14,webber,Mark Webber,red_bull,Red Bull,14,4,1:47.646,1:46.328,1:48.722
2009,14,barrichello,Rubens Barrichello,brawn,Brawn,23,5,1:47.397,1:46.787,1:48.828
2009,14,alonso,Fernando Alonso,renault,Renault,7,6,1:47.757,1:46.767,1:49.054
2009,14,glock,Timo Glock,toyota,Toyota,10,7,1:47.770,1:46.707,1:49.180
2009,14,heidfeld,Nick Heidfeld,bmw_sauber,BMW Sauber,6,8,1:47.347,1:46.832,1:49.307
2009,14,kubica,Robert Kubica,bmw_sauber,BMW Sauber,5,9,1:47.615,1:46.813,1:49.514
2009,14,kovalainen,Heikki Kovalainen,mclaren,McLaren,2,10,1:47.542,1:46.842,1:49.778
2009,14,nakajima,Kazuki Nakajima,williams,Williams,17,11,1:47.637,1:47.013,NaN
2009,14,button,Jenson Button,brawn,Brawn,22,12,1:47.180,1:47.141,NaN
2009,14,raikkonen,Kimi Räikkönen,ferrari,Ferrari,4,13,1:47.293,1:47.177,NaN
2009,14,buemi,Sébastien Buemi,toro_rosso,Toro Rosso,12,14,1:47.677,1:47.369,NaN
2009,14,trulli,Jarno Trulli,toyota,Toyota,9,15,1:47.690,1:47.413,NaN
2009,14,sutil,Adrian Sutil,force_india,Force India,20,16,1:48.231,NaN,NaN
2009,14,alguersuari,Jaime Alguersuari,toro_rosso,Toro Rosso,11,17,1:48.340,NaN,NaN
2009,14,fisichella,Giancarlo Fisichella,ferrari,Ferrari,3,18,1:48.350,NaN,NaN
2009,14,grosjean,Romain Grosjean,renault,Renault,8,19,1:48.544,NaN,NaN
2009,14,liuzzi,Vitantonio Liuzzi,force_india,Force India,21,20,1:48.792,NaN,NaN
2009,15,vettel,Sebastian Vettel,red_bull,Red Bull,15,1,1:30.883,1:30.341,1:32.160
2009,15,trulli,Jarno Trulli,toyota,Toyota,9,2,1:31.063,1:30.737,1:32.220
2009,15,hamilton,Lewis Hamilton,mclaren,McLaren,1,3,1:30.917,1:30.627,1:32.395
2009,15,sutil,Adrian Sutil,force_india,Force India,20,4,1:31.386,1:31.222,1:32.466
2009,15,barrichello,Rubens Barrichello,brawn,Brawn,23,5,1:31.272,1:31.055,1:32.660
2009,15,heidfeld,Nick Heidfeld,bmw_sauber,BMW Sauber,6,6,1:31.501,1:31.260,1:32.945
2009,15,button,Jenson Button,brawn,Brawn,22,7,1:31.041,1:30.880,1:32.962
2009,15,raikkonen,Kimi Räikkönen,ferrari,Ferrari,4,8,1:31.288,1:31.052,1:32.980
2009,15,kovalainen,Heikki Kovalainen,mclaren,McLaren,2,9,1:31.499,1:31.223,NaN
2009,15,buemi,Sébastien Buemi,toro_rosso,Toro Rosso,12,10,1:31.196,1:31.103,NaN
2009,15,rosberg,Nico Rosberg,williams,Williams,16,11,1:31.286,1:31.482,NaN
2009,15,alonso,Fernando Alonso,renault,Renault,7,12,1:31.401,1:31.638,NaN
2009,15,kubica,Robert Kubica,bmw_sauber,BMW Sauber,5,13,1:31.417,1:32.341,NaN
2009,15,glock,Timo Glock,toyota,Toyota,10,14,1:31.550,NaN,NaN
2009,15,alguersuari,Jaime Alguersuari,toro_rosso,Toro Rosso,11,15,1:31.571,NaN,NaN
2009,15,fisichella,Giancarlo Fisichella,ferrari,Ferrari,3,16,1:31.704,NaN,NaN
2009,15,nakajima,Kazuki Nakajima,williams,Williams,17,17,1:31.718,NaN,NaN
2009,15,grosjean,Romain Grosjean,renault,Renault,8,18,1:32.073,NaN,NaN
2009,15,liuzzi,Vitantonio Liuzzi,force_india,Force India,21,19,1:32.087,NaN,NaN
2009,15,webber,Mark Webber,red_bull,Red Bull,14,20,,NaN,NaN
2009,16,barrichello,Rubens Barrichello,brawn,Brawn,23,1,1:24.100,1:21.659,1:19.576
2009,16,webber,Mark Webber,red_bull,Red Bull,14,2,1:24.722,1:20.803,1:19.668
2009,16,sutil,Adrian Sutil,force_india,Force India,20,3,1:24.447,1:20.753,1:19.912
2009,16,trulli,Jarno Trulli,toyota,Toyota,9,4,1:24.621,1:20.635,1:20.097
2009,16,raikkonen,Kimi Räikkönen,ferrari,Ferrari,4,5,1:23.047,1:21.378,1:20.168
2009,16,buemi,Sébastien Buemi,toro_rosso,Toro Rosso,12,6,1:24.591,1:20.701,1:20.250
2009,16,rosberg,Nico Rosberg,williams,Williams,16,7,1:22.828,1:20.368,1:20.326
2009,16,kubica,Robert Kubica,bmw_sauber,BMW Sauber,5,8,1:23.072,1:21.147,1:20.631
2009,16,nakajima,Kazuki Nakajima,williams,Williams,17,9,1:23.161,1:20.427,1:20.674
2009,16,alonso,Fernando Alonso,renault,Renault,7,10,1:24.842,1:21.657,1:21.422
2009,16,kobayashi,Kamui Kobayashi,toyota,Toyota,10,11,1:24.335,1:21.960,NaN
2009,16,alguersuari,Jaime Alguersuari,toro_rosso,Toro Rosso,11,12,1:24.773,1:22.231,NaN
2009,16,grosjean,Romain Grosjean,renault,Renault,8,13,1:24.394,1:22.477,NaN
2009,16,button,Jenson Button,brawn,Brawn,22,14,1:24.297,1:22.504,NaN
2009,16,liuzzi,Vitantonio Liuzzi,force_india,Force India,21,15,1:24.645,NaN,NaN
2009,16,vettel,Sebastian Vettel,red_bull,Red Bull,15,16,1:25.009,NaN,NaN
2009,16,kovalainen,Heikki Kovalainen,mclaren,McLaren,2,17,1:25.052,NaN,NaN
2009,16,hamilton,Lewis Hamilton,mclaren,McLaren,1,18,1:25.192,NaN,NaN
2009,16,heidfeld,Nick Heidfeld,bmw_sauber,BMW Sauber,6,19,1:25.515,NaN,NaN
2009,16,fisichella,Giancarlo Fisichella,ferrari,Ferrari,3,20,1:40.703,NaN,NaN
2009,17,hamilton,Lewis Hamilton,mclaren,McLaren,1,1,1:39.873,1:39.695,1:40.948
2009,17,vettel,Sebastian Vettel,red_bull,Red Bull,15,2,1:40.666,1:39.984,1:41.615
2009,17,webber,Mark Webber,red_bull,Red Bull,14,3,1:40.667,1:40.272,1:41.726
2009,17,barrichello,Rubens Barrichello,brawn,Brawn,23,4,1:40.574,1:40.421,1:41.786
2009,17,button,Jenson Button,brawn,Brawn,22,5,1:40.378,1:40.148,1:41.892
2009,17,trulli,Jarno Trulli,toyota,Toyota,9,6,1:40.517,1:40.373,1:41.897
2009,17,kubica,Robert Kubica,bmw_sauber,BMW Sauber,5,7,1:40.520,1:40.545,1:41.992
2009,17,heidfeld,Nick Heidfeld,bmw_sauber,BMW Sauber,6,8,1:40.558,1:40.635,1:42.343
2009,17,rosberg,Nico Rosberg,williams,Williams,16,9,1:40.842,1:40.661,1:42.583
2009,17,buemi,Sébastien Buemi,toro_rosso,Toro Rosso,12,10,1:40.908,1:40.430,1:42.713
2009,17,raikkonen,Kimi Räikkönen,ferrari,Ferrari,4,11,1:41.100,1:40.726,NaN
2009,17,kobayashi,Kamui Kobayashi,toyota,Toyota,10,12,1:41.035,1:40.777,NaN
2009,17,kovalainen,Heikki Kovalainen,mclaren,McLaren,2,13,1:40.808,1:40.983,NaN
2009,17,nakajima,Kazuki Nakajima,williams,Williams,17,14,1:41.096,1:41.148,NaN
2009,17,alguersuari,Jaime Alguersuari,toro_rosso,Toro Rosso,11,15,1:41.503,1:41.689,NaN
2009,17,alonso,Fernando Alonso,renault,Renault,7,16,1:41.667,NaN,NaN
2009,17,liuzzi,Vitantonio Liuzzi,force_india,Force India,21,17,1:41.701,NaN,NaN
2009,17,sutil,Adrian Sutil,force_india,Force India,20,18,1:41.836,NaN,NaN
2009,17,grosjean,Romain Grosjean,renault,Renault,8,19,1:41.950,NaN,NaN
2009,17,fisichella,Giancarlo Fisichella,ferrari,Ferrari,3,20,1:42.184,NaN,NaN
2010,1,vettel,Sebastian Vettel,red_bull,Red Bull,5,1,1:55.029,1:53.883,1:54.101
2010,1,massa,Felipe Massa,ferrari,Ferrari,7,2,1:55.313,1:54.331,1:54.242
2010,1,alonso,Fernando Alonso,ferrari,Ferrari,8,3,1:54.612,1:54.172,1:54.608
2010,1,hamilton,Lewis Hamilton,mclaren,McLaren,2,4,1:55.341,1:54.707,1:55.217
2010,1,rosberg,Nico Rosberg,mercedes,Mercedes,4,5,1:55.463,1:54.682,1:55.241
2010,1,webber,Mark Webber,red_bull,Red Bull,6,6,1:55.298,1:54.318,1:55.284
2010,1,michael_schumacher,Michael Schumacher,mercedes,Mercedes,3,7,1:55.593,1:55.105,1:55.524
2010,1,button,Jenson Button,mclaren,McLaren,1,8,1:55.715,1:55.168,1:55.672
2010,1,kubica,Robert Kubica,renault,Renault,11,9,1:55.511,1:54.963,1:55.885
2010,1,sutil,Adrian Sutil,force_india,Force India,14,10,1:55.213,1:54.996,1:56.309
2010,1,barrichello,Rubens Barrichello,williams,Williams,9,11,1:55.969,1:55.330,NaN
2010,1,liuzzi,Vitantonio Liuzzi,force_india,Force India,15,12,1:55.628,1:55.623,NaN
2010,1,hulkenberg,Nico Hülkenberg,williams,Williams,10,13,1:56.375,1:55.857,NaN
2010,1,rosa,Pedro de la Rosa,sauber,Sauber,22,14,1:56.428,1:56.237,NaN
2010,1,buemi,Sébastien Buemi,toro_rosso,Toro Rosso,16,15,1:56.189,1:56.265,NaN
2010,1,kobayashi,Kamui Kobayashi,sauber,Sauber,23,16,1:56.541,1:56.270,NaN
2010,1,petrov,Vitaly Petrov,renault,Renault,12,17,1:56.167,1:56.619,NaN
2010,1,alguersuari,Jaime Alguersuari,toro_rosso,Toro Rosso,17,18,1:57.071,NaN,NaN
2010,1,glock,Timo Glock,virgin,Virgin,24,19,1:59.728,NaN,NaN
2010,1,trulli,Jarno Trulli,lotus_racing,Lotus,18,20,1:59.852,NaN,NaN
2010,1,kovalainen,Heikki Kovalainen,lotus_racing,Lotus,19,21,2:00.313,NaN,NaN
2010,1,grassi,Lucas di Grassi,virgin,Virgin,25,22,2:00.587,NaN,NaN
2010,1,bruno_senna,Bruno Senna,hrt,HRT,21,23,2:03.204,NaN,NaN
2010,1,chandhok,Karun Chandhok,hrt,HRT,20,24,2:04.904,NaN,NaN
2010,2,vettel,Sebastian Vettel,red_bull,Red Bull,5,1,1:24.774,1:24.096,1:23.919
2010,2,webber,Mark Webber,red_bull,Red Bull,6,2,1:25.286,1:24.276,1:24.035
2010,2,alonso,Fernando Alonso,ferrari,Ferrari,8,3,1:25.082,1:24.335,1:24.111
2010,2,button,Jenson Button,mclaren,McLaren,1,4,1:24.897,1:24.531,1:24.675
2010,2,massa,Felipe Massa,ferrari,Ferrari,7,5,1:25.548,1:25.010,1:24.837
2010,2,rosberg,Nico Rosberg,mercedes,Mercedes,4,6,1:24.788,1:24.788,1:24.884
2010,2,michael_schumacher,Michael Schumacher,mercedes,Mercedes,3,7,1:25.351,1:24.871,1:24.927
2010,2,barrichello,Rubens Barrichello,williams,Williams,9,8,1:25.702,1:25.085,1:25.217
2010,2,kubica,Robert Kubica,renault,Renault,11,9,1:25.588,1:25.122,1:25.372
2010,2,sutil,Adrian Sutil,force_india,Force India,14,10,1:25.504,1:25.046,1:26.036
2010,2,hamilton,Lewis Hamilton,mclaren,McLaren,2,11,1:25.046,1:25.184,NaN
2010,2,buemi,Sébastien Buemi,toro_rosso,Toro Rosso,16,12,1:26.061,1:25.638,NaN
2010,2,liuzzi,Vitantonio Liuzzi,force_india,Force India,15,13,1:26.170,1:25.743,NaN
2010,2,rosa,Pedro de la Rosa,sauber,Sauber,22,14,1:26.089,1:25.747,NaN
2010,2,hulkenberg,Nico Hülkenberg,williams,Williams,10,15,1:25.866,1:25.748,NaN
2010,2,kobayashi,Kamui Kobayashi,sauber,Sauber,23,16,1:26.251,1:25.777,NaN
2010,2,alguersuari,Jaime Alguersuari,toro_rosso,Toro Rosso,17,17,1:26.095,1:26.089,NaN
2010,2,petrov,Vitaly Petrov,renault,Renault,12,18,1:26.471,NaN,NaN
2010,2,kovalainen,Heikki Kovalainen,lotus_racing,Lotus,19,19,1:28.797,NaN,NaN
2010,2,trulli,Jarno Trulli,lotus_racing,Lotus,18,20,1:29.111,NaN,NaN
2010,2,glock,Timo Glock,virgin,Virgin,24,21,1:29.592,NaN,NaN
2010,2,grassi,Lucas di Grassi,virgin,Virgin,25,22,1:30.185,NaN,NaN
2010,2,bruno_senna,Bruno Senna,hrt,HRT,21,23,1:30.526,NaN,NaN
2010,2,chandhok,Karun Chandhok,hrt,HRT,20,24,1:30.613,NaN,NaN
2010,3,webber,Mark Webber,red_bull,Red Bull,6,1,1:51.886,1:48.210,1:49.327
2010,3,rosberg,Nico Rosberg,mercedes,Mercedes,4,2,1:52.560,1:47.417,1:50.673
2010,3,vettel,Sebastian Vettel,red_bull,Red Bull,5,3,1:47.632,1:46.828,1:50.789
2010,3,sutil,Adrian Sutil,force_india,Force India,14,4,1:49.479,1:47.085,1:50.914
2010,3,hulkenberg,Nico Hülkenberg,williams,Williams,10,5,1:49.664,1:47.346,1:51.001
2010,3,kubica,Robert Kubica,renault,Renault,11,6,1:46.283,1:46.951,1:51.051
2010,3,barrichello,Rubens Barrichello,williams,Williams,9,7,1:50.301,1:48.371,1:51.511
2010,3,michael_schumacher,Michael Schumacher,mercedes,Mercedes,3,8,1:52.239,1:48.400,1:51.717
2010,3,kobayashi,Kamui Kobayashi,sauber,Sauber,23,9,1:48.467,1:47.792,1:51.767
2010,3,liuzzi,Vitantonio Liuzzi,force_india,Force India,15,10,1:49.922,1:48.238,1:52.254
2010,3,petrov,Vitaly Petrov,renault,Renault,12,11,1:47.952,1:48.760,NaN
2010,3,rosa,Pedro de la Rosa,sauber,Sauber,22,12,1:47.153,1:48.771,NaN
2010,3,buemi,Sébastien Buemi,toro_rosso,Toro Rosso,16,13,1:48.945,1:49.207,NaN
2010,3,alguersuari,Jaime Alguersuari,toro_rosso,Toro Rosso,17,14,1:48.655,1:49.464,NaN
2010,3,kovalainen,Heikki Kovalainen,lotus_racing,Lotus,19,15,1:52.875,1:52.270,NaN
2010,3,glock,Timo Glock,virgin,Virgin,24,16,1:52.398,1:52.520,NaN
2010,3,button,Jenson Button,mclaren,McLaren,1,17,1:52.211,NaN,NaN
2010,3,trulli,Jarno Trulli,lotus_racing,Lotus,18,18,1:52.884,NaN,NaN
2010,3,alonso,Fernando Alonso,ferrari,Ferrari,8,19,1:53.044,NaN,NaN
2010,3,hamilton,Lewis Hamilton,mclaren,McLaren,2,20,1:53.050,NaN,NaN
2010,3,massa,Felipe Massa,ferrari,Ferrari,7,21,1:53.283,NaN,NaN
2010,3,chandhok,Karun Chandhok,hrt,HRT,20,22,1:56.299,NaN,NaN
2010,3,bruno_senna,Bruno Senna,hrt,HRT,21,23,1:57.269,NaN,NaN
2010,3,grassi,Lucas di Grassi,virgin,Virgin,25,24,1:59.977,NaN,NaN
2010,4,vettel,Sebastian Vettel,red_bull,Red Bull,5,1,1:36.317,1:35.280,1:34.558
2010,4,webber,Mark Webber,red_bull,Red Bull,6,2,1:35.978,1:35.100,1:34.808
2010,4,alonso,Fernando Alonso,ferrari,Ferrari,8,3,1:35.987,1:35.235,1:34.913
2010,4,rosberg,Nico Rosberg,mercedes,Mercedes,4,4,1:35.952,1:35.134,1:34.923
2010,4,button,Jenson Button,mclaren,McLaren,1,5,1:36.122,1:35.443,1:34.979
2010,4,hamilton,Lewis Hamilton,mclaren,McLaren,2,6,1:35.641,1:34.928,1:35.034
2010,4,massa,Felipe Massa,ferrari,Ferrari,7,7,1:36.076,1:35.290,1:35.180
2010,4,kubica,Robert Kubica,renault,Renault,11,8,1:36.348,1:35.550,1:35.364
2010,4,michael_schumacher,Michael Schumacher,mercedes,Mercedes,3,9,1:36.484,1:35.715,1:35.646
2010,4,sutil,Adrian Sutil,force_india,Force India,14,10,1:36.671,1:35.665,1:35.963
2010,4,barrichello,Rubens Barrichello,williams,Williams,9,11,1:36.664,1:35.748,NaN
2010,4,alguersuari,Jaime Alguersuari,toro_rosso,Toro Rosso,17,12,1:36.618,1:36.047,NaN
2010,4,buemi,Sébastien Buemi,toro_rosso,Toro Rosso,16,13,1:36.793,1:36.149,NaN
2010,4,petrov,Vitaly Petrov,renault,Renault,12,14,1:37.031,1:36.311,NaN
2010,4,kobayashi,Kamui Kobayashi,sauber,Sauber,23,15,1:37.044,1:36.422,NaN
2010,4,hulkenberg,Nico Hülkenberg,williams,Williams,10,16,1:37.049,1:36.647,NaN
2010,4,rosa,Pedro de la Rosa,sauber,Sauber,22,17,1:37.050,1:37.020,NaN
2010,4,liuzzi,Vitantonio Liuzzi,force_india,Force India,15,18,1:37.161,NaN,NaN
2010,4,glock,Timo Glock,virgin,Virgin,24,19,1:39.278,NaN,NaN
2010,4,trulli,Jarno Trulli,lotus_racing,Lotus,18,20,1:39.399,NaN,NaN
2010,4,kovalainen,Heikki Kovalainen,lotus_racing,Lotus,19,21,1:39.520,NaN,NaN
2010,4,grassi,Lucas di Grassi,virgin,Virgin,25,22,1:39.783,NaN,NaN
2010,4,bruno_senna,Bruno Senna,hrt,HRT,21,23,1:40.469,NaN,NaN
2010,4,chandhok,Karun Chandhok,hrt,HRT,20,24,1:40.578,NaN,NaN
2010,5,webber,Mark Webber,red_bull,Red Bull,6,1,1:21.412,1:20.655,1:19.995
2010,5,vettel,Sebastian Vettel,red_bull,Red Bull,5,2,1:21.680,1:20.772,1:20.101
2010,5,hamilton,Lewis Hamilton,mclaren,McLaren,2,3,1:21.723,1:21.415,1:20.829
2010,5,alonso,Fernando Alonso,ferrari,Ferrari,8,4,1:21.957,1:21.549,1:20.937
2010,5,button,Jenson Button,mclaren,McLaren,1,5,1:21.915,1:21.168,1:20.991
2010,5,michael_schumacher,Michael Schumacher,mercedes,Mercedes,3,6,1:22.528,1:21.557,1:21.294
2010,5,kubica,Robert Kubica,renault,Renault,11,7,1:22.488,1:21.599,1:21.353
2010,5,rosberg,Nico Rosberg,mercedes,Mercedes,4,8,1:22.419,1:21.867,1:21.408
2010,5,massa,Felipe Massa,ferrari,Ferrari,7,9,1:22.564,1:21.841,1:21.585
2010,5,kobayashi,Kamui Kobayashi,sauber,Sauber,23,10,1:22.577,1:21.725,1:21.984
2010,5,sutil,Adrian Sutil,force_india,Force India,14,11,1:22.628,1:21.985,NaN
2010,5,rosa,Pedro de la Rosa,sauber,Sauber,22,12,1:22.211,1:22.026,NaN
2010,5,hulkenberg,Nico Hülkenberg,williams,Williams,10,13,1:22.857,1:22.131,NaN
2010,5,petrov,Vitaly Petrov,renault,Renault,12,14,1:22.976,1:22.139,NaN
2010,5,buemi,Sébastien Buemi,toro_rosso,Toro Rosso,16,15,1:22.699,1:22.191,NaN
2010,5,alguersuari,Jaime Alguersuari,toro_rosso,Toro Rosso,17,16,1:22.593,1:22.207,NaN
2010,5,liuzzi,Vitantonio Liuzzi,force_india,Force India,15,17,1:23.084,1:22.854,NaN
2010,5,barrichello,Rubens Barrichello,williams,Williams,9,18,1:23.125,NaN,NaN
2010,5,trulli,Jarno Trulli,lotus_racing,Lotus,18,19,1:24.674,NaN,NaN
2010,5,kovalainen,Heikki Kovalainen,lotus_racing,Lotus,19,20,1:24.748,NaN,NaN
2010,5,glock,Timo Glock,virgin,Virgin,24,21,1:25.475,NaN,NaN
2010,5,grassi,Lucas di Grassi,virgin,Virgin,25,22,1:25.556,NaN,NaN
2010,5,chandhok,Karun Chandhok,hrt,HRT,20,23,1:26.750,NaN,NaN
2010,5,bruno_senna,Bruno Senna,hrt,HRT,21,24,1:27.122,NaN,NaN
2010,6,webber,Mark Webber,red_bull,Red Bull,6,1,1:15.035,1:14.462,1:13.826
2010,6,kubica,Robert Kubica,renault,Renault,11,2,1:15.045,1:14.549,1:14.120
2010,6,vettel,Sebastian Vettel,red_bull,Red Bull,5,3,1:15.110,1:14.568,1:14.227
2010,6,massa,Felipe Massa,ferrari,Ferrari,7,4,1:14.757,1:14.405,1:14.283
2010,6,hamilton,Lewis Hamilton,mclaren,McLaren,2,5,1:15.676,1:14.527,1:14.432
2010,6,rosberg,Nico Rosberg,mercedes,Mercedes,4,6,1:15.188,1:14.375,1:14.544
2010,6,michael_schumacher,Michael Schumacher,mercedes,Mercedes,3,7,1:15.649,1:14.691,1:14.590
2010,6,button,Jenson Button,mclaren,McLaren,1,8,1:15.623,1:15.150,1:14.637
2010,6,barrichello,Rubens Barrichello,williams,Williams,9,9,1:15.590,1:15.083,1:14.901
2010,6,liuzzi,Vitantonio Liuzzi,force_india,Force India,15,10,1:15.397,1:15.061,1:15.170
2010,6,hulkenberg,Nico Hülkenberg,williams,Williams,10,11,1:16.030,1:15.317,NaN
2010,6,sutil,Adrian Sutil,force_india,Force India,14,12,1:15.445,1:15.318,NaN
2010,6,buemi,Sébastien Buemi,toro_rosso,Toro Rosso,16,13,1:15.961,1:15.413,NaN
2010,6,petrov,Vitaly Petrov,renault,Renault,12,14,1:15.482,1:15.576,NaN
2010,6,rosa,Pedro de la Rosa,sauber,Sauber,22,15,1:15.908,1:15.692,NaN
2010,6,kobayashi,Kamui Kobayashi,sauber,Sauber,23,16,1:16.175,1:15.992,NaN
2010,6,alguersuari,Jaime Alguersuari,toro_rosso,Toro Rosso,17,17,1:16.021,1:16.176,NaN
2010,6,kovalainen,Heikki Kovalainen,lotus_racing,Lotus,19,18,1:17.094,NaN,NaN
2010,6,trulli,Jarno Trulli,lotus_racing,Lotus,18,19,1:17.134,NaN,NaN
2010,6,glock,Timo Glock,virgin,Virgin,24,20,1:17.377,NaN,NaN
2010,6,grassi,Lucas di Grassi,virgin,Virgin,25,21,1:17.864,NaN,NaN
2010,6,bruno_senna,Bruno Senna,hrt,HRT,21,22,1:18.509,NaN,NaN
2010,6,chandhok,Karun Chandhok,hrt,HRT,20,23,1:19.559,NaN,NaN
2010,6,alonso,Fernando Alonso,ferrari,Ferrari,8,24,,NaN,NaN
2010,7,webber,Mark Webber,red_bull,Red Bull,6,1,1:27.500,1:26.818,1:26.295
2010,7,hamilton,Lewis Hamilton,mclaren,McLaren,2,2,1:27.667,1:27.013,1:26.433
2010,7,vettel,Sebastian Vettel,red_bull,Red Bull,5,3,1:27.067,1:26.729,1:26.760
2010,7,button,Jenson Button,mclaren,McLaren,1,4,1:27.555,1:27.277,1:26.781
2010,7,michael_schumacher,Michael Schumacher,mercedes,Mercedes,3,5,1:27.756,1:27.438,1:26.857
2010,7,rosberg,Nico Rosberg,mercedes,Mercedes,4,6,1:27.649,1:27.141,1:26.952
2010,7,kubica,Robert Kubica,renault,Renault,11,7,1:27.766,1:27.426,1:27.039
2010,7,massa,Felipe Massa,ferrari,Ferrari,7,8,1:27.993,1:27.200,1:27.082
2010,7,petrov,Vitaly Petrov,renault,Renault,12,9,1:27.620,1:27.387,1:27.430
2010,7,kobayashi,Kamui Kobayashi,sauber,Sauber,23,10,1:28.158,1:27.434,1:28.122
2010,7,sutil,Adrian Sutil,force_india,Force India,14,11,1:27.951,1:27.525,NaN
2010,7,alonso,Fernando Alonso,ferrari,Ferrari,8,12,1:27.857,1:27.612,NaN
2010,7,rosa,Pedro de la Rosa,sauber,Sauber,22,13,1:28.147,1:27.879,NaN
2010,7,buemi,Sébastien Buemi,toro_rosso,Toro Rosso,16,14,1:28.534,1:28.273,NaN
2010,7,barrichello,Rubens Barrichello,williams,Williams,9,15,1:28.336,1:28.392,NaN
2010,7,alguersuari,Jaime Alguersuari,toro_rosso,Toro Rosso,17,16,1:28.460,1:28.540,NaN
2010,7,hulkenberg,Nico Hülkenberg,williams,Williams,10,17,1:28.227,1:28.841,NaN
2010,7,liuzzi,Vitantonio Liuzzi,force_india,Force India,15,18,1:28.958,NaN,NaN
2010,7,trulli,Jarno Trulli,lotus_racing,Lotus,18,19,1:30.237,NaN,NaN
2010,7,kovalainen,Heikki Kovalainen,lotus_racing,Lotus,19,20,1:30.519,NaN,NaN
2010,7,glock,Timo Glock,virgin,Virgin,24,21,1:30.744,NaN,NaN
2010,7,bruno_senna,Bruno Senna,hrt,HRT,21,22,1:31.266,NaN,NaN
2010,7,grassi,Lucas di Grassi,virgin,Virgin,25,23,1:31.989,NaN,NaN
2010,7,chandhok,Karun Chandhok,hrt,HRT,20,24,1:32.060,NaN,NaN
2010,8,hamilton,Lewis Hamilton,mclaren,McLaren,2,1,1:15.889,1:15.528,1:15.105
2010,8,webber,Mark Webber,red_bull,Red Bull,6,2,1:16.423,1:15.692,1:15.373
2010,8,vettel,Sebastian Vettel,red_bull,Red Bull,5,3,1:16.129,1:15.556,1:15.420
2010,8,alonso,Fernando Alonso,ferrari,Ferrari,8,4,1:16.171,1:15.597,1:15.435
2010,8,button,Jenson Button,mclaren,McLaren,1,5,1:16.371,1:15.742,1:15.520
2010,8,liuzzi,Vitantonio Liuzzi,force_india,Force India,15,6,1:17.086,1:16.171,1:15.648
2010,8,massa,Felipe Massa,ferrari,Ferrari,7,7,1:16.673,1:16.314,1:15.688
2010,8,kubica,Robert Kubica,renault,Renault,11,8,1:16.370,1:15.682,1:15.715
2010,8,sutil,Adrian Sutil,force_india,Force India,14,9,1:16.495,1:16.295,1:15.881
2010,8,rosberg,Nico Rosberg,mercedes,Mercedes,4,10,1:16.350,1:16.001,1:16.071
2010,8,barrichello,Rubens Barrichello,williams,Williams,9,11,1:16.880,1:16.434,NaN
2010,8,hulkenberg,Nico Hülkenberg,williams,Williams,10,12,1:16.770,1:16.438,NaN
2010,8,michael_schumacher,Michael Schumacher,mercedes,Mercedes,3,13,1:16.598,1:16.492,NaN
2010,8,petrov,Vitaly Petrov,renault,Renault,12,14,1:16.569,1:16.844,NaN
2010,8,buemi,Sébastien Buemi,toro_rosso,Toro Rosso,16,15,1:17.356,1:16.928,NaN
2010,8,alguersuari,Jaime Alguersuari,toro_rosso,Toro Rosso,17,16,1:17.027,1:17.029,NaN
2010,8,rosa,Pedro de la Rosa,sauber,Sauber,22,17,1:17.611,1:17.384,NaN
2010,8,kobayashi,Kamui Kobayashi,sauber,Sauber,23,18,1:18.019,NaN,NaN
2010,8,kovalainen,Heikki Kovalainen,lotus_racing,Lotus,19,19,1:18.237,NaN,NaN
2010,8,trulli,Jarno Trulli,lotus_racing,Lotus,18,20,1:18.698,NaN,NaN
2010,8,glock,Timo Glock,virgin,Virgin,24,21,1:18.941,NaN,NaN
2010,8,bruno_senna,Bruno Senna,hrt,HRT,21,22,1:19.484,NaN,NaN
2010,8,grassi,Lucas di Grassi,virgin,Virgin,25,23,1:19.675,NaN,NaN
2010,8,chandhok,Karun Chandhok,hrt,HRT,20,24,1:27.757,NaN,NaN
2010,9,vettel,Sebastian Vettel,red_bull,Red Bull,5,1,1:38.324,1:38.015,1:37.587
2010,9,webber,Mark Webber,red_bull,Red Bull,6,2,1:38.549,1:38.041,1:37.662
2010,9,hamilton,Lewis Hamilton,mclaren,McLaren,2,3,1:38.697,1:38.158,1:37.969
2010,9,alonso,Fernando Alonso,ferrari,Ferrari,8,4,1:38.472,1:38.179,1:38.075
2010,9,massa,Felipe Massa,ferrari,Ferrari,7,5,1:38.657,1:38.046,1:38.127
2010,9,kubica,Robert Kubica,renault,Renault,11,6,1:38.132,1:38.062,1:38.137
2010,9,button,Jenson Button,mclaren,McLaren,1,7,1:38.360,1:38.399,1:38.210
2010,9,hulkenberg,Nico Hülkenberg,williams,Williams,10,8,1:38.843,1:38.523,1:38.428
2010,9,barrichello,Rubens Barrichello,williams,Williams,9,9,1:38.449,1:38.326,1:38.428
2010,9,petrov,Vitaly Petrov,renault,Renault,12,10,1:39.004,1:38.552,1:38.523
2010,9,buemi,Sébastien Buemi,toro_rosso,Toro Rosso,16,11,1:39.096,1:38.586,NaN
2010,9,rosberg,Nico Rosberg,mercedes,Mercedes,4,12,1:38.752,1:38.627,NaN
2010,9,sutil,Adrian Sutil,force_india,Force India,14,13,1:39.021,1:38.851,NaN
2010,9,liuzzi,Vitantonio Liuzzi,force_india,Force India,15,14,1:38.969,1:38.884,NaN
2010,9,michael_schumacher,Michael Schumacher,mercedes,Mercedes,3,15,1:38.994,1:39.234,NaN
2010,9,rosa,Pedro de la Rosa,sauber,Sauber,22,16,1:39.003,1:39.264,NaN
2010,9,alguersuari,Jaime Alguersuari,toro_rosso,Toro Rosso,17,17,1:39.128,1:39.458,NaN
2010,9,kobayashi,Kamui Kobayashi,sauber,Sauber,23,18,1:39.343,NaN,NaN
2010,9,trulli,Jarno Trulli,lotus_racing,Lotus,18,19,1:40.658,NaN,NaN
2010,9,kovalainen,Heikki Kovalainen,lotus_racing,Lotus,19,20,1:40.882,NaN,NaN
2010,9,grassi,Lucas di Grassi,virgin,Virgin,25,21,1:42.086,NaN,NaN
2010,9,glock,Timo Glock,virgin,Virgin,24,22,1:42.140,NaN,NaN
2010,9,chandhok,Karun Chandhok,hrt,HRT,20,23,1:42.600,NaN,NaN
2010,9,bruno_senna,Bruno Senna,hrt,HRT,21,24,1:42.851,NaN,NaN
2010,10,vettel,Sebastian Vettel,red_bull,Red Bull,5,1,1:30.841,1:30.480,1:29.615
2010,10,webber,Mark Webber,red_bull,Red Bull,6,2,1:30.858,1:30.114,1:29.758
2010,10,alonso,Fernando Alonso,ferrari,Ferrari,8,3,1:30.997,1:30.700,1:30.426
2010,10,hamilton,Lewis Hamilton,mclaren,McLaren,2,4,1:31.297,1:31.118,1:30.556
2010,10,rosberg,Nico Rosberg,mercedes,Mercedes,4,5,1:31.626,1:31.085,1:30.625
2010,10,kubica,Robert Kubica,renault,Renault,11,6,1:31.680,1:31.344,1:31.040
2010,10,massa,Felipe Massa,ferrari,Ferrari,7,7,1:31.313,1:31.010,1:31.172
2010,10,barrichello,Rubens Barrichello,williams,Williams,9,8,1:31.424,1:31.126,1:31.175
2010,10,rosa,Pedro de la Rosa,sauber,Sauber,22,9,1:31.533,1:31.327,1:31.274
2010,10,michael_schumacher,Michael Schumacher,mercedes,Mercedes,3,10,1:32.058,1:31.022,1:31.430
2010,10,sutil,Adrian Sutil,force_india,Force India,14,11,1:31.109,1:31.399,NaN
2010,10,kobayashi,Kamui Kobayashi,sauber,Sauber,23,12,1:31.851,1:31.421,NaN
2010,10,hulkenberg,Nico Hülkenberg,williams,Williams,10,13,1:32.144,1:31.635,NaN
2010,10,button,Jenson Button,mclaren,McLaren,1,14,1:31.435,1:31.699,NaN
2010,10,liuzzi,Vitantonio Liuzzi,force_india,Force India,15,15,1:32.226,1:31.708,NaN
2010,10,petrov,Vitaly Petrov,renault,Renault,12,16,1:31.638,1:31.796,NaN
2010,10,buemi,Sébastien Buemi,toro_rosso,Toro Rosso,16,17,1:31.901,1:32.012,NaN
2010,10,alguersuari,Jaime Alguersuari,toro_rosso,Toro Rosso,17,18,1:32.430,NaN,NaN
2010,10,kovalainen,Heikki Kovalainen,lotus_racing,Lotus,19,19,1:34.405,NaN,NaN
2010,10,glock,Timo Glock,virgin,Virgin,24,20,1:34.775,NaN,NaN
2010,10,trulli,Jarno Trulli,lotus_racing,Lotus,18,21,1:34.864,NaN,NaN
2010,10,grassi,Lucas di Grassi,virgin,Virgin,25,22,1:35.212,NaN,NaN
2010,10,chandhok,Karun Chandhok,hrt,HRT,20,23,1:36.576,NaN,NaN
2010,10,yamamoto,Sakon Yamamoto,hrt,HRT,21,24,1:36.968,NaN,NaN
2010,11,vettel,Sebastian Vettel,red_bull,Red Bull,5,1,1:15.152,1:14.249,1:13.791
2010,11,alonso,Fernando Alonso,ferrari,Ferrari,8,2,1:14.808,1:14.081,1:13.793
2010,11,massa,Felipe Massa,ferrari,Ferrari,7,3,1:15.216,1:14.478,1:14.290
2010,11,webber,Mark Webber,red_bull,Red Bull,6,4,1:15.334,1:14.340,1:14.347
2010,11,button,Jenson Button,mclaren,McLaren,1,5,1:15.823,1:14.716,1:14.427
2010,11,hamilton,Lewis Hamilton,mclaren,McLaren,2,6,1:15.505,1:14.488,1:14.566
2010,11,kubica,Robert Kubica,renault,Renault,11,7,1:15.736,1:14.835,1:15.079
2010,11,barrichello,Rubens Barrichello,williams,Williams,9,8,1:16.398,1:14.698,1:15.109
2010,11,rosberg,Nico Rosberg,mercedes,Mercedes,4,9,1:16.178,1:15.018,1:15.179
2010,11,hulkenberg,Nico Hülkenberg,williams,Williams,10,10,1:16.387,1:14.943,1:15.339
2010,11,michael_schumacher,Michael Schumacher,mercedes,Mercedes,3,11,1:16.084,1:15.026,NaN
2010,11,kobayashi,Kamui Kobayashi,sauber,Sauber,23,12,1:15.951,1:15.084,NaN
2010,11,petrov,Vitaly Petrov,renault,Renault,12,13,1:16.521,1:15.307,NaN
2010,11,sutil,Adrian Sutil,force_india,Force India,14,14,1:16.220,1:15.467,NaN
2010,11,rosa,Pedro de la Rosa,sauber,Sauber,22,15,1:16.450,1:15.550,NaN
2010,11,alguersuari,Jaime Alguersuari,toro_rosso,Toro Rosso,17,16,1:16.664,1:15.588,NaN
2010,11,buemi,Sébastien Buemi,toro_rosso,Toro Rosso,16,17,1:16.029,1:15.974,NaN
2010,11,trulli,Jarno Trulli,lotus_racing,Lotus,18,18,1:17.583,NaN,NaN
2010,11,kovalainen,Heikki Kovalainen,lotus_racing,Lotus,19,19,1:18.300,NaN,NaN
2010,11,glock,Timo Glock,virgin,Virgin,24,20,1:18.343,NaN,NaN
2010,11,bruno_senna,Bruno Senna,hrt,HRT,21,21,1:18.592,NaN,NaN
2010,11,liuzzi,Vitantonio Liuzzi,force_india,Force India,15,22,1:18.952,NaN,NaN
2010,11,yamamoto,Sakon Yamamoto,hrt,HRT,20,23,1:19.844,NaN,NaN
2010,11,grassi,Lucas di Grassi,virgin,Virgin,25,24,,NaN,NaN
2010,12,vettel,Sebastian Vettel,red_bull,Red Bull,5,1,1:20.417,1:19.573,1:18.773
2010,12,webber,Mark Webber,red_bull,Red Bull,6,2,1:21.132,1:19.531,1:19.184
2010,12,alonso,Fernando Alonso,ferrari,Ferrari,8,3,1:21.278,1:20.237,1:19.987
2010,12,massa,Felipe Massa,ferrari,Ferrari,7,4,1:21.299,1:20.857,1:20.331
2010,12,hamilton,Lewis Hamilton,mclaren,McLaren,2,5,1:21.455,1:20.877,1:20.499
2010,12,rosberg,Nico Rosberg,mercedes,Mercedes,4,6,1:21.212,1:20.811,1:21.082
2010,12,petrov,Vitaly Petrov,renault,Renault,12,7,1:21.558,1:20.797,1:21.229
2010,12,kubica,Robert Kubica,renault,Renault,11,8,1:21.159,1:20.867,1:21.328
2010,12,rosa,Pedro de la Rosa,sauber,Sauber,22,9,1:21.891,1:21.273,1:21.411
2010,12,hulkenberg,Nico Hülkenberg,williams,Williams,10,10,1:21.598,1:21.275,1:21.710
2010,12,button,Jenson Button,mclaren,McLaren,1,11,1:21.422,1:21.292,NaN
2010,12,barrichello,Rubens Barrichello,williams,Williams,9,12,1:21.478,1:21.331,NaN
2010,12,sutil,Adrian Sutil,force_india,Force India,14,13,1:22.080,1:21.517,NaN
2010,12,michael_schumacher,Michael Schumacher,mercedes,Mercedes,3,14,1:21.840,1:21.630,NaN
2010,12,buemi,Sébastien Buemi,toro_rosso,Toro Rosso,16,15,1:21.982,1:21.897,NaN
2010,12,liuzzi,Vitantonio Liuzzi,force_india,Force India,15,16,1:21.789,1:21.927,NaN
2010,12,alguersuari,Jaime Alguersuari,toro_rosso,Toro Rosso,17,17,1:21.978,1:21.998,NaN
2010,12,kobayashi,Kamui Kobayashi,sauber,Sauber,23,18,1:22.222,NaN,NaN
2010,12,glock,Timo Glock,virgin,Virgin,24,19,1:24.050,NaN,NaN
2010,12,kovalainen,Heikki Kovalainen,lotus_racing,Lotus,19,20,1:24.120,NaN,NaN
2010,12,trulli,Jarno Trulli,lotus_racing,Lotus,18,21,1:24.199,NaN,NaN
2010,12,grassi,Lucas di Grassi,virgin,Virgin,25,22,1:25.118,NaN,NaN
2010,12,bruno_senna,Bruno Senna,hrt,HRT,21,23,1:26.391,NaN,NaN
2010,12,yamamoto,Sakon Yamamoto,hrt,HRT,20,24,1:26.453,NaN,NaN
2010,13,webber,Mark Webber,red_bull,Red Bull,6,1,1:57.352,1:47.253,1:45.778
2010,13,hamilton,Lewis Hamilton,mclaren,McLaren,2,2,1:56.706,1:46.211,1:45.863
2010,13,kubica,Robert Kubica,renault,Renault,11,3,1:56.041,1:47.320,1:46.100
2010,13,vettel,Sebastian Vettel,red_bull,Red Bull,5,4,1:58.487,1:47.245,1:46.127
2010,13,button,Jenson Button,mclaren,McLaren,1,5,1:57.981,1:46.790,1:46.206
2010,13,massa,Felipe Massa,ferrari,Ferrari,7,6,1:58.323,1:47.322,1:46.314
2010,13,barrichello,Rubens Barrichello,williams,Williams,9,7,1:55.757,1:47.797,1:46.602
2010,13,sutil,Adrian Sutil,force_india,Force India,14,8,1:58.730,1:47.292,1:46.659
2010,13,hulkenberg,Nico Hülkenberg,williams,Williams,10,9,1:55.442,1:47.821,1:47.053
2010,13,alonso,Fernando Alonso,ferrari,Ferrari,8,10,1:57.023,1:47.544,1:47.441
2010,13,michael_schumacher,Michael Schumacher,mercedes,Mercedes,3,11,1:56.313,1:47.874,NaN
2010,13,rosberg,Nico Rosberg,mercedes,Mercedes,4,12,1:54.826,1:47.885,NaN
2010,13,alguersuari,Jaime Alguersuari,toro_rosso,Toro Rosso,17,13,1:58.944,1:48.267,NaN
2010,13,liuzzi,Vitantonio Liuzzi,force_india,Force India,15,14,2:01.102,1:48.680,NaN
2010,13,buemi,Sébastien Buemi,toro_rosso,Toro Rosso,16,15,2:00.386,1:49.209,NaN
2010,13,kovalainen,Heikki Kovalainen,lotus_racing,Lotus,19,16,2:01.343,1:50.980,NaN
2010,13,glock,Timo Glock,virgin,Virgin,24,17,2:01.316,1:52.049,NaN
2010,13,trulli,Jarno Trulli,lotus_racing,Lotus,18,18,2:01.491,NaN,NaN
2010,13,kobayashi,Kamui Kobayashi,sauber,Sauber,23,19,2:02.284,NaN,NaN
2010,13,bruno_senna,Bruno Senna,hrt,HRT,21,20,2:03.612,NaN,NaN
2010,13,yamamoto,Sakon Yamamoto,hrt,HRT,20,21,2:03.941,NaN,NaN
2010,13,rosa,Pedro de la Rosa,sauber,Sauber,22,22,2:05.294,NaN,NaN
2010,13,grassi,Lucas di Grassi,virgin,Virgin,25,23,2:18.754,NaN,NaN
2010,13,petrov,Vitaly Petrov,renault,Renault,12,24,,NaN,NaN
2010,14,alonso,Fernando Alonso,ferrari,Ferrari,8,1,1:22.646,1:22.297,1:21.962
2010,14,button,Jenson Button,mclaren,McLaren,1,2,1:23.085,1:22.354,1:22.084
2010,14,massa,Felipe Massa,ferrari,Ferrari,7,3,1:22.421,1:22.610,1:22.293
2010,14,webber,Mark Webber,red_bull,Red Bull,6,4,1:23.431,1:22.706,1:22.433
2010,14,hamilton,Lewis Hamilton,mclaren,McLaren,2,5,1:22.830,1:22.394,1:22.623
2010,14,vettel,Sebastian Vettel,red_bull,Red Bull,5,6,1:23.235,1:22.701,1:22.675
2010,14,rosberg,Nico Rosberg,mercedes,Mercedes,4,7,1:23.529,1:23.055,1:23.027
2010,14,hulkenberg,Nico Hülkenberg,williams,Williams,10,8,1:23.516,1:22.989,1:23.037
2010,14,kubica,Robert Kubica,renault,Renault,11,9,1:23.234,1:22.880,1:23.039
2010,14,barrichello,Rubens Barrichello,williams,Williams,9,10,1:23.695,1:23.142,1:23.328
2010,14,sutil,Adrian Sutil,force_india,Force India,14,11,1:23.493,1:23.199,NaN
2010,14,michael_schumacher,Michael Schumacher,mercedes,Mercedes,3,12,1:23.840,1:23.388,NaN
2010,14,kobayashi,Kamui Kobayashi,sauber,Sauber,23,13,1:24.273,1:23.659,NaN
2010,14,buemi,Sébastien Buemi,toro_rosso,Toro Rosso,16,14,1:23.744,1:23.681,NaN
2010,14,petrov,Vitaly Petrov,renault,Renault,12,15,1:24.086,1:23.819,NaN
2010,14,alguersuari,Jaime Alguersuari,toro_rosso,Toro Rosso,17,16,1:24.083,1:23.919,NaN
2010,14,rosa,Pedro de la Rosa,sauber,Sauber,22,17,1:24.442,1:24.044,NaN
2010,14,trulli,Jarno Trulli,lotus_racing,Lotus,18,18,1:25.540,NaN,NaN
2010,14,kovalainen,Heikki Kovalainen,lotus_racing,Lotus,19,19,1:25.742,NaN,NaN
2010,14,liuzzi,Vitantonio Liuzzi,force_india,Force India,15,20,1:25.774,NaN,NaN
2010,14,glock,Timo Glock,virgin,Virgin,24,21,1:25.934,NaN,NaN
2010,14,grassi,Lucas di Grassi,virgin,Virgin,25,22,1:25.974,NaN,NaN
2010,14,bruno_senna,Bruno Senna,hrt,HRT,21,23,1:26.847,NaN,NaN
2010,14,yamamoto,Sakon Yamamoto,hrt,HRT,20,24,1:27.020,NaN,NaN
2010,15,alonso,Fernando Alonso,ferrari,Ferrari,8,1,1:46.541,1:45.809,1:45.390
2010,15,vettel,Sebastian Vettel,red_bull,Red Bull,5,2,1:46.960,1:45.561,1:45.457
2010,15,hamilton,Lewis Hamilton,mclaren,McLaren,2,3,1:48.296,1:46.042,1:45.571
2010,15,button,Jenson Button,mclaren,McLaren,1,4,1:48.032,1:46.490,1:45.944
2010,15,webber,Mark Webber,red_bull,Red Bull,6,5,1:47.088,1:45.908,1:45.977
2010,15,barrichello,Rubens Barrichello,williams,Williams,9,6,1:48.183,1:47.019,1:46.236
2010,15,rosberg,Nico Rosberg,mercedes,Mercedes,4,7,1:48.554,1:46.783,1:46.443
2010,15,kubica,Robert Kubica,renault,Renault,11,8,1:47.657,1:46.949,1:46.593
2010,15,michael_schumacher,Michael Schumacher,mercedes,Mercedes,3,9,1:48.425,1:47.160,1:46.702
2010,15,kobayashi,Kamui Kobayashi,sauber,Sauber,23,10,1:48.908,1:47.559,1:47.884
2010,15,alguersuari,Jaime Alguersuari,toro_rosso,Toro Rosso,17,11,1:48.127,1:47.666,NaN
2010,15,hulkenberg,Nico Hülkenberg,williams,Williams,10,12,1:47.984,1:47.674,NaN
2010,15,petrov,Vitaly Petrov,renault,Renault,12,13,1:48.906,1:48.165,NaN
2010,15,buemi,Sébastien Buemi,toro_rosso,Toro Rosso,16,14,1:49.063,1:48.502,NaN
2010,15,heidfeld,Nick Heidfeld,sauber,Sauber,22,15,1:48.696,1:48.557,NaN
2010,15,sutil,Adrian Sutil,force_india,Force India,14,16,1:48.496,1:48.899,NaN
2010,15,liuzzi,Vitantonio Liuzzi,force_india,Force India,15,17,1:48.988,1:48.961,NaN
2010,15,glock,Timo Glock,virgin,Virgin,24,18,1:50.271,NaN,NaN
2010,15,kovalainen,Heikki Kovalainen,lotus_racing,Lotus,19,19,1:50.915,NaN,NaN
2010,15,grassi,Lucas di Grassi,virgin,Virgin,25,20,1:51.107,NaN,NaN
2010,15,trulli,Jarno Trulli,lotus_racing,Lotus,18,21,1:51.641,NaN,NaN
2010,15,klien,Christian Klien,hrt,HRT,20,22,1:52.946,NaN,NaN
2010,15,bruno_senna,Bruno Senna,hrt,HRT,21,23,1:54.174,NaN,NaN
2010,15,massa,Felipe Massa,ferrari,Ferrari,7,24,,NaN,NaN
2010,16,vettel,Sebastian Vettel,red_bull,Red Bull,5,1,1:32.035,1:31.184,1:30.785
2010,16,webber,Mark Webber,red_bull,Red Bull,6,2,1:32.476,1:31.241,1:30.853
2010,16,hamilton,Lewis Hamilton,mclaren,McLaren,2,3,1:32.809,1:31.523,1:31.169
2010,16,kubica,Robert Kubica,renault,Renault,11,4,1:32.808,1:32.042,1:31.231
2010,16,alonso,Fernando Alonso,ferrari,Ferrari,8,5,1:32.555,1:31.819,1:31.352
2010,16,button,Jenson Button,mclaren,McLaren,1,6,1:32.636,1:31.763,1:31.378
2010,16,rosberg,Nico Rosberg,mercedes,Mercedes,4,7,1:32.238,1:31.886,1:31.494
2010,16,barrichello,Rubens Barrichello,williams,Williams,9,8,1:32.361,1:31.874,1:31.535
2010,16,hulkenberg,Nico Hülkenberg,williams,Williams,10,9,1:32.211,1:31.926,1:31.559
2010,16,michael_schumacher,Michael Schumacher,mercedes,Mercedes,3,10,1:32.513,1:32.073,1:31.846
2010,16,heidfeld,Nick Heidfeld,sauber,Sauber,22,11,1:33.011,1:32.187,NaN
2010,16,massa,Felipe Massa,ferrari,Ferrari,7,12,1:32.721,1:32.321,NaN
2010,16,petrov,Vitaly Petrov,renault,Renault,12,13,1:32.849,1:32.422,NaN
2010,16,kobayashi,Kamui Kobayashi,sauber,Sauber,23,14,1:32.783,1:32.427,NaN
2010,16,sutil,Adrian Sutil,force_india,Force India,14,15,1:33.186,1:32.659,NaN
2010,16,alguersuari,Jaime Alguersuari,toro_rosso,Toro Rosso,17,16,1:33.471,1:33.071,NaN
2010,16,liuzzi,Vitantonio Liuzzi,force_india,Force India,15,17,1:33.216,1:33.154,NaN
2010,16,buemi,Sébastien Buemi,toro_rosso,Toro Rosso,16,18,1:33.568,NaN,NaN
2010,16,trulli,Jarno Trulli,lotus_racing,Lotus,18,19,1:35.346,NaN,NaN
2010,16,kovalainen,Heikki Kovalainen,lotus_racing,Lotus,19,20,1:35.464,NaN,NaN
2010,16,grassi,Lucas di Grassi,virgin,Virgin,25,21,1:36.265,NaN,NaN
2010,16,glock,Timo Glock,virgin,Virgin,24,22,1:36.332,NaN,NaN
2010,16,bruno_senna,Bruno Senna,hrt,HRT,21,23,1:37.270,NaN,NaN
2010,16,yamamoto,Sakon Yamamoto,hrt,HRT,20,24,1:37.365,NaN,NaN
2010,17,vettel,Sebastian Vettel,red_bull,Red Bull,5,1,1:37.123,1:36.074,1:35.585
2010,17,webber,Mark Webber,red_bull,Red Bull,6,2,1:37.373,1:36.039,1:35.659
2010,17,alonso,Fernando Alonso,ferrari,Ferrari,8,3,1:37.144,1:36.287,1:35.766
2010,17,hamilton,Lewis Hamilton,mclaren,McLaren,2,4,1:37.113,1:36.197,1:36.062
2010,17,rosberg,Nico Rosberg,mercedes,Mercedes,4,5,1:37.708,1:36.791,1:36.535
2010,17,massa,Felipe Massa,ferrari,Ferrari,7,6,1:37.515,1:36.169,1:36.571
2010,17,button,Jenson Button,mclaren,McLaren,1,7,1:38.123,1:37.064,1:36.731
2010,17,kubica,Robert Kubica,renault,Renault,11,8,1:37.703,1:37.179,1:36.824
2010,17,michael_schumacher,Michael Schumacher,mercedes,Mercedes,3,9,1:37.980,1:37.077,1:36.950
2010,17,barrichello,Rubens Barrichello,williams,Williams,9,10,1:38.257,1:37.511,1:36.998
2010,17,hulkenberg,Nico Hülkenberg,williams,Williams,10,11,1:38.115,1:37.620,NaN
2010,17,kobayashi,Kamui Kobayashi,sauber,Sauber,23,12,1:38.429,1:37.643,NaN
2010,17,heidfeld,Nick Heidfeld,sauber,Sauber,22,13,1:38.171,1:37.715,NaN
2010,17,sutil,Adrian Sutil,force_india,Force India,14,14,1:38.572,1:37.783,NaN
2010,17,petrov,Vitaly Petrov,renault,Renault,12,15,1:38.174,1:37.799,NaN
2010,17,alguersuari,Jaime Alguersuari,toro_rosso,Toro Rosso,17,16,1:38.583,1:37.853,NaN
2010,17,buemi,Sébastien Buemi,toro_rosso,Toro Rosso,16,17,1:38.621,1:38.594,NaN
2010,17,liuzzi,Vitantonio Liuzzi,force_india,Force India,15,18,1:38.955,NaN,NaN
2010,17,trulli,Jarno Trulli,lotus_racing,Lotus,18,19,1:40.521,NaN,NaN
2010,17,glock,Timo Glock,virgin,Virgin,24,20,1:40.748,NaN,NaN
2010,17,kovalainen,Heikki Kovalainen,lotus_racing,Lotus,19,21,1:41.768,NaN,NaN
2010,17,grassi,Lucas di Grassi,virgin,Virgin,25,22,1:42.325,NaN,NaN
2010,17,yamamoto,Sakon Yamamoto,hrt,HRT,20,23,1:42.444,NaN,NaN
2010,17,bruno_senna,Bruno Senna,hrt,HRT,21,24,1:43.283,NaN,NaN
2010,18,hulkenberg,Nico Hülkenberg,williams,Williams,10,1,1:20.050,1:19.144,1:14.470
2010,18,vettel,Sebastian Vettel,red_bull,Red Bull,5,2,1:19.160,1:18.691,1:15.519
2010,18,webber,Mark Webber,red_bull,Red Bull,6,3,1:19.025,1:18.516,1:15.637
2010,18,hamilton,Lewis Hamilton,mclaren,McLaren,2,4,1:19.931,1:18.921,1:15.747
2010,18,alonso,Fernando Alonso,ferrari,Ferrari,8,5,1:18.987,1:19.010,1:15.989
2010,18,barrichello,Rubens Barrichello,williams,Williams,9,6,1:19.799,1:18.925,1:16.203
2010,18,kubica,Robert Kubica,renault,Renault,11,7,1:19.249,1:18.877,1:16.552
2010,18,michael_schumacher,Michael Schumacher,mercedes,Mercedes,3,8,1:19.879,1:18.923,1:16.925
2010,18,massa,Felipe Massa,ferrari,Ferrari,7,9,1:19.778,1:19.200,1:17.101
2010,18,petrov,Vitaly Petrov,renault,Renault,12,10,1:20.189,1:19.153,1:17.656
2010,18,button,Jenson Button,mclaren,McLaren,1,11,1:19.905,1:19.288,NaN
2010,18,kobayashi,Kamui Kobayashi,sauber,Sauber,23,12,1:19.741,1:19.385,NaN
2010,18,rosberg,Nico Rosberg,mercedes,Mercedes,4,13,1:20.153,1:19.486,NaN
2010,18,alguersuari,Jaime Alguersuari,toro_rosso,Toro Rosso,17,14,1:20.158,1:19.581,NaN
2010,18,buemi,Sébastien Buemi,toro_rosso,Toro Rosso,16,15,1:20.096,1:19.847,NaN
2010,18,heidfeld,Nick Heidfeld,sauber,Sauber,22,16,1:20.174,1:19.899,NaN
2010,18,liuzzi,Vitantonio Liuzzi,force_india,Force India,15,17,1:20.592,1:20.357,NaN
2010,18,sutil,Adrian Sutil,force_india,Force India,14,18,1:20.830,NaN,NaN
2010,18,glock,Timo Glock,virgin,Virgin,24,19,1:22.130,NaN,NaN
2010,18,trulli,Jarno Trulli,lotus_racing,Lotus,18,20,1:22.250,NaN,NaN
2010,18,kovalainen,Heikki Kovalainen,lotus_racing,Lotus,19,21,1:22.378,NaN,NaN
2010,18,grassi,Lucas di Grassi,virgin,Virgin,25,22,1:22.810,NaN,NaN
2010,18,klien,Christian Klien,hrt,HRT,20,23,1:23.083,NaN,NaN
2010,18,bruno_senna,Bruno Senna,hrt,HRT,21,24,1:23.796,NaN,NaN
2010,19,vettel,Sebastian Vettel,red_bull,Red Bull,5,1,1:40.318,1:39.874,1:39.394
2010,19,hamilton,Lewis Hamilton,mclaren,McLaren,2,2,1:40.335,1:40.119,1:39.425
2010,19,alonso,Fernando Alonso,ferrari,Ferrari,8,3,1:40.170,1:40.311,1:39.792
2010,19,button,Jenson Button,mclaren,McLaren,1,4,1:40.877,1:40.014,1:39.823
2010,19,webber,Mark Webber,red_bull,Red Bull,6,5,1:40.690,1:40.074,1:39.925
2010,19,massa,Felipe Massa,ferrari,Ferrari,7,6,1:40.942,1:40.323,1:40.202
2010,19,barrichello,Rubens Barrichello,williams,Williams,9,7,1:40.904,1:40.476,1:40.203
2010,19,michael_schumacher,Michael Schumacher,mercedes,Mercedes,3,8,1:41.222,1:40.452,1:40.516
2010,19,rosberg,Nico Rosberg,mercedes,Mercedes,4,9,1:40.231,1:40.060,1:40.589
2010,19,petrov,Vitaly Petrov,renault,Renault,12,10,1:41.018,1:40.658,1:40.901
2010,19,kubica,Robert Kubica,renault,Renault,11,11,1:41.336,1:40.780,NaN
2010,19,kobayashi,Kamui Kobayashi,sauber,Sauber,23,12,1:41.045,1:40.783,NaN
2010,19,sutil,Adrian Sutil,force_india,Force India,14,13,1:41.473,1:40.914,NaN
2010,19,heidfeld,Nick Heidfeld,sauber,Sauber,22,14,1:41.409,1:41.113,NaN
2010,19,hulkenberg,Nico Hülkenberg,williams,Williams,10,15,1:41.015,1:41.418,NaN
2010,19,liuzzi,Vitantonio Liuzzi,force_india,Force India,15,16,1:41.681,1:41.642,NaN
2010,19,alguersuari,Jaime Alguersuari,toro_rosso,Toro Rosso,17,17,1:41.707,1:41.738,NaN
2010,19,buemi,Sébastien Buemi,toro_rosso,Toro Rosso,16,18,1:41.824,NaN,NaN
2010,19,trulli,Jarno Trulli,lotus_racing,Lotus,18,19,1:43.516,NaN,NaN
2010,19,kovalainen,Heikki Kovalainen,lotus_racing,Lotus,19,20,1:43.712,NaN,NaN
2010,19,glock,Timo Glock,virgin,Virgin,24,21,1:44.095,NaN,NaN
2010,19,grassi,Lucas di Grassi,virgin,Virgin,25,22,1:44.510,NaN,NaN
2010,19,bruno_senna,Bruno Senna,hrt,HRT,21,23,1:45.085,NaN,NaN
2010,19,klien,Christian Klien,hrt,HRT,20,24,1:45.296,NaN,NaN
2011,1,vettel,Sebastian Vettel,red_bull,Red Bull,1,1,1:25.296,1:24.090,1:23.529
2011,1,hamilton,Lewis Hamilton,mclaren,McLaren,3,2,1:25.384,1:24.595,1:24.307
2011,1,webber,Mark Webber,red_bull,Red Bull,2,3,1:25.900,1:24.658,1:24.395
2011,1,button,Jenson Button,mclaren,McLaren,4,4,1:25.886,1:24.957,1:24.779
2011,1,alonso,Fernando Alonso,ferrari,Ferrari,5,5,1:25.707,1:25.242,1:24.974
2011,1,petrov,Vitaly Petrov,renault,Renault,10,6,1:25.543,1:25.582,1:25.247
2011,1,rosberg,Nico Rosberg,mercedes,Mercedes,8,7,1:25.856,1:25.606,1:25.421
2011,1,massa,Felipe Massa,ferrari,Ferrari,6,8,1:26.031,1:25.611,1:25.599
2011,1,kobayashi,Kamui Kobayashi,sauber,Sauber,16,9,1:25.717,1:25.405,1:25.626
2011,1,buemi,Sébastien Buemi,toro_rosso,Toro Rosso,18,10,1:26.232,1:25.882,1:27.066
2011,1,michael_schumacher,Michael Schumacher,mercedes,Mercedes,7,11,1:25.962,1:25.971,NaN
2011,1,alguersuari,Jaime Alguersuari,toro_rosso,Toro Rosso,19,12,1:26.620,1:26.103,NaN
2011,1,perez,Sergio Pérez,sauber,Sauber,17,13,1:25.812,1:26.108,NaN
2011,1,resta,Paul di Resta,force_india,Force India,15,14,1:27.222,1:26.739,NaN
2011,1,maldonado,Pastor Maldonado,williams,Williams,12,15,1:26.298,1:26.768,NaN
2011,1,sutil,Adrian Sutil,force_india,Force India,14,16,1:26.245,1:31.407,NaN
2011,1,barrichello,Rubens Barrichello,williams,Williams,11,17,1:26.270,NaN,NaN
2011,1,heidfeld,Nick Heidfeld,renault,Renault,9,18,1:27.239,NaN,NaN
2011,1,kovalainen,Heikki Kovalainen,lotus_racing,Lotus,20,19,1:29.254,NaN,NaN
2011,1,trulli,Jarno Trulli,lotus_racing,Lotus,21,20,1:29.342,NaN,NaN
2011,1,glock,Timo Glock,virgin,Virgin,24,21,1:29.858,NaN,NaN
2011,1,ambrosio,Jérôme d'Ambrosio,virgin,Virgin,25,22,1:30.822,NaN,NaN
2011,1,liuzzi,Vitantonio Liuzzi,hrt,HRT,23,23,1:32.978,NaN,NaN
2011,1,karthikeyan,Narain Karthikeyan,hrt,HRT,22,24,1:34.293,NaN,NaN
2011,2,vettel,Sebastian Vettel,red_bull,Red Bull,1,1,1:37.468,1:35.934,1:34.870
2011,2,hamilton,Lewis Hamilton,mclaren,McLaren,3,2,1:36.861,1:35.852,1:34.974
2011,2,webber,Mark Webber,red_bull,Red Bull,2,3,1:37.924,1:36.080,1:35.179
2011,2,button,Jenson Button,mclaren,McLaren,4,4,1:37.033,1:35.569,1:35.200
2011,2,alonso,Fernando Alonso,ferrari,Ferrari,5,5,1:36.897,1:36.320,1:35.802
2011,2,heidfeld,Nick Heidfeld,renault,Renault,9,6,1:37.224,1:36.811,1:36.124
2011,2,massa,Felipe Massa,ferrari,Ferrari,6,7,1:36.744,1:36.557,1:36.251
2011,2,petrov,Vitaly Petrov,renault,Renault,10,8,1:37.210,1:36.642,1:36.324
2011,2,rosberg,Nico Rosberg,mercedes,Mercedes,8,9,1:37.316,1:36.388,1:36.809
2011,2,kobayashi,Kamui Kobayashi,sauber,Sauber,16,10,1:36.994,1:36.691,1:36.820
2011,2,michael_schumacher,Michael Schumacher,mercedes,Mercedes,7,11,1:36.904,1:37.035,NaN
2011,2,buemi,Sébastien Buemi,toro_rosso,Toro Rosso,18,12,1:37.693,1:37.160,NaN
2011,2,alguersuari,Jaime Alguersuari,toro_rosso,Toro Rosso,19,13,1:37.677,1:37.347,NaN
2011,2,resta,Paul di Resta,force_india,Force India,15,14,1:38.045,1:37.370,NaN
2011,2,barrichello,Rubens Barrichello,williams,Williams,11,15,1:38.163,1:37.496,NaN
2011,2,perez,Sergio Pérez,sauber,Sauber,17,16,1:37.759,1:37.528,NaN
2011,2,sutil,Adrian Sutil,force_india,Force India,14,17,1:37.693,1:37.593,NaN
2011,2,maldonado,Pastor Maldonado,williams,Williams,12,18,1:38.276,NaN,NaN
2011,2,kovalainen,Heikki Kovalainen,lotus_racing,Lotus,20,19,1:38.645,NaN,NaN
2011,2,trulli,Jarno Trulli,lotus_racing,Lotus,21,20,1:38.791,NaN,NaN
2011,2,glock,Timo Glock,virgin,Virgin,24,21,1:40.648,NaN,NaN
2011,2,ambrosio,Jérôme d'Ambrosio,virgin,Virgin,25,22,1:41.001,NaN,NaN
2011,2,liuzzi,Vitantonio Liuzzi,hrt,HRT,23,23,1:41.549,NaN,NaN
2011,2,karthikeyan,Narain Karthikeyan,hrt,HRT,22,24,1:42.574,NaN,NaN
2011,3,vettel,Sebastian Vettel,red_bull,Red Bull,1,1,1:35.674,1:34.776,1:33.706
2011,3,button,Jenson Button,mclaren,McLaren,4,2,1:35.924,1:34.662,1:34.421
2011,3,hamilton,Lewis Hamilton,mclaren,McLaren,3,3,1:36.091,1:34.486,1:34.463
2011,3,rosberg,Nico Rosberg,mercedes,Mercedes,8,4,1:35.272,1:35.850,1:34.670
2011,3,alonso,Fernando Alonso,ferrari,Ferrari,5,5,1:35.389,1:35.165,1:35.119
2011,3,massa,Felipe Massa,ferrari,Ferrari,6,6,1:35.478,1:35.437,1:35.145
2011,3,alguersuari,Jaime Alguersuari,toro_rosso,Toro Rosso,19,7,1:36.133,1:35.563,1:36.158
2011,3,resta,Paul di Resta,force_india,Force India,15,8,1:35.702,1:35.858,1:36.190
2011,3,buemi,Sébastien Buemi,toro_rosso,Toro Rosso,18,9,1:36.110,1:35.500,1:36.203
2011,3,petrov,Vitaly Petrov,renault,Renault,10,10,1:35.370,1:35.149,NaN
2011,3,sutil,Adrian Sutil,force_india,Force India,14,11,1:36.092,1:35.874,NaN
2011,3,perez,Sergio Pérez,sauber,Sauber,17,12,1:36.046,1:36.053,NaN
2011,3,kobayashi,Kamui Kobayashi,sauber,Sauber,16,13,1:36.147,1:36.236,NaN
2011,3,michael_schumacher,Michael Schumacher,mercedes,Mercedes,7,14,1:35.508,1:36.457,NaN
2011,3,barrichello,Rubens Barrichello,williams,Williams,11,15,1:35.911,1:36.465,NaN
2011,3,heidfeld,Nick Heidfeld,renault,Renault,9,16,1:35.910,1:36.611,NaN
2011,3,maldonado,Pastor Maldonado,williams,Williams,12,17,1:36.121,1:36.956,NaN
2011,3,webber,Mark Webber,red_bull,Red Bull,2,18,1:36.468,NaN,NaN
2011,3,kovalainen,Heikki Kovalainen,lotus_racing,Lotus,20,19,1:37.894,NaN,NaN
2011,3,trulli,Jarno Trulli,lotus_racing,Lotus,21,20,1:38.318,NaN,NaN
2011,3,ambrosio,Jérôme d'Ambrosio,virgin,Virgin,25,21,1:39.119,NaN,NaN
2011,3,glock,Timo Glock,virgin,Virgin,24,22,1:39.708,NaN,NaN
2011,3,liuzzi,Vitantonio Liuzzi,hrt,HRT,23,23,1:40.212,NaN,NaN
2011,3,karthikeyan,Narain Karthikeyan,hrt,HRT,22,24,1:40.445,NaN,NaN
2011,4,vettel,Sebastian Vettel,red_bull,Red Bull,1,1,1:27.039,1:25.610,1:25.049
2011,4,webber,Mark Webber,red_bull,Red Bull,2,2,1:27.090,1:26.075,1:25.454
2011,4,rosberg,Nico Rosberg,mercedes,Mercedes,8,3,1:27.514,1:25.801,1:25.574
2011,4,hamilton,Lewis Hamilton,mclaren,McLaren,3,4,1:27.091,1:26.066,1:25.595
2011,4,alonso,Fernando Alonso,ferrari,Ferrari,5,5,1:27.349,1:26.152,1:25.851
2011,4,button,Jenson Button,mclaren,McLaren,4,6,1:27.374,1:26.485,1:25.982
2011,4,petrov,Vitaly Petrov,renault,Renault,10,7,1:27.475,1:26.654,1:26.296
2011,4,michael_schumacher,Michael Schumacher,mercedes,Mercedes,7,8,1:27.697,1:26.121,1:26.646
2011,4,heidfeld,Nick Heidfeld,renault,Renault,9,9,1:27.901,1:26.740,1:26.659
2011,4,massa,Felipe Massa,ferrari,Ferrari,6,10,1:27.013,1:26.395,NaN
2011,4,barrichello,Rubens Barrichello,williams,Williams,11,11,1:28.246,1:26.764,NaN
2011,4,sutil,Adrian Sutil,force_india,Force India,14,12,1:27.392,1:27.027,NaN
2011,4,resta,Paul di Resta,force_india,Force India,15,13,1:27.625,1:27.145,NaN
2011,4,maldonado,Pastor Maldonado,williams,Williams,12,14,1:27.396,1:27.236,NaN
2011,4,perez,Sergio Pérez,sauber,Sauber,17,15,1:27.778,1:27.244,NaN
2011,4,buemi,Sébastien Buemi,toro_rosso,Toro Rosso,18,16,1:27.620,1:27.255,NaN
2011,4,alguersuari,Jaime Alguersuari,toro_rosso,Toro Rosso,19,17,1:28.055,1:27.572,NaN
2011,4,kovalainen,Heikki Kovalainen,lotus_racing,Lotus,20,18,1:28.780,NaN,NaN
2011,4,trulli,Jarno Trulli,lotus_racing,Lotus,21,19,1:29.673,NaN,NaN
2011,4,ambrosio,Jérôme d'Ambrosio,virgin,Virgin,25,20,1:30.445,NaN,NaN
2011,4,liuzzi,Vitantonio Liuzzi,hrt,HRT,23,21,1:30.692,NaN,NaN
2011,4,glock,Timo Glock,virgin,Virgin,24,22,1:30.813,NaN,NaN
2011,4,karthikeyan,Narain Karthikeyan,hrt,HRT,22,23,1:31.564,NaN,NaN
2011,5,webber,Mark Webber,red_bull,Red Bull,2,1,1:23.619,1:21.773,1:20.981
2011,5,vettel,Sebastian Vettel,red_bull,Red Bull,1,2,1:24.142,1:21.540,1:21.181
2011,5,hamilton,Lewis Hamilton,mclaren,McLaren,3,3,1:24.370,1:22.148,1:21.961
2011,5,alonso,Fernando Alonso,ferrari,Ferrari,5,4,1:23.485,1:22.813,1:21.964
2011,5,button,Jenson Button,mclaren,McLaren,4,5,1:24.428,1:22.050,1:21.996
2011,5,petrov,Vitaly Petrov,renault,Renault,10,6,1:23.069,1:22.948,1:22.471
2011,5,rosberg,Nico Rosberg,mercedes,Mercedes,8,7,1:23.507,1:22.569,1:22.599
2011,5,massa,Felipe Massa,ferrari,Ferrari,6,8,1:23.506,1:23.026,1:22.888
2011,5,maldonado,Pastor Maldonado,williams,Williams,12,9,1:23.406,1:22.854,1:22.952
2011,5,michael_schumacher,Michael Schumacher,mercedes,Mercedes,7,10,1:22.960,1:22.671,NaN
2011,5,buemi,Sébastien Buemi,toro_rosso,Toro Rosso,18,11,1:23.962,1:23.231,NaN
2011,5,perez,Sergio Pérez,sauber,Sauber,17,12,1:24.209,1:23.367,NaN
2011,5,alguersuari,Jaime Alguersuari,toro_rosso,Toro Rosso,19,13,1:24.049,1:23.694,NaN
2011,5,kobayashi,Kamui Kobayashi,sauber,Sauber,16,14,1:23.656,1:23.702,NaN
2011,5,kovalainen,Heikki Kovalainen,lotus_racing,Lotus,20,15,1:25.874,1:25.403,NaN
2011,5,resta,Paul di Resta,force_india,Force India,15,16,1:24.332,1:26.126,NaN
2011,5,sutil,Adrian Sutil,force_india,Force India,14,17,1:24.648,1:26.571,NaN
2011,5,trulli,Jarno Trulli,lotus_racing,Lotus,21,18,1:26.521,NaN,NaN
2011,5,barrichello,Rubens Barrichello,williams,Williams,11,19,1:26.910,NaN,NaN
2011,5,glock,Timo Glock,virgin,Virgin,24,20,1:27.315,NaN,NaN
2011,5,liuzzi,Vitantonio Liuzzi,hrt,HRT,23,21,1:27.809,NaN,NaN
2011,5,karthikeyan,Narain Karthikeyan,hrt,HRT,22,22,1:27.908,NaN,NaN
2011,5,ambrosio,Jérôme d'Ambrosio,virgin,Virgin,25,23,1:28.556,NaN,NaN
2011,6,vettel,Sebastian Vettel,red_bull,Red Bull,1,1,1:15.606,1:14.277,1:13.556
2011,6,button,Jenson Button,mclaren,McLaren,4,2,1:15.397,1:14.545,1:13.997
2011,6,webber,Mark Webber,red_bull,Red Bull,2,3,1:16.087,1:14.742,1:14.019
2011,6,alonso,Fernando Alonso,ferrari,Ferrari,5,4,1:16.051,1:14.569,1:14.483
2011,6,michael_schumacher,Michael Schumacher,mercedes,Mercedes,7,5,1:16.092,1:14.981,1:14.682
2011,6,massa,Felipe Massa,ferrari,Ferrari,6,6,1:16.309,1:14.648,1:14.877
2011,6,hamilton,Lewis Hamilton,mclaren,McLaren,3,7,1:15.207,1:14.275,1:15.280
2011,6,rosberg,Nico Rosberg,mercedes,Mercedes,8,8,1:15.858,1:14.741,1:15.766
2011,6,maldonado,Pastor Maldonado,williams,Williams,12,9,1:15.819,1:15.545,1:16.528
2011,6,perez,Sergio Pérez,sauber,Sauber,17,10,1:15.918,1:15.482,NaN
2011,6,petrov,Vitaly Petrov,renault,Renault,10,11,1:16.378,1:15.815,NaN
2011,6,barrichello,Rubens Barrichello,williams,Williams,11,12,1:16.616,1:15.826,NaN
2011,6,kobayashi,Kamui Kobayashi,sauber,Sauber,16,13,1:16.513,1:15.973,NaN
2011,6,resta,Paul di Resta,force_india,Force India,15,14,1:16.813,1:16.118,NaN
2011,6,sutil,Adrian Sutil,force_india,Force India,14,15,1:16.600,1:16.121,NaN
2011,6,heidfeld,Nick Heidfeld,renault,Renault,9,16,1:16.681,1:16.214,NaN
2011,6,buemi,Sébastien Buemi,toro_rosso,Toro Rosso,18,17,1:16.358,1:16.300,NaN
2011,6,kovalainen,Heikki Kovalainen,lotus_racing,Lotus,20,18,1:17.343,NaN,NaN
2011,6,trulli,Jarno Trulli,lotus_racing,Lotus,21,19,1:17.381,NaN,NaN
2011,6,alguersuari,Jaime Alguersuari,toro_rosso,Toro Rosso,19,20,1:17.820,NaN,NaN
2011,6,glock,Timo Glock,virgin,Virgin,24,21,1:17.914,NaN,NaN
2011,6,ambrosio,Jérôme d'Ambrosio,virgin,Virgin,25,22,1:18.736,NaN,NaN
2011,6,karthikeyan,Narain Karthikeyan,hrt,HRT,22,23,,NaN,NaN
2011,6,liuzzi,Vitantonio Liuzzi,hrt,HRT,23,24,,NaN,NaN
2011,7,vettel,Sebastian Vettel,red_bull,Red Bull,1,1,1:14.011,1:13.486,1:13.014
2011,7,alonso,Fernando Alonso,ferrari,Ferrari,5,2,1:13.822,1:13.672,1:13.199
2011,7,massa,Felipe Massa,ferrari,Ferrari,6,3,1:14.026,1:13.431,1:13.217
2011,7,webber,Mark Webber,red_bull,Red Bull,2,4,1:14.375,1:13.654,1:13.429
2011,7,hamilton,Lewis Hamilton,mclaren,McLaren,3,5,1:14.114,1:13.926,1:13.565
2011,7,rosberg,Nico Rosberg,mercedes,Mercedes,8,6,1:14.920,1:13.950,1:13.814
2011,7,button,Jenson Button,mclaren,McLaren,4,7,1:14.374,1:13.955,1:13.838
2011,7,michael_schumacher,Michael Schumacher,mercedes,Mercedes,7,8,1:14.970,1:14.242,1:13.864
2011,7,heidfeld,Nick Heidfeld,renault,Renault,9,9,1:15.096,1:14.467,1:14.062
2011,7,petrov,Vitaly Petrov,renault,Renault,10,10,1:14.699,1:14.354,1:14.085
2011,7,resta,Paul di Resta,force_india,Force India,15,11,1:14.874,1:14.752,NaN
2011,7,maldonado,Pastor Maldonado,williams,Williams,12,12,1:15.585,1:15.043,NaN
2011,7,kobayashi,Kamui Kobayashi,sauber,Sauber,16,13,1:15.694,1:15.285,NaN
2011,7,sutil,Adrian Sutil,force_india,Force India,14,14,1:14.931,1:15.287,NaN
2011,7,buemi,Sébastien Buemi,toro_rosso,Toro Rosso,18,15,1:15.901,1:15.334,NaN
2011,7,barrichello,Rubens Barrichello,williams,Williams,11,16,1:15.331,1:15.361,NaN
2011,7,rosa,Pedro de la Rosa,sauber,Sauber,17,17,1:16.229,1:15.587,NaN
2011,7,alguersuari,Jaime Alguersuari,toro_rosso,Toro Rosso,19,18,1:16.294,NaN,NaN
2011,7,trulli,Jarno Trulli,lotus_racing,Lotus,21,19,1:16.745,NaN,NaN
2011,7,kovalainen,Heikki Kovalainen,lotus_racing,Lotus,20,20,1:16.786,NaN,NaN
2011,7,liuzzi,Vitantonio Liuzzi,hrt,HRT,23,21,1:18.424,NaN,NaN
2011,7,glock,Timo Glock,virgin,Virgin,24,22,1:18.537,NaN,NaN
2011,7,karthikeyan,Narain Karthikeyan,hrt,HRT,22,23,1:18.574,NaN,NaN
2011,7,ambrosio,Jérôme d'Ambrosio,virgin,Virgin,25,24,1:19.414,NaN,NaN
2011,8,vettel,Sebastian Vettel,red_bull,Red Bull,1,1,1:39.116,1:37.305,1:36.975
2011,8,webber,Mark Webber,red_bull,Red Bull,2,2,1:39.956,1:38.058,1:37.163
2011,8,hamilton,Lewis Hamilton,mclaren,McLaren,3,3,1:39.244,1:37.727,1:37.380
2011,8,alonso,Fernando Alonso,ferrari,Ferrari,5,4,1:39.725,1:37.930,1:37.454
2011,8,massa,Felipe Massa,ferrari,Ferrari,6,5,1:38.413,1:38.566,1:37.535
2011,8,button,Jenson Button,mclaren,McLaren,4,6,1:39.453,1:37.749,1:37.645
2011,8,rosberg,Nico Rosberg,mercedes,Mercedes,8,7,1:39.266,1:38.373,1:38.231
2011,8,michael_schumacher,Michael Schumacher,mercedes,Mercedes,7,8,1:39.198,1:38.365,1:38.240
2011,8,heidfeld,Nick Heidfeld,renault,Renault,9,9,1:39.877,1:38.781,NaN
2011,8,sutil,Adrian Sutil,force_india,Force India,14,10,1:39.329,1:39.034,NaN
2011,8,petrov,Vitaly Petrov,renault,Renault,10,11,1:39.690,1:39.068,NaN
2011,8,resta,Paul di Resta,force_india,Force India,15,12,1:39.852,1:39.422,NaN
2011,8,barrichello,Rubens Barrichello,williams,Williams,11,13,1:39.602,1:39.489,NaN
2011,8,kobayashi,Kamui Kobayashi,sauber,Sauber,16,14,1:40.131,1:39.525,NaN
2011,8,maldonado,Pastor Maldonado,williams,Williams,12,15,1:39.690,1:39.645,NaN
2011,8,perez,Sergio Pérez,sauber,Sauber,17,16,1:39.494,1:39.657,NaN
2011,8,buemi,Sébastien Buemi,toro_rosso,Toro Rosso,18,17,1:39.679,1:39.711,NaN
2011,8,alguersuari,Jaime Alguersuari,toro_rosso,Toro Rosso,19,18,1:40.232,NaN,NaN
2011,8,kovalainen,Heikki Kovalainen,lotus_racing,Lotus,20,19,1:41.664,NaN,NaN
2011,8,trulli,Jarno Trulli,lotus_racing,Lotus,21,20,1:42.234,NaN,NaN
2011,8,glock,Timo Glock,virgin,Virgin,24,21,1:42.553,NaN,NaN
2011,8,liuzzi,Vitantonio Liuzzi,hrt,HRT,23,22,1:43.584,NaN,NaN
2011,8,ambrosio,Jérôme d'Ambrosio,virgin,Virgin,25,23,1:43.735,NaN,NaN
2011,8,karthikeyan,Narain Karthikeyan,hrt,HRT,22,24,1:44.363,NaN,NaN
2011,9,webber,Mark Webber,red_bull,Red Bull,2,1,1:32.670,1:31.673,1:30.399
2011,9,vettel,Sebastian Vettel,red_bull,Red Bull,1,2,1:32.977,1:32.379,1:30.431
2011,9,alonso,Fernando Alonso,ferrari,Ferrari,5,3,1:32.986,1:31.727,1:30.516
2011,9,massa,Felipe Massa,ferrari,Ferrari,6,4,1:32.760,1:31.640,1:31.124
2011,9,button,Jenson Button,mclaren,McLaren,4,5,1:34.230,1:32.273,1:31.898
2011,9,resta,Paul di Resta,force_india,Force India,15,6,1:34.472,1:32.569,1:31.929
2011,9,maldonado,Pastor Maldonado,williams,Williams,12,7,1:32.702,1:32.588,1:31.933
2011,9,kobayashi,Kamui Kobayashi,sauber,Sauber,16,8,1:34.324,1:32.399,1:32.128
2011,9,rosberg,Nico Rosberg,mercedes,Mercedes,8,9,1:34.186,1:32.295,1:32.209
2011,9,hamilton,Lewis Hamilton,mclaren,McLaren,3,10,1:33.581,1:32.505,1:32.376
2011,9,sutil,Adrian Sutil,force_india,Force India,14,11,1:34.454,1:32.617,NaN
2011,9,perez,Sergio Pérez,sauber,Sauber,17,12,1:34.145,1:32.624,NaN
2011,9,michael_schumacher,Michael Schumacher,mercedes,Mercedes,7,13,1:34.160,1:32.656,NaN
2011,9,petrov,Vitaly Petrov,renault,Renault,10,14,1:34.428,1:32.734,NaN
2011,9,barrichello,Rubens Barrichello,williams,Williams,11,15,1:33.532,1:33.119,NaN
2011,9,heidfeld,Nick Heidfeld,renault,Renault,9,16,1:35.132,1:33.805,NaN
2011,9,kovalainen,Heikki Kovalainen,lotus_racing,Lotus,20,17,1:34.923,1:34.821,NaN
2011,9,alguersuari,Jaime Alguersuari,toro_rosso,Toro Rosso,19,18,1:35.245,NaN,NaN
2011,9,buemi,Sébastien Buemi,toro_rosso,Toro Rosso,18,19,1:35.749,NaN,NaN
2011,9,glock,Timo Glock,virgin,Virgin,24,20,1:36.203,NaN,NaN
2011,9,trulli,Jarno Trulli,lotus_racing,Lotus,21,21,1:36.456,NaN,NaN
2011,9,ambrosio,Jérôme d'Ambrosio,virgin,Virgin,25,22,1:37.154,NaN,NaN
2011,9,liuzzi,Vitantonio Liuzzi,hrt,HRT,23,23,1:37.484,NaN,NaN
2011,9,ricciardo,Daniel Ricciardo,hrt,HRT,22,24,1:38.059,NaN,NaN
2011,10,webber,Mark Webber,red_bull,Red Bull,2,1,1:33.096,1:31.311,1:30.079
2011,10,hamilton,Lewis Hamilton,mclaren,McLaren,3,2,1:32.934,1:30.998,1:30.134
2011,10,vettel,Sebastian Vettel,red_bull,Red Bull,1,3,1:32.973,1:31.017,1:30.216
2011,10,alonso,Fernando Alonso,ferrari,Ferrari,5,4,1:32.916,1:31.150,1:30.442
2011,10,massa,Felipe Massa,ferrari,Ferrari,6,5,1:31.826,1:31.582,1:30.910
2011,10,rosberg,Nico Rosberg,mercedes,Mercedes,8,6,1:32.785,1:31.343,1:31.263
2011,10,button,Jenson Button,mclaren,McLaren,4,7,1:33.224,1:31.532,1:31.288
2011,10,sutil,Adrian Sutil,force_india,Force India,14,8,1:32.286,1:31.809,1:32.010
2011,10,petrov,Vitaly Petrov,renault,Renault,10,9,1:33.187,1:31.985,1:32.187
2011,10,michael_schumacher,Michael Schumacher,mercedes,Mercedes,7,10,1:32.603,1:32.180,1:32.482
2011,10,heidfeld,Nick Heidfeld,renault,Renault,9,11,1:32.505,1:32.215,NaN
2011,10,resta,Paul di Resta,force_india,Force India,15,12,1:32.651,1:32.560,NaN
2011,10,maldonado,Pastor Maldonado,williams,Williams,12,13,1:33.003,1:32.635,NaN
2011,10,barrichello,Rubens Barrichello,williams,Williams,11,14,1:33.664,1:33.043,NaN
2011,10,perez,Sergio Pérez,sauber,Sauber,17,15,1:33.295,1:33.176,NaN
2011,10,buemi,Sébastien Buemi,toro_rosso,Toro Rosso,18,16,1:33.635,1:33.546,NaN
2011,10,alguersuari,Jaime Alguersuari,toro_rosso,Toro Rosso,19,17,1:33.658,1:33.698,NaN
2011,10,kobayashi,Kamui Kobayashi,sauber,Sauber,16,18,1:33.786,NaN,NaN
2011,10,kovalainen,Heikki Kovalainen,lotus_racing,Lotus,20,19,1:35.599,NaN,NaN
2011,10,glock,Timo Glock,virgin,Virgin,24,20,1:36.400,NaN,NaN
2011,10,chandhok,Karun Chandhok,lotus_racing,Lotus,21,21,1:36.422,NaN,NaN
2011,10,ambrosio,Jérôme d'Ambrosio,virgin,Virgin,25,22,1:36.641,NaN,NaN
2011,10,liuzzi,Vitantonio Liuzzi,hrt,HRT,23,23,1:37.011,NaN,NaN
2011,10,ricciardo,Daniel Ricciardo,hrt,HRT,22,24,1:37.036,NaN,NaN
2011,11,vettel,Sebastian Vettel,red_bull,Red Bull,1,1,1:21.740,1:21.095,1:19.815
2011,11,hamilton,Lewis Hamilton,mclaren,McLaren,3,2,1:21.636,1:21.105,1:19.978
2011,11,button,Jenson Button,mclaren,McLaren,4,3,1:22.038,1:20.578,1:20.024
2011,11,massa,Felipe Massa,ferrari,Ferrari,6,4,1:22.130,1:21.099,1:20.350
2011,11,alonso,Fernando Alonso,ferrari,Ferrari,5,5,1:21.578,1:20.262,1:20.365
2011,11,webber,Mark Webber,red_bull,Red Bull,2,6,1:22.208,1:20.890,1:20.474
2011,11,rosberg,Nico Rosberg,mercedes,Mercedes,8,7,1:22.996,1:21.243,1:21.098
2011,11,sutil,Adrian Sutil,force_india,Force India,14,8,1:22.237,1:22.000,1:21.445
2011,11,michael_schumacher,Michael Schumacher,mercedes,Mercedes,7,9,1:22.876,1:21.852,1:21.907
2011,11,perez,Sergio Pérez,sauber,Sauber,17,10,1:23.067,1:22.157,NaN
2011,11,resta,Paul di Resta,force_india,Force India,15,11,1:22.976,1:22.256,NaN
2011,11,petrov,Vitaly Petrov,renault,Renault,10,12,1:23.070,1:22.284,NaN
2011,11,kobayashi,Kamui Kobayashi,sauber,Sauber,16,13,1:23.278,1:22.435,NaN
2011,11,heidfeld,Nick Heidfeld,renault,Renault,9,14,1:23.024,1:22.470,NaN
2011,11,barrichello,Rubens Barrichello,williams,Williams,11,15,1:23.075,1:22.684,NaN
2011,11,alguersuari,Jaime Alguersuari,toro_rosso,Toro Rosso,19,16,1:23.285,1:22.979,NaN
2011,11,maldonado,Pastor Maldonado,williams,Williams,12,17,1:23.847,NaN,NaN
2011,11,buemi,Sébastien Buemi,toro_rosso,Toro Rosso,18,18,1:24.070,NaN,NaN
2011,11,kovalainen,Heikki Kovalainen,lotus_racing,Lotus,20,19,1:24.362,NaN,NaN
2011,11,trulli,Jarno Trulli,lotus_racing,Lotus,21,20,1:24.534,NaN,NaN
2011,11,glock,Timo Glock,virgin,Virgin,24,21,1:26.294,NaN,NaN
2011,11,liuzzi,Vitantonio Liuzzi,hrt,HRT,23,22,1:26.323,NaN,NaN
2011,11,ricciardo,Daniel Ricciardo,hrt,HRT,22,23,1:26.479,NaN,NaN
2011,11,ambrosio,Jérôme d'Ambrosio,virgin,Virgin,25,24,1:26.510,NaN,NaN
2011,12,vettel,Sebastian Vettel,red_bull,Red Bull,1,1,2:03.029,2:03.317,1:48.298
2011,12,hamilton,Lewis Hamilton,mclaren,McLaren,3,2,2:03.008,2:02.823,1:48.730
2011,12,webber,Mark Webber,red_bull,Red Bull,2,3,2:02.827,2:03.302,1:49.376
2011,12,massa,Felipe Massa,ferrari,Ferrari,6,4,2:05.834,2:04.507,1:50.256
2011,12,rosberg,Nico Rosberg,mercedes,Mercedes,8,5,2:05.091,2:03.723,1:50.552
2011,12,alguersuari,Jaime Alguersuari,toro_rosso,Toro Rosso,19,6,2:05.419,2:04.561,1:50.773
2011,12,bruno_senna,Bruno Senna,renault,Renault,9,7,2:05.047,2:04.452,1:51.121
2011,12,alonso,Fernando Alonso,ferrari,Ferrari,5,8,2:04.450,2:02.768,1:51.251
2011,12,perez,Sergio Pérez,sauber,Sauber,17,9,2:06.284,2:04.625,1:51.374
2011,12,petrov,Vitaly Petrov,renault,Renault,10,10,2:05.292,2:03.466,1:52.303
2011,12,buemi,Sébastien Buemi,toro_rosso,Toro Rosso,18,11,2:04.744,2:04.692,NaN
2011,12,kobayashi,Kamui Kobayashi,sauber,Sauber,16,12,2:07.194,2:04.757,NaN
2011,12,button,Jenson Button,mclaren,McLaren,4,13,2:01.813,2:05.150,NaN
2011,12,barrichello,Rubens Barrichello,williams,Williams,11,14,2:05.720,2:07.349,NaN
2011,12,sutil,Adrian Sutil,force_india,Force India,14,15,2:06.000,2:07.777,NaN
2011,12,maldonado,Pastor Maldonado,williams,Williams,12,16,2:05.621,2:08.106,NaN
2011,12,kovalainen,Heikki Kovalainen,lotus_racing,Lotus,20,17,2:06.780,2:08.354,NaN
2011,12,resta,Paul di Resta,force_india,Force India,15,18,2:07.758,NaN,NaN
2011,12,trulli,Jarno Trulli,lotus_racing,Lotus,21,19,2:08.773,NaN,NaN
2011,12,glock,Timo Glock,virgin,Virgin,24,20,2:09.566,NaN,NaN
2011,12,ambrosio,Jérôme d'Ambrosio,virgin,Virgin,25,21,2:11.601,NaN,NaN
2011,12,liuzzi,Vitantonio Liuzzi,hrt,HRT,23,22,2:11.616,NaN,NaN
2011,12,ricciardo,Daniel Ricciardo,hrt,HRT,22,23,2:13.077,NaN,NaN
2011,13,vettel,Sebastian Vettel,red_bull,Red Bull,1,1,1:24.002,1:22.914,1:22.275
2011,13,hamilton,Lewis Hamilton,mclaren,McLaren,3,2,1:23.976,1:23.172,1:22.725
2011,13,button,Jenson Button,mclaren,McLaren,4,3,1:24.013,1:23.031,1:22.777
2011,13,alonso,Fernando Alonso,ferrari,Ferrari,5,4,1:24.134,1:23.342,1:22.841
2011,13,webber,Mark Webber,red_bull,Red Bull,2,5,1:24.148,1:23.387,1:22.972
2011,13,massa,Felipe Massa,ferrari,Ferrari,6,6,1:24.523,1:23.681,1:23.188
2011,13,petrov,Vitaly Petrov,renault,Renault,10,7,1:24.486,1:23.741,1:23.530
2011,13,michael_schumacher,Michael Schumacher,mercedes,Mercedes,7,8,1:25.108,1:23.671,1:23.777
2011,13,rosberg,Nico Rosberg,mercedes,Mercedes,8,9,1:24.550,1:23.335,1:24.477
2011,13,bruno_senna,Bruno Senna,renault,Renault,9,10,1:24.914,1:24.157,NaN
2011,13,resta,Paul di Resta,force_india,Force India,15,11,1:24.574,1:24.163,NaN
2011,13,sutil,Adrian Sutil,force_india,Force India,14,12,1:24.595,1:24.209,NaN
2011,13,barrichello,Rubens Barrichello,williams,Williams,11,13,1:24.975,1:24.648,NaN
2011,13,maldonado,Pastor Maldonado,williams,Williams,12,14,1:24.798,1:24.726,NaN
2011,13,perez,Sergio Pérez,sauber,Sauber,17,15,1:25.113,1:24.845,NaN
2011,13,buemi,Sébastien Buemi,toro_rosso,Toro Rosso,18,16,1:25.164,1:24.932,NaN
2011,13,kobayashi,Kamui Kobayashi,sauber,Sauber,16,17,1:24.879,1:25.065,NaN
2011,13,alguersuari,Jaime Alguersuari,toro_rosso,Toro Rosso,19,18,1:25.334,NaN,NaN
2011,13,trulli,Jarno Trulli,lotus_racing,Lotus,21,19,1:26.647,NaN,NaN
2011,13,kovalainen,Heikki Kovalainen,lotus_racing,Lotus,20,20,1:27.184,NaN,NaN
2011,13,glock,Timo Glock,virgin,Virgin,24,21,1:27.591,NaN,NaN
2011,13,ambrosio,Jérôme d'Ambrosio,virgin,Virgin,25,22,1:27.609,NaN,NaN
2011,13,ricciardo,Daniel Ricciardo,hrt,HRT,22,23,1:28.054,NaN,NaN
2011,13,liuzzi,Vitantonio Liuzzi,hrt,HRT,23,24,1:28.231,NaN,NaN
2011,14,vettel,Sebastian Vettel,red_bull,Red Bull,1,1,1:46.397,1:44.931,1:44.381
2011,14,webber,Mark Webber,red_bull,Red Bull,2,2,1:47.332,1:45.651,1:44.732
2011,14,button,Jenson Button,mclaren,McLaren,4,3,1:46.956,1:45.472,1:44.804
2011,14,hamilton,Lewis Hamilton,mclaren,McLaren,3,4,1:47.014,1:46.829,1:44.809
2011,14,alonso,Fernando Alonso,ferrari,Ferrari,5,5,1:47.054,1:45.779,1:44.874
2011,14,massa,Felipe Massa,ferrari,Ferrari,6,6,1:47.945,1:45.955,1:45.800
2011,14,rosberg,Nico Rosberg,mercedes,Mercedes,8,7,1:47.688,1:46.405,1:46.013
2011,14,michael_schumacher,Michael Schumacher,mercedes,Mercedes,7,8,1:48.819,1:46.043,NaN
2011,14,sutil,Adrian Sutil,force_india,Force India,14,9,1:47.952,1:47.093,NaN
2011,14,resta,Paul di Resta,force_india,Force India,15,10,1:48.022,1:47.486,NaN
2011,14,perez,Sergio Pérez,sauber,Sauber,17,11,1:47.717,1:47.616,NaN
2011,14,barrichello,Rubens Barrichello,williams,Williams,11,12,1:48.061,1:48.082,NaN
2011,14,maldonado,Pastor Maldonado,williams,Williams,12,13,1:49.710,1:48.270,NaN
2011,14,buemi,Sébastien Buemi,toro_rosso,Toro Rosso,18,14,1:48.753,1:48.634,NaN
2011,14,bruno_senna,Bruno Senna,renault,Renault,9,15,1:48.861,1:48.662,NaN
2011,14,alguersuari,Jaime Alguersuari,toro_rosso,Toro Rosso,19,16,1:49.588,1:49.862,NaN
2011,14,kobayashi,Kamui Kobayashi,sauber,Sauber,16,17,1:48.054,NaN,NaN
2011,14,petrov,Vitaly Petrov,renault,Renault,10,18,1:49.835,NaN,NaN
2011,14,kovalainen,Heikki Kovalainen,lotus_racing,Lotus,20,19,1:50.948,NaN,NaN
2011,14,trulli,Jarno Trulli,lotus_racing,Lotus,21,20,1:51.012,NaN,NaN
2011,14,glock,Timo Glock,virgin,Virgin,24,21,1:52.154,NaN,NaN
2011,14,ambrosio,Jérôme d'Ambrosio,virgin,Virgin,25,22,1:52.363,NaN,NaN
2011,14,ricciardo,Daniel Ricciardo,hrt,HRT,22,23,1:52.404,NaN,NaN
2011,14,liuzzi,Vitantonio Liuzzi,hrt,HRT,23,24,1:52.810,NaN,NaN
2011,15,vettel,Sebastian Vettel,red_bull,Red Bull,1,1,1:33.051,1:31.424,1:30.466
2011,15,button,Jenson Button,mclaren,McLaren,4,2,1:32.947,1:31.434,1:30.475
2011,15,hamilton,Lewis Hamilton,mclaren,McLaren,3,3,1:32.843,1:31.139,1:30.617
2011,15,massa,Felipe Massa,ferrari,Ferrari,6,4,1:33.235,1:31.909,1:30.804
2011,15,alonso,Fernando Alonso,ferrari,Ferrari,5,5,1:32.817,1:31.612,1:30.886
2011,15,webber,Mark Webber,red_bull,Red Bull,2,6,1:33.135,1:31.576,1:31.156
2011,15,michael_schumacher,Michael Schumacher,mercedes,Mercedes,7,7,1:33.748,1:32.116,NaN
2011,15,bruno_senna,Bruno Senna,renault,Renault,9,8,1:33.359,1:32.297,NaN
2011,15,petrov,Vitaly Petrov,renault,Renault,10,9,1:32.877,1:32.245,NaN
2011,15,kobayashi,Kamui Kobayashi,sauber,Sauber,16,10,1:32.626,1:32.380,NaN
2011,15,sutil,Adrian Sutil,force_india,Force India,14,11,1:32.761,1:32.463,NaN
2011,15,resta,Paul di Resta,force_india,Force India,15,12,1:33.499,1:32.746,NaN
2011,15,barrichello,Rubens Barrichello,williams,Williams,11,13,1:33.921,1:33.079,NaN
2011,15,maldonado,Pastor Maldonado,williams,Williams,12,14,1:33.781,1:33.224,NaN
2011,15,buemi,Sébastien Buemi,toro_rosso,Toro Rosso,18,15,1:33.064,1:33.227,NaN
2011,15,alguersuari,Jaime Alguersuari,toro_rosso,Toro Rosso,19,16,1:35.111,1:33.427,NaN
2011,15,perez,Sergio Pérez,sauber,Sauber,17,17,1:34.704,NaN,NaN
2011,15,kovalainen,Heikki Kovalainen,lotus_racing,Lotus,20,18,1:35.454,NaN,NaN
2011,15,trulli,Jarno Trulli,lotus_racing,Lotus,21,19,1:35.514,NaN,NaN
2011,15,ambrosio,Jérôme d'Ambrosio,virgin,Virgin,25,20,1:36.439,NaN,NaN
2011,15,glock,Timo Glock,virgin,Virgin,24,21,1:36.507,NaN,NaN
2011,15,ricciardo,Daniel Ricciardo,hrt,HRT,22,22,1:37.846,NaN,NaN
2011,15,rosberg,Nico Rosberg,mercedes,Mercedes,8,23,,NaN,NaN
2011,15,liuzzi,Vitantonio Liuzzi,hrt,HRT,23,24,,NaN,NaN
2011,16,hamilton,Lewis Hamilton,mclaren,McLaren,3,1,1:37.525,1:36.526,1:35.820
2011,16,vettel,Sebastian Vettel,red_bull,Red Bull,1,2,1:39.093,1:37.285,1:36.042
2011,16,button,Jenson Button,mclaren,McLaren,4,3,1:37.929,1:37.302,1:36.126
2011,16,webber,Mark Webber,red_bull,Red Bull,2,4,1:39.071,1:37.292,1:36.468
2011,16,massa,Felipe Massa,ferrari,Ferrari,6,5,1:38.670,1:37.313,1:36.831
2011,16,alonso,Fernando Alonso,ferrari,Ferrari,5,6,1:38.393,1:37.352,1:36.980
2011,16,rosberg,Nico Rosberg,mercedes,Mercedes,8,7,1:38.426,1:37.892,1:37.754
2011,16,petrov,Vitaly Petrov,renault,Renault,10,8,1:38.378,1:38.186,1:38.124
2011,16,resta,Paul di Resta,force_india,Force India,15,9,1:38.549,1:38.254,NaN
2011,16,sutil,Adrian Sutil,force_india,Force India,14,10,1:38.789,1:38.219,NaN
2011,16,alguersuari,Jaime Alguersuari,toro_rosso,Toro Rosso,19,11,1:39.392,1:38.315,NaN
2011,16,michael_schumacher,Michael Schumacher,mercedes,Mercedes,7,12,1:38.502,1:38.354,NaN
2011,16,buemi,Sébastien Buemi,toro_rosso,Toro Rosso,18,13,1:39.352,1:38.508,NaN
2011,16,kobayashi,Kamui Kobayashi,sauber,Sauber,16,14,1:39.464,1:38.775,NaN
2011,16,bruno_senna,Bruno Senna,renault,Renault,9,15,1:39.316,1:38.791,NaN
2011,16,maldonado,Pastor Maldonado,williams,Williams,12,16,1:39.436,1:39.189,NaN
2011,16,perez,Sergio Pérez,sauber,Sauber,17,17,1:39.097,1:39.443,NaN
2011,16,barrichello,Rubens Barrichello,williams,Williams,11,18,1:39.538,NaN,NaN
2011,16,kovalainen,Heikki Kovalainen,lotus_racing,Lotus,20,19,1:40.522,NaN,NaN
2011,16,trulli,Jarno Trulli,lotus_racing,Lotus,21,20,1:41.101,NaN,NaN
2011,16,glock,Timo Glock,virgin,Virgin,24,21,1:42.091,NaN,NaN
2011,16,ambrosio,Jérôme d'Ambrosio,virgin,Virgin,25,22,1:43.483,NaN,NaN
2011,16,liuzzi,Vitantonio Liuzzi,hrt,HRT,23,23,1:43.758,NaN,NaN
2011,16,ricciardo,Daniel Ricciardo,hrt,HRT,22,24,,NaN,NaN
2011,17,vettel,Sebastian Vettel,red_bull,Red Bull,1,1,1:26.218,1:24.657,1:24.178
2011,17,hamilton,Lewis Hamilton,mclaren,McLaren,3,2,1:26.563,1:25.019,1:24.474
2011,17,webber,Mark Webber,red_bull,Red Bull,2,3,1:26.473,1:25.282,1:24.508
2011,17,alonso,Fernando Alonso,ferrari,Ferrari,5,4,1:26.774,1:25.158,1:24.519
2011,17,button,Jenson Button,mclaren,McLaren,4,5,1:26.225,1:25.299,1:24.950
2011,17,massa,Felipe Massa,ferrari,Ferrari,6,6,1:27.012,1:25.522,1:25.122
2011,17,rosberg,Nico Rosberg,mercedes,Mercedes,8,7,1:26.364,1:25.555,1:25.451
2011,17,sutil,Adrian Sutil,force_india,Force India,14,8,1:26.271,1:26.140,NaN
2011,17,buemi,Sébastien Buemi,toro_rosso,Toro Rosso,18,9,1:26.608,1:26.161,NaN
2011,17,alguersuari,Jaime Alguersuari,toro_rosso,Toro Rosso,19,10,1:26.557,1:26.319,NaN
2011,17,petrov,Vitaly Petrov,renault,Renault,10,11,1:26.189,1:26.319,NaN
2011,17,michael_schumacher,Michael Schumacher,mercedes,Mercedes,7,12,1:26.790,1:26.337,NaN
2011,17,resta,Paul di Resta,force_india,Force India,15,13,1:26.864,1:26.503,NaN
2011,17,maldonado,Pastor Maldonado,williams,Williams,12,14,1:26.829,1:26.537,NaN
2011,17,bruno_senna,Bruno Senna,renault,Renault,9,15,1:26.766,1:26.651,NaN
2011,17,barrichello,Rubens Barrichello,williams,Williams,11,16,1:27.479,1:27.247,NaN
2011,17,perez,Sergio Pérez,sauber,Sauber,17,17,1:27.249,1:27.562,NaN
2011,17,kobayashi,Kamui Kobayashi,sauber,Sauber,16,18,1:27.876,NaN,NaN
2011,17,kovalainen,Heikki Kovalainen,lotus_racing,Lotus,20,19,1:28.565,NaN,NaN
2011,17,trulli,Jarno Trulli,lotus_racing,Lotus,21,20,1:28.752,NaN,NaN
2011,17,ricciardo,Daniel Ricciardo,hrt,HRT,23,21,1:30.216,NaN,NaN
2011,17,karthikeyan,Narain Karthikeyan,hrt,HRT,22,22,1:30.238,NaN,NaN
2011,17,ambrosio,Jérôme d'Ambrosio,virgin,Virgin,25,23,1:30.866,NaN,NaN
2011,17,glock,Timo Glock,virgin,Virgin,24,24,1:34.046,NaN,NaN
2011,18,vettel,Sebastian Vettel,red_bull,Red Bull,1,1,1:40.478,1:38.516,1:38.481
2011,18,hamilton,Lewis Hamilton,mclaren,McLaren,3,2,1:39.782,1:38.434,1:38.622
2011,18,button,Jenson Button,mclaren,McLaren,4,3,1:40.227,1:39.097,1:38.631
2011,18,webber,Mark Webber,red_bull,Red Bull,2,4,1:40.167,1:38.821,1:38.858
2011,18,alonso,Fernando Alonso,ferrari,Ferrari,5,5,1:41.380,1:39.058,1:39.058
2011,18,massa,Felipe Massa,ferrari,Ferrari,6,6,1:41.592,1:39.623,1:39.695
2011,18,rosberg,Nico Rosberg,mercedes,Mercedes,8,7,1:41.120,1:39.420,1:39.773
2011,18,michael_schumacher,Michael Schumacher,mercedes,Mercedes,7,8,1:42.605,1:40.554,1:40.662
2011,18,sutil,Adrian Sutil,force_india,Force India,14,9,1:40.595,1:40.205,1:40.768
2011,18,resta,Paul di Resta,force_india,Force India,15,10,1:41.064,1:40.414,NaN
2011,18,perez,Sergio Pérez,sauber,Sauber,17,11,1:41.311,1:40.874,NaN
2011,18,petrov,Vitaly Petrov,renault,Renault,10,12,1:40.955,1:40.919,NaN
2011,18,buemi,Sébastien Buemi,toro_rosso,Toro Rosso,18,13,1:41.737,1:41.009,NaN
2011,18,bruno_senna,Bruno Senna,renault,Renault,9,14,1:41.391,1:41.079,NaN
2011,18,alguersuari,Jaime Alguersuari,toro_rosso,Toro Rosso,19,15,1:41.386,1:41.162,NaN
2011,18,kobayashi,Kamui Kobayashi,sauber,Sauber,16,16,1:41.613,1:41.240,NaN
2011,18,maldonado,Pastor Maldonado,williams,Williams,12,17,1:42.258,1:41.760,NaN
2011,18,kovalainen,Heikki Kovalainen,lotus_racing,Lotus,20,18,1:42.979,NaN,NaN
2011,18,trulli,Jarno Trulli,lotus_racing,Lotus,21,19,1:43.884,NaN,NaN
2011,18,glock,Timo Glock,virgin,Virgin,24,20,1:44.515,NaN,NaN
2011,18,ricciardo,Daniel Ricciardo,hrt,HRT,22,21,1:44.641,NaN,NaN
2011,18,ambrosio,Jérôme d'Ambrosio,virgin,Virgin,25,22,1:44.699,NaN,NaN
2011,18,liuzzi,Vitantonio Liuzzi,hrt,HRT,23,23,1:45.159,NaN,NaN
2011,19,vettel,Sebastian Vettel,red_bull,Red Bull,1,1,1:13.664,1:12.446,1:11.918
2011,19,webber,Mark Webber,red_bull,Red Bull,2,2,1:13.467,1:12.658,1:12.099
2011,19,button,Jenson Button,mclaren,McLaren,4,3,1:13.281,1:12.820,1:12.283
2011,19,hamilton,Lewis Hamilton,mclaren,McLaren,3,4,1:13.361,1:12.811,1:12.480
2011,19,alonso,Fernando Alonso,ferrari,Ferrari,5,5,1:13.969,1:12.870,1:12.591
2011,19,rosberg,Nico Rosberg,mercedes,Mercedes,8,6,1:14.083,1:12.569,1:13.050
2011,19,massa,Felipe Massa,ferrari,Ferrari,6,7,1:14.269,1:13.291,1:13.068
2011,19,sutil,Adrian Sutil,force_india,Force India,14,8,1:13.480,1:13.261,1:13.298
2011,19,bruno_senna,Bruno Senna,renault,Renault,9,9,1:14.453,1:13.300,1:13.761
2011,19,michael_schumacher,Michael Schumacher,mercedes,Mercedes,7,10,1:13.694,1:13.571,NaN
2011,19,resta,Paul di Resta,force_india,Force India,15,11,1:13.733,1:13.584,NaN
2011,19,barrichello,Rubens Barrichello,williams,Williams,11,12,1:14.117,1:13.801,NaN
2011,19,alguersuari,Jaime Alguersuari,toro_rosso,Toro Rosso,19,13,1:14.225,1:13.804,NaN
2011,19,buemi,Sébastien Buemi,toro_rosso,Toro Rosso,18,14,1:14.500,1:13.919,NaN
2011,19,petrov,Vitaly Petrov,renault,Renault,10,15,1:13.859,1:14.053,NaN
2011,19,kobayashi,Kamui Kobayashi,sauber,Sauber,16,16,1:14.571,1:14.129,NaN
2011,19,perez,Sergio Pérez,sauber,Sauber,17,17,1:14.430,1:14.182,NaN
2011,19,maldonado,Pastor Maldonado,williams,Williams,12,18,1:14.625,NaN,NaN
2011,19,kovalainen,Heikki Kovalainen,lotus_racing,Lotus,20,19,1:15.068,NaN,NaN
2011,19,trulli,Jarno Trulli,lotus_racing,Lotus,21,20,1:15.358,NaN,NaN
2011,19,liuzzi,Vitantonio Liuzzi,hrt,HRT,23,21,1:16.631,NaN,NaN
2011,19,ricciardo,Daniel Ricciardo,hrt,HRT,22,22,1:16.890,NaN,NaN
2011,19,ambrosio,Jérôme d'Ambrosio,virgin,Virgin,25,23,1:17.019,NaN,NaN
2011,19,glock,Timo Glock,virgin,Virgin,24,24,1:17.060,NaN,NaN
2012,1,hamilton,Lewis Hamilton,mclaren,McLaren,4,1,1:26.800,1:25.626,1:24.922
2012,1,button,Jenson Button,mclaren,McLaren,3,2,1:26.832,1:25.663,1:25.074
2012,1,grosjean,Romain Grosjean,lotus_f1,Lotus F1,10,3,1:26.498,1:25.845,1:25.302
2012,1,michael_schumacher,Michael Schumacher,mercedes,Mercedes,7,4,1:26.586,1:25.571,1:25.336
2012,1,webber,Mark Webber,red_bull,Red Bull,2,5,1:27.117,1:26.597,1:25.651
2012,1,vettel,Sebastian Vettel,red_bull,Red Bull,1,6,1:26.773,1:25.982,1:25.668
2012,1,rosberg,Nico Rosberg,mercedes,Mercedes,8,7,1:26.763,1:25.469,1:25.686
2012,1,maldonado,Pastor Maldonado,williams,Williams,18,8,1:26.803,1:26.206,1:25.908
2012,1,hulkenberg,Nico Hülkenberg,force_india,Force India,12,9,1:27.464,1:26.314,1:26.451
2012,1,ricciardo,Daniel Ricciardo,toro_rosso,Toro Rosso,16,10,1:27.024,1:26.319,NaN
2012,1,vergne,Jean-Éric Vergne,toro_rosso,Toro Rosso,17,11,1:26.493,1:26.429,NaN
2012,1,alonso,Fernando Alonso,ferrari,Ferrari,5,12,1:26.688,1:26.494,NaN
2012,1,kobayashi,Kamui Kobayashi,sauber,Sauber,14,13,1:26.182,1:26.590,NaN
2012,1,bruno_senna,Bruno Senna,williams,Williams,19,14,1:27.004,1:26.663,NaN
2012,1,resta,Paul di Resta,force_india,Force India,11,15,1:27.469,1:27.086,NaN
2012,1,massa,Felipe Massa,ferrari,Ferrari,6,16,1:27.633,1:27.497,NaN
2012,1,perez,Sergio Pérez,sauber,Sauber,15,17,1:26.596,NaN,NaN
2012,1,raikkonen,Kimi Räikkönen,lotus_f1,Lotus F1,9,18,1:27.758,NaN,NaN
2012,1,kovalainen,Heikki Kovalainen,caterham,Caterham,20,19,1:28.679,NaN,NaN
2012,1,petrov,Vitaly Petrov,caterham,Caterham,21,20,1:29.018,NaN,NaN
2012,1,glock,Timo Glock,marussia,Marussia,24,21,1:30.923,NaN,NaN
2012,1,pic,Charles Pic,marussia,Marussia,25,22,1:31.670,NaN,NaN
2012,1,rosa,Pedro de la Rosa,hrt,HRT,22,23,1:33.495,NaN,NaN
2012,1,karthikeyan,Narain Karthikeyan,hrt,HRT,23,24,1:33.643,NaN,NaN
2012,2,hamilton,Lewis Hamilton,mclaren,McLaren,4,1,1:37.813,1:37.106,1:36.219
2012,2,button,Jenson Button,mclaren,McLaren,3,2,1:37.575,1:36.928,1:36.368
2012,2,michael_schumacher,Michael Schumacher,mercedes,Mercedes,7,3,1:37.517,1:37.017,1:36.391
2012,2,webber,Mark Webber,red_bull,Red Bull,2,4,1:37.172,1:37.375,1:36.461
2012,2,raikkonen,Kimi Räikkönen,lotus_f1,Lotus F1,9,5,1:37.961,1:36.715,1:36.461
2012,2,vettel,Sebastian Vettel,red_bull,Red Bull,1,6,1:38.102,1:37.419,1:36.634
2012,2,grosjean,Romain Grosjean,lotus_f1,Lotus F1,10,7,1:38.058,1:37.338,1:36.658
2012,2,rosberg,Nico Rosberg,mercedes,Mercedes,8,8,1:37.696,1:36.996,1:36.664
2012,2,alonso,Fernando Alonso,ferrari,Ferrari,5,9,1:38.151,1:37.379,1:37.566
2012,2,perez,Sergio Pérez,sauber,Sauber,15,10,1:37.933,1:37.477,1:37.698
2012,2,maldonado,Pastor Maldonado,williams,Williams,18,11,1:37.789,1:37.589,NaN
2012,2,massa,Felipe Massa,ferrari,Ferrari,6,12,1:38.381,1:37.731,NaN
2012,2,bruno_senna,Bruno Senna,williams,Williams,19,13,1:38.437,1:37.841,NaN
2012,2,resta,Paul di Resta,force_india,Force India,11,14,1:38.325,1:37.877,NaN
2012,2,ricciardo,Daniel Ricciardo,toro_rosso,Toro Rosso,16,15,1:38.419,1:37.883,NaN
2012,2,hulkenberg,Nico Hülkenberg,force_india,Force India,12,16,1:38.303,1:37.890,NaN
2012,2,kobayashi,Kamui Kobayashi,sauber,Sauber,14,17,1:38.372,1:38.069,NaN
2012,2,vergne,Jean-Éric Vergne,toro_rosso,Toro Rosso,17,18,1:39.077,NaN,NaN
2012,2,kovalainen,Heikki Kovalainen,caterham,Caterham,20,19,1:39.306,NaN,NaN
2012,2,petrov,Vitaly Petrov,caterham,Caterham,21,20,1:39.567,NaN,NaN
2012,2,glock,Timo Glock,marussia,Marussia,24,21,1:40.903,NaN,NaN
2012,2,pic,Charles Pic,marussia,Marussia,25,22,1:41.250,NaN,NaN
2012,2,rosa,Pedro de la Rosa,hrt,HRT,22,23,1:42.914,NaN,NaN
2012,2,karthikeyan,Narain Karthikeyan,hrt,HRT,23,24,1:43.655,NaN,NaN
2012,3,rosberg,Nico Rosberg,mercedes,Mercedes,8,1,1:36.875,1:35.725,1:35.121
2012,3,hamilton,Lewis Hamilton,mclaren,McLaren,4,2,1:36.763,1:35.902,1:35.626
2012,3,michael_schumacher,Michael Schumacher,mercedes,Mercedes,7,3,1:36.797,1:35.794,1:35.691
2012,3,kobayashi,Kamui Kobayashi,sauber,Sauber,14,4,1:36.863,1:35.853,1:35.784
2012,3,raikkonen,Kimi Räikkönen,lotus_f1,Lotus F1,9,5,1:36.850,1:35.921,1:35.898
2012,3,button,Jenson Button,mclaren,McLaren,3,6,1:36.746,1:35.942,1:36.191
2012,3,webber,Mark Webber,red_bull,Red Bull,2,7,1:36.682,1:35.700,1:36.290
2012,3,perez,Sergio Pérez,sauber,Sauber,15,8,1:36.198,1:35.831,1:36.524
2012,3,alonso,Fernando Alonso,ferrari,Ferrari,5,9,1:36.292,1:35.982,1:36.622
2012,3,grosjean,Romain Grosjean,lotus_f1,Lotus F1,10,10,1:36.343,1:35.903,NaN
2012,3,vettel,Sebastian Vettel,red_bull,Red Bull,1,11,1:36.911,1:36.031,NaN
2012,3,massa,Felipe Massa,ferrari,Ferrari,6,12,1:36.556,1:36.255,NaN
2012,3,maldonado,Pastor Maldonado,williams,Williams,18,13,1:36.528,1:36.283,NaN
2012,3,bruno_senna,Bruno Senna,williams,Williams,19,14,1:36.674,1:36.289,NaN
2012,3,resta,Paul di Resta,force_india,Force India,11,15,1:36.639,1:36.317,NaN
2012,3,hulkenberg,Nico Hülkenberg,force_india,Force India,12,16,1:36.921,1:36.745,NaN
2012,3,ricciardo,Daniel Ricciardo,toro_rosso,Toro Rosso,16,17,1:36.933,1:36.956,NaN
2012,3,vergne,Jean-Éric Vergne,toro_rosso,Toro Rosso,17,18,1:37.714,NaN,NaN
2012,3,kovalainen,Heikki Kovalainen,caterham,Caterham,20,19,1:38.463,NaN,NaN
2012,3,petrov,Vitaly Petrov,caterham,Caterham,21,20,1:38.677,NaN,NaN
2012,3,glock,Timo Glock,marussia,Marussia,24,21,1:39.282,NaN,NaN
2012,3,pic,Charles Pic,marussia,Marussia,25,22,1:39.717,NaN,NaN
2012,3,rosa,Pedro de la Rosa,hrt,HRT,22,23,1:40.411,NaN,NaN
2012,3,karthikeyan,Narain Karthikeyan,hrt,HRT,23,24,1:41.000,NaN,NaN
2012,4,vettel,Sebastian Vettel,red_bull,Red Bull,1,1,1:34.308,1:33.527,1:32.422
2012,4,hamilton,Lewis Hamilton,mclaren,McLaren,4,2,1:34.813,1:33.209,1:32.520
2012,4,webber,Mark Webber,red_bull,Red Bull,2,3,1:34.015,1:33.311,1:32.637
2012,4,button,Jenson Button,mclaren,McLaren,3,4,1:34.792,1:33.416,1:32.711
2012,4,rosberg,Nico Rosberg,mercedes,Mercedes,8,5,1:34.588,1:33.219,1:32.821
2012,4,ricciardo,Daniel Ricciardo,toro_rosso,Toro Rosso,16,6,1:33.988,1:33.556,1:32.912
2012,4,grosjean,Romain Grosjean,lotus_f1,Lotus F1,10,7,1:34.041,1:33.246,1:33.008
2012,4,perez,Sergio Pérez,sauber,Sauber,15,8,1:33.814,1:33.660,1:33.394
2012,4,alonso,Fernando Alonso,ferrari,Ferrari,5,9,1:34.760,1:33.403,NaN
2012,4,resta,Paul di Resta,force_india,Force India,11,10,1:36.624,1:33.510,NaN
2012,4,raikkonen,Kimi Räikkönen,lotus_f1,Lotus F1,9,11,1:34.552,1:33.789,NaN
2012,4,kobayashi,Kamui Kobayashi,sauber,Sauber,14,12,1:34.131,1:33.806,NaN
2012,4,hulkenberg,Nico Hülkenberg,force_india,Force India,12,13,1:34.601,1:33.807,NaN
2012,4,massa,Felipe Massa,ferrari,Ferrari,6,14,1:34.372,1:33.912,NaN
2012,4,bruno_senna,Bruno Senna,williams,Williams,19,15,1:34.466,1:34.017,NaN
2012,4,kovalainen,Heikki Kovalainen,caterham,Caterham,20,16,1:34.852,1:36.132,NaN
2012,4,maldonado,Pastor Maldonado,williams,Williams,18,17,1:34.639,NaN,NaN
2012,4,michael_schumacher,Michael Schumacher,mercedes,Mercedes,7,18,1:34.865,NaN,NaN
2012,4,vergne,Jean-Éric Vergne,toro_rosso,Toro Rosso,17,19,1:35.014,NaN,NaN
2012,4,petrov,Vitaly Petrov,caterham,Caterham,21,20,1:35.823,NaN,NaN
2012,4,pic,Charles Pic,marussia,Marussia,25,21,1:37.683,NaN,NaN
2012,4,rosa,Pedro de la Rosa,hrt,HRT,22,22,1:37.883,NaN,NaN
2012,4,glock,Timo Glock,marussia,Marussia,24,23,1:37.905,NaN,NaN
2012,4,karthikeyan,Narain Karthikeyan,hrt,HRT,23,24,1:38.314,NaN,NaN
2012,5,hamilton,Lewis Hamilton,mclaren,McLaren,4,1,1:22.583,1:22.465,1:21.707
2012,5,maldonado,Pastor Maldonado,williams,Williams,18,2,1:23.380,1:22.105,1:22.285
2012,5,alonso,Fernando Alonso,ferrari,Ferrari,5,3,1:23.276,1:22.862,1:22.302
2012,5,grosjean,Romain Grosjean,lotus_f1,Lotus F1,10,4,1:23.248,1:22.667,1:22.424
2012,5,raikkonen,Kimi Räikkönen,lotus_f1,Lotus F1,9,5,1:23.406,1:22.856,1:22.487
2012,5,perez,Sergio Pérez,sauber,Sauber,15,6,1:24.261,1:22.773,1:22.533
2012,5,rosberg,Nico Rosberg,mercedes,Mercedes,8,7,1:23.370,1:22.882,1:23.005
2012,5,vettel,Sebastian Vettel,red_bull,Red Bull,1,8,1:23.850,1:22.884,NaN
2012,5,michael_schumacher,Michael Schumacher,mercedes,Mercedes,7,9,1:23.757,1:22.904,NaN
2012,5,kobayashi,Kamui Kobayashi,sauber,Sauber,14,10,1:23.386,1:22.897,NaN
2012,5,button,Jenson Button,mclaren,McLaren,3,11,1:23.510,1:22.944,NaN
2012,5,webber,Mark Webber,red_bull,Red Bull,2,12,1:23.592,1:22.977,NaN
2012,5,resta,Paul di Resta,force_india,Force India,11,13,1:23.852,1:23.125,NaN
2012,5,hulkenberg,Nico Hülkenberg,force_india,Force India,12,14,1:23.720,1:23.177,NaN
2012,5,vergne,Jean-Éric Vergne,toro_rosso,Toro Rosso,17,15,1:24.362,1:23.265,NaN
2012,5,ricciardo,Daniel Ricciardo,toro_rosso,Toro Rosso,16,16,1:23.906,1:23.442,NaN
2012,5,massa,Felipe Massa,ferrari,Ferrari,6,17,1:23.886,1:23.444,NaN
2012,5,bruno_senna,Bruno Senna,williams,Williams,19,18,1:24.981,NaN,NaN
2012,5,petrov,Vitaly Petrov,caterham,Caterham,21,19,1:25.277,NaN,NaN
2012,5,kovalainen,Heikki Kovalainen,caterham,Caterham,20,20,1:25.507,NaN,NaN
2012,5,pic,Charles Pic,marussia,Marussia,25,21,1:26.582,NaN,NaN
2012,5,glock,Timo Glock,marussia,Marussia,24,22,1:27.032,NaN,NaN
2012,5,rosa,Pedro de la Rosa,hrt,HRT,22,23,1:27.555,NaN,NaN
2012,5,karthikeyan,Narain Karthikeyan,hrt,HRT,23,24,1:31.122,NaN,NaN
2012,6,michael_schumacher,Michael Schumacher,mercedes,Mercedes,7,1,1:15.873,1:15.062,1:14.301
2012,6,webber,Mark Webber,red_bull,Red Bull,2,2,1:16.013,1:15.035,1:14.381
2012,6,rosberg,Nico Rosberg,mercedes,Mercedes,8,3,1:15.900,1:15.022,1:14.448
2012,6,hamilton,Lewis Hamilton,mclaren,McLaren,4,4,1:16.063,1:15.166,1:14.583
2012,6,grosjean,Romain Grosjean,lotus_f1,Lotus F1,10,5,1:15.718,1:15.219,1:14.639
2012,6,alonso,Fernando Alonso,ferrari,Ferrari,5,6,1:16.153,1:15.128,1:14.948
2012,6,massa,Felipe Massa,ferrari,Ferrari,6,7,1:15.983,1:14.911,1:15.049
2012,6,raikkonen,Kimi Räikkönen,lotus_f1,Lotus F1,9,8,1:15.889,1:15.322,1:15.199
2012,6,maldonado,Pastor Maldonado,williams,Williams,18,9,1:16.017,1:15.026,1:15.245
2012,6,vettel,Sebastian Vettel,red_bull,Red Bull,1,10,1:15.757,1:15.234,NaN
2012,6,hulkenberg,Nico Hülkenberg,force_india,Force India,12,11,1:15.418,1:15.421,NaN
2012,6,kobayashi,Kamui Kobayashi,sauber,Sauber,14,12,1:15.648,1:15.508,NaN
2012,6,button,Jenson Button,mclaren,McLaren,3,13,1:16.399,1:15.536,NaN
2012,6,bruno_senna,Bruno Senna,williams,Williams,19,14,1:15.923,1:15.709,NaN
2012,6,resta,Paul di Resta,force_india,Force India,11,15,1:16.062,1:15.718,NaN
2012,6,ricciardo,Daniel Ricciardo,toro_rosso,Toro Rosso,16,16,1:16.360,1:15.878,NaN
2012,6,vergne,Jean-Éric Vergne,toro_rosso,Toro Rosso,17,17,1:16.491,1:16.885,NaN
2012,6,kovalainen,Heikki Kovalainen,caterham,Caterham,20,18,1:16.538,NaN,NaN
2012,6,petrov,Vitaly Petrov,caterham,Caterham,21,19,1:17.404,NaN,NaN
2012,6,glock,Timo Glock,marussia,Marussia,24,20,1:17.947,NaN,NaN
2012,6,rosa,Pedro de la Rosa,hrt,HRT,22,21,1:18.096,NaN,NaN
2012,6,pic,Charles Pic,marussia,Marussia,25,22,1:18.476,NaN,NaN
2012,6,karthikeyan,Narain Karthikeyan,hrt,HRT,23,23,1:19.310,NaN,NaN
2012,7,vettel,Sebastian Vettel,red_bull,Red Bull,1,1,1:14.661,1:14.187,1:13.784
2012,7,hamilton,Lewis Hamilton,mclaren,McLaren,4,2,1:14.891,1:14.371,1:14.087
2012,7,alonso,Fernando Alonso,ferrari,Ferrari,5,3,1:14.916,1:14.314,1:14.151
2012,7,webber,Mark Webber,red_bull,Red Bull,2,4,1:14.956,1:14.479,1:14.346
2012,7,rosberg,Nico Rosberg,mercedes,Mercedes,8,5,1:15.098,1:14.568,1:14.411
2012,7,massa,Felipe Massa,ferrari,Ferrari,6,6,1:15.194,1:14.641,1:14.465
2012,7,grosjean,Romain Grosjean,lotus_f1,Lotus F1,10,7,1:15.163,1:14.627,1:14.645
2012,7,resta,Paul di Resta,force_india,Force India,11,8,1:15.019,1:14.639,1:14.705
2012,7,michael_schumacher,Michael Schumacher,mercedes,Mercedes,7,9,1:14.892,1:14.480,1:14.812
2012,7,button,Jenson Button,mclaren,McLaren,3,10,1:14.799,1:14.680,1:15.182
2012,7,kobayashi,Kamui Kobayashi,sauber,Sauber,14,11,1:15.101,1:14.688,NaN
2012,7,raikkonen,Kimi Räikkönen,lotus_f1,Lotus F1,9,12,1:14.995,1:14.734,NaN
2012,7,hulkenberg,Nico Hülkenberg,force_india,Force India,12,13,1:15.106,1:14.748,NaN
2012,7,ricciardo,Daniel Ricciardo,toro_rosso,Toro Rosso,16,14,1:15.552,1:15.078,NaN
2012,7,perez,Sergio Pérez,sauber,Sauber,15,15,1:15.326,1:15.156,NaN
2012,7,bruno_senna,Bruno Senna,williams,Williams,19,16,1:14.995,1:15.170,NaN
2012,7,maldonado,Pastor Maldonado,williams,Williams,18,17,1:14.979,1:15.231,NaN
2012,7,kovalainen,Heikki Kovalainen,caterham,Caterham,20,18,1:16.263,NaN,NaN
2012,7,petrov,Vitaly Petrov,caterham,Caterham,21,19,1:16.482,NaN,NaN
2012,7,vergne,Jean-Éric Vergne,toro_rosso,Toro Rosso,17,20,1:16.602,NaN,NaN
2012,7,rosa,Pedro de la Rosa,hrt,HRT,22,21,1:17.492,NaN,NaN
2012,7,glock,Timo Glock,marussia,Marussia,24,22,1:17.901,NaN,NaN
2012,7,pic,Charles Pic,marussia,Marussia,25,23,1:18.255,NaN,NaN
2012,7,karthikeyan,Narain Karthikeyan,hrt,HRT,23,24,1:18.330,NaN,NaN
2012,8,vettel,Sebastian Vettel,red_bull,Red Bull,1,1,1:39.626,1:38.530,1:38.086
2012,8,hamilton,Lewis Hamilton,mclaren,McLaren,4,2,1:39.169,1:38.616,1:38.410
2012,8,maldonado,Pastor Maldonado,williams,Williams,18,3,1:38.825,1:38.570,1:38.475
2012,8,grosjean,Romain Grosjean,lotus_f1,Lotus F1,10,4,1:39.530,1:38.489,1:38.505
2012,8,raikkonen,Kimi Räikkönen,lotus_f1,Lotus F1,9,5,1:39.464,1:38.531,1:38.513
2012,8,rosberg,Nico Rosberg,mercedes,Mercedes,8,6,1:39.061,1:38.504,1:38.623
2012,8,kobayashi,Kamui Kobayashi,sauber,Sauber,14,7,1:39.651,1:38.703,1:38.741
2012,8,hulkenberg,Nico Hülkenberg,force_india,Force India,12,8,1:39.009,1:38.689,1:38.752
2012,8,button,Jenson Button,mclaren,McLaren,3,9,1:39.622,1:38.563,1:38.801
2012,8,resta,Paul di Resta,force_india,Force India,11,10,1:38.858,1:38.519,1:38.992
2012,8,alonso,Fernando Alonso,ferrari,Ferrari,5,11,1:39.409,1:38.707,NaN
2012,8,michael_schumacher,Michael Schumacher,mercedes,Mercedes,7,12,1:39.447,1:38.770,NaN
2012,8,massa,Felipe Massa,ferrari,Ferrari,6,13,1:39.388,1:38.780,NaN
2012,8,bruno_senna,Bruno Senna,williams,Williams,19,14,1:39.449,1:39.207,NaN
2012,8,perez,Sergio Pérez,sauber,Sauber,15,15,1:39.353,1:39.358,NaN
2012,8,kovalainen,Heikki Kovalainen,caterham,Caterham,20,16,1:40.087,1:40.295,NaN
2012,8,ricciardo,Daniel Ricciardo,toro_rosso,Toro Rosso,16,17,1:39.924,1:40.358,NaN
2012,8,vergne,Jean-Éric Vergne,toro_rosso,Toro Rosso,17,18,1:40.203,NaN,NaN
2012,8,webber,Mark Webber,red_bull,Red Bull,2,19,1:40.395,NaN,NaN
2012,8,petrov,Vitaly Petrov,caterham,Caterham,21,20,1:40.457,NaN,NaN
2012,8,rosa,Pedro de la Rosa,hrt,HRT,22,21,1:42.171,NaN,NaN
2012,8,karthikeyan,Narain Karthikeyan,hrt,HRT,23,22,1:42.527,NaN,NaN
2012,8,pic,Charles Pic,marussia,Marussia,25,23,1:42.675,NaN,NaN
2012,9,alonso,Fernando Alonso,ferrari,Ferrari,5,1,1:46.515,1:56.921,1:51.746
2012,9,webber,Mark Webber,red_bull,Red Bull,2,2,1:47.276,1:55.898,1:51.793
2012,9,michael_schumacher,Michael Schumacher,mercedes,Mercedes,7,3,1:46.571,1:55.799,1:52.020
2012,9,vettel,Sebastian Vettel,red_bull,Red Bull,1,4,1:46.279,1:56.931,1:52.199
2012,9,massa,Felipe Massa,ferrari,Ferrari,6,5,1:47.401,1:56.388,1:53.065
2012,9,raikkonen,Kimi Räikkönen,lotus_f1,Lotus F1,9,6,1:47.309,1:56.469,1:53.290
2012,9,maldonado,Pastor Maldonado,williams,Williams,18,7,1:46.449,1:56.802,1:53.539
2012,9,hamilton,Lewis Hamilton,mclaren,McLaren,4,8,1:47.433,1:54.897,1:53.543
2012,9,hulkenberg,Nico Hülkenberg,force_india,Force India,12,9,1:46.334,1:55.556,1:54.382
2012,9,grosjean,Romain Grosjean,lotus_f1,Lotus F1,10,10,1:47.043,1:56.388,NaN
2012,9,resta,Paul di Resta,force_india,Force India,11,11,1:47.582,1:57.009,NaN
2012,9,kobayashi,Kamui Kobayashi,sauber,Sauber,14,12,1:46.649,1:57.071,NaN
2012,9,rosberg,Nico Rosberg,mercedes,Mercedes,8,13,1:47.724,1:57.108,NaN
2012,9,ricciardo,Daniel Ricciardo,toro_rosso,Toro Rosso,16,14,1:47.266,1:57.132,NaN
2012,9,bruno_senna,Bruno Senna,williams,Williams,19,15,1:47.105,1:57.426,NaN
2012,9,vergne,Jean-Éric Vergne,toro_rosso,Toro Rosso,17,16,1:47.705,1:57.719,NaN
2012,9,perez,Sergio Pérez,sauber,Sauber,15,17,1:46.494,1:57.895,NaN
2012,9,button,Jenson Button,mclaren,McLaren,3,18,1:48.044,NaN,NaN
2012,9,petrov,Vitaly Petrov,caterham,Caterham,21,19,1:49.027,NaN,NaN
2012,9,kovalainen,Heikki Kovalainen,caterham,Caterham,20,20,1:49.477,NaN,NaN
2012,9,glock,Timo Glock,marussia,Marussia,24,21,1:51.618,NaN,NaN
2012,9,rosa,Pedro de la Rosa,hrt,HRT,22,22,1:52.742,NaN,NaN
2012,9,karthikeyan,Narain Karthikeyan,hrt,HRT,23,23,1:53.040,NaN,NaN
2012,9,pic,Charles Pic,marussia,Marussia,25,24,1:54.143,NaN,NaN
2012,10,alonso,Fernando Alonso,ferrari,Ferrari,5,1,1:16.073,1:38.521,1:40.621
2012,10,vettel,Sebastian Vettel,red_bull,Red Bull,1,2,1:16.393,1:38.309,1:41.026
2012,10,webber,Mark Webber,red_bull,Red Bull,2,3,1:16.500,1:39.382,1:41.496
2012,10,michael_schumacher,Michael Schumacher,mercedes,Mercedes,7,4,1:16.686,1:38.010,1:42.459
2012,10,hulkenberg,Nico Hülkenberg,force_india,Force India,12,5,1:16.271,1:39.467,1:43.501
2012,10,maldonado,Pastor Maldonado,williams,Williams,18,6,1:16.181,1:38.731,1:43.950
2012,10,button,Jenson Button,mclaren,McLaren,3,7,1:16.507,1:38.659,1:44.113
2012,10,hamilton,Lewis Hamilton,mclaren,McLaren,4,8,1:16.221,1:37.365,1:44.186
2012,10,resta,Paul di Resta,force_india,Force India,11,9,1:16.352,1:39.703,1:44.889
2012,10,raikkonen,Kimi Räikkönen,lotus_f1,Lotus F1,9,10,1:15.693,1:39.729,1:45.811
2012,10,ricciardo,Daniel Ricciardo,toro_rosso,Toro Rosso,16,11,1:16.516,1:39.789,NaN
2012,10,perez,Sergio Pérez,sauber,Sauber,15,12,1:15.726,1:39.933,NaN
2012,10,kobayashi,Kamui Kobayashi,sauber,Sauber,14,13,1:16.481,1:39.985,NaN
2012,10,massa,Felipe Massa,ferrari,Ferrari,6,14,1:16.265,1:40.212,NaN
2012,10,grosjean,Romain Grosjean,lotus_f1,Lotus F1,10,15,1:16.685,1:40.574,NaN
2012,10,bruno_senna,Bruno Senna,williams,Williams,19,16,1:16.426,1:40.752,NaN
2012,10,rosberg,Nico Rosberg,mercedes,Mercedes,8,17,1:15.988,1:41.551,NaN
2012,10,vergne,Jean-Éric Vergne,toro_rosso,Toro Rosso,17,18,1:16.741,NaN,NaN
2012,10,kovalainen,Heikki Kovalainen,caterham,Caterham,20,19,1:17.620,NaN,NaN
2012,10,petrov,Vitaly Petrov,caterham,Caterham,21,20,1:18.531,NaN,NaN
2012,10,pic,Charles Pic,marussia,Marussia,25,21,1:19.220,NaN,NaN
2012,10,glock,Timo Glock,marussia,Marussia,24,22,1:19.291,NaN,NaN
2012,10,rosa,Pedro de la Rosa,hrt,HRT,22,23,1:19.912,NaN,NaN
2012,10,karthikeyan,Narain Karthikeyan,hrt,HRT,23,24,1:20.230,NaN,NaN
2012,11,hamilton,Lewis Hamilton,mclaren,McLaren,4,1,1:21.794,1:21.060,1:20.953
2012,11,grosjean,Romain Grosjean,lotus_f1,Lotus F1,10,2,1:22.755,1:21.657,1:21.366
2012,11,vettel,Sebastian Vettel,red_bull,Red Bull,1,3,1:22.948,1:21.407,1:21.416
2012,11,button,Jenson Button,mclaren,McLaren,3,4,1:22.028,1:21.618,1:21.583
2012,11,raikkonen,Kimi Räikkönen,lotus_f1,Lotus F1,9,5,1:22.234,1:21.583,1:21.730
2012,11,alonso,Fernando Alonso,ferrari,Ferrari,5,6,1:22.095,1:21.598,1:21.844
2012,11,massa,Felipe Massa,ferrari,Ferrari,6,7,1:22.203,1:21.534,1:21.900
2012,11,maldonado,Pastor Maldonado,williams,Williams,18,8,1:22.475,1:21.504,1:21.939
2012,11,bruno_senna,Bruno Senna,williams,Williams,19,9,1:22.271,1:21.697,1:22.343
2012,11,hulkenberg,Nico Hülkenberg,force_india,Force India,12,10,1:22.176,1:21.653,1:22.847
2012,11,webber,Mark Webber,red_bull,Red Bull,2,11,1:22.829,1:21.715,NaN
2012,11,resta,Paul di Resta,force_india,Force India,11,12,1:21.912,1:21.813,NaN
2012,11,rosberg,Nico Rosberg,mercedes,Mercedes,8,13,1:22.079,1:21.895,NaN
2012,11,perez,Sergio Pérez,sauber,Sauber,15,14,1:22.110,1:21.895,NaN
2012,11,kobayashi,Kamui Kobayashi,sauber,Sauber,14,15,1:22.801,1:22.300,NaN
2012,11,vergne,Jean-Éric Vergne,toro_rosso,Toro Rosso,17,16,1:22.799,1:22.380,NaN
2012,11,michael_schumacher,Michael Schumacher,mercedes,Mercedes,7,17,1:22.436,1:22.723,NaN
2012,11,ricciardo,Daniel Ricciardo,toro_rosso,Toro Rosso,16,18,1:23.250,NaN,NaN
2012,11,kovalainen,Heikki Kovalainen,caterham,Caterham,20,19,1:23.576,NaN,NaN
2012,11,petrov,Vitaly Petrov,caterham,Caterham,21,20,1:24.167,NaN,NaN
2012,11,pic,Charles Pic,marussia,Marussia,25,21,1:25.244,NaN,NaN
2012,11,glock,Timo Glock,marussia,Marussia,24,22,1:25.476,NaN,NaN
2012,11,rosa,Pedro de la Rosa,hrt,HRT,22,23,1:25.916,NaN,NaN
2012,11,karthikeyan,Narain Karthikeyan,hrt,HRT,23,24,1:26.178,NaN,NaN
2012,12,button,Jenson Button,mclaren,McLaren,3,1,1:49.250,1:47.654,1:47.573
2012,12,kobayashi,Kamui Kobayashi,sauber,Sauber,14,2,1:49.686,1:48.569,1:47.871
2012,12,maldonado,Pastor Maldonado,williams,Williams,18,3,1:48.993,1:48.780,1:47.893
2012,12,raikkonen,Kimi Räikkönen,lotus_f1,Lotus F1,9,4,1:49.546,1:48.414,1:48.205
2012,12,perez,Sergio Pérez,sauber,Sauber,15,5,1:49.642,1:47.980,1:48.219
2012,12,alonso,Fernando Alonso,ferrari,Ferrari,5,6,1:49.401,1:48.598,1:48.313
2012,12,webber,Mark Webber,red_bull,Red Bull,2,7,1:49.859,1:48.546,1:48.392
2012,12,hamilton,Lewis Hamilton,mclaren,McLaren,4,8,1:49.605,1:48.563,1:48.394
2012,12,grosjean,Romain Grosjean,lotus_f1,Lotus F1,10,9,1:50.126,1:48.714,1:48.538
2012,12,resta,Paul di Resta,force_india,Force India,11,10,1:50.033,1:48.729,1:48.890
2012,12,vettel,Sebastian Vettel,red_bull,Red Bull,1,11,1:49.722,1:48.792,NaN
2012,12,hulkenberg,Nico Hülkenberg,force_india,Force India,12,12,1:49.362,1:48.855,NaN
2012,12,michael_schumacher,Michael Schumacher,mercedes,Mercedes,7,13,1:49.742,1:49.081,NaN
2012,12,massa,Felipe Massa,ferrari,Ferrari,6,14,1:49.588,1:49.147,NaN
2012,12,vergne,Jean-Éric Vergne,toro_rosso,Toro Rosso,17,15,1:49.763,1:49.354,NaN
2012,12,ricciardo,Daniel Ricciardo,toro_rosso,Toro Rosso,16,16,1:49.572,1:49.543,NaN
2012,12,bruno_senna,Bruno Senna,williams,Williams,19,17,1:49.958,1:50.088,NaN
2012,12,rosberg,Nico Rosberg,mercedes,Mercedes,8,18,1:50.181,NaN,NaN
2012,12,kovalainen,Heikki Kovalainen,caterham,Caterham,20,19,1:51.739,NaN,NaN
2012,12,petrov,Vitaly Petrov,caterham,Caterham,21,20,1:51.967,NaN,NaN
2012,12,glock,Timo Glock,marussia,Marussia,24,21,1:52.336,NaN,NaN
2012,12,rosa,Pedro de la Rosa,hrt,HRT,22,22,1:53.030,NaN,NaN
2012,12,pic,Charles Pic,marussia,Marussia,25,23,1:53.493,NaN,NaN
2012,12,karthikeyan,Narain Karthikeyan,hrt,HRT,23,24,1:54.989,NaN,NaN
2012,13,hamilton,Lewis Hamilton,mclaren,McLaren,4,1,1:24.211,1:24.394,1:24.010
2012,13,button,Jenson Button,mclaren,McLaren,3,2,1:24.672,1:24.255,1:24.133
2012,13,massa,Felipe Massa,ferrari,Ferrari,6,3,1:24.882,1:24.505,1:24.247
2012,13,resta,Paul di Resta,force_india,Force India,11,4,1:24.875,1:24.345,1:24.304
2012,13,michael_schumacher,Michael Schumacher,mercedes,Mercedes,7,5,1:25.302,1:24.675,1:24.540
2012,13,vettel,Sebastian Vettel,red_bull,Red Bull,1,6,1:25.011,1:24.687,1:24.802
2012,13,rosberg,Nico Rosberg,mercedes,Mercedes,8,7,1:24.689,1:24.515,1:24.833
2012,13,raikkonen,Kimi Räikkönen,lotus_f1,Lotus F1,9,8,1:25.151,1:24.742,1:24.855
2012,13,kobayashi,Kamui Kobayashi,sauber,Sauber,14,9,1:25.317,1:24.683,1:25.109
2012,13,alonso,Fernando Alonso,ferrari,Ferrari,5,10,1:24.175,1:24.242,1:25.678
2012,13,webber,Mark Webber,red_bull,Red Bull,2,11,1:25.556,1:24.809,NaN
2012,13,maldonado,Pastor Maldonado,williams,Williams,18,12,1:25.103,1:24.820,NaN
2012,13,perez,Sergio Pérez,sauber,Sauber,15,13,1:25.300,1:24.901,NaN
2012,13,bruno_senna,Bruno Senna,williams,Williams,19,14,1:25.135,1:25.042,NaN
2012,13,ricciardo,Daniel Ricciardo,toro_rosso,Toro Rosso,16,15,1:25.728,1:25.312,NaN
2012,13,ambrosio,Jérôme d'Ambrosio,lotus_f1,Lotus F1,10,16,1:25.834,1:25.408,NaN
2012,13,vergne,Jean-Éric Vergne,toro_rosso,Toro Rosso,17,17,1:25.649,1:25.441,NaN
2012,13,kovalainen,Heikki Kovalainen,caterham,Caterham,20,18,1:26.382,NaN,NaN
2012,13,petrov,Vitaly Petrov,caterham,Caterham,21,19,1:26.887,NaN,NaN
2012,13,glock,Timo Glock,marussia,Marussia,24,20,1:27.039,NaN,NaN
2012,13,pic,Charles Pic,marussia,Marussia,25,21,1:27.073,NaN,NaN
2012,13,karthikeyan,Narain Karthikeyan,hrt,HRT,23,22,1:27.441,NaN,NaN
2012,13,rosa,Pedro de la Rosa,hrt,HRT,22,23,1:27.629,NaN,NaN
2012,14,hamilton,Lewis Hamilton,mclaren,McLaren,4,1,1:48.285,1:46.665,1:46.362
2012,14,maldonado,Pastor Maldonado,williams,Williams,18,2,1:49.494,1:47.602,1:46.804
2012,14,vettel,Sebastian Vettel,red_bull,Red Bull,1,3,1:48.240,1:46.791,1:46.905
2012,14,button,Jenson Button,mclaren,McLaren,3,4,1:49.381,1:47.661,1:46.939
2012,14,alonso,Fernando Alonso,ferrari,Ferrari,5,5,1:49.391,1:47.567,1:47.216
2012,14,resta,Paul di Resta,force_india,Force India,11,6,1:48.028,1:47.667,1:47.241
2012,14,webber,Mark Webber,red_bull,Red Bull,2,7,1:48.717,1:47.513,1:47.475
2012,14,grosjean,Romain Grosjean,lotus_f1,Lotus F1,10,8,1:47.688,1:47.529,1:47.788
2012,14,michael_schumacher,Michael Schumacher,mercedes,Mercedes,7,9,1:49.546,1:47.823,NaN
2012,14,rosberg,Nico Rosberg,mercedes,Mercedes,8,10,1:49.463,1:47.943,NaN
2012,14,hulkenberg,Nico Hülkenberg,force_india,Force India,12,11,1:49.547,1:47.975,NaN
2012,14,raikkonen,Kimi Räikkönen,lotus_f1,Lotus F1,9,12,1:48.169,1:48.261,NaN
2012,14,massa,Felipe Massa,ferrari,Ferrari,6,13,1:49.767,1:48.344,NaN
2012,14,perez,Sergio Pérez,sauber,Sauber,15,14,1:49.055,1:48.505,NaN
2012,14,ricciardo,Daniel Ricciardo,toro_rosso,Toro Rosso,16,15,1:49.023,1:48.774,NaN
2012,14,vergne,Jean-Éric Vergne,toro_rosso,Toro Rosso,17,16,1:49.564,1:48.849,NaN
2012,14,bruno_senna,Bruno Senna,williams,Williams,19,17,1:49.809,NaN,NaN
2012,14,kobayashi,Kamui Kobayashi,sauber,Sauber,14,18,1:49.933,NaN,NaN
2012,14,petrov,Vitaly Petrov,caterham,Caterham,21,19,1:50.846,NaN,NaN
2012,14,kovalainen,Heikki Kovalainen,caterham,Caterham,20,20,1:51.137,NaN,NaN
2012,14,glock,Timo Glock,marussia,Marussia,24,21,1:51.370,NaN,NaN
2012,14,pic,Charles Pic,marussia,Marussia,25,22,1:51.762,NaN,NaN
2012,14,karthikeyan,Narain Karthikeyan,hrt,HRT,23,23,1:52.372,NaN,NaN
2012,14,rosa,Pedro de la Rosa,hrt,HRT,22,24,1:53.355,NaN,NaN
2012,15,vettel,Sebastian Vettel,red_bull,Red Bull,1,1,1:32.608,1:31.501,1:30.839
2012,15,webber,Mark Webber,red_bull,Red Bull,2,2,1:32.951,1:31.950,1:31.090
2012,15,button,Jenson Button,mclaren,McLaren,3,3,1:33.077,1:31.772,1:31.290
2012,15,kobayashi,Kamui Kobayashi,sauber,Sauber,14,4,1:32.042,1:31.886,1:31.700
2012,15,grosjean,Romain Grosjean,lotus_f1,Lotus F1,10,5,1:32.029,1:31.988,1:31.898
2012,15,perez,Sergio Pérez,sauber,Sauber,15,6,1:32.147,1:32.169,1:32.022
2012,15,alonso,Fernando Alonso,ferrari,Ferrari,5,7,1:32.459,1:31.833,1:32.114
2012,15,raikkonen,Kimi Räikkönen,lotus_f1,Lotus F1,9,8,1:32.221,1:31.826,1:32.208
2012,15,hamilton,Lewis Hamilton,mclaren,McLaren,4,9,1:33.061,1:32.121,1:32.327
2012,15,hulkenberg,Nico Hülkenberg,force_india,Force India,12,10,1:32.828,1:32.272,NaN
2012,15,massa,Felipe Massa,ferrari,Ferrari,6,11,1:32.946,1:32.293,NaN
2012,15,resta,Paul di Resta,force_india,Force India,11,12,1:32.898,1:32.327,NaN
2012,15,michael_schumacher,Michael Schumacher,mercedes,Mercedes,7,13,1:33.349,1:32.469,NaN
2012,15,maldonado,Pastor Maldonado,williams,Williams,18,14,1:32.834,1:32.512,NaN
2012,15,rosberg,Nico Rosberg,mercedes,Mercedes,8,15,1:33.015,1:32.625,NaN
2012,15,ricciardo,Daniel Ricciardo,toro_rosso,Toro Rosso,16,16,1:33.059,1:32.954,NaN
2012,15,vergne,Jean-Éric Vergne,toro_rosso,Toro Rosso,17,17,1:33.370,1:33.368,NaN
2012,15,bruno_senna,Bruno Senna,williams,Williams,19,18,1:33.405,NaN,NaN
2012,15,kovalainen,Heikki Kovalainen,caterham,Caterham,20,19,1:34.657,NaN,NaN
2012,15,glock,Timo Glock,marussia,Marussia,24,20,1:35.213,NaN,NaN
2012,15,rosa,Pedro de la Rosa,hrt,HRT,22,21,1:35.385,NaN,NaN
2012,15,pic,Charles Pic,marussia,Marussia,25,22,1:35.429,NaN,NaN
2012,15,petrov,Vitaly Petrov,caterham,Caterham,21,23,1:35.432,NaN,NaN
2012,15,karthikeyan,Narain Karthikeyan,hrt,HRT,23,24,1:36.734,NaN,NaN
2012,16,webber,Mark Webber,red_bull,Red Bull,2,1,1:38.397,1:38.220,1:37.242
2012,16,vettel,Sebastian Vettel,red_bull,Red Bull,1,2,1:38.208,1:37.767,1:37.316
2012,16,hamilton,Lewis Hamilton,mclaren,McLaren,4,3,1:39.180,1:38.000,1:37.469
2012,16,alonso,Fernando Alonso,ferrari,Ferrari,5,4,1:39.144,1:37.987,1:37.534
2012,16,raikkonen,Kimi Räikkönen,lotus_f1,Lotus F1,9,5,1:38.887,1:38.227,1:37.625
2012,16,massa,Felipe Massa,ferrari,Ferrari,6,6,1:38.937,1:38.253,1:37.884
2012,16,grosjean,Romain Grosjean,lotus_f1,Lotus F1,10,7,1:38.863,1:38.275,1:37.934
2012,16,hulkenberg,Nico Hülkenberg,force_india,Force India,12,8,1:38.981,1:38.428,1:38.266
2012,16,rosberg,Nico Rosberg,mercedes,Mercedes,8,9,1:38.999,1:38.417,1:38.361
2012,16,michael_schumacher,Michael Schumacher,mercedes,Mercedes,7,10,1:38.808,1:38.436,1:38.513
2012,16,button,Jenson Button,mclaren,McLaren,3,11,1:38.615,1:38.441,NaN
2012,16,perez,Sergio Pérez,sauber,Sauber,15,12,1:38.630,1:38.460,NaN
2012,16,kobayashi,Kamui Kobayashi,sauber,Sauber,14,13,1:38.719,1:38.594,NaN
2012,16,resta,Paul di Resta,force_india,Force India,11,14,1:38.942,1:38.643,NaN
2012,16,maldonado,Pastor Maldonado,williams,Williams,18,15,1:39.024,1:38.725,NaN
2012,16,ricciardo,Daniel Ricciardo,toro_rosso,Toro Rosso,16,16,1:38.784,1:39.084,NaN
2012,16,vergne,Jean-Éric Vergne,toro_rosso,Toro Rosso,17,17,1:38.744,1:39.340,NaN
2012,16,bruno_senna,Bruno Senna,williams,Williams,19,18,1:39.443,NaN,NaN
2012,16,petrov,Vitaly Petrov,caterham,Caterham,21,19,1:40.207,NaN,NaN
2012,16,kovalainen,Heikki Kovalainen,caterham,Caterham,20,20,1:40.333,NaN,NaN
2012,16,pic,Charles Pic,marussia,Marussia,25,21,1:41.317,NaN,NaN
2012,16,glock,Timo Glock,marussia,Marussia,24,22,1:41.371,NaN,NaN
2012,16,rosa,Pedro de la Rosa,hrt,HRT,22,23,1:42.881,NaN,NaN
2012,17,vettel,Sebastian Vettel,red_bull,Red Bull,1,1,1:26.387,1:25.435,1:25.283
2012,17,webber,Mark Webber,red_bull,Red Bull,2,2,1:26.744,1:25.610,1:25.327
2012,17,hamilton,Lewis Hamilton,mclaren,McLaren,4,3,1:26.516,1:25.816,1:25.544
2012,17,button,Jenson Button,mclaren,McLaren,3,4,1:26.564,1:25.467,1:25.659
2012,17,alonso,Fernando Alonso,ferrari,Ferrari,5,5,1:26.829,1:25.834,1:25.773
2012,17,massa,Felipe Massa,ferrari,Ferrari,6,6,1:26.939,1:26.111,1:25.857
2012,17,raikkonen,Kimi Räikkönen,lotus_f1,Lotus F1,9,7,1:26.740,1:26.101,1:26.236
2012,17,perez,Sergio Pérez,sauber,Sauber,15,8,1:27.179,1:26.076,1:26.360
2012,17,maldonado,Pastor Maldonado,williams,Williams,18,9,1:26.048,1:25.983,1:26.713
2012,17,rosberg,Nico Rosberg,mercedes,Mercedes,8,10,1:26.458,1:25.976,NaN
2012,17,grosjean,Romain Grosjean,lotus_f1,Lotus F1,10,11,1:26.897,1:26.136,NaN
2012,17,hulkenberg,Nico Hülkenberg,force_india,Force India,12,12,1:27.185,1:26.241,NaN
2012,17,bruno_senna,Bruno Senna,williams,Williams,19,13,1:26.851,1:26.331,NaN
2012,17,michael_schumacher,Michael Schumacher,mercedes,Mercedes,7,14,1:27.482,1:26.574,NaN
2012,17,ricciardo,Daniel Ricciardo,toro_rosso,Toro Rosso,16,15,1:27.006,1:26.777,NaN
2012,17,resta,Paul di Resta,force_india,Force India,11,16,1:27.462,1:26.989,NaN
2012,17,kobayashi,Kamui Kobayashi,sauber,Sauber,14,17,1:27.517,1:27.219,NaN
2012,17,vergne,Jean-Éric Vergne,toro_rosso,Toro Rosso,17,18,1:27.525,NaN,NaN
2012,17,petrov,Vitaly Petrov,caterham,Caterham,21,19,1:28.756,NaN,NaN
2012,17,kovalainen,Heikki Kovalainen,caterham,Caterham,20,20,1:29.500,NaN,NaN
2012,17,glock,Timo Glock,marussia,Marussia,24,21,1:29.613,NaN,NaN
2012,17,rosa,Pedro de la Rosa,hrt,HRT,22,22,1:30.592,NaN,NaN
2012,17,karthikeyan,Narain Karthikeyan,hrt,HRT,23,23,1:30.593,NaN,NaN
2012,17,pic,Charles Pic,marussia,Marussia,25,24,1:30.662,NaN,NaN
2012,18,hamilton,Lewis Hamilton,mclaren,McLaren,4,1,1:41.497,1:40.901,1:40.630
2012,18,webber,Mark Webber,red_bull,Red Bull,2,2,1:41.933,1:41.277,1:40.978
2012,18,vettel,Sebastian Vettel,red_bull,Red Bull,1,3,1:42.160,1:41.511,1:41.073
2012,18,maldonado,Pastor Maldonado,williams,Williams,18,4,1:41.981,1:41.907,1:41.226
2012,18,raikkonen,Kimi Räikkönen,lotus_f1,Lotus F1,9,5,1:42.222,1:41.532,1:41.260
2012,18,button,Jenson Button,mclaren,McLaren,3,6,1:42.342,1:41.873,1:41.290
2012,18,alonso,Fernando Alonso,ferrari,Ferrari,5,7,1:41.939,1:41.514,1:41.582
2012,18,rosberg,Nico Rosberg,mercedes,Mercedes,8,8,1:41.926,1:41.698,1:41.603
2012,18,massa,Felipe Massa,ferrari,Ferrari,6,9,1:41.974,1:41.846,1:41.723
2012,18,grosjean,Romain Grosjean,lotus_f1,Lotus F1,10,10,1:42.046,1:41.620,1:41.778
2012,18,hulkenberg,Nico Hülkenberg,force_india,Force India,12,11,1:42.579,1:42.019,NaN
2012,18,perez,Sergio Pérez,sauber,Sauber,15,12,1:42.624,1:42.084,NaN
2012,18,resta,Paul di Resta,force_india,Force India,11,13,1:42.572,1:42.218,NaN
2012,18,michael_schumacher,Michael Schumacher,mercedes,Mercedes,7,14,1:42.735,1:42.289,NaN
2012,18,bruno_senna,Bruno Senna,williams,Williams,19,15,1:43.298,1:42.330,NaN
2012,18,kobayashi,Kamui Kobayashi,sauber,Sauber,14,16,1:43.582,1:42.606,NaN
2012,18,ricciardo,Daniel Ricciardo,toro_rosso,Toro Rosso,16,17,1:43.280,1:42.765,NaN
2012,18,vergne,Jean-Éric Vergne,toro_rosso,Toro Rosso,17,18,1:44.058,NaN,NaN
2012,18,kovalainen,Heikki Kovalainen,caterham,Caterham,20,19,1:44.956,NaN,NaN
2012,18,pic,Charles Pic,marussia,Marussia,25,20,1:45.089,NaN,NaN
2012,18,petrov,Vitaly Petrov,caterham,Caterham,21,21,1:45.151,NaN,NaN
2012,18,glock,Timo Glock,marussia,Marussia,24,22,1:45.426,NaN,NaN
2012,18,rosa,Pedro de la Rosa,hrt,HRT,22,23,1:45.766,NaN,NaN
2012,18,karthikeyan,Narain Karthikeyan,hrt,HRT,23,24,1:46.382,NaN,NaN
2012,19,vettel,Sebastian Vettel,red_bull,Red Bull,1,1,1:36.558,1:35.796,1:35.657
2012,19,hamilton,Lewis Hamilton,mclaren,McLaren,4,2,1:37.058,1:36.795,1:35.766
2012,19,webber,Mark Webber,red_bull,Red Bull,2,3,1:37.215,1:36.298,1:36.174
2012,19,grosjean,Romain Grosjean,lotus_f1,Lotus F1,10,4,1:37.486,1:36.906,1:36.587
2012,19,raikkonen,Kimi Räikkönen,lotus_f1,Lotus F1,9,5,1:38.051,1:37.404,1:36.708
2012,19,michael_schumacher,Michael Schumacher,mercedes,Mercedes,7,6,1:37.927,1:37.102,1:36.794
2012,19,massa,Felipe Massa,ferrari,Ferrari,6,7,1:37.667,1:36.549,1:36.937
2012,19,hulkenberg,Nico Hülkenberg,force_india,Force India,12,8,1:37.756,1:37.066,1:37.141
2012,19,alonso,Fernando Alonso,ferrari,Ferrari,5,9,1:37.968,1:37.123,1:37.300
2012,19,maldonado,Pastor Maldonado,williams,Williams,18,10,1:37.537,1:37.011,1:37.842
2012,19,bruno_senna,Bruno Senna,williams,Williams,19,11,1:37.520,1:37.604,NaN
2012,19,button,Jenson Button,mclaren,McLaren,3,12,1:37.565,1:37.616,NaN
2012,19,resta,Paul di Resta,force_india,Force India,11,13,1:38.104,1:37.665,NaN
2012,19,vergne,Jean-Éric Vergne,toro_rosso,Toro Rosso,17,14,1:38.434,1:37.879,NaN
2012,19,perez,Sergio Pérez,sauber,Sauber,15,15,1:38.500,1:38.206,NaN
2012,19,kobayashi,Kamui Kobayashi,sauber,Sauber,14,16,1:38.418,1:38.437,NaN
2012,19,rosberg,Nico Rosberg,mercedes,Mercedes,8,17,1:38.862,1:38.501,NaN
2012,19,ricciardo,Daniel Ricciardo,toro_rosso,Toro Rosso,16,18,1:39.114,NaN,NaN
2012,19,glock,Timo Glock,marussia,Marussia,24,19,1:40.056,NaN,NaN
2012,19,pic,Charles Pic,marussia,Marussia,25,20,1:40.664,NaN,NaN
2012,19,petrov,Vitaly Petrov,caterham,Caterham,21,21,1:40.809,NaN,NaN
2012,19,kovalainen,Heikki Kovalainen,caterham,Caterham,20,22,1:41.166,NaN,NaN
2012,19,rosa,Pedro de la Rosa,hrt,HRT,22,23,1:42.011,NaN,NaN
2012,19,karthikeyan,Narain Karthikeyan,hrt,HRT,23,24,1:42.740,NaN,NaN
2012,20,hamilton,Lewis Hamilton,mclaren,McLaren,4,1,1:15.075,1:13.398,1:12.458
2012,20,button,Jenson Button,mclaren,McLaren,3,2,1:15.456,1:13.515,1:12.513
2012,20,webber,Mark Webber,red_bull,Red Bull,2,3,1:16.180,1:13.667,1:12.581
2012,20,vettel,Sebastian Vettel,red_bull,Red Bull,1,4,1:15.644,1:13.209,1:12.760
2012,20,massa,Felipe Massa,ferrari,Ferrari,6,5,1:16.263,1:14.048,1:12.987
2012,20,maldonado,Pastor Maldonado,williams,Williams,18,6,1:16.266,1:13.698,1:13.174
2012,20,hulkenberg,Nico Hülkenberg,force_india,Force India,12,7,1:15.536,1:13.704,1:13.206
2012,20,alonso,Fernando Alonso,ferrari,Ferrari,5,8,1:16.097,1:13.856,1:13.253
2012,20,raikkonen,Kimi Räikkönen,lotus_f1,Lotus F1,9,9,1:16.432,1:13.698,1:13.298
2012,20,rosberg,Nico Rosberg,mercedes,Mercedes,8,10,1:15.929,1:13.848,1:13.489
2012,20,resta,Paul di Resta,force_india,Force India,11,11,1:15.901,1:14.121,NaN
2012,20,bruno_senna,Bruno Senna,williams,Williams,19,12,1:15.333,1:14.219,NaN
2012,20,perez,Sergio Pérez,sauber,Sauber,15,13,1:15.974,1:14.234,NaN
2012,20,michael_schumacher,Michael Schumacher,mercedes,Mercedes,7,14,1:16.005,1:14.334,NaN
2012,20,kobayashi,Kamui Kobayashi,sauber,Sauber,14,15,1:16.400,1:14.380,NaN
2012,20,ricciardo,Daniel Ricciardo,toro_rosso,Toro Rosso,16,16,1:16.744,1:14.574,NaN
2012,20,vergne,Jean-Éric Vergne,toro_rosso,Toro Rosso,17,17,1:16.722,1:14.619,NaN
2012,20,grosjean,Romain Grosjean,lotus_f1,Lotus F1,10,18,1:16.967,NaN,NaN
2012,20,petrov,Vitaly Petrov,caterham,Caterham,21,19,1:17.073,NaN,NaN
2012,20,kovalainen,Heikki Kovalainen,caterham,Caterham,20,20,1:17.086,NaN,NaN
2012,20,glock,Timo Glock,marussia,Marussia,24,21,1:17.508,NaN,NaN
2012,20,pic,Charles Pic,marussia,Marussia,25,22,1:18.104,NaN,NaN
2012,20,karthikeyan,Narain Karthikeyan,hrt,HRT,23,23,1:19.576,NaN,NaN
2012,20,rosa,Pedro de la Rosa,hrt,HRT,22,24,1:19.699,NaN,NaN
2013,1,vettel,Sebastian Vettel,red_bull,Red Bull,1,1,1:44.657,1:36.745,1:27.407
2013,1,webber,Mark Webber,red_bull,Red Bull,2,2,1:44.472,1:36.524,1:27.827
2013,1,hamilton,Lewis Hamilton,mercedes,Mercedes,10,3,1:45.456,1:36.625,1:28.087
2013,1,massa,Felipe Massa,ferrari,Ferrari,4,4,1:44.635,1:36.666,1:28.490
2013,1,alonso,Fernando Alonso,ferrari,Ferrari,3,5,1:43.850,1:36.691,1:28.493
2013,1,rosberg,Nico Rosberg,mercedes,Mercedes,9,6,1:43.380,1:36.194,1:28.523
2013,1,raikkonen,Kimi Räikkönen,lotus_f1,Lotus F1,7,7,1:45.545,1:37.517,1:28.738
2013,1,grosjean,Romain Grosjean,lotus_f1,Lotus F1,8,8,1:44.284,1:37.641,1:29.013
2013,1,resta,Paul di Resta,force_india,Force India,14,9,1:45.601,1:36.901,1:29.305
2013,1,button,Jenson Button,mclaren,McLaren,5,10,1:44.688,1:36.644,1:30.357
2013,1,hulkenberg,Nico Hülkenberg,sauber,Sauber,11,11,1:45.930,1:38.067,NaN
2013,1,sutil,Adrian Sutil,force_india,Force India,15,12,1:47.330,1:38.134,NaN
2013,1,vergne,Jean-Éric Vergne,toro_rosso,Toro Rosso,18,13,1:44.871,1:38.778,NaN
2013,1,ricciardo,Daniel Ricciardo,toro_rosso,Toro Rosso,19,14,1:46.450,1:39.042,NaN
2013,1,perez,Sergio Pérez,mclaren,McLaren,6,15,1:44.400,1:39.900,NaN
2013,1,bottas,Valtteri Bottas,williams,Williams,17,16,1:47.328,1:40.290,NaN
2013,1,maldonado,Pastor Maldonado,williams,Williams,16,17,1:47.614,NaN,NaN
2013,1,gutierrez,Esteban Gutiérrez,sauber,Sauber,12,18,1:47.776,NaN,NaN
2013,1,jules_bianchi,Jules Bianchi,marussia,Marussia,22,19,1:48.147,NaN,NaN
2013,1,chilton,Max Chilton,marussia,Marussia,23,20,1:48.909,NaN,NaN
2013,1,garde,Giedo van der Garde,caterham,Caterham,21,21,1:49.519,NaN,NaN
2013,1,pic,Charles Pic,caterham,Caterham,20,22,1:50.626,NaN,NaN
2013,2,vettel,Sebastian Vettel,red_bull,Red Bull,1,1,1:37.899,1:37.245,1:49.674
2013,2,massa,Felipe Massa,ferrari,Ferrari,4,2,1:37.712,1:36.874,1:50.587
2013,2,alonso,Fernando Alonso,ferrari,Ferrari,3,3,1:37.314,1:36.877,1:50.727
2013,2,hamilton,Lewis Hamilton,mercedes,Mercedes,10,4,1:37.513,1:36.517,1:51.699
2013,2,webber,Mark Webber,red_bull,Red Bull,2,5,1:37.619,1:36.449,1:52.244
2013,2,rosberg,Nico Rosberg,mercedes,Mercedes,9,6,1:37.239,1:36.190,1:52.519
2013,2,raikkonen,Kimi Räikkönen,lotus_f1,Lotus F1,7,7,1:36.959,1:36.640,1:52.970
2013,2,button,Jenson Button,mclaren,McLaren,5,8,1:37.487,1:37.117,1:53.175
2013,2,sutil,Adrian Sutil,force_india,Force India,15,9,1:36.809,1:36.834,1:53.439
2013,2,perez,Sergio Pérez,mclaren,McLaren,6,10,1:37.702,1:37.342,1:54.136
2013,2,grosjean,Romain Grosjean,lotus_f1,Lotus F1,8,11,1:37.363,1:37.636,NaN
2013,2,hulkenberg,Nico Hülkenberg,sauber,Sauber,11,12,1:37.931,1:38.125,NaN
2013,2,ricciardo,Daniel Ricciardo,toro_rosso,Toro Rosso,19,13,1:37.722,1:38.822,NaN
2013,2,gutierrez,Esteban Gutiérrez,sauber,Sauber,12,14,1:37.707,1:39.221,NaN
2013,2,resta,Paul di Resta,force_india,Force India,14,15,1:37.493,1:44.509,NaN
2013,2,maldonado,Pastor Maldonado,williams,Williams,16,16,1:37.867,NaN,NaN
2013,2,vergne,Jean-Éric Vergne,toro_rosso,Toro Rosso,18,17,1:38.157,NaN,NaN
2013,2,bottas,Valtteri Bottas,williams,Williams,17,18,1:38.207,NaN,NaN
2013,2,jules_bianchi,Jules Bianchi,marussia,Marussia,22,19,1:38.434,NaN,NaN
2013,2,pic,Charles Pic,caterham,Caterham,20,20,1:39.314,NaN,NaN
2013,2,chilton,Max Chilton,marussia,Marussia,23,21,1:39.672,NaN,NaN
2013,2,garde,Giedo van der Garde,caterham,Caterham,21,22,1:39.932,NaN,NaN
2013,3,hamilton,Lewis Hamilton,mercedes,Mercedes,10,1,1:35.793,1:35.078,1:34.484
2013,3,raikkonen,Kimi Räikkönen,lotus_f1,Lotus F1,7,2,1:37.046,1:35.659,1:34.761
2013,3,alonso,Fernando Alonso,ferrari,Ferrari,3,3,1:36.253,1:35.148,1:34.788
2013,3,rosberg,Nico Rosberg,mercedes,Mercedes,9,4,1:35.959,1:35.537,1:34.861
2013,3,massa,Felipe Massa,ferrari,Ferrari,4,5,1:35.972,1:35.403,1:34.933
2013,3,grosjean,Romain Grosjean,lotus_f1,Lotus F1,8,6,1:36.929,1:36.065,1:35.364
2013,3,ricciardo,Daniel Ricciardo,toro_rosso,Toro Rosso,19,7,1:36.993,1:36.258,1:35.998
2013,3,button,Jenson Button,mclaren,McLaren,5,8,1:36.667,1:35.784,2:05.673
2013,3,vettel,Sebastian Vettel,red_bull,Red Bull,1,9,1:36.537,1:35.343,NaN
2013,3,hulkenberg,Nico Hülkenberg,sauber,Sauber,11,10,1:36.985,1:36.261,NaN
2013,3,resta,Paul di Resta,force_india,Force India,14,11,1:37.478,1:36.287,NaN
2013,3,perez,Sergio Pérez,mclaren,McLaren,6,12,1:36.952,1:36.314,NaN
2013,3,sutil,Adrian Sutil,force_india,Force India,15,13,1:37.349,1:36.405,NaN
2013,3,webber,Mark Webber,red_bull,Red Bull,2,14,1:36.148,1:36.679,NaN
2013,3,maldonado,Pastor Maldonado,williams,Williams,16,15,1:37.281,1:37.139,NaN
2013,3,vergne,Jean-Éric Vergne,toro_rosso,Toro Rosso,18,16,1:37.508,1:37.199,NaN
2013,3,bottas,Valtteri Bottas,williams,Williams,17,17,1:37.769,NaN,NaN
2013,3,gutierrez,Esteban Gutiérrez,sauber,Sauber,12,18,1:37.990,NaN,NaN
2013,3,jules_bianchi,Jules Bianchi,marussia,Marussia,22,19,1:38.780,NaN,NaN
2013,3,chilton,Max Chilton,marussia,Marussia,23,20,1:39.537,NaN,NaN
2013,3,pic,Charles Pic,caterham,Caterham,20,21,1:39.614,NaN,NaN
2013,3,garde,Giedo van der Garde,caterham,Caterham,21,22,1:39.660,NaN,NaN
2013,4,rosberg,Nico Rosberg,mercedes,Mercedes,9,1,1:33.364,1:32.867,1:32.330
2013,4,vettel,Sebastian Vettel,red_bull,Red Bull,1,2,1:33.327,1:32.746,1:32.584
2013,4,alonso,Fernando Alonso,ferrari,Ferrari,3,3,1:32.878,1:33.316,1:32.667
2013,4,hamilton,Lewis Hamilton,mercedes,Mercedes,10,4,1:33.498,1:33.346,1:32.762
2013,4,webber,Mark Webber,red_bull,Red Bull,2,5,1:33.966,1:33.098,1:33.078
2013,4,massa,Felipe Massa,ferrari,Ferrari,4,6,1:33.780,1:33.358,1:33.207
2013,4,resta,Paul di Resta,force_india,Force India,14,7,1:33.762,1:33.335,1:33.235
2013,4,sutil,Adrian Sutil,force_india,Force India,15,8,1:34.048,1:33.378,1:33.246
2013,4,raikkonen,Kimi Räikkönen,lotus_f1,Lotus F1,7,9,1:33.827,1:33.146,1:33.327
2013,4,button,Jenson Button,mclaren,McLaren,5,10,1:34.071,1:33.702,NaN
2013,4,grosjean,Romain Grosjean,lotus_f1,Lotus F1,8,11,1:33.498,1:33.762,NaN
2013,4,perez,Sergio Pérez,mclaren,McLaren,6,12,1:34.310,1:33.914,NaN
2013,4,ricciardo,Daniel Ricciardo,toro_rosso,Toro Rosso,19,13,1:34.120,1:33.974,NaN
2013,4,hulkenberg,Nico Hülkenberg,sauber,Sauber,11,14,1:34.409,1:33.976,NaN
2013,4,bottas,Valtteri Bottas,williams,Williams,17,15,1:34.425,1:34.105,NaN
2013,4,vergne,Jean-Éric Vergne,toro_rosso,Toro Rosso,18,16,1:34.314,1:34.284,NaN
2013,4,maldonado,Pastor Maldonado,williams,Williams,16,17,1:34.425,NaN,NaN
2013,4,gutierrez,Esteban Gutiérrez,sauber,Sauber,12,18,1:34.730,NaN,NaN
2013,4,pic,Charles Pic,caterham,Caterham,20,19,1:35.283,NaN,NaN
2013,4,jules_bianchi,Jules Bianchi,marussia,Marussia,22,20,1:36.178,NaN,NaN
2013,4,garde,Giedo van der Garde,caterham,Caterham,21,21,1:36.304,NaN,NaN
2013,4,chilton,Max Chilton,marussia,Marussia,23,22,1:36.476,NaN,NaN
2013,5,rosberg,Nico Rosberg,mercedes,Mercedes,9,1,1:21.913,1:21.776,1:20.718
2013,5,hamilton,Lewis Hamilton,mercedes,Mercedes,10,2,1:21.728,1:21.001,1:20.972
2013,5,vettel,Sebastian Vettel,red_bull,Red Bull,1,3,1:22.158,1:21.602,1:21.054
2013,5,raikkonen,Kimi Räikkönen,lotus_f1,Lotus F1,7,4,1:22.210,1:21.676,1:21.177
2013,5,alonso,Fernando Alonso,ferrari,Ferrari,3,5,1:22.264,1:21.646,1:21.218
2013,5,massa,Felipe Massa,ferrari,Ferrari,4,6,1:22.492,1:21.978,1:21.219
2013,5,grosjean,Romain Grosjean,lotus_f1,Lotus F1,8,7,1:22.613,1:21.998,1:21.308
2013,5,webber,Mark Webber,red_bull,Red Bull,2,8,1:22.342,1:21.718,1:21.570
2013,5,perez,Sergio Pérez,mclaren,McLaren,6,9,1:23.116,1:21.790,1:22.069
2013,5,resta,Paul di Resta,force_india,Force India,14,10,1:22.663,1:22.019,1:22.233
2013,5,ricciardo,Daniel Ricciardo,toro_rosso,Toro Rosso,19,11,1:22.905,1:22.127,NaN
2013,5,vergne,Jean-Éric Vergne,toro_rosso,Toro Rosso,18,12,1:22.775,1:22.166,NaN
2013,5,sutil,Adrian Sutil,force_india,Force India,15,13,1:22.952,1:22.346,NaN
2013,5,button,Jenson Button,mclaren,McLaren,5,14,1:23.166,1:22.355,NaN
2013,5,hulkenberg,Nico Hülkenberg,sauber,Sauber,11,15,1:23.058,1:22.389,NaN
2013,5,gutierrez,Esteban Gutiérrez,sauber,Sauber,12,16,1:23.218,1:22.793,NaN
2013,5,bottas,Valtteri Bottas,williams,Williams,17,17,1:23.260,NaN,NaN
2013,5,maldonado,Pastor Maldonado,williams,Williams,16,18,1:23.318,NaN,NaN
2013,5,garde,Giedo van der Garde,caterham,Caterham,21,19,1:24.661,NaN,NaN
2013,5,jules_bianchi,Jules Bianchi,marussia,Marussia,22,20,1:24.713,NaN,NaN
2013,5,chilton,Max Chilton,marussia,Marussia,23,21,1:24.996,NaN,NaN
2013,5,pic,Charles Pic,caterham,Caterham,20,22,1:25.070,NaN,NaN
2013,6,rosberg,Nico Rosberg,mercedes,Mercedes,9,1,1:24.620,1:16.135,1:13.876
2013,6,hamilton,Lewis Hamilton,mercedes,Mercedes,10,2,1:23.779,1:16.265,1:13.967
2013,6,vettel,Sebastian Vettel,red_bull,Red Bull,1,3,1:24.243,1:15.988,1:13.980
2013,6,webber,Mark Webber,red_bull,Red Bull,2,4,1:25.352,1:17.322,1:14.181
2013,6,raikkonen,Kimi Räikkönen,lotus_f1,Lotus F1,7,5,1:25.835,1:16.040,1:14.822
2013,6,alonso,Fernando Alonso,ferrari,Ferrari,3,6,1:23.712,1:16.510,1:14.824
2013,6,perez,Sergio Pérez,mclaren,McLaren,6,7,1:24.682,1:17.748,1:15.138
2013,6,sutil,Adrian Sutil,force_india,Force India,15,8,1:25.108,1:17.261,1:15.383
2013,6,button,Jenson Button,mclaren,McLaren,5,9,1:23.744,1:17.420,1:15.647
2013,6,vergne,Jean-Éric Vergne,toro_rosso,Toro Rosso,18,10,1:23.699,1:17.623,1:15.703
2013,6,hulkenberg,Nico Hülkenberg,sauber,Sauber,11,11,1:25.547,1:18.331,NaN
2013,6,ricciardo,Daniel Ricciardo,toro_rosso,Toro Rosso,19,12,1:24.852,1:18.344,NaN
2013,6,grosjean,Romain Grosjean,lotus_f1,Lotus F1,8,13,1:23.738,1:18.603,NaN
2013,6,bottas,Valtteri Bottas,williams,Williams,17,14,1:24.681,1:19.077,NaN
2013,6,garde,Giedo van der Garde,caterham,Caterham,21,15,1:26.095,1:19.408,NaN
2013,6,maldonado,Pastor Maldonado,williams,Williams,16,16,1:23.452,1:21.688,NaN
2013,6,resta,Paul di Resta,force_india,Force India,14,17,1:26.322,NaN,NaN
2013,6,pic,Charles Pic,caterham,Caterham,20,18,1:26.633,NaN,NaN
2013,6,gutierrez,Esteban Gutiérrez,sauber,Sauber,12,19,1:26.917,NaN,NaN
2013,6,chilton,Max Chilton,marussia,Marussia,23,20,1:27.303,NaN,NaN
2013,6,jules_bianchi,Jules Bianchi,marussia,Marussia,22,21,,NaN,NaN
2013,6,massa,Felipe Massa,ferrari,Ferrari,4,22,,NaN,NaN
2013,7,vettel,Sebastian Vettel,red_bull,Red Bull,1,1,1:22.318,1:28.166,1:25.425
2013,7,hamilton,Lewis Hamilton,mercedes,Mercedes,10,2,1:23.801,1:27.649,1:25.512
2013,7,bottas,Valtteri Bottas,williams,Williams,17,3,1:23.446,1:28.419,1:25.897
2013,7,rosberg,Nico Rosberg,mercedes,Mercedes,9,4,1:23.840,1:28.420,1:26.008
2013,7,webber,Mark Webber,red_bull,Red Bull,2,5,1:23.247,1:28.145,1:26.208
2013,7,alonso,Fernando Alonso,ferrari,Ferrari,3,6,1:23.224,1:28.788,1:26.504
2013,7,vergne,Jean-Éric Vergne,toro_rosso,Toro Rosso,18,7,1:24.159,1:28.527,1:26.543
2013,7,sutil,Adrian Sutil,force_india,Force India,15,8,1:24.551,1:28.799,1:27.348
2013,7,raikkonen,Kimi Räikkönen,lotus_f1,Lotus F1,7,9,1:24.451,1:28.667,1:27.432
2013,7,ricciardo,Daniel Ricciardo,toro_rosso,Toro Rosso,19,10,1:24.770,1:29.359,1:27.946
2013,7,hulkenberg,Nico Hülkenberg,sauber,Sauber,11,11,1:23.899,1:29.435,NaN
2013,7,perez,Sergio Pérez,mclaren,McLaren,6,12,1:24.176,1:29.761,NaN
2013,7,maldonado,Pastor Maldonado,williams,Williams,16,13,1:24.776,1:29.917,NaN
2013,7,button,Jenson Button,mclaren,McLaren,5,14,1:24.021,1:30.068,NaN
2013,7,gutierrez,Esteban Gutiérrez,sauber,Sauber,12,15,1:24.408,1:30.315,NaN
2013,7,massa,Felipe Massa,ferrari,Ferrari,4,16,1:23.735,1:30.354,NaN
2013,7,resta,Paul di Resta,force_india,Force India,14,17,1:24.908,NaN,NaN
2013,7,pic,Charles Pic,caterham,Caterham,20,18,1:25.626,NaN,NaN
2013,7,grosjean,Romain Grosjean,lotus_f1,Lotus F1,8,19,1:25.716,NaN,NaN
2013,7,jules_bianchi,Jules Bianchi,marussia,Marussia,22,20,1:26.508,NaN,NaN
2013,7,chilton,Max Chilton,marussia,Marussia,23,21,1:27.062,NaN,NaN
2013,7,garde,Giedo van der Garde,caterham,Caterham,21,22,1:27.110,NaN,NaN
2013,8,hamilton,Lewis Hamilton,mercedes,Mercedes,10,1,1:30.995,1:31.224,1:29.607
2013,8,rosberg,Nico Rosberg,mercedes,Mercedes,9,2,1:31.355,1:31.028,1:30.059
2013,8,vettel,Sebastian Vettel,red_bull,Red Bull,1,3,1:31.559,1:30.990,1:30.211
2013,8,webber,Mark Webber,red_bull,Red Bull,2,4,1:31.605,1:31.002,1:30.220
2013,8,resta,Paul di Resta,force_india,Force India,14,5,1:32.062,1:31.291,1:30.736
2013,8,ricciardo,Daniel Ricciardo,toro_rosso,Toro Rosso,19,6,1:32.097,1:31.182,1:30.757
2013,8,sutil,Adrian Sutil,force_india,Force India,15,7,1:32.002,1:31.097,1:30.908
2013,8,grosjean,Romain Grosjean,lotus_f1,Lotus F1,8,8,1:31.466,1:31.530,1:30.955
2013,8,raikkonen,Kimi Räikkönen,lotus_f1,Lotus F1,7,9,1:31.400,1:31.592,1:30.962
2013,8,alonso,Fernando Alonso,ferrari,Ferrari,3,10,1:32.266,1:31.387,1:30.979
2013,8,button,Jenson Button,mclaren,McLaren,5,11,1:31.979,1:31.649,NaN
2013,8,massa,Felipe Massa,ferrari,Ferrari,4,12,1:32.241,1:31.779,NaN
2013,8,vergne,Jean-Éric Vergne,toro_rosso,Toro Rosso,18,13,1:32.105,1:31.785,NaN
2013,8,perez,Sergio Pérez,mclaren,McLaren,6,14,1:31.953,1:32.082,NaN
2013,8,hulkenberg,Nico Hülkenberg,sauber,Sauber,11,15,1:32.168,1:32.211,NaN
2013,8,maldonado,Pastor Maldonado,williams,Williams,16,16,1:32.512,1:32.359,NaN
2013,8,bottas,Valtteri Bottas,williams,Williams,17,17,1:32.664,NaN,NaN
2013,8,gutierrez,Esteban Gutiérrez,sauber,Sauber,12,18,1:32.666,NaN,NaN
2013,8,pic,Charles Pic,caterham,Caterham,20,19,1:33.866,NaN,NaN
2013,8,jules_bianchi,Jules Bianchi,marussia,Marussia,22,20,1:34.108,NaN,NaN
2013,8,garde,Giedo van der Garde,caterham,Caterham,21,21,1:35.481,NaN,NaN
2013,8,chilton,Max Chilton,marussia,Marussia,23,22,1:35.858,NaN,NaN
2013,9,hamilton,Lewis Hamilton,mercedes,Mercedes,10,1,1:31.131,1:30.152,1:29.398
2013,9,vettel,Sebastian Vettel,red_bull,Red Bull,1,2,1:31.269,1:29.992,1:29.501
2013,9,webber,Mark Webber,red_bull,Red Bull,2,3,1:31.428,1:30.217,1:29.608
2013,9,raikkonen,Kimi Räikkönen,lotus_f1,Lotus F1,7,4,1:30.676,1:29.852,1:29.892
2013,9,grosjean,Romain Grosjean,lotus_f1,Lotus F1,8,5,1:31.242,1:30.005,1:29.959
2013,9,ricciardo,Daniel Ricciardo,toro_rosso,Toro Rosso,19,6,1:31.081,1:30.223,1:30.528
2013,9,massa,Felipe Massa,ferrari,Ferrari,4,7,1:30.547,1:29.825,1:31.126
2013,9,alonso,Fernando Alonso,ferrari,Ferrari,3,8,1:30.709,1:29.962,1:31.209
2013,9,button,Jenson Button,mclaren,McLaren,5,9,1:31.181,1:30.269,NaN
2013,9,hulkenberg,Nico Hülkenberg,sauber,Sauber,11,10,1:31.132,1:30.231,NaN
2013,9,rosberg,Nico Rosberg,mercedes,Mercedes,9,11,1:31.322,1:30.326,NaN
2013,9,resta,Paul di Resta,force_india,Force India,14,12,1:31.322,1:30.697,NaN
2013,9,perez,Sergio Pérez,mclaren,McLaren,6,13,1:31.498,1:30.933,NaN
2013,9,gutierrez,Esteban Gutiérrez,sauber,Sauber,12,14,1:31.681,1:31.010,NaN
2013,9,sutil,Adrian Sutil,force_india,Force India,15,15,1:31.320,1:31.010,NaN
2013,9,vergne,Jean-Éric Vergne,toro_rosso,Toro Rosso,18,16,1:31.629,1:31.104,NaN
2013,9,bottas,Valtteri Bottas,williams,Williams,17,17,1:31.693,NaN,NaN
2013,9,maldonado,Pastor Maldonado,williams,Williams,16,18,1:31.707,NaN,NaN
2013,9,pic,Charles Pic,caterham,Caterham,20,19,1:32.937,NaN,NaN
2013,9,jules_bianchi,Jules Bianchi,marussia,Marussia,22,20,1:33.063,NaN,NaN
2013,9,garde,Giedo van der Garde,caterham,Caterham,21,21,1:33.734,NaN,NaN
2013,9,chilton,Max Chilton,marussia,Marussia,23,22,1:34.098,NaN,NaN
2013,10,hamilton,Lewis Hamilton,mercedes,Mercedes,10,1,1:20.363,1:19.862,1:19.388
2013,10,vettel,Sebastian Vettel,red_bull,Red Bull,1,2,1:20.646,1:19.992,1:19.426
2013,10,grosjean,Romain Grosjean,lotus_f1,Lotus F1,8,3,1:20.447,1:20.101,1:19.595
2013,10,rosberg,Nico Rosberg,mercedes,Mercedes,9,4,1:20.350,1:19.778,1:19.720
2013,10,alonso,Fernando Alonso,ferrari,Ferrari,3,5,1:20.652,1:20.183,1:19.791
2013,10,raikkonen,Kimi Räikkönen,lotus_f1,Lotus F1,7,6,1:20.867,1:20.243,1:19.851
2013,10,massa,Felipe Massa,ferrari,Ferrari,4,7,1:21.004,1:20.460,1:19.929
2013,10,ricciardo,Daniel Ricciardo,toro_rosso,Toro Rosso,19,8,1:21.181,1:20.527,1:20.641
2013,10,perez,Sergio Pérez,mclaren,McLaren,6,9,1:21.612,1:20.545,1:22.398
2013,10,webber,Mark Webber,red_bull,Red Bull,2,10,1:21.264,1:20.503,NaN
2013,10,sutil,Adrian Sutil,force_india,Force India,15,11,1:21.471,1:20.569,NaN
2013,10,hulkenberg,Nico Hülkenberg,sauber,Sauber,11,12,1:21.028,1:20.580,NaN
2013,10,button,Jenson Button,mclaren,McLaren,5,13,1:21.131,1:20.777,NaN
2013,10,vergne,Jean-Éric Vergne,toro_rosso,Toro Rosso,18,14,1:21.345,1:21.029,NaN
2013,10,maldonado,Pastor Maldonado,williams,Williams,16,15,1:20.816,1:21.133,NaN
2013,10,bottas,Valtteri Bottas,williams,Williams,17,16,1:21.135,1:21.219,NaN
2013,10,gutierrez,Esteban Gutiérrez,sauber,Sauber,12,17,1:21.724,NaN,NaN
2013,10,resta,Paul di Resta,force_india,Force India,14,18,1:22.043,NaN,NaN
2013,10,pic,Charles Pic,caterham,Caterham,20,19,1:23.007,NaN,NaN
2013,10,garde,Giedo van der Garde,caterham,Caterham,21,20,1:23.333,NaN,NaN
2013,10,jules_bianchi,Jules Bianchi,marussia,Marussia,22,21,1:23.787,NaN,NaN
2013,10,chilton,Max Chilton,marussia,Marussia,23,22,1:23.997,NaN,NaN
2013,11,hamilton,Lewis Hamilton,mercedes,Mercedes,10,1,2:00.368,1:49.067,2:01.012
2013,11,vettel,Sebastian Vettel,red_bull,Red Bull,1,2,2:01.863,1:48.646,2:01.200
2013,11,webber,Mark Webber,red_bull,Red Bull,2,3,2:01.597,1:48.641,2:01.325
2013,11,rosberg,Nico Rosberg,mercedes,Mercedes,9,4,2:01.099,1:48.552,2:02.251
2013,11,resta,Paul di Resta,force_india,Force India,14,5,2:02.338,1:48.925,2:02.332
2013,11,button,Jenson Button,mclaren,McLaren,5,6,2:01.301,1:48.641,2:03.075
2013,11,grosjean,Romain Grosjean,lotus_f1,Lotus F1,8,7,2:02.476,1:48.649,2:03.081
2013,11,raikkonen,Kimi Räikkönen,lotus_f1,Lotus F1,7,8,2:01.151,1:48.296,2:03.390
2013,11,alonso,Fernando Alonso,ferrari,Ferrari,3,9,2:00.190,1:48.309,2:03.482
2013,11,massa,Felipe Massa,ferrari,Ferrari,4,10,2:01.462,1:49.020,2:04.059
2013,11,hulkenberg,Nico Hülkenberg,sauber,Sauber,11,11,2:01.712,1:49.088,NaN
2013,11,sutil,Adrian Sutil,force_india,Force India,15,12,2:02.749,1:49.103,NaN
2013,11,perez,Sergio Pérez,mclaren,McLaren,6,13,2:02.425,1:49.304,NaN
2013,11,garde,Giedo van der Garde,caterham,Caterham,21,14,2:00.564,1:52.036,NaN
2013,11,jules_bianchi,Jules Bianchi,marussia,Marussia,22,15,2:02.110,1:52.563,NaN
2013,11,chilton,Max Chilton,marussia,Marussia,23,16,2:02.948,1:52.762,NaN
2013,11,maldonado,Pastor Maldonado,williams,Williams,16,17,2:03.072,NaN,NaN
2013,11,vergne,Jean-Éric Vergne,toro_rosso,Toro Rosso,18,18,2:03.300,NaN,NaN
2013,11,ricciardo,Daniel Ricciardo,toro_rosso,Toro Rosso,19,19,2:03.317,NaN,NaN
2013,11,bottas,Valtteri Bottas,williams,Williams,17,20,2:03.432,NaN,NaN
2013,11,gutierrez,Esteban Gutiérrez,sauber,Sauber,12,21,2:04.324,NaN,NaN
2013,11,pic,Charles Pic,caterham,Caterham,20,22,2:07.384,NaN,NaN
2013,12,vettel,Sebastian Vettel,red_bull,Red Bull,1,1,1:24.319,1:23.977,1:23.755
2013,12,webber,Mark Webber,red_bull,Red Bull,2,2,1:24.923,1:24.263,1:23.968
2013,12,hulkenberg,Nico Hülkenberg,sauber,Sauber,11,3,1:24.776,1:24.305,1:24.065
2013,12,massa,Felipe Massa,ferrari,Ferrari,4,4,1:24.950,1:24.479,1:24.132
2013,12,alonso,Fernando Alonso,ferrari,Ferrari,3,5,1:24.661,1:24.227,1:24.142
2013,12,rosberg,Nico Rosberg,mercedes,Mercedes,9,6,1:24.527,1:24.393,1:24.192
2013,12,ricciardo,Daniel Ricciardo,toro_rosso,Toro Rosso,19,7,1:24.655,1:24.290,1:24.209
2013,12,perez,Sergio Pérez,mclaren,McLaren,6,8,1:24.635,1:24.592,1:24.502
2013,12,button,Jenson Button,mclaren,McLaren,5,9,1:24.739,1:24.563,1:24.515
2013,12,vergne,Jean-Éric Vergne,toro_rosso,Toro Rosso,18,10,1:24.630,1:24.575,1:28.050
2013,12,raikkonen,Kimi Räikkönen,lotus_f1,Lotus F1,7,11,1:24.819,1:24.610,NaN
2013,12,hamilton,Lewis Hamilton,mercedes,Mercedes,10,12,1:24.589,1:24.803,NaN
2013,12,grosjean,Romain Grosjean,lotus_f1,Lotus F1,8,13,1:24.737,1:24.848,NaN
2013,12,sutil,Adrian Sutil,force_india,Force India,15,14,1:25.030,1:24.932,NaN
2013,12,maldonado,Pastor Maldonado,williams,Williams,16,15,1:24.905,1:25.011,NaN
2013,12,resta,Paul di Resta,force_india,Force India,14,16,1:25.009,1:25.077,NaN
2013,12,gutierrez,Esteban Gutiérrez,sauber,Sauber,12,17,1:25.226,NaN,NaN
2013,12,bottas,Valtteri Bottas,williams,Williams,17,18,1:25.291,NaN,NaN
2013,12,garde,Giedo van der Garde,caterham,Caterham,21,19,1:26.406,NaN,NaN
2013,12,pic,Charles Pic,caterham,Caterham,20,20,1:26.563,NaN,NaN
2013,12,jules_bianchi,Jules Bianchi,marussia,Marussia,22,21,1:27.085,NaN,NaN
2013,12,chilton,Max Chilton,marussia,Marussia,23,22,1:27.480,NaN,NaN
2013,13,vettel,Sebastian Vettel,red_bull,Red Bull,1,1,1:45.376,1:42.905,1:42.841
2013,13,rosberg,Nico Rosberg,mercedes,Mercedes,9,2,1:45.208,1:43.892,1:42.932
2013,13,grosjean,Romain Grosjean,lotus_f1,Lotus F1,8,3,1:45.851,1:43.957,1:43.058
2013,13,webber,Mark Webber,red_bull,Red Bull,2,4,1:45.271,1:43.272,1:43.152
2013,13,hamilton,Lewis Hamilton,mercedes,Mercedes,10,5,1:44.196,1:43.920,1:43.254
2013,13,massa,Felipe Massa,ferrari,Ferrari,4,6,1:45.658,1:44.376,1:43.890
2013,13,alonso,Fernando Alonso,ferrari,Ferrari,3,7,1:45.115,1:44.153,1:43.938
2013,13,button,Jenson Button,mclaren,McLaren,5,8,1:45.009,1:44.497,1:44.282
2013,13,ricciardo,Daniel Ricciardo,toro_rosso,Toro Rosso,19,9,1:45.379,1:44.407,1:44.439
2013,13,gutierrez,Esteban Gutiérrez,sauber,Sauber,12,10,1:45.483,1:44.245,NaN
2013,13,hulkenberg,Nico Hülkenberg,sauber,Sauber,11,11,1:45.381,1:44.555,NaN
2013,13,vergne,Jean-Éric Vergne,toro_rosso,Toro Rosso,18,12,1:45.657,1:44.588,NaN
2013,13,raikkonen,Kimi Räikkönen,lotus_f1,Lotus F1,7,13,1:45.522,1:44.658,NaN
2013,13,perez,Sergio Pérez,mclaren,McLaren,6,14,1:45.164,1:44.752,NaN
2013,13,sutil,Adrian Sutil,force_india,Force India,15,15,1:45.960,1:45.185,NaN
2013,13,bottas,Valtteri Bottas,williams,Williams,17,16,1:45.982,1:45.388,NaN
2013,13,resta,Paul di Resta,force_india,Force India,14,17,1:46.121,NaN,NaN
2013,13,maldonado,Pastor Maldonado,williams,Williams,16,18,1:46.619,NaN,NaN
2013,13,pic,Charles Pic,caterham,Caterham,20,19,1:48.111,NaN,NaN
2013,13,garde,Giedo van der Garde,caterham,Caterham,21,20,1:48.320,NaN,NaN
2013,13,jules_bianchi,Jules Bianchi,marussia,Marussia,22,21,1:48.830,NaN,NaN
2013,13,chilton,Max Chilton,marussia,Marussia,23,22,1:48.930,NaN,NaN
2013,14,vettel,Sebastian Vettel,red_bull,Red Bull,1,1,1:38.683,1:37.569,1:37.202
2013,14,hamilton,Lewis Hamilton,mercedes,Mercedes,10,2,1:38.574,1:37.824,1:37.420
2013,14,webber,Mark Webber,red_bull,Red Bull,2,3,1:39.138,1:37.840,1:37.464
2013,14,grosjean,Romain Grosjean,lotus_f1,Lotus F1,8,4,1:39.065,1:38.076,1:37.531
2013,14,rosberg,Nico Rosberg,mercedes,Mercedes,9,5,1:38.418,1:38.031,1:37.679
2013,14,alonso,Fernando Alonso,ferrari,Ferrari,3,6,1:38.520,1:37.978,1:38.038
2013,14,massa,Felipe Massa,ferrari,Ferrari,4,7,1:38.884,1:38.295,1:38.223
2013,14,hulkenberg,Nico Hülkenberg,sauber,Sauber,11,8,1:38.427,1:37.913,1:38.237
2013,14,gutierrez,Esteban Gutiérrez,sauber,Sauber,12,9,1:38.725,1:38.327,1:38.405
2013,14,raikkonen,Kimi Räikkönen,lotus_f1,Lotus F1,7,10,1:38.341,1:38.181,1:38.822
2013,14,perez,Sergio Pérez,mclaren,McLaren,6,11,1:39.049,1:38.362,NaN
2013,14,button,Jenson Button,mclaren,McLaren,5,12,1:38.882,1:38.365,NaN
2013,14,ricciardo,Daniel Ricciardo,toro_rosso,Toro Rosso,19,13,1:38.525,1:38.417,NaN
2013,14,sutil,Adrian Sutil,force_india,Force India,15,14,1:38.988,1:38.431,NaN
2013,14,resta,Paul di Resta,force_india,Force India,14,15,1:39.185,1:38.718,NaN
2013,14,vergne,Jean-Éric Vergne,toro_rosso,Toro Rosso,18,16,1:39.075,1:38.781,NaN
2013,14,bottas,Valtteri Bottas,williams,Williams,17,17,1:39.470,NaN,NaN
2013,14,maldonado,Pastor Maldonado,williams,Williams,16,18,1:39.987,NaN,NaN
2013,14,pic,Charles Pic,caterham,Caterham,20,19,1:40.864,NaN,NaN
2013,14,garde,Giedo van der Garde,caterham,Caterham,21,20,1:40.871,NaN,NaN
2013,14,jules_bianchi,Jules Bianchi,marussia,Marussia,22,21,1:41.169,NaN,NaN
2013,14,chilton,Max Chilton,marussia,Marussia,23,22,1:41.322,NaN,NaN
2013,15,webber,Mark Webber,red_bull,Red Bull,2,1,1:32.271,1:31.513,1:30.915
2013,15,vettel,Sebastian Vettel,red_bull,Red Bull,1,2,1:32.397,1:31.290,1:31.089
2013,15,hamilton,Lewis Hamilton,mercedes,Mercedes,10,3,1:32.340,1:31.636,1:31.253
2013,15,grosjean,Romain Grosjean,lotus_f1,Lotus F1,8,4,1:31.824,1:31.565,1:31.365
2013,15,massa,Felipe Massa,ferrari,Ferrari,4,5,1:31.994,1:31.668,1:31.378
2013,15,rosberg,Nico Rosberg,mercedes,Mercedes,9,6,1:32.244,1:31.764,1:31.397
2013,15,hulkenberg,Nico Hülkenberg,sauber,Sauber,11,7,1:32.465,1:31.848,1:31.644
2013,15,alonso,Fernando Alonso,ferrari,Ferrari,3,8,1:32.371,1:31.828,1:31.665
2013,15,raikkonen,Kimi Räikkönen,lotus_f1,Lotus F1,7,9,1:32.377,1:31.662,1:31.684
2013,15,button,Jenson Button,mclaren,McLaren,5,10,1:32.606,1:31.838,1:31.827
2013,15,perez,Sergio Pérez,mclaren,McLaren,6,11,1:32.718,1:31.989,NaN
2013,15,resta,Paul di Resta,force_india,Force India,14,12,1:32.286,1:31.992,NaN
2013,15,bottas,Valtteri Bottas,williams,Williams,17,13,1:32.613,1:32.013,NaN
2013,15,gutierrez,Esteban Gutiérrez,sauber,Sauber,12,14,1:32.673,1:32.063,NaN
2013,15,maldonado,Pastor Maldonado,williams,Williams,16,15,1:32.875,1:32.093,NaN
2013,15,ricciardo,Daniel Ricciardo,toro_rosso,Toro Rosso,19,16,1:32.804,1:32.485,NaN
2013,15,sutil,Adrian Sutil,force_india,Force India,15,17,1:32.890,NaN,NaN
2013,15,vergne,Jean-Éric Vergne,toro_rosso,Toro Rosso,18,18,1:33.357,NaN,NaN
2013,15,chilton,Max Chilton,marussia,Marussia,23,19,1:34.320,NaN,NaN
2013,15,pic,Charles Pic,caterham,Caterham,20,20,1:34.556,NaN,NaN
2013,15,garde,Giedo van der Garde,caterham,Caterham,21,21,1:34.879,NaN,NaN
2013,15,jules_bianchi,Jules Bianchi,marussia,Marussia,22,22,1:34.958,NaN,NaN
2013,16,vettel,Sebastian Vettel,red_bull,Red Bull,1,1,1:25.943,1:24.568,1:24.119
2013,16,rosberg,Nico Rosberg,mercedes,Mercedes,9,2,1:25.833,1:25.304,1:24.871
2013,16,hamilton,Lewis Hamilton,mercedes,Mercedes,10,3,1:25.802,1:25.259,1:24.941
2013,16,webber,Mark Webber,red_bull,Red Bull,2,4,1:25.665,1:25.097,1:25.047
2013,16,massa,Felipe Massa,ferrari,Ferrari,4,5,1:25.793,1:25.389,1:25.201
2013,16,raikkonen,Kimi Räikkönen,lotus_f1,Lotus F1,7,6,1:25.819,1:25.191,1:25.248
2013,16,hulkenberg,Nico Hülkenberg,sauber,Sauber,11,7,1:25.883,1:25.339,1:25.334
2013,16,alonso,Fernando Alonso,ferrari,Ferrari,3,8,1:25.934,1:24.885,1:25.826
2013,16,perez,Sergio Pérez,mclaren,McLaren,6,9,1:26.107,1:25.365,1:26.153
2013,16,button,Jenson Button,mclaren,McLaren,5,10,1:25.574,1:25.458,1:26.487
2013,16,ricciardo,Daniel Ricciardo,toro_rosso,Toro Rosso,19,11,1:25.673,1:25.519,NaN
2013,16,resta,Paul di Resta,force_india,Force India,14,12,1:25.908,1:25.711,NaN
2013,16,sutil,Adrian Sutil,force_india,Force India,15,13,1:26.164,1:25.740,NaN
2013,16,vergne,Jean-Éric Vergne,toro_rosso,Toro Rosso,18,14,1:26.155,1:25.798,NaN
2013,16,bottas,Valtteri Bottas,williams,Williams,17,15,1:26.178,1:26.134,NaN
2013,16,gutierrez,Esteban Gutiérrez,sauber,Sauber,12,16,1:26.057,1:26.366,NaN
2013,16,grosjean,Romain Grosjean,lotus_f1,Lotus F1,8,17,1:26.577,NaN,NaN
2013,16,maldonado,Pastor Maldonado,williams,Williams,16,18,1:26.842,NaN,NaN
2013,16,jules_bianchi,Jules Bianchi,marussia,Marussia,22,19,1:26.970,NaN,NaN
2013,16,garde,Giedo van der Garde,caterham,Caterham,21,20,1:27.105,NaN,NaN
2013,16,pic,Charles Pic,caterham,Caterham,20,21,1:27.487,NaN,NaN
2013,16,chilton,Max Chilton,marussia,Marussia,23,22,1:28.138,NaN,NaN
2013,17,webber,Mark Webber,red_bull,Red Bull,2,1,1:41.568,1:40.575,1:39.957
2013,17,vettel,Sebastian Vettel,red_bull,Red Bull,1,2,1:41.683,1:40.781,1:40.075
2013,17,rosberg,Nico Rosberg,mercedes,Mercedes,9,3,1:41.420,1:40.473,1:40.419
2013,17,hamilton,Lewis Hamilton,mercedes,Mercedes,10,4,1:40.693,1:40.477,1:40.501
2013,17,raikkonen,Kimi Räikkönen,lotus_f1,Lotus F1,7,5,1:41.276,1:40.971,1:40.542
2013,17,hulkenberg,Nico Hülkenberg,sauber,Sauber,11,6,1:41.631,1:40.931,1:40.576
2013,17,grosjean,Romain Grosjean,lotus_f1,Lotus F1,8,7,1:41.447,1:40.948,1:40.997
2013,17,massa,Felipe Massa,ferrari,Ferrari,4,8,1:41.254,1:40.989,1:41.015
2013,17,perez,Sergio Pérez,mclaren,McLaren,6,9,1:41.687,1:40.812,1:41.068
2013,17,ricciardo,Daniel Ricciardo,toro_rosso,Toro Rosso,19,10,1:41.884,1:40.852,1:41.111
2013,17,alonso,Fernando Alonso,ferrari,Ferrari,3,11,1:41.397,1:41.093,NaN
2013,17,resta,Paul di Resta,force_india,Force India,14,12,1:41.676,1:41.133,NaN
2013,17,button,Jenson Button,mclaren,McLaren,5,13,1:41.817,1:41.200,NaN
2013,17,vergne,Jean-Éric Vergne,toro_rosso,Toro Rosso,18,14,1:41.692,1:41.279,NaN
2013,17,maldonado,Pastor Maldonado,williams,Williams,16,15,1:41.365,1:41.395,NaN
2013,17,bottas,Valtteri Bottas,williams,Williams,17,16,1:41.862,1:41.447,NaN
2013,17,gutierrez,Esteban Gutiérrez,sauber,Sauber,12,17,1:41.999,NaN,NaN
2013,17,sutil,Adrian Sutil,force_india,Force India,15,18,1:42.051,NaN,NaN
2013,17,garde,Giedo van der Garde,caterham,Caterham,21,19,1:43.252,NaN,NaN
2013,17,jules_bianchi,Jules Bianchi,marussia,Marussia,22,20,1:43.398,NaN,NaN
2013,17,pic,Charles Pic,caterham,Caterham,20,21,1:43.528,NaN,NaN
2013,17,chilton,Max Chilton,marussia,Marussia,23,22,1:44.198,NaN,NaN
2013,18,vettel,Sebastian Vettel,red_bull,Red Bull,1,1,1:38.516,1:37.065,1:36.338
2013,18,webber,Mark Webber,red_bull,Red Bull,2,2,1:38.161,1:37.312,1:36.441
2013,18,grosjean,Romain Grosjean,lotus_f1,Lotus F1,8,3,1:38.676,1:37.523,1:37.155
2013,18,hulkenberg,Nico Hülkenberg,sauber,Sauber,11,4,1:38.339,1:37.828,1:37.296
2013,18,hamilton,Lewis Hamilton,mercedes,Mercedes,10,5,1:37.959,1:37.854,1:37.345
2013,18,alonso,Fernando Alonso,ferrari,Ferrari,3,6,1:38.929,1:37.368,1:37.376
2013,18,perez,Sergio Pérez,mclaren,McLaren,6,7,1:38.367,1:38.040,1:37.452
2013,18,kovalainen,Heikki Kovalainen,lotus_f1,Lotus F1,7,8,1:38.375,1:38.078,1:37.715
2013,18,bottas,Valtteri Bottas,williams,Williams,17,9,1:37.821,1:37.439,1:37.836
2013,18,gutierrez,Esteban Gutiérrez,sauber,Sauber,12,10,1:38.082,1:38.031,1:38.034
2013,18,ricciardo,Daniel Ricciardo,toro_rosso,Toro Rosso,19,11,1:38.882,1:38.131,NaN
2013,18,resta,Paul di Resta,force_india,Force India,14,12,1:38.894,1:38.139,NaN
2013,18,button,Jenson Button,mclaren,McLaren,5,13,1:38.588,1:38.217,NaN
2013,18,rosberg,Nico Rosberg,mercedes,Mercedes,9,14,1:38.743,1:38.364,NaN
2013,18,massa,Felipe Massa,ferrari,Ferrari,4,15,1:39.094,1:38.592,NaN
2013,18,vergne,Jean-Éric Vergne,toro_rosso,Toro Rosso,18,16,1:38.880,1:38.696,NaN
2013,18,sutil,Adrian Sutil,force_india,Force India,15,17,1:39.250,NaN,NaN
2013,18,maldonado,Pastor Maldonado,williams,Williams,16,18,1:39.351,NaN,NaN
2013,18,garde,Giedo van der Garde,caterham,Caterham,21,19,1:40.491,NaN,NaN
2013,18,jules_bianchi,Jules Bianchi,marussia,Marussia,22,20,1:40.528,NaN,NaN
2013,18,pic,Charles Pic,caterham,Caterham,20,21,1:40.596,NaN,NaN
2013,18,chilton,Max Chilton,marussia,Marussia,23,22,1:41.401,NaN,NaN
2013,19,vettel,Sebastian Vettel,red_bull,Red Bull,1,1,1:25.381,1:26.420,1:26.479
2013,19,rosberg,Nico Rosberg,mercedes,Mercedes,9,2,1:25.556,1:26.626,1:27.102
2013,19,alonso,Fernando Alonso,ferrari,Ferrari,3,3,1:26.656,1:26.590,1:27.539
2013,19,webber,Mark Webber,red_bull,Red Bull,2,4,1:26.689,1:26.963,1:27.572
2013,19,hamilton,Lewis Hamilton,mercedes,Mercedes,10,5,1:25.342,1:26.698,1:27.677
2013,19,grosjean,Romain Grosjean,lotus_f1,Lotus F1,8,6,1:26.453,1:26.161,1:27.737
2013,19,ricciardo,Daniel Ricciardo,toro_rosso,Toro Rosso,19,7,1:27.209,1:27.078,1:28.052
2013,19,vergne,Jean-Éric Vergne,toro_rosso,Toro Rosso,18,8,1:27.124,1:27.363,1:28.081
2013,19,massa,Felipe Massa,ferrari,Ferrari,4,9,1:26.817,1:27.049,1:28.109
2013,19,hulkenberg,Nico Hülkenberg,sauber,Sauber,11,10,1:26.071,1:27.441,1:29.582
2013,19,kovalainen,Heikki Kovalainen,lotus_f1,Lotus F1,7,11,1:26.266,1:27.456,NaN
2013,19,resta,Paul di Resta,force_india,Force India,14,12,1:26.275,1:27.798,NaN
2013,19,bottas,Valtteri Bottas,williams,Williams,17,13,1:26.790,1:27.954,NaN
2013,19,perez,Sergio Pérez,mclaren,McLaren,6,14,1:26.741,1:28.269,NaN
2013,19,button,Jenson Button,mclaren,McLaren,5,15,1:26.398,1:28.308,NaN
2013,19,sutil,Adrian Sutil,force_india,Force India,15,16,1:26.874,1:28.586,NaN
2013,19,maldonado,Pastor Maldonado,williams,Williams,16,17,1:27.367,NaN,NaN
2013,19,gutierrez,Esteban Gutiérrez,sauber,Sauber,12,18,1:27.455,NaN,NaN
2013,19,pic,Charles Pic,caterham,Caterham,20,19,1:27.843,NaN,NaN
2013,19,garde,Giedo van der Garde,caterham,Caterham,21,20,1:28.320,NaN,NaN
2013,19,jules_bianchi,Jules Bianchi,marussia,Marussia,22,21,1:28.366,NaN,NaN
2013,19,chilton,Max Chilton,marussia,Marussia,23,22,1:28.950,NaN,NaN
2014,1,hamilton,Lewis Hamilton,mercedes,Mercedes,44,1,1:31.699,1:42.890,1:44.231
2014,1,ricciardo,Daniel Ricciardo,red_bull,Red Bull,3,2,1:30.775,1:42.295,1:44.548
2014,1,rosberg,Nico Rosberg,mercedes,Mercedes,6,3,1:32.564,1:42.264,1:44.595
2014,1,kevin_magnussen,Kevin Magnussen,mclaren,McLaren,20,4,1:30.949,1:43.247,1:45.745
2014,1,alonso,Fernando Alonso,ferrari,Ferrari,14,5,1:31.388,1:42.805,1:45.819
2014,1,vergne,Jean-Éric Vergne,toro_rosso,Toro Rosso,25,6,1:33.488,1:43.849,1:45.864
2014,1,hulkenberg,Nico Hülkenberg,force_india,Force India,27,7,1:33.893,1:43.658,1:46.030
2014,1,kvyat,Daniil Kvyat,toro_rosso,Toro Rosso,26,8,1:33.777,1:44.331,1:47.368
2014,1,massa,Felipe Massa,williams,Williams,19,9,1:31.228,1:44.242,1:48.079
2014,1,bottas,Valtteri Bottas,williams,Williams,77,10,1:31.601,1:43.852,1:48.147
2014,1,button,Jenson Button,mclaren,McLaren,22,11,1:31.396,1:44.437,NaN
2014,1,raikkonen,Kimi Räikkönen,ferrari,Ferrari,7,12,1:32.439,1:44.494,NaN
2014,1,vettel,Sebastian Vettel,red_bull,Red Bull,1,13,1:31.931,1:44.688,NaN
2014,1,sutil,Adrian Sutil,sauber,Sauber,99,14,1:33.673,1:45.655,NaN
2014,1,kobayashi,Kamui Kobayashi,caterham,Caterham,10,15,1:34.274,1:45.867,NaN
2014,1,perez,Sergio Pérez,force_india,Force India,11,16,1:34.141,1:47.293,NaN
2014,1,chilton,Max Chilton,marussia,Marussia,4,17,1:34.293,NaN,NaN
2014,1,jules_bianchi,Jules Bianchi,marussia,Marussia,17,18,1:34.794,NaN,NaN
2014,1,gutierrez,Esteban Gutiérrez,sauber,Sauber,21,19,1:35.117,NaN,NaN
2014,1,ericsson,Marcus Ericsson,caterham,Caterham,9,20,1:35.157,NaN,NaN
2014,1,grosjean,Romain Grosjean,lotus_f1,Lotus F1,8,21,1:36.993,NaN,NaN
2014,1,maldonado,Pastor Maldonado,lotus_f1,Lotus F1,13,22,,NaN,NaN
2014,2,hamilton,Lewis Hamilton,mercedes,Mercedes,44,1,1:57.202,1:59.041,1:59.431
2014,2,vettel,Sebastian Vettel,red_bull,Red Bull,1,2,1:57.654,1:59.399,1:59.486
2014,2,rosberg,Nico Rosberg,mercedes,Mercedes,6,3,1:57.183,1:59.445,2:00.050
2014,2,alonso,Fernando Alonso,ferrari,Ferrari,14,4,1:58.889,2:01.356,2:00.175
2014,2,ricciardo,Daniel Ricciardo,red_bull,Red Bull,3,5,1:58.913,2:00.147,2:00.541
2014,2,raikkonen,Kimi Räikkönen,ferrari,Ferrari,7,6,1:59.257,2:01.532,2:01.218
2014,2,hulkenberg,Nico Hülkenberg,force_india,Force India,27,7,1:58.883,2:00.839,2:01.712
2014,2,kevin_magnussen,Kevin Magnussen,mclaren,McLaren,20,8,2:00.356,2:02.094,2:02.213
2014,2,vergne,Jean-Éric Vergne,toro_rosso,Toro Rosso,25,9,2:01.689,2:02.096,2:03.078
2014,2,button,Jenson Button,mclaren,McLaren,22,10,2:00.889,2:01.810,2:04.053
2014,2,kvyat,Daniil Kvyat,toro_rosso,Toro Rosso,26,11,2:01.175,2:02.351,NaN
2014,2,gutierrez,Esteban Gutiérrez,sauber,Sauber,21,12,2:01.134,2:02.369,NaN
2014,2,massa,Felipe Massa,williams,Williams,19,13,2:00.047,2:02.460,NaN
2014,2,perez,Sergio Pérez,force_india,Force India,11,14,2:00.076,2:02.511,NaN
2014,2,bottas,Valtteri Bottas,williams,Williams,77,15,1:59.709,2:02.756,NaN
2014,2,grosjean,Romain Grosjean,lotus_f1,Lotus F1,8,16,2:00.202,2:02.885,NaN
2014,2,maldonado,Pastor Maldonado,lotus_f1,Lotus F1,13,17,2:02.074,NaN,NaN
2014,2,sutil,Adrian Sutil,sauber,Sauber,99,18,2:02.131,NaN,NaN
2014,2,jules_bianchi,Jules Bianchi,marussia,Marussia,17,19,2:02.702,NaN,NaN
2014,2,kobayashi,Kamui Kobayashi,caterham,Caterham,10,20,2:03.595,NaN,NaN
2014,2,chilton,Max Chilton,marussia,Marussia,4,21,2:04.388,NaN,NaN
2014,2,ericsson,Marcus Ericsson,caterham,Caterham,9,22,2:04.407,NaN,NaN
2014,3,rosberg,Nico Rosberg,mercedes,Mercedes,6,1,1:35.439,1:33.708,1:33.185
2014,3,hamilton,Lewis Hamilton,mercedes,Mercedes,44,2,1:35.323,1:33.872,1:33.464
2014,3,ricciardo,Daniel Ricciardo,red_bull,Red Bull,3,3,1:36.220,1:34.592,1:34.051
2014,3,bottas,Valtteri Bottas,williams,Williams,77,4,1:34.934,1:34.842,1:34.247
2014,3,perez,Sergio Pérez,force_india,Force India,11,5,1:34.998,1:34.747,1:34.346
2014,3,raikkonen,Kimi Räikkönen,ferrari,Ferrari,7,6,1:35.234,1:34.925,1:34.368
2014,3,button,Jenson Button,mclaren,McLaren,22,7,1:35.699,1:34.714,1:34.387
2014,3,massa,Felipe Massa,williams,Williams,19,8,1:35.085,1:34.842,1:34.511
2014,3,kevin_magnussen,Kevin Magnussen,mclaren,McLaren,20,9,1:35.288,1:34.904,1:34.712
2014,3,alonso,Fernando Alonso,ferrari,Ferrari,14,10,1:35.251,1:34.723,1:34.992
2014,3,vettel,Sebastian Vettel,red_bull,Red Bull,1,11,1:35.549,1:34.985,NaN
2014,3,hulkenberg,Nico Hülkenberg,force_india,Force India,27,12,1:34.874,1:35.116,NaN
2014,3,kvyat,Daniil Kvyat,toro_rosso,Toro Rosso,26,13,1:35.395,1:35.145,NaN
2014,3,vergne,Jean-Éric Vergne,toro_rosso,Toro Rosso,25,14,1:35.815,1:35.286,NaN
2014,3,gutierrez,Esteban Gutiérrez,sauber,Sauber,21,15,1:36.567,1:35.891,NaN
2014,3,grosjean,Romain Grosjean,lotus_f1,Lotus F1,8,16,1:36.654,1:35.908,NaN
2014,3,maldonado,Pastor Maldonado,lotus_f1,Lotus F1,13,17,1:36.663,NaN,NaN
2014,3,sutil,Adrian Sutil,sauber,Sauber,99,18,1:36.840,NaN,NaN
2014,3,kobayashi,Kamui Kobayashi,caterham,Caterham,10,19,1:37.085,NaN,NaN
2014,3,jules_bianchi,Jules Bianchi,marussia,Marussia,17,20,1:37.310,NaN,NaN
2014,3,ericsson,Marcus Ericsson,caterham,Caterham,9,21,1:37.875,NaN,NaN
2014,3,chilton,Max Chilton,marussia,Marussia,4,22,1:37.913,NaN,NaN
2014,4,hamilton,Lewis Hamilton,mercedes,Mercedes,44,1,1:55.516,1:54.029,1:53.860
2014,4,ricciardo,Daniel Ricciardo,red_bull,Red Bull,3,2,1:56.641,1:55.302,1:54.455
2014,4,vettel,Sebastian Vettel,red_bull,Red Bull,1,3,1:55.926,1:54.499,1:54.960
2014,4,rosberg,Nico Rosberg,mercedes,Mercedes,6,4,1:56.058,1:55.294,1:55.143
2014,4,alonso,Fernando Alonso,ferrari,Ferrari,14,5,1:56.961,1:55.765,1:55.637
2014,4,massa,Felipe Massa,williams,Williams,19,6,1:56.850,1:56.757,1:56.147
2014,4,bottas,Valtteri Bottas,williams,Williams,77,7,1:56.501,1:56.253,1:56.282
2014,4,hulkenberg,Nico Hülkenberg,force_india,Force India,27,8,1:55.913,1:56.847,1:56.366
2014,4,vergne,Jean-Éric Vergne,toro_rosso,Toro Rosso,25,9,1:57.477,1:56.584,1:56.773
2014,4,grosjean,Romain Grosjean,lotus_f1,Lotus F1,8,10,1:58.411,1:56.407,1:57.079
2014,4,raikkonen,Kimi Räikkönen,ferrari,Ferrari,7,11,1:58.279,1:56.860,NaN
2014,4,button,Jenson Button,mclaren,McLaren,22,12,1:57.783,1:56.963,NaN
2014,4,kvyat,Daniil Kvyat,toro_rosso,Toro Rosso,26,13,1:57.261,1:57.289,NaN
2014,4,sutil,Adrian Sutil,sauber,Sauber,99,14,1:58.138,1:57.393,NaN
2014,4,kevin_magnussen,Kevin Magnussen,mclaren,McLaren,20,15,1:57.369,1:57.675,NaN
2014,4,perez,Sergio Pérez,force_india,Force India,11,16,1:58.362,1:58.264,NaN
2014,4,gutierrez,Esteban Gutiérrez,sauber,Sauber,21,17,1:58.988,NaN,NaN
2014,4,kobayashi,Kamui Kobayashi,caterham,Caterham,10,18,1:59.260,NaN,NaN
2014,4,jules_bianchi,Jules Bianchi,marussia,Marussia,17,19,1:59.326,NaN,NaN
2014,4,ericsson,Marcus Ericsson,caterham,Caterham,9,20,2:00.646,NaN,NaN
2014,4,chilton,Max Chilton,marussia,Marussia,4,21,2:00.865,NaN,NaN
2014,4,maldonado,Pastor Maldonado,lotus_f1,Lotus F1,13,22,,NaN,NaN
2014,5,hamilton,Lewis Hamilton,mercedes,Mercedes,44,1,1:27.238,1:26.210,1:25.232
2014,5,rosberg,Nico Rosberg,mercedes,Mercedes,6,2,1:26.764,1:26.088,1:25.400
2014,5,ricciardo,Daniel Ricciardo,red_bull,Red Bull,3,3,1:28.053,1:26.613,1:26.285
2014,5,bottas,Valtteri Bottas,williams,Williams,77,4,1:28.198,1:27.563,1:26.632
2014,5,grosjean,Romain Grosjean,lotus_f1,Lotus F1,8,5,1:28.472,1:27.258,1:26.960
2014,5,raikkonen,Kimi Räikkönen,ferrari,Ferrari,7,6,1:28.308,1:27.335,1:27.104
2014,5,alonso,Fernando Alonso,ferrari,Ferrari,14,7,1:28.329,1:27.602,1:27.140
2014,5,button,Jenson Button,mclaren,McLaren,22,8,1:28.279,1:27.570,1:27.335
2014,5,massa,Felipe Massa,williams,Williams,19,9,1:28.061,1:27.016,1:27.402
2014,5,vettel,Sebastian Vettel,red_bull,Red Bull,1,10,1:27.958,1:27.052,NaN
2014,5,hulkenberg,Nico Hülkenberg,force_india,Force India,27,11,1:28.155,1:27.685,NaN
2014,5,perez,Sergio Pérez,force_india,Force India,11,12,1:28.469,1:28.002,NaN
2014,5,kvyat,Daniil Kvyat,toro_rosso,Toro Rosso,26,13,1:28.074,1:28.039,NaN
2014,5,gutierrez,Esteban Gutiérrez,sauber,Sauber,21,14,1:28.374,1:28.280,NaN
2014,5,kevin_magnussen,Kevin Magnussen,mclaren,McLaren,20,15,1:28.389,NaN,NaN
2014,5,vergne,Jean-Éric Vergne,toro_rosso,Toro Rosso,25,16,1:28.194,NaN,NaN
2014,5,sutil,Adrian Sutil,sauber,Sauber,99,17,1:28.563,NaN,NaN
2014,5,chilton,Max Chilton,marussia,Marussia,4,18,1:29.586,NaN,NaN
2014,5,jules_bianchi,Jules Bianchi,marussia,Marussia,17,19,1:30.177,NaN,NaN
2014,5,ericsson,Marcus Ericsson,caterham,Caterham,9,20,1:30.312,NaN,NaN
2014,5,kobayashi,Kamui Kobayashi,caterham,Caterham,10,21,1:30.375,NaN,NaN
2014,5,maldonado,Pastor Maldonado,lotus_f1,Lotus F1,13,22,,NaN,NaN
2014,6,rosberg,Nico Rosberg,mercedes,Mercedes,6,1,1:17.678,1:16.465,1:15.989
2014,6,hamilton,Lewis Hamilton,mercedes,Mercedes,44,2,1:17.823,1:16.354,1:16.048
2014,6,ricciardo,Daniel Ricciardo,red_bull,Red Bull,3,3,1:17.900,1:17.233,1:16.384
2014,6,vettel,Sebastian Vettel,red_bull,Red Bull,1,4,1:18.383,1:17.074,1:16.547
2014,6,alonso,Fernando Alonso,ferrari,Ferrari,14,5,1:17.853,1:17.200,1:16.686
2014,6,raikkonen,Kimi Räikkönen,ferrari,Ferrari,7,6,1:17.902,1:17.398,1:17.389
2014,6,vergne,Jean-Éric Vergne,toro_rosso,Toro Rosso,25,7,1:17.557,1:17.657,1:17.540
2014,6,kevin_magnussen,Kevin Magnussen,mclaren,McLaren,20,8,1:17.978,1:17.609,1:17.555
2014,6,kvyat,Daniil Kvyat,toro_rosso,Toro Rosso,26,9,1:18.616,1:17.594,1:18.090
2014,6,perez,Sergio Pérez,force_india,Force India,11,10,1:18.108,1:17.755,1:18.327
2014,6,hulkenberg,Nico Hülkenberg,force_india,Force India,27,11,1:18.432,1:17.846,NaN
2014,6,button,Jenson Button,mclaren,McLaren,22,12,1:17.890,1:17.988,NaN
2014,6,bottas,Valtteri Bottas,williams,Williams,77,13,1:18.407,1:18.082,NaN
2014,6,grosjean,Romain Grosjean,lotus_f1,Lotus F1,8,14,1:18.335,1:18.196,NaN
2014,6,maldonado,Pastor Maldonado,lotus_f1,Lotus F1,13,15,1:18.585,1:18.356,NaN
2014,6,massa,Felipe Massa,williams,Williams,19,16,1:18.209,NaN,NaN
2014,6,gutierrez,Esteban Gutiérrez,sauber,Sauber,21,17,1:18.741,NaN,NaN
2014,6,sutil,Adrian Sutil,sauber,Sauber,99,18,1:18.745,NaN,NaN
2014,6,jules_bianchi,Jules Bianchi,marussia,Marussia,17,19,1:19.332,NaN,NaN
2014,6,chilton,Max Chilton,marussia,Marussia,4,20,1:19.928,NaN,NaN
2014,6,kobayashi,Kamui Kobayashi,caterham,Caterham,10,21,1:20.133,NaN,NaN
2014,6,ericsson,Marcus Ericsson,caterham,Caterham,9,22,1:21.732,NaN,NaN
2014,7,rosberg,Nico Rosberg,mercedes,Mercedes,6,1,1:16.471,1:15.289,1:14.874
2014,7,hamilton,Lewis Hamilton,mercedes,Mercedes,44,2,1:15.750,1:15.054,1:14.953
2014,7,vettel,Sebastian Vettel,red_bull,Red Bull,1,3,1:17.470,1:16.109,1:15.548
2014,7,bottas,Valtteri Bottas,williams,Williams,77,4,1:16.772,1:15.806,1:15.550
2014,7,massa,Felipe Massa,williams,Williams,19,5,1:16.666,1:15.773,1:15.578
2014,7,ricciardo,Daniel Ricciardo,red_bull,Red Bull,3,6,1:17.113,1:15.897,1:15.589
2014,7,alonso,Fernando Alonso,ferrari,Ferrari,14,7,1:17.010,1:16.131,1:15.814
2014,7,vergne,Jean-Éric Vergne,toro_rosso,Toro Rosso,25,8,1:17.178,1:16.255,1:16.162
2014,7,button,Jenson Button,mclaren,McLaren,22,9,1:16.631,1:16.214,1:16.182
2014,7,raikkonen,Kimi Räikkönen,ferrari,Ferrari,7,10,1:17.013,1:16.245,1:16.214
2014,7,hulkenberg,Nico Hülkenberg,force_india,Force India,27,11,1:16.897,1:16.300,NaN
2014,7,kevin_magnussen,Kevin Magnussen,mclaren,McLaren,20,12,1:16.446,1:16.310,NaN
2014,7,perez,Sergio Pérez,force_india,Force India,11,13,1:18.235,1:16.472,NaN
2014,7,grosjean,Romain Grosjean,lotus_f1,Lotus F1,8,14,1:17.732,1:16.687,NaN
2014,7,kvyat,Daniil Kvyat,toro_rosso,Toro Rosso,26,15,1:16.938,1:16.713,NaN
2014,7,sutil,Adrian Sutil,sauber,Sauber,99,16,1:17.519,1:17.314,NaN
2014,7,maldonado,Pastor Maldonado,lotus_f1,Lotus F1,13,17,1:18.328,NaN,NaN
2014,7,chilton,Max Chilton,marussia,Marussia,4,18,1:18.348,NaN,NaN
2014,7,jules_bianchi,Jules Bianchi,marussia,Marussia,17,19,1:18.359,NaN,NaN
2014,7,kobayashi,Kamui Kobayashi,caterham,Caterham,10,20,1:19.278,NaN,NaN
2014,7,ericsson,Marcus Ericsson,caterham,Caterham,9,21,1:19.820,NaN,NaN
2014,7,gutierrez,Esteban Gutiérrez,sauber,Sauber,21,22,,NaN,NaN
2014,8,massa,Felipe Massa,williams,Williams,19,1,1:10.292,1:09.239,1:08.759
2014,8,bottas,Valtteri Bottas,williams,Williams,77,2,1:10.356,1:09.096,1:08.846
2014,8,rosberg,Nico Rosberg,mercedes,Mercedes,6,3,1:09.695,1:08.974,1:08.944
2014,8,alonso,Fernando Alonso,ferrari,Ferrari,14,4,1:10.405,1:09.479,1:09.285
2014,8,ricciardo,Daniel Ricciardo,red_bull,Red Bull,3,5,1:10.395,1:09.638,1:09.466
2014,8,kevin_magnussen,Kevin Magnussen,mclaren,McLaren,20,6,1:10.081,1:09.473,1:09.515
2014,8,kvyat,Daniil Kvyat,toro_rosso,Toro Rosso,26,7,1:09.678,1:09.490,1:09.619
2014,8,raikkonen,Kimi Räikkönen,ferrari,Ferrari,7,8,1:10.285,1:09.657,1:10.795
2014,8,hamilton,Lewis Hamilton,mercedes,Mercedes,44,9,1:09.514,1:09.092,NaN
2014,8,hulkenberg,Nico Hülkenberg,force_india,Force India,27,10,1:10.389,1:09.624,NaN
2014,8,perez,Sergio Pérez,force_india,Force India,11,11,1:10.124,1:09.754,NaN
2014,8,button,Jenson Button,mclaren,McLaren,22,12,1:10.252,1:09.780,NaN
2014,8,vettel,Sebastian Vettel,red_bull,Red Bull,1,13,1:10.630,1:09.801,NaN
2014,8,maldonado,Pastor Maldonado,lotus_f1,Lotus F1,13,14,1:10.821,1:09.939,NaN
2014,8,vergne,Jean-Éric Vergne,toro_rosso,Toro Rosso,25,15,1:10.161,1:10.073,NaN
2014,8,grosjean,Romain Grosjean,lotus_f1,Lotus F1,8,16,1:10.461,1:10.642,NaN
2014,8,sutil,Adrian Sutil,sauber,Sauber,99,17,1:10.825,NaN,NaN
2014,8,gutierrez,Esteban Gutiérrez,sauber,Sauber,21,18,1:11.349,NaN,NaN
2014,8,jules_bianchi,Jules Bianchi,marussia,Marussia,17,19,1:11.412,NaN,NaN
2014,8,kobayashi,Kamui Kobayashi,caterham,Caterham,10,20,1:11.673,NaN,NaN
2014,8,chilton,Max Chilton,marussia,Marussia,4,21,1:11.775,NaN,NaN
2014,8,ericsson,Marcus Ericsson,caterham,Caterham,9,22,1:12.673,NaN,NaN
2014,9,rosberg,Nico Rosberg,mercedes,Mercedes,6,1,1:40.380,1:35.179,1:35.766
2014,9,vettel,Sebastian Vettel,red_bull,Red Bull,1,2,1:45.086,1:36.410,1:37.386
2014,9,button,Jenson Button,mclaren,McLaren,22,3,1:44.425,1:36.579,1:38.200
2014,9,hulkenberg,Nico Hülkenberg,force_india,Force India,27,4,1:41.271,1:37.112,1:38.329
2014,9,kevin_magnussen,Kevin Magnussen,mclaren,McLaren,20,5,1:42.507,1:37.370,1:38.417
2014,9,hamilton,Lewis Hamilton,mercedes,Mercedes,44,6,1:41.058,1:34.870,1:39.232
2014,9,perez,Sergio Pérez,force_india,Force India,11,7,1:42.146,1:37.350,1:40.457
2014,9,ricciardo,Daniel Ricciardo,red_bull,Red Bull,3,8,1:44.710,1:38.166,1:40.606
2014,9,kvyat,Daniil Kvyat,toro_rosso,Toro Rosso,26,9,1:41.032,1:36.813,1:40.707
2014,9,vergne,Jean-Éric Vergne,toro_rosso,Toro Rosso,25,10,1:43.040,1:37.800,1:40.855
2014,9,grosjean,Romain Grosjean,lotus_f1,Lotus F1,8,11,1:43.121,1:38.496,NaN
2014,9,jules_bianchi,Jules Bianchi,marussia,Marussia,17,12,1:41.169,1:38.709,NaN
2014,9,chilton,Max Chilton,marussia,Marussia,4,13,1:42.082,1:39.800,NaN
2014,9,gutierrez,Esteban Gutiérrez,sauber,Sauber,21,14,1:43.285,1:40.912,NaN
2014,9,maldonado,Pastor Maldonado,lotus_f1,Lotus F1,13,15,1:43.892,1:44.018,NaN
2014,9,sutil,Adrian Sutil,sauber,Sauber,99,16,1:42.603,NaN,NaN
2014,9,bottas,Valtteri Bottas,williams,Williams,77,17,1:45.318,NaN,NaN
2014,9,massa,Felipe Massa,williams,Williams,19,18,1:45.695,NaN,NaN
2014,9,alonso,Fernando Alonso,ferrari,Ferrari,14,19,1:45.935,NaN,NaN
2014,9,raikkonen,Kimi Räikkönen,ferrari,Ferrari,7,20,1:46.684,NaN,NaN
2014,9,ericsson,Marcus Ericsson,caterham,Caterham,9,21,1:49.421,NaN,NaN
2014,9,kobayashi,Kamui Kobayashi,caterham,Caterham,10,22,1:49.625,NaN,NaN
2014,10,rosberg,Nico Rosberg,mercedes,Mercedes,6,1,1:17.631,1:17.109,1:16.540
2014,10,bottas,Valtteri Bottas,williams,Williams,77,2,1:18.215,1:17.353,1:16.759
2014,10,massa,Felipe Massa,williams,Williams,19,3,1:18.381,1:17.370,1:17.078
2014,10,kevin_magnussen,Kevin Magnussen,mclaren,McLaren,20,4,1:18.260,1:17.788,1:17.214
2014,10,ricciardo,Daniel Ricciardo,red_bull,Red Bull,3,5,1:18.117,1:17.855,1:17.273
2014,10,vettel,Sebastian Vettel,red_bull,Red Bull,1,6,1:18.194,1:17.646,1:17.577
2014,10,alonso,Fernando Alonso,ferrari,Ferrari,14,7,1:18.389,1:17.866,1:17.649
2014,10,kvyat,Daniil Kvyat,toro_rosso,Toro Rosso,26,8,1:18.530,1:18.103,1:17.965
2014,10,hulkenberg,Nico Hülkenberg,force_india,Force India,27,9,1:18.927,1:18.017,1:18.014
2014,10,perez,Sergio Pérez,force_india,Force India,11,10,1:18.916,1:18.161,1:18.035
2014,10,button,Jenson Button,mclaren,McLaren,22,11,1:18.425,1:18.193,NaN
2014,10,raikkonen,Kimi Räikkönen,ferrari,Ferrari,7,12,1:18.534,1:18.273,NaN
2014,10,vergne,Jean-Éric Vergne,toro_rosso,Toro Rosso,25,13,1:18.496,1:18.285,NaN
2014,10,gutierrez,Esteban Gutiérrez,sauber,Sauber,21,14,1:18.739,1:18.787,NaN
2014,10,grosjean,Romain Grosjean,lotus_f1,Lotus F1,8,15,1:18.894,1:18.983,NaN
2014,10,hamilton,Lewis Hamilton,mercedes,Mercedes,44,16,1:18.683,NaN,NaN
2014,10,sutil,Adrian Sutil,sauber,Sauber,99,17,1:19.142,NaN,NaN
2014,10,jules_bianchi,Jules Bianchi,marussia,Marussia,17,18,1:19.676,NaN,NaN
2014,10,maldonado,Pastor Maldonado,lotus_f1,Lotus F1,13,19,1:20.195,NaN,NaN
2014,10,kobayashi,Kamui Kobayashi,caterham,Caterham,10,20,1:20.408,NaN,NaN
2014,10,chilton,Max Chilton,marussia,Marussia,4,21,1:20.489,NaN,NaN
2014,10,ericsson,Marcus Ericsson,caterham,Caterham,9,22,,NaN,NaN
2014,11,rosberg,Nico Rosberg,mercedes,Mercedes,6,1,1:25.227,1:23.310,1:22.715
2014,11,vettel,Sebastian Vettel,red_bull,Red Bull,1,2,1:25.662,1:23.606,1:23.201
2014,11,bottas,Valtteri Bottas,williams,Williams,77,3,1:25.690,1:23.776,1:23.354
2014,11,ricciardo,Daniel Ricciardo,red_bull,Red Bull,3,4,1:25.495,1:23.676,1:23.391
2014,11,alonso,Fernando Alonso,ferrari,Ferrari,14,5,1:26.087,1:24.249,1:23.909
2014,11,massa,Felipe Massa,williams,Williams,19,6,1:26.592,1:24.030,1:24.223
2014,11,button,Jenson Button,mclaren,McLaren,22,7,1:26.612,1:24.502,1:24.294
2014,11,vergne,Jean-Éric Vergne,toro_rosso,Toro Rosso,25,8,1:24.941,1:24.637,1:24.720
2014,11,hulkenberg,Nico Hülkenberg,force_india,Force India,27,9,1:26.149,1:24.647,1:24.775
2014,11,kevin_magnussen,Kevin Magnussen,mclaren,McLaren,20,10,1:26.578,1:24.585,NaN
2014,11,kvyat,Daniil Kvyat,toro_rosso,Toro Rosso,26,11,1:25.361,1:24.706,NaN
2014,11,sutil,Adrian Sutil,sauber,Sauber,99,12,1:26.027,1:25.136,NaN
2014,11,perez,Sergio Pérez,force_india,Force India,11,13,1:25.910,1:25.211,NaN
2014,11,gutierrez,Esteban Gutiérrez,sauber,Sauber,21,14,1:25.709,1:25.260,NaN
2014,11,grosjean,Romain Grosjean,lotus_f1,Lotus F1,8,15,1:26.136,1:25.337,NaN
2014,11,jules_bianchi,Jules Bianchi,marussia,Marussia,17,16,1:26.728,1:27.419,NaN
2014,11,raikkonen,Kimi Räikkönen,ferrari,Ferrari,7,17,1:26.792,NaN,NaN
2014,11,kobayashi,Kamui Kobayashi,caterham,Caterham,10,18,1:27.139,NaN,NaN
2014,11,chilton,Max Chilton,marussia,Marussia,4,19,1:27.819,NaN,NaN
2014,11,ericsson,Marcus Ericsson,caterham,Caterham,9,20,1:28.643,NaN,NaN
2014,11,hamilton,Lewis Hamilton,mercedes,Mercedes,44,21,,NaN,NaN
2014,11,maldonado,Pastor Maldonado,lotus_f1,Lotus F1,13,22,,NaN,NaN
2014,12,rosberg,Nico Rosberg,mercedes,Mercedes,6,1,2:07.130,2:06.723,2:05.591
2014,12,hamilton,Lewis Hamilton,mercedes,Mercedes,44,2,2:07.280,2:06.609,2:05.819
2014,12,vettel,Sebastian Vettel,red_bull,Red Bull,1,3,2:10.105,2:08.868,2:07.717
2014,12,alonso,Fernando Alonso,ferrari,Ferrari,14,4,2:10.197,2:08.450,2:07.786
2014,12,ricciardo,Daniel Ricciardo,red_bull,Red Bull,3,5,2:10.089,2:08.989,2:07.911
2014,12,bottas,Valtteri Bottas,williams,Williams,77,6,2:09.250,2:08.451,2:08.049
2014,12,kevin_magnussen,Kevin Magnussen,mclaren,McLaren,20,7,2:11.081,2:08.901,2:08.679
2014,12,raikkonen,Kimi Räikkönen,ferrari,Ferrari,7,8,2:09.885,2:08.646,2:08.780
2014,12,massa,Felipe Massa,williams,Williams,19,9,2:08.403,2:08.833,2:09.178
2014,12,button,Jenson Button,mclaren,McLaren,22,10,2:10.529,2:09.272,2:09.776
2014,12,kvyat,Daniil Kvyat,toro_rosso,Toro Rosso,26,11,2:10.445,2:09.377,NaN
2014,12,vergne,Jean-Éric Vergne,toro_rosso,Toro Rosso,25,12,2:09.811,2:09.805,NaN
2014,12,perez,Sergio Pérez,force_india,Force India,11,13,2:10.666,2:10.084,NaN
2014,12,sutil,Adrian Sutil,sauber,Sauber,99,14,2:11.051,2:10.238,NaN
2014,12,grosjean,Romain Grosjean,lotus_f1,Lotus F1,8,15,2:10.898,2:11.087,NaN
2014,12,jules_bianchi,Jules Bianchi,marussia,Marussia,17,16,2:11.051,2:12.470,NaN
2014,12,maldonado,Pastor Maldonado,lotus_f1,Lotus F1,13,17,2:11.261,NaN,NaN
2014,12,hulkenberg,Nico Hülkenberg,force_india,Force India,27,18,2:11.267,NaN,NaN
2014,12,chilton,Max Chilton,marussia,Marussia,4,19,2:12.566,NaN,NaN
2014,12,gutierrez,Esteban Gutiérrez,sauber,Sauber,21,20,2:13.414,NaN,NaN
2014,12,lotterer,André Lotterer,caterham,Caterham,45,21,2:13.469,NaN,NaN
2014,12,ericsson,Marcus Ericsson,caterham,Caterham,9,22,2:14.438,NaN,NaN
2014,13,hamilton,Lewis Hamilton,mercedes,Mercedes,44,1,1:25.363,1:24.560,1:24.109
2014,13,rosberg,Nico Rosberg,mercedes,Mercedes,6,2,1:25.493,1:24.600,1:24.383
2014,13,bottas,Valtteri Bottas,williams,Williams,77,3,1:26.012,1:24.858,1:24.697
2014,13,massa,Felipe Massa,williams,Williams,19,4,1:25.528,1:25.046,1:24.865
2014,13,kevin_magnussen,Kevin Magnussen,mclaren,McLaren,20,5,1:26.337,1:25.973,1:25.314
2014,13,button,Jenson Button,mclaren,McLaren,22,6,1:26.328,1:25.630,1:25.379
2014,13,alonso,Fernando Alonso,ferrari,Ferrari,14,7,1:26.514,1:25.525,1:25.430
2014,13,vettel,Sebastian Vettel,red_bull,Red Bull,1,8,1:26.631,1:25.769,1:25.436
2014,13,ricciardo,Daniel Ricciardo,red_bull,Red Bull,3,9,1:26.721,1:25.946,1:25.709
2014,13,perez,Sergio Pérez,force_india,Force India,11,10,1:26.569,1:25.863,1:25.944
2014,13,kvyat,Daniil Kvyat,toro_rosso,Toro Rosso,26,11,1:26.261,1:26.070,NaN
2014,13,raikkonen,Kimi Räikkönen,ferrari,Ferrari,7,12,1:26.689,1:26.110,NaN
2014,13,vergne,Jean-Éric Vergne,toro_rosso,Toro Rosso,25,13,1:26.140,1:26.157,NaN
2014,13,hulkenberg,Nico Hülkenberg,force_india,Force India,27,14,1:26.371,1:26.279,NaN
2014,13,sutil,Adrian Sutil,sauber,Sauber,99,15,1:27.034,1:26.588,NaN
2014,13,gutierrez,Esteban Gutiérrez,sauber,Sauber,21,16,1:26.999,1:26.692,NaN
2014,13,maldonado,Pastor Maldonado,lotus_f1,Lotus F1,13,17,1:27.520,NaN,NaN
2014,13,grosjean,Romain Grosjean,lotus_f1,Lotus F1,8,18,1:27.632,NaN,NaN
2014,13,kobayashi,Kamui Kobayashi,caterham,Caterham,10,19,1:27.671,NaN,NaN
2014,13,jules_bianchi,Jules Bianchi,marussia,Marussia,17,20,1:27.738,NaN,NaN
2014,13,chilton,Max Chilton,marussia,Marussia,4,21,1:28.247,NaN,NaN
2014,13,ericsson,Marcus Ericsson,caterham,Caterham,9,22,1:28.562,NaN,NaN
2014,14,hamilton,Lewis Hamilton,mercedes,Mercedes,44,1,1:46.921,1:46.287,1:45.681
2014,14,rosberg,Nico Rosberg,mercedes,Mercedes,6,2,1:47.244,1:45.825,1:45.688
2014,14,ricciardo,Daniel Ricciardo,red_bull,Red Bull,3,3,1:47.488,1:46.493,1:45.854
2014,14,vettel,Sebastian Vettel,red_bull,Red Bull,1,4,1:47.476,1:46.586,1:45.902
2014,14,alonso,Fernando Alonso,ferrari,Ferrari,14,5,1:46.889,1:46.328,1:45.907
2014,14,massa,Felipe Massa,williams,Williams,19,6,1:47.615,1:46.472,1:46.000
2014,14,raikkonen,Kimi Räikkönen,ferrari,Ferrari,7,7,1:46.685,1:46.359,1:46.170
2014,14,bottas,Valtteri Bottas,williams,Williams,77,8,1:47.196,1:46.622,1:46.187
2014,14,kevin_magnussen,Kevin Magnussen,mclaren,McLaren,20,9,1:47.976,1:46.700,1:46.250
2014,14,kvyat,Daniil Kvyat,toro_rosso,Toro Rosso,26,10,1:47.656,1:46.926,1:47.362
2014,14,button,Jenson Button,mclaren,McLaren,22,11,1:47.161,1:46.943,NaN
2014,14,vergne,Jean-Éric Vergne,toro_rosso,Toro Rosso,25,12,1:47.407,1:46.989,NaN
2014,14,hulkenberg,Nico Hülkenberg,force_india,Force India,27,13,1:47.370,1:47.308,NaN
2014,14,gutierrez,Esteban Gutiérrez,sauber,Sauber,21,14,1:47.970,1:47.333,NaN
2014,14,perez,Sergio Pérez,force_india,Force India,11,15,1:48.143,1:47.575,NaN
2014,14,grosjean,Romain Grosjean,lotus_f1,Lotus F1,8,16,1:47.862,1:47.812,NaN
2014,14,sutil,Adrian Sutil,sauber,Sauber,99,17,1:48.324,NaN,NaN
2014,14,maldonado,Pastor Maldonado,lotus_f1,Lotus F1,13,18,1:49.063,NaN,NaN
2014,14,jules_bianchi,Jules Bianchi,marussia,Marussia,17,19,1:49.440,NaN,NaN
2014,14,kobayashi,Kamui Kobayashi,caterham,Caterham,10,20,1:50.405,NaN,NaN
2014,14,chilton,Max Chilton,marussia,Marussia,4,21,1:50.473,NaN,NaN
2014,14,ericsson,Marcus Ericsson,caterham,Caterham,9,22,1:52.287,NaN,NaN
2014,15,rosberg,Nico Rosberg,mercedes,Mercedes,6,1,1:33.671,1:32.950,1:32.506
2014,15,hamilton,Lewis Hamilton,mercedes,Mercedes,44,2,1:33.611,1:32.982,1:32.703
2014,15,bottas,Valtteri Bottas,williams,Williams,77,3,1:34.301,1:33.443,1:33.128
2014,15,massa,Felipe Massa,williams,Williams,19,4,1:34.483,1:33.551,1:33.527
2014,15,alonso,Fernando Alonso,ferrari,Ferrari,14,5,1:34.497,1:33.675,1:33.740
2014,15,ricciardo,Daniel Ricciardo,red_bull,Red Bull,3,6,1:35.593,1:34.466,1:34.075
2014,15,kevin_magnussen,Kevin Magnussen,mclaren,McLaren,20,7,1:34.930,1:34.229,1:34.242
2014,15,button,Jenson Button,mclaren,McLaren,22,8,1:35.150,1:34.648,1:34.317
2014,15,vettel,Sebastian Vettel,red_bull,Red Bull,1,9,1:35.517,1:34.784,1:34.432
2014,15,raikkonen,Kimi Räikkönen,ferrari,Ferrari,7,10,1:34.984,1:34.771,1:34.548
2014,15,vergne,Jean-Éric Vergne,toro_rosso,Toro Rosso,25,11,1:35.155,1:34.984,NaN
2014,15,perez,Sergio Pérez,force_india,Force India,11,12,1:35.439,1:35.089,NaN
2014,15,kvyat,Daniil Kvyat,toro_rosso,Toro Rosso,26,13,1:35.210,1:35.092,NaN
2014,15,hulkenberg,Nico Hülkenberg,force_india,Force India,27,14,1:35.000,1:35.099,NaN
2014,15,sutil,Adrian Sutil,sauber,Sauber,99,15,1:35.736,1:35.364,NaN
2014,15,gutierrez,Esteban Gutiérrez,sauber,Sauber,21,16,1:35.308,1:35.681,NaN
2014,15,maldonado,Pastor Maldonado,lotus_f1,Lotus F1,13,17,1:35.917,NaN,NaN
2014,15,grosjean,Romain Grosjean,lotus_f1,Lotus F1,8,18,1:35.984,NaN,NaN
2014,15,ericsson,Marcus Ericsson,caterham,Caterham,9,19,1:36.813,NaN,NaN
2014,15,jules_bianchi,Jules Bianchi,marussia,Marussia,17,20,1:36.943,NaN,NaN
2014,15,kobayashi,Kamui Kobayashi,caterham,Caterham,10,21,1:37.015,NaN,NaN
2014,15,chilton,Max Chilton,marussia,Marussia,4,22,1:37.481,NaN,NaN
2014,16,hamilton,Lewis Hamilton,mercedes,Mercedes,44,1,1:38.759,1:38.338,1:38.513
2014,16,rosberg,Nico Rosberg,mercedes,Mercedes,6,2,1:39.076,1:38.606,1:38.713
2014,16,bottas,Valtteri Bottas,williams,Williams,77,3,1:39.125,1:38.971,1:38.920
2014,16,button,Jenson Button,mclaren,McLaren,22,4,1:39.560,1:39.381,1:39.121
2014,16,kvyat,Daniil Kvyat,toro_rosso,Toro Rosso,26,5,1:40.074,1:39.296,1:39.277
2014,16,kevin_magnussen,Kevin Magnussen,mclaren,McLaren,20,6,1:39.735,1:39.022,1:39.629
2014,16,ricciardo,Daniel Ricciardo,red_bull,Red Bull,3,7,1:40.519,1:39.666,1:39.635
2014,16,alonso,Fernando Alonso,ferrari,Ferrari,14,8,1:40.255,1:39.786,1:39.709
2014,16,raikkonen,Kimi Räikkönen,ferrari,Ferrari,7,9,1:40.098,1:39.838,1:39.771
2014,16,vergne,Jean-Éric Vergne,toro_rosso,Toro Rosso,25,10,1:40.354,1:39.929,1:40.020
2014,16,vettel,Sebastian Vettel,red_bull,Red Bull,1,11,1:40.382,1:40.052,NaN
2014,16,hulkenberg,Nico Hülkenberg,force_india,Force India,27,12,1:40.273,1:40.058,NaN
2014,16,perez,Sergio Pérez,force_india,Force India,11,13,1:40.723,1:40.163,NaN
2014,16,gutierrez,Esteban Gutiérrez,sauber,Sauber,21,14,1:41.159,1:40.536,NaN
2014,16,sutil,Adrian Sutil,sauber,Sauber,99,15,1:40.766,1:40.984,NaN
2014,16,grosjean,Romain Grosjean,lotus_f1,Lotus F1,8,16,1:42.526,1:41.397,NaN
2014,16,ericsson,Marcus Ericsson,caterham,Caterham,9,17,1:42.648,NaN,NaN
2014,16,massa,Felipe Massa,williams,Williams,19,18,1:43.064,NaN,NaN
2014,16,kobayashi,Kamui Kobayashi,caterham,Caterham,10,19,1:43.166,NaN,NaN
2014,16,maldonado,Pastor Maldonado,lotus_f1,Lotus F1,13,20,1:43.205,NaN,NaN
2014,16,chilton,Max Chilton,marussia,Marussia,4,21,1:43.649,NaN,NaN
2014,17,rosberg,Nico Rosberg,mercedes,Mercedes,6,1,1:38.303,1:36.290,1:36.067
2014,17,hamilton,Lewis Hamilton,mercedes,Mercedes,44,2,1:37.196,1:37.287,1:36.443
2014,17,bottas,Valtteri Bottas,williams,Williams,77,3,1:38.249,1:37.499,1:36.906
2014,17,massa,Felipe Massa,williams,Williams,19,4,1:37.877,1:37.347,1:37.205
2014,17,ricciardo,Daniel Ricciardo,red_bull,Red Bull,3,5,1:38.814,1:37.873,1:37.244
2014,17,alonso,Fernando Alonso,ferrari,Ferrari,14,6,1:38.349,1:38.010,1:37.610
2014,17,button,Jenson Button,mclaren,McLaren,22,7,1:38.574,1:38.024,1:37.655
2014,17,kevin_magnussen,Kevin Magnussen,mclaren,McLaren,20,8,1:38.557,1:38.047,1:37.706
2014,17,raikkonen,Kimi Räikkönen,ferrari,Ferrari,7,9,1:38.669,1:38.263,1:37.804
2014,17,sutil,Adrian Sutil,sauber,Sauber,99,10,1:38.855,1:38.378,1:38.810
2014,17,maldonado,Pastor Maldonado,lotus_f1,Lotus F1,13,11,1:38.608,1:38.467,NaN
2014,17,perez,Sergio Pérez,force_india,Force India,11,12,1:39.200,1:38.554,NaN
2014,17,hulkenberg,Nico Hülkenberg,force_india,Force India,27,13,1:38.931,1:38.598,NaN
2014,17,kvyat,Daniil Kvyat,toro_rosso,Toro Rosso,26,14,1:38.936,1:38.699,NaN
2014,17,vergne,Jean-Éric Vergne,toro_rosso,Toro Rosso,25,15,1:39.250,NaN,NaN
2014,17,gutierrez,Esteban Gutiérrez,sauber,Sauber,21,16,1:39.555,NaN,NaN
2014,17,vettel,Sebastian Vettel,red_bull,Red Bull,1,17,1:39.621,NaN,NaN
2014,17,grosjean,Romain Grosjean,lotus_f1,Lotus F1,8,18,1:39.679,NaN,NaN
2014,18,rosberg,Nico Rosberg,mercedes,Mercedes,6,1,1:10.347,1:10.303,1:10.023
2014,18,hamilton,Lewis Hamilton,mercedes,Mercedes,44,2,1:10.457,1:10.712,1:10.056
2014,18,massa,Felipe Massa,williams,Williams,19,3,1:10.602,1:10.343,1:10.247
2014,18,bottas,Valtteri Bottas,williams,Williams,77,4,1:10.832,1:10.421,1:10.305
2014,18,button,Jenson Button,mclaren,McLaren,22,5,1:11.097,1:11.127,1:10.930
2014,18,vettel,Sebastian Vettel,red_bull,Red Bull,1,6,1:11.880,1:11.129,1:10.938
2014,18,kevin_magnussen,Kevin Magnussen,mclaren,McLaren,20,7,1:11.134,1:11.211,1:10.969
2014,18,alonso,Fernando Alonso,ferrari,Ferrari,14,8,1:11.558,1:11.215,1:10.977
2014,18,ricciardo,Daniel Ricciardo,red_bull,Red Bull,3,9,1:11.593,1:11.208,1:11.075
2014,18,raikkonen,Kimi Räikkönen,ferrari,Ferrari,7,10,1:11.193,1:11.188,1:11.099
2014,18,gutierrez,Esteban Gutiérrez,sauber,Sauber,21,11,1:11.520,1:11.591,NaN
2014,18,hulkenberg,Nico Hülkenberg,force_india,Force India,27,12,1:11.848,1:11.976,NaN
2014,18,sutil,Adrian Sutil,sauber,Sauber,99,13,1:11.943,1:12.099,NaN
2014,18,kvyat,Daniil Kvyat,toro_rosso,Toro Rosso,26,14,1:11.423,NaN,NaN
2014,18,grosjean,Romain Grosjean,lotus_f1,Lotus F1,8,15,1:12.037,NaN,NaN
2014,18,vergne,Jean-Éric Vergne,toro_rosso,Toro Rosso,25,16,1:12.040,NaN,NaN
2014,18,perez,Sergio Pérez,force_india,Force India,11,17,1:12.076,NaN,NaN
2014,18,maldonado,Pastor Maldonado,lotus_f1,Lotus F1,13,18,1:12.233,NaN,NaN
2014,19,rosberg,Nico Rosberg,mercedes,Mercedes,6,1,1:41.308,1:41.459,1:40.480
2014,19,hamilton,Lewis Hamilton,mercedes,Mercedes,44,2,1:41.207,1:40.920,1:40.866
2014,19,bottas,Valtteri Bottas,williams,Williams,77,3,1:42.346,1:41.376,1:41.025
2014,19,massa,Felipe Massa,williams,Williams,19,4,1:41.475,1:41.144,1:41.119
2014,19,kvyat,Daniil Kvyat,toro_rosso,Toro Rosso,26,5,1:42.302,1:42.082,1:41.908
2014,19,button,Jenson Button,mclaren,McLaren,22,6,1:42.137,1:41.875,1:41.964
2014,19,raikkonen,Kimi Räikkönen,ferrari,Ferrari,7,7,1:42.439,1:42.168,1:42.236
2014,19,alonso,Fernando Alonso,ferrari,Ferrari,14,8,1:42.467,1:41.940,1:42.866
2014,19,kevin_magnussen,Kevin Magnussen,mclaren,McLaren,20,9,1:42.104,1:42.198,NaN
2014,19,vergne,Jean-Éric Vergne,toro_rosso,Toro Rosso,25,10,1:42.413,1:42.207,NaN
2014,19,perez,Sergio Pérez,force_india,Force India,11,11,1:42.654,1:42.239,NaN
2014,19,hulkenberg,Nico Hülkenberg,force_india,Force India,27,12,1:42.444,1:42.384,NaN
2014,19,sutil,Adrian Sutil,sauber,Sauber,99,13,1:42.746,1:43.074,NaN
2014,19,grosjean,Romain Grosjean,lotus_f1,Lotus F1,8,14,1:42.768,NaN,NaN
2014,19,gutierrez,Esteban Gutiérrez,sauber,Sauber,21,15,1:42.819,NaN,NaN
2014,19,maldonado,Pastor Maldonado,lotus_f1,Lotus F1,13,16,1:42.860,NaN,NaN
2014,19,kobayashi,Kamui Kobayashi,caterham,Caterham,10,17,1:44.540,NaN,NaN
2014,19,stevens,Will Stevens,caterham,Caterham,46,18,1:45.095,NaN,NaN
2015,1,hamilton,Lewis Hamilton,mercedes,Mercedes,44,1,1:28.586,1:26.894,1:26.327
2015,1,rosberg,Nico Rosberg,mercedes,Mercedes,6,2,1:28.906,1:27.097,1:26.921
2015,1,massa,Felipe Massa,williams,Williams,19,3,1:29.246,1:27.895,1:27.718
2015,1,vettel,Sebastian Vettel,ferrari,Ferrari,5,4,1:29.307,1:27.742,1:27.757
2015,1,raikkonen,Kimi Räikkönen,ferrari,Ferrari,7,5,1:29.754,1:27.807,1:27.790
2015,1,bottas,Valtteri Bottas,williams,Williams,77,6,1:29.641,1:27.796,1:28.087
2015,1,ricciardo,Daniel Ricciardo,red_bull,Red Bull,3,7,1:29.788,1:28.679,1:28.329
2015,1,sainz,Carlos Sainz,toro_rosso,Toro Rosso,55,8,1:29.597,1:28.601,1:28.510
2015,1,grosjean,Romain Grosjean,lotus_f1,Lotus F1,8,9,1:29.537,1:28.589,1:28.560
2015,1,maldonado,Pastor Maldonado,lotus_f1,Lotus F1,13,10,1:29.847,1:28.726,1:29.480
2015,1,nasr,Felipe Nasr,sauber,Sauber,12,11,1:30.430,1:28.800,NaN
2015,1,max_verstappen,Max Verstappen,toro_rosso,Toro Rosso,33,12,1:29.248,1:28.868,NaN
2015,1,kvyat,Daniil Kvyat,red_bull,Red Bull,26,13,1:30.402,1:29.070,NaN
2015,1,hulkenberg,Nico Hülkenberg,force_india,Force India,27,14,1:29.651,1:29.208,NaN
2015,1,perez,Sergio Pérez,force_india,Force India,11,15,1:29.990,1:29.209,NaN
2015,1,ericsson,Marcus Ericsson,sauber,Sauber,9,16,1:31.376,NaN,NaN
2015,1,button,Jenson Button,mclaren,McLaren,22,17,1:31.422,NaN,NaN
2015,1,kevin_magnussen,Kevin Magnussen,mclaren,McLaren,20,18,1:32.037,NaN,NaN
2015,2,hamilton,Lewis Hamilton,mercedes,Mercedes,44,1,1:39.269,1:41.517,1:49.834
2015,2,vettel,Sebastian Vettel,ferrari,Ferrari,5,2,1:39.814,1:39.632,1:49.908
2015,2,rosberg,Nico Rosberg,mercedes,Mercedes,6,3,1:39.374,1:39.377,1:50.299
2015,2,ricciardo,Daniel Ricciardo,red_bull,Red Bull,3,4,1:40.504,1:41.085,1:51.541
2015,2,kvyat,Daniil Kvyat,red_bull,Red Bull,26,5,1:40.546,1:41.665,1:51.951
2015,2,max_verstappen,Max Verstappen,toro_rosso,Toro Rosso,33,6,1:40.793,1:41.430,1:51.981
2015,2,massa,Felipe Massa,williams,Williams,19,7,1:40.543,1:41.230,1:52.473
2015,2,grosjean,Romain Grosjean,lotus_f1,Lotus F1,8,8,1:40.303,1:41.209,1:52.981
2015,2,bottas,Valtteri Bottas,williams,Williams,77,9,1:40.249,1:40.650,1:53.179
2015,2,ericsson,Marcus Ericsson,sauber,Sauber,9,10,1:40.340,1:41.748,1:53.261
2015,2,raikkonen,Kimi Räikkönen,ferrari,Ferrari,7,11,1:40.415,1:42.173,NaN
2015,2,maldonado,Pastor Maldonado,lotus_f1,Lotus F1,13,12,1:40.361,1:42.198,NaN
2015,2,hulkenberg,Nico Hülkenberg,force_india,Force India,27,13,1:40.830,1:43.023,NaN
2015,2,perez,Sergio Pérez,force_india,Force India,11,14,1:41.036,1:43.469,NaN
2015,2,sainz,Carlos Sainz,toro_rosso,Toro Rosso,55,15,1:39.814,1:43.701,NaN
2015,2,nasr,Felipe Nasr,sauber,Sauber,12,16,1:41.308,NaN,NaN
2015,2,button,Jenson Button,mclaren,McLaren,22,17,1:41.636,NaN,NaN
2015,2,alonso,Fernando Alonso,mclaren,McLaren,14,18,1:41.746,NaN,NaN
2015,2,merhi,Roberto Merhi,manor,Manor Marussia,98,19,1:46.677,NaN,NaN
2015,3,hamilton,Lewis Hamilton,mercedes,Mercedes,44,1,1:38.285,1:36.423,1:35.782
2015,3,rosberg,Nico Rosberg,mercedes,Mercedes,6,2,1:38.496,1:36.747,1:35.828
2015,3,vettel,Sebastian Vettel,ferrari,Ferrari,5,3,1:37.502,1:36.957,1:36.687
2015,3,massa,Felipe Massa,williams,Williams,19,4,1:38.433,1:37.357,1:36.954
2015,3,bottas,Valtteri Bottas,williams,Williams,77,5,1:38.014,1:37.763,1:37.143
2015,3,raikkonen,Kimi Räikkönen,ferrari,Ferrari,7,6,1:37.790,1:37.109,1:37.232
2015,3,ricciardo,Daniel Ricciardo,red_bull,Red Bull,3,7,1:38.534,1:37.939,1:37.540
2015,3,grosjean,Romain Grosjean,lotus_f1,Lotus F1,8,8,1:38.209,1:38.063,1:37.905
2015,3,nasr,Felipe Nasr,sauber,Sauber,12,9,1:38.521,1:38.017,1:38.067
2015,3,ericsson,Marcus Ericsson,sauber,Sauber,9,10,1:38.941,1:38.127,1:38.158
2015,3,maldonado,Pastor Maldonado,lotus_f1,Lotus F1,13,11,1:38.563,1:38.134,NaN
2015,3,kvyat,Daniil Kvyat,red_bull,Red Bull,26,12,1:39.051,1:38.209,NaN
2015,3,max_verstappen,Max Verstappen,toro_rosso,Toro Rosso,33,13,1:38.387,1:38.393,NaN
2015,3,sainz,Carlos Sainz,toro_rosso,Toro Rosso,55,14,1:38.622,1:38.538,NaN
2015,3,perez,Sergio Pérez,force_india,Force India,11,15,1:38.903,1:39.290,NaN
2015,3,hulkenberg,Nico Hülkenberg,force_india,Force India,27,16,1:39.216,NaN,NaN
2015,3,button,Jenson Button,mclaren,McLaren,22,17,1:39.276,NaN,NaN
2015,3,alonso,Fernando Alonso,mclaren,McLaren,14,18,1:39.280,NaN,NaN
2015,3,stevens,Will Stevens,manor,Manor Marussia,28,19,1:42.091,NaN,NaN
2015,3,merhi,Roberto Merhi,manor,Manor Marussia,98,20,1:42.842,NaN,NaN
2015,4,hamilton,Lewis Hamilton,mercedes,Mercedes,44,1,1:33.928,1:32.669,1:32.571
2015,4,vettel,Sebastian Vettel,ferrari,Ferrari,5,2,1:34.919,1:33.623,1:32.982
2015,4,rosberg,Nico Rosberg,mercedes,Mercedes,6,3,1:34.398,1:33.878,1:33.129
2015,4,raikkonen,Kimi Räikkönen,ferrari,Ferrari,7,4,1:34.568,1:33.540,1:33.227
2015,4,bottas,Valtteri Bottas,williams,Williams,77,5,1:34.161,1:33.897,1:33.381
2015,4,massa,Felipe Massa,williams,Williams,19,6,1:34.488,1:33.551,1:33.744
2015,4,ricciardo,Daniel Ricciardo,red_bull,Red Bull,3,7,1:34.691,1:34.403,1:33.832
2015,4,hulkenberg,Nico Hülkenberg,force_india,Force India,27,8,1:35.653,1:34.613,1:34.450
2015,4,sainz,Carlos Sainz,toro_rosso,Toro Rosso,55,9,1:35.371,1:34.641,1:34.462
2015,4,grosjean,Romain Grosjean,lotus_f1,Lotus F1,8,10,1:35.007,1:34.123,1:34.484
2015,4,perez,Sergio Pérez,force_india,Force India,11,11,1:35.451,1:34.704,NaN
2015,4,nasr,Felipe Nasr,sauber,Sauber,12,12,1:35.310,1:34.737,NaN
2015,4,ericsson,Marcus Ericsson,sauber,Sauber,9,13,1:35.438,1:35.034,NaN
2015,4,alonso,Fernando Alonso,mclaren,McLaren,14,14,1:35.205,1:35.039,NaN
2015,4,max_verstappen,Max Verstappen,toro_rosso,Toro Rosso,33,15,1:35.611,1:35.103,NaN
2015,4,maldonado,Pastor Maldonado,lotus_f1,Lotus F1,13,16,1:35.677,NaN,NaN
2015,4,kvyat,Daniil Kvyat,red_bull,Red Bull,26,17,1:35.800,NaN,NaN
2015,4,stevens,Will Stevens,manor,Manor Marussia,28,18,1:38.713,NaN,NaN
2015,4,merhi,Roberto Merhi,manor,Manor Marussia,98,19,1:39.722,NaN,NaN
2015,5,rosberg,Nico Rosberg,mercedes,Mercedes,6,1,1:26.490,1:25.166,1:24.681
2015,5,hamilton,Lewis Hamilton,mercedes,Mercedes,44,2,1:26.382,1:25.740,1:24.948
2015,5,vettel,Sebastian Vettel,ferrari,Ferrari,5,3,1:27.534,1:26.167,1:25.458
2015,5,bottas,Valtteri Bottas,williams,Williams,77,4,1:27.262,1:26.197,1:25.694
2015,5,sainz,Carlos Sainz,toro_rosso,Toro Rosso,55,5,1:26.773,1:26.475,1:26.136
2015,5,max_verstappen,Max Verstappen,toro_rosso,Toro Rosso,33,6,1:27.393,1:26.441,1:26.249
2015,5,raikkonen,Kimi Räikkönen,ferrari,Ferrari,7,7,1:26.637,1:26.016,1:26.414
2015,5,kvyat,Daniil Kvyat,red_bull,Red Bull,26,8,1:27.833,1:26.889,1:26.629
2015,5,massa,Felipe Massa,williams,Williams,19,9,1:27.165,1:26.147,1:26.757
2015,5,ricciardo,Daniel Ricciardo,red_bull,Red Bull,3,10,1:27.611,1:26.692,1:26.770
2015,5,grosjean,Romain Grosjean,lotus_f1,Lotus F1,8,11,1:27.383,1:27.375,NaN
2015,5,maldonado,Pastor Maldonado,lotus_f1,Lotus F1,13,12,1:27.281,1:27.450,NaN
2015,5,alonso,Fernando Alonso,mclaren,McLaren,14,13,1:27.941,1:27.760,NaN
2015,5,button,Jenson Button,mclaren,McLaren,22,14,1:27.813,1:27.854,NaN
2015,5,nasr,Felipe Nasr,sauber,Sauber,12,15,1:27.625,1:28.005,NaN
2015,5,ericsson,Marcus Ericsson,sauber,Sauber,9,16,1:28.112,NaN,NaN
2015,5,hulkenberg,Nico Hülkenberg,force_india,Force India,27,17,1:28.365,NaN,NaN
2015,5,perez,Sergio Pérez,force_india,Force India,11,18,1:28.442,NaN,NaN
2015,5,stevens,Will Stevens,manor,Manor Marussia,28,19,1:31.200,NaN,NaN
2015,5,merhi,Roberto Merhi,manor,Manor Marussia,98,20,1:32.038,NaN,NaN
2015,6,hamilton,Lewis Hamilton,mercedes,Mercedes,44,1,1:16.588,1:15.864,1:15.098
2015,6,rosberg,Nico Rosberg,mercedes,Mercedes,6,2,1:16.528,1:15.471,1:15.440
2015,6,vettel,Sebastian Vettel,ferrari,Ferrari,5,3,1:17.502,1:16.181,1:15.849
2015,6,ricciardo,Daniel Ricciardo,red_bull,Red Bull,3,4,1:17.254,1:16.706,1:16.041
2015,6,kvyat,Daniil Kvyat,red_bull,Red Bull,26,5,1:16.845,1:16.453,1:16.182
2015,6,raikkonen,Kimi Räikkönen,ferrari,Ferrari,7,6,1:17.660,1:16.440,1:16.427
2015,6,perez,Sergio Pérez,force_india,Force India,11,7,1:17.376,1:16.999,1:16.808
2015,6,sainz,Carlos Sainz,toro_rosso,Toro Rosso,55,8,1:17.246,1:16.762,1:16.931
2015,6,maldonado,Pastor Maldonado,lotus_f1,Lotus F1,13,9,1:17.630,1:16.775,1:16.946
2015,6,max_verstappen,Max Verstappen,toro_rosso,Toro Rosso,33,10,1:16.750,1:16.546,1:16.957
2015,6,grosjean,Romain Grosjean,lotus_f1,Lotus F1,8,11,1:17.767,1:17.007,NaN
2015,6,button,Jenson Button,mclaren,McLaren,22,12,1:17.492,1:17.093,NaN
2015,6,hulkenberg,Nico Hülkenberg,force_india,Force India,27,13,1:17.552,1:17.193,NaN
2015,6,massa,Felipe Massa,williams,Williams,19,14,1:17.679,1:17.278,NaN
2015,6,alonso,Fernando Alonso,mclaren,McLaren,14,15,1:17.778,1:26.632,NaN
2015,6,nasr,Felipe Nasr,sauber,Sauber,12,16,1:18.101,NaN,NaN
2015,6,bottas,Valtteri Bottas,williams,Williams,77,17,1:18.434,NaN,NaN
2015,6,ericsson,Marcus Ericsson,sauber,Sauber,9,18,1:18.513,NaN,NaN
2015,6,stevens,Will Stevens,manor,Manor Marussia,28,19,1:20.655,NaN,NaN
2015,6,merhi,Roberto Merhi,manor,Manor Marussia,98,20,1:20.904,NaN,NaN
2015,7,hamilton,Lewis Hamilton,mercedes,Mercedes,44,1,1:15.895,1:14.661,1:14.393
2015,7,rosberg,Nico Rosberg,mercedes,Mercedes,6,2,1:15.893,1:14.673,1:14.702
2015,7,raikkonen,Kimi Räikkönen,ferrari,Ferrari,7,3,1:16.259,1:15.348,1:15.014
2015,7,bottas,Valtteri Bottas,williams,Williams,77,4,1:16.552,1:15.506,1:15.102
2015,7,grosjean,Romain Grosjean,lotus_f1,Lotus F1,8,5,1:15.833,1:15.187,1:15.194
2015,7,maldonado,Pastor Maldonado,lotus_f1,Lotus F1,13,6,1:16.098,1:15.622,1:15.329
2015,7,hulkenberg,Nico Hülkenberg,force_india,Force India,27,7,1:16.186,1:15.706,1:15.614
2015,7,kvyat,Daniil Kvyat,red_bull,Red Bull,26,8,1:16.415,1:15.891,1:16.079
2015,7,ricciardo,Daniel Ricciardo,red_bull,Red Bull,3,9,1:16.410,1:16.006,1:16.114
2015,7,perez,Sergio Pérez,force_india,Force India,11,10,1:16.827,1:15.974,1:16.338
2015,7,sainz,Carlos Sainz,toro_rosso,Toro Rosso,55,11,1:16.611,1:16.042,NaN
2015,7,max_verstappen,Max Verstappen,toro_rosso,Toro Rosso,33,12,1:16.361,1:16.245,NaN
2015,7,ericsson,Marcus Ericsson,sauber,Sauber,9,13,1:16.796,1:16.262,NaN
2015,7,alonso,Fernando Alonso,mclaren,McLaren,14,14,1:17.012,1:16.276,NaN
2015,7,nasr,Felipe Nasr,sauber,Sauber,12,15,1:16.968,1:16.620,NaN
2015,7,vettel,Sebastian Vettel,ferrari,Ferrari,5,16,1:17.344,NaN,NaN
2015,7,massa,Felipe Massa,williams,Williams,19,17,1:17.886,NaN,NaN
2015,7,merhi,Roberto Merhi,manor,Manor Marussia,98,18,1:19.133,NaN,NaN
2015,7,stevens,Will Stevens,manor,Manor Marussia,28,19,1:19.157,NaN,NaN
2015,8,hamilton,Lewis Hamilton,mercedes,Mercedes,44,1,1:12.218,1:09.062,1:08.455
2015,8,rosberg,Nico Rosberg,mercedes,Mercedes,6,2,1:10.976,1:08.634,1:08.655
2015,8,vettel,Sebastian Vettel,ferrari,Ferrari,5,3,1:11.184,1:09.392,1:08.810
2015,8,massa,Felipe Massa,williams,Williams,19,4,1:11.830,1:09.719,1:09.192
2015,8,hulkenberg,Nico Hülkenberg,force_india,Force India,27,5,1:11.319,1:09.604,1:09.278
2015,8,bottas,Valtteri Bottas,williams,Williams,77,6,1:11.894,1:09.598,1:09.319
2015,8,max_verstappen,Max Verstappen,toro_rosso,Toro Rosso,33,7,1:11.307,1:09.631,1:09.612
2015,8,kvyat,Daniil Kvyat,red_bull,Red Bull,26,8,1:12.092,1:10.187,1:09.694
2015,8,nasr,Felipe Nasr,sauber,Sauber,12,9,1:12.001,1:09.652,1:09.713
2015,8,grosjean,Romain Grosjean,lotus_f1,Lotus F1,8,10,1:11.821,1:09.920,NaN
2015,8,maldonado,Pastor Maldonado,lotus_f1,Lotus F1,13,11,1:11.661,1:10.374,NaN
2015,8,ericsson,Marcus Ericsson,sauber,Sauber,9,12,1:12.388,1:10.426,NaN
2015,8,sainz,Carlos Sainz,toro_rosso,Toro Rosso,55,13,1:11.158,1:10.465,NaN
2015,8,ricciardo,Daniel Ricciardo,red_bull,Red Bull,3,14,1:11.973,1:10.482,NaN
2015,8,alonso,Fernando Alonso,mclaren,McLaren,14,15,1:12.508,1:10.736,NaN
2015,8,perez,Sergio Pérez,force_india,Force India,11,16,1:12.522,NaN,NaN
2015,8,button,Jenson Button,mclaren,McLaren,22,17,1:12.632,NaN,NaN
2015,8,raikkonen,Kimi Räikkönen,ferrari,Ferrari,7,18,1:12.867,NaN,NaN
2015,8,merhi,Roberto Merhi,manor,Manor Marussia,98,19,1:14.071,NaN,NaN
2015,8,stevens,Will Stevens,manor,Manor Marussia,28,20,1:15.368,NaN,NaN
2015,9,hamilton,Lewis Hamilton,mercedes,Mercedes,44,1,1:33.796,1:33.068,1:32.248
2015,9,rosberg,Nico Rosberg,mercedes,Mercedes,6,2,1:33.475,1:32.737,1:32.361
2015,9,massa,Felipe Massa,williams,Williams,19,3,1:34.542,1:33.707,1:33.085
2015,9,bottas,Valtteri Bottas,williams,Williams,77,4,1:34.171,1:33.020,1:33.149
2015,9,raikkonen,Kimi Räikkönen,ferrari,Ferrari,7,5,1:33.426,1:33.911,1:33.379
2015,9,vettel,Sebastian Vettel,ferrari,Ferrari,5,6,1:33.562,1:33.641,1:33.547
2015,9,kvyat,Daniil Kvyat,red_bull,Red Bull,26,7,1:34.422,1:33.520,1:33.636
2015,9,sainz,Carlos Sainz,toro_rosso,Toro Rosso,55,8,1:34.641,1:34.071,1:33.649
2015,9,hulkenberg,Nico Hülkenberg,force_india,Force India,27,9,1:34.594,1:33.693,1:33.673
2015,9,ricciardo,Daniel Ricciardo,red_bull,Red Bull,3,10,1:34.272,1:33.749,1:33.943
2015,9,perez,Sergio Pérez,force_india,Force India,11,11,1:34.250,1:34.268,NaN
2015,9,grosjean,Romain Grosjean,lotus_f1,Lotus F1,8,12,1:34.646,1:34.430,NaN
2015,9,max_verstappen,Max Verstappen,toro_rosso,Toro Rosso,33,13,1:34.819,1:34.502,NaN
2015,9,maldonado,Pastor Maldonado,lotus_f1,Lotus F1,13,14,1:34.877,1:34.511,NaN
2015,9,ericsson,Marcus Ericsson,sauber,Sauber,9,15,1:34.643,1:34.868,NaN
2015,9,nasr,Felipe Nasr,sauber,Sauber,12,16,1:34.888,NaN,NaN
2015,9,alonso,Fernando Alonso,mclaren,McLaren,14,17,1:34.959,NaN,NaN
2015,9,button,Jenson Button,mclaren,McLaren,22,18,1:35.207,NaN,NaN
2015,9,stevens,Will Stevens,manor,Manor Marussia,28,19,1:37.364,NaN,NaN
2015,9,merhi,Roberto Merhi,manor,Manor Marussia,98,20,1:39.377,NaN,NaN
2015,10,hamilton,Lewis Hamilton,mercedes,Mercedes,44,1,1:22.890,1:22.285,1:22.020
2015,10,rosberg,Nico Rosberg,mercedes,Mercedes,6,2,1:22.979,1:22.775,1:22.595
2015,10,vettel,Sebastian Vettel,ferrari,Ferrari,5,3,1:23.312,1:23.168,1:22.739
2015,10,ricciardo,Daniel Ricciardo,red_bull,Red Bull,3,4,1:24.408,1:23.230,1:22.774
2015,10,raikkonen,Kimi Räikkönen,ferrari,Ferrari,7,5,1:23.596,1:23.460,1:23.020
2015,10,bottas,Valtteri Bottas,williams,Williams,77,6,1:23.649,1:23.555,1:23.222
2015,10,kvyat,Daniil Kvyat,red_bull,Red Bull,26,7,1:23.587,1:23.597,1:23.332
2015,10,massa,Felipe Massa,williams,Williams,19,8,1:23.895,1:23.598,1:23.537
2015,10,max_verstappen,Max Verstappen,toro_rosso,Toro Rosso,33,9,1:24.032,1:23.781,1:23.679
2015,10,grosjean,Romain Grosjean,lotus_f1,Lotus F1,8,10,1:24.242,1:23.805,1:24.181
2015,10,hulkenberg,Nico Hülkenberg,force_india,Force India,27,11,1:24.115,1:23.826,NaN
2015,10,sainz,Carlos Sainz,toro_rosso,Toro Rosso,55,12,1:24.623,1:23.869,NaN
2015,10,perez,Sergio Pérez,force_india,Force India,11,13,1:24.444,1:24.461,NaN
2015,10,maldonado,Pastor Maldonado,lotus_f1,Lotus F1,13,14,1:23.895,1:24.609,NaN
2015,10,alonso,Fernando Alonso,mclaren,McLaren,14,15,1:24.563,NaN,NaN
2015,10,button,Jenson Button,mclaren,McLaren,22,16,1:24.739,NaN,NaN
2015,10,ericsson,Marcus Ericsson,sauber,Sauber,9,17,1:24.843,NaN,NaN
2015,10,nasr,Felipe Nasr,sauber,Sauber,12,18,1:24.997,NaN,NaN
2015,10,merhi,Roberto Merhi,manor,Manor Marussia,98,19,1:27.416,NaN,NaN
2015,10,stevens,Will Stevens,manor,Manor Marussia,28,20,1:27.949,NaN,NaN
2015,11,hamilton,Lewis Hamilton,mercedes,Mercedes,44,1,1:48.908,1:48.024,1:47.197
2015,11,rosberg,Nico Rosberg,mercedes,Mercedes,6,2,1:48.923,1:47.955,1:47.655
2015,11,bottas,Valtteri Bottas,williams,Williams,77,3,1:49.026,1:49.044,1:48.537
2015,11,grosjean,Romain Grosjean,lotus_f1,Lotus F1,8,4,1:49.353,1:48.981,1:48.561
2015,11,perez,Sergio Pérez,force_india,Force India,11,5,1:49.006,1:48.792,1:48.599
2015,11,ricciardo,Daniel Ricciardo,red_bull,Red Bull,3,6,1:49.664,1:49.042,1:48.639
2015,11,massa,Felipe Massa,williams,Williams,19,7,1:49.688,1:48.806,1:48.685
2015,11,maldonado,Pastor Maldonado,lotus_f1,Lotus F1,13,8,1:49.568,1:48.956,1:48.754
2015,11,vettel,Sebastian Vettel,ferrari,Ferrari,5,9,1:49.264,1:48.761,1:48.825
2015,11,sainz,Carlos Sainz,toro_rosso,Toro Rosso,55,10,1:49.109,1:49.065,1:49.771
2015,11,hulkenberg,Nico Hülkenberg,force_india,Force India,27,11,1:49.499,1:49.121,NaN
2015,11,kvyat,Daniil Kvyat,red_bull,Red Bull,26,12,1:49.469,1:49.228,NaN
2015,11,ericsson,Marcus Ericsson,sauber,Sauber,9,13,1:49.523,1:49.586,NaN
2015,11,raikkonen,Kimi Räikkönen,ferrari,Ferrari,7,14,1:49.288,NaN,NaN
2015,11,max_verstappen,Max Verstappen,toro_rosso,Toro Rosso,33,15,1:49.831,NaN,NaN
2015,11,nasr,Felipe Nasr,sauber,Sauber,12,16,1:49.952,NaN,NaN
2015,11,button,Jenson Button,mclaren,McLaren,22,17,1:50.978,NaN,NaN
2015,11,alonso,Fernando Alonso,mclaren,McLaren,14,18,1:51.420,NaN,NaN
2015,11,stevens,Will Stevens,marussia,Marussia,28,19,1:52.948,NaN,NaN
2015,11,merhi,Roberto Merhi,marussia,Marussia,98,20,1:53.099,NaN,NaN
2015,12,hamilton,Lewis Hamilton,mercedes,Mercedes,44,1,1:24.251,1:23.383,1:23.397
2015,12,raikkonen,Kimi Räikkönen,ferrari,Ferrari,7,2,1:24.662,1:23.757,1:23.631
2015,12,vettel,Sebastian Vettel,ferrari,Ferrari,5,3,1:24.989,1:23.577,1:23.685
2015,12,rosberg,Nico Rosberg,mercedes,Mercedes,6,4,1:24.609,1:23.864,1:23.703
2015,12,massa,Felipe Massa,williams,Williams,19,5,1:25.184,1:23.983,1:23.940
2015,12,bottas,Valtteri Bottas,williams,Williams,77,6,1:24.979,1:24.313,1:24.127
2015,12,perez,Sergio Pérez,force_india,Force India,11,7,1:24.801,1:24.379,1:24.626
2015,12,grosjean,Romain Grosjean,lotus_f1,Lotus F1,8,8,1:25.144,1:24.448,1:25.054
2015,12,hulkenberg,Nico Hülkenberg,force_india,Force India,27,9,1:24.937,1:24.510,1:25.317
2015,12,ericsson,Marcus Ericsson,sauber,Sauber,9,10,1:25.122,1:24.457,1:26.214
2015,12,maldonado,Pastor Maldonado,lotus_f1,Lotus F1,13,11,1:25.429,1:24.525,NaN
2015,12,nasr,Felipe Nasr,sauber,Sauber,12,12,1:25.121,1:24.898,NaN
2015,12,sainz,Carlos Sainz,toro_rosso,Toro Rosso,55,13,1:25.410,1:25.618,NaN
2015,12,kvyat,Daniil Kvyat,red_bull,Red Bull,26,14,1:25.742,1:25.796,NaN
2015,12,ricciardo,Daniel Ricciardo,red_bull,Red Bull,3,15,1:25.633,NaN,NaN
2015,12,button,Jenson Button,mclaren,McLaren,22,16,1:26.058,NaN,NaN
2015,12,alonso,Fernando Alonso,mclaren,McLaren,14,17,1:26.154,NaN,NaN
2015,12,stevens,Will Stevens,manor,Manor Marussia,28,18,1:27.731,NaN,NaN
2015,12,merhi,Roberto Merhi,manor,Manor Marussia,98,19,1:27.912,NaN,NaN
2015,12,max_verstappen,Max Verstappen,toro_rosso,Toro Rosso,33,20,,NaN,NaN
2015,13,vettel,Sebastian Vettel,ferrari,Ferrari,5,1,1:46.017,1:44.743,1:43.885
2015,13,ricciardo,Daniel Ricciardo,red_bull,Red Bull,3,2,1:46.166,1:45.291,1:44.428
2015,13,raikkonen,Kimi Räikkönen,ferrari,Ferrari,7,3,1:46.467,1:45.140,1:44.667
2015,13,kvyat,Daniil Kvyat,red_bull,Red Bull,26,4,1:45.340,1:44.979,1:44.745
2015,13,hamilton,Lewis Hamilton,mercedes,Mercedes,44,5,1:45.765,1:45.650,1:45.300
2015,13,rosberg,Nico Rosberg,mercedes,Mercedes,6,6,1:46.201,1:45.653,1:45.415
2015,13,bottas,Valtteri Bottas,williams,Williams,77,7,1:46.231,1:45.887,1:45.676
2015,13,max_verstappen,Max Verstappen,toro_rosso,Toro Rosso,33,8,1:46.483,1:45.635,1:45.798
2015,13,massa,Felipe Massa,williams,Williams,19,9,1:46.879,1:45.701,1:46.077
2015,13,grosjean,Romain Grosjean,lotus_f1,Lotus F1,8,10,1:46.860,1:45.805,1:46.413
2015,13,hulkenberg,Nico Hülkenberg,force_india,Force India,27,11,1:46.669,1:46.305,NaN
2015,13,alonso,Fernando Alonso,mclaren,McLaren,14,12,1:46.600,1:46.328,NaN
2015,13,perez,Sergio Pérez,force_india,Force India,11,13,1:46.576,1:46.385,NaN
2015,13,sainz,Carlos Sainz,toro_rosso,Toro Rosso,55,14,1:46.465,1:46.894,NaN
2015,13,button,Jenson Button,mclaren,McLaren,22,15,1:45.891,1:47.019,NaN
2015,13,nasr,Felipe Nasr,sauber,Sauber,12,16,1:46.965,NaN,NaN
2015,13,ericsson,Marcus Ericsson,sauber,Sauber,9,17,1:47.088,NaN,NaN
2015,13,maldonado,Pastor Maldonado,lotus_f1,Lotus F1,13,18,1:47.323,NaN,NaN
2015,13,stevens,Will Stevens,manor,Manor Marussia,28,19,1:51.021,NaN,NaN
2015,13,rossi,Alexander Rossi,manor,Manor Marussia,53,20,1:51.523,NaN,NaN
2015,14,rosberg,Nico Rosberg,mercedes,Mercedes,6,1,1:33.015,1:32.632,1:32.584
2015,14,hamilton,Lewis Hamilton,mercedes,Mercedes,44,2,1:32.844,1:32.789,1:32.660
2015,14,bottas,Valtteri Bottas,williams,Williams,77,3,1:34.326,1:33.416,1:33.024
2015,14,vettel,Sebastian Vettel,ferrari,Ferrari,5,4,1:34.431,1:33.844,1:33.245
2015,14,massa,Felipe Massa,williams,Williams,19,5,1:34.744,1:33.377,1:33.337
2015,14,raikkonen,Kimi Räikkönen,ferrari,Ferrari,7,6,1:34.171,1:33.361,1:33.347
2015,14,ricciardo,Daniel Ricciardo,red_bull,Red Bull,3,7,1:34.399,1:34.153,1:33.497
2015,14,grosjean,Romain Grosjean,lotus_f1,Lotus F1,8,8,1:34.398,1:34.278,1:33.967
2015,14,perez,Sergio Pérez,force_india,Force India,11,9,1:35.001,1:34.174,NaN
2015,14,kvyat,Daniil Kvyat,red_bull,Red Bull,26,10,1:34.646,1:34.201,NaN
2015,14,hulkenberg,Nico Hülkenberg,force_india,Force India,27,11,1:35.328,1:34.390,NaN
2015,14,sainz,Carlos Sainz,toro_rosso,Toro Rosso,55,12,1:34.873,1:34.453,NaN
2015,14,maldonado,Pastor Maldonado,lotus_f1,Lotus F1,13,13,1:34.796,1:34.497,NaN
2015,14,alonso,Fernando Alonso,mclaren,McLaren,14,14,1:35.467,1:34.785,NaN
2015,14,max_verstappen,Max Verstappen,toro_rosso,Toro Rosso,33,15,1:34.522,NaN,NaN
2015,14,button,Jenson Button,mclaren,McLaren,22,16,1:35.664,NaN,NaN
2015,14,ericsson,Marcus Ericsson,sauber,Sauber,9,17,1:35.673,NaN,NaN
2015,14,nasr,Felipe Nasr,sauber,Sauber,12,18,1:35.760,NaN,NaN
2015,14,stevens,Will Stevens,manor,Manor Marussia,28,19,1:38.783,NaN,NaN
2015,14,rossi,Alexander Rossi,manor,Manor Marussia,53,20,1:47.114,NaN,NaN
2015,15,rosberg,Nico Rosberg,mercedes,Mercedes,6,1,1:38.343,1:37.500,1:37.113
2015,15,hamilton,Lewis Hamilton,mercedes,Mercedes,44,2,1:38.558,1:37.672,1:37.433
2015,15,bottas,Valtteri Bottas,williams,Williams,77,3,1:38.448,1:38.194,1:37.912
2015,15,vettel,Sebastian Vettel,ferrari,Ferrari,5,4,1:38.598,1:38.402,1:37.965
2015,15,raikkonen,Kimi Räikkönen,ferrari,Ferrari,7,5,1:39.207,1:38.224,1:38.348
2015,15,hulkenberg,Nico Hülkenberg,force_india,Force India,27,6,1:39.250,1:38.727,1:38.659
2015,15,perez,Sergio Pérez,force_india,Force India,11,7,1:39.617,1:38.914,1:38.691
2015,15,grosjean,Romain Grosjean,lotus_f1,Lotus F1,8,8,1:39.056,1:38.754,1:38.787
2015,15,max_verstappen,Max Verstappen,toro_rosso,Toro Rosso,33,9,1:39.411,1:39.119,1:38.924
2015,15,ricciardo,Daniel Ricciardo,red_bull,Red Bull,3,10,1:39.574,1:39.005,1:39.728
2015,15,kvyat,Daniil Kvyat,red_bull,Red Bull,26,11,1:39.580,1:39.214,NaN
2015,15,nasr,Felipe Nasr,sauber,Sauber,12,12,1:40.042,1:39.323,NaN
2015,15,button,Jenson Button,mclaren,McLaren,22,13,1:39.739,1:39.763,NaN
2015,15,maldonado,Pastor Maldonado,lotus_f1,Lotus F1,13,14,1:39.724,1:39.811,NaN
2015,15,massa,Felipe Massa,williams,Williams,19,15,1:38.926,1:39.895,NaN
2015,15,alonso,Fernando Alonso,mclaren,McLaren,14,16,1:40.144,NaN,NaN
2015,15,ericsson,Marcus Ericsson,sauber,Sauber,9,17,1:40.660,NaN,NaN
2015,15,stevens,Will Stevens,marussia,Marussia,28,18,1:43.693,NaN,NaN
2015,15,merhi,Roberto Merhi,marussia,Marussia,98,19,1:43.804,NaN,NaN
2015,16,rosberg,Nico Rosberg,mercedes,Mercedes,6,1,1:56.671,1:56.824,NaN
2015,16,hamilton,Lewis Hamilton,mercedes,Mercedes,44,2,1:56.871,1:56.929,NaN
2015,16,ricciardo,Daniel Ricciardo,red_bull,Red Bull,3,3,1:56.495,1:57.969,NaN
2015,16,kvyat,Daniil Kvyat,red_bull,Red Bull,26,4,1:57.640,1:58.434,NaN
2015,16,vettel,Sebastian Vettel,ferrari,Ferrari,5,5,2:00.950,1:58.596,NaN
2015,16,perez,Sergio Pérez,force_india,Force India,11,6,1:59.264,1:59.210,NaN
2015,16,hulkenberg,Nico Hülkenberg,force_india,Force India,27,7,1:58.325,1:59.333,NaN
2015,16,raikkonen,Kimi Räikkönen,ferrari,Ferrari,7,8,1:58.198,1:59.703,NaN
2015,16,massa,Felipe Massa,williams,Williams,19,9,2:00.902,1:59.999,NaN
2015,16,max_verstappen,Max Verstappen,toro_rosso,Toro Rosso,33,10,1:58.689,2:00.199,NaN
2015,16,alonso,Fernando Alonso,mclaren,McLaren,14,11,1:59.704,2:00.265,NaN
2015,16,bottas,Valtteri Bottas,williams,Williams,77,12,1:59.569,2:00.334,NaN
2015,16,grosjean,Romain Grosjean,lotus_f1,Lotus F1,8,13,2:00.236,2:00.595,NaN
2015,16,button,Jenson Button,mclaren,McLaren,22,14,2:00.261,2:01.193,NaN
2015,16,maldonado,Pastor Maldonado,lotus_f1,Lotus F1,13,15,2:00.844,2:01.604,NaN
2015,16,ericsson,Marcus Ericsson,sauber,Sauber,9,16,2:02.212,NaN,NaN
2015,16,nasr,Felipe Nasr,sauber,Sauber,12,17,2:03.194,NaN,NaN
2015,16,rossi,Alexander Rossi,marussia,Marussia,53,18,2:04.176,NaN,NaN
2015,16,stevens,Will Stevens,marussia,Marussia,28,19,2:04.526,NaN,NaN
2015,16,sainz,Carlos Sainz,toro_rosso,Toro Rosso,55,20,2:07.304,NaN,NaN
2015,17,rosberg,Nico Rosberg,mercedes,Mercedes,6,1,1:20.436,1:20.053,1:19.480
2015,17,hamilton,Lewis Hamilton,mercedes,Mercedes,44,2,1:20.808,1:19.829,1:19.668
2015,17,vettel,Sebastian Vettel,ferrari,Ferrari,5,3,1:20.503,1:20.045,1:19.850
2015,17,kvyat,Daniil Kvyat,red_bull,Red Bull,26,4,1:20.826,1:20.490,1:20.398
2015,17,ricciardo,Daniel Ricciardo,red_bull,Red Bull,3,5,1:21.166,1:20.783,1:20.399
2015,17,bottas,Valtteri Bottas,williams,Williams,77,6,1:20.817,1:20.458,1:20.448
2015,17,massa,Felipe Massa,williams,Williams,19,7,1:21.379,1:20.642,1:20.567
2015,17,max_verstappen,Max Verstappen,toro_rosso,Toro Rosso,33,8,1:20.995,1:20.894,1:20.710
2015,17,perez,Sergio Pérez,force_india,Force India,11,9,1:20.966,1:20.669,1:20.716
2015,17,hulkenberg,Nico Hülkenberg,force_india,Force India,27,10,1:21.315,1:20.935,1:20.788
2015,17,sainz,Carlos Sainz,toro_rosso,Toro Rosso,55,11,1:20.960,1:20.942,NaN
2015,17,grosjean,Romain Grosjean,lotus_f1,Lotus F1,8,12,1:21.577,1:21.038,NaN
2015,17,maldonado,Pastor Maldonado,lotus_f1,Lotus F1,13,13,1:21.520,1:21.261,NaN
2015,17,ericsson,Marcus Ericsson,sauber,Sauber,9,14,1:21.299,1:21.544,NaN
2015,17,raikkonen,Kimi Räikkönen,ferrari,Ferrari,7,15,1:21.422,1:22.494,NaN
2015,17,alonso,Fernando Alonso,mclaren,McLaren,14,16,1:21.779,NaN,NaN
2015,17,nasr,Felipe Nasr,sauber,Sauber,12,17,1:21.788,NaN,NaN
2015,17,rossi,Alexander Rossi,marussia,Marussia,53,18,1:24.136,NaN,NaN
2015,17,stevens,Will Stevens,marussia,Marussia,28,19,1:24.386,NaN,NaN
2015,17,button,Jenson Button,mclaren,McLaren,22,20,,NaN,NaN
2015,18,rosberg,Nico Rosberg,mercedes,Mercedes,6,1,1:11.746,1:12.213,1:11.282
2015,18,hamilton,Lewis Hamilton,mercedes,Mercedes,44,2,1:11.682,1:11.665,1:11.360
2015,18,vettel,Sebastian Vettel,ferrari,Ferrari,5,3,1:12.240,1:11.928,1:11.804
2015,18,bottas,Valtteri Bottas,williams,Williams,77,4,1:12.934,1:12.374,1:12.085
2015,18,raikkonen,Kimi Räikkönen,ferrari,Ferrari,7,5,1:12.185,1:12.243,1:12.144
2015,18,hulkenberg,Nico Hülkenberg,force_india,Force India,27,6,1:12.595,1:12.485,1:12.265
2015,18,kvyat,Daniil Kvyat,red_bull,Red Bull,26,7,1:12.730,1:12.527,1:12.322
2015,18,massa,Felipe Massa,williams,Williams,19,8,1:12.980,1:12.858,1:12.415
2015,18,ricciardo,Daniel Ricciardo,red_bull,Red Bull,3,9,1:12.639,1:12.825,1:12.417
2015,18,max_verstappen,Max Verstappen,toro_rosso,Toro Rosso,33,10,1:12.824,1:12.712,1:12.739
2015,18,nasr,Felipe Nasr,sauber,Sauber,12,11,1:13.111,1:12.989,NaN
2015,18,sainz,Carlos Sainz,toro_rosso,Toro Rosso,55,12,1:13.267,1:13.045,NaN
2015,18,perez,Sergio Pérez,force_india,Force India,11,13,1:13.140,1:13.147,NaN
2015,18,ericsson,Marcus Ericsson,sauber,Sauber,9,14,1:13.346,1:13.233,NaN
2015,18,grosjean,Romain Grosjean,lotus_f1,Lotus F1,8,15,1:13.056,1:13.913,NaN
2015,18,maldonado,Pastor Maldonado,lotus_f1,Lotus F1,13,16,1:13.385,NaN,NaN
2015,18,button,Jenson Button,mclaren,McLaren,22,17,1:13.425,NaN,NaN
2015,18,rossi,Alexander Rossi,marussia,Marussia,53,18,1:16.151,NaN,NaN
2015,18,stevens,Will Stevens,marussia,Marussia,28,19,1:16.283,NaN,NaN
2015,18,alonso,Fernando Alonso,mclaren,McLaren,14,20,,NaN,NaN
2015,19,rosberg,Nico Rosberg,mercedes,Mercedes,6,1,1:41.111,1:40.979,1:40.237
2015,19,hamilton,Lewis Hamilton,mercedes,Mercedes,44,2,1:40.974,1:40.758,1:40.614
2015,19,raikkonen,Kimi Räikkönen,ferrari,Ferrari,7,3,1:42.500,1:41.612,1:41.051
2015,19,perez,Sergio Pérez,force_india,Force India,11,4,1:41.983,1:41.560,1:41.184
2015,19,ricciardo,Daniel Ricciardo,red_bull,Red Bull,3,5,1:42.275,1:41.830,1:41.444
2015,19,bottas,Valtteri Bottas,williams,Williams,77,6,1:42.608,1:41.868,1:41.656
2015,19,hulkenberg,Nico Hülkenberg,force_india,Force India,27,7,1:41.996,1:41.925,1:41.686
2015,19,massa,Felipe Massa,williams,Williams,19,8,1:42.303,1:42.349,1:41.759
2015,19,kvyat,Daniil Kvyat,red_bull,Red Bull,26,9,1:42.540,1:42.328,1:41.933
2015,19,sainz,Carlos Sainz,toro_rosso,Toro Rosso,55,10,1:42.911,1:42.482,1:42.708
2015,19,max_verstappen,Max Verstappen,toro_rosso,Toro Rosso,33,11,1:42.889,1:42.521,NaN
2015,19,button,Jenson Button,mclaren,McLaren,22,12,1:42.570,1:42.668,NaN
2015,19,maldonado,Pastor Maldonado,lotus_f1,Lotus F1,13,13,1:42.929,1:42.807,NaN
2015,19,nasr,Felipe Nasr,sauber,Sauber,12,14,1:42.896,1:43.614,NaN
2015,19,grosjean,Romain Grosjean,lotus_f1,Lotus F1,8,15,1:42.585,NaN,NaN
2015,19,vettel,Sebastian Vettel,ferrari,Ferrari,5,16,1:42.941,NaN,NaN
2015,19,alonso,Fernando Alonso,mclaren,McLaren,14,17,1:43.187,NaN,NaN
2015,19,ericsson,Marcus Ericsson,sauber,Sauber,9,18,1:43.838,NaN,NaN
2015,19,stevens,Will Stevens,manor,Manor Marussia,28,19,1:46.297,NaN,NaN
2015,19,merhi,Roberto Merhi,manor,Manor Marussia,98,20,1:47.434,NaN,NaN
2016,1,hamilton,Lewis Hamilton,mercedes,Mercedes,44,1,1:25.351,1:24.605,1:23.837
2016,1,rosberg,Nico Rosberg,mercedes,Mercedes,6,2,1:26.934,1:24.796,1:24.197
2016,1,vettel,Sebastian Vettel,ferrari,Ferrari,5,3,1:26.945,1:25.257,1:24.675
2016,1,raikkonen,Kimi Räikkönen,ferrari,Ferrari,7,4,1:26.579,1:25.615,1:25.033
2016,1,max_verstappen,Max Verstappen,toro_rosso,Toro Rosso,33,5,1:26.934,1:25.615,1:25.434
2016,1,massa,Felipe Massa,williams,Williams,19,6,1:25.918,1:25.644,1:25.458
2016,1,sainz,Carlos Sainz,toro_rosso,Toro Rosso,55,7,1:27.057,1:25.384,1:25.582
2016,1,ricciardo,Daniel Ricciardo,red_bull,Red Bull,3,8,1:26.945,1:25.599,1:25.589
2016,1,perez,Sergio Pérez,force_india,Force India,11,9,1:26.607,1:25.753,NaN
2016,1,hulkenberg,Nico Hülkenberg,force_india,Force India,27,10,1:26.550,1:25.865,NaN
2016,1,bottas,Valtteri Bottas,williams,Williams,77,11,1:27.135,1:25.961,NaN
2016,1,alonso,Fernando Alonso,mclaren,McLaren,14,12,1:26.537,1:26.125,NaN
2016,1,button,Jenson Button,mclaren,McLaren,22,13,1:26.740,1:26.304,NaN
2016,1,jolyon_palmer,Jolyon Palmer,renault,Renault,30,14,1:27.241,1:27.601,NaN
2016,1,kevin_magnussen,Kevin Magnussen,renault,Renault,20,15,1:27.297,1:27.742,NaN
2016,1,ericsson,Marcus Ericsson,sauber,Sauber,9,16,1:27.435,NaN,NaN
2016,1,nasr,Felipe Nasr,sauber,Sauber,12,17,1:27.958,NaN,NaN
2016,1,kvyat,Daniil Kvyat,red_bull,Red Bull,26,18,1:28.006,NaN,NaN
2016,1,grosjean,Romain Grosjean,haas,Haas F1 Team,8,19,1:28.322,NaN,NaN
2016,1,gutierrez,Esteban Gutiérrez,haas,Haas F1 Team,21,20,1:29.606,NaN,NaN
2016,1,haryanto,Rio Haryanto,manor,Manor Marussia,88,21,1:29.627,NaN,NaN
2016,1,wehrlein,Pascal Wehrlein,manor,Manor Marussia,94,22,1:29.642,NaN,NaN
2016,2,hamilton,Lewis Hamilton,mercedes,Mercedes,44,1,1:31.391,1:30.039,1:29.493
2016,2,rosberg,Nico Rosberg,mercedes,Mercedes,6,2,1:31.325,1:30.535,1:29.570
2016,2,vettel,Sebastian Vettel,ferrari,Ferrari,5,3,1:31.636,1:30.409,1:30.012
2016,2,raikkonen,Kimi Räikkönen,ferrari,Ferrari,7,4,1:31.685,1:30.559,1:30.244
2016,2,ricciardo,Daniel Ricciardo,red_bull,Red Bull,3,5,1:31.403,1:31.122,1:30.854
2016,2,bottas,Valtteri Bottas,williams,Williams,77,6,1:31.672,1:30.931,1:31.153
2016,2,massa,Felipe Massa,williams,Williams,19,7,1:32.045,1:31.374,1:31.155
2016,2,hulkenberg,Nico Hülkenberg,force_india,Force India,27,8,1:31.987,1:31.604,1:31.620
2016,2,grosjean,Romain Grosjean,haas,Haas F1 Team,8,9,1:32.005,1:31.756,NaN
2016,2,max_verstappen,Max Verstappen,toro_rosso,Toro Rosso,33,10,1:31.888,1:31.772,NaN
2016,2,sainz,Carlos Sainz,toro_rosso,Toro Rosso,55,11,1:31.716,1:31.816,NaN
2016,2,vandoorne,Stoffel Vandoorne,mclaren,McLaren,47,12,1:32.472,1:31.934,NaN
2016,2,gutierrez,Esteban Gutiérrez,haas,Haas F1 Team,21,13,1:32.118,1:31.945,NaN
2016,2,button,Jenson Button,mclaren,McLaren,22,14,1:31.976,1:31.998,NaN
2016,2,kvyat,Daniil Kvyat,red_bull,Red Bull,26,15,1:32.559,1:32.241,NaN
2016,2,wehrlein,Pascal Wehrlein,manor,Manor Marussia,94,16,1:32.806,NaN,NaN
2016,2,ericsson,Marcus Ericsson,sauber,Sauber,9,17,1:32.840,NaN,NaN
2016,2,perez,Sergio Pérez,force_india,Force India,11,18,1:32.911,NaN,NaN
2016,2,kevin_magnussen,Kevin Magnussen,renault,Renault,20,19,1:33.181,NaN,NaN
2016,2,jolyon_palmer,Jolyon Palmer,renault,Renault,30,20,1:33.438,NaN,NaN
2016,2,haryanto,Rio Haryanto,manor,Manor Marussia,88,21,1:34.190,NaN,NaN
2016,2,nasr,Felipe Nasr,sauber,Sauber,12,22,1:34.388,NaN,NaN
2016,3,rosberg,Nico Rosberg,mercedes,Mercedes,6,1,1:37.669,1:36.240,1:35.402
2016,3,ricciardo,Daniel Ricciardo,red_bull,Red Bull,3,2,1:37.672,1:36.815,1:35.917
2016,3,raikkonen,Kimi Räikkönen,ferrari,Ferrari,7,3,1:37.347,1:36.118,1:35.972
2016,3,vettel,Sebastian Vettel,ferrari,Ferrari,5,4,1:37.001,1:36.183,1:36.246
2016,3,bottas,Valtteri Bottas,williams,Williams,77,5,1:37.537,1:36.831,1:36.296
2016,3,kvyat,Daniil Kvyat,red_bull,Red Bull,26,6,1:37.719,1:36.948,1:36.399
2016,3,perez,Sergio Pérez,force_india,Force India,11,7,1:38.096,1:37.149,1:36.865
2016,3,sainz,Carlos Sainz,toro_rosso,Toro Rosso,55,8,1:37.656,1:37.204,1:36.881
2016,3,max_verstappen,Max Verstappen,toro_rosso,Toro Rosso,33,9,1:38.181,1:37.265,1:37.194
2016,3,hulkenberg,Nico Hülkenberg,force_india,Force India,27,10,1:38.165,1:37.333,NaN
2016,3,massa,Felipe Massa,williams,Williams,19,11,1:38.016,1:37.347,NaN
2016,3,alonso,Fernando Alonso,mclaren,McLaren,14,12,1:38.451,1:38.826,NaN
2016,3,button,Jenson Button,mclaren,McLaren,22,13,1:37.593,1:39.093,NaN
2016,3,grosjean,Romain Grosjean,haas,Haas F1 Team,8,14,1:38.425,1:39.830,NaN
2016,3,ericsson,Marcus Ericsson,sauber,Sauber,9,15,1:38.321,1:40.742,NaN
2016,3,nasr,Felipe Nasr,sauber,Sauber,12,16,1:38.654,1:42.430,NaN
2016,3,kevin_magnussen,Kevin Magnussen,renault,Renault,20,17,1:38.673,NaN,NaN
2016,3,gutierrez,Esteban Gutiérrez,haas,Haas F1 Team,21,18,1:38.770,NaN,NaN
2016,3,jolyon_palmer,Jolyon Palmer,renault,Renault,30,19,1:39.528,NaN,NaN
2016,3,haryanto,Rio Haryanto,manor,Manor Marussia,88,20,1:40.264,NaN,NaN
2016,3,wehrlein,Pascal Wehrlein,manor,Manor Marussia,94,21,,NaN,NaN
2016,3,hamilton,Lewis Hamilton,mercedes,Mercedes,44,22,,NaN,NaN
2016,4,rosberg,Nico Rosberg,mercedes,Mercedes,6,1,1:36.119,1:35.337,1:35.417
2016,4,vettel,Sebastian Vettel,ferrari,Ferrari,5,2,1:36.555,1:36.623,1:36.123
2016,4,bottas,Valtteri Bottas,williams,Williams,77,3,1:37.746,1:37.140,1:36.536
2016,4,raikkonen,Kimi Räikkönen,ferrari,Ferrari,7,4,1:36.976,1:36.741,1:36.663
2016,4,massa,Felipe Massa,williams,Williams,19,5,1:37.753,1:37.230,1:37.016
2016,4,ricciardo,Daniel Ricciardo,red_bull,Red Bull,3,6,1:38.091,1:37.569,1:37.125
2016,4,perez,Sergio Pérez,force_india,Force India,11,7,1:38.006,1:37.282,1:37.212
2016,4,kvyat,Daniil Kvyat,red_bull,Red Bull,26,8,1:38.265,1:37.606,1:37.459
2016,4,max_verstappen,Max Verstappen,toro_rosso,Toro Rosso,33,9,1:38.123,1:37.510,1:37.583
2016,4,hamilton,Lewis Hamilton,mercedes,Mercedes,44,10,1:36.006,1:35.820,NaN
2016,4,sainz,Carlos Sainz,toro_rosso,Toro Rosso,55,11,1:37.784,1:37.652,NaN
2016,4,button,Jenson Button,mclaren,McLaren,22,12,1:38.332,1:37.701,NaN
2016,4,hulkenberg,Nico Hülkenberg,force_india,Force India,27,13,1:38.562,1:37.771,NaN
2016,4,alonso,Fernando Alonso,mclaren,McLaren,14,14,1:37.971,1:37.807,NaN
2016,4,grosjean,Romain Grosjean,haas,Haas F1 Team,8,15,1:38.383,1:38.055,NaN
2016,4,gutierrez,Esteban Gutiérrez,haas,Haas F1 Team,21,16,1:38.678,1:38.115,NaN
2016,4,kevin_magnussen,Kevin Magnussen,renault,Renault,20,17,1:38.914,NaN,NaN
2016,4,jolyon_palmer,Jolyon Palmer,renault,Renault,30,18,1:39.009,NaN,NaN
2016,4,nasr,Felipe Nasr,sauber,Sauber,12,19,1:39.018,NaN,NaN
2016,4,wehrlein,Pascal Wehrlein,manor,Manor Marussia,94,20,1:39.399,NaN,NaN
2016,4,haryanto,Rio Haryanto,manor,Manor Marussia,88,21,1:39.463,NaN,NaN
2016,4,ericsson,Marcus Ericsson,sauber,Sauber,9,22,1:39.519,NaN,NaN
2016,5,hamilton,Lewis Hamilton,mercedes,Mercedes,44,1,1:23.214,1:22.159,1:22.000
2016,5,rosberg,Nico Rosberg,mercedes,Mercedes,6,2,1:23.002,1:22.759,1:22.280
2016,5,ricciardo,Daniel Ricciardo,red_bull,Red Bull,3,3,1:23.749,1:23.585,1:22.680
2016,5,max_verstappen,Max Verstappen,red_bull,Red Bull,33,4,1:23.578,1:23.178,1:23.087
2016,5,raikkonen,Kimi Räikkönen,ferrari,Ferrari,7,5,1:23.796,1:23.504,1:23.113
2016,5,vettel,Sebastian Vettel,ferrari,Ferrari,5,6,1:24.124,1:23.688,1:23.334
2016,5,bottas,Valtteri Bottas,williams,Williams,77,7,1:24.251,1:24.023,1:23.522
2016,5,sainz,Carlos Sainz,toro_rosso,Toro Rosso,55,8,1:24.496,1:24.077,1:23.643
2016,5,perez,Sergio Pérez,force_india,Force India,11,9,1:24.698,1:24.003,1:23.782
2016,5,alonso,Fernando Alonso,mclaren,McLaren,14,10,1:24.578,1:24.192,1:23.981
2016,5,hulkenberg,Nico Hülkenberg,force_india,Force India,27,11,1:24.463,1:24.203,NaN
2016,5,button,Jenson Button,mclaren,McLaren,22,12,1:24.583,1:24.348,NaN
2016,5,kvyat,Daniil Kvyat,toro_rosso,Toro Rosso,26,13,1:24.696,1:24.445,NaN
2016,5,grosjean,Romain Grosjean,haas,Haas F1 Team,8,14,1:24.716,1:24.480,NaN
2016,5,kevin_magnussen,Kevin Magnussen,renault,Renault,20,15,1:24.669,1:24.625,NaN
2016,5,gutierrez,Esteban Gutiérrez,haas,Haas F1 Team,21,16,1:24.406,1:24.778,NaN
2016,5,jolyon_palmer,Jolyon Palmer,renault,Renault,30,17,1:24.903,NaN,NaN
2016,5,massa,Felipe Massa,williams,Williams,19,18,1:24.941,NaN,NaN
2016,5,ericsson,Marcus Ericsson,sauber,Sauber,9,19,1:25.202,NaN,NaN
2016,5,nasr,Felipe Nasr,sauber,Sauber,12,20,1:25.579,NaN,NaN
2016,5,wehrlein,Pascal Wehrlein,manor,Manor Marussia,94,21,1:25.745,NaN,NaN
2016,5,haryanto,Rio Haryanto,manor,Manor Marussia,88,22,1:25.939,NaN,NaN
2016,6,ricciardo,Daniel Ricciardo,red_bull,Red Bull,3,1,1:14.912,1:14.357,1:13.622
2016,6,rosberg,Nico Rosberg,mercedes,Mercedes,6,2,1:14.873,1:14.043,1:13.791
2016,6,hamilton,Lewis Hamilton,mercedes,Mercedes,44,3,1:14.826,1:14.056,1:13.942
2016,6,vettel,Sebastian Vettel,ferrari,Ferrari,5,4,1:14.610,1:14.318,1:14.552
2016,6,hulkenberg,Nico Hülkenberg,force_india,Force India,27,5,1:15.333,1:14.989,1:14.726
2016,6,raikkonen,Kimi Räikkönen,ferrari,Ferrari,7,6,1:15.499,1:14.789,1:14.732
2016,6,sainz,Carlos Sainz,toro_rosso,Toro Rosso,55,7,1:15.467,1:14.805,1:14.749
2016,6,perez,Sergio Pérez,force_india,Force India,11,8,1:15.328,1:14.937,1:14.902
2016,6,kvyat,Daniil Kvyat,toro_rosso,Toro Rosso,26,9,1:15.384,1:14.794,1:15.273
2016,6,alonso,Fernando Alonso,mclaren,McLaren,14,10,1:15.504,1:15.107,1:15.363
2016,6,bottas,Valtteri Bottas,williams,Williams,77,11,1:15.521,1:15.273,NaN
2016,6,gutierrez,Esteban Gutiérrez,haas,Haas F1 Team,21,12,1:15.592,1:15.293,NaN
2016,6,button,Jenson Button,mclaren,McLaren,22,13,1:15.554,1:15.352,NaN
2016,6,massa,Felipe Massa,williams,Williams,19,14,1:15.710,1:15.385,NaN
2016,6,grosjean,Romain Grosjean,haas,Haas F1 Team,8,15,1:15.465,1:15.571,NaN
2016,6,kevin_magnussen,Kevin Magnussen,renault,Renault,20,16,1:16.253,1:16.058,NaN
2016,6,ericsson,Marcus Ericsson,sauber,Sauber,9,17,1:16.299,NaN,NaN
2016,6,jolyon_palmer,Jolyon Palmer,renault,Renault,30,18,1:16.586,NaN,NaN
2016,6,haryanto,Rio Haryanto,manor,Manor Marussia,88,19,1:17.295,NaN,NaN
2016,6,wehrlein,Pascal Wehrlein,manor,Manor Marussia,94,20,1:17.452,NaN,NaN
2016,6,max_verstappen,Max Verstappen,red_bull,Red Bull,33,21,1:22.467,NaN,NaN
2016,6,nasr,Felipe Nasr,sauber,Sauber,12,22,,NaN,NaN
2016,7,hamilton,Lewis Hamilton,mercedes,Mercedes,44,1,1:14.121,1:13.076,1:12.812
2016,7,rosberg,Nico Rosberg,mercedes,Mercedes,6,2,1:13.714,1:13.094,1:12.874
2016,7,vettel,Sebastian Vettel,ferrari,Ferrari,5,3,1:13.925,1:13.857,1:12.990
2016,7,ricciardo,Daniel Ricciardo,red_bull,Red Bull,3,4,1:14.030,1:13.540,1:13.166
2016,7,max_verstappen,Max Verstappen,red_bull,Red Bull,33,5,1:14.601,1:13.793,1:13.414
2016,7,raikkonen,Kimi Räikkönen,ferrari,Ferrari,7,6,1:14.477,1:13.849,1:13.579
2016,7,bottas,Valtteri Bottas,williams,Williams,77,7,1:14.389,1:13.791,1:13.670
2016,7,massa,Felipe Massa,williams,Williams,19,8,1:14.815,1:13.864,1:13.769
2016,7,hulkenberg,Nico Hülkenberg,force_india,Force India,27,9,1:14.663,1:14.166,1:13.952
2016,7,alonso,Fernando Alonso,mclaren,McLaren,14,10,1:15.026,1:14.260,1:14.338
2016,7,perez,Sergio Pérez,force_india,Force India,11,11,1:14.814,1:14.317,NaN
2016,7,button,Jenson Button,mclaren,McLaren,22,12,1:14.755,1:14.437,NaN
2016,7,kvyat,Daniil Kvyat,toro_rosso,Toro Rosso,26,13,1:14.829,1:14.457,NaN
2016,7,gutierrez,Esteban Gutiérrez,haas,Haas F1 Team,21,14,1:15.148,1:14.571,NaN
2016,7,grosjean,Romain Grosjean,haas,Haas F1 Team,8,15,1:15.444,1:14.803,NaN
2016,7,sainz,Carlos Sainz,toro_rosso,Toro Rosso,55,16,1:14.714,1:21.956,NaN
2016,7,jolyon_palmer,Jolyon Palmer,renault,Renault,30,17,1:15.459,NaN,NaN
2016,7,wehrlein,Pascal Wehrlein,manor,Manor Marussia,94,18,1:15.599,NaN,NaN
2016,7,ericsson,Marcus Ericsson,sauber,Sauber,9,19,1:15.635,NaN,NaN
2016,7,nasr,Felipe Nasr,sauber,Sauber,12,20,1:16.663,NaN,NaN
2016,7,haryanto,Rio Haryanto,manor,Manor Marussia,88,21,1:17.052,NaN,NaN
2016,8,rosberg,Nico Rosberg,mercedes,Mercedes,6,1,1:43.685,1:42.520,1:42.758
2016,8,perez,Sergio Pérez,force_india,Force India,11,2,1:44.462,1:43.939,1:43.515
2016,8,ricciardo,Daniel Ricciardo,red_bull,Red Bull,3,3,1:44.570,1:44.141,1:43.966
2016,8,vettel,Sebastian Vettel,ferrari,Ferrari,5,4,1:45.062,1:44.461,1:43.966
2016,8,raikkonen,Kimi Räikkönen,ferrari,Ferrari,7,5,1:44.936,1:44.533,1:44.269
2016,8,massa,Felipe Massa,williams,Williams,19,6,1:45.494,1:44.696,1:44.483
2016,8,kvyat,Daniil Kvyat,toro_rosso,Toro Rosso,26,7,1:44.694,1:44.687,1:44.717
2016,8,bottas,Valtteri Bottas,williams,Williams,77,8,1:44.706,1:44.477,1:45.246
2016,8,max_verstappen,Max Verstappen,red_bull,Red Bull,33,9,1:44.939,1:44.387,1:45.570
2016,8,hamilton,Lewis Hamilton,mercedes,Mercedes,44,10,1:44.259,1:43.526,2:01.954
2016,8,grosjean,Romain Grosjean,haas,Haas F1 Team,8,11,1:45.507,1:44.755,NaN
2016,8,hulkenberg,Nico Hülkenberg,force_india,Force India,27,12,1:44.860,1:44.824,NaN
2016,8,sainz,Carlos Sainz,toro_rosso,Toro Rosso,55,13,1:44.827,1:45.000,NaN
2016,8,alonso,Fernando Alonso,mclaren,McLaren,14,14,1:45.525,1:45.270,NaN
2016,8,gutierrez,Esteban Gutiérrez,haas,Haas F1 Team,21,15,1:45.300,1:45.349,NaN
2016,8,nasr,Felipe Nasr,sauber,Sauber,12,16,1:45.549,1:46.048,NaN
2016,8,haryanto,Rio Haryanto,manor,Manor Marussia,88,17,1:45.665,NaN,NaN
2016,8,wehrlein,Pascal Wehrlein,manor,Manor Marussia,94,18,1:45.750,NaN,NaN
2016,8,button,Jenson Button,mclaren,McLaren,22,19,1:45.804,NaN,NaN
2016,8,ericsson,Marcus Ericsson,sauber,Sauber,9,20,1:46.231,NaN,NaN
2016,8,kevin_magnussen,Kevin Magnussen,renault,Renault,20,21,1:46.348,NaN,NaN
2016,8,jolyon_palmer,Jolyon Palmer,renault,Renault,30,22,1:46.394,NaN,NaN
2016,9,hamilton,Lewis Hamilton,mercedes,Mercedes,44,1,1:06.947,1:06.228,1:07.922
2016,9,rosberg,Nico Rosberg,mercedes,Mercedes,6,2,1:06.516,1:06.403,1:08.465
2016,9,hulkenberg,Nico Hülkenberg,force_india,Force India,27,3,1:07.385,1:07.257,1:09.285
2016,9,vettel,Sebastian Vettel,ferrari,Ferrari,5,4,1:06.761,1:06.602,1:09.781
2016,9,button,Jenson Button,mclaren,McLaren,22,5,1:07.653,1:07.572,1:09.900
2016,9,raikkonen,Kimi Räikkönen,ferrari,Ferrari,7,6,1:07.240,1:06.940,1:09.901
2016,9,ricciardo,Daniel Ricciardo,red_bull,Red Bull,3,7,1:07.500,1:06.840,1:09.980
2016,9,bottas,Valtteri Bottas,williams,Williams,77,8,1:07.148,1:06.911,1:10.440
2016,9,max_verstappen,Max Verstappen,red_bull,Red Bull,33,9,1:07.131,1:06.866,1:11.153
2016,9,massa,Felipe Massa,williams,Williams,19,10,1:07.419,1:07.145,1:11.977
2016,9,gutierrez,Esteban Gutiérrez,haas,Haas F1 Team,21,11,1:07.660,1:07.578,NaN
2016,9,wehrlein,Pascal Wehrlein,manor,Manor Marussia,94,12,1:07.565,1:07.700,NaN
2016,9,grosjean,Romain Grosjean,haas,Haas F1 Team,8,13,1:07.662,1:07.850,NaN
2016,9,alonso,Fernando Alonso,mclaren,McLaren,14,14,1:07.671,1:08.154,NaN
2016,9,sainz,Carlos Sainz,toro_rosso,Toro Rosso,55,15,1:07.618,NaN,NaN
2016,9,perez,Sergio Pérez,force_india,Force India,11,16,1:07.657,NaN,NaN
2016,9,kevin_magnussen,Kevin Magnussen,renault,Renault,20,17,1:07.941,NaN,NaN
2016,9,jolyon_palmer,Jolyon Palmer,renault,Renault,30,18,1:07.965,NaN,NaN
2016,9,haryanto,Rio Haryanto,manor,Manor Marussia,88,19,1:08.026,NaN,NaN
2016,9,kvyat,Daniil Kvyat,toro_rosso,Toro Rosso,26,20,1:08.409,NaN,NaN
2016,9,ericsson,Marcus Ericsson,sauber,Sauber,9,21,1:08.418,NaN,NaN
2016,9,nasr,Felipe Nasr,sauber,Sauber,12,22,1:08.446,NaN,NaN
2016,10,hamilton,Lewis Hamilton,mercedes,Mercedes,44,1,1:30.739,1:29.243,1:29.287
2016,10,rosberg,Nico Rosberg,mercedes,Mercedes,6,2,1:30.724,1:29.970,1:29.606
2016,10,max_verstappen,Max Verstappen,red_bull,Red Bull,33,3,1:31.305,1:30.697,1:30.313
2016,10,ricciardo,Daniel Ricciardo,red_bull,Red Bull,3,4,1:31.684,1:31.319,1:30.618
2016,10,raikkonen,Kimi Räikkönen,ferrari,Ferrari,7,5,1:31.326,1:31.385,1:30.881
2016,10,vettel,Sebastian Vettel,ferrari,Ferrari,5,6,1:31.606,1:30.711,1:31.490
2016,10,bottas,Valtteri Bottas,williams,Williams,77,7,1:31.913,1:31.478,1:31.557
2016,10,sainz,Carlos Sainz,toro_rosso,Toro Rosso,55,8,1:32.115,1:31.708,1:31.989
2016,10,hulkenberg,Nico Hülkenberg,force_india,Force India,27,9,1:32.349,1:31.770,1:32.172
2016,10,alonso,Fernando Alonso,mclaren,McLaren,14,10,1:32.281,1:31.740,1:32.343
2016,10,perez,Sergio Pérez,force_india,Force India,11,11,1:32.336,1:31.875,NaN
2016,10,massa,Felipe Massa,williams,Williams,19,12,1:32.146,1:32.002,NaN
2016,10,grosjean,Romain Grosjean,haas,Haas F1 Team,8,13,1:32.283,1:32.050,NaN
2016,10,gutierrez,Esteban Gutiérrez,haas,Haas F1 Team,21,14,1:32.237,1:32.241,NaN
2016,10,kvyat,Daniil Kvyat,toro_rosso,Toro Rosso,26,15,1:32.553,1:32.306,NaN
2016,10,kevin_magnussen,Kevin Magnussen,renault,Renault,20,16,1:32.729,1:37.060,NaN
2016,10,button,Jenson Button,mclaren,McLaren,22,17,1:32.788,NaN,NaN
2016,10,jolyon_palmer,Jolyon Palmer,renault,Renault,30,18,1:32.905,NaN,NaN
2016,10,haryanto,Rio Haryanto,manor,Manor Marussia,88,19,1:33.098,NaN,NaN
2016,10,wehrlein,Pascal Wehrlein,manor,Manor Marussia,94,20,1:33.151,NaN,NaN
2016,10,nasr,Felipe Nasr,sauber,Sauber,12,21,1:33.544,NaN,NaN
2016,11,rosberg,Nico Rosberg,mercedes,Mercedes,6,1,1:33.302,1:22.806,1:19.965
2016,11,hamilton,Lewis Hamilton,mercedes,Mercedes,44,2,1:34.210,1:24.836,1:20.108
2016,11,ricciardo,Daniel Ricciardo,red_bull,Red Bull,3,3,1:39.968,1:23.234,1:20.280
2016,11,max_verstappen,Max Verstappen,red_bull,Red Bull,33,4,1:40.424,1:22.660,1:20.557
2016,11,vettel,Sebastian Vettel,ferrari,Ferrari,5,5,1:35.718,1:24.082,1:20.874
2016,11,sainz,Carlos Sainz,toro_rosso,Toro Rosso,55,6,1:36.115,1:24.734,1:21.131
2016,11,alonso,Fernando Alonso,mclaren,McLaren,14,7,1:35.165,1:23.816,1:21.211
2016,11,button,Jenson Button,mclaren,McLaren,22,8,1:37.983,1:24.456,1:21.597
2016,11,hulkenberg,Nico Hülkenberg,force_india,Force India,27,9,1:41.471,1:23.901,1:21.823
2016,11,bottas,Valtteri Bottas,williams,Williams,77,10,1:42.758,1:24.506,1:22.182
2016,11,grosjean,Romain Grosjean,haas,Haas F1 Team,8,11,1:35.906,1:24.941,NaN
2016,11,kvyat,Daniil Kvyat,toro_rosso,Toro Rosso,26,12,1:36.714,1:25.301,NaN
2016,11,perez,Sergio Pérez,force_india,Force India,11,13,1:41.411,1:25.416,NaN
2016,11,raikkonen,Kimi Räikkönen,ferrari,Ferrari,7,14,1:36.853,1:25.435,NaN
2016,11,gutierrez,Esteban Gutiérrez,haas,Haas F1 Team,21,15,1:38.959,1:26.189,NaN
2016,11,nasr,Felipe Nasr,sauber,Sauber,12,16,1:37.772,1:27.063,NaN
2016,11,jolyon_palmer,Jolyon Palmer,renault,Renault,30,17,1:43.965,NaN,NaN
2016,11,massa,Felipe Massa,williams,Williams,19,18,1:43.999,NaN,NaN
2016,11,kevin_magnussen,Kevin Magnussen,renault,Renault,20,19,1:44.543,NaN,NaN
2016,11,ericsson,Marcus Ericsson,sauber,Sauber,9,20,1:46.984,NaN,NaN
2016,11,wehrlein,Pascal Wehrlein,manor,Manor Marussia,94,21,1:47.343,NaN,NaN
2016,11,haryanto,Rio Haryanto,manor,Manor Marussia,88,22,1:50.189,NaN,NaN
2016,12,rosberg,Nico Rosberg,mercedes,Mercedes,6,1,1:15.485,1:14.839,1:14.363
2016,12,hamilton,Lewis Hamilton,mercedes,Mercedes,44,2,1:15.243,1:14.748,1:14.470
2016,12,ricciardo,Daniel Ricciardo,red_bull,Red Bull,3,3,1:15.591,1:15.545,1:14.726
2016,12,max_verstappen,Max Verstappen,red_bull,Red Bull,33,4,1:15.875,1:15.124,1:14.834
2016,12,raikkonen,Kimi Räikkönen,ferrari,Ferrari,7,5,1:15.752,1:15.242,1:15.142
2016,12,vettel,Sebastian Vettel,ferrari,Ferrari,5,6,1:15.927,1:15.630,1:15.315
2016,12,hulkenberg,Nico Hülkenberg,force_india,Force India,27,7,1:16.301,1:15.623,1:15.510
2016,12,bottas,Valtteri Bottas,williams,Williams,77,8,1:15.952,1:15.490,1:15.530
2016,12,perez,Sergio Pérez,force_india,Force India,11,9,1:16.169,1:15.500,1:15.537
2016,12,massa,Felipe Massa,williams,Williams,19,10,1:16.503,1:15.699,1:15.615
2016,12,gutierrez,Esteban Gutiérrez,haas,Haas F1 Team,21,11,1:15.987,1:15.883,NaN
2016,12,button,Jenson Button,mclaren,McLaren,22,12,1:16.172,1:15.909,NaN
2016,12,sainz,Carlos Sainz,toro_rosso,Toro Rosso,55,13,1:16.317,1:15.989,NaN
2016,12,alonso,Fernando Alonso,mclaren,McLaren,14,14,1:16.338,1:16.041,NaN
2016,12,grosjean,Romain Grosjean,haas,Haas F1 Team,8,15,1:16.328,1:16.086,NaN
2016,12,jolyon_palmer,Jolyon Palmer,renault,Renault,30,16,1:16.636,1:16.665,NaN
2016,12,kevin_magnussen,Kevin Magnussen,renault,Renault,20,17,1:16.716,NaN,NaN
2016,12,wehrlein,Pascal Wehrlein,manor,Manor Marussia,94,18,1:16.717,NaN,NaN
2016,12,kvyat,Daniil Kvyat,toro_rosso,Toro Rosso,26,19,1:16.876,NaN,NaN
2016,12,haryanto,Rio Haryanto,manor,Manor Marussia,88,20,1:16.977,NaN,NaN
2016,12,nasr,Felipe Nasr,sauber,Sauber,12,21,1:17.123,NaN,NaN
2016,12,ericsson,Marcus Ericsson,sauber,Sauber,9,22,1:17.238,NaN,NaN
2016,13,rosberg,Nico Rosberg,mercedes,Mercedes,6,1,1:48.019,1:46.999,1:46.744
2016,13,max_verstappen,Max Verstappen,red_bull,Red Bull,33,2,1:48.407,1:47.163,1:46.893
2016,13,raikkonen,Kimi Räikkönen,ferrari,Ferrari,7,3,1:47.912,1:47.664,1:46.910
2016,13,vettel,Sebastian Vettel,ferrari,Ferrari,5,4,1:47.802,1:47.944,1:47.108
2016,13,ricciardo,Daniel Ricciardo,red_bull,Red Bull,3,5,1:48.407,1:48.027,1:47.216
2016,13,perez,Sergio Pérez,force_india,Force India,11,6,1:48.106,1:47.485,1:47.407
2016,13,hulkenberg,Nico Hülkenberg,force_india,Force India,27,7,1:48.080,1:47.317,1:47.543
2016,13,bottas,Valtteri Bottas,williams,Williams,77,8,1:48.655,1:47.918,1:47.612
2016,13,button,Jenson Button,mclaren,McLaren,22,9,1:48.700,1:48.051,1:48.114
2016,13,massa,Felipe Massa,williams,Williams,19,10,1:47.738,1:47.667,1:48.263
2016,13,grosjean,Romain Grosjean,haas,Haas F1 Team,8,11,1:48.751,1:48.316,NaN
2016,13,kevin_magnussen,Kevin Magnussen,renault,Renault,20,12,1:48.800,1:48.485,NaN
2016,13,gutierrez,Esteban Gutiérrez,haas,Haas F1 Team,21,13,1:48.748,1:48.598,NaN
2016,13,jolyon_palmer,Jolyon Palmer,renault,Renault,30,14,1:48.901,1:48.888,NaN
2016,13,sainz,Carlos Sainz,toro_rosso,Toro Rosso,55,15,1:48.876,1:49.038,NaN
2016,13,wehrlein,Pascal Wehrlein,manor,Manor Marussia,94,16,1:48.554,1:49.320,NaN
2016,13,nasr,Felipe Nasr,sauber,Sauber,12,17,1:48.949,NaN,NaN
2016,13,ocon,Esteban Ocon,manor,Manor Marussia,31,18,1:49.050,NaN,NaN
2016,13,kvyat,Daniil Kvyat,toro_rosso,Toro Rosso,26,19,1:49.058,NaN,NaN
2016,13,ericsson,Marcus Ericsson,sauber,Sauber,9,20,1:49.071,NaN,NaN
2016,13,hamilton,Lewis Hamilton,mercedes,Mercedes,44,21,1:50.033,NaN,NaN
2016,14,hamilton,Lewis Hamilton,mercedes,Mercedes,44,1,1:21.854,1:21.498,1:21.135
2016,14,rosberg,Nico Rosberg,mercedes,Mercedes,6,2,1:22.497,1:21.809,1:21.613
2016,14,vettel,Sebastian Vettel,ferrari,Ferrari,5,3,1:23.077,1:22.275,1:21.972
2016,14,raikkonen,Kimi Räikkönen,ferrari,Ferrari,7,4,1:23.217,1:22.568,1:22.065
2016,14,bottas,Valtteri Bottas,williams,Williams,77,5,1:23.264,1:22.499,1:22.388
2016,14,ricciardo,Daniel Ricciardo,red_bull,Red Bull,3,6,1:23.158,1:22.638,1:22.389
2016,14,max_verstappen,Max Verstappen,red_bull,Red Bull,33,7,1:23.229,1:22.857,1:22.411
2016,14,perez,Sergio Pérez,force_india,Force India,11,8,1:23.439,1:22.922,1:22.814
2016,14,hulkenberg,Nico Hülkenberg,force_india,Force India,27,9,1:23.259,1:22.951,1:22.836
2016,14,gutierrez,Esteban Gutiérrez,haas,Haas F1 Team,21,10,1:23.386,1:22.856,1:23.184
2016,14,massa,Felipe Massa,williams,Williams,19,11,1:23.489,1:22.967,NaN
2016,14,grosjean,Romain Grosjean,haas,Haas F1 Team,8,12,1:23.421,1:23.092,NaN
2016,14,alonso,Fernando Alonso,mclaren,McLaren,14,13,1:23.783,1:23.273,NaN
2016,14,wehrlein,Pascal Wehrlein,manor,Manor Marussia,94,14,1:23.760,1:23.315,NaN
2016,14,button,Jenson Button,mclaren,McLaren,22,15,1:23.666,1:23.399,NaN
2016,14,sainz,Carlos Sainz,toro_rosso,Toro Rosso,55,16,1:23.661,1:23.496,NaN
2016,14,kvyat,Daniil Kvyat,toro_rosso,Toro Rosso,26,17,1:23.825,NaN,NaN
2016,14,nasr,Felipe Nasr,sauber,Sauber,12,18,1:23.956,NaN,NaN
2016,14,ericsson,Marcus Ericsson,sauber,Sauber,9,19,1:24.087,NaN,NaN
2016,14,jolyon_palmer,Jolyon Palmer,renault,Renault,30,20,1:24.230,NaN,NaN
2016,14,kevin_magnussen,Kevin Magnussen,renault,Renault,20,21,1:24.436,NaN,NaN
2016,15,rosberg,Nico Rosberg,mercedes,Mercedes,6,1,1:45.316,1:43.020,1:42.584
2016,15,ricciardo,Daniel Ricciardo,red_bull,Red Bull,3,2,1:44.255,1:43.933,1:43.115
2016,15,hamilton,Lewis Hamilton,mercedes,Mercedes,44,3,1:45.167,1:43.471,1:43.288
2016,15,max_verstappen,Max Verstappen,red_bull,Red Bull,33,4,1:45.036,1:44.112,1:43.328
2016,15,raikkonen,Kimi Räikkönen,ferrari,Ferrari,7,5,1:44.964,1:44.159,1:43.540
2016,15,sainz,Carlos Sainz,toro_rosso,Toro Rosso,55,6,1:45.499,1:44.493,1:44.197
2016,15,kvyat,Daniil Kvyat,toro_rosso,Toro Rosso,26,7,1:45.291,1:44.475,1:44.469
2016,15,hulkenberg,Nico Hülkenberg,force_india,Force India,27,8,1:46.081,1:44.737,1:44.479
2016,15,alonso,Fernando Alonso,mclaren,McLaren,14,9,1:45.373,1:44.653,1:44.553
2016,15,perez,Sergio Pérez,force_india,Force India,11,10,1:45.204,1:44.703,1:44.582
2016,15,bottas,Valtteri Bottas,williams,Williams,77,11,1:46.086,1:44.740,NaN
2016,15,massa,Felipe Massa,williams,Williams,19,12,1:46.056,1:44.991,NaN
2016,15,button,Jenson Button,mclaren,McLaren,22,13,1:45.262,1:45.144,NaN
2016,15,gutierrez,Esteban Gutiérrez,haas,Haas F1 Team,21,14,1:45.465,1:45.593,NaN
2016,15,grosjean,Romain Grosjean,haas,Haas F1 Team,8,15,1:45.609,1:45.723,NaN
2016,15,ericsson,Marcus Ericsson,sauber,Sauber,9,16,1:46.427,1:47.827,NaN
2016,15,kevin_magnussen,Kevin Magnussen,renault,Renault,20,17,1:46.825,NaN,NaN
2016,15,nasr,Felipe Nasr,sauber,Sauber,12,18,1:46.860,NaN,NaN
2016,15,jolyon_palmer,Jolyon Palmer,renault,Renault,30,19,1:46.960,NaN,NaN
2016,15,wehrlein,Pascal Wehrlein,manor,Manor Marussia,94,20,1:47.667,NaN,NaN
2016,15,ocon,Esteban Ocon,manor,Manor Marussia,31,21,1:48.296,NaN,NaN
2016,15,vettel,Sebastian Vettel,ferrari,Ferrari,5,22,1:49.116,NaN,NaN
2016,16,hamilton,Lewis Hamilton,mercedes,Mercedes,44,1,1:34.444,1:33.046,1:32.850
2016,16,rosberg,Nico Rosberg,mercedes,Mercedes,6,2,1:34.460,1:33.609,1:33.264
2016,16,max_verstappen,Max Verstappen,red_bull,Red Bull,33,3,1:35.443,1:33.775,1:33.420
2016,16,ricciardo,Daniel Ricciardo,red_bull,Red Bull,3,4,1:35.079,1:33.888,1:33.467
2016,16,vettel,Sebastian Vettel,ferrari,Ferrari,5,5,1:34.557,1:33.972,1:33.584
2016,16,raikkonen,Kimi Räikkönen,ferrari,Ferrari,7,6,1:34.556,1:33.903,1:33.632
2016,16,perez,Sergio Pérez,force_india,Force India,11,7,1:35.068,1:34.538,1:34.319
2016,16,hulkenberg,Nico Hülkenberg,force_india,Force India,27,8,1:34.827,1:34.441,1:34.489
2016,16,button,Jenson Button,mclaren,McLaren,22,9,1:35.267,1:34.431,1:34.518
2016,16,massa,Felipe Massa,williams,Williams,19,10,1:35.267,1:34.422,1:34.671
2016,16,bottas,Valtteri Bottas,williams,Williams,77,11,1:35.166,1:34.577,NaN
2016,16,grosjean,Romain Grosjean,haas,Haas F1 Team,8,12,1:35.400,1:35.001,NaN
2016,16,gutierrez,Esteban Gutiérrez,haas,Haas F1 Team,21,13,1:35.658,1:35.097,NaN
2016,16,kevin_magnussen,Kevin Magnussen,renault,Renault,20,14,1:35.593,1:35.277,NaN
2016,16,kvyat,Daniil Kvyat,toro_rosso,Toro Rosso,26,15,1:35.695,1:35.369,NaN
2016,16,sainz,Carlos Sainz,toro_rosso,Toro Rosso,55,16,1:35.605,1:35.374,NaN
2016,16,ericsson,Marcus Ericsson,sauber,Sauber,9,17,1:35.816,NaN,NaN
2016,16,nasr,Felipe Nasr,sauber,Sauber,12,18,1:35.949,NaN,NaN
2016,16,jolyon_palmer,Jolyon Palmer,renault,Renault,30,19,1:35.999,NaN,NaN
2016,16,ocon,Esteban Ocon,manor,Manor Marussia,31,20,1:36.451,NaN,NaN
2016,16,wehrlein,Pascal Wehrlein,manor,Manor Marussia,94,21,1:36.587,NaN,NaN
2016,16,alonso,Fernando Alonso,mclaren,McLaren,14,22,1:37.155,NaN,NaN
2016,17,rosberg,Nico Rosberg,mercedes,Mercedes,6,1,1:31.858,1:30.714,1:30.647
2016,17,hamilton,Lewis Hamilton,mercedes,Mercedes,44,2,1:32.218,1:31.129,1:30.660
2016,17,raikkonen,Kimi Räikkönen,ferrari,Ferrari,7,3,1:31.674,1:31.406,1:30.949
2016,17,vettel,Sebastian Vettel,ferrari,Ferrari,5,4,1:31.659,1:31.227,1:31.028
2016,17,max_verstappen,Max Verstappen,red_bull,Red Bull,33,5,1:32.487,1:31.489,1:31.178
2016,17,ricciardo,Daniel Ricciardo,red_bull,Red Bull,3,6,1:32.538,1:31.719,1:31.240
2016,17,perez,Sergio Pérez,force_india,Force India,11,7,1:32.682,1:32.237,1:31.961
2016,17,grosjean,Romain Grosjean,haas,Haas F1 Team,8,8,1:32.458,1:32.176,1:31.961
2016,17,hulkenberg,Nico Hülkenberg,force_india,Force India,27,9,1:32.448,1:32.200,1:32.142
2016,17,gutierrez,Esteban Gutiérrez,haas,Haas F1 Team,21,10,1:32.620,1:32.155,1:32.547
2016,17,bottas,Valtteri Bottas,williams,Williams,77,11,1:32.383,1:32.315,NaN
2016,17,massa,Felipe Massa,williams,Williams,19,12,1:32.562,1:32.380,NaN
2016,17,kvyat,Daniil Kvyat,toro_rosso,Toro Rosso,26,13,1:32.645,1:32.623,NaN
2016,17,sainz,Carlos Sainz,toro_rosso,Toro Rosso,55,14,1:32.789,1:32.685,NaN
2016,17,alonso,Fernando Alonso,mclaren,McLaren,14,15,1:32.819,1:32.689,NaN
2016,17,jolyon_palmer,Jolyon Palmer,renault,Renault,30,16,1:32.796,1:32.807,NaN
2016,17,button,Jenson Button,mclaren,McLaren,22,17,1:32.851,NaN,NaN
2016,17,kevin_magnussen,Kevin Magnussen,renault,Renault,20,18,1:33.023,NaN,NaN
2016,17,ericsson,Marcus Ericsson,sauber,Sauber,9,19,1:33.222,NaN,NaN
2016,17,nasr,Felipe Nasr,sauber,Sauber,12,20,1:33.332,NaN,NaN
2016,17,ocon,Esteban Ocon,manor,Manor Marussia,31,21,1:33.353,NaN,NaN
2016,17,wehrlein,Pascal Wehrlein,manor,Manor Marussia,94,22,1:33.561,NaN,NaN
2016,18,hamilton,Lewis Hamilton,mercedes,Mercedes,44,1,1:36.296,1:36.450,1:34.999
2016,18,rosberg,Nico Rosberg,mercedes,Mercedes,6,2,1:36.397,1:36.351,1:35.215
2016,18,ricciardo,Daniel Ricciardo,red_bull,Red Bull,3,3,1:36.759,1:36.255,1:35.509
2016,18,max_verstappen,Max Verstappen,red_bull,Red Bull,33,4,1:36.613,1:36.857,1:35.747
2016,18,raikkonen,Kimi Räikkönen,ferrari,Ferrari,7,5,1:36.985,1:36.584,1:36.131
2016,18,vettel,Sebastian Vettel,ferrari,Ferrari,5,6,1:37.151,1:36.462,1:36.358
2016,18,hulkenberg,Nico Hülkenberg,force_india,Force India,27,7,1:36.950,1:36.626,1:36.628
2016,18,bottas,Valtteri Bottas,williams,Williams,77,8,1:37.456,1:37.202,1:37.116
2016,18,massa,Felipe Massa,williams,Williams,19,9,1:37.402,1:37.214,1:37.269
2016,18,sainz,Carlos Sainz,toro_rosso,Toro Rosso,55,10,1:37.744,1:37.175,1:37.326
2016,18,perez,Sergio Pérez,force_india,Force India,11,11,1:37.345,1:37.353,NaN
2016,18,alonso,Fernando Alonso,mclaren,McLaren,14,12,1:37.913,1:37.417,NaN
2016,18,kvyat,Daniil Kvyat,toro_rosso,Toro Rosso,26,13,1:37.844,1:37.480,NaN
2016,18,gutierrez,Esteban Gutiérrez,haas,Haas F1 Team,21,14,1:38.053,1:37.773,NaN
2016,18,jolyon_palmer,Jolyon Palmer,renault,Renault,30,15,1:38.084,1:37.935,NaN
2016,18,ericsson,Marcus Ericsson,sauber,Sauber,9,16,1:38.040,1:39.356,NaN
2016,18,grosjean,Romain Grosjean,haas,Haas F1 Team,8,17,1:38.308,NaN,NaN
2016,18,kevin_magnussen,Kevin Magnussen,renault,Renault,20,18,1:38.317,NaN,NaN
2016,18,button,Jenson Button,mclaren,McLaren,22,19,1:38.327,NaN,NaN
2016,18,wehrlein,Pascal Wehrlein,manor,Manor Marussia,94,20,1:38.548,NaN,NaN
2016,18,nasr,Felipe Nasr,sauber,Sauber,12,21,1:38.583,NaN,NaN
2016,18,ocon,Esteban Ocon,manor,Manor Marussia,31,22,1:38.806,NaN,NaN
2016,19,hamilton,Lewis Hamilton,mercedes,Mercedes,44,1,1:19.447,1:19.137,1:18.704
2016,19,rosberg,Nico Rosberg,mercedes,Mercedes,6,2,1:19.996,1:19.761,1:18.958
2016,19,max_verstappen,Max Verstappen,red_bull,Red Bull,33,3,1:19.874,1:18.972,1:19.054
2016,19,ricciardo,Daniel Ricciardo,red_bull,Red Bull,3,4,1:19.713,1:19.553,1:19.133
2016,19,hulkenberg,Nico Hülkenberg,force_india,Force India,27,5,1:20.599,1:19.769,1:19.330
2016,19,raikkonen,Kimi Räikkönen,ferrari,Ferrari,7,6,1:19.554,1:19.936,1:19.376
2016,19,vettel,Sebastian Vettel,ferrari,Ferrari,5,7,1:19.865,1:19.385,1:19.381
2016,19,bottas,Valtteri Bottas,williams,Williams,77,8,1:20.338,1:19.958,1:19.551
2016,19,massa,Felipe Massa,williams,Williams,19,9,1:20.423,1:20.151,1:20.032
2016,19,sainz,Carlos Sainz,toro_rosso,Toro Rosso,55,10,1:20.457,1:20.169,1:20.378
2016,19,alonso,Fernando Alonso,mclaren,McLaren,14,11,1:20.552,1:20.282,NaN
2016,19,perez,Sergio Pérez,force_india,Force India,11,12,1:20.308,1:20.287,NaN
2016,19,button,Jenson Button,mclaren,McLaren,22,13,1:21.333,1:20.673,NaN
2016,19,kevin_magnussen,Kevin Magnussen,renault,Renault,20,14,1:21.254,1:21.131,NaN
2016,19,ericsson,Marcus Ericsson,sauber,Sauber,9,15,1:21.062,1:21.536,NaN
2016,19,wehrlein,Pascal Wehrlein,manor,Manor Marussia,94,16,1:21.363,1:21.785,NaN
2016,19,gutierrez,Esteban Gutiérrez,haas,Haas F1 Team,21,17,1:21.401,NaN,NaN
2016,19,kvyat,Daniil Kvyat,toro_rosso,Toro Rosso,26,18,1:21.454,NaN,NaN
2016,19,nasr,Felipe Nasr,sauber,Sauber,12,19,1:21.692,NaN,NaN
2016,19,ocon,Esteban Ocon,manor,Manor Marussia,31,20,1:21.881,NaN,NaN
2016,19,grosjean,Romain Grosjean,haas,Haas F1 Team,8,21,1:21.916,NaN,NaN
2016,20,hamilton,Lewis Hamilton,mercedes,Mercedes,44,1,1:11.511,1:11.238,1:10.736
2016,20,rosberg,Nico Rosberg,mercedes,Mercedes,6,2,1:11.815,1:11.373,1:10.838
2016,20,raikkonen,Kimi Räikkönen,ferrari,Ferrari,7,3,1:12.100,1:12.301,1:11.404
2016,20,max_verstappen,Max Verstappen,red_bull,Red Bull,33,4,1:11.957,1:11.834,1:11.485
2016,20,vettel,Sebastian Vettel,ferrari,Ferrari,5,5,1:12.159,1:12.010,1:11.495
2016,20,ricciardo,Daniel Ricciardo,red_bull,Red Bull,3,6,1:12.409,1:12.047,1:11.540
2016,20,grosjean,Romain Grosjean,haas,Haas F1 Team,8,7,1:12.893,1:12.343,1:11.937
2016,20,hulkenberg,Nico Hülkenberg,force_india,Force India,27,8,1:12.428,1:12.360,1:12.104
2016,20,perez,Sergio Pérez,force_india,Force India,11,9,1:12.684,1:12.331,1:12.165
2016,20,alonso,Fernando Alonso,mclaren,McLaren,14,10,1:12.700,1:12.312,1:12.266
2016,20,bottas,Valtteri Bottas,williams,Williams,77,11,1:12.680,1:12.420,NaN
2016,20,gutierrez,Esteban Gutiérrez,haas,Haas F1 Team,21,12,1:13.052,1:12.431,NaN
2016,20,massa,Felipe Massa,williams,Williams,19,13,1:12.432,1:12.521,NaN
2016,20,kvyat,Daniil Kvyat,toro_rosso,Toro Rosso,26,14,1:13.071,1:12.726,NaN
2016,20,sainz,Carlos Sainz,toro_rosso,Toro Rosso,55,15,1:12.950,1:12.920,NaN
2016,20,jolyon_palmer,Jolyon Palmer,renault,Renault,30,16,1:13.259,1:13.258,NaN
2016,20,button,Jenson Button,mclaren,McLaren,22,17,1:13.276,NaN,NaN
2016,20,kevin_magnussen,Kevin Magnussen,renault,Renault,20,18,1:13.410,NaN,NaN
2016,20,wehrlein,Pascal Wehrlein,manor,Manor Marussia,94,19,1:13.427,NaN,NaN
2016,20,ocon,Esteban Ocon,manor,Manor Marussia,31,20,1:13.432,NaN,NaN
2016,20,ericsson,Marcus Ericsson,sauber,Sauber,9,21,1:13.623,NaN,NaN
2016,20,nasr,Felipe Nasr,sauber,Sauber,12,22,1:13.681,NaN,NaN
2016,21,hamilton,Lewis Hamilton,mercedes,Mercedes,44,1,1:39.487,1:39.382,1:38.755
2016,21,rosberg,Nico Rosberg,mercedes,Mercedes,6,2,1:40.511,1:39.490,1:39.058
2016,21,ricciardo,Daniel Ricciardo,red_bull,Red Bull,3,3,1:41.002,1:40.429,1:39.589
2016,21,raikkonen,Kimi Räikkönen,ferrari,Ferrari,7,4,1:40.338,1:39.629,1:39.604
2016,21,vettel,Sebastian Vettel,ferrari,Ferrari,5,5,1:40.341,1:40.034,1:39.661
2016,21,max_verstappen,Max Verstappen,red_bull,Red Bull,33,6,1:40.424,1:39.903,1:39.818
2016,21,hulkenberg,Nico Hülkenberg,force_india,Force India,27,7,1:41.000,1:40.709,1:40.501
2016,21,perez,Sergio Pérez,force_india,Force India,11,8,1:40.864,1:40.743,1:40.519
2016,21,alonso,Fernando Alonso,mclaren,McLaren,14,9,1:41.616,1:41.044,1:41.106
2016,21,massa,Felipe Massa,williams,Williams,19,10,1:41.157,1:40.858,1:41.213
2016,21,bottas,Valtteri Bottas,williams,Williams,77,11,1:41.192,1:41.084,NaN
2016,21,button,Jenson Button,mclaren,McLaren,22,12,1:41.158,1:41.272,NaN
2016,21,gutierrez,Esteban Gutiérrez,haas,Haas F1 Team,21,13,1:41.639,1:41.480,NaN
2016,21,grosjean,Romain Grosjean,haas,Haas F1 Team,8,14,1:41.467,1:41.564,NaN
2016,21,jolyon_palmer,Jolyon Palmer,renault,Renault,30,15,1:41.775,1:41.820,NaN
2016,21,wehrlein,Pascal Wehrlein,manor,Manor Marussia,94,16,1:41.886,1:41.995,NaN
2016,21,kvyat,Daniil Kvyat,toro_rosso,Toro Rosso,26,17,1:42.003,NaN,NaN
2016,21,kevin_magnussen,Kevin Magnussen,renault,Renault,20,18,1:42.142,NaN,NaN
2016,21,nasr,Felipe Nasr,sauber,Sauber,12,19,1:42.247,NaN,NaN
2016,21,ocon,Esteban Ocon,manor,Manor Marussia,31,20,1:42.286,NaN,NaN
2016,21,sainz,Carlos Sainz,toro_rosso,Toro Rosso,55,21,1:42.393,NaN,NaN
2016,21,ericsson,Marcus Ericsson,sauber,Sauber,9,22,1:42.637,NaN,NaN
2017,1,hamilton,Lewis Hamilton,mercedes,Mercedes,44,1,1:24.191,1:23.251,1:22.188
2017,1,vettel,Sebastian Vettel,ferrari,Ferrari,5,2,1:25.210,1:23.401,1:22.456
2017,1,bottas,Valtteri Bottas,mercedes,Mercedes,77,3,1:24.514,1:23.215,1:22.481
2017,1,raikkonen,Kimi Räikkönen,ferrari,Ferrari,7,4,1:24.352,1:23.376,1:23.033
2017,1,max_verstappen,Max Verstappen,red_bull,Red Bull,33,5,1:24.482,1:24.092,1:23.485
2017,1,grosjean,Romain Grosjean,haas,Haas F1 Team,8,6,1:25.419,1:24.718,1:24.074
2017,1,massa,Felipe Massa,williams,Williams,19,7,1:25.099,1:24.597,1:24.443
2017,1,sainz,Carlos Sainz,toro_rosso,Toro Rosso,55,8,1:25.542,1:24.997,1:24.487
2017,1,kvyat,Daniil Kvyat,toro_rosso,Toro Rosso,26,9,1:25.970,1:24.864,1:24.512
2017,1,ricciardo,Daniel Ricciardo,red_bull,Red Bull,3,10,1:25.383,1:23.989,NaN
2017,1,perez,Sergio Pérez,force_india,Force India,11,11,1:25.064,1:25.081,NaN
2017,1,hulkenberg,Nico Hülkenberg,renault,Renault,27,12,1:24.975,1:25.091,NaN
2017,1,alonso,Fernando Alonso,mclaren,McLaren,14,13,1:25.872,1:25.425,NaN
2017,1,ocon,Esteban Ocon,force_india,Force India,31,14,1:26.009,1:25.568,NaN
2017,1,ericsson,Marcus Ericsson,sauber,Sauber,9,15,1:26.236,1:26.465,NaN
2017,1,giovinazzi,Antonio Giovinazzi,sauber,Sauber,36,16,1:26.419,NaN,NaN
2017,1,kevin_magnussen,Kevin Magnussen,haas,Haas F1 Team,20,17,1:26.847,NaN,NaN
2017,1,vandoorne,Stoffel Vandoorne,mclaren,McLaren,2,18,1:26.858,NaN,NaN
2017,1,stroll,Lance Stroll,williams,Williams,18,19,1:27.143,NaN,NaN
2017,1,jolyon_palmer,Jolyon Palmer,renault,Renault,30,20,1:28.244,NaN,NaN
2017,2,hamilton,Lewis Hamilton,mercedes,Mercedes,44,1,1:33.333,1:32.406,1:31.678
2017,2,vettel,Sebastian Vettel,ferrari,Ferrari,5,2,1:33.078,1:32.391,1:31.864
2017,2,bottas,Valtteri Bottas,mercedes,Mercedes,77,3,1:33.684,1:32.552,1:31.865
2017,2,raikkonen,Kimi Räikkönen,ferrari,Ferrari,7,4,1:33.341,1:32.181,1:32.140
2017,2,ricciardo,Daniel Ricciardo,red_bull,Red Bull,3,5,1:34.041,1:33.546,1:33.033
2017,2,massa,Felipe Massa,williams,Williams,19,6,1:34.205,1:33.759,1:33.507
2017,2,hulkenberg,Nico Hülkenberg,renault,Renault,27,7,1:34.453,1:33.636,1:33.580
2017,2,perez,Sergio Pérez,force_india,Force India,11,8,1:34.657,1:33.920,1:33.706
2017,2,kvyat,Daniil Kvyat,toro_rosso,Toro Rosso,26,9,1:34.440,1:34.034,1:33.719
2017,2,stroll,Lance Stroll,williams,Williams,18,10,1:33.986,1:34.090,1:34.220
2017,2,sainz,Carlos Sainz,toro_rosso,Toro Rosso,55,11,1:34.567,1:34.150,NaN
2017,2,kevin_magnussen,Kevin Magnussen,haas,Haas F1 Team,20,12,1:34.942,1:34.164,NaN
2017,2,alonso,Fernando Alonso,mclaren,McLaren,14,13,1:34.499,1:34.372,NaN
2017,2,ericsson,Marcus Ericsson,sauber,Sauber,9,14,1:34.892,1:35.046,NaN
2017,2,giovinazzi,Antonio Giovinazzi,sauber,Sauber,36,15,1:34.963,NaN,NaN
2017,2,vandoorne,Stoffel Vandoorne,mclaren,McLaren,2,16,1:35.023,NaN,NaN
2017,2,grosjean,Romain Grosjean,haas,Haas F1 Team,8,17,1:35.223,NaN,NaN
2017,2,jolyon_palmer,Jolyon Palmer,renault,Renault,30,18,1:35.279,NaN,NaN
2017,2,max_verstappen,Max Verstappen,red_bull,Red Bull,33,19,1:35.433,NaN,NaN
2017,2,ocon,Esteban Ocon,force_india,Force India,31,20,1:35.496,NaN,NaN
2017,3,bottas,Valtteri Bottas,mercedes,Mercedes,77,1,1:31.041,1:29.555,1:28.769
2017,3,hamilton,Lewis Hamilton,mercedes,Mercedes,44,2,1:30.814,1:29.535,1:28.792
2017,3,vettel,Sebastian Vettel,ferrari,Ferrari,5,3,1:31.037,1:29.596,1:29.247
2017,3,ricciardo,Daniel Ricciardo,red_bull,Red Bull,3,4,1:31.667,1:30.497,1:29.545
2017,3,raikkonen,Kimi Räikkönen,ferrari,Ferrari,7,5,1:30.988,1:29.843,1:29.567
2017,3,max_verstappen,Max Verstappen,red_bull,Red Bull,33,6,1:30.904,1:30.307,1:29.687
2017,3,hulkenberg,Nico Hülkenberg,renault,Renault,27,7,1:31.057,1:30.169,1:29.842
2017,3,massa,Felipe Massa,williams,Williams,19,8,1:31.373,1:30.677,1:30.074
2017,3,grosjean,Romain Grosjean,haas,Haas F1 Team,8,9,1:31.691,1:30.857,1:30.763
2017,3,jolyon_palmer,Jolyon Palmer,renault,Renault,30,10,1:31.458,1:30.899,1:31.074
2017,3,kvyat,Daniil Kvyat,toro_rosso,Toro Rosso,26,11,1:31.531,1:30.923,NaN
2017,3,stroll,Lance Stroll,williams,Williams,18,12,1:31.748,1:31.168,NaN
2017,3,wehrlein,Pascal Wehrlein,sauber,Sauber,94,13,1:31.995,1:31.414,NaN
2017,3,ocon,Esteban Ocon,force_india,Force India,31,14,1:31.774,1:31.684,NaN
2017,3,alonso,Fernando Alonso,mclaren,McLaren,14,15,1:32.054,NaN,NaN
2017,3,sainz,Carlos Sainz,toro_rosso,Toro Rosso,55,16,1:32.118,NaN,NaN
2017,3,vandoorne,Stoffel Vandoorne,mclaren,McLaren,2,17,1:32.313,NaN,NaN
2017,3,perez,Sergio Pérez,force_india,Force India,11,18,1:32.318,NaN,NaN
2017,3,ericsson,Marcus Ericsson,sauber,Sauber,9,19,1:32.543,NaN,NaN
2017,3,kevin_magnussen,Kevin Magnussen,haas,Haas F1 Team,20,20,1:32.900,NaN,NaN
2017,4,vettel,Sebastian Vettel,ferrari,Ferrari,5,1,1:34.493,1:34.038,1:33.194
2017,4,raikkonen,Kimi Räikkönen,ferrari,Ferrari,7,2,1:34.953,1:33.663,1:33.253
2017,4,bottas,Valtteri Bottas,mercedes,Mercedes,77,3,1:34.041,1:33.264,1:33.289
2017,4,hamilton,Lewis Hamilton,mercedes,Mercedes,44,4,1:34.409,1:33.760,1:33.767
2017,4,ricciardo,Daniel Ricciardo,red_bull,Red Bull,3,5,1:35.560,1:35.483,1:34.905
2017,4,massa,Felipe Massa,williams,Williams,19,6,1:35.828,1:35.049,1:35.110
2017,4,max_verstappen,Max Verstappen,red_bull,Red Bull,33,7,1:35.301,1:35.221,1:35.161
2017,4,hulkenberg,Nico Hülkenberg,renault,Renault,27,8,1:35.507,1:35.328,1:35.285
2017,4,perez,Sergio Pérez,force_india,Force India,11,9,1:36.185,1:35.513,1:35.337
2017,4,ocon,Esteban Ocon,force_india,Force India,31,10,1:35.372,1:35.729,1:35.430
2017,4,sainz,Carlos Sainz,toro_rosso,Toro Rosso,55,11,1:35.827,1:35.948,NaN
2017,4,stroll,Lance Stroll,williams,Williams,18,12,1:36.279,1:35.964,NaN
2017,4,kvyat,Daniil Kvyat,toro_rosso,Toro Rosso,26,13,1:35.984,1:35.968,NaN
2017,4,kevin_magnussen,Kevin Magnussen,haas,Haas F1 Team,20,14,1:36.408,1:36.017,NaN
2017,4,alonso,Fernando Alonso,mclaren,McLaren,14,15,1:36.353,1:36.660,NaN
2017,4,jolyon_palmer,Jolyon Palmer,renault,Renault,30,16,1:36.462,NaN,NaN
2017,4,vandoorne,Stoffel Vandoorne,mclaren,McLaren,2,17,1:37.070,NaN,NaN
2017,4,wehrlein,Pascal Wehrlein,sauber,Sauber,94,18,1:37.332,NaN,NaN
2017,4,ericsson,Marcus Ericsson,sauber,Sauber,9,19,1:37.507,NaN,NaN
2017,4,grosjean,Romain Grosjean,haas,Haas F1 Team,8,20,1:37.620,NaN,NaN
2017,5,hamilton,Lewis Hamilton,mercedes,Mercedes,44,1,1:20.511,1:20.210,1:19.149
2017,5,vettel,Sebastian Vettel,ferrari,Ferrari,5,2,1:20.939,1:20.295,1:19.200
2017,5,bottas,Valtteri Bottas,mercedes,Mercedes,77,3,1:20.991,1:20.300,1:19.373
2017,5,raikkonen,Kimi Räikkönen,ferrari,Ferrari,7,4,1:20.742,1:20.621,1:19.439
2017,5,max_verstappen,Max Verstappen,red_bull,Red Bull,33,5,1:21.430,1:20.722,1:19.706
2017,5,ricciardo,Daniel Ricciardo,red_bull,Red Bull,3,6,1:21.704,1:20.855,1:20.175
2017,5,alonso,Fernando Alonso,mclaren,McLaren,14,7,1:22.015,1:21.251,1:21.048
2017,5,perez,Sergio Pérez,force_india,Force India,11,8,1:21.998,1:21.239,1:21.070
2017,5,massa,Felipe Massa,williams,Williams,19,9,1:22.138,1:21.222,1:21.232
2017,5,ocon,Esteban Ocon,force_india,Force India,31,10,1:21.901,1:21.148,1:21.272
2017,5,kevin_magnussen,Kevin Magnussen,haas,Haas F1 Team,20,11,1:21.945,1:21.329,NaN
2017,5,sainz,Carlos Sainz,toro_rosso,Toro Rosso,55,12,1:21.941,1:21.371,NaN
2017,5,hulkenberg,Nico Hülkenberg,renault,Renault,27,13,1:22.091,1:21.397,NaN
2017,5,grosjean,Romain Grosjean,haas,Haas F1 Team,8,14,1:21.822,1:21.517,NaN
2017,5,wehrlein,Pascal Wehrlein,sauber,Sauber,94,15,1:22.327,1:21.803,NaN
2017,5,ericsson,Marcus Ericsson,sauber,Sauber,9,16,1:22.332,NaN,NaN
2017,5,jolyon_palmer,Jolyon Palmer,renault,Renault,30,17,1:22.401,NaN,NaN
2017,5,stroll,Lance Stroll,williams,Williams,18,18,1:22.411,NaN,NaN
2017,5,vandoorne,Stoffel Vandoorne,mclaren,McLaren,2,19,1:22.532,NaN,NaN
2017,5,kvyat,Daniil Kvyat,toro_rosso,Toro Rosso,26,20,1:22.746,NaN,NaN
2017,6,raikkonen,Kimi Räikkönen,ferrari,Ferrari,7,1,1:13.117,1:12.231,1:12.178
2017,6,vettel,Sebastian Vettel,ferrari,Ferrari,5,2,1:13.090,1:12.449,1:12.221
2017,6,bottas,Valtteri Bottas,mercedes,Mercedes,77,3,1:13.325,1:12.901,1:12.223
2017,6,max_verstappen,Max Verstappen,red_bull,Red Bull,33,4,1:13.078,1:12.697,1:12.496
2017,6,ricciardo,Daniel Ricciardo,red_bull,Red Bull,3,5,1:13.219,1:13.011,1:12.998
2017,6,sainz,Carlos Sainz,toro_rosso,Toro Rosso,55,6,1:13.526,1:13.397,1:13.162
2017,6,perez,Sergio Pérez,force_india,Force India,11,7,1:13.530,1:13.430,1:13.329
2017,6,grosjean,Romain Grosjean,haas,Haas F1 Team,8,8,1:13.786,1:13.203,1:13.349
2017,6,button,Jenson Button,mclaren,McLaren,22,9,1:13.723,1:13.453,1:13.613
2017,6,vandoorne,Stoffel Vandoorne,mclaren,McLaren,2,10,1:13.476,1:13.249,NaN
2017,6,kvyat,Daniil Kvyat,toro_rosso,Toro Rosso,26,11,1:13.899,1:13.516,NaN
2017,6,hulkenberg,Nico Hülkenberg,renault,Renault,27,12,1:13.787,1:13.628,NaN
2017,6,kevin_magnussen,Kevin Magnussen,haas,Haas F1 Team,20,13,1:13.531,1:13.959,NaN
2017,6,hamilton,Lewis Hamilton,mercedes,Mercedes,44,14,1:13.640,1:14.106,NaN
2017,6,massa,Felipe Massa,williams,Williams,19,15,1:13.796,1:20.529,NaN
2017,6,ocon,Esteban Ocon,force_india,Force India,31,16,1:14.101,NaN,NaN
2017,6,jolyon_palmer,Jolyon Palmer,renault,Renault,30,17,1:14.696,NaN,NaN
2017,6,stroll,Lance Stroll,williams,Williams,18,18,1:14.893,NaN,NaN
2017,6,wehrlein,Pascal Wehrlein,sauber,Sauber,94,19,1:15.159,NaN,NaN
2017,6,ericsson,Marcus Ericsson,sauber,Sauber,9,20,1:15.276,NaN,NaN
2017,7,hamilton,Lewis Hamilton,mercedes,Mercedes,44,1,1:12.692,1:12.496,1:11.459
2017,7,vettel,Sebastian Vettel,ferrari,Ferrari,5,2,1:13.046,1:12.749,1:11.789
2017,7,bottas,Valtteri Bottas,mercedes,Mercedes,77,3,1:12.685,1:12.563,1:12.177
2017,7,raikkonen,Kimi Räikkönen,ferrari,Ferrari,7,4,1:13.548,1:12.580,1:12.252
2017,7,max_verstappen,Max Verstappen,red_bull,Red Bull,33,5,1:13.177,1:12.751,1:12.403
2017,7,ricciardo,Daniel Ricciardo,red_bull,Red Bull,3,6,1:13.543,1:12.810,1:12.557
2017,7,massa,Felipe Massa,williams,Williams,19,7,1:13.435,1:13.012,1:12.858
2017,7,perez,Sergio Pérez,force_india,Force India,11,8,1:13.470,1:13.262,1:13.018
2017,7,ocon,Esteban Ocon,force_india,Force India,31,9,1:13.520,1:13.320,1:13.135
2017,7,hulkenberg,Nico Hülkenberg,renault,Renault,27,10,1:13.804,1:13.406,1:13.271
2017,7,kvyat,Daniil Kvyat,toro_rosso,Toro Rosso,26,11,1:13.802,1:13.690,NaN
2017,7,alonso,Fernando Alonso,mclaren,McLaren,14,12,1:13.669,1:13.693,NaN
2017,7,sainz,Carlos Sainz,toro_rosso,Toro Rosso,55,13,1:14.051,1:13.756,NaN
2017,7,grosjean,Romain Grosjean,haas,Haas F1 Team,8,14,1:13.780,1:13.839,NaN
2017,7,jolyon_palmer,Jolyon Palmer,renault,Renault,30,15,1:13.990,1:14.293,NaN
2017,7,vandoorne,Stoffel Vandoorne,mclaren,McLaren,2,16,1:14.182,NaN,NaN
2017,7,stroll,Lance Stroll,williams,Williams,18,17,1:14.209,NaN,NaN
2017,7,kevin_magnussen,Kevin Magnussen,haas,Haas F1 Team,20,18,1:14.318,NaN,NaN
2017,7,ericsson,Marcus Ericsson,sauber,Sauber,9,19,1:14.495,NaN,NaN
2017,7,wehrlein,Pascal Wehrlein,sauber,Sauber,94,20,1:14.810,NaN,NaN
2017,8,hamilton,Lewis Hamilton,mercedes,Mercedes,44,1,1:41.983,1:41.275,1:40.593
2017,8,bottas,Valtteri Bottas,mercedes,Mercedes,77,2,1:43.026,1:41.502,1:41.027
2017,8,raikkonen,Kimi Räikkönen,ferrari,Ferrari,7,3,1:42.678,1:42.090,1:41.693
2017,8,vettel,Sebastian Vettel,ferrari,Ferrari,5,4,1:42.952,1:41.911,1:41.841
2017,8,max_verstappen,Max Verstappen,red_bull,Red Bull,33,5,1:42.544,1:41.961,1:41.879
2017,8,perez,Sergio Pérez,force_india,Force India,11,6,1:43.162,1:42.467,1:42.111
2017,8,ocon,Esteban Ocon,force_india,Force India,31,7,1:43.051,1:42.751,1:42.186
2017,8,stroll,Lance Stroll,williams,Williams,18,8,1:43.613,1:42.284,1:42.753
2017,8,massa,Felipe Massa,williams,Williams,19,9,1:43.165,1:42.735,1:42.798
2017,8,ricciardo,Daniel Ricciardo,red_bull,Red Bull,3,10,1:42.857,1:42.215,1:43.414
2017,8,kvyat,Daniil Kvyat,toro_rosso,Toro Rosso,26,11,1:42.927,1:43.186,NaN
2017,8,sainz,Carlos Sainz,toro_rosso,Toro Rosso,55,12,1:43.489,1:43.347,NaN
2017,8,kevin_magnussen,Kevin Magnussen,haas,Haas F1 Team,20,13,1:44.029,1:43.796,NaN
2017,8,hulkenberg,Nico Hülkenberg,renault,Renault,27,14,1:43.930,1:44.267,NaN
2017,8,wehrlein,Pascal Wehrlein,sauber,Sauber,94,15,1:44.317,1:44.603,NaN
2017,8,alonso,Fernando Alonso,mclaren,McLaren,14,16,1:44.334,NaN,NaN
2017,8,grosjean,Romain Grosjean,haas,Haas F1 Team,8,17,1:44.468,NaN,NaN
2017,8,ericsson,Marcus Ericsson,sauber,Sauber,9,18,1:44.795,NaN,NaN
2017,8,vandoorne,Stoffel Vandoorne,mclaren,McLaren,2,19,1:45.030,NaN,NaN
2017,9,bottas,Valtteri Bottas,mercedes,Mercedes,77,1,1:05.760,1:04.316,1:04.251
2017,9,vettel,Sebastian Vettel,ferrari,Ferrari,5,2,1:05.585,1:04.772,1:04.293
2017,9,hamilton,Lewis Hamilton,mercedes,Mercedes,44,3,1:05.064,1:04.800,1:04.424
2017,9,raikkonen,Kimi Räikkönen,ferrari,Ferrari,7,4,1:05.148,1:05.004,1:04.779
2017,9,ricciardo,Daniel Ricciardo,red_bull,Red Bull,3,5,1:05.854,1:05.161,1:04.896
2017,9,max_verstappen,Max Verstappen,red_bull,Red Bull,33,6,1:05.779,1:04.948,1:04.983
2017,9,grosjean,Romain Grosjean,haas,Haas F1 Team,8,7,1:05.902,1:05.319,1:05.480
2017,9,perez,Sergio Pérez,force_india,Force India,11,8,1:05.975,1:05.435,1:05.605
2017,9,ocon,Esteban Ocon,force_india,Force India,31,9,1:06.033,1:05.550,1:05.674
2017,9,sainz,Carlos Sainz,toro_rosso,Toro Rosso,55,10,1:05.675,1:05.544,1:05.726
2017,9,hulkenberg,Nico Hülkenberg,renault,Renault,27,11,1:06.174,1:05.597,NaN
2017,9,alonso,Fernando Alonso,mclaren,McLaren,14,12,1:06.158,1:05.602,NaN
2017,9,vandoorne,Stoffel Vandoorne,mclaren,McLaren,2,13,1:06.316,1:05.741,NaN
2017,9,kvyat,Daniil Kvyat,toro_rosso,Toro Rosso,26,14,1:05.990,1:05.884,NaN
2017,9,kevin_magnussen,Kevin Magnussen,haas,Haas F1 Team,20,15,1:06.143,NaN,NaN
2017,9,jolyon_palmer,Jolyon Palmer,renault,Renault,30,16,1:06.345,NaN,NaN
2017,9,massa,Felipe Massa,williams,Williams,19,17,1:06.534,NaN,NaN
2017,9,stroll,Lance Stroll,williams,Williams,18,18,1:06.608,NaN,NaN
2017,9,ericsson,Marcus Ericsson,sauber,Sauber,9,19,1:06.857,NaN,NaN
2017,9,wehrlein,Pascal Wehrlein,sauber,Sauber,94,20,1:07.011,NaN,NaN
2017,10,hamilton,Lewis Hamilton,mercedes,Mercedes,44,1,1:39.069,1:27.893,1:26.600
2017,10,raikkonen,Kimi Räikkönen,ferrari,Ferrari,7,2,1:40.455,1:28.992,1:27.147
2017,10,vettel,Sebastian Vettel,ferrari,Ferrari,5,3,1:39.962,1:28.978,1:27.356
2017,10,bottas,Valtteri Bottas,mercedes,Mercedes,77,4,1:39.698,1:28.732,1:27.376
2017,10,max_verstappen,Max Verstappen,red_bull,Red Bull,33,5,1:38.912,1:29.431,1:28.130
2017,10,hulkenberg,Nico Hülkenberg,renault,Renault,27,6,1:39.201,1:29.340,1:28.856
2017,10,perez,Sergio Pérez,force_india,Force India,11,7,1:42.009,1:29.824,1:28.902
2017,10,ocon,Esteban Ocon,force_india,Force India,31,8,1:39.738,1:29.701,1:29.074
2017,10,vandoorne,Stoffel Vandoorne,mclaren,McLaren,2,9,1:40.011,1:30.105,1:29.418
2017,10,grosjean,Romain Grosjean,haas,Haas F1 Team,8,10,1:42.042,1:29.966,1:29.549
2017,10,jolyon_palmer,Jolyon Palmer,renault,Renault,30,11,1:41.404,1:30.193,NaN
2017,10,kvyat,Daniil Kvyat,toro_rosso,Toro Rosso,26,12,1:41.726,1:30.355,NaN
2017,10,alonso,Fernando Alonso,mclaren,McLaren,14,13,1:37.598,1:30.600,NaN
2017,10,sainz,Carlos Sainz,toro_rosso,Toro Rosso,55,14,1:41.114,1:31.368,NaN
2017,10,massa,Felipe Massa,williams,Williams,19,15,1:41.874,1:31.482,NaN
2017,10,stroll,Lance Stroll,williams,Williams,18,16,1:42.573,NaN,NaN
2017,10,kevin_magnussen,Kevin Magnussen,haas,Haas F1 Team,20,17,1:42.577,NaN,NaN
2017,10,wehrlein,Pascal Wehrlein,sauber,Sauber,94,18,1:42.593,NaN,NaN
2017,10,ericsson,Marcus Ericsson,sauber,Sauber,9,19,1:42.633,NaN,NaN
2017,10,ricciardo,Daniel Ricciardo,red_bull,Red Bull,3,20,1:42.966,NaN,NaN
2017,11,vettel,Sebastian Vettel,ferrari,Ferrari,5,1,1:17.244,1:16.802,1:16.276
2017,11,raikkonen,Kimi Räikkönen,ferrari,Ferrari,7,2,1:17.364,1:17.207,1:16.444
2017,11,bottas,Valtteri Bottas,mercedes,Mercedes,77,3,1:18.058,1:17.362,1:16.530
2017,11,hamilton,Lewis Hamilton,mercedes,Mercedes,44,4,1:17.492,1:16.693,1:16.707
2017,11,max_verstappen,Max Verstappen,red_bull,Red Bull,33,5,1:17.266,1:17.028,1:16.797
2017,11,ricciardo,Daniel Ricciardo,red_bull,Red Bull,3,6,1:17.702,1:17.698,1:16.818
2017,11,hulkenberg,Nico Hülkenberg,renault,Renault,27,7,1:18.137,1:17.655,1:17.468
2017,11,alonso,Fernando Alonso,mclaren,McLaren,14,8,1:18.395,1:17.919,1:17.549
2017,11,vandoorne,Stoffel Vandoorne,mclaren,McLaren,2,9,1:18.479,1:18.000,1:17.894
2017,11,sainz,Carlos Sainz,toro_rosso,Toro Rosso,55,10,1:18.948,1:18.311,1:18.912
2017,11,jolyon_palmer,Jolyon Palmer,renault,Renault,30,11,1:18.699,1:18.415,NaN
2017,11,ocon,Esteban Ocon,force_india,Force India,31,12,1:18.843,1:18.495,NaN
2017,11,kvyat,Daniil Kvyat,toro_rosso,Toro Rosso,26,13,1:18.702,1:18.538,NaN
2017,11,perez,Sergio Pérez,force_india,Force India,11,14,1:19.095,1:18.639,NaN
2017,11,grosjean,Romain Grosjean,haas,Haas F1 Team,8,15,1:19.085,1:18.771,NaN
2017,11,kevin_magnussen,Kevin Magnussen,haas,Haas F1 Team,20,16,1:19.095,NaN,NaN
2017,11,stroll,Lance Stroll,williams,Williams,18,17,1:19.102,NaN,NaN
2017,11,wehrlein,Pascal Wehrlein,sauber,Sauber,94,18,1:19.839,NaN,NaN
2017,11,resta,Paul di Resta,williams,Williams,40,19,1:19.868,NaN,NaN
2017,11,ericsson,Marcus Ericsson,sauber,Sauber,9,20,1:19.972,NaN,NaN
2017,12,hamilton,Lewis Hamilton,mercedes,Mercedes,44,1,1:44.184,1:42.927,1:42.553
2017,12,vettel,Sebastian Vettel,ferrari,Ferrari,5,2,1:44.275,1:43.987,1:42.795
2017,12,bottas,Valtteri Bottas,mercedes,Mercedes,77,3,1:44.773,1:43.249,1:43.094
2017,12,raikkonen,Kimi Räikkönen,ferrari,Ferrari,7,4,1:44.729,1:43.700,1:43.270
2017,12,max_verstappen,Max Verstappen,red_bull,Red Bull,33,5,1:44.535,1:43.940,1:43.380
2017,12,ricciardo,Daniel Ricciardo,red_bull,Red Bull,3,6,1:45.114,1:44.224,1:43.863
2017,12,hulkenberg,Nico Hülkenberg,renault,Renault,27,7,1:45.280,1:44.988,1:44.982
2017,12,perez,Sergio Pérez,force_india,Force India,11,8,1:45.591,1:44.894,1:45.244
2017,12,ocon,Esteban Ocon,force_india,Force India,31,9,1:45.277,1:45.006,1:45.369
2017,12,jolyon_palmer,Jolyon Palmer,renault,Renault,30,10,1:45.447,1:44.685,NaN
2017,12,alonso,Fernando Alonso,mclaren,McLaren,14,11,1:45.668,1:45.090,NaN
2017,12,grosjean,Romain Grosjean,haas,Haas F1 Team,8,12,1:45.728,1:45.133,NaN
2017,12,kevin_magnussen,Kevin Magnussen,haas,Haas F1 Team,20,13,1:45.535,1:45.400,NaN
2017,12,sainz,Carlos Sainz,toro_rosso,Toro Rosso,55,14,1:45.374,1:45.439,NaN
2017,12,vandoorne,Stoffel Vandoorne,mclaren,McLaren,2,15,1:45.441,NaN,NaN
2017,12,massa,Felipe Massa,williams,Williams,19,16,1:45.823,NaN,NaN
2017,12,kvyat,Daniil Kvyat,toro_rosso,Toro Rosso,26,17,1:46.028,NaN,NaN
2017,12,stroll,Lance Stroll,williams,Williams,18,18,1:46.915,NaN,NaN
2017,12,ericsson,Marcus Ericsson,sauber,Sauber,9,19,1:47.214,NaN,NaN
2017,12,wehrlein,Pascal Wehrlein,sauber,Sauber,94,20,1:47.679,NaN,NaN
2017,13,hamilton,Lewis Hamilton,mercedes,Mercedes,44,1,1:36.009,1:34.660,1:35.554
2017,13,max_verstappen,Max Verstappen,red_bull,Red Bull,33,2,1:37.344,1:36.113,1:36.702
2017,13,ricciardo,Daniel Ricciardo,red_bull,Red Bull,3,3,1:38.304,1:37.313,1:36.841
2017,13,stroll,Lance Stroll,williams,Williams,18,4,1:37.653,1:37.002,1:37.032
2017,13,ocon,Esteban Ocon,force_india,Force India,31,5,1:38.775,1:37.580,1:37.719
2017,13,bottas,Valtteri Bottas,mercedes,Mercedes,77,6,1:35.716,1:35.396,1:37.833
2017,13,raikkonen,Kimi Räikkönen,ferrari,Ferrari,7,7,1:38.235,1:37.031,1:37.987
2017,13,vettel,Sebastian Vettel,ferrari,Ferrari,5,8,1:37.198,1:36.223,1:38.064
2017,13,massa,Felipe Massa,williams,Williams,19,9,1:38.338,1:37.456,1:38.251
2017,13,vandoorne,Stoffel Vandoorne,mclaren,McLaren,2,10,1:38.767,1:37.471,1:39.157
2017,13,perez,Sergio Pérez,force_india,Force India,11,11,1:38.511,1:37.582,NaN
2017,13,hulkenberg,Nico Hülkenberg,renault,Renault,27,12,1:39.242,1:38.059,NaN
2017,13,alonso,Fernando Alonso,mclaren,McLaren,14,13,1:39.134,1:38.202,NaN
2017,13,kvyat,Daniil Kvyat,toro_rosso,Toro Rosso,26,14,1:39.183,1:38.245,NaN
2017,13,sainz,Carlos Sainz,toro_rosso,Toro Rosso,55,15,1:39.788,1:38.526,NaN
2017,13,kevin_magnussen,Kevin Magnussen,haas,Haas F1 Team,20,16,1:40.489,NaN,NaN
2017,13,jolyon_palmer,Jolyon Palmer,renault,Renault,30,17,1:40.646,NaN,NaN
2017,13,ericsson,Marcus Ericsson,sauber,Sauber,9,18,1:41.732,NaN,NaN
2017,13,wehrlein,Pascal Wehrlein,sauber,Sauber,94,19,1:41.875,NaN,NaN
2017,13,grosjean,Romain Grosjean,haas,Haas F1 Team,8,20,1:43.355,NaN,NaN
2017,14,vettel,Sebastian Vettel,ferrari,Ferrari,5,1,1:43.336,1:40.529,1:39.491
2017,14,max_verstappen,Max Verstappen,red_bull,Red Bull,33,2,1:42.010,1:40.332,1:39.814
2017,14,ricciardo,Daniel Ricciardo,red_bull,Red Bull,3,3,1:42.063,1:40.385,1:39.840
2017,14,raikkonen,Kimi Räikkönen,ferrari,Ferrari,7,4,1:43.328,1:40.525,1:40.069
2017,14,hamilton,Lewis Hamilton,mercedes,Mercedes,44,5,1:42.455,1:40.577,1:40.126
2017,14,bottas,Valtteri Bottas,mercedes,Mercedes,77,6,1:43.137,1:41.409,1:40.810
2017,14,hulkenberg,Nico Hülkenberg,renault,Renault,27,7,1:42.586,1:41.277,1:41.013
2017,14,alonso,Fernando Alonso,mclaren,McLaren,14,8,1:42.086,1:41.442,1:41.179
2017,14,vandoorne,Stoffel Vandoorne,mclaren,McLaren,2,9,1:42.222,1:41.227,1:41.398
2017,14,sainz,Carlos Sainz,toro_rosso,Toro Rosso,55,10,1:42.176,1:41.826,1:42.056
2017,14,jolyon_palmer,Jolyon Palmer,renault,Renault,30,11,1:42.472,1:42.107,NaN
2017,14,perez,Sergio Pérez,force_india,Force India,11,12,1:43.594,1:42.246,NaN
2017,14,kvyat,Daniil Kvyat,toro_rosso,Toro Rosso,26,13,1:42.544,1:42.338,NaN
2017,14,ocon,Esteban Ocon,force_india,Force India,31,14,1:43.626,1:42.760,NaN
2017,14,grosjean,Romain Grosjean,haas,Haas F1 Team,8,15,1:43.627,1:43.883,NaN
2017,14,kevin_magnussen,Kevin Magnussen,haas,Haas F1 Team,20,16,1:43.756,NaN,NaN
2017,14,massa,Felipe Massa,williams,Williams,19,17,1:44.014,NaN,NaN
2017,14,stroll,Lance Stroll,williams,Williams,18,18,1:44.728,NaN,NaN
2017,14,wehrlein,Pascal Wehrlein,sauber,Sauber,94,19,1:45.059,NaN,NaN
2017,14,ericsson,Marcus Ericsson,sauber,Sauber,9,20,1:45.570,NaN,NaN
2017,15,hamilton,Lewis Hamilton,mercedes,Mercedes,44,1,1:31.605,1:30.977,1:30.076
2017,15,raikkonen,Kimi Räikkönen,ferrari,Ferrari,7,2,1:32.259,1:30.926,1:30.121
2017,15,max_verstappen,Max Verstappen,red_bull,Red Bull,33,3,1:31.920,1:30.931,1:30.541
2017,15,ricciardo,Daniel Ricciardo,red_bull,Red Bull,3,4,1:32.416,1:31.061,1:30.595
2017,15,bottas,Valtteri Bottas,mercedes,Mercedes,77,5,1:32.254,1:30.803,1:30.758
2017,15,ocon,Esteban Ocon,force_india,Force India,31,6,1:32.527,1:31.651,1:31.478
2017,15,vandoorne,Stoffel Vandoorne,mclaren,McLaren,2,7,1:32.838,1:31.848,1:31.582
2017,15,hulkenberg,Nico Hülkenberg,renault,Renault,27,8,1:32.586,1:31.778,1:31.607
2017,15,perez,Sergio Pérez,force_india,Force India,11,9,1:32.768,1:31.484,1:31.658
2017,15,alonso,Fernando Alonso,mclaren,McLaren,14,10,1:33.049,1:32.010,1:31.704
2017,15,massa,Felipe Massa,williams,Williams,19,11,1:32.267,1:32.034,NaN
2017,15,jolyon_palmer,Jolyon Palmer,renault,Renault,30,12,1:32.576,1:32.100,NaN
2017,15,stroll,Lance Stroll,williams,Williams,18,13,1:33.000,1:32.307,NaN
2017,15,sainz,Carlos Sainz,toro_rosso,Toro Rosso,55,14,1:32.650,1:32.402,NaN
2017,15,gasly,Pierre Gasly,toro_rosso,Toro Rosso,10,15,1:32.547,1:32.558,NaN
2017,15,grosjean,Romain Grosjean,haas,Haas F1 Team,8,16,1:33.308,NaN,NaN
2017,15,kevin_magnussen,Kevin Magnussen,haas,Haas F1 Team,20,17,1:33.434,NaN,NaN
2017,15,wehrlein,Pascal Wehrlein,sauber,Sauber,94,18,1:33.483,NaN,NaN
2017,15,ericsson,Marcus Ericsson,sauber,Sauber,9,19,1:33.970,NaN,NaN
2017,15,vettel,Sebastian Vettel,ferrari,Ferrari,5,20,,NaN,NaN
2017,16,hamilton,Lewis Hamilton,mercedes,Mercedes,44,1,1:29.047,1:27.819,1:27.319
2017,16,bottas,Valtteri Bottas,mercedes,Mercedes,77,2,1:29.332,1:28.543,1:27.651
2017,16,vettel,Sebastian Vettel,ferrari,Ferrari,5,3,1:29.352,1:28.225,1:27.791
2017,16,ricciardo,Daniel Ricciardo,red_bull,Red Bull,3,4,1:29.475,1:28.935,1:28.306
2017,16,max_verstappen,Max Verstappen,red_bull,Red Bull,33,5,1:29.181,1:28.747,1:28.332
2017,16,raikkonen,Kimi Räikkönen,ferrari,Ferrari,7,6,1:29.163,1:29.079,1:28.498
2017,16,ocon,Esteban Ocon,force_india,Force India,31,7,1:30.115,1:29.199,1:29.111
2017,16,perez,Sergio Pérez,force_india,Force India,11,8,1:29.696,1:29.343,1:29.260
2017,16,massa,Felipe Massa,williams,Williams,19,9,1:30.352,1:29.687,1:29.480
2017,16,alonso,Fernando Alonso,mclaren,McLaren,14,10,1:30.525,1:29.749,1:30.687
2017,16,vandoorne,Stoffel Vandoorne,mclaren,McLaren,2,11,1:30.654,1:29.778,NaN
2017,16,hulkenberg,Nico Hülkenberg,renault,Renault,27,12,1:30.252,1:29.879,NaN
2017,16,kevin_magnussen,Kevin Magnussen,haas,Haas F1 Team,20,13,1:30.774,1:29.972,NaN
2017,16,jolyon_palmer,Jolyon Palmer,renault,Renault,30,14,1:30.516,1:30.022,NaN
2017,16,sainz,Carlos Sainz,toro_rosso,Toro Rosso,55,15,1:30.565,1:30.413,NaN
2017,16,grosjean,Romain Grosjean,haas,Haas F1 Team,8,16,1:30.849,NaN,NaN
2017,16,gasly,Pierre Gasly,toro_rosso,Toro Rosso,10,17,1:31.317,NaN,NaN
2017,16,stroll,Lance Stroll,williams,Williams,18,18,1:31.409,NaN,NaN
2017,16,ericsson,Marcus Ericsson,sauber,Sauber,9,19,1:31.597,NaN,NaN
2017,16,wehrlein,Pascal Wehrlein,sauber,Sauber,94,20,1:31.885,NaN,NaN
2017,17,hamilton,Lewis Hamilton,mercedes,Mercedes,44,1,1:34.822,1:33.437,1:33.108
2017,17,vettel,Sebastian Vettel,ferrari,Ferrari,5,2,1:35.420,1:34.103,1:33.347
2017,17,bottas,Valtteri Bottas,mercedes,Mercedes,77,3,1:35.309,1:33.769,1:33.568
2017,17,ricciardo,Daniel Ricciardo,red_bull,Red Bull,3,4,1:35.991,1:34.495,1:33.577
2017,17,raikkonen,Kimi Räikkönen,ferrari,Ferrari,7,5,1:35.649,1:33.840,1:33.577
2017,17,max_verstappen,Max Verstappen,red_bull,Red Bull,33,6,1:34.899,1:34.716,1:33.658
2017,17,ocon,Esteban Ocon,force_india,Force India,31,7,1:35.849,1:35.113,1:34.647
2017,17,sainz,Carlos Sainz,renault,Renault,55,8,1:35.517,1:34.899,1:34.852
2017,17,alonso,Fernando Alonso,mclaren,McLaren,14,9,1:35.712,1:35.046,1:35.007
2017,17,perez,Sergio Pérez,force_india,Force India,11,10,1:36.358,1:34.789,1:35.148
2017,17,massa,Felipe Massa,williams,Williams,19,11,1:35.603,1:35.155,NaN
2017,17,kvyat,Daniil Kvyat,toro_rosso,Toro Rosso,26,12,1:36.073,1:35.529,NaN
2017,17,vandoorne,Stoffel Vandoorne,mclaren,McLaren,2,13,1:36.286,1:35.641,NaN
2017,17,grosjean,Romain Grosjean,haas,Haas F1 Team,8,14,1:36.835,1:35.870,NaN
2017,17,hulkenberg,Nico Hülkenberg,renault,Renault,27,15,1:35.740,NaN,NaN
2017,17,ericsson,Marcus Ericsson,sauber,Sauber,9,16,1:36.842,NaN,NaN
2017,17,stroll,Lance Stroll,williams,Williams,18,17,1:36.868,NaN,NaN
2017,17,brendon_hartley,Brendon Hartley,toro_rosso,Toro Rosso,39,18,1:36.889,NaN,NaN
2017,17,wehrlein,Pascal Wehrlein,sauber,Sauber,94,19,1:37.179,NaN,NaN
2017,17,kevin_magnussen,Kevin Magnussen,haas,Haas F1 Team,20,20,1:37.394,NaN,NaN
2017,18,vettel,Sebastian Vettel,ferrari,Ferrari,5,1,1:17.665,1:16.870,1:16.488
2017,18,max_verstappen,Max Verstappen,red_bull,Red Bull,33,2,1:17.630,1:16.524,1:16.574
2017,18,hamilton,Lewis Hamilton,mercedes,Mercedes,44,3,1:17.518,1:17.035,1:16.934
2017,18,bottas,Valtteri Bottas,mercedes,Mercedes,77,4,1:17.578,1:17.161,1:16.958
2017,18,raikkonen,Kimi Räikkönen,ferrari,Ferrari,7,5,1:18.148,1:17.534,1:17.238
2017,18,ocon,Esteban Ocon,force_india,Force India,31,6,1:18.336,1:17.827,1:17.437
2017,18,ricciardo,Daniel Ricciardo,red_bull,Red Bull,3,7,1:18.208,1:17.631,1:17.447
2017,18,hulkenberg,Nico Hülkenberg,renault,Renault,27,8,1:18.322,1:17.792,1:17.466
2017,18,sainz,Carlos Sainz,renault,Renault,55,9,1:18.405,1:17.753,1:17.794
2017,18,perez,Sergio Pérez,force_india,Force India,11,10,1:18.020,1:17.868,1:17.807
2017,18,massa,Felipe Massa,williams,Williams,19,11,1:18.570,1:18.099,NaN
2017,18,stroll,Lance Stroll,williams,Williams,18,12,1:18.902,1:19.159,NaN
2017,18,brendon_hartley,Brendon Hartley,toro_rosso,Toro Rosso,28,13,1:18.683,NaN,NaN
2017,18,alonso,Fernando Alonso,mclaren,McLaren,14,14,1:17.710,NaN,NaN
2017,18,vandoorne,Stoffel Vandoorne,mclaren,McLaren,2,15,1:18.578,NaN,NaN
2017,18,ericsson,Marcus Ericsson,sauber,Sauber,9,16,1:19.176,NaN,NaN
2017,18,wehrlein,Pascal Wehrlein,sauber,Sauber,94,17,1:19.333,NaN,NaN
2017,18,kevin_magnussen,Kevin Magnussen,haas,Haas F1 Team,20,18,1:19.443,NaN,NaN
2017,18,grosjean,Romain Grosjean,haas,Haas F1 Team,8,19,1:19.473,NaN,NaN
2017,19,bottas,Valtteri Bottas,mercedes,Mercedes,77,1,1:09.452,1:08.638,1:08.322
2017,19,vettel,Sebastian Vettel,ferrari,Ferrari,5,2,1:09.643,1:08.494,1:08.360
2017,19,raikkonen,Kimi Räikkönen,ferrari,Ferrari,7,3,1:09.405,1:09.116,1:08.538
2017,19,max_verstappen,Max Verstappen,red_bull,Red Bull,33,4,1:09.820,1:09.050,1:08.925
2017,19,ricciardo,Daniel Ricciardo,red_bull,Red Bull,3,5,1:09.828,1:09.533,1:09.330
2017,19,perez,Sergio Pérez,force_india,Force India,11,6,1:10.145,1:09.760,1:09.598
2017,19,alonso,Fernando Alonso,mclaren,McLaren,14,7,1:10.172,1:09.593,1:09.617
2017,19,hulkenberg,Nico Hülkenberg,renault,Renault,27,8,1:10.078,1:09.726,1:09.703
2017,19,sainz,Carlos Sainz,renault,Renault,55,9,1:10.227,1:09.768,1:09.805
2017,19,massa,Felipe Massa,williams,Williams,19,10,1:09.789,1:09.612,1:09.841
2017,19,ocon,Esteban Ocon,force_india,Force India,31,11,1:10.168,1:09.830,NaN
2017,19,grosjean,Romain Grosjean,haas,Haas F1 Team,8,12,1:10.148,1:09.879,NaN
2017,19,vandoorne,Stoffel Vandoorne,mclaren,McLaren,2,13,1:10.286,1:10.116,NaN
2017,19,kevin_magnussen,Kevin Magnussen,haas,Haas F1 Team,20,14,1:10.521,1:10.154,NaN
2017,19,brendon_hartley,Brendon Hartley,toro_rosso,Toro Rosso,28,15,1:10.625,NaN,NaN
2017,19,wehrlein,Pascal Wehrlein,sauber,Sauber,94,16,1:10.678,NaN,NaN
2017,19,gasly,Pierre Gasly,toro_rosso,Toro Rosso,10,17,1:10.686,NaN,NaN
2017,19,stroll,Lance Stroll,williams,Williams,18,18,1:10.776,NaN,NaN
2017,19,ericsson,Marcus Ericsson,sauber,Sauber,9,19,1:10.875,NaN,NaN
2017,19,hamilton,Lewis Hamilton,mercedes,Mercedes,44,20,,NaN,NaN
2017,20,bottas,Valtteri Bottas,mercedes,Mercedes,77,1,1:37.356,1:36.822,1:36.231
2017,20,hamilton,Lewis Hamilton,mercedes,Mercedes,44,2,1:37.391,1:36.742,1:36.403
2017,20,vettel,Sebastian Vettel,ferrari,Ferrari,5,3,1:37.817,1:37.023,1:36.777
2017,20,ricciardo,Daniel Ricciardo,red_bull,Red Bull,3,4,1:38.016,1:37.583,1:36.959
2017,20,raikkonen,Kimi Räikkönen,ferrari,Ferrari,7,5,1:37.453,1:37.302,1:36.985
2017,20,max_verstappen,Max Verstappen,red_bull,Red Bull,33,6,1:38.021,1:37.777,1:37.328
2017,20,hulkenberg,Nico Hülkenberg,renault,Renault,27,7,1:38.781,1:38.138,1:38.282
2017,20,perez,Sergio Pérez,force_india,Force India,11,8,1:38.601,1:38.359,1:38.374
2017,20,ocon,Esteban Ocon,force_india,Force India,31,9,1:38.896,1:38.392,1:38.397
2017,20,massa,Felipe Massa,williams,Williams,19,10,1:38.629,1:38.565,1:38.550
2017,20,alonso,Fernando Alonso,mclaren,McLaren,14,11,1:38.820,1:38.636,NaN
2017,20,sainz,Carlos Sainz,renault,Renault,55,12,1:38.810,1:38.725,NaN
2017,20,vandoorne,Stoffel Vandoorne,mclaren,McLaren,2,13,1:38.777,1:38.808,NaN
2017,20,kevin_magnussen,Kevin Magnussen,haas,Haas F1 Team,20,14,1:39.395,1:39.298,NaN
2017,20,stroll,Lance Stroll,williams,Williams,18,15,1:39.503,1:39.646,NaN
2017,20,grosjean,Romain Grosjean,haas,Haas F1 Team,8,16,1:39.516,NaN,NaN
2017,20,gasly,Pierre Gasly,toro_rosso,Toro Rosso,10,17,1:39.724,NaN,NaN
2017,20,wehrlein,Pascal Wehrlein,sauber,Sauber,94,18,1:39.930,NaN,NaN
2017,20,ericsson,Marcus Ericsson,sauber,Sauber,9,19,1:39.994,NaN,NaN
2017,20,brendon_hartley,Brendon Hartley,toro_rosso,Toro Rosso,28,20,1:40.471,NaN,NaN
2018,1,hamilton,Lewis Hamilton,mercedes,Mercedes,44,1,1:22.824,1:22.051,1:21.164
2018,1,raikkonen,Kimi Räikkönen,ferrari,Ferrari,7,2,1:23.096,1:22.507,1:21.828
2018,1,vettel,Sebastian Vettel,ferrari,Ferrari,5,3,1:23.348,1:21.944,1:21.838
2018,1,max_verstappen,Max Verstappen,red_bull,Red Bull,33,4,1:23.483,1:22.416,1:21.879
2018,1,ricciardo,Daniel Ricciardo,red_bull,Red Bull,3,5,1:23.494,1:22.897,1:22.152
2018,1,kevin_magnussen,Kevin Magnussen,haas,Haas F1 Team,20,6,1:23.909,1:23.300,1:23.187
2018,1,grosjean,Romain Grosjean,haas,Haas F1 Team,8,7,1:23.671,1:23.468,1:23.339
2018,1,hulkenberg,Nico Hülkenberg,renault,Renault,27,8,1:23.782,1:23.544,1:23.532
2018,1,sainz,Carlos Sainz,renault,Renault,55,9,1:23.529,1:23.061,1:23.577
2018,1,bottas,Valtteri Bottas,mercedes,Mercedes,77,10,1:23.686,1:22.089,NaN
2018,1,alonso,Fernando Alonso,mclaren,McLaren,14,11,1:23.597,1:23.692,NaN
2018,1,vandoorne,Stoffel Vandoorne,mclaren,McLaren,2,12,1:24.073,1:23.853,NaN
2018,1,perez,Sergio Pérez,force_india,Force India,11,13,1:24.344,1:24.005,NaN
2018,1,stroll,Lance Stroll,williams,Williams,18,14,1:24.464,1:24.230,NaN
2018,1,ocon,Esteban Ocon,force_india,Force India,31,15,1:24.503,1:24.786,NaN
2018,1,brendon_hartley,Brendon Hartley,toro_rosso,Toro Rosso,28,16,1:24.532,NaN,NaN
2018,1,ericsson,Marcus Ericsson,sauber,Sauber,9,17,1:24.556,NaN,NaN
2018,1,leclerc,Charles Leclerc,sauber,Sauber,16,18,1:24.636,NaN,NaN
2018,1,sirotkin,Sergey Sirotkin,williams,Williams,35,19,1:24.922,NaN,NaN
2018,1,gasly,Pierre Gasly,toro_rosso,Toro Rosso,10,20,1:25.295,NaN,NaN
2018,2,vettel,Sebastian Vettel,ferrari,Ferrari,5,1,1:29.060,1:28.341,1:27.958
2018,2,raikkonen,Kimi Räikkönen,ferrari,Ferrari,7,2,1:28.951,1:28.515,1:28.101
2018,2,bottas,Valtteri Bottas,mercedes,Mercedes,77,3,1:29.275,1:28.794,1:28.124
2018,2,hamilton,Lewis Hamilton,mercedes,Mercedes,44,4,1:29.396,1:28.458,1:28.220
2018,2,ricciardo,Daniel Ricciardo,red_bull,Red Bull,3,5,1:29.552,1:28.962,1:28.398
2018,2,gasly,Pierre Gasly,toro_rosso,Toro Rosso,10,6,1:30.121,1:29.836,1:29.329
2018,2,kevin_magnussen,Kevin Magnussen,haas,Haas F1 Team,20,7,1:29.594,1:29.623,1:29.358
2018,2,hulkenberg,Nico Hülkenberg,renault,Renault,27,8,1:30.260,1:29.187,1:29.570
2018,2,ocon,Esteban Ocon,force_india,Force India,31,9,1:30.338,1:30.009,1:29.874
2018,2,sainz,Carlos Sainz,renault,Renault,55,10,1:29.893,1:29.802,1:29.986
2018,2,brendon_hartley,Brendon Hartley,toro_rosso,Toro Rosso,28,11,1:30.412,1:30.105,NaN
2018,2,perez,Sergio Pérez,force_india,Force India,11,12,1:30.218,1:30.156,NaN
2018,2,alonso,Fernando Alonso,mclaren,McLaren,14,13,1:30.530,1:30.212,NaN
2018,2,vandoorne,Stoffel Vandoorne,mclaren,McLaren,2,14,1:30.479,1:30.525,NaN
2018,2,max_verstappen,Max Verstappen,red_bull,Red Bull,33,15,1:29.374,NaN,NaN
2018,2,grosjean,Romain Grosjean,haas,Haas F1 Team,8,16,1:30.530,NaN,NaN
2018,2,ericsson,Marcus Ericsson,sauber,Sauber,9,17,1:31.063,NaN,NaN
2018,2,sirotkin,Sergey Sirotkin,williams,Williams,35,18,1:31.414,NaN,NaN
2018,2,leclerc,Charles Leclerc,sauber,Sauber,16,19,1:31.420,NaN,NaN
2018,2,stroll,Lance Stroll,williams,Williams,18,20,1:31.503,NaN,NaN
2018,3,vettel,Sebastian Vettel,ferrari,Ferrari,5,1,1:32.171,1:32.385,1:31.095
2018,3,raikkonen,Kimi Räikkönen,ferrari,Ferrari,7,2,1:32.474,1:32.286,1:31.182
2018,3,bottas,Valtteri Bottas,mercedes,Mercedes,77,3,1:32.921,1:32.063,1:31.625
2018,3,hamilton,Lewis Hamilton,mercedes,Mercedes,44,4,1:33.283,1:31.914,1:31.675
2018,3,max_verstappen,Max Verstappen,red_bull,Red Bull,33,5,1:32.932,1:32.809,1:31.796
2018,3,ricciardo,Daniel Ricciardo,red_bull,Red Bull,3,6,1:33.877,1:32.688,1:31.948
2018,3,hulkenberg,Nico Hülkenberg,renault,Renault,27,7,1:33.545,1:32.494,1:32.532
2018,3,perez,Sergio Pérez,force_india,Force India,11,8,1:33.464,1:32.931,1:32.758
2018,3,sainz,Carlos Sainz,renault,Renault,55,9,1:33.315,1:32.970,1:32.819
2018,3,grosjean,Romain Grosjean,haas,Haas F1 Team,8,10,1:33.238,1:32.524,1:32.855
2018,3,kevin_magnussen,Kevin Magnussen,haas,Haas F1 Team,20,11,1:33.359,1:32.986,NaN
2018,3,ocon,Esteban Ocon,force_india,Force India,31,12,1:33.585,1:33.057,NaN
2018,3,alonso,Fernando Alonso,mclaren,McLaren,14,13,1:33.428,1:33.232,NaN
2018,3,vandoorne,Stoffel Vandoorne,mclaren,McLaren,2,14,1:33.824,1:33.505,NaN
2018,3,brendon_hartley,Brendon Hartley,toro_rosso,Toro Rosso,28,15,1:34.013,1:33.795,NaN
2018,3,sirotkin,Sergey Sirotkin,williams,Williams,35,16,1:34.062,NaN,NaN
2018,3,gasly,Pierre Gasly,toro_rosso,Toro Rosso,10,17,1:34.101,NaN,NaN
2018,3,stroll,Lance Stroll,williams,Williams,18,18,1:34.285,NaN,NaN
2018,3,leclerc,Charles Leclerc,sauber,Sauber,16,19,1:34.454,NaN,NaN
2018,3,ericsson,Marcus Ericsson,sauber,Sauber,9,20,1:34.914,NaN,NaN
2018,4,vettel,Sebastian Vettel,ferrari,Ferrari,5,1,1:42.762,1:43.015,1:41.498
2018,4,hamilton,Lewis Hamilton,mercedes,Mercedes,44,2,1:42.693,1:42.676,1:41.677
2018,4,bottas,Valtteri Bottas,mercedes,Mercedes,77,3,1:43.355,1:42.679,1:41.837
2018,4,ricciardo,Daniel Ricciardo,red_bull,Red Bull,3,4,1:42.857,1:43.482,1:41.911
2018,4,max_verstappen,Max Verstappen,red_bull,Red Bull,33,5,1:42.642,1:42.901,1:41.994
2018,4,raikkonen,Kimi Räikkönen,ferrari,Ferrari,7,6,1:42.538,1:42.510,1:42.490
2018,4,ocon,Esteban Ocon,force_india,Force India,31,7,1:43.021,1:42.967,1:42.523
2018,4,perez,Sergio Pérez,force_india,Force India,11,8,1:43.992,1:43.366,1:42.547
2018,4,hulkenberg,Nico Hülkenberg,renault,Renault,27,9,1:43.746,1:43.232,1:43.066
2018,4,sainz,Carlos Sainz,renault,Renault,55,10,1:43.426,1:43.464,1:43.351
2018,4,stroll,Lance Stroll,williams,Williams,18,11,1:44.359,1:43.585,NaN
2018,4,sirotkin,Sergey Sirotkin,williams,Williams,35,12,1:44.261,1:43.886,NaN
2018,4,alonso,Fernando Alonso,mclaren,McLaren,14,13,1:44.010,1:44.019,NaN
2018,4,leclerc,Charles Leclerc,sauber,Sauber,16,14,1:43.752,1:44.074,NaN
2018,4,kevin_magnussen,Kevin Magnussen,haas,Haas F1 Team,20,15,1:43.674,1:44.759,NaN
2018,4,vandoorne,Stoffel Vandoorne,mclaren,McLaren,2,16,1:44.489,NaN,NaN
2018,4,gasly,Pierre Gasly,toro_rosso,Toro Rosso,10,17,1:44.496,NaN,NaN
2018,4,ericsson,Marcus Ericsson,sauber,Sauber,9,18,1:45.541,NaN,NaN
2018,4,brendon_hartley,Brendon Hartley,toro_rosso,Toro Rosso,28,19,1:57.354,NaN,NaN
2018,4,grosjean,Romain Grosjean,haas,Haas F1 Team,8,20,,NaN,NaN
2018,5,hamilton,Lewis Hamilton,mercedes,Mercedes,44,1,1:17.633,1:17.166,1:16.173
2018,5,bottas,Valtteri Bottas,mercedes,Mercedes,77,2,1:17.674,1:17.111,1:16.213
2018,5,vettel,Sebastian Vettel,ferrari,Ferrari,5,3,1:17.031,1:16.802,1:16.305
2018,5,raikkonen,Kimi Räikkönen,ferrari,Ferrari,7,4,1:17.483,1:17.071,1:16.612
2018,5,max_verstappen,Max Verstappen,red_bull,Red Bull,33,5,1:17.411,1:17.266,1:16.816
2018,5,ricciardo,Daniel Ricciardo,red_bull,Red Bull,3,6,1:17.623,1:17.638,1:16.818
2018,5,kevin_magnussen,Kevin Magnussen,haas,Haas F1 Team,20,7,1:18.169,1:17.618,1:17.676
2018,5,alonso,Fernando Alonso,mclaren,McLaren,14,8,1:18.276,1:18.100,1:17.721
2018,5,sainz,Carlos Sainz,renault,Renault,55,9,1:18.480,1:17.803,1:17.790
2018,5,grosjean,Romain Grosjean,haas,Haas F1 Team,8,10,1:18.305,1:17.699,1:17.835
2018,5,vandoorne,Stoffel Vandoorne,mclaren,McLaren,2,11,1:18.885,1:18.323,NaN
2018,5,gasly,Pierre Gasly,toro_rosso,Toro Rosso,10,12,1:18.550,1:18.463,NaN
2018,5,ocon,Esteban Ocon,force_india,Force India,31,13,1:18.813,1:18.696,NaN
2018,5,leclerc,Charles Leclerc,sauber,Sauber,16,14,1:18.661,1:18.910,NaN
2018,5,perez,Sergio Pérez,force_india,Force India,11,15,1:18.740,1:19.098,NaN
2018,5,hulkenberg,Nico Hülkenberg,renault,Renault,27,16,1:18.923,NaN,NaN
2018,5,ericsson,Marcus Ericsson,sauber,Sauber,9,17,1:19.493,NaN,NaN
2018,5,sirotkin,Sergey Sirotkin,williams,Williams,35,18,1:19.695,NaN,NaN
2018,5,stroll,Lance Stroll,williams,Williams,18,19,1:20.225,NaN,NaN
2018,5,brendon_hartley,Brendon Hartley,toro_rosso,Toro Rosso,28,20,,NaN,NaN
2018,6,ricciardo,Daniel Ricciardo,red_bull,Red Bull,3,1,1:12.013,1:11.278,1:10.810
2018,6,vettel,Sebastian Vettel,ferrari,Ferrari,5,2,1:12.415,1:11.518,1:11.039
2018,6,hamilton,Lewis Hamilton,mercedes,Mercedes,44,3,1:12.460,1:11.584,1:11.232
2018,6,raikkonen,Kimi Räikkönen,ferrari,Ferrari,7,4,1:12.639,1:11.391,1:11.266
2018,6,bottas,Valtteri Bottas,mercedes,Mercedes,77,5,1:12.434,1:12.002,1:11.441
2018,6,ocon,Esteban Ocon,force_india,Force India,31,6,1:13.028,1:12.188,1:12.061
2018,6,alonso,Fernando Alonso,mclaren,McLaren,14,7,1:12.657,1:12.269,1:12.110
2018,6,sainz,Carlos Sainz,renault,Renault,55,8,1:12.950,1:12.286,1:12.130
2018,6,perez,Sergio Pérez,force_india,Force India,11,9,1:12.848,1:12.194,1:12.154
2018,6,gasly,Pierre Gasly,toro_rosso,Toro Rosso,10,10,1:12.941,1:12.313,1:12.221
2018,6,hulkenberg,Nico Hülkenberg,renault,Renault,27,11,1:13.065,1:12.411,NaN
2018,6,vandoorne,Stoffel Vandoorne,mclaren,McLaren,2,12,1:12.463,1:12.440,NaN
2018,6,sirotkin,Sergey Sirotkin,williams,Williams,35,13,1:12.706,1:12.521,NaN
2018,6,leclerc,Charles Leclerc,sauber,Sauber,16,14,1:12.829,1:12.714,NaN
2018,6,grosjean,Romain Grosjean,haas,Haas F1 Team,8,15,1:12.930,1:12.728,NaN
2018,6,brendon_hartley,Brendon Hartley,toro_rosso,Toro Rosso,28,16,1:13.179,NaN,NaN
2018,6,ericsson,Marcus Ericsson,sauber,Sauber,9,17,1:13.265,NaN,NaN
2018,6,stroll,Lance Stroll,williams,Williams,18,18,1:13.323,NaN,NaN
2018,6,kevin_magnussen,Kevin Magnussen,haas,Haas F1 Team,20,19,1:13.393,NaN,NaN
2018,6,max_verstappen,Max Verstappen,red_bull,Red Bull,33,20,,NaN,NaN
2018,7,vettel,Sebastian Vettel,ferrari,Ferrari,5,1,1:11.710,1:11.524,1:10.764
2018,7,bottas,Valtteri Bottas,mercedes,Mercedes,77,2,1:11.950,1:11.514,1:10.857
2018,7,max_verstappen,Max Verstappen,red_bull,Red Bull,33,3,1:12.008,1:11.472,1:10.937
2018,7,hamilton,Lewis Hamilton,mercedes,Mercedes,44,4,1:11.835,1:11.740,1:10.996
2018,7,raikkonen,Kimi Räikkönen,ferrari,Ferrari,7,5,1:11.725,1:11.620,1:11.095
2018,7,ricciardo,Daniel Ricciardo,red_bull,Red Bull,3,6,1:12.459,1:11.434,1:11.116
2018,7,hulkenberg,Nico Hülkenberg,renault,Renault,27,7,1:12.795,1:11.916,1:11.973
2018,7,ocon,Esteban Ocon,force_india,Force India,31,8,1:12.577,1:12.141,1:12.084
2018,7,sainz,Carlos Sainz,renault,Renault,55,9,1:12.689,1:12.097,1:12.168
2018,7,perez,Sergio Pérez,force_india,Force India,11,10,1:12.702,1:12.395,1:12.671
2018,7,kevin_magnussen,Kevin Magnussen,haas,Haas F1 Team,20,11,1:12.680,1:12.606,NaN
2018,7,brendon_hartley,Brendon Hartley,toro_rosso,Toro Rosso,28,12,1:12.587,1:12.635,NaN
2018,7,leclerc,Charles Leclerc,sauber,Sauber,16,13,1:12.945,1:12.661,NaN
2018,7,alonso,Fernando Alonso,mclaren,McLaren,14,14,1:12.979,1:12.856,NaN
2018,7,vandoorne,Stoffel Vandoorne,mclaren,McLaren,2,15,1:12.998,1:12.865,NaN
2018,7,gasly,Pierre Gasly,toro_rosso,Toro Rosso,10,16,1:13.047,NaN,NaN
2018,7,stroll,Lance Stroll,williams,Williams,18,17,1:13.590,NaN,NaN
2018,7,sirotkin,Sergey Sirotkin,williams,Williams,35,18,1:13.643,NaN,NaN
2018,7,ericsson,Marcus Ericsson,sauber,Sauber,9,19,1:14.593,NaN,NaN
2018,7,grosjean,Romain Grosjean,haas,Haas F1 Team,8,20,,NaN,NaN
2018,8,hamilton,Lewis Hamilton,mercedes,Mercedes,44,1,1:31.271,1:30.645,1:30.029
2018,8,bottas,Valtteri Bottas,mercedes,Mercedes,77,2,1:31.776,1:31.227,1:30.147
2018,8,vettel,Sebastian Vettel,ferrari,Ferrari,5,3,1:31.820,1:30.751,1:30.400
2018,8,max_verstappen,Max Verstappen,red_bull,Red Bull,33,4,1:31.531,1:30.818,1:30.705
2018,8,ricciardo,Daniel Ricciardo,red_bull,Red Bull,3,5,1:31.910,1:31.538,1:30.895
2018,8,raikkonen,Kimi Räikkönen,ferrari,Ferrari,7,6,1:31.567,1:30.772,1:31.057
2018,8,sainz,Carlos Sainz,renault,Renault,55,7,1:32.394,1:32.016,1:32.126
2018,8,leclerc,Charles Leclerc,sauber,Sauber,16,8,1:32.538,1:32.055,1:32.635
2018,8,kevin_magnussen,Kevin Magnussen,haas,Haas F1 Team,20,9,1:32.169,1:31.510,1:32.930
2018,8,grosjean,Romain Grosjean,haas,Haas F1 Team,8,10,1:32.083,1:31.472,NaN
2018,8,ocon,Esteban Ocon,force_india,Force India,31,11,1:32.786,1:32.075,NaN
2018,8,hulkenberg,Nico Hülkenberg,renault,Renault,27,12,1:32.949,1:32.115,NaN
2018,8,perez,Sergio Pérez,force_india,Force India,11,13,1:32.692,1:32.454,NaN
2018,8,gasly,Pierre Gasly,toro_rosso,Toro Rosso,10,14,1:32.447,1:32.460,NaN
2018,8,ericsson,Marcus Ericsson,sauber,Sauber,9,15,1:32.804,1:32.820,NaN
2018,8,alonso,Fernando Alonso,mclaren,McLaren,14,16,1:32.976,NaN,NaN
2018,8,brendon_hartley,Brendon Hartley,toro_rosso,Toro Rosso,28,17,1:33.025,NaN,NaN
2018,8,vandoorne,Stoffel Vandoorne,mclaren,McLaren,2,18,1:33.162,NaN,NaN
2018,8,sirotkin,Sergey Sirotkin,williams,Williams,35,19,1:33.636,NaN,NaN
2018,8,stroll,Lance Stroll,williams,Williams,18,20,1:33.729,NaN,NaN
2018,9,bottas,Valtteri Bottas,mercedes,Mercedes,77,1,1:04.175,1:03.756,1:03.130
2018,9,hamilton,Lewis Hamilton,mercedes,Mercedes,44,2,1:04.080,1:03.577,1:03.149
2018,9,vettel,Sebastian Vettel,ferrari,Ferrari,5,3,1:04.347,1:03.544,1:03.464
2018,9,raikkonen,Kimi Räikkönen,ferrari,Ferrari,7,4,1:04.234,1:03.975,1:03.660
2018,9,max_verstappen,Max Verstappen,red_bull,Red Bull,33,5,1:04.273,1:04.001,1:03.840
2018,9,grosjean,Romain Grosjean,haas,Haas F1 Team,8,6,1:04.242,1:04.059,1:03.892
2018,9,ricciardo,Daniel Ricciardo,red_bull,Red Bull,3,7,1:04.723,1:04.403,1:03.996
2018,9,kevin_magnussen,Kevin Magnussen,haas,Haas F1 Team,20,8,1:04.460,1:04.291,1:04.051
2018,9,sainz,Carlos Sainz,renault,Renault,55,9,1:04.948,1:04.561,1:04.725
2018,9,hulkenberg,Nico Hülkenberg,renault,Renault,27,10,1:04.864,1:04.676,1:05.019
2018,9,ocon,Esteban Ocon,force_india,Force India,31,11,1:05.148,1:04.845,NaN
2018,9,gasly,Pierre Gasly,toro_rosso,Toro Rosso,10,12,1:05.011,1:04.874,NaN
2018,9,leclerc,Charles Leclerc,sauber,Sauber,16,13,1:04.967,1:04.979,NaN
2018,9,alonso,Fernando Alonso,mclaren,McLaren,14,14,1:04.965,1:05.058,NaN
2018,9,stroll,Lance Stroll,williams,Williams,18,15,1:05.264,1:05.286,NaN
2018,9,vandoorne,Stoffel Vandoorne,mclaren,McLaren,2,16,1:05.271,NaN,NaN
2018,9,perez,Sergio Pérez,force_india,Force India,11,17,1:05.279,NaN,NaN
2018,9,sirotkin,Sergey Sirotkin,williams,Williams,35,18,1:05.322,NaN,NaN
2018,9,brendon_hartley,Brendon Hartley,toro_rosso,Toro Rosso,28,19,1:05.366,NaN,NaN
2018,9,ericsson,Marcus Ericsson,sauber,Sauber,9,20,1:05.479,NaN,NaN
2018,10,hamilton,Lewis Hamilton,mercedes,Mercedes,44,1,1:26.818,1:26.256,1:25.892
2018,10,vettel,Sebastian Vettel,ferrari,Ferrari,5,2,1:26.585,1:26.372,1:25.936
2018,10,raikkonen,Kimi Räikkönen,ferrari,Ferrari,7,3,1:27.549,1:26.483,1:25.990
2018,10,bottas,Valtteri Bottas,mercedes,Mercedes,77,4,1:27.025,1:26.413,1:26.217
2018,10,max_verstappen,Max Verstappen,red_bull,Red Bull,33,5,1:27.309,1:27.013,1:26.602
2018,10,ricciardo,Daniel Ricciardo,red_bull,Red Bull,3,6,1:27.979,1:27.369,1:27.099
2018,10,kevin_magnussen,Kevin Magnussen,haas,Haas F1 Team,20,7,1:28.143,1:27.730,1:27.244
2018,10,grosjean,Romain Grosjean,haas,Haas F1 Team,8,8,1:28.086,1:27.522,1:27.455
2018,10,leclerc,Charles Leclerc,sauber,Sauber,16,9,1:27.962,1:27.790,1:27.879
2018,10,ocon,Esteban Ocon,force_india,Force India,31,10,1:28.279,1:27.843,1:28.194
2018,10,hulkenberg,Nico Hülkenberg,renault,Renault,27,11,1:28.017,1:27.901,NaN
2018,10,perez,Sergio Pérez,force_india,Force India,11,12,1:28.210,1:27.928,NaN
2018,10,alonso,Fernando Alonso,mclaren,McLaren,14,13,1:28.187,1:28.139,NaN
2018,10,gasly,Pierre Gasly,toro_rosso,Toro Rosso,10,14,1:28.399,1:28.343,NaN
2018,10,ericsson,Marcus Ericsson,sauber,Sauber,9,15,1:28.249,1:28.391,NaN
2018,10,sainz,Carlos Sainz,renault,Renault,55,16,1:28.456,NaN,NaN
2018,10,vandoorne,Stoffel Vandoorne,mclaren,McLaren,2,17,1:29.096,NaN,NaN
2018,10,sirotkin,Sergey Sirotkin,williams,Williams,35,18,1:29.252,NaN,NaN
2018,10,stroll,Lance Stroll,williams,Williams,18,19,,NaN,NaN
2018,10,brendon_hartley,Brendon Hartley,toro_rosso,Toro Rosso,28,20,,NaN,NaN
2018,11,vettel,Sebastian Vettel,ferrari,Ferrari,5,1,1:12.538,1:12.505,1:11.212
2018,11,bottas,Valtteri Bottas,mercedes,Mercedes,77,2,1:12.962,1:12.152,1:11.416
2018,11,raikkonen,Kimi Räikkönen,ferrari,Ferrari,7,3,1:12.505,1:12.336,1:11.547
2018,11,max_verstappen,Max Verstappen,red_bull,Red Bull,33,4,1:13.127,1:12.188,1:11.822
2018,11,kevin_magnussen,Kevin Magnussen,haas,Haas F1 Team,20,5,1:13.105,1:12.523,1:12.200
2018,11,grosjean,Romain Grosjean,haas,Haas F1 Team,8,6,1:12.986,1:12.722,1:12.544
2018,11,hulkenberg,Nico Hülkenberg,renault,Renault,27,7,1:13.479,1:12.946,1:12.560
2018,11,sainz,Carlos Sainz,renault,Renault,55,8,1:13.324,1:13.032,1:12.692
2018,11,leclerc,Charles Leclerc,sauber,Sauber,16,9,1:13.077,1:12.995,1:12.717
2018,11,perez,Sergio Pérez,force_india,Force India,11,10,1:13.427,1:13.072,1:12.774
2018,11,alonso,Fernando Alonso,mclaren,McLaren,14,11,1:13.614,1:13.657,NaN
2018,11,sirotkin,Sergey Sirotkin,williams,Williams,35,12,1:13.708,1:13.702,NaN
2018,11,ericsson,Marcus Ericsson,sauber,Sauber,9,13,1:13.562,1:13.736,NaN
2018,11,hamilton,Lewis Hamilton,mercedes,Mercedes,44,14,1:13.012,NaN,NaN
2018,11,ricciardo,Daniel Ricciardo,red_bull,Red Bull,3,15,1:13.318,NaN,NaN
2018,11,ocon,Esteban Ocon,force_india,Force India,31,16,1:13.720,NaN,NaN
2018,11,gasly,Pierre Gasly,toro_rosso,Toro Rosso,10,17,1:13.749,NaN,NaN
2018,11,brendon_hartley,Brendon Hartley,toro_rosso,Toro Rosso,28,18,1:14.045,NaN,NaN
2018,11,stroll,Lance Stroll,williams,Williams,18,19,1:14.206,NaN,NaN
2018,11,vandoorne,Stoffel Vandoorne,mclaren,McLaren,2,20,1:14.401,NaN,NaN
2018,12,hamilton,Lewis Hamilton,mercedes,Mercedes,44,1,1:17.419,1:31.242,1:35.658
2018,12,bottas,Valtteri Bottas,mercedes,Mercedes,77,2,1:17.123,1:32.081,1:35.918
2018,12,raikkonen,Kimi Räikkönen,ferrari,Ferrari,7,3,1:17.526,1:32.762,1:36.186
2018,12,vettel,Sebastian Vettel,ferrari,Ferrari,5,4,1:16.666,1:28.636,1:36.210
2018,12,sainz,Carlos Sainz,renault,Renault,55,5,1:17.829,1:30.771,1:36.743
2018,12,gasly,Pierre Gasly,toro_rosso,Toro Rosso,10,6,1:18.577,1:31.286,1:37.591
2018,12,max_verstappen,Max Verstappen,red_bull,Red Bull,33,7,1:16.940,1:31.178,1:38.032
2018,12,brendon_hartley,Brendon Hartley,toro_rosso,Toro Rosso,28,8,1:18.429,1:32.590,1:38.128
2018,12,kevin_magnussen,Kevin Magnussen,haas,Haas F1 Team,20,9,1:18.314,1:32.968,1:39.858
2018,12,grosjean,Romain Grosjean,haas,Haas F1 Team,8,10,1:17.901,1:33.650,1:40.593
2018,12,alonso,Fernando Alonso,mclaren,McLaren,14,11,1:18.208,1:35.214,NaN
2018,12,ricciardo,Daniel Ricciardo,red_bull,Red Bull,3,12,1:18.540,1:36.442,NaN
2018,12,hulkenberg,Nico Hülkenberg,renault,Renault,27,13,1:17.905,1:36.506,NaN
2018,12,ericsson,Marcus Ericsson,sauber,Sauber,9,14,1:18.641,1:37.075,NaN
2018,12,stroll,Lance Stroll,williams,Williams,18,15,1:18.560,NaN,NaN
2018,12,vandoorne,Stoffel Vandoorne,mclaren,McLaren,2,16,1:18.782,NaN,NaN
2018,12,leclerc,Charles Leclerc,sauber,Sauber,16,17,1:18.817,NaN,NaN
2018,12,ocon,Esteban Ocon,force_india,Force India,31,18,1:19.142,NaN,NaN
2018,12,perez,Sergio Pérez,force_india,Force India,11,19,1:19.200,NaN,NaN
2018,12,sirotkin,Sergey Sirotkin,williams,Williams,35,20,1:19.301,NaN,NaN
2018,13,hamilton,Lewis Hamilton,mercedes,Mercedes,44,1,1:42.977,1:41.553,1:58.179
2018,13,vettel,Sebastian Vettel,ferrari,Ferrari,5,2,1:43.035,1:41.501,1:58.905
2018,13,ocon,Esteban Ocon,force_india,Force India,31,3,1:44.003,1:43.302,2:01.851
2018,13,perez,Sergio Pérez,force_india,Force India,11,4,1:44.004,1:43.014,2:01.894
2018,13,grosjean,Romain Grosjean,haas,Haas F1 Team,8,5,1:43.597,1:43.042,2:02.122
2018,13,raikkonen,Kimi Räikkönen,ferrari,Ferrari,7,6,1:42.585,1:41.533,2:02.671
2018,13,max_verstappen,Max Verstappen,red_bull,Red Bull,33,7,1:43.199,1:42.554,2:02.769
2018,13,ricciardo,Daniel Ricciardo,red_bull,Red Bull,3,8,1:43.604,1:43.126,2:02.939
2018,13,kevin_magnussen,Kevin Magnussen,haas,Haas F1 Team,20,9,1:43.834,1:43.320,2:04.933
2018,13,bottas,Valtteri Bottas,mercedes,Mercedes,77,10,1:42.805,1:42.191,NaN
2018,13,gasly,Pierre Gasly,toro_rosso,Toro Rosso,10,11,1:44.221,1:43.844,NaN
2018,13,brendon_hartley,Brendon Hartley,toro_rosso,Toro Rosso,28,12,1:44.153,1:43.865,NaN
2018,13,leclerc,Charles Leclerc,sauber,Sauber,16,13,1:43.654,1:44.062,NaN
2018,13,ericsson,Marcus Ericsson,sauber,Sauber,9,14,1:43.846,1:44.301,NaN
2018,13,hulkenberg,Nico Hülkenberg,renault,Renault,27,15,1:44.145,NaN,NaN
2018,13,sainz,Carlos Sainz,renault,Renault,55,16,1:44.489,NaN,NaN
2018,13,alonso,Fernando Alonso,mclaren,McLaren,14,17,1:44.917,NaN,NaN
2018,13,sirotkin,Sergey Sirotkin,williams,Williams,35,18,1:44.998,NaN,NaN
2018,13,stroll,Lance Stroll,williams,Williams,18,19,1:45.134,NaN,NaN
2018,13,vandoorne,Stoffel Vandoorne,mclaren,McLaren,2,20,1:45.307,NaN,NaN
2018,14,raikkonen,Kimi Räikkönen,ferrari,Ferrari,7,1,1:20.722,1:19.846,1:19.119
2018,14,vettel,Sebastian Vettel,ferrari,Ferrari,5,2,1:20.542,1:19.629,1:19.280
2018,14,hamilton,Lewis Hamilton,mercedes,Mercedes,44,3,1:20.810,1:19.798,1:19.294
2018,14,bottas,Valtteri Bottas,mercedes,Mercedes,77,4,1:21.381,1:20.427,1:19.656
2018,14,max_verstappen,Max Verstappen,red_bull,Red Bull,33,5,1:21.381,1:20.333,1:20.615
2018,14,grosjean,Romain Grosjean,haas,Haas F1 Team,8,6,1:21.887,1:21.239,1:20.936
2018,14,sainz,Carlos Sainz,renault,Renault,55,7,1:21.732,1:21.552,1:21.041
2018,14,ocon,Esteban Ocon,force_india,Force India,31,8,1:21.570,1:21.315,1:21.099
2018,14,gasly,Pierre Gasly,toro_rosso,Toro Rosso,10,9,1:21.834,1:21.667,1:21.350
2018,14,stroll,Lance Stroll,williams,Williams,18,10,1:21.838,1:21.494,1:21.627
2018,14,kevin_magnussen,Kevin Magnussen,haas,Haas F1 Team,20,11,1:21.783,1:21.669,NaN
2018,14,sirotkin,Sergey Sirotkin,williams,Williams,35,12,1:21.813,1:21.732,NaN
2018,14,alonso,Fernando Alonso,mclaren,McLaren,14,13,1:21.850,1:22.568,NaN
2018,14,hulkenberg,Nico Hülkenberg,renault,Renault,27,14,1:21.801,NaN,NaN
2018,14,ricciardo,Daniel Ricciardo,red_bull,Red Bull,3,15,1:21.280,NaN,NaN
2018,14,perez,Sergio Pérez,force_india,Force India,11,16,1:21.888,NaN,NaN
2018,14,leclerc,Charles Leclerc,sauber,Sauber,16,17,1:21.889,NaN,NaN
2018,14,brendon_hartley,Brendon Hartley,toro_rosso,Toro Rosso,28,18,1:21.934,NaN,NaN
2018,14,ericsson,Marcus Ericsson,sauber,Sauber,9,19,1:22.048,NaN,NaN
2018,14,vandoorne,Stoffel Vandoorne,mclaren,McLaren,2,20,1:22.085,NaN,NaN
2018,15,hamilton,Lewis Hamilton,mercedes,Mercedes,44,1,1:39.403,1:37.344,1:36.015
2018,15,max_verstappen,Max Verstappen,red_bull,Red Bull,33,2,1:38.751,1:37.214,1:36.334
2018,15,vettel,Sebastian Vettel,ferrari,Ferrari,5,3,1:38.218,1:37.876,1:36.628
2018,15,bottas,Valtteri Bottas,mercedes,Mercedes,77,4,1:39.291,1:37.254,1:36.702
2018,15,raikkonen,Kimi Räikkönen,ferrari,Ferrari,7,5,1:38.534,1:37.194,1:36.794
2018,15,ricciardo,Daniel Ricciardo,red_bull,Red Bull,3,6,1:38.153,1:37.406,1:36.996
2018,15,perez,Sergio Pérez,force_india,Force India,11,7,1:38.814,1:38.342,1:37.985
2018,15,grosjean,Romain Grosjean,haas,Haas F1 Team,8,8,1:38.685,1:38.367,1:38.320
2018,15,ocon,Esteban Ocon,force_india,Force India,31,9,1:38.912,1:38.534,1:38.365
2018,15,hulkenberg,Nico Hülkenberg,renault,Renault,27,10,1:38.932,1:38.450,1:38.588
2018,15,alonso,Fernando Alonso,mclaren,McLaren,14,11,1:39.022,1:38.641,NaN
2018,15,sainz,Carlos Sainz,renault,Renault,55,12,1:39.103,1:38.716,NaN
2018,15,leclerc,Charles Leclerc,sauber,Sauber,16,13,1:39.206,1:38.747,NaN
2018,15,ericsson,Marcus Ericsson,sauber,Sauber,9,14,1:39.366,1:39.453,NaN
2018,15,gasly,Pierre Gasly,toro_rosso,Toro Rosso,10,15,1:39.614,1:39.691,NaN
2018,15,kevin_magnussen,Kevin Magnussen,haas,Haas F1 Team,20,16,1:39.644,NaN,NaN
2018,15,brendon_hartley,Brendon Hartley,toro_rosso,Toro Rosso,28,17,1:39.809,NaN,NaN
2018,15,vandoorne,Stoffel Vandoorne,mclaren,McLaren,2,18,1:39.864,NaN,NaN
2018,15,sirotkin,Sergey Sirotkin,williams,Williams,35,19,1:41.263,NaN,NaN
2018,15,stroll,Lance Stroll,williams,Williams,18,20,1:41.334,NaN,NaN
2018,16,bottas,Valtteri Bottas,mercedes,Mercedes,77,1,1:32.964,1:32.744,1:31.387
2018,16,hamilton,Lewis Hamilton,mercedes,Mercedes,44,2,1:32.410,1:32.595,1:31.532
2018,16,vettel,Sebastian Vettel,ferrari,Ferrari,5,3,1:33.476,1:33.045,1:31.943
2018,16,raikkonen,Kimi Räikkönen,ferrari,Ferrari,7,4,1:33.341,1:33.065,1:32.237
2018,16,kevin_magnussen,Kevin Magnussen,haas,Haas F1 Team,20,5,1:34.078,1:33.747,1:33.181
2018,16,ocon,Esteban Ocon,force_india,Force India,31,6,1:34.290,1:33.596,1:33.413
2018,16,leclerc,Charles Leclerc,sauber,Sauber,16,7,1:33.924,1:33.488,1:33.419
2018,16,perez,Sergio Pérez,force_india,Force India,11,8,1:34.084,1:33.923,1:33.563
2018,16,grosjean,Romain Grosjean,haas,Haas F1 Team,8,9,1:34.022,1:33.517,1:33.704
2018,16,ericsson,Marcus Ericsson,sauber,Sauber,9,10,1:34.170,1:33.995,1:35.196
2018,16,max_verstappen,Max Verstappen,red_bull,Red Bull,33,11,1:33.048,NaN,NaN
2018,16,ricciardo,Daniel Ricciardo,red_bull,Red Bull,3,12,1:33.247,NaN,NaN
2018,16,gasly,Pierre Gasly,toro_rosso,Toro Rosso,10,13,1:34.383,NaN,NaN
2018,16,sainz,Carlos Sainz,renault,Renault,55,14,1:34.626,NaN,NaN
2018,16,hulkenberg,Nico Hülkenberg,renault,Renault,27,15,1:34.655,NaN,NaN
2018,16,brendon_hartley,Brendon Hartley,toro_rosso,Toro Rosso,28,16,1:35.037,NaN,NaN
2018,16,alonso,Fernando Alonso,mclaren,McLaren,14,17,1:35.504,NaN,NaN
2018,16,sirotkin,Sergey Sirotkin,williams,Williams,35,18,1:35.612,NaN,NaN
2018,16,vandoorne,Stoffel Vandoorne,mclaren,McLaren,2,19,1:35.977,NaN,NaN
2018,16,stroll,Lance Stroll,williams,Williams,18,20,1:36.437,NaN,NaN
2018,17,hamilton,Lewis Hamilton,mercedes,Mercedes,44,1,1:28.702,1:28.017,1:27.760
2018,17,bottas,Valtteri Bottas,mercedes,Mercedes,77,2,1:29.297,1:27.987,1:28.059
2018,17,max_verstappen,Max Verstappen,red_bull,Red Bull,33,3,1:29.480,1:28.849,1:29.057
2018,17,raikkonen,Kimi Räikkönen,ferrari,Ferrari,7,4,1:29.631,1:28.595,1:29.521
2018,17,grosjean,Romain Grosjean,haas,Haas F1 Team,8,5,1:29.724,1:29.678,1:29.761
2018,17,brendon_hartley,Brendon Hartley,toro_rosso,Toro Rosso,28,6,1:30.248,1:29.848,1:30.023
2018,17,gasly,Pierre Gasly,toro_rosso,Toro Rosso,10,7,1:30.137,1:29.810,1:30.093
2018,17,ocon,Esteban Ocon,force_india,Force India,31,8,1:29.899,1:29.538,1:30.126
2018,17,vettel,Sebastian Vettel,ferrari,Ferrari,5,9,1:29.049,1:28.279,1:32.192
2018,17,perez,Sergio Pérez,force_india,Force India,11,10,1:30.247,1:29.567,1:37.229
2018,17,leclerc,Charles Leclerc,sauber,Sauber,16,11,1:29.706,1:29.864,NaN
2018,17,kevin_magnussen,Kevin Magnussen,haas,Haas F1 Team,20,12,1:30.219,1:30.226,NaN
2018,17,sainz,Carlos Sainz,renault,Renault,55,13,1:30.236,1:30.490,NaN
2018,17,stroll,Lance Stroll,williams,Williams,18,14,1:30.317,1:30.714,NaN
2018,17,ricciardo,Daniel Ricciardo,red_bull,Red Bull,3,15,1:29.806,NaN,NaN
2018,17,hulkenberg,Nico Hülkenberg,renault,Renault,27,16,1:30.361,NaN,NaN
2018,17,sirotkin,Sergey Sirotkin,williams,Williams,35,17,1:30.372,NaN,NaN
2018,17,alonso,Fernando Alonso,mclaren,McLaren,14,18,1:30.573,NaN,NaN
2018,17,vandoorne,Stoffel Vandoorne,mclaren,McLaren,2,19,1:31.041,NaN,NaN
2018,17,ericsson,Marcus Ericsson,sauber,Sauber,9,20,1:31.213,NaN,NaN
2018,18,hamilton,Lewis Hamilton,mercedes,Mercedes,44,1,1:34.130,1:33.480,1:32.237
2018,18,vettel,Sebastian Vettel,ferrari,Ferrari,5,2,1:34.569,1:33.079,1:32.298
2018,18,raikkonen,Kimi Räikkönen,ferrari,Ferrari,7,3,1:34.703,1:32.884,1:32.307
2018,18,bottas,Valtteri Bottas,mercedes,Mercedes,77,4,1:34.518,1:33.702,1:32.616
2018,18,ricciardo,Daniel Ricciardo,red_bull,Red Bull,3,5,1:34.755,1:34.185,1:33.494
2018,18,ocon,Esteban Ocon,force_india,Force India,31,6,1:34.876,1:34.522,1:34.145
2018,18,hulkenberg,Nico Hülkenberg,renault,Renault,27,7,1:34.932,1:34.564,1:34.215
2018,18,grosjean,Romain Grosjean,haas,Haas F1 Team,8,8,1:34.892,1:34.419,1:34.250
2018,18,leclerc,Charles Leclerc,sauber,Sauber,16,9,1:35.069,1:34.255,1:34.420
2018,18,perez,Sergio Pérez,force_india,Force India,11,10,1:35.193,1:34.525,1:34.594
2018,18,sainz,Carlos Sainz,renault,Renault,55,11,1:34.891,1:34.566,NaN
2018,18,kevin_magnussen,Kevin Magnussen,haas,Haas F1 Team,20,12,1:34.972,1:34.732,NaN
2018,18,gasly,Pierre Gasly,toro_rosso,Toro Rosso,10,13,1:34.850,NaN,NaN
2018,18,brendon_hartley,Brendon Hartley,toro_rosso,Toro Rosso,28,14,1:35.206,NaN,NaN
2018,18,max_verstappen,Max Verstappen,red_bull,Red Bull,33,15,1:34.766,NaN,NaN
2018,18,alonso,Fernando Alonso,mclaren,McLaren,14,16,1:35.294,NaN,NaN
2018,18,sirotkin,Sergey Sirotkin,williams,Williams,35,17,1:35.362,NaN,NaN
2018,18,stroll,Lance Stroll,williams,Williams,18,18,1:35.480,NaN,NaN
2018,18,ericsson,Marcus Ericsson,sauber,Sauber,9,19,1:35.536,NaN,NaN
2018,18,vandoorne,Stoffel Vandoorne,mclaren,McLaren,2,20,1:35.735,NaN,NaN
2018,19,ricciardo,Daniel Ricciardo,red_bull,Red Bull,3,1,1:15.866,1:15.845,1:14.759
2018,19,max_verstappen,Max Verstappen,red_bull,Red Bull,33,2,1:15.756,1:15.640,1:14.785
2018,19,hamilton,Lewis Hamilton,mercedes,Mercedes,44,3,1:15.673,1:15.644,1:14.894
2018,19,vettel,Sebastian Vettel,ferrari,Ferrari,5,4,1:16.089,1:15.715,1:14.970
2018,19,bottas,Valtteri Bottas,mercedes,Mercedes,77,5,1:15.580,1:15.923,1:15.160
2018,19,raikkonen,Kimi Räikkönen,ferrari,Ferrari,7,6,1:16.446,1:15.996,1:15.330
2018,19,hulkenberg,Nico Hülkenberg,renault,Renault,27,7,1:16.498,1:16.126,1:15.827
2018,19,sainz,Carlos Sainz,renault,Renault,55,8,1:16.813,1:16.188,1:16.084
2018,19,leclerc,Charles Leclerc,sauber,Sauber,16,9,1:16.862,1:16.320,1:16.189
2018,19,ericsson,Marcus Ericsson,sauber,Sauber,9,10,1:16.701,1:16.633,1:16.513
2018,19,ocon,Esteban Ocon,force_india,Force India,31,11,1:16.252,1:16.844,NaN
2018,19,alonso,Fernando Alonso,mclaren,McLaren,14,12,1:16.857,1:16.871,NaN
2018,19,perez,Sergio Pérez,force_india,Force India,11,13,1:16.242,1:17.167,NaN
2018,19,brendon_hartley,Brendon Hartley,toro_rosso,Toro Rosso,28,14,1:16.682,1:17.184,NaN
2018,19,gasly,Pierre Gasly,toro_rosso,Toro Rosso,10,15,1:16.828,NaN,NaN
2018,19,grosjean,Romain Grosjean,haas,Haas F1 Team,8,16,1:16.911,NaN,NaN
2018,19,vandoorne,Stoffel Vandoorne,mclaren,McLaren,2,17,1:16.966,NaN,NaN
2018,19,kevin_magnussen,Kevin Magnussen,haas,Haas F1 Team,20,18,1:17.599,NaN,NaN
2018,19,stroll,Lance Stroll,williams,Williams,18,19,1:17.689,NaN,NaN
2018,19,sirotkin,Sergey Sirotkin,williams,Williams,35,20,1:17.886,NaN,NaN
2018,20,hamilton,Lewis Hamilton,mercedes,Mercedes,44,1,1:08.464,1:07.795,1:07.281
2018,20,vettel,Sebastian Vettel,ferrari,Ferrari,5,2,1:08.452,1:07.776,1:07.374
2018,20,bottas,Valtteri Bottas,mercedes,Mercedes,77,3,1:08.492,1:07.727,1:07.441
2018,20,raikkonen,Kimi Räikkönen,ferrari,Ferrari,7,4,1:08.452,1:08.028,1:07.456
2018,20,max_verstappen,Max Verstappen,red_bull,Red Bull,33,5,1:08.205,1:08.017,1:07.778
2018,20,ricciardo,Daniel Ricciardo,red_bull,Red Bull,3,6,1:08.544,1:08.055,1:07.780
2018,20,ericsson,Marcus Ericsson,sauber,Sauber,9,7,1:08.754,1:08.579,1:08.296
2018,20,leclerc,Charles Leclerc,sauber,Sauber,16,8,1:08.667,1:08.335,1:08.492
2018,20,grosjean,Romain Grosjean,haas,Haas F1 Team,8,9,1:08.735,1:08.239,1:08.517
2018,20,gasly,Pierre Gasly,toro_rosso,Toro Rosso,10,10,1:09.046,1:08.616,1:09.029
2018,20,kevin_magnussen,Kevin Magnussen,haas,Haas F1 Team,20,11,1:08.474,1:08.659,NaN
2018,20,perez,Sergio Pérez,force_india,Force India,11,12,1:09.217,1:08.741,NaN
2018,20,ocon,Esteban Ocon,force_india,Force India,31,13,1:09.264,1:08.770,NaN
2018,20,hulkenberg,Nico Hülkenberg,renault,Renault,27,14,1:09.009,1:08.834,NaN
2018,20,sirotkin,Sergey Sirotkin,williams,Williams,35,15,1:09.259,1:10.381,NaN
2018,20,sainz,Carlos Sainz,renault,Renault,55,16,1:09.269,NaN,NaN
2018,20,brendon_hartley,Brendon Hartley,toro_rosso,Toro Rosso,28,17,1:09.280,NaN,NaN
2018,20,alonso,Fernando Alonso,mclaren,McLaren,14,18,1:09.402,NaN,NaN
2018,20,stroll,Lance Stroll,williams,Williams,18,19,1:09.441,NaN,NaN
2018,20,vandoorne,Stoffel Vandoorne,mclaren,McLaren,2,20,1:09.601,NaN,NaN
2018,21,hamilton,Lewis Hamilton,mercedes,Mercedes,44,1,1:36.828,1:35.693,1:34.794
2018,21,bottas,Valtteri Bottas,mercedes,Mercedes,77,2,1:36.789,1:36.392,1:34.956
2018,21,vettel,Sebastian Vettel,ferrari,Ferrari,5,3,1:36.775,1:36.345,1:35.125
2018,21,raikkonen,Kimi Räikkönen,ferrari,Ferrari,7,4,1:37.010,1:36.735,1:35.365
2018,21,ricciardo,Daniel Ricciardo,red_bull,Red Bull,3,5,1:37.117,1:36.964,1:35.401
2018,21,max_verstappen,Max Verstappen,red_bull,Red Bull,33,6,1:37.195,1:36.144,1:35.589
2018,21,grosjean,Romain Grosjean,haas,Haas F1 Team,8,7,1:37.575,1:36.732,1:36.192
2018,21,leclerc,Charles Leclerc,sauber,Sauber,16,8,1:37.124,1:36.580,1:36.237
2018,21,ocon,Esteban Ocon,force_india,Force India,31,9,1:36.936,1:36.814,1:36.540
2018,21,hulkenberg,Nico Hülkenberg,renault,Renault,27,10,1:37.569,1:36.630,1:36.542
2018,21,sainz,Carlos Sainz,renault,Renault,55,11,1:37.757,1:36.982,NaN
2018,21,ericsson,Marcus Ericsson,sauber,Sauber,9,12,1:37.619,1:37.132,NaN
2018,21,kevin_magnussen,Kevin Magnussen,haas,Haas F1 Team,20,13,1:37.934,1:37.309,NaN
2018,21,perez,Sergio Pérez,force_india,Force India,11,14,1:37.255,1:37.541,NaN
2018,21,alonso,Fernando Alonso,mclaren,McLaren,14,15,1:37.890,1:37.743,NaN
2018,21,brendon_hartley,Brendon Hartley,toro_rosso,Toro Rosso,28,16,1:37.994,NaN,NaN
2018,21,gasly,Pierre Gasly,toro_rosso,Toro Rosso,10,17,1:38.166,NaN,NaN
2018,21,vandoorne,Stoffel Vandoorne,mclaren,McLaren,2,18,1:38.577,NaN,NaN
2018,21,sirotkin,Sergey Sirotkin,williams,Williams,35,19,1:38.635,NaN,NaN
2018,21,stroll,Lance Stroll,williams,Williams,18,20,1:38.682,NaN,NaN
2019,1,hamilton,Lewis Hamilton,mercedes,Mercedes,44,1,1:22.043,1:21.014,1:20.486
2019,1,bottas,Valtteri Bottas,mercedes,Mercedes,77,2,1:22.367,1:21.193,1:20.598
2019,1,vettel,Sebastian Vettel,ferrari,Ferrari,5,3,1:22.885,1:21.912,1:21.190
2019,1,max_verstappen,Max Verstappen,red_bull,Red Bull,33,4,1:22.876,1:21.678,1:21.320
2019,1,leclerc,Charles Leclerc,ferrari,Ferrari,16,5,1:22.017,1:21.739,1:21.442
2019,1,grosjean,Romain Grosjean,haas,Haas F1 Team,8,6,1:22.959,1:21.870,1:21.826
2019,1,kevin_magnussen,Kevin Magnussen,haas,Haas F1 Team,20,7,1:22.519,1:22.221,1:22.099
2019,1,norris,Lando Norris,mclaren,McLaren,4,8,1:22.702,1:22.423,1:22.304
2019,1,raikkonen,Kimi Räikkönen,alfa,Alfa Romeo,7,9,1:22.966,1:22.349,1:22.314
2019,1,perez,Sergio Pérez,racing_point,Racing Point,11,10,1:22.908,1:22.532,1:22.781
2019,1,hulkenberg,Nico Hülkenberg,renault,Renault,27,11,1:22.540,1:22.562,NaN
2019,1,ricciardo,Daniel Ricciardo,renault,Renault,3,12,1:22.921,1:22.570,NaN
2019,1,albon,Alexander Albon,toro_rosso,Toro Rosso,23,13,1:22.757,1:22.636,NaN
2019,1,giovinazzi,Antonio Giovinazzi,alfa,Alfa Romeo,99,14,1:22.431,1:22.714,NaN
2019,1,kvyat,Daniil Kvyat,toro_rosso,Toro Rosso,26,15,1:22.511,1:22.774,NaN
2019,1,stroll,Lance Stroll,racing_point,Racing Point,18,16,1:23.017,NaN,NaN
2019,1,gasly,Pierre Gasly,red_bull,Red Bull,10,17,1:23.020,NaN,NaN
2019,1,sainz,Carlos Sainz,mclaren,McLaren,55,18,1:23.084,NaN,NaN
2019,1,russell,George Russell,williams,Williams,63,19,1:24.360,NaN,NaN
2019,1,kubica,Robert Kubica,williams,Williams,88,20,1:26.067,NaN,NaN
2019,2,leclerc,Charles Leclerc,ferrari,Ferrari,16,1,1:28.495,1:28.046,1:27.866
2019,2,vettel,Sebastian Vettel,ferrari,Ferrari,5,2,1:28.733,1:28.356,1:28.160
2019,2,hamilton,Lewis Hamilton,mercedes,Mercedes,44,3,1:29.262,1:28.578,1:28.190
2019,2,bottas,Valtteri Bottas,mercedes,Mercedes,77,4,1:29.498,1:28.830,1:28.256
2019,2,max_verstappen,Max Verstappen,red_bull,Red Bull,33,5,1:29.579,1:29.109,1:28.752
2019,2,kevin_magnussen,Kevin Magnussen,haas,Haas F1 Team,20,6,1:29.532,1:29.017,1:28.757
2019,2,sainz,Carlos Sainz,mclaren,McLaren,55,7,1:29.528,1:29.055,1:28.813
2019,2,grosjean,Romain Grosjean,haas,Haas F1 Team,8,8,1:29.688,1:29.249,1:29.015
2019,2,raikkonen,Kimi Räikkönen,alfa,Alfa Romeo,7,9,1:29.959,1:29.471,1:29.022
2019,2,norris,Lando Norris,mclaren,McLaren,4,10,1:29.381,1:29.258,1:29.043
2019,2,ricciardo,Daniel Ricciardo,renault,Renault,3,11,1:29.859,1:29.488,NaN
2019,2,albon,Alexander Albon,toro_rosso,Toro Rosso,23,12,1:29.514,1:29.513,NaN
2019,2,gasly,Pierre Gasly,red_bull,Red Bull,10,13,1:29.900,1:29.526,NaN
2019,2,perez,Sergio Pérez,racing_point,Racing Point,11,14,1:29.893,1:29.756,NaN
2019,2,kvyat,Daniil Kvyat,toro_rosso,Toro Rosso,26,15,1:29.876,1:29.854,NaN
2019,2,giovinazzi,Antonio Giovinazzi,alfa,Alfa Romeo,99,16,1:30.026,NaN,NaN
2019,2,hulkenberg,Nico Hülkenberg,renault,Renault,27,17,1:30.034,NaN,NaN
2019,2,stroll,Lance Stroll,racing_point,Racing Point,18,18,1:30.217,NaN,NaN
2019,2,russell,George Russell,williams,Williams,63,19,1:31.759,NaN,NaN
2019,2,kubica,Robert Kubica,williams,Williams,88,20,1:31.799,NaN,NaN
2019,3,bottas,Valtteri Bottas,mercedes,Mercedes,77,1,1:32.658,1:31.728,1:31.547
2019,3,hamilton,Lewis Hamilton,mercedes,Mercedes,44,2,1:33.115,1:31.637,1:31.570
2019,3,vettel,Sebastian Vettel,ferrari,Ferrari,5,3,1:33.557,1:32.232,1:31.848
2019,3,leclerc,Charles Leclerc,ferrari,Ferrari,16,4,1:32.712,1:32.324,1:31.865
2019,3,max_verstappen,Max Verstappen,red_bull,Red Bull,33,5,1:33.274,1:32.369,1:32.089
2019,3,gasly,Pierre Gasly,red_bull,Red Bull,10,6,1:33.863,1:32.948,1:32.930
2019,3,ricciardo,Daniel Ricciardo,renault,Renault,3,7,1:33.709,1:33.214,1:32.958
2019,3,hulkenberg,Nico Hülkenberg,renault,Renault,27,8,1:33.644,1:33.968,1:32.962
2019,3,kevin_magnussen,Kevin Magnussen,haas,Haas F1 Team,20,9,1:34.036,1:33.150,NaN
2019,3,grosjean,Romain Grosjean,haas,Haas F1 Team,8,10,1:33.752,1:33.156,NaN
2019,3,kvyat,Daniil Kvyat,toro_rosso,Toro Rosso,26,11,1:33.783,1:33.236,NaN
2019,3,perez,Sergio Pérez,racing_point,Racing Point,11,12,1:34.026,1:33.299,NaN
2019,3,raikkonen,Kimi Räikkönen,alfa,Alfa Romeo,7,13,1:34.125,1:33.419,NaN
2019,3,sainz,Carlos Sainz,mclaren,McLaren,55,14,1:33.686,1:33.523,NaN
2019,3,norris,Lando Norris,mclaren,McLaren,4,15,1:34.148,1:33.967,NaN
2019,3,stroll,Lance Stroll,racing_point,Racing Point,18,16,1:34.292,NaN,NaN
2019,3,russell,George Russell,williams,Williams,63,17,1:35.253,NaN,NaN
2019,3,kubica,Robert Kubica,williams,Williams,88,18,1:35.281,NaN,NaN
2019,4,bottas,Valtteri Bottas,mercedes,Mercedes,77,1,1:42.026,1:41.500,1:40.495
2019,4,hamilton,Lewis Hamilton,mercedes,Mercedes,44,2,1:41.614,1:41.580,1:40.554
2019,4,vettel,Sebastian Vettel,ferrari,Ferrari,5,3,1:42.042,1:41.889,1:40.797
2019,4,max_verstappen,Max Verstappen,red_bull,Red Bull,33,4,1:41.727,1:41.388,1:41.069
2019,4,perez,Sergio Pérez,racing_point,Racing Point,11,5,1:42.249,1:41.870,1:41.593
2019,4,kvyat,Daniil Kvyat,toro_rosso,Toro Rosso,26,6,1:42.324,1:42.221,1:41.681
2019,4,norris,Lando Norris,mclaren,McLaren,4,7,1:42.371,1:42.084,1:41.886
2019,4,giovinazzi,Antonio Giovinazzi,alfa,Alfa Romeo,99,8,1:42.140,1:42.381,1:42.424
2019,4,leclerc,Charles Leclerc,ferrari,Ferrari,16,9,1:41.426,1:41.995,NaN
2019,4,sainz,Carlos Sainz,mclaren,McLaren,55,10,1:41.936,1:42.398,NaN
2019,4,ricciardo,Daniel Ricciardo,renault,Renault,3,11,1:42.486,1:42.477,NaN
2019,4,albon,Alexander Albon,toro_rosso,Toro Rosso,23,12,1:42.154,1:42.494,NaN
2019,4,kevin_magnussen,Kevin Magnussen,haas,Haas F1 Team,20,13,1:42.382,1:42.699,NaN
2019,4,stroll,Lance Stroll,racing_point,Racing Point,18,14,1:42.630,NaN,NaN
2019,4,grosjean,Romain Grosjean,haas,Haas F1 Team,8,15,1:43.407,NaN,NaN
2019,4,hulkenberg,Nico Hülkenberg,renault,Renault,27,16,1:43.427,NaN,NaN
2019,4,russell,George Russell,williams,Williams,63,17,1:45.062,NaN,NaN
2019,4,kubica,Robert Kubica,williams,Williams,88,18,1:45.455,NaN,NaN
2019,4,raikkonen,Kimi Räikkönen,alfa,Alfa Romeo,7,19,,NaN,NaN
2019,4,gasly,Pierre Gasly,red_bull,Red Bull,10,20,,NaN,NaN
2019,5,bottas,Valtteri Bottas,mercedes,Mercedes,77,1,1:16.979,1:15.924,1:15.406
2019,5,hamilton,Lewis Hamilton,mercedes,Mercedes,44,2,1:17.292,1:16.038,1:16.040
2019,5,vettel,Sebastian Vettel,ferrari,Ferrari,5,3,1:17.425,1:16.667,1:16.272
2019,5,max_verstappen,Max Verstappen,red_bull,Red Bull,33,4,1:17.244,1:16.726,1:16.357
2019,5,leclerc,Charles Leclerc,ferrari,Ferrari,16,5,1:17.388,1:16.714,1:16.588
2019,5,gasly,Pierre Gasly,red_bull,Red Bull,10,6,1:17.862,1:16.932,1:16.708
2019,5,grosjean,Romain Grosjean,haas,Haas F1 Team,8,7,1:18.042,1:17.066,1:16.911
2019,5,kevin_magnussen,Kevin Magnussen,haas,Haas F1 Team,20,8,1:17.669,1:17.272,1:16.922
2019,5,kvyat,Daniil Kvyat,toro_rosso,Toro Rosso,26,9,1:17.914,1:17.243,1:17.573
2019,5,ricciardo,Daniel Ricciardo,renault,Renault,3,10,1:18.385,1:17.299,1:18.106
2019,5,norris,Lando Norris,mclaren,McLaren,4,11,1:17.611,1:17.338,NaN
2019,5,albon,Alexander Albon,toro_rosso,Toro Rosso,23,12,1:17.796,1:17.445,NaN
2019,5,sainz,Carlos Sainz,mclaren,McLaren,55,13,1:17.760,1:17.599,NaN
2019,5,raikkonen,Kimi Räikkönen,alfa,Alfa Romeo,7,14,1:18.132,1:17.788,NaN
2019,5,perez,Sergio Pérez,racing_point,Racing Point,11,15,1:18.286,1:17.886,NaN
2019,5,hulkenberg,Nico Hülkenberg,renault,Renault,27,16,1:18.404,NaN,NaN
2019,5,stroll,Lance Stroll,racing_point,Racing Point,18,17,1:18.471,NaN,NaN
2019,5,giovinazzi,Antonio Giovinazzi,alfa,Alfa Romeo,99,18,1:18.664,NaN,NaN
2019,5,russell,George Russell,williams,Williams,63,19,1:19.072,NaN,NaN
2019,5,kubica,Robert Kubica,williams,Williams,88,20,1:20.254,NaN,NaN
2019,6,hamilton,Lewis Hamilton,mercedes,Mercedes,44,1,1:11.542,1:10.835,1:10.166
2019,6,bottas,Valtteri Bottas,mercedes,Mercedes,77,2,1:11.562,1:10.701,1:10.252
2019,6,max_verstappen,Max Verstappen,red_bull,Red Bull,33,3,1:11.597,1:10.618,1:10.641
2019,6,vettel,Sebastian Vettel,ferrari,Ferrari,5,4,1:11.434,1:11.227,1:10.947
2019,6,gasly,Pierre Gasly,red_bull,Red Bull,10,5,1:11.740,1:11.457,1:11.041
2019,6,kevin_magnussen,Kevin Magnussen,haas,Haas F1 Team,20,6,1:11.865,1:11.363,1:11.109
2019,6,ricciardo,Daniel Ricciardo,renault,Renault,3,7,1:11.767,1:11.543,1:11.218
2019,6,kvyat,Daniil Kvyat,toro_rosso,Toro Rosso,26,8,1:11.602,1:11.412,1:11.271
2019,6,sainz,Carlos Sainz,mclaren,McLaren,55,9,1:11.872,1:11.608,1:11.417
2019,6,albon,Alexander Albon,toro_rosso,Toro Rosso,23,10,1:12.007,1:11.429,1:11.653
2019,6,hulkenberg,Nico Hülkenberg,renault,Renault,27,11,1:12.097,1:11.670,NaN
2019,6,norris,Lando Norris,mclaren,McLaren,4,12,1:11.845,1:11.724,NaN
2019,6,grosjean,Romain Grosjean,haas,Haas F1 Team,8,13,1:11.837,1:12.027,NaN
2019,6,raikkonen,Kimi Räikkönen,alfa,Alfa Romeo,7,14,1:11.993,1:12.115,NaN
2019,6,giovinazzi,Antonio Giovinazzi,alfa,Alfa Romeo,99,15,1:11.976,1:12.185,NaN
2019,6,leclerc,Charles Leclerc,ferrari,Ferrari,16,16,1:12.149,NaN,NaN
2019,6,perez,Sergio Pérez,racing_point,Racing Point,11,17,1:12.233,NaN,NaN
2019,6,stroll,Lance Stroll,racing_point,Racing Point,18,18,1:12.846,NaN,NaN
2019,6,russell,George Russell,williams,Williams,63,19,1:13.477,NaN,NaN
2019,6,kubica,Robert Kubica,williams,Williams,88,20,1:13.751,NaN,NaN
2019,7,vettel,Sebastian Vettel,ferrari,Ferrari,5,1,1:11.200,1:11.142,1:10.240
2019,7,hamilton,Lewis Hamilton,mercedes,Mercedes,44,2,1:11.518,1:11.010,1:10.446
2019,7,leclerc,Charles Leclerc,ferrari,Ferrari,16,3,1:11.214,1:11.205,1:10.920
2019,7,ricciardo,Daniel Ricciardo,renault,Renault,3,4,1:11.837,1:11.532,1:11.071
2019,7,gasly,Pierre Gasly,red_bull,Red Bull,10,5,1:12.023,1:11.196,1:11.079
2019,7,bottas,Valtteri Bottas,mercedes,Mercedes,77,6,1:11.229,1:11.095,1:11.101
2019,7,hulkenberg,Nico Hülkenberg,renault,Renault,27,7,1:11.720,1:11.553,1:11.324
2019,7,norris,Lando Norris,mclaren,McLaren,4,8,1:11.780,1:11.735,1:11.863
2019,7,sainz,Carlos Sainz,mclaren,McLaren,55,9,1:11.750,1:11.572,1:13.981
2019,7,kevin_magnussen,Kevin Magnussen,haas,Haas F1 Team,20,10,1:12.107,1:11.786,NaN
2019,7,max_verstappen,Max Verstappen,red_bull,Red Bull,33,11,1:11.619,1:11.800,NaN
2019,7,kvyat,Daniil Kvyat,toro_rosso,Toro Rosso,26,12,1:11.965,1:11.921,NaN
2019,7,giovinazzi,Antonio Giovinazzi,alfa,Alfa Romeo,99,13,1:12.122,1:12.136,NaN
2019,7,albon,Alexander Albon,toro_rosso,Toro Rosso,23,14,1:12.020,1:12.193,NaN
2019,7,grosjean,Romain Grosjean,haas,Haas F1 Team,8,15,1:12.109,NaN,NaN
2019,7,perez,Sergio Pérez,racing_point,Racing Point,11,16,1:12.197,NaN,NaN
2019,7,raikkonen,Kimi Räikkönen,alfa,Alfa Romeo,7,17,1:12.230,NaN,NaN
2019,7,stroll,Lance Stroll,racing_point,Racing Point,18,18,1:12.266,NaN,NaN
2019,7,russell,George Russell,williams,Williams,63,19,1:13.617,NaN,NaN
2019,7,kubica,Robert Kubica,williams,Williams,88,20,1:14.393,NaN,NaN
2019,8,hamilton,Lewis Hamilton,mercedes,Mercedes,44,1,1:30.609,1:29.520,1:28.319
2019,8,bottas,Valtteri Bottas,mercedes,Mercedes,77,2,1:30.550,1:29.437,1:28.605
2019,8,leclerc,Charles Leclerc,ferrari,Ferrari,16,3,1:30.647,1:29.699,1:28.965
2019,8,max_verstappen,Max Verstappen,red_bull,Red Bull,33,4,1:31.327,1:30.099,1:29.409
2019,8,norris,Lando Norris,mclaren,McLaren,4,5,1:30.989,1:30.019,1:29.418
2019,8,sainz,Carlos Sainz,mclaren,McLaren,55,6,1:31.073,1:30.319,1:29.522
2019,8,vettel,Sebastian Vettel,ferrari,Ferrari,5,7,1:31.075,1:29.506,1:29.799
2019,8,ricciardo,Daniel Ricciardo,renault,Renault,3,8,1:30.954,1:30.369,1:29.918
2019,8,gasly,Pierre Gasly,red_bull,Red Bull,10,9,1:31.152,1:30.421,1:30.184
2019,8,giovinazzi,Antonio Giovinazzi,alfa,Alfa Romeo,99,10,1:31.180,1:30.408,1:33.420
2019,8,albon,Alexander Albon,toro_rosso,Toro Rosso,23,11,1:31.445,1:30.461,NaN
2019,8,raikkonen,Kimi Räikkönen,alfa,Alfa Romeo,7,12,1:30.972,1:30.533,NaN
2019,8,hulkenberg,Nico Hülkenberg,renault,Renault,27,13,1:30.865,1:30.544,NaN
2019,8,perez,Sergio Pérez,racing_point,Racing Point,11,14,1:30.964,1:30.738,NaN
2019,8,kevin_magnussen,Kevin Magnussen,haas,Haas F1 Team,20,15,1:31.166,1:31.440,NaN
2019,8,kvyat,Daniil Kvyat,toro_rosso,Toro Rosso,26,16,1:31.564,NaN,NaN
2019,8,grosjean,Romain Grosjean,haas,Haas F1 Team,8,17,1:31.626,NaN,NaN
2019,8,stroll,Lance Stroll,racing_point,Racing Point,18,18,1:31.726,NaN,NaN
2019,8,russell,George Russell,williams,Williams,63,19,1:32.789,NaN,NaN
2019,8,kubica,Robert Kubica,williams,Williams,88,20,1:33.205,NaN,NaN
2019,9,leclerc,Charles Leclerc,ferrari,Ferrari,16,1,1:04.138,1:03.378,1:03.003
2019,9,hamilton,Lewis Hamilton,mercedes,Mercedes,44,2,1:03.818,1:03.803,1:03.262
2019,9,max_verstappen,Max Verstappen,red_bull,Red Bull,33,3,1:03.807,1:03.835,1:03.439
2019,9,bottas,Valtteri Bottas,mercedes,Mercedes,77,4,1:04.084,1:03.863,1:03.537
2019,9,kevin_magnussen,Kevin Magnussen,haas,Haas F1 Team,20,5,1:04.778,1:04.466,1:04.072
2019,9,norris,Lando Norris,mclaren,McLaren,4,6,1:04.361,1:04.211,1:04.099
2019,9,raikkonen,Kimi Räikkönen,alfa,Alfa Romeo,7,7,1:04.615,1:04.056,1:04.166
2019,9,giovinazzi,Antonio Giovinazzi,alfa,Alfa Romeo,99,8,1:04.450,1:04.194,1:04.179
2019,9,gasly,Pierre Gasly,red_bull,Red Bull,10,9,1:04.412,1:03.988,1:04.199
2019,9,vettel,Sebastian Vettel,ferrari,Ferrari,5,10,1:04.430,1:03.667,NaN
2019,9,grosjean,Romain Grosjean,haas,Haas F1 Team,8,11,1:04.552,1:04.490,NaN
2019,9,hulkenberg,Nico Hülkenberg,renault,Renault,27,12,1:04.733,1:04.516,NaN
2019,9,albon,Alexander Albon,toro_rosso,Toro Rosso,23,13,1:04.708,1:04.665,NaN
2019,9,ricciardo,Daniel Ricciardo,renault,Renault,3,14,1:04.647,1:04.790,NaN
2019,9,sainz,Carlos Sainz,mclaren,McLaren,55,15,1:04.453,1:13.601,NaN
2019,9,perez,Sergio Pérez,racing_point,Racing Point,11,16,1:04.789,NaN,NaN
2019,9,stroll,Lance Stroll,racing_point,Racing Point,18,17,1:04.832,NaN,NaN
2019,9,kvyat,Daniil Kvyat,toro_rosso,Toro Rosso,26,18,1:05.324,NaN,NaN
2019,9,russell,George Russell,williams,Williams,63,19,1:05.904,NaN,NaN
2019,9,kubica,Robert Kubica,williams,Williams,88,20,1:06.206,NaN,NaN
2019,10,bottas,Valtteri Bottas,mercedes,Mercedes,77,1,1:25.750,1:25.672,1:25.093
2019,10,hamilton,Lewis Hamilton,mercedes,Mercedes,44,2,1:25.513,1:25.840,1:25.099
2019,10,leclerc,Charles Leclerc,ferrari,Ferrari,16,3,1:25.533,1:25.546,1:25.172
2019,10,max_verstappen,Max Verstappen,red_bull,Red Bull,33,4,1:25.700,1:25.848,1:25.276
2019,10,gasly,Pierre Gasly,red_bull,Red Bull,10,5,1:26.273,1:26.038,1:25.590
2019,10,vettel,Sebastian Vettel,ferrari,Ferrari,5,6,1:25.898,1:26.023,1:25.787
2019,10,ricciardo,Daniel Ricciardo,renault,Renault,3,7,1:26.428,1:26.283,1:26.182
2019,10,norris,Lando Norris,mclaren,McLaren,4,8,1:26.079,1:26.385,1:26.224
2019,10,albon,Alexander Albon,toro_rosso,Toro Rosso,23,9,1:26.482,1:26.403,1:26.345
2019,10,hulkenberg,Nico Hülkenberg,renault,Renault,27,10,1:26.568,1:26.397,1:26.386
2019,10,giovinazzi,Antonio Giovinazzi,alfa,Alfa Romeo,99,11,1:26.449,1:26.519,NaN
2019,10,raikkonen,Kimi Räikkönen,alfa,Alfa Romeo,7,12,1:26.558,1:26.546,NaN
2019,10,sainz,Carlos Sainz,mclaren,McLaren,55,13,1:26.203,1:26.578,NaN
2019,10,grosjean,Romain Grosjean,haas,Haas F1 Team,8,14,1:26.347,1:26.757,NaN
2019,10,perez,Sergio Pérez,racing_point,Racing Point,11,15,1:26.649,1:26.928,NaN
2019,10,kevin_magnussen,Kevin Magnussen,haas,Haas F1 Team,20,16,1:26.662,NaN,NaN
2019,10,kvyat,Daniil Kvyat,toro_rosso,Toro Rosso,26,17,1:26.721,NaN,NaN
2019,10,stroll,Lance Stroll,racing_point,Racing Point,18,18,1:26.762,NaN,NaN
2019,10,russell,George Russell,williams,Williams,63,19,1:27.789,NaN,NaN
2019,10,kubica,Robert Kubica,williams,Williams,88,20,1:28.257,NaN,NaN
2019,11,hamilton,Lewis Hamilton,mercedes,Mercedes,44,1,1:12.852,1:12.149,1:11.767
2019,11,max_verstappen,Max Verstappen,red_bull,Red Bull,33,2,1:12.593,1:12.427,1:12.113
2019,11,bottas,Valtteri Bottas,mercedes,Mercedes,77,3,1:13.075,1:12.424,1:12.129
2019,11,gasly,Pierre Gasly,red_bull,Red Bull,10,4,1:12.991,1:12.385,1:12.522
2019,11,raikkonen,Kimi Räikkönen,alfa,Alfa Romeo,7,5,1:13.066,1:12.519,1:12.538
2019,11,grosjean,Romain Grosjean,haas,Haas F1 Team,8,6,1:13.146,1:12.769,1:12.851
2019,11,sainz,Carlos Sainz,mclaren,McLaren,55,7,1:13.221,1:12.632,1:12.897
2019,11,perez,Sergio Pérez,racing_point,Racing Point,11,8,1:13.194,1:12.776,1:13.065
2019,11,hulkenberg,Nico Hülkenberg,renault,Renault,27,9,1:13.186,1:12.766,1:13.126
2019,11,leclerc,Charles Leclerc,ferrari,Ferrari,16,10,1:12.229,1:12.344,NaN
2019,11,giovinazzi,Antonio Giovinazzi,alfa,Alfa Romeo,99,11,1:13.170,1:12.786,NaN
2019,11,kevin_magnussen,Kevin Magnussen,haas,Haas F1 Team,20,12,1:13.103,1:12.789,NaN
2019,11,ricciardo,Daniel Ricciardo,renault,Renault,3,13,1:13.131,1:12.799,NaN
2019,11,kvyat,Daniil Kvyat,toro_rosso,Toro Rosso,26,14,1:13.278,1:13.135,NaN
2019,11,stroll,Lance Stroll,racing_point,Racing Point,18,15,1:13.256,1:13.450,NaN
2019,11,norris,Lando Norris,mclaren,McLaren,4,16,1:13.333,NaN,NaN
2019,11,albon,Alexander Albon,toro_rosso,Toro Rosso,23,17,1:13.461,NaN,NaN
2019,11,russell,George Russell,williams,Williams,63,18,1:14.721,NaN,NaN
2019,11,kubica,Robert Kubica,williams,Williams,88,19,1:14.839,NaN,NaN
2019,11,vettel,Sebastian Vettel,ferrari,Ferrari,5,20,,NaN,NaN
2019,12,max_verstappen,Max Verstappen,red_bull,Red Bull,33,1,1:15.817,1:15.573,1:14.572
2019,12,bottas,Valtteri Bottas,mercedes,Mercedes,77,2,1:16.078,1:15.669,1:14.590
2019,12,hamilton,Lewis Hamilton,mercedes,Mercedes,44,3,1:16.068,1:15.548,1:14.769
2019,12,leclerc,Charles Leclerc,ferrari,Ferrari,16,4,1:16.337,1:15.792,1:15.043
2019,12,vettel,Sebastian Vettel,ferrari,Ferrari,5,5,1:16.452,1:15.885,1:15.071
2019,12,gasly,Pierre Gasly,red_bull,Red Bull,10,6,1:16.716,1:16.393,1:15.450
2019,12,norris,Lando Norris,mclaren,McLaren,4,7,1:16.697,1:16.060,1:15.800
2019,12,sainz,Carlos Sainz,mclaren,McLaren,55,8,1:16.493,1:16.308,1:15.852
2019,12,grosjean,Romain Grosjean,haas,Haas F1 Team,8,9,1:16.978,1:16.319,1:16.013
2019,12,raikkonen,Kimi Räikkönen,alfa,Alfa Romeo,7,10,1:16.506,1:16.518,1:16.041
2019,12,hulkenberg,Nico Hülkenberg,renault,Renault,27,11,1:16.790,1:16.565,NaN
2019,12,albon,Alexander Albon,toro_rosso,Toro Rosso,23,12,1:16.912,1:16.687,NaN
2019,12,kvyat,Daniil Kvyat,toro_rosso,Toro Rosso,26,13,1:16.750,1:16.692,NaN
2019,12,giovinazzi,Antonio Giovinazzi,alfa,Alfa Romeo,99,14,1:16.894,1:16.804,NaN
2019,12,kevin_magnussen,Kevin Magnussen,haas,Haas F1 Team,20,15,1:16.122,1:17.081,NaN
2019,12,russell,George Russell,williams,Williams,63,16,1:17.031,NaN,NaN
2019,12,perez,Sergio Pérez,racing_point,Racing Point,11,17,1:17.109,NaN,NaN
2019,12,ricciardo,Daniel Ricciardo,renault,Renault,3,18,1:17.257,NaN,NaN
2019,12,stroll,Lance Stroll,racing_point,Racing Point,18,19,1:17.542,NaN,NaN
2019,12,kubica,Robert Kubica,williams,Williams,88,20,1:18.324,NaN,NaN
2019,13,leclerc,Charles Leclerc,ferrari,Ferrari,16,1,1:43.587,1:42.938,1:42.519
2019,13,vettel,Sebastian Vettel,ferrari,Ferrari,5,2,1:44.109,1:43.037,1:43.267
2019,13,hamilton,Lewis Hamilton,mercedes,Mercedes,44,3,1:45.260,1:43.592,1:43.282
2019,13,bottas,Valtteri Bottas,mercedes,Mercedes,77,4,1:45.141,1:43.980,1:43.415
2019,13,max_verstappen,Max Verstappen,red_bull,Red Bull,33,5,1:44.622,1:44.132,1:43.690
2019,13,ricciardo,Daniel Ricciardo,renault,Renault,3,6,1:45.560,1:44.103,1:44.257
2019,13,hulkenberg,Nico Hülkenberg,renault,Renault,27,7,1:45.899,1:44.549,1:44.542
2019,13,raikkonen,Kimi Räikkönen,alfa,Alfa Romeo,7,8,1:45.842,1:44.140,1:44.557
2019,13,perez,Sergio Pérez,racing_point,Racing Point,11,9,1:45.732,1:44.707,1:44.706
2019,13,kevin_magnussen,Kevin Magnussen,haas,Haas F1 Team,20,10,1:45.839,1:44.738,1:45.086
2019,13,grosjean,Romain Grosjean,haas,Haas F1 Team,8,11,1:45.694,1:44.797,NaN
2019,13,norris,Lando Norris,mclaren,McLaren,4,12,1:46.154,1:44.847,NaN
2019,13,stroll,Lance Stroll,racing_point,Racing Point,18,13,1:46.000,1:45.047,NaN
2019,13,albon,Alexander Albon,red_bull,Red Bull,23,14,1:45.528,1:45.799,NaN
2019,13,giovinazzi,Antonio Giovinazzi,alfa,Alfa Romeo,99,15,1:45.637,NaN,NaN
2019,13,gasly,Pierre Gasly,toro_rosso,Toro Rosso,10,16,1:46.435,NaN,NaN
2019,13,sainz,Carlos Sainz,mclaren,McLaren,55,17,1:46.507,NaN,NaN
2019,13,kvyat,Daniil Kvyat,toro_rosso,Toro Rosso,26,18,1:46.518,NaN,NaN
2019,13,russell,George Russell,williams,Williams,63,19,1:47.548,NaN,NaN
2019,13,kubica,Robert Kubica,williams,Williams,88,20,,NaN,NaN
2019,14,leclerc,Charles Leclerc,ferrari,Ferrari,16,1,1:20.126,1:19.553,1:19.307
2019,14,hamilton,Lewis Hamilton,mercedes,Mercedes,44,2,1:20.272,1:19.464,1:19.346
2019,14,bottas,Valtteri Bottas,mercedes,Mercedes,77,3,1:20.156,1:20.018,1:19.354
2019,14,vettel,Sebastian Vettel,ferrari,Ferrari,5,4,1:20.378,1:19.715,1:19.457
2019,14,ricciardo,Daniel Ricciardo,renault,Renault,3,5,1:20.374,1:19.833,1:19.839
2019,14,hulkenberg,Nico Hülkenberg,renault,Renault,27,6,1:20.155,1:20.275,1:20.049
2019,14,sainz,Carlos Sainz,mclaren,McLaren,55,7,1:20.413,1:20.202,1:20.455
2019,14,albon,Alexander Albon,red_bull,Red Bull,23,8,1:20.382,1:20.021,NaN
2019,14,stroll,Lance Stroll,racing_point,Racing Point,18,9,1:20.643,1:20.498,NaN
2019,14,raikkonen,Kimi Räikkönen,alfa,Alfa Romeo,7,10,1:20.634,1:20.515,NaN
2019,14,giovinazzi,Antonio Giovinazzi,alfa,Alfa Romeo,99,11,1:20.657,1:20.517,NaN
2019,14,kevin_magnussen,Kevin Magnussen,haas,Haas F1 Team,20,12,1:20.616,1:20.615,NaN
2019,14,kvyat,Daniil Kvyat,toro_rosso,Toro Rosso,26,13,1:20.723,1:20.630,NaN
2019,14,norris,Lando Norris,mclaren,McLaren,4,14,1:20.646,1:21.068,NaN
2019,14,gasly,Pierre Gasly,toro_rosso,Toro Rosso,10,15,1:20.508,1:21.125,NaN
2019,14,grosjean,Romain Grosjean,haas,Haas F1 Team,8,16,1:20.784,NaN,NaN
2019,14,perez,Sergio Pérez,racing_point,Racing Point,11,17,1:21.291,NaN,NaN
2019,14,russell,George Russell,williams,Williams,63,18,1:21.800,NaN,NaN
2019,14,kubica,Robert Kubica,williams,Williams,88,19,1:22.356,NaN,NaN
2019,14,max_verstappen,Max Verstappen,red_bull,Red Bull,33,20,,NaN,NaN
2019,15,leclerc,Charles Leclerc,ferrari,Ferrari,16,1,1:38.014,1:36.650,1:36.217
2019,15,hamilton,Lewis Hamilton,mercedes,Mercedes,44,2,1:37.565,1:36.933,1:36.408
2019,15,vettel,Sebastian Vettel,ferrari,Ferrari,5,3,1:38.374,1:36.720,1:36.437
2019,15,max_verstappen,Max Verstappen,red_bull,Red Bull,33,4,1:38.540,1:37.089,1:36.813
2019,15,bottas,Valtteri Bottas,mercedes,Mercedes,77,5,1:37.317,1:37.142,1:37.146
2019,15,albon,Alexander Albon,red_bull,Red Bull,23,6,1:39.106,1:37.865,1:37.411
2019,15,sainz,Carlos Sainz,mclaren,McLaren,55,7,1:38.882,1:37.982,1:37.818
2019,15,hulkenberg,Nico Hülkenberg,renault,Renault,27,8,1:39.001,1:38.580,1:38.264
2019,15,norris,Lando Norris,mclaren,McLaren,4,9,1:38.606,1:37.572,1:38.329
2019,15,perez,Sergio Pérez,racing_point,Racing Point,11,10,1:39.909,1:38.520,NaN
2019,15,giovinazzi,Antonio Giovinazzi,alfa,Alfa Romeo,99,11,1:39.272,1:38.697,NaN
2019,15,gasly,Pierre Gasly,toro_rosso,Toro Rosso,10,12,1:39.085,1:38.699,NaN
2019,15,raikkonen,Kimi Räikkönen,alfa,Alfa Romeo,7,13,1:39.454,1:38.858,NaN
2019,15,kevin_magnussen,Kevin Magnussen,haas,Haas F1 Team,20,14,1:39.942,1:39.650,NaN
2019,15,kvyat,Daniil Kvyat,toro_rosso,Toro Rosso,26,15,1:39.957,NaN,NaN
2019,15,stroll,Lance Stroll,racing_point,Racing Point,18,16,1:39.979,NaN,NaN
2019,15,grosjean,Romain Grosjean,haas,Haas F1 Team,8,17,1:40.277,NaN,NaN
2019,15,russell,George Russell,williams,Williams,63,18,1:40.867,NaN,NaN
2019,15,kubica,Robert Kubica,williams,Williams,88,19,1:41.186,NaN,NaN
2019,15,ricciardo,Daniel Ricciardo,renault,Renault,3,20,,NaN,NaN
2019,16,leclerc,Charles Leclerc,ferrari,Ferrari,16,1,1:33.613,1:32.434,1:31.628
2019,16,hamilton,Lewis Hamilton,mercedes,Mercedes,44,2,1:33.230,1:33.134,1:32.030
2019,16,vettel,Sebastian Vettel,ferrari,Ferrari,5,3,1:33.032,1:32.536,1:32.053
2019,16,max_verstappen,Max Verstappen,red_bull,Red Bull,33,4,1:33.368,1:32.634,1:32.310
2019,16,bottas,Valtteri Bottas,mercedes,Mercedes,77,5,1:33.413,1:33.281,1:32.632
2019,16,sainz,Carlos Sainz,mclaren,McLaren,55,6,1:34.184,1:33.807,1:33.222
2019,16,hulkenberg,Nico Hülkenberg,renault,Renault,27,7,1:34.236,1:33.898,1:33.289
2019,16,norris,Lando Norris,mclaren,McLaren,4,8,1:34.201,1:33.725,1:33.301
2019,16,grosjean,Romain Grosjean,haas,Haas F1 Team,8,9,1:34.283,1:33.643,1:33.517
2019,16,ricciardo,Daniel Ricciardo,renault,Renault,3,10,1:34.138,1:33.862,1:33.661
2019,16,gasly,Pierre Gasly,toro_rosso,Toro Rosso,10,11,1:34.456,1:33.950,NaN
2019,16,perez,Sergio Pérez,racing_point,Racing Point,11,12,1:34.336,1:33.958,NaN
2019,16,giovinazzi,Antonio Giovinazzi,alfa,Alfa Romeo,99,13,1:34.755,1:34.037,NaN
2019,16,kevin_magnussen,Kevin Magnussen,haas,Haas F1 Team,20,14,1:33.889,1:34.082,NaN
2019,16,stroll,Lance Stroll,racing_point,Racing Point,18,15,1:34.287,1:34.233,NaN
2019,16,raikkonen,Kimi Räikkönen,alfa,Alfa Romeo,7,16,1:34.840,NaN,NaN
2019,16,russell,George Russell,williams,Williams,63,17,1:35.356,NaN,NaN
2019,16,kubica,Robert Kubica,williams,Williams,88,18,1:36.474,NaN,NaN
2019,16,albon,Alexander Albon,red_bull,Red Bull,23,19,1:39.197,NaN,NaN
2019,16,kvyat,Daniil Kvyat,toro_rosso,Toro Rosso,26,20,1:39.544,NaN,NaN
2019,17,vettel,Sebastian Vettel,ferrari,Ferrari,5,1,1:28.988,1:28.174,1:27.064
2019,17,leclerc,Charles Leclerc,ferrari,Ferrari,16,2,1:28.405,1:28.179,1:27.253
2019,17,bottas,Valtteri Bottas,mercedes,Mercedes,77,3,1:28.896,1:27.688,1:27.293
2019,17,hamilton,Lewis Hamilton,mercedes,Mercedes,44,4,1:28.735,1:27.826,1:27.302
2019,17,max_verstappen,Max Verstappen,red_bull,Red Bull,33,5,1:28.754,1:28.499,1:27.851
2019,17,albon,Alexander Albon,red_bull,Red Bull,23,6,1:29.351,1:28.156,1:27.851
2019,17,sainz,Carlos Sainz,mclaren,McLaren,55,7,1:29.018,1:28.577,1:28.304
2019,17,norris,Lando Norris,mclaren,McLaren,4,8,1:28.873,1:28.571,1:28.464
2019,17,gasly,Pierre Gasly,toro_rosso,Toro Rosso,10,9,1:29.411,1:28.779,1:28.836
2019,17,grosjean,Romain Grosjean,haas,Haas F1 Team,8,10,1:29.572,1:29.144,1:29.341
2019,17,giovinazzi,Antonio Giovinazzi,alfa,Alfa Romeo,99,11,1:29.604,1:29.254,NaN
2019,17,stroll,Lance Stroll,racing_point,Racing Point,18,12,1:29.594,1:29.345,NaN
2019,17,raikkonen,Kimi Räikkönen,alfa,Alfa Romeo,7,13,1:29.636,1:29.358,NaN
2019,17,kvyat,Daniil Kvyat,toro_rosso,Toro Rosso,26,14,1:29.723,1:29.563,NaN
2019,17,hulkenberg,Nico Hülkenberg,renault,Renault,27,15,1:29.619,1:30.112,NaN
2019,17,ricciardo,Daniel Ricciardo,renault,Renault,3,16,1:29.822,NaN,NaN
2019,17,perez,Sergio Pérez,racing_point,Racing Point,11,17,1:30.344,NaN,NaN
2019,17,russell,George Russell,williams,Williams,63,18,1:30.364,NaN,NaN
2019,17,kevin_magnussen,Kevin Magnussen,haas,Haas F1 Team,20,19,,NaN,NaN
2019,17,kubica,Robert Kubica,williams,Williams,88,20,,NaN,NaN
2019,18,max_verstappen,Max Verstappen,red_bull,Red Bull,33,1,1:15.949,1:16.136,1:14.758
2019,18,leclerc,Charles Leclerc,ferrari,Ferrari,16,2,1:16.364,1:16.219,1:15.024
2019,18,vettel,Sebastian Vettel,ferrari,Ferrari,5,3,1:16.696,1:15.914,1:15.170
2019,18,hamilton,Lewis Hamilton,mercedes,Mercedes,44,4,1:16.424,1:15.721,1:15.262
2019,18,albon,Alexander Albon,red_bull,Red Bull,23,5,1:16.175,1:16.574,1:15.336
2019,18,bottas,Valtteri Bottas,mercedes,Mercedes,77,6,1:17.062,1:15.852,1:15.338
2019,18,sainz,Carlos Sainz,mclaren,McLaren,55,7,1:17.044,1:16.267,1:16.014
2019,18,norris,Lando Norris,mclaren,McLaren,4,8,1:17.092,1:16.447,1:16.322
2019,18,kvyat,Daniil Kvyat,toro_rosso,Toro Rosso,26,9,1:17.041,1:16.657,1:16.469
2019,18,gasly,Pierre Gasly,toro_rosso,Toro Rosso,10,10,1:17.065,1:16.679,1:16.586
2019,18,perez,Sergio Pérez,racing_point,Racing Point,11,11,1:17.465,1:16.687,NaN
2019,18,hulkenberg,Nico Hülkenberg,renault,Renault,27,12,1:17.608,1:16.885,NaN
2019,18,ricciardo,Daniel Ricciardo,renault,Renault,3,13,1:17.270,1:16.933,NaN
2019,18,raikkonen,Kimi Räikkönen,alfa,Alfa Romeo,7,14,1:17.225,1:16.967,NaN
2019,18,giovinazzi,Antonio Giovinazzi,alfa,Alfa Romeo,99,15,1:17.794,1:17.269,NaN
2019,18,stroll,Lance Stroll,racing_point,Racing Point,18,16,1:18.065,NaN,NaN
2019,18,kevin_magnussen,Kevin Magnussen,haas,Haas F1 Team,20,17,1:18.436,NaN,NaN
2019,18,grosjean,Romain Grosjean,haas,Haas F1 Team,8,18,1:18.599,NaN,NaN
2019,18,russell,George Russell,williams,Williams,63,19,1:18.823,NaN,NaN
2019,18,kubica,Robert Kubica,williams,Williams,88,20,1:20.179,NaN,NaN
2019,19,bottas,Valtteri Bottas,mercedes,Mercedes,77,1,1:33.750,1:33.160,1:32.029
2019,19,vettel,Sebastian Vettel,ferrari,Ferrari,5,2,1:33.766,1:33.782,1:32.041
2019,19,max_verstappen,Max Verstappen,red_bull,Red Bull,33,3,1:33.549,1:33.120,1:32.096
2019,19,leclerc,Charles Leclerc,ferrari,Ferrari,16,4,1:33.988,1:32.760,1:32.137
2019,19,hamilton,Lewis Hamilton,mercedes,Mercedes,44,5,1:33.454,1:33.045,1:32.321
2019,19,albon,Alexander Albon,red_bull,Red Bull,23,6,1:33.984,1:32.898,1:32.548
2019,19,sainz,Carlos Sainz,mclaren,McLaren,55,7,1:33.916,1:33.422,1:32.847
2019,19,norris,Lando Norris,mclaren,McLaren,4,8,1:33.353,1:33.316,1:33.175
2019,19,ricciardo,Daniel Ricciardo,renault,Renault,3,9,1:33.835,1:33.608,1:33.488
2019,19,gasly,Pierre Gasly,toro_rosso,Toro Rosso,10,10,1:33.556,1:33.715,1:33.601
2019,19,hulkenberg,Nico Hülkenberg,renault,Renault,27,11,1:34.092,1:33.815,NaN
2019,19,kevin_magnussen,Kevin Magnussen,haas,Haas F1 Team,20,12,1:33.812,1:33.979,NaN
2019,19,kvyat,Daniil Kvyat,toro_rosso,Toro Rosso,26,13,1:34.138,1:33.989,NaN
2019,19,stroll,Lance Stroll,racing_point,Racing Point,18,14,1:33.921,1:34.100,NaN
2019,19,grosjean,Romain Grosjean,haas,Haas F1 Team,8,15,1:34.161,1:34.158,NaN
2019,19,giovinazzi,Antonio Giovinazzi,alfa,Alfa Romeo,99,16,1:34.226,NaN,NaN
2019,19,raikkonen,Kimi Räikkönen,alfa,Alfa Romeo,7,17,1:34.369,NaN,NaN
2019,19,russell,George Russell,williams,Williams,63,18,1:35.372,NaN,NaN
2019,19,perez,Sergio Pérez,racing_point,Racing Point,11,19,1:35.808,NaN,NaN
2019,19,kubica,Robert Kubica,williams,Williams,88,20,1:35.889,NaN,NaN
2019,20,max_verstappen,Max Verstappen,red_bull,Red Bull,33,1,1:08.242,1:07.503,1:07.508
2019,20,vettel,Sebastian Vettel,ferrari,Ferrari,5,2,1:08.556,1:08.050,1:07.631
2019,20,hamilton,Lewis Hamilton,mercedes,Mercedes,44,3,1:08.614,1:08.088,1:07.699
2019,20,leclerc,Charles Leclerc,ferrari,Ferrari,16,4,1:08.496,1:07.888,1:07.728
2019,20,bottas,Valtteri Bottas,mercedes,Mercedes,77,5,1:08.545,1:08.232,1:07.874
2019,20,albon,Alexander Albon,red_bull,Red Bull,23,6,1:08.503,1:08.117,1:07.935
2019,20,gasly,Pierre Gasly,toro_rosso,Toro Rosso,10,7,1:08.909,1:08.770,1:08.837
2019,20,grosjean,Romain Grosjean,haas,Haas F1 Team,8,8,1:09.197,1:08.705,1:08.854
2019,20,raikkonen,Kimi Räikkönen,alfa,Alfa Romeo,7,9,1:09.276,1:08.858,1:08.984
2019,20,kevin_magnussen,Kevin Magnussen,haas,Haas F1 Team,20,10,1:08.875,1:08.803,1:09.037
2019,20,norris,Lando Norris,mclaren,McLaren,4,11,1:08.891,1:08.868,NaN
2019,20,ricciardo,Daniel Ricciardo,renault,Renault,3,12,1:09.086,1:08.903,NaN
2019,20,giovinazzi,Antonio Giovinazzi,alfa,Alfa Romeo,99,13,1:09.175,1:08.919,NaN
2019,20,hulkenberg,Nico Hülkenberg,renault,Renault,27,14,1:09.050,1:08.921,NaN
2019,20,perez,Sergio Pérez,racing_point,Racing Point,11,15,1:09.288,1:09.035,NaN
2019,20,kvyat,Daniil Kvyat,toro_rosso,Toro Rosso,26,16,1:09.320,NaN,NaN
2019,20,stroll,Lance Stroll,racing_point,Racing Point,18,17,1:09.536,NaN,NaN
2019,20,russell,George Russell,williams,Williams,63,18,1:10.126,NaN,NaN
2019,20,kubica,Robert Kubica,williams,Williams,88,19,1:10.614,NaN,NaN
2019,20,sainz,Carlos Sainz,mclaren,McLaren,55,20,,NaN,NaN
2019,21,hamilton,Lewis Hamilton,mercedes,Mercedes,44,1,1:35.851,1:35.634,1:34.779
2019,21,bottas,Valtteri Bottas,mercedes,Mercedes,77,2,1:36.200,1:35.674,1:34.973
2019,21,max_verstappen,Max Verstappen,red_bull,Red Bull,33,3,1:36.390,1:36.275,1:35.139
2019,21,leclerc,Charles Leclerc,ferrari,Ferrari,16,4,1:36.478,1:35.543,1:35.219
2019,21,vettel,Sebastian Vettel,ferrari,Ferrari,5,5,1:36.963,1:35.786,1:35.339
2019,21,albon,Alexander Albon,red_bull,Red Bull,23,6,1:36.102,1:36.718,1:35.682
2019,21,norris,Lando Norris,mclaren,McLaren,4,7,1:37.545,1:36.764,1:36.436
2019,21,ricciardo,Daniel Ricciardo,renault,Renault,3,8,1:37.106,1:36.785,1:36.456
2019,21,sainz,Carlos Sainz,mclaren,McLaren,55,9,1:37.358,1:36.308,1:36.459
2019,21,hulkenberg,Nico Hülkenberg,renault,Renault,27,10,1:37.506,1:36.859,1:36.710
2019,21,perez,Sergio Pérez,racing_point,Racing Point,11,11,1:36.961,1:37.055,NaN
2019,21,gasly,Pierre Gasly,toro_rosso,Toro Rosso,10,12,1:37.198,1:37.089,NaN
2019,21,stroll,Lance Stroll,racing_point,Racing Point,18,13,1:37.528,1:37.103,NaN
2019,21,kvyat,Daniil Kvyat,toro_rosso,Toro Rosso,26,14,1:37.683,1:37.141,NaN
2019,21,kevin_magnussen,Kevin Magnussen,haas,Haas F1 Team,20,15,1:37.710,1:37.254,NaN
2019,21,grosjean,Romain Grosjean,haas,Haas F1 Team,8,16,1:38.051,NaN,NaN
2019,21,giovinazzi,Antonio Giovinazzi,alfa,Alfa Romeo,99,17,1:38.114,NaN,NaN
2019,21,raikkonen,Kimi Räikkönen,alfa,Alfa Romeo,7,18,1:38.383,NaN,NaN
2019,21,russell,George Russell,williams,Williams,63,19,1:38.717,NaN,NaN
2019,21,kubica,Robert Kubica,williams,Williams,88,20,1:39.236,NaN,NaN
2020,1,bottas,Valtteri Bottas,mercedes,Mercedes,77,1,1:04.111,1:03.015,1:02.939
2020,1,hamilton,Lewis Hamilton,mercedes,Mercedes,44,2,1:04.198,1:03.096,1:02.951
2020,1,max_verstappen,Max Verstappen,red_bull,Red Bull,33,3,1:04.024,1:04.000,1:03.477
2020,1,norris,Lando Norris,mclaren,McLaren,4,4,1:04.606,1:03.819,1:03.626
2020,1,albon,Alexander Albon,red_bull,Red Bull,23,5,1:04.661,1:03.746,1:03.868
2020,1,perez,Sergio Pérez,racing_point,Racing Point,11,6,1:04.543,1:03.860,1:03.868
2020,1,leclerc,Charles Leclerc,ferrari,Ferrari,16,7,1:04.500,1:04.041,1:03.923
2020,1,sainz,Carlos Sainz,mclaren,McLaren,55,8,1:04.537,1:03.971,1:03.971
2020,1,stroll,Lance Stroll,racing_point,Racing Point,18,9,1:04.309,1:03.955,1:04.029
2020,1,ricciardo,Daniel Ricciardo,renault,Renault,3,10,1:04.556,1:04.023,1:04.239
2020,1,vettel,Sebastian Vettel,ferrari,Ferrari,5,11,1:04.554,1:04.206,NaN
2020,1,gasly,Pierre Gasly,alphatauri,AlphaTauri,10,12,1:04.603,1:04.305,NaN
2020,1,kvyat,Daniil Kvyat,alphatauri,AlphaTauri,26,13,1:05.031,1:04.431,NaN
2020,1,ocon,Esteban Ocon,renault,Renault,31,14,1:04.933,1:04.643,NaN
2020,1,grosjean,Romain Grosjean,haas,Haas F1 Team,8,15,1:05.094,1:04.691,NaN
2020,1,kevin_magnussen,Kevin Magnussen,haas,Haas F1 Team,20,16,1:05.164,NaN,NaN
2020,1,russell,George Russell,williams,Williams,63,17,1:05.167,NaN,NaN
2020,1,giovinazzi,Antonio Giovinazzi,alfa,Alfa Romeo,99,18,1:05.175,NaN,NaN
2020,1,raikkonen,Kimi Räikkönen,alfa,Alfa Romeo,7,19,1:05.224,NaN,NaN
2020,1,latifi,Nicholas Latifi,williams,Williams,6,20,1:05.757,NaN,NaN
2020,2,hamilton,Lewis Hamilton,mercedes,Mercedes,44,1,1:18.188,1:17.825,1:19.273
2020,2,max_verstappen,Max Verstappen,red_bull,Red Bull,33,2,1:18.297,1:17.938,1:20.489
2020,2,sainz,Carlos Sainz,mclaren,McLaren,55,3,1:18.590,1:18.836,1:20.671
2020,2,bottas,Valtteri Bottas,mercedes,Mercedes,77,4,1:18.791,1:18.657,1:20.701
2020,2,ocon,Esteban Ocon,renault,Renault,31,5,1:19.687,1:18.764,1:20.922
2020,2,norris,Lando Norris,mclaren,McLaren,4,6,1:18.504,1:18.448,1:20.925
2020,2,albon,Alexander Albon,red_bull,Red Bull,23,7,1:20.882,1:19.014,1:21.011
2020,2,gasly,Pierre Gasly,alphatauri,AlphaTauri,10,8,1:20.192,1:18.744,1:21.028
2020,2,ricciardo,Daniel Ricciardo,renault,Renault,3,9,1:19.662,1:19.229,1:21.192
2020,2,vettel,Sebastian Vettel,ferrari,Ferrari,5,10,1:20.243,1:19.545,1:21.651
2020,2,leclerc,Charles Leclerc,ferrari,Ferrari,16,11,1:20.871,1:19.628,NaN
2020,2,russell,George Russell,williams,Williams,63,12,1:20.382,1:19.636,NaN
2020,2,stroll,Lance Stroll,racing_point,Racing Point,18,13,1:19.697,1:19.645,NaN
2020,2,kvyat,Daniil Kvyat,alphatauri,AlphaTauri,26,14,1:19.824,1:19.717,NaN
2020,2,kevin_magnussen,Kevin Magnussen,haas,Haas F1 Team,20,15,1:21.140,1:20.211,NaN
2020,2,raikkonen,Kimi Räikkönen,alfa,Alfa Romeo,7,16,1:21.140,NaN,NaN
2020,2,perez,Sergio Pérez,racing_point,Racing Point,11,17,1:21.607,NaN,NaN
2020,2,latifi,Nicholas Latifi,williams,Williams,6,18,1:21.759,NaN,NaN
2020,2,giovinazzi,Antonio Giovinazzi,alfa,Alfa Romeo,99,19,1:21.831,NaN,NaN
2020,2,grosjean,Romain Grosjean,haas,Haas F1 Team,8,20,,NaN,NaN
2020,3,hamilton,Lewis Hamilton,mercedes,Mercedes,44,1,1:14.907,1:14.261,1:13.447
2020,3,bottas,Valtteri Bottas,mercedes,Mercedes,77,2,1:15.474,1:14.530,1:13.554
2020,3,stroll,Lance Stroll,racing_point,Racing Point,18,3,1:14.895,1:15.176,1:14.377
2020,3,perez,Sergio Pérez,racing_point,Racing Point,11,4,1:14.681,1:15.394,1:14.545
2020,3,vettel,Sebastian Vettel,ferrari,Ferrari,5,5,1:15.455,1:15.131,1:14.774
2020,3,leclerc,Charles Leclerc,ferrari,Ferrari,16,6,1:15.793,1:15.006,1:14.817
2020,3,max_verstappen,Max Verstappen,red_bull,Red Bull,33,7,1:15.495,1:14.976,1:14.849
2020,3,norris,Lando Norris,mclaren,McLaren,4,8,1:15.444,1:15.085,1:14.966
2020,3,sainz,Carlos Sainz,mclaren,McLaren,55,9,1:15.281,1:15.267,1:15.027
2020,3,gasly,Pierre Gasly,alphatauri,AlphaTauri,10,10,1:15.767,1:15.508,NaN
2020,3,ricciardo,Daniel Ricciardo,renault,Renault,3,11,1:15.848,1:15.661,NaN
2020,3,russell,George Russell,williams,Williams,63,12,1:15.585,1:15.698,NaN
2020,3,albon,Alexander Albon,red_bull,Red Bull,23,13,1:15.722,1:15.715,NaN
2020,3,ocon,Esteban Ocon,renault,Renault,31,14,1:15.719,1:15.742,NaN
2020,3,latifi,Nicholas Latifi,williams,Williams,6,15,1:16.105,1:16.544,NaN
2020,3,kevin_magnussen,Kevin Magnussen,haas,Haas F1 Team,20,16,1:16.152,NaN,NaN
2020,3,kvyat,Daniil Kvyat,alphatauri,AlphaTauri,26,17,1:16.204,NaN,NaN
2020,3,grosjean,Romain Grosjean,haas,Haas F1 Team,8,18,1:16.407,NaN,NaN
2020,3,giovinazzi,Antonio Giovinazzi,alfa,Alfa Romeo,99,19,1:16.506,NaN,NaN
2020,3,raikkonen,Kimi Räikkönen,alfa,Alfa Romeo,7,20,1:16.614,NaN,NaN
2020,4,hamilton,Lewis Hamilton,mercedes,Mercedes,44,1,1:25.900,1:25.347,1:24.303
2020,4,bottas,Valtteri Bottas,mercedes,Mercedes,77,2,1:25.801,1:25.015,1:24.616
2020,4,max_verstappen,Max Verstappen,red_bull,Red Bull,33,3,1:26.115,1:26.144,1:25.325
2020,4,leclerc,Charles Leclerc,ferrari,Ferrari,16,4,1:26.550,1:26.203,1:25.427
2020,4,norris,Lando Norris,mclaren,McLaren,4,5,1:26.855,1:26.420,1:25.782
2020,4,stroll,Lance Stroll,racing_point,Racing Point,18,6,1:26.243,1:26.501,1:25.839
2020,4,sainz,Carlos Sainz,mclaren,McLaren,55,7,1:26.715,1:26.149,1:25.965
2020,4,ricciardo,Daniel Ricciardo,renault,Renault,3,8,1:26.677,1:26.339,1:26.009
2020,4,ocon,Esteban Ocon,renault,Renault,31,9,1:26.396,1:26.252,1:26.209
2020,4,vettel,Sebastian Vettel,ferrari,Ferrari,5,10,1:26.469,1:26.455,1:26.339
2020,4,gasly,Pierre Gasly,alphatauri,AlphaTauri,10,11,1:26.343,1:26.501,NaN
2020,4,albon,Alexander Albon,red_bull,Red Bull,23,12,1:26.565,1:26.545,NaN
2020,4,hulkenberg,Nico Hülkenberg,racing_point,Racing Point,27,13,1:26.327,1:26.566,NaN
2020,4,kvyat,Daniil Kvyat,alphatauri,AlphaTauri,26,14,1:26.774,1:26.744,NaN
2020,4,russell,George Russell,williams,Williams,63,15,1:26.732,1:27.092,NaN
2020,4,kevin_magnussen,Kevin Magnussen,haas,Haas F1 Team,20,16,1:27.158,NaN,NaN
2020,4,giovinazzi,Antonio Giovinazzi,alfa,Alfa Romeo,99,17,1:27.164,NaN,NaN
2020,4,raikkonen,Kimi Räikkönen,alfa,Alfa Romeo,7,18,1:27.366,NaN,NaN
2020,4,grosjean,Romain Grosjean,haas,Haas F1 Team,8,19,1:27.643,NaN,NaN
2020,4,latifi,Nicholas Latifi,williams,Williams,6,20,1:27.705,NaN,NaN
2020,5,bottas,Valtteri Bottas,mercedes,Mercedes,77,1,1:26.738,1:25.785,1:25.154
2020,5,hamilton,Lewis Hamilton,mercedes,Mercedes,44,2,1:26.818,1:26.266,1:25.217
2020,5,hulkenberg,Nico Hülkenberg,racing_point,Racing Point,27,3,1:27.279,1:26.261,1:26.082
2020,5,max_verstappen,Max Verstappen,red_bull,Red Bull,33,4,1:27.154,1:26.779,1:26.176
2020,5,ricciardo,Daniel Ricciardo,renault,Renault,3,5,1:27.442,1:26.636,1:26.297
2020,5,stroll,Lance Stroll,racing_point,Racing Point,18,6,1:27.187,1:26.674,1:26.428
2020,5,gasly,Pierre Gasly,alphatauri,AlphaTauri,10,7,1:27.154,1:26.523,1:26.534
2020,5,leclerc,Charles Leclerc,ferrari,Ferrari,16,8,1:27.427,1:26.709,1:26.614
2020,5,albon,Alexander Albon,red_bull,Red Bull,23,9,1:27.153,1:26.642,1:26.669
2020,5,norris,Lando Norris,mclaren,McLaren,4,10,1:27.217,1:26.885,1:26.778
2020,5,ocon,Esteban Ocon,renault,Renault,31,11,1:27.278,1:27.011,NaN
2020,5,vettel,Sebastian Vettel,ferrari,Ferrari,5,12,1:27.612,1:27.078,NaN
2020,5,sainz,Carlos Sainz,mclaren,McLaren,55,13,1:27.450,1:27.083,NaN
2020,5,grosjean,Romain Grosjean,haas,Haas F1 Team,8,14,1:27.519,1:27.254,NaN
2020,5,russell,George Russell,williams,Williams,63,15,1:27.757,1:27.455,NaN
2020,5,kvyat,Daniil Kvyat,alphatauri,AlphaTauri,26,16,1:27.882,NaN,NaN
2020,5,kevin_magnussen,Kevin Magnussen,haas,Haas F1 Team,20,17,1:28.236,NaN,NaN
2020,5,latifi,Nicholas Latifi,williams,Williams,6,18,1:28.430,NaN,NaN
2020,5,giovinazzi,Antonio Giovinazzi,alfa,Alfa Romeo,99,19,1:28.433,NaN,NaN
2020,5,raikkonen,Kimi Räikkönen,alfa,Alfa Romeo,7,20,1:28.493,NaN,NaN
2020,6,hamilton,Lewis Hamilton,mercedes,Mercedes,44,1,1:16.872,1:16.013,1:15.584
2020,6,bottas,Valtteri Bottas,mercedes,Mercedes,77,2,1:17.243,1:16.152,1:15.643
2020,6,max_verstappen,Max Verstappen,red_bull,Red Bull,33,3,1:17.213,1:16.518,1:16.292
2020,6,perez,Sergio Pérez,racing_point,Racing Point,11,4,1:17.117,1:16.936,1:16.482
2020,6,stroll,Lance Stroll,racing_point,Racing Point,18,5,1:17.316,1:16.666,1:16.589
2020,6,albon,Alexander Albon,red_bull,Red Bull,23,6,1:17.419,1:17.163,1:17.029
2020,6,sainz,Carlos Sainz,mclaren,McLaren,55,7,1:17.438,1:16.876,1:17.044
2020,6,norris,Lando Norris,mclaren,McLaren,4,8,1:17.577,1:17.166,1:17.084
2020,6,leclerc,Charles Leclerc,ferrari,Ferrari,16,9,1:17.256,1:16.953,1:17.087
2020,6,gasly,Pierre Gasly,alphatauri,AlphaTauri,10,10,1:17.356,1:16.800,1:17.136
2020,6,vettel,Sebastian Vettel,ferrari,Ferrari,5,11,1:17.573,1:17.168,NaN
2020,6,kvyat,Daniil Kvyat,alphatauri,AlphaTauri,26,12,1:17.676,1:17.192,NaN
2020,6,ricciardo,Daniel Ricciardo,renault,Renault,3,13,1:17.667,1:17.198,NaN
2020,6,raikkonen,Kimi Räikkönen,alfa,Alfa Romeo,7,14,1:17.797,1:17.386,NaN
2020,6,ocon,Esteban Ocon,renault,Renault,31,15,1:17.765,1:17.567,NaN
2020,6,kevin_magnussen,Kevin Magnussen,haas,Haas F1 Team,20,16,1:17.908,NaN,NaN
2020,6,grosjean,Romain Grosjean,haas,Haas F1 Team,8,17,1:18.089,NaN,NaN
2020,6,russell,George Russell,williams,Williams,63,18,1:18.099,NaN,NaN
2020,6,latifi,Nicholas Latifi,williams,Williams,6,19,1:18.532,NaN,NaN
2020,6,giovinazzi,Antonio Giovinazzi,alfa,Alfa Romeo,99,20,1:18.697,NaN,NaN
2020,7,hamilton,Lewis Hamilton,mercedes,Mercedes,44,1,1:42.323,1:42.014,1:41.252
2020,7,bottas,Valtteri Bottas,mercedes,Mercedes,77,2,1:42.534,1:42.126,1:41.763
2020,7,max_verstappen,Max Verstappen,red_bull,Red Bull,33,3,1:43.197,1:42.473,1:41.778
2020,7,ricciardo,Daniel Ricciardo,renault,Renault,3,4,1:43.309,1:42.487,1:42.061
2020,7,albon,Alexander Albon,red_bull,Red Bull,23,5,1:43.418,1:42.193,1:42.264
2020,7,ocon,Esteban Ocon,renault,Renault,31,6,1:43.505,1:42.534,1:42.396
2020,7,sainz,Carlos Sainz,mclaren,McLaren,55,7,1:43.322,1:42.478,1:42.438
2020,7,perez,Sergio Pérez,racing_point,Racing Point,11,8,1:43.349,1:42.670,1:42.532
2020,7,stroll,Lance Stroll,racing_point,Racing Point,18,9,1:43.265,1:42.491,1:42.603
2020,7,norris,Lando Norris,mclaren,McLaren,4,10,1:43.514,1:42.722,1:42.657
2020,7,kvyat,Daniil Kvyat,alphatauri,AlphaTauri,26,11,1:43.267,1:42.730,NaN
2020,7,gasly,Pierre Gasly,alphatauri,AlphaTauri,10,12,1:43.262,1:42.745,NaN
2020,7,leclerc,Charles Leclerc,ferrari,Ferrari,16,13,1:43.656,1:42.996,NaN
2020,7,vettel,Sebastian Vettel,ferrari,Ferrari,5,14,1:43.567,1:43.261,NaN
2020,7,russell,George Russell,williams,Williams,63,15,1:43.630,1:43.468,NaN
2020,7,raikkonen,Kimi Räikkönen,alfa,Alfa Romeo,7,16,1:43.743,NaN,NaN
2020,7,grosjean,Romain Grosjean,haas,Haas F1 Team,8,17,1:43.838,NaN,NaN
2020,7,giovinazzi,Antonio Giovinazzi,alfa,Alfa Romeo,99,18,1:43.950,NaN,NaN
2020,7,latifi,Nicholas Latifi,williams,Williams,6,19,1:44.138,NaN,NaN
2020,7,kevin_magnussen,Kevin Magnussen,haas,Haas F1 Team,20,20,1:44.314,NaN,NaN
2020,8,hamilton,Lewis Hamilton,mercedes,Mercedes,44,1,1:19.514,1:19.092,1:18.887
2020,8,bottas,Valtteri Bottas,mercedes,Mercedes,77,2,1:19.786,1:18.952,1:18.956
2020,8,sainz,Carlos Sainz,mclaren,McLaren,55,3,1:20.099,1:19.705,1:19.695
2020,8,perez,Sergio Pérez,racing_point,Racing Point,11,4,1:20.048,1:19.718,1:19.720
2020,8,max_verstappen,Max Verstappen,red_bull,Red Bull,33,5,1:20.193,1:19.780,1:19.795
2020,8,norris,Lando Norris,mclaren,McLaren,4,6,1:20.344,1:19.962,1:19.820
2020,8,ricciardo,Daniel Ricciardo,renault,Renault,3,7,1:20.548,1:20.031,1:19.864
2020,8,stroll,Lance Stroll,racing_point,Racing Point,18,8,1:20.400,1:19.924,1:20.049
2020,8,albon,Alexander Albon,red_bull,Red Bull,23,9,1:21.104,1:20.064,1:20.090
2020,8,gasly,Pierre Gasly,alphatauri,AlphaTauri,10,10,1:20.145,1:19.909,1:20.177
2020,8,kvyat,Daniil Kvyat,alphatauri,AlphaTauri,26,11,1:20.307,1:20.169,NaN
2020,8,ocon,Esteban Ocon,renault,Renault,31,12,1:20.747,1:20.234,NaN
2020,8,leclerc,Charles Leclerc,ferrari,Ferrari,16,13,1:20.443,1:20.273,NaN
2020,8,raikkonen,Kimi Räikkönen,alfa,Alfa Romeo,7,14,1:21.010,1:20.926,NaN
2020,8,kevin_magnussen,Kevin Magnussen,haas,Haas F1 Team,20,15,1:20.869,1:21.573,NaN
2020,8,grosjean,Romain Grosjean,haas,Haas F1 Team,8,16,1:21.139,NaN,NaN
2020,8,vettel,Sebastian Vettel,ferrari,Ferrari,5,17,1:21.151,NaN,NaN
2020,8,giovinazzi,Antonio Giovinazzi,alfa,Alfa Romeo,99,18,1:21.206,NaN,NaN
2020,8,russell,George Russell,williams,Williams,63,19,1:21.587,NaN,NaN
2020,8,latifi,Nicholas Latifi,williams,Williams,6,20,1:21.717,NaN,NaN
2020,9,hamilton,Lewis Hamilton,mercedes,Mercedes,44,1,1:15.778,1:15.309,1:15.144
2020,9,bottas,Valtteri Bottas,mercedes,Mercedes,77,2,1:15.749,1:15.322,1:15.203
2020,9,max_verstappen,Max Verstappen,red_bull,Red Bull,33,3,1:16.335,1:15.471,1:15.509
2020,9,albon,Alexander Albon,red_bull,Red Bull,23,4,1:16.527,1:15.914,1:15.954
2020,9,leclerc,Charles Leclerc,ferrari,Ferrari,16,5,1:16.698,1:16.324,1:16.270
2020,9,perez,Sergio Pérez,racing_point,Racing Point,11,6,1:16.596,1:16.489,1:16.311
2020,9,stroll,Lance Stroll,racing_point,Racing Point,18,7,1:16.701,1:16.271,1:16.356
2020,9,ricciardo,Daniel Ricciardo,renault,Renault,3,8,1:16.981,1:16.243,1:16.543
2020,9,sainz,Carlos Sainz,mclaren,McLaren,55,9,1:16.993,1:16.522,1:17.870
2020,9,ocon,Esteban Ocon,renault,Renault,31,10,1:16.825,1:16.297,NaN
2020,9,norris,Lando Norris,mclaren,McLaren,4,11,1:16.895,1:16.640,NaN
2020,9,kvyat,Daniil Kvyat,alphatauri,AlphaTauri,26,12,1:16.928,1:16.854,NaN
2020,9,raikkonen,Kimi Räikkönen,alfa,Alfa Romeo,7,13,1:17.059,1:16.854,NaN
2020,9,vettel,Sebastian Vettel,ferrari,Ferrari,5,14,1:17.072,1:16.858,NaN
2020,9,grosjean,Romain Grosjean,haas,Haas F1 Team,8,15,1:17.069,1:17.254,NaN
2020,9,gasly,Pierre Gasly,alphatauri,AlphaTauri,10,16,1:17.125,NaN,NaN
2020,9,giovinazzi,Antonio Giovinazzi,alfa,Alfa Romeo,99,17,1:17.220,NaN,NaN
2020,9,russell,George Russell,williams,Williams,63,18,1:17.232,NaN,NaN
2020,9,latifi,Nicholas Latifi,williams,Williams,6,19,1:17.320,NaN,NaN
2020,9,kevin_magnussen,Kevin Magnussen,haas,Haas F1 Team,20,20,1:17.348,NaN,NaN
2020,10,hamilton,Lewis Hamilton,mercedes,Mercedes,44,1,1:32.983,1:32.835,1:31.304
2020,10,max_verstappen,Max Verstappen,red_bull,Red Bull,33,2,1:33.630,1:33.157,1:31.867
2020,10,bottas,Valtteri Bottas,mercedes,Mercedes,77,3,1:32.656,1:32.405,1:31.956
2020,10,perez,Sergio Pérez,racing_point,Racing Point,11,4,1:33.704,1:33.038,1:32.317
2020,10,ricciardo,Daniel Ricciardo,renault,Renault,3,5,1:33.650,1:32.218,1:32.364
2020,10,sainz,Carlos Sainz,mclaren,McLaren,55,6,1:33.967,1:32.757,1:32.550
2020,10,ocon,Esteban Ocon,renault,Renault,31,7,1:33.557,1:33.196,1:32.624
2020,10,norris,Lando Norris,mclaren,McLaren,4,8,1:33.804,1:33.081,1:32.847
2020,10,gasly,Pierre Gasly,alphatauri,AlphaTauri,10,9,1:33.734,1:33.139,1:33.000
2020,10,albon,Alexander Albon,red_bull,Red Bull,23,10,1:33.919,1:33.153,1:33.008
2020,10,leclerc,Charles Leclerc,ferrari,Ferrari,16,11,1:34.071,1:33.239,NaN
2020,10,kvyat,Daniil Kvyat,alphatauri,AlphaTauri,26,12,1:33.511,1:33.249,NaN
2020,10,stroll,Lance Stroll,racing_point,Racing Point,18,13,1:33.852,1:33.364,NaN
2020,10,russell,George Russell,williams,Williams,63,14,1:34.020,1:33.583,NaN
2020,10,vettel,Sebastian Vettel,ferrari,Ferrari,5,15,1:34.134,1:33.609,NaN
2020,10,grosjean,Romain Grosjean,haas,Haas F1 Team,8,16,1:34.592,NaN,NaN
2020,10,giovinazzi,Antonio Giovinazzi,alfa,Alfa Romeo,99,17,1:34.594,NaN,NaN
2020,10,kevin_magnussen,Kevin Magnussen,haas,Haas F1 Team,20,18,1:34.681,NaN,NaN
2020,10,latifi,Nicholas Latifi,williams,Williams,6,19,1:35.066,NaN,NaN
2020,10,raikkonen,Kimi Räikkönen,alfa,Alfa Romeo,7,20,1:35.267,NaN,NaN
2020,11,bottas,Valtteri Bottas,mercedes,Mercedes,77,1,1:26.573,1:25.971,1:25.269
2020,11,hamilton,Lewis Hamilton,mercedes,Mercedes,44,2,1:26.620,1:25.390,1:25.525
2020,11,max_verstappen,Max Verstappen,red_bull,Red Bull,33,3,1:26.319,1:25.467,1:25.562
2020,11,leclerc,Charles Leclerc,ferrari,Ferrari,16,4,1:26.857,1:26.240,1:26.035
2020,11,albon,Alexander Albon,red_bull,Red Bull,23,5,1:27.126,1:26.285,1:26.047
2020,11,ricciardo,Daniel Ricciardo,renault,Renault,3,6,1:26.836,1:26.096,1:26.223
2020,11,ocon,Esteban Ocon,renault,Renault,31,7,1:27.086,1:26.364,1:26.242
2020,11,norris,Lando Norris,mclaren,McLaren,4,8,1:26.829,1:26.316,1:26.458
2020,11,perez,Sergio Pérez,racing_point,Racing Point,11,9,1:27.120,1:26.330,1:26.704
2020,11,sainz,Carlos Sainz,mclaren,McLaren,55,10,1:27.378,1:26.361,1:26.709
2020,11,vettel,Sebastian Vettel,ferrari,Ferrari,5,11,1:27.107,1:26.738,NaN
2020,11,gasly,Pierre Gasly,alphatauri,AlphaTauri,10,12,1:27.072,1:26.776,NaN
2020,11,kvyat,Daniil Kvyat,alphatauri,AlphaTauri,26,13,1:27.285,1:26.848,NaN
2020,11,giovinazzi,Antonio Giovinazzi,alfa,Alfa Romeo,99,14,1:27.532,1:26.936,NaN
2020,11,kevin_magnussen,Kevin Magnussen,haas,Haas F1 Team,20,15,1:27.231,1:27.125,NaN
2020,11,grosjean,Romain Grosjean,haas,Haas F1 Team,8,16,1:27.552,NaN,NaN
2020,11,russell,George Russell,williams,Williams,63,17,1:27.564,NaN,NaN
2020,11,latifi,Nicholas Latifi,williams,Williams,6,18,1:27.812,NaN,NaN
2020,11,raikkonen,Kimi Räikkönen,alfa,Alfa Romeo,7,19,1:27.817,NaN,NaN
2020,11,hulkenberg,Nico Hülkenberg,racing_point,Racing Point,27,20,1:28.021,NaN,NaN
2020,12,hamilton,Lewis Hamilton,mercedes,Mercedes,44,1,1:16.828,1:16.824,1:16.652
2020,12,bottas,Valtteri Bottas,mercedes,Mercedes,77,2,1:16.945,1:16.466,1:16.754
2020,12,max_verstappen,Max Verstappen,red_bull,Red Bull,33,3,1:16.879,1:17.038,1:16.904
2020,12,leclerc,Charles Leclerc,ferrari,Ferrari,16,4,1:17.421,1:17.367,1:17.090
2020,12,perez,Sergio Pérez,racing_point,Racing Point,11,5,1:17.370,1:17.129,1:17.223
2020,12,albon,Alexander Albon,red_bull,Red Bull,23,6,1:17.435,1:17.411,1:17.437
2020,12,sainz,Carlos Sainz,mclaren,McLaren,55,7,1:17.627,1:17.183,1:17.520
2020,12,norris,Lando Norris,mclaren,McLaren,4,8,1:17.547,1:17.321,1:17.525
2020,12,gasly,Pierre Gasly,alphatauri,AlphaTauri,10,9,1:17.209,1:17.367,1:17.803
2020,12,ricciardo,Daniel Ricciardo,renault,Renault,3,10,1:17.621,1:17.481,NaN
2020,12,ocon,Esteban Ocon,renault,Renault,31,11,1:17.775,1:17.614,NaN
2020,12,stroll,Lance Stroll,racing_point,Racing Point,18,12,1:17.667,1:17.626,NaN
2020,12,kvyat,Daniil Kvyat,alphatauri,AlphaTauri,26,13,1:17.841,1:17.728,NaN
2020,12,russell,George Russell,williams,Williams,63,14,1:17.931,1:17.788,NaN
2020,12,vettel,Sebastian Vettel,ferrari,Ferrari,5,15,1:17.446,1:17.919,NaN
2020,12,raikkonen,Kimi Räikkönen,alfa,Alfa Romeo,7,16,1:18.201,NaN,NaN
2020,12,giovinazzi,Antonio Giovinazzi,alfa,Alfa Romeo,99,17,1:18.323,NaN,NaN
2020,12,grosjean,Romain Grosjean,haas,Haas F1 Team,8,18,1:18.364,NaN,NaN
2020,12,kevin_magnussen,Kevin Magnussen,haas,Haas F1 Team,20,19,1:18.508,NaN,NaN
2020,12,latifi,Nicholas Latifi,williams,Williams,6,20,1:18.777,NaN,NaN
2020,13,bottas,Valtteri Bottas,mercedes,Mercedes,77,1,1:14.221,1:14.585,1:13.609
2020,13,hamilton,Lewis Hamilton,mercedes,Mercedes,44,2,1:14.229,1:14.643,1:13.706
2020,13,max_verstappen,Max Verstappen,red_bull,Red Bull,33,3,1:15.034,1:14.974,1:14.176
2020,13,gasly,Pierre Gasly,alphatauri,AlphaTauri,10,4,1:15.183,1:14.681,1:14.502
2020,13,ricciardo,Daniel Ricciardo,renault,Renault,3,5,1:15.474,1:14.953,1:14.520
2020,13,albon,Alexander Albon,red_bull,Red Bull,23,6,1:15.402,1:14.745,1:14.572
2020,13,leclerc,Charles Leclerc,ferrari,Ferrari,16,7,1:15.123,1:15.017,1:14.616
2020,13,kvyat,Daniil Kvyat,alphatauri,AlphaTauri,26,8,1:15.412,1:15.022,1:14.696
2020,13,norris,Lando Norris,mclaren,McLaren,4,9,1:15.274,1:15.051,1:14.814
2020,13,sainz,Carlos Sainz,mclaren,McLaren,55,10,1:15.528,1:15.027,1:14.911
2020,13,perez,Sergio Pérez,racing_point,Racing Point,11,11,1:15.407,1:15.061,NaN
2020,13,ocon,Esteban Ocon,renault,Renault,31,12,1:15.352,1:15.201,NaN
2020,13,russell,George Russell,williams,Williams,63,13,1:15.760,1:15.323,NaN
2020,13,vettel,Sebastian Vettel,ferrari,Ferrari,5,14,1:15.571,1:15.385,NaN
2020,13,stroll,Lance Stroll,racing_point,Racing Point,18,15,1:15.822,1:15.494,NaN
2020,13,grosjean,Romain Grosjean,haas,Haas F1 Team,8,16,1:15.918,NaN,NaN
2020,13,kevin_magnussen,Kevin Magnussen,haas,Haas F1 Team,20,17,1:15.939,NaN,NaN
2020,13,raikkonen,Kimi Räikkönen,alfa,Alfa Romeo,7,18,1:15.953,NaN,NaN
2020,13,latifi,Nicholas Latifi,williams,Williams,6,19,1:15.987,NaN,NaN
2020,13,giovinazzi,Antonio Giovinazzi,alfa,Alfa Romeo,99,20,1:16.208,NaN,NaN
2020,14,stroll,Lance Stroll,racing_point,Racing Point,18,1,2:07.467,1:53.372,1:47.765
2020,14,max_verstappen,Max Verstappen,red_bull,Red Bull,33,2,1:57.485,1:50.293,1:48.055
2020,14,perez,Sergio Pérez,racing_point,Racing Point,11,3,2:07.614,1:54.097,1:49.321
2020,14,albon,Alexander Albon,red_bull,Red Bull,23,4,1:59.431,1:52.282,1:50.448
2020,14,ricciardo,Daniel Ricciardo,renault,Renault,3,5,2:05.598,1:54.278,1:51.595
2020,14,hamilton,Lewis Hamilton,mercedes,Mercedes,44,6,2:07.599,1:52.709,1:52.560
2020,14,ocon,Esteban Ocon,renault,Renault,31,7,2:06.115,1:53.657,1:52.622
2020,14,raikkonen,Kimi Räikkönen,alfa,Alfa Romeo,7,8,2:01.249,1:53.793,1:52.745
2020,14,bottas,Valtteri Bottas,mercedes,Mercedes,77,9,2:07.001,1:53.767,1:53.258
2020,14,giovinazzi,Antonio Giovinazzi,alfa,Alfa Romeo,99,10,2:07.341,1:53.431,1:57.226
2020,14,norris,Lando Norris,mclaren,McLaren,4,11,2:07.167,1:54.945,NaN
2020,14,vettel,Sebastian Vettel,ferrari,Ferrari,5,12,2:03.356,1:55.169,NaN
2020,14,sainz,Carlos Sainz,mclaren,McLaren,55,13,2:07.489,1:55.410,NaN
2020,14,leclerc,Charles Leclerc,ferrari,Ferrari,16,14,2:04.464,1:56.696,NaN
2020,14,gasly,Pierre Gasly,alphatauri,AlphaTauri,10,15,2:05.579,1:58.556,NaN
2020,14,kevin_magnussen,Kevin Magnussen,haas,Haas F1 Team,20,16,2:08.007,NaN,NaN
2020,14,kvyat,Daniil Kvyat,alphatauri,AlphaTauri,26,17,2:09.070,NaN,NaN
2020,14,russell,George Russell,williams,Williams,63,18,2:10.017,NaN,NaN
2020,14,grosjean,Romain Grosjean,haas,Haas F1 Team,8,19,2:12.909,NaN,NaN
2020,14,latifi,Nicholas Latifi,williams,Williams,6,20,2:21.611,NaN,NaN
2020,15,hamilton,Lewis Hamilton,mercedes,Mercedes,44,1,1:28.343,1:27.586,1:27.264
2020,15,bottas,Valtteri Bottas,mercedes,Mercedes,77,2,1:28.767,1:28.063,1:27.553
2020,15,max_verstappen,Max Verstappen,red_bull,Red Bull,33,3,1:28.885,1:28.025,1:27.678
2020,15,albon,Alexander Albon,red_bull,Red Bull,23,4,1:28.732,1:28.749,1:28.274
2020,15,perez,Sergio Pérez,racing_point,Racing Point,11,5,1:29.178,1:28.894,1:28.322
2020,15,ricciardo,Daniel Ricciardo,renault,Renault,3,6,1:29.005,1:28.648,1:28.417
2020,15,ocon,Esteban Ocon,renault,Renault,31,7,1:29.203,1:28.937,1:28.419
2020,15,gasly,Pierre Gasly,alphatauri,AlphaTauri,10,8,1:28.971,1:29.008,1:28.448
2020,15,norris,Lando Norris,mclaren,McLaren,4,9,1:29.464,1:28.877,1:28.542
2020,15,kvyat,Daniil Kvyat,alphatauri,AlphaTauri,26,10,1:29.158,1:28.944,1:28.618
2020,15,vettel,Sebastian Vettel,ferrari,Ferrari,5,11,1:29.142,1:29.149,NaN
2020,15,leclerc,Charles Leclerc,ferrari,Ferrari,16,12,1:29.137,1:29.165,NaN
2020,15,stroll,Lance Stroll,racing_point,Racing Point,18,13,1:28.679,1:29.557,NaN
2020,15,russell,George Russell,williams,Williams,63,14,1:29.294,1:31.218,NaN
2020,15,sainz,Carlos Sainz,mclaren,McLaren,55,15,1:28.975,NaN,NaN
2020,15,giovinazzi,Antonio Giovinazzi,alfa,Alfa Romeo,99,16,1:29.491,NaN,NaN
2020,15,raikkonen,Kimi Räikkönen,alfa,Alfa Romeo,7,17,1:29.810,NaN,NaN
2020,15,kevin_magnussen,Kevin Magnussen,haas,Haas F1 Team,20,18,1:30.111,NaN,NaN
2020,15,grosjean,Romain Grosjean,haas,Haas F1 Team,8,19,1:30.138,NaN,NaN
2020,15,latifi,Nicholas Latifi,williams,Williams,6,20,1:30.182,NaN,NaN
2020,16,bottas,Valtteri Bottas,mercedes,Mercedes,77,1,0:53.904,0:53.803,0:53.377
2020,16,russell,George Russell,mercedes,Mercedes,63,2,0:54.160,0:53.819,0:53.403
2020,16,max_verstappen,Max Verstappen,red_bull,Red Bull,33,3,0:54.037,0:53.647,0:53.433
2020,16,leclerc,Charles Leclerc,ferrari,Ferrari,16,4,0:54.249,0:53.825,0:53.613
2020,16,perez,Sergio Pérez,racing_point,Racing Point,11,5,0:54.236,0:53.787,0:53.790
2020,16,kvyat,Daniil Kvyat,alphatauri,AlphaTauri,26,6,0:54.346,0:53.856,0:53.906
2020,16,ricciardo,Daniel Ricciardo,renault,Renault,3,7,0:54.388,0:53.871,0:53.957
2020,16,sainz,Carlos Sainz,mclaren,McLaren,55,8,0:54.450,0:53.818,0:54.010
2020,16,gasly,Pierre Gasly,alphatauri,AlphaTauri,10,9,0:54.207,0:53.941,0:54.154
2020,16,stroll,Lance Stroll,racing_point,Racing Point,18,10,0:54.595,0:53.840,0:54.200
2020,16,ocon,Esteban Ocon,renault,Renault,31,11,0:54.309,0:53.995,NaN
2020,16,albon,Alexander Albon,red_bull,Red Bull,23,12,0:54.620,0:54.026,NaN
2020,16,vettel,Sebastian Vettel,ferrari,Ferrari,5,13,0:54.301,0:54.175,NaN
2020,16,giovinazzi,Antonio Giovinazzi,alfa,Alfa Romeo,99,14,0:54.523,0:54.377,NaN
2020,16,norris,Lando Norris,mclaren,McLaren,4,15,0:54.194,0:54.693,NaN
2020,16,kevin_magnussen,Kevin Magnussen,haas,Haas F1 Team,20,16,0:54.705,NaN,NaN
2020,16,latifi,Nicholas Latifi,williams,Williams,6,17,0:54.796,NaN,NaN
2020,16,aitken,Jack Aitken,williams,Williams,89,18,0:54.892,NaN,NaN
2020,16,raikkonen,Kimi Räikkönen,alfa,Alfa Romeo,7,19,0:54.963,NaN,NaN
2020,16,pietro_fittipaldi,Pietro Fittipaldi,haas,Haas F1 Team,51,20,0:55.426,NaN,NaN
2020,17,max_verstappen,Max Verstappen,red_bull,Red Bull,33,1,1:35.993,1:35.641,1:35.246
2020,17,bottas,Valtteri Bottas,mercedes,Mercedes,77,2,1:35.699,1:35.527,1:35.271
2020,17,hamilton,Lewis Hamilton,mercedes,Mercedes,44,3,1:35.528,1:35.466,1:35.332
2020,17,norris,Lando Norris,mclaren,McLaren,4,4,1:36.016,1:35.849,1:35.497
2020,17,albon,Alexander Albon,red_bull,Red Bull,23,5,1:36.106,1:35.654,1:35.571
2020,17,sainz,Carlos Sainz,mclaren,McLaren,55,6,1:36.517,1:36.192,1:35.815
2020,17,kvyat,Daniil Kvyat,alphatauri,AlphaTauri,26,7,1:36.459,1:36.214,1:35.963
2020,17,stroll,Lance Stroll,racing_point,Racing Point,18,8,1:36.502,1:36.143,1:36.046
2020,17,leclerc,Charles Leclerc,ferrari,Ferrari,16,9,1:35.881,1:35.932,1:36.065
2020,17,gasly,Pierre Gasly,alphatauri,AlphaTauri,10,10,1:36.545,1:36.282,1:36.242
2020,17,ocon,Esteban Ocon,renault,Renault,31,11,1:36.783,1:36.359,NaN
2020,17,ricciardo,Daniel Ricciardo,renault,Renault,3,12,1:36.704,1:36.406,NaN
2020,17,vettel,Sebastian Vettel,ferrari,Ferrari,5,13,1:36.655,1:36.631,NaN
2020,17,giovinazzi,Antonio Giovinazzi,alfa,Alfa Romeo,99,14,1:37.075,1:38.248,NaN
2020,17,perez,Sergio Pérez,racing_point,Racing Point,11,15,1:36.034,NaN,NaN
2020,17,raikkonen,Kimi Räikkönen,alfa,Alfa Romeo,7,16,1:37.555,NaN,NaN
2020,17,kevin_magnussen,Kevin Magnussen,haas,Haas F1 Team,20,17,1:37.863,NaN,NaN
2020,17,russell,George Russell,williams,Williams,63,18,1:38.045,NaN,NaN
2020,17,pietro_fittipaldi,Pietro Fittipaldi,haas,Haas F1 Team,51,19,1:38.173,NaN,NaN
2020,17,latifi,Nicholas Latifi,williams,Williams,6,20,1:38.443,NaN,NaN
2021,1,max_verstappen,Max Verstappen,red_bull,Red Bull,33,1,1:30.499,1:30.318,1:28.997
2021,1,hamilton,Lewis Hamilton,mercedes,Mercedes,44,2,1:30.617,1:30.085,1:29.385
2021,1,bottas,Valtteri Bottas,mercedes,Mercedes,77,3,1:31.200,1:30.186,1:29.586
2021,1,leclerc,Charles Leclerc,ferrari,Ferrari,16,4,1:30.691,1:30.010,1:29.678
2021,1,gasly,Pierre Gasly,alphatauri,AlphaTauri,10,5,1:30.848,1:30.513,1:29.809
2021,1,ricciardo,Daniel Ricciardo,mclaren,McLaren,3,6,1:30.795,1:30.222,1:29.927
2021,1,norris,Lando Norris,mclaren,McLaren,4,7,1:30.902,1:30.099,1:29.974
2021,1,sainz,Carlos Sainz,ferrari,Ferrari,55,8,1:31.653,1:30.009,1:30.215
2021,1,alonso,Fernando Alonso,alpine,Alpine F1 Team,14,9,1:30.863,1:30.595,1:30.249
2021,1,stroll,Lance Stroll,aston_martin,Aston Martin,18,10,1:31.261,1:30.624,1:30.601
2021,1,perez,Sergio Pérez,red_bull,Red Bull,11,11,1:31.165,1:30.659,NaN
2021,1,giovinazzi,Antonio Giovinazzi,alfa,Alfa Romeo,99,12,1:30.998,1:30.708,NaN
2021,1,tsunoda,Yuki Tsunoda,alphatauri,AlphaTauri,22,13,1:30.607,1:31.203,NaN
2021,1,raikkonen,Kimi Räikkönen,alfa,Alfa Romeo,7,14,1:31.547,1:31.238,NaN
2021,1,russell,George Russell,williams,Williams,63,15,1:31.316,1:33.430,NaN
2021,1,ocon,Esteban Ocon,alpine,Alpine F1 Team,31,16,1:31.724,NaN,NaN
2021,1,latifi,Nicholas Latifi,williams,Williams,6,17,1:31.936,NaN,NaN
2021,1,vettel,Sebastian Vettel,aston_martin,Aston Martin,5,18,1:32.056,NaN,NaN
2021,1,mick_schumacher,Mick Schumacher,haas,Haas F1 Team,47,19,1:32.449,NaN,NaN
2021,1,mazepin,Nikita Mazepin,haas,Haas F1 Team,9,20,1:33.273,NaN,NaN
2021,2,hamilton,Lewis Hamilton,mercedes,Mercedes,44,1,1:14.823,1:14.817,1:14.411
2021,2,perez,Sergio Pérez,red_bull,Red Bull,11,2,1:15.395,1:14.716,1:14.446
2021,2,max_verstappen,Max Verstappen,red_bull,Red Bull,33,3,1:15.109,1:14.884,1:14.498
2021,2,leclerc,Charles Leclerc,ferrari,Ferrari,16,4,1:15.413,1:14.808,1:14.740
2021,2,gasly,Pierre Gasly,alphatauri,AlphaTauri,10,5,1:15.548,1:14.927,1:14.790
2021,2,ricciardo,Daniel Ricciardo,mclaren,McLaren,3,6,1:15.669,1:15.033,1:14.826
2021,2,norris,Lando Norris,mclaren,McLaren,4,7,1:15.009,1:14.718,1:14.875
2021,2,bottas,Valtteri Bottas,mercedes,Mercedes,77,8,1:14.672,1:14.905,1:14.898
2021,2,ocon,Esteban Ocon,alpine,Alpine F1 Team,31,9,1:15.385,1:15.117,1:15.210
2021,2,stroll,Lance Stroll,aston_martin,Aston Martin,18,10,1:15.522,1:15.138,NaN
2021,2,sainz,Carlos Sainz,ferrari,Ferrari,55,11,1:15.406,1:15.199,NaN
2021,2,russell,George Russell,williams,Williams,63,12,1:15.826,1:15.261,NaN
2021,2,vettel,Sebastian Vettel,aston_martin,Aston Martin,5,13,1:15.459,1:15.394,NaN
2021,2,latifi,Nicholas Latifi,williams,Williams,6,14,1:15.653,1:15.593,NaN
2021,2,alonso,Fernando Alonso,alpine,Alpine F1 Team,14,15,1:15.832,1:15.593,NaN
2021,2,raikkonen,Kimi Räikkönen,alfa,Alfa Romeo,7,16,1:15.974,NaN,NaN
2021,2,giovinazzi,Antonio Giovinazzi,alfa,Alfa Romeo,99,17,1:16.122,NaN,NaN
2021,2,mick_schumacher,Mick Schumacher,haas,Haas F1 Team,47,18,1:16.279,NaN,NaN
2021,2,mazepin,Nikita Mazepin,haas,Haas F1 Team,9,19,1:16.797,NaN,NaN
2021,2,tsunoda,Yuki Tsunoda,alphatauri,AlphaTauri,22,20,,NaN,NaN
2021,3,bottas,Valtteri Bottas,mercedes,Mercedes,77,1,1:18.722,1:18.458,1:18.348
2021,3,hamilton,Lewis Hamilton,mercedes,Mercedes,44,2,1:18.857,1:17.968,1:18.355
2021,3,max_verstappen,Max Verstappen,red_bull,Red Bull,33,3,1:19.485,1:18.650,1:18.746
2021,3,perez,Sergio Pérez,red_bull,Red Bull,11,4,1:19.337,1:18.845,1:18.890
2021,3,sainz,Carlos Sainz,ferrari,Ferrari,55,5,1:19.309,1:18.813,1:19.039
2021,3,ocon,Esteban Ocon,alpine,Alpine F1 Team,31,6,1:19.092,1:18.586,1:19.042
2021,3,norris,Lando Norris,mclaren,McLaren,4,7,1:18.794,1:18.481,1:19.116
2021,3,leclerc,Charles Leclerc,ferrari,Ferrari,16,8,1:19.373,1:18.769,1:19.306
2021,3,gasly,Pierre Gasly,alphatauri,AlphaTauri,10,9,1:19.464,1:19.052,1:19.475
2021,3,vettel,Sebastian Vettel,aston_martin,Aston Martin,5,10,1:19.403,1:18.970,1:19.659
2021,3,russell,George Russell,williams,Williams,63,11,1:19.797,1:19.109,NaN
2021,3,giovinazzi,Antonio Giovinazzi,alfa,Alfa Romeo,99,12,1:19.410,1:19.216,NaN
2021,3,alonso,Fernando Alonso,alpine,Alpine F1 Team,14,13,1:19.728,1:19.456,NaN
2021,3,tsunoda,Yuki Tsunoda,alphatauri,AlphaTauri,22,14,1:19.684,1:19.463,NaN
2021,3,raikkonen,Kimi Räikkönen,alfa,Alfa Romeo,7,15,1:19.748,1:19.812,NaN
2021,3,ricciardo,Daniel Ricciardo,mclaren,McLaren,3,16,1:19.839,NaN,NaN
2021,3,stroll,Lance Stroll,aston_martin,Aston Martin,18,17,1:19.913,NaN,NaN
2021,3,latifi,Nicholas Latifi,williams,Williams,6,18,1:20.285,NaN,NaN
2021,3,mick_schumacher,Mick Schumacher,haas,Haas F1 Team,47,19,1:20.452,NaN,NaN
2021,3,mazepin,Nikita Mazepin,haas,Haas F1 Team,9,20,1:20.912,NaN,NaN
2021,4,hamilton,Lewis Hamilton,mercedes,Mercedes,44,1,1:18.245,1:17.166,1:16.741
2021,4,max_verstappen,Max Verstappen,red_bull,Red Bull,33,2,1:18.090,1:16.922,1:16.777
2021,4,bottas,Valtteri Bottas,mercedes,Mercedes,77,3,1:18.005,1:17.142,1:16.873
2021,4,leclerc,Charles Leclerc,ferrari,Ferrari,16,4,1:18.041,1:17.717,1:17.510
2021,4,ocon,Esteban Ocon,alpine,Alpine F1 Team,31,5,1:18.281,1:17.743,1:17.580
2021,4,sainz,Carlos Sainz,ferrari,Ferrari,55,6,1:18.205,1:17.656,1:17.620
2021,4,ricciardo,Daniel Ricciardo,mclaren,McLaren,3,7,1:18.264,1:17.719,1:17.622
2021,4,perez,Sergio Pérez,red_bull,Red Bull,11,8,1:18.203,1:17.669,1:17.701
2021,4,norris,Lando Norris,mclaren,McLaren,4,9,1:17.821,1:17.696,1:18.010
2021,4,alonso,Fernando Alonso,alpine,Alpine F1 Team,14,10,1:18.281,1:17.966,1:18.147
2021,4,stroll,Lance Stroll,aston_martin,Aston Martin,18,11,1:18.241,1:17.974,NaN
2021,4,gasly,Pierre Gasly,alphatauri,AlphaTauri,10,12,1:18.190,1:17.982,NaN
2021,4,vettel,Sebastian Vettel,aston_martin,Aston Martin,5,13,1:18.289,1:18.079,NaN
2021,4,giovinazzi,Antonio Giovinazzi,alfa,Alfa Romeo,99,14,1:18.549,1:18.356,NaN
2021,4,russell,George Russell,williams,Williams,63,15,1:18.445,1:19.154,NaN
2021,4,tsunoda,Yuki Tsunoda,alphatauri,AlphaTauri,22,16,1:18.556,NaN,NaN
2021,4,raikkonen,Kimi Räikkönen,alfa,Alfa Romeo,7,17,1:18.917,NaN,NaN
2021,4,mick_schumacher,Mick Schumacher,haas,Haas F1 Team,47,18,1:19.117,NaN,NaN
2021,4,latifi,Nicholas Latifi,williams,Williams,6,19,1:19.219,NaN,NaN
2021,4,mazepin,Nikita Mazepin,haas,Haas F1 Team,9,20,1:19.807,NaN,NaN
2021,5,leclerc,Charles Leclerc,ferrari,Ferrari,16,1,1:11.113,1:10.597,1:10.346
2021,5,max_verstappen,Max Verstappen,red_bull,Red Bull,33,2,1:11.124,1:10.650,1:10.576
2021,5,bottas,Valtteri Bottas,mercedes,Mercedes,77,3,1:10.938,1:10.695,1:10.601
2021,5,sainz,Carlos Sainz,ferrari,Ferrari,55,4,1:11.324,1:10.806,1:10.611
2021,5,norris,Lando Norris,mclaren,McLaren,4,5,1:11.321,1:11.031,1:10.620
2021,5,gasly,Pierre Gasly,alphatauri,AlphaTauri,10,6,1:11.560,1:11.179,1:10.900
2021,5,hamilton,Lewis Hamilton,mercedes,Mercedes,44,7,1:11.622,1:11.116,1:11.095
2021,5,vettel,Sebastian Vettel,aston_martin,Aston Martin,5,8,1:12.078,1:11.309,1:11.419
2021,5,perez,Sergio Pérez,red_bull,Red Bull,11,9,1:11.644,1:11.019,1:11.573
2021,5,giovinazzi,Antonio Giovinazzi,alfa,Alfa Romeo,99,10,1:11.658,1:11.409,1:11.779
2021,5,ocon,Esteban Ocon,alpine,Alpine F1 Team,31,11,1:11.740,1:11.486,NaN
2021,5,ricciardo,Daniel Ricciardo,mclaren,McLaren,3,12,1:11.747,1:11.598,NaN
2021,5,stroll,Lance Stroll,aston_martin,Aston Martin,18,13,1:11.979,1:11.600,NaN
2021,5,raikkonen,Kimi Räikkönen,alfa,Alfa Romeo,7,14,1:11.899,1:11.642,NaN
2021,5,russell,George Russell,williams,Williams,63,15,1:12.016,1:11.830,NaN
2021,5,tsunoda,Yuki Tsunoda,alphatauri,AlphaTauri,22,16,1:12.096,NaN,NaN
2021,5,alonso,Fernando Alonso,alpine,Alpine F1 Team,14,17,1:12.205,NaN,NaN
2021,5,latifi,Nicholas Latifi,williams,Williams,6,18,1:12.366,NaN,NaN
2021,5,mazepin,Nikita Mazepin,haas,Haas F1 Team,9,19,1:12.958,NaN,NaN
2021,6,leclerc,Charles Leclerc,ferrari,Ferrari,16,1,1:42.241,1:41.659,1:41.218
2021,6,hamilton,Lewis Hamilton,mercedes,Mercedes,44,2,1:41.545,1:41.634,1:41.450
2021,6,max_verstappen,Max Verstappen,red_bull,Red Bull,33,3,1:41.760,1:41.625,1:41.563
2021,6,gasly,Pierre Gasly,alphatauri,AlphaTauri,10,4,1:42.288,1:41.932,1:41.565
2021,6,sainz,Carlos Sainz,ferrari,Ferrari,55,5,1:42.121,1:41.740,1:41.576
2021,6,norris,Lando Norris,mclaren,McLaren,4,6,1:42.167,1:41.813,1:41.747
2021,6,perez,Sergio Pérez,red_bull,Red Bull,11,7,1:41.968,1:41.630,1:41.917
2021,6,tsunoda,Yuki Tsunoda,alphatauri,AlphaTauri,22,8,1:42.521,1:41.654,1:42.211
2021,6,alonso,Fernando Alonso,alpine,Alpine F1 Team,14,9,1:42.934,1:42.195,1:42.327
2021,6,bottas,Valtteri Bottas,mercedes,Mercedes,77,10,1:42.701,1:42.106,1:42.659
2021,6,vettel,Sebastian Vettel,aston_martin,Aston Martin,5,11,1:42.460,1:42.224,NaN
2021,6,ocon,Esteban Ocon,alpine,Alpine F1 Team,31,12,1:42.426,1:42.273,NaN
2021,6,ricciardo,Daniel Ricciardo,mclaren,McLaren,3,13,1:42.304,1:42.558,NaN
2021,6,raikkonen,Kimi Räikkönen,alfa,Alfa Romeo,7,14,1:42.923,1:42.587,NaN
2021,6,russell,George Russell,williams,Williams,63,15,1:42.728,1:42.758,NaN
2021,6,latifi,Nicholas Latifi,williams,Williams,6,16,1:43.128,NaN,NaN
2021,6,mick_schumacher,Mick Schumacher,haas,Haas F1 Team,47,17,1:44.158,NaN,NaN
2021,6,mazepin,Nikita Mazepin,haas,Haas F1 Team,9,18,1:44.238,NaN,NaN
2021,6,stroll,Lance Stroll,aston_martin,Aston Martin,18,19,,NaN,NaN
2021,6,giovinazzi,Antonio Giovinazzi,alfa,Alfa Romeo,99,20,,NaN,NaN
2021,7,max_verstappen,Max Verstappen,red_bull,Red Bull,33,1,1:31.001,1:31.080,1:29.990
2021,7,hamilton,Lewis Hamilton,mercedes,Mercedes,44,2,1:31.237,1:30.788,1:30.248
2021,7,bottas,Valtteri Bottas,mercedes,Mercedes,77,3,1:31.669,1:30.735,1:30.376
2021,7,perez,Sergio Pérez,red_bull,Red Bull,11,4,1:31.560,1:30.971,1:30.445
2021,7,sainz,Carlos Sainz,ferrari,Ferrari,55,5,1:32.079,1:31.146,1:30.840
2021,7,gasly,Pierre Gasly,alphatauri,AlphaTauri,10,6,1:31.898,1:31.353,1:30.868
2021,7,leclerc,Charles Leclerc,ferrari,Ferrari,16,7,1:32.209,1:31.567,1:30.987
2021,7,norris,Lando Norris,mclaren,McLaren,4,8,1:31.733,1:31.542,1:31.252
2021,7,alonso,Fernando Alonso,alpine,Alpine F1 Team,14,9,1:32.158,1:31.549,1:31.340
2021,7,ricciardo,Daniel Ricciardo,mclaren,McLaren,3,10,1:32.181,1:31.615,1:31.382
2021,7,ocon,Esteban Ocon,alpine,Alpine F1 Team,31,11,1:32.139,1:31.736,NaN
2021,7,vettel,Sebastian Vettel,aston_martin,Aston Martin,5,12,1:32.132,1:31.767,NaN
2021,7,giovinazzi,Antonio Giovinazzi,alfa,Alfa Romeo,99,13,1:32.722,1:31.813,NaN
2021,7,russell,George Russell,williams,Williams,63,14,1:33.060,1:32.065,NaN
2021,7,mick_schumacher,Mick Schumacher,haas,Haas F1 Team,47,15,1:32.942,NaN,NaN
2021,7,latifi,Nicholas Latifi,williams,Williams,6,16,1:33.062,NaN,NaN
2021,7,raikkonen,Kimi Räikkönen,alfa,Alfa Romeo,7,17,1:33.354,NaN,NaN
2021,7,mazepin,Nikita Mazepin,haas,Haas F1 Team,9,18,1:33.554,NaN,NaN
2021,7,stroll,Lance Stroll,aston_martin,Aston Martin,18,19,,NaN,NaN
2021,7,tsunoda,Yuki Tsunoda,alphatauri,AlphaTauri,22,20,,NaN,NaN
2021,8,max_verstappen,Max Verstappen,red_bull,Red Bull,33,1,1:04.489,1:04.433,1:03.841
2021,8,bottas,Valtteri Bottas,mercedes,Mercedes,77,2,1:04.537,1:04.443,1:04.035
2021,8,hamilton,Lewis Hamilton,mercedes,Mercedes,44,3,1:04.672,1:04.512,1:04.067
2021,8,norris,Lando Norris,mclaren,McLaren,4,4,1:04.584,1:04.298,1:04.120
2021,8,perez,Sergio Pérez,red_bull,Red Bull,11,5,1:04.638,1:04.197,1:04.168
2021,8,gasly,Pierre Gasly,alphatauri,AlphaTauri,10,6,1:04.765,1:04.429,1:04.236
2021,8,leclerc,Charles Leclerc,ferrari,Ferrari,16,7,1:04.745,1:04.646,1:04.472
2021,8,tsunoda,Yuki Tsunoda,alphatauri,AlphaTauri,22,8,1:04.608,1:04.631,1:04.514
2021,8,alonso,Fernando Alonso,alpine,Alpine F1 Team,14,9,1:04.971,1:04.582,1:04.574
2021,8,stroll,Lance Stroll,aston_martin,Aston Martin,18,10,1:04.821,1:04.663,1:04.708
2021,8,russell,George Russell,williams,Williams,63,11,1:05.033,1:04.671,NaN
2021,8,sainz,Carlos Sainz,ferrari,Ferrari,55,12,1:04.859,1:04.800,NaN
2021,8,ricciardo,Daniel Ricciardo,mclaren,McLaren,3,13,1:05.142,1:04.808,NaN
2021,8,vettel,Sebastian Vettel,aston_martin,Aston Martin,5,14,1:05.051,1:04.875,NaN
2021,8,giovinazzi,Antonio Giovinazzi,alfa,Alfa Romeo,99,15,1:05.092,1:04.913,NaN
2021,8,latifi,Nicholas Latifi,williams,Williams,6,16,1:05.175,NaN,NaN
2021,8,ocon,Esteban Ocon,alpine,Alpine F1 Team,31,17,1:05.217,NaN,NaN
2021,8,raikkonen,Kimi Räikkönen,alfa,Alfa Romeo,7,18,1:05.429,NaN,NaN
2021,8,mick_schumacher,Mick Schumacher,haas,Haas F1 Team,47,19,1:06.041,NaN,NaN
2021,8,mazepin,Nikita Mazepin,haas,Haas F1 Team,9,20,1:06.192,NaN,NaN
2021,9,max_verstappen,Max Verstappen,red_bull,Red Bull,33,1,1:04.249,1:03.927,1:03.720
2021,9,norris,Lando Norris,mclaren,McLaren,4,2,1:04.345,1:04.415,1:03.768
2021,9,perez,Sergio Pérez,red_bull,Red Bull,11,3,1:04.833,1:04.483,1:03.990
2021,9,hamilton,Lewis Hamilton,mercedes,Mercedes,44,4,1:04.506,1:04.258,1:04.014
2021,9,bottas,Valtteri Bottas,mercedes,Mercedes,77,5,1:04.563,1:04.376,1:04.049
2021,9,gasly,Pierre Gasly,alphatauri,AlphaTauri,10,6,1:04.841,1:04.412,1:04.107
2021,9,tsunoda,Yuki Tsunoda,alphatauri,AlphaTauri,22,7,1:04.967,1:04.518,1:04.273
2021,9,vettel,Sebastian Vettel,aston_martin,Aston Martin,5,8,1:04.846,1:04.493,1:04.570
2021,9,russell,George Russell,williams,Williams,63,9,1:04.907,1:04.553,1:04.591
2021,9,stroll,Lance Stroll,aston_martin,Aston Martin,18,10,1:04.927,1:04.547,1:04.618
2021,9,sainz,Carlos Sainz,ferrari,Ferrari,55,11,1:04.596,1:04.559,NaN
2021,9,leclerc,Charles Leclerc,ferrari,Ferrari,16,12,1:04.906,1:04.600,NaN
2021,9,ricciardo,Daniel Ricciardo,mclaren,McLaren,3,13,1:04.977,1:04.719,NaN
2021,9,alonso,Fernando Alonso,alpine,Alpine F1 Team,14,14,1:04.472,1:04.856,NaN
2021,9,giovinazzi,Antonio Giovinazzi,alfa,Alfa Romeo,99,15,1:04.782,1:05.083,NaN
2021,9,raikkonen,Kimi Räikkönen,alfa,Alfa Romeo,7,16,1:05.009,NaN,NaN
2021,9,ocon,Esteban Ocon,alpine,Alpine F1 Team,31,17,1:05.051,NaN,NaN
2021,9,latifi,Nicholas Latifi,williams,Williams,6,18,1:05.195,NaN,NaN
2021,9,mick_schumacher,Mick Schumacher,haas,Haas F1 Team,47,19,1:05.427,NaN,NaN
2021,9,mazepin,Nikita Mazepin,haas,Haas F1 Team,9,20,1:05.951,NaN,NaN
2021,10,hamilton,Lewis Hamilton,mercedes,Mercedes,44,1,1:26.786,1:26.023,1:26.134
2021,10,max_verstappen,Max Verstappen,red_bull,Red Bull,33,2,1:26.751,1:26.315,1:26.209
2021,10,bottas,Valtteri Bottas,mercedes,Mercedes,77,3,1:27.487,1:26.764,1:26.328
2021,10,leclerc,Charles Leclerc,ferrari,Ferrari,16,4,1:27.051,1:26.919,1:26.828
2021,10,perez,Sergio Pérez,red_bull,Red Bull,11,5,1:27.121,1:27.073,1:26.844
2021,10,norris,Lando Norris,mclaren,McLaren,4,6,1:27.444,1:27.220,1:26.897
2021,10,ricciardo,Daniel Ricciardo,mclaren,McLaren,3,7,1:27.323,1:27.125,1:26.899
2021,10,russell,George Russell,williams,Williams,63,8,1:27.671,1:27.080,1:26.971
2021,10,sainz,Carlos Sainz,ferrari,Ferrari,55,9,1:27.337,1:26.848,1:27.007
2021,10,vettel,Sebastian Vettel,aston_martin,Aston Martin,5,10,1:27.493,1:27.103,1:27.179
2021,10,alonso,Fernando Alonso,alpine,Alpine F1 Team,14,11,1:27.580,1:27.245,NaN
2021,10,gasly,Pierre Gasly,alphatauri,AlphaTauri,10,12,1:27.600,1:27.273,NaN
2021,10,ocon,Esteban Ocon,alpine,Alpine F1 Team,31,13,1:27.415,1:27.340,NaN
2021,10,giovinazzi,Antonio Giovinazzi,alfa,Alfa Romeo,99,14,1:27.595,1:27.617,NaN
2021,10,stroll,Lance Stroll,aston_martin,Aston Martin,18,15,1:28.017,1:27.665,NaN
2021,10,tsunoda,Yuki Tsunoda,alphatauri,AlphaTauri,22,16,1:28.043,NaN,NaN
2021,10,raikkonen,Kimi Räikkönen,alfa,Alfa Romeo,7,17,1:28.062,NaN,NaN
2021,10,latifi,Nicholas Latifi,williams,Williams,6,18,1:28.254,NaN,NaN
2021,10,mick_schumacher,Mick Schumacher,haas,Haas F1 Team,47,19,1:28.738,NaN,NaN
2021,10,mazepin,Nikita Mazepin,haas,Haas F1 Team,9,20,1:29.051,NaN,NaN
2021,11,hamilton,Lewis Hamilton,mercedes,Mercedes,44,1,1:16.424,1:16.553,1:15.419
2021,11,bottas,Valtteri Bottas,mercedes,Mercedes,77,2,1:16.569,1:16.702,1:15.734
2021,11,max_verstappen,Max Verstappen,red_bull,Red Bull,33,3,1:16.214,1:15.650,1:15.840
2021,11,perez,Sergio Pérez,red_bull,Red Bull,11,4,1:17.233,1:16.443,1:16.421
2021,11,gasly,Pierre Gasly,alphatauri,AlphaTauri,10,5,1:16.874,1:16.394,1:16.483
2021,11,norris,Lando Norris,mclaren,McLaren,4,6,1:17.081,1:16.385,1:16.489
2021,11,leclerc,Charles Leclerc,ferrari,Ferrari,16,7,1:17.084,1:16.574,1:16.496
2021,11,ocon,Esteban Ocon,alpine,Alpine F1 Team,31,8,1:17.367,1:16.766,1:16.653
2021,11,alonso,Fernando Alonso,alpine,Alpine F1 Team,14,9,1:17.123,1:16.541,1:16.715
2021,11,vettel,Sebastian Vettel,aston_martin,Aston Martin,5,10,1:17.105,1:16.794,1:16.750
2021,11,ricciardo,Daniel Ricciardo,mclaren,McLaren,3,11,1:17.664,1:16.871,NaN
2021,11,stroll,Lance Stroll,aston_martin,Aston Martin,18,12,1:17.038,1:16.893,NaN
2021,11,raikkonen,Kimi Räikkönen,alfa,Alfa Romeo,7,13,1:17.553,1:17.564,NaN
2021,11,giovinazzi,Antonio Giovinazzi,alfa,Alfa Romeo,99,14,1:17.776,1:17.583,NaN
2021,11,sainz,Carlos Sainz,ferrari,Ferrari,55,15,1:16.649,NaN,NaN
2021,11,tsunoda,Yuki Tsunoda,alphatauri,AlphaTauri,22,16,1:17.919,NaN,NaN
2021,11,russell,George Russell,williams,Williams,63,17,1:17.944,NaN,NaN
2021,11,latifi,Nicholas Latifi,williams,Williams,6,18,1:18.036,NaN,NaN
2021,11,mazepin,Nikita Mazepin,haas,Haas F1 Team,9,19,1:18.922,NaN,NaN
2021,11,mick_schumacher,Mick Schumacher,haas,Haas F1 Team,47,20,,NaN,NaN
2021,12,max_verstappen,Max Verstappen,red_bull,Red Bull,33,1,1:58.717,1:56.559,1:59.765
2021,12,russell,George Russell,williams,Williams,63,2,1:59.864,1:56.950,2:00.086
2021,12,hamilton,Lewis Hamilton,mercedes,Mercedes,44,3,1:59.218,1:56.229,2:00.099
2021,12,ricciardo,Daniel Ricciardo,mclaren,McLaren,3,4,2:01.583,1:57.127,2:00.864
2021,12,vettel,Sebastian Vettel,aston_martin,Aston Martin,5,5,2:00.175,1:56.814,2:00.935
2021,12,gasly,Pierre Gasly,alphatauri,AlphaTauri,10,6,2:00.387,1:56.440,2:01.164
2021,12,perez,Sergio Pérez,red_bull,Red Bull,11,7,1:59.334,1:56.886,2:02.112
2021,12,bottas,Valtteri Bottas,mercedes,Mercedes,77,8,1:59.870,1:56.295,2:02.502
2021,12,ocon,Esteban Ocon,alpine,Alpine F1 Team,31,9,2:01.824,1:57.354,2:03.513
2021,12,norris,Lando Norris,mclaren,McLaren,4,10,1:58.301,1:56.025,NaN
2021,12,leclerc,Charles Leclerc,ferrari,Ferrari,16,11,2:00.728,1:57.721,NaN
2021,12,latifi,Nicholas Latifi,williams,Williams,6,12,2:00.966,1:58.056,NaN
2021,12,sainz,Carlos Sainz,ferrari,Ferrari,55,13,2:01.184,1:58.137,NaN
2021,12,alonso,Fernando Alonso,alpine,Alpine F1 Team,14,14,2:01.653,1:58.205,NaN
2021,12,stroll,Lance Stroll,aston_martin,Aston Martin,18,15,2:01.597,1:58.231,NaN
2021,12,giovinazzi,Antonio Giovinazzi,alfa,Alfa Romeo,99,16,2:02.306,NaN,NaN
2021,12,tsunoda,Yuki Tsunoda,alphatauri,AlphaTauri,22,17,2:02.413,NaN,NaN
2021,12,mick_schumacher,Mick Schumacher,haas,Haas F1 Team,47,18,2:03.973,NaN,NaN
2021,12,raikkonen,Kimi Räikkönen,alfa,Alfa Romeo,7,19,2:04.452,NaN,NaN
2021,12,mazepin,Nikita Mazepin,haas,Haas F1 Team,9,20,2:04.939,NaN,NaN
2021,13,max_verstappen,Max Verstappen,red_bull,Red Bull,33,1,1:10.036,1:09.071,1:08.885
2021,13,hamilton,Lewis Hamilton,mercedes,Mercedes,44,2,1:10.114,1:09.726,1:08.923
2021,13,bottas,Valtteri Bottas,mercedes,Mercedes,77,3,1:10.219,1:09.769,1:09.222
2021,13,gasly,Pierre Gasly,alphatauri,AlphaTauri,10,4,1:10.274,1:09.541,1:09.478
2021,13,leclerc,Charles Leclerc,ferrari,Ferrari,16,5,1:09.829,1:09.437,1:09.527
2021,13,sainz,Carlos Sainz,ferrari,Ferrari,55,6,1:10.022,1:09.870,1:09.537
2021,13,giovinazzi,Antonio Giovinazzi,alfa,Alfa Romeo,99,7,1:10.050,1:10.033,1:09.590
2021,13,ocon,Esteban Ocon,alpine,Alpine F1 Team,31,8,1:10.179,1:09.919,1:09.933
2021,13,alonso,Fernando Alonso,alpine,Alpine F1 Team,14,9,1:10.435,1:10.020,1:09.956
2021,13,ricciardo,Daniel Ricciardo,mclaren,McLaren,3,10,1:10.255,1:09.865,1:10.166
2021,13,russell,George Russell,williams,Williams,63,11,1:10.382,1:10.332,NaN
2021,13,stroll,Lance Stroll,aston_martin,Aston Martin,18,12,1:10.438,1:10.367,NaN
2021,13,norris,Lando Norris,mclaren,McLaren,4,13,1:10.489,1:10.406,NaN
2021,13,latifi,Nicholas Latifi,williams,Williams,6,14,1:10.093,1:11.161,NaN
2021,13,tsunoda,Yuki Tsunoda,alphatauri,AlphaTauri,22,15,1:10.462,1:11.314,NaN
2021,13,perez,Sergio Pérez,red_bull,Red Bull,11,16,1:10.530,NaN,NaN
2021,13,vettel,Sebastian Vettel,aston_martin,Aston Martin,5,17,1:10.731,NaN,NaN
2021,13,kubica,Robert Kubica,alfa,Alfa Romeo,88,18,1:11.301,NaN,NaN
2021,13,mick_schumacher,Mick Schumacher,haas,Haas F1 Team,47,19,1:11.387,NaN,NaN
2021,13,mazepin,Nikita Mazepin,haas,Haas F1 Team,9,20,1:11.875,NaN,NaN
2021,14,bottas,Valtteri Bottas,mercedes,Mercedes,77,1,1:20.685,1:20.032,1:19.555
2021,14,hamilton,Lewis Hamilton,mercedes,Mercedes,44,2,1:20.543,1:19.936,1:19.651
2021,14,max_verstappen,Max Verstappen,red_bull,Red Bull,33,3,1:21.035,1:20.229,1:19.966
2021,14,norris,Lando Norris,mclaren,McLaren,4,4,1:20.916,1:20.059,1:19.989
2021,14,ricciardo,Daniel Ricciardo,mclaren,McLaren,3,5,1:21.292,1:20.435,1:19.995
2021,14,gasly,Pierre Gasly,alphatauri,AlphaTauri,10,6,1:21.440,1:20.556,1:20.260
2021,14,sainz,Carlos Sainz,ferrari,Ferrari,55,7,1:21.118,1:20.750,1:20.462
2021,14,leclerc,Charles Leclerc,ferrari,Ferrari,16,8,1:21.219,1:20.767,1:20.510
2021,14,perez,Sergio Pérez,red_bull,Red Bull,11,9,1:21.308,1:20.882,1:20.611
2021,14,giovinazzi,Antonio Giovinazzi,alfa,Alfa Romeo,99,10,1:21.197,1:20.726,1:20.808
2021,14,vettel,Sebastian Vettel,aston_martin,Aston Martin,5,11,1:21.394,1:20.913,NaN
2021,14,stroll,Lance Stroll,aston_martin,Aston Martin,18,12,1:21.415,1:21.020,NaN
2021,14,alonso,Fernando Alonso,alpine,Alpine F1 Team,14,13,1:21.487,1:21.069,NaN
2021,14,ocon,Esteban Ocon,alpine,Alpine F1 Team,31,14,1:21.500,1:21.103,NaN
2021,14,russell,George Russell,williams,Williams,63,15,1:21.890,1:21.392,NaN
2021,14,latifi,Nicholas Latifi,williams,Williams,6,16,1:21.925,NaN,NaN
2021,14,tsunoda,Yuki Tsunoda,alphatauri,AlphaTauri,22,17,1:21.973,NaN,NaN
2021,14,mick_schumacher,Mick Schumacher,haas,Haas F1 Team,47,18,1:22.248,NaN,NaN
2021,14,kubica,Robert Kubica,alfa,Alfa Romeo,88,19,1:22.530,NaN,NaN
2021,14,mazepin,Nikita Mazepin,haas,Haas F1 Team,9,20,1:22.716,NaN,NaN
2021,15,norris,Lando Norris,mclaren,McLaren,4,1,1:47.238,1:45.827,1:41.993
2021,15,sainz,Carlos Sainz,ferrari,Ferrari,55,2,1:47.924,1:46.521,1:42.510
2021,15,russell,George Russell,williams,Williams,63,3,1:48.303,1:46.435,1:42.983
2021,15,hamilton,Lewis Hamilton,mercedes,Mercedes,44,4,1:45.992,1:45.129,1:44.050
2021,15,ricciardo,Daniel Ricciardo,mclaren,McLaren,3,5,1:48.345,1:46.361,1:44.156
2021,15,alonso,Fernando Alonso,alpine,Alpine F1 Team,14,6,1:47.877,1:45.514,1:44.204
2021,15,bottas,Valtteri Bottas,mercedes,Mercedes,77,7,1:46.396,1:45.306,1:44.710
2021,15,stroll,Lance Stroll,aston_martin,Aston Martin,18,8,1:48.322,1:46.360,1:44.956
2021,15,perez,Sergio Pérez,red_bull,Red Bull,11,9,1:46.455,1:45.834,1:45.337
2021,15,ocon,Esteban Ocon,alpine,Alpine F1 Team,31,10,1:48.099,1:46.070,1:45.865
2021,15,vettel,Sebastian Vettel,aston_martin,Aston Martin,5,11,1:47.205,1:46.573,NaN
2021,15,gasly,Pierre Gasly,alphatauri,AlphaTauri,10,12,1:47.828,1:46.641,NaN
2021,15,tsunoda,Yuki Tsunoda,alphatauri,AlphaTauri,22,13,1:48.854,1:46.751,NaN
2021,15,latifi,Nicholas Latifi,williams,Williams,6,14,1:48.252,NaN,NaN
2021,15,leclerc,Charles Leclerc,ferrari,Ferrari,16,15,1:48.470,NaN,NaN
2021,15,raikkonen,Kimi Räikkönen,alfa,Alfa Romeo,7,16,1:49.586,NaN,NaN
2021,15,mick_schumacher,Mick Schumacher,haas,Haas F1 Team,47,17,1:49.830,NaN,NaN
2021,15,giovinazzi,Antonio Giovinazzi,alfa,Alfa Romeo,99,18,1:51.023,NaN,NaN
2021,15,mazepin,Nikita Mazepin,haas,Haas F1 Team,9,19,1:53.764,NaN,NaN
2021,15,max_verstappen,Max Verstappen,red_bull,Red Bull,33,20,,NaN,NaN
2021,16,hamilton,Lewis Hamilton,mercedes,Mercedes,44,1,1:24.585,1:23.082,1:22.868
2021,16,bottas,Valtteri Bottas,mercedes,Mercedes,77,2,1:25.047,1:23.579,1:22.998
2021,16,max_verstappen,Max Verstappen,red_bull,Red Bull,33,3,1:24.592,1:23.732,1:23.196
2021,16,leclerc,Charles Leclerc,ferrari,Ferrari,16,4,1:24.869,1:24.015,1:23.265
2021,16,gasly,Pierre Gasly,alphatauri,AlphaTauri,10,5,1:24.704,1:23.817,1:23.326
2021,16,alonso,Fernando Alonso,alpine,Alpine F1 Team,14,6,1:25.174,1:23.914,1:23.477
2021,16,perez,Sergio Pérez,red_bull,Red Bull,11,7,1:24.963,1:23.961,1:23.706
2021,16,norris,Lando Norris,mclaren,McLaren,4,8,1:25.138,1:24.642,1:23.954
2021,16,stroll,Lance Stroll,aston_martin,Aston Martin,18,9,1:25.511,1:24.601,1:24.305
2021,16,tsunoda,Yuki Tsunoda,alphatauri,AlphaTauri,22,10,1:25.409,1:24.054,1:24.368
2021,16,vettel,Sebastian Vettel,aston_martin,Aston Martin,5,11,1:25.787,1:24.795,NaN
2021,16,ocon,Esteban Ocon,alpine,Alpine F1 Team,31,12,1:25.422,1:24.842,NaN
2021,16,russell,George Russell,williams,Williams,63,13,1:25.417,1:25.007,NaN
2021,16,mick_schumacher,Mick Schumacher,haas,Haas F1 Team,47,14,1:25.555,1:25.200,NaN
2021,16,sainz,Carlos Sainz,ferrari,Ferrari,55,15,1:25.177,NaN,NaN
2021,16,ricciardo,Daniel Ricciardo,mclaren,McLaren,3,16,1:25.881,NaN,NaN
2021,16,latifi,Nicholas Latifi,williams,Williams,6,17,1:26.086,NaN,NaN
2021,16,giovinazzi,Antonio Giovinazzi,alfa,Alfa Romeo,99,18,1:26.430,NaN,NaN
2021,16,raikkonen,Kimi Räikkönen,alfa,Alfa Romeo,7,19,1:27.525,NaN,NaN
2021,16,mazepin,Nikita Mazepin,haas,Haas F1 Team,9,20,1:28.449,NaN,NaN
2021,17,max_verstappen,Max Verstappen,red_bull,Red Bull,33,1,1:34.352,1:33.464,1:32.910
2021,17,hamilton,Lewis Hamilton,mercedes,Mercedes,44,2,1:34.579,1:33.797,1:33.119
2021,17,perez,Sergio Pérez,red_bull,Red Bull,11,3,1:34.369,1:34.178,1:33.134
2021,17,bottas,Valtteri Bottas,mercedes,Mercedes,77,4,1:34.590,1:33.959,1:33.475
2021,17,leclerc,Charles Leclerc,ferrari,Ferrari,16,5,1:34.153,1:33.928,1:33.606
2021,17,sainz,Carlos Sainz,ferrari,Ferrari,55,6,1:34.558,1:34.126,1:33.792
2021,17,ricciardo,Daniel Ricciardo,mclaren,McLaren,3,7,1:34.407,1:34.643,1:33.808
2021,17,norris,Lando Norris,mclaren,McLaren,4,8,1:34.551,1:33.880,1:33.887
2021,17,gasly,Pierre Gasly,alphatauri,AlphaTauri,10,9,1:34.567,1:34.583,1:34.118
2021,17,tsunoda,Yuki Tsunoda,alphatauri,AlphaTauri,22,10,1:35.360,1:35.137,1:34.918
2021,17,ocon,Esteban Ocon,alpine,Alpine F1 Team,31,11,1:35.747,1:35.377,NaN
2021,17,vettel,Sebastian Vettel,aston_martin,Aston Martin,5,12,1:35.281,1:35.500,NaN
2021,17,giovinazzi,Antonio Giovinazzi,alfa,Alfa Romeo,99,13,1:35.920,1:35.794,NaN
2021,17,alonso,Fernando Alonso,alpine,Alpine F1 Team,14,14,1:35.756,1:44.549,NaN
2021,17,russell,George Russell,williams,Williams,63,15,1:35.746,NaN,NaN
2021,17,stroll,Lance Stroll,aston_martin,Aston Martin,18,16,1:35.983,NaN,NaN
2021,17,latifi,Nicholas Latifi,williams,Williams,6,17,1:35.995,NaN,NaN
2021,17,raikkonen,Kimi Räikkönen,alfa,Alfa Romeo,7,18,1:36.311,NaN,NaN
2021,17,mick_schumacher,Mick Schumacher,haas,Haas F1 Team,47,19,1:36.499,NaN,NaN
2021,17,mazepin,Nikita Mazepin,haas,Haas F1 Team,9,20,1:36.796,NaN,NaN
2021,18,bottas,Valtteri Bottas,mercedes,Mercedes,77,1,1:16.727,1:16.864,1:15.875
2021,18,hamilton,Lewis Hamilton,mercedes,Mercedes,44,2,1:17.207,1:16.474,1:16.020
2021,18,max_verstappen,Max Verstappen,red_bull,Red Bull,33,3,1:16.788,1:16.483,1:16.225
2021,18,perez,Sergio Pérez,red_bull,Red Bull,11,4,1:17.003,1:17.055,1:16.342
2021,18,gasly,Pierre Gasly,alphatauri,AlphaTauri,10,5,1:16.908,1:16.955,1:16.456
2021,18,sainz,Carlos Sainz,ferrari,Ferrari,55,6,1:17.517,1:17.248,1:16.761
2021,18,ricciardo,Daniel Ricciardo,mclaren,McLaren,3,7,1:17.719,1:17.092,1:16.763
2021,18,leclerc,Charles Leclerc,ferrari,Ferrari,16,8,1:16.748,1:17.034,1:16.837
2021,18,tsunoda,Yuki Tsunoda,alphatauri,AlphaTauri,22,9,1:17.330,1:16.701,1:17.158
2021,18,norris,Lando Norris,mclaren,McLaren,4,10,1:17.569,1:17.473,1:36.830
2021,18,vettel,Sebastian Vettel,aston_martin,Aston Martin,5,11,1:17.502,1:17.746,NaN
2021,18,raikkonen,Kimi Räikkönen,alfa,Alfa Romeo,7,12,1:17.606,1:17.958,NaN
2021,18,russell,George Russell,williams,Williams,63,13,1:17.958,1:18.172,NaN
2021,18,giovinazzi,Antonio Giovinazzi,alfa,Alfa Romeo,99,14,1:17.897,1:18.290,NaN
2021,18,ocon,Esteban Ocon,alpine,Alpine F1 Team,31,15,1:18.126,1:18.405,NaN
2021,18,alonso,Fernando Alonso,alpine,Alpine F1 Team,14,16,1:18.452,NaN,NaN
2021,18,latifi,Nicholas Latifi,williams,Williams,6,17,1:18.756,NaN,NaN
2021,18,mick_schumacher,Mick Schumacher,haas,Haas F1 Team,47,18,1:18.858,NaN,NaN
2021,18,mazepin,Nikita Mazepin,haas,Haas F1 Team,9,19,1:19.303,NaN,NaN
2021,18,stroll,Lance Stroll,aston_martin,Aston Martin,18,20,1:20.873,NaN,NaN
2021,19,hamilton,Lewis Hamilton,mercedes,Mercedes,44,1,1:08.733,1:08.068,1:07.934
2021,19,max_verstappen,Max Verstappen,red_bull,Red Bull,33,2,1:09.329,1:08.499,1:08.372
2021,19,bottas,Valtteri Bottas,mercedes,Mercedes,77,3,1:09.040,1:08.426,1:08.469
2021,19,perez,Sergio Pérez,red_bull,Red Bull,11,4,1:09.172,1:08.973,1:08.483
2021,19,gasly,Pierre Gasly,alphatauri,AlphaTauri,10,5,1:09.347,1:08.903,1:08.777
2021,19,sainz,Carlos Sainz,ferrari,Ferrari,55,6,1:09.046,1:09.031,1:08.826
2021,19,leclerc,Charles Leclerc,ferrari,Ferrari,16,7,1:09.155,1:08.859,1:08.960
2021,19,norris,Lando Norris,mclaren,McLaren,4,8,1:09.365,1:09.030,1:08.980
2021,19,ricciardo,Daniel Ricciardo,mclaren,McLaren,3,9,1:09.374,1:09.093,1:09.039
2021,19,alonso,Fernando Alonso,alpine,Alpine F1 Team,14,10,1:09.391,1:09.137,1:09.113
2021,19,ocon,Esteban Ocon,alpine,Alpine F1 Team,31,11,1:09.430,1:09.189,NaN
2021,19,vettel,Sebastian Vettel,aston_martin,Aston Martin,5,12,1:09.451,1:09.399,NaN
2021,19,tsunoda,Yuki Tsunoda,alphatauri,AlphaTauri,22,13,1:09.350,1:09.483,NaN
2021,19,raikkonen,Kimi Räikkönen,alfa,Alfa Romeo,7,14,1:09.598,1:09.503,NaN
2021,19,giovinazzi,Antonio Giovinazzi,alfa,Alfa Romeo,99,15,1:09.342,1:10.227,NaN
2021,19,stroll,Lance Stroll,aston_martin,Aston Martin,18,16,1:09.663,NaN,NaN
2021,19,latifi,Nicholas Latifi,williams,Williams,6,17,1:09.897,NaN,NaN
2021,19,russell,George Russell,williams,Williams,63,18,1:09.953,NaN,NaN
2021,19,mick_schumacher,Mick Schumacher,haas,Haas F1 Team,47,19,1:10.329,NaN,NaN
2021,19,mazepin,Nikita Mazepin,haas,Haas F1 Team,9,20,1:10.589,NaN,NaN
2021,20,hamilton,Lewis Hamilton,mercedes,Mercedes,44,1,1:21.901,1:21.682,1:20.827
2021,20,max_verstappen,Max Verstappen,red_bull,Red Bull,33,2,1:21.996,1:21.984,1:21.282
2021,20,bottas,Valtteri Bottas,mercedes,Mercedes,77,3,1:22.016,1:21.991,1:21.478
2021,20,gasly,Pierre Gasly,alphatauri,AlphaTauri,10,4,1:22.535,1:21.728,1:21.640
2021,20,alonso,Fernando Alonso,alpine,Alpine F1 Team,14,5,1:22.422,1:21.894,1:21.670
2021,20,norris,Lando Norris,mclaren,McLaren,4,6,1:22.839,1:22.216,1:21.731
2021,20,sainz,Carlos Sainz,ferrari,Ferrari,55,7,1:22.304,1:22.241,1:21.840
2021,20,tsunoda,Yuki Tsunoda,alphatauri,AlphaTauri,22,8,1:22.458,1:22.058,1:21.881
2021,20,ocon,Esteban Ocon,alpine,Alpine F1 Team,31,9,1:22.565,1:22.012,1:22.028
2021,20,vettel,Sebastian Vettel,aston_martin,Aston Martin,5,10,1:22.549,1:22.146,1:22.785
2021,20,perez,Sergio Pérez,red_bull,Red Bull,11,11,1:22.398,1:22.346,NaN
2021,20,stroll,Lance Stroll,aston_martin,Aston Martin,18,12,1:22.551,1:22.460,NaN
2021,20,leclerc,Charles Leclerc,ferrari,Ferrari,16,13,1:22.742,1:22.463,NaN
2021,20,ricciardo,Daniel Ricciardo,mclaren,McLaren,3,14,1:22.688,1:22.597,NaN
2021,20,russell,George Russell,williams,Williams,63,15,1:22.863,1:22.756,NaN
2021,20,raikkonen,Kimi Räikkönen,alfa,Alfa Romeo,7,16,1:23.156,NaN,NaN
2021,20,latifi,Nicholas Latifi,williams,Williams,6,17,1:23.213,NaN,NaN
2021,20,giovinazzi,Antonio Giovinazzi,alfa,Alfa Romeo,99,18,1:23.262,NaN,NaN
2021,20,mick_schumacher,Mick Schumacher,haas,Haas F1 Team,47,19,1:23.407,NaN,NaN
2021,20,mazepin,Nikita Mazepin,haas,Haas F1 Team,9,20,1:25.859,NaN,NaN
2021,21,hamilton,Lewis Hamilton,mercedes,Mercedes,44,1,1:28.466,1:27.712,1:27.511
2021,21,bottas,Valtteri Bottas,mercedes,Mercedes,77,2,1:28.057,1:28.054,1:27.622
2021,21,max_verstappen,Max Verstappen,red_bull,Red Bull,33,3,1:28.285,1:27.953,1:27.653
2021,21,leclerc,Charles Leclerc,ferrari,Ferrari,16,4,1:28.310,1:28.459,1:28.054
2021,21,perez,Sergio Pérez,red_bull,Red Bull,11,5,1:28.021,1:27.946,1:28.123
2021,21,gasly,Pierre Gasly,alphatauri,AlphaTauri,10,6,1:28.401,1:28.314,1:28.125
2021,21,norris,Lando Norris,mclaren,McLaren,4,7,1:28.338,1:28.344,1:28.180
2021,21,tsunoda,Yuki Tsunoda,alphatauri,AlphaTauri,22,8,1:28.503,1:28.222,1:28.442
2021,21,ocon,Esteban Ocon,alpine,Alpine F1 Team,31,9,1:28.752,1:28.574,1:28.647
2021,21,giovinazzi,Antonio Giovinazzi,alfa,Alfa Romeo,99,10,1:28.899,1:28.616,1:28.754
2021,21,ricciardo,Daniel Ricciardo,mclaren,McLaren,3,11,1:28.216,1:28.668,NaN
2021,21,raikkonen,Kimi Räikkönen,alfa,Alfa Romeo,7,12,1:28.856,1:28.885,NaN
2021,21,alonso,Fernando Alonso,alpine,Alpine F1 Team,14,13,1:28.944,1:28.920,NaN
2021,21,russell,George Russell,williams,Williams,63,14,1:28.926,1:29.054,NaN
2021,21,sainz,Carlos Sainz,ferrari,Ferrari,55,15,1:28.237,1:53.652,NaN
2021,21,latifi,Nicholas Latifi,williams,Williams,6,16,1:29.177,NaN,NaN
2021,21,vettel,Sebastian Vettel,aston_martin,Aston Martin,5,17,1:29.198,NaN,NaN
2021,21,stroll,Lance Stroll,aston_martin,Aston Martin,18,18,1:29.368,NaN,NaN
2021,21,mick_schumacher,Mick Schumacher,haas,Haas F1 Team,47,19,1:29.464,NaN,NaN
2021,21,mazepin,Nikita Mazepin,haas,Haas F1 Team,9,20,1:30.473,NaN,NaN
2021,22,max_verstappen,Max Verstappen,red_bull,Red Bull,33,1,1:23.322,1:22.800,1:22.109
2021,22,hamilton,Lewis Hamilton,mercedes,Mercedes,44,2,1:22.845,1:23.145,1:22.480
2021,22,norris,Lando Norris,mclaren,McLaren,4,3,1:23.553,1:23.256,1:22.931
2021,22,perez,Sergio Pérez,red_bull,Red Bull,11,4,1:23.350,1:23.135,1:22.947
2021,22,sainz,Carlos Sainz,ferrari,Ferrari,55,5,1:23.624,1:23.174,1:22.992
2021,22,bottas,Valtteri Bottas,mercedes,Mercedes,77,6,1:23.117,1:23.246,1:23.036
2021,22,leclerc,Charles Leclerc,ferrari,Ferrari,16,7,1:23.467,1:23.202,1:23.122
2021,22,tsunoda,Yuki Tsunoda,alphatauri,AlphaTauri,22,8,1:23.428,1:23.404,1:23.220
2021,22,ocon,Esteban Ocon,alpine,Alpine F1 Team,31,9,1:23.764,1:23.420,1:23.389
2021,22,ricciardo,Daniel Ricciardo,mclaren,McLaren,3,10,1:23.829,1:23.448,1:23.409
2021,22,alonso,Fernando Alonso,alpine,Alpine F1 Team,14,11,1:23.846,1:23.460,NaN
2021,22,gasly,Pierre Gasly,alphatauri,AlphaTauri,10,12,1:23.489,1:24.043,NaN
2021,22,stroll,Lance Stroll,aston_martin,Aston Martin,18,13,1:24.061,1:24.066,NaN
2021,22,giovinazzi,Antonio Giovinazzi,alfa,Alfa Romeo,99,14,1:24.118,1:24.251,NaN
2021,22,vettel,Sebastian Vettel,aston_martin,Aston Martin,5,15,1:24.225,1:24.305,NaN
2021,22,latifi,Nicholas Latifi,williams,Williams,6,16,1:24.338,NaN,NaN
2021,22,russell,George Russell,williams,Williams,63,17,1:24.423,NaN,NaN
2021,22,raikkonen,Kimi Räikkönen,alfa,Alfa Romeo,7,18,1:24.779,NaN,NaN
2021,22,mick_schumacher,Mick Schumacher,haas,Haas F1 Team,47,19,1:24.906,NaN,NaN
2021,22,mazepin,Nikita Mazepin,haas,Haas F1 Team,9,20,1:25.685,NaN,NaN
2022,1,leclerc,Charles Leclerc,ferrari,Ferrari,16,1,1:31.471,1:30.932,1:30.558
2022,1,max_verstappen,Max Verstappen,red_bull,Red Bull,1,2,1:31.785,1:30.757,1:30.681
2022,1,sainz,Carlos Sainz,ferrari,Ferrari,55,3,1:31.567,1:30.787,1:30.687
2022,1,perez,Sergio Pérez,red_bull,Red Bull,11,4,1:32.311,1:31.008,1:30.921
2022,1,hamilton,Lewis Hamilton,mercedes,Mercedes,44,5,1:32.285,1:31.048,1:31.238
2022,1,bottas,Valtteri Bottas,alfa,Alfa Romeo,77,6,1:31.919,1:31.717,1:31.560
2022,1,kevin_magnussen,Kevin Magnussen,haas,Haas F1 Team,20,7,1:31.955,1:31.461,1:31.808
2022,1,alonso,Fernando Alonso,alpine,Alpine F1 Team,14,8,1:32.346,1:31.621,1:32.195
2022,1,russell,George Russell,mercedes,Mercedes,63,9,1:32.269,1:31.252,1:32.216
2022,1,gasly,Pierre Gasly,alphatauri,AlphaTauri,10,10,1:32.096,1:31.635,1:32.338
2022,1,ocon,Esteban Ocon,alpine,Alpine F1 Team,31,11,1:32.041,1:31.782,NaN
2022,1,mick_schumacher,Mick Schumacher,haas,Haas F1 Team,47,12,1:32.380,1:31.998,NaN
2022,1,norris,Lando Norris,mclaren,McLaren,4,13,1:32.239,1:32.008,NaN
2022,1,albon,Alexander Albon,williams,Williams,23,14,1:32.726,1:32.664,NaN
2022,1,zhou,Guanyu Zhou,alfa,Alfa Romeo,24,15,1:32.493,1:33.543,NaN
2022,1,tsunoda,Yuki Tsunoda,alphatauri,AlphaTauri,22,16,1:32.750,NaN,NaN
2022,1,hulkenberg,Nico Hülkenberg,aston_martin,Aston Martin,27,17,1:32.777,NaN,NaN
2022,1,ricciardo,Daniel Ricciardo,mclaren,McLaren,3,18,1:32.945,NaN,NaN
2022,1,stroll,Lance Stroll,aston_martin,Aston Martin,18,19,1:33.032,NaN,NaN
2022,1,latifi,Nicholas Latifi,williams,Williams,6,20,1:33.634,NaN,NaN
2022,2,perez,Sergio Pérez,red_bull,Red Bull,11,1,1:29.705,1:28.924,1:28.200
2022,2,leclerc,Charles Leclerc,ferrari,Ferrari,16,2,1:29.039,1:28.780,1:28.225
2022,2,sainz,Carlos Sainz,ferrari,Ferrari,55,3,1:28.855,1:28.686,1:28.402
2022,2,max_verstappen,Max Verstappen,red_bull,Red Bull,1,4,1:28.928,1:28.945,1:28.461
2022,2,ocon,Esteban Ocon,alpine,Alpine F1 Team,31,5,1:30.093,1:29.584,1:29.068
2022,2,russell,George Russell,mercedes,Mercedes,63,6,1:29.680,1:29.618,1:29.104
2022,2,alonso,Fernando Alonso,alpine,Alpine F1 Team,14,7,1:29.978,1:29.295,1:29.147
2022,2,bottas,Valtteri Bottas,alfa,Alfa Romeo,77,8,1:29.683,1:29.404,1:29.183
2022,2,gasly,Pierre Gasly,alphatauri,AlphaTauri,10,9,1:29.891,1:29.418,1:29.254
2022,2,kevin_magnussen,Kevin Magnussen,haas,Haas F1 Team,20,10,1:29.831,1:29.546,1:29.588
2022,2,norris,Lando Norris,mclaren,McLaren,4,11,1:29.957,1:29.651,NaN
2022,2,ricciardo,Daniel Ricciardo,mclaren,McLaren,3,12,1:30.009,1:29.773,NaN
2022,2,zhou,Guanyu Zhou,alfa,Alfa Romeo,24,13,1:29.978,1:29.819,NaN
2022,2,mick_schumacher,Mick Schumacher,haas,Haas F1 Team,47,14,1:30.167,1:29.920,NaN
2022,2,stroll,Lance Stroll,aston_martin,Aston Martin,18,15,1:30.256,1:31.009,NaN
2022,2,hamilton,Lewis Hamilton,mercedes,Mercedes,44,16,1:30.343,NaN,NaN
2022,2,albon,Alexander Albon,williams,Williams,23,17,1:30.492,NaN,NaN
2022,2,hulkenberg,Nico Hülkenberg,aston_martin,Aston Martin,27,18,1:30.543,NaN,NaN
2022,2,latifi,Nicholas Latifi,williams,Williams,6,19,1:31.817,NaN,NaN
2022,2,tsunoda,Yuki Tsunoda,alphatauri,AlphaTauri,22,20,,NaN,NaN
2022,3,leclerc,Charles Leclerc,ferrari,Ferrari,16,1,1:18.881,1:18.606,1:17.868
2022,3,max_verstappen,Max Verstappen,red_bull,Red Bull,1,2,1:18.580,1:18.611,1:18.154
2022,3,perez,Sergio Pérez,red_bull,Red Bull,11,3,1:18.834,1:18.340,1:18.240
2022,3,norris,Lando Norris,mclaren,McLaren,4,4,1:19.280,1:19.066,1:18.703
2022,3,hamilton,Lewis Hamilton,mercedes,Mercedes,44,5,1:19.401,1:19.106,1:18.825
2022,3,russell,George Russell,mercedes,Mercedes,63,6,1:19.405,1:19.076,1:18.933
2022,3,ricciardo,Daniel Ricciardo,mclaren,McLaren,3,7,1:19.665,1:19.130,1:19.032
2022,3,ocon,Esteban Ocon,alpine,Alpine F1 Team,31,8,1:19.605,1:19.136,1:19.061
2022,3,sainz,Carlos Sainz,ferrari,Ferrari,55,9,1:18.983,1:18.469,1:19.408
2022,3,alonso,Fernando Alonso,alpine,Alpine F1 Team,14,10,1:19.192,1:18.815,NaN
2022,3,gasly,Pierre Gasly,alphatauri,AlphaTauri,10,11,1:19.580,1:19.226,NaN
2022,3,bottas,Valtteri Bottas,alfa,Alfa Romeo,77,12,1:19.251,1:19.410,NaN
2022,3,tsunoda,Yuki Tsunoda,alphatauri,AlphaTauri,22,13,1:19.742,1:19.424,NaN
2022,3,zhou,Guanyu Zhou,alfa,Alfa Romeo,24,14,1:19.910,1:20.155,NaN
2022,3,mick_schumacher,Mick Schumacher,haas,Haas F1 Team,47,15,1:20.104,1:20.465,NaN
2022,3,albon,Alexander Albon,williams,Williams,23,16,1:20.135,NaN,NaN
2022,3,kevin_magnussen,Kevin Magnussen,haas,Haas F1 Team,20,17,1:20.254,NaN,NaN
2022,3,vettel,Sebastian Vettel,aston_martin,Aston Martin,5,18,1:21.149,NaN,NaN
2022,3,latifi,Nicholas Latifi,williams,Williams,6,19,1:21.372,NaN,NaN
2022,3,stroll,Lance Stroll,aston_martin,Aston Martin,18,20,,NaN,NaN
2022,4,max_verstappen,Max Verstappen,red_bull,Red Bull,1,1,1:19.295,1:18.793,1:27.999
2022,4,leclerc,Charles Leclerc,ferrari,Ferrari,16,2,1:18.796,1:19.584,1:28.778
2022,4,norris,Lando Norris,mclaren,McLaren,4,3,1:20.168,1:19.294,1:29.131
2022,4,kevin_magnussen,Kevin Magnussen,haas,Haas F1 Team,20,4,1:20.147,1:19.902,1:29.164
2022,4,alonso,Fernando Alonso,alpine,Alpine F1 Team,14,5,1:20.198,1:19.595,1:29.202
2022,4,ricciardo,Daniel Ricciardo,mclaren,McLaren,3,6,1:19.980,1:20.031,1:29.742
2022,4,perez,Sergio Pérez,red_bull,Red Bull,11,7,1:19.773,1:19.296,1:29.808
2022,4,bottas,Valtteri Bottas,alfa,Alfa Romeo,77,8,1:20.419,1:20.192,1:30.439
2022,4,vettel,Sebastian Vettel,aston_martin,Aston Martin,5,9,1:20.364,1:19.957,1:31.062
2022,4,sainz,Carlos Sainz,ferrari,Ferrari,55,10,1:19.305,1:18.990,NaN
2022,4,russell,George Russell,mercedes,Mercedes,63,11,1:20.383,1:20.757,NaN
2022,4,mick_schumacher,Mick Schumacher,haas,Haas F1 Team,47,12,1:20.422,1:20.916,NaN
2022,4,hamilton,Lewis Hamilton,mercedes,Mercedes,44,13,1:20.470,1:21.138,NaN
2022,4,zhou,Guanyu Zhou,alfa,Alfa Romeo,24,14,1:19.730,1:21.434,NaN
2022,4,stroll,Lance Stroll,aston_martin,Aston Martin,18,15,1:20.342,1:28.119,NaN
2022,4,tsunoda,Yuki Tsunoda,alphatauri,AlphaTauri,22,16,1:20.474,NaN,NaN
2022,4,gasly,Pierre Gasly,alphatauri,AlphaTauri,10,17,1:20.732,NaN,NaN
2022,4,latifi,Nicholas Latifi,williams,Williams,6,18,1:21.971,NaN,NaN
2022,4,ocon,Esteban Ocon,alpine,Alpine F1 Team,31,19,1:22.338,NaN,NaN
2022,4,albon,Alexander Albon,williams,Williams,23,20,,NaN,NaN
2022,5,leclerc,Charles Leclerc,ferrari,Ferrari,16,1,1:29.474,1:29.130,1:28.796
2022,5,sainz,Carlos Sainz,ferrari,Ferrari,55,2,1:30.079,1:29.729,1:28.986
2022,5,max_verstappen,Max Verstappen,red_bull,Red Bull,1,3,1:29.836,1:29.202,1:28.991
2022,5,perez,Sergio Pérez,red_bull,Red Bull,11,4,1:30.055,1:29.673,1:29.036
2022,5,bottas,Valtteri Bottas,alfa,Alfa Romeo,77,5,1:30.845,1:29.751,1:29.475
2022,5,hamilton,Lewis Hamilton,mercedes,Mercedes,44,6,1:30.388,1:29.797,1:29.625
2022,5,gasly,Pierre Gasly,alphatauri,AlphaTauri,10,7,1:30.779,1:30.128,1:29.690
2022,5,norris,Lando Norris,mclaren,McLaren,4,8,1:30.761,1:29.634,1:29.750
2022,5,tsunoda,Yuki Tsunoda,alphatauri,AlphaTauri,22,9,1:30.485,1:30.031,1:29.932
2022,5,stroll,Lance Stroll,aston_martin,Aston Martin,18,10,1:30.441,1:29.996,1:30.676
2022,5,alonso,Fernando Alonso,alpine,Alpine F1 Team,14,11,1:30.407,1:30.160,NaN
2022,5,russell,George Russell,mercedes,Mercedes,63,12,1:30.490,1:30.173,NaN
2022,5,vettel,Sebastian Vettel,aston_martin,Aston Martin,5,13,1:30.677,1:30.214,NaN
2022,5,ricciardo,Daniel Ricciardo,mclaren,McLaren,3,14,1:30.583,1:30.310,NaN
2022,5,mick_schumacher,Mick Schumacher,haas,Haas F1 Team,47,15,1:30.645,1:30.423,NaN
2022,5,kevin_magnussen,Kevin Magnussen,haas,Haas F1 Team,20,16,1:30.975,NaN,NaN
2022,5,zhou,Guanyu Zhou,alfa,Alfa Romeo,24,17,1:31.020,NaN,NaN
2022,5,albon,Alexander Albon,williams,Williams,23,18,1:31.266,NaN,NaN
2022,5,latifi,Nicholas Latifi,williams,Williams,6,19,1:31.325,NaN,NaN
2022,5,ocon,Esteban Ocon,alpine,Alpine F1 Team,31,20,,NaN,NaN
2022,6,leclerc,Charles Leclerc,ferrari,Ferrari,16,1,1:19.861,1:19.969,1:18.750
2022,6,max_verstappen,Max Verstappen,red_bull,Red Bull,1,2,1:20.091,1:19.219,1:19.073
2022,6,sainz,Carlos Sainz,ferrari,Ferrari,55,3,1:19.892,1:19.453,1:19.166
2022,6,russell,George Russell,mercedes,Mercedes,63,4,1:20.218,1:19.470,1:19.393
2022,6,perez,Sergio Pérez,red_bull,Red Bull,11,5,1:20.447,1:19.830,1:19.420
2022,6,hamilton,Lewis Hamilton,mercedes,Mercedes,44,6,1:20.252,1:19.794,1:19.512
2022,6,bottas,Valtteri Bottas,alfa,Alfa Romeo,77,7,1:20.355,1:20.053,1:19.608
2022,6,kevin_magnussen,Kevin Magnussen,haas,Haas F1 Team,20,8,1:20.227,1:19.810,1:19.682
2022,6,ricciardo,Daniel Ricciardo,mclaren,McLaren,3,9,1:20.549,1:20.287,1:20.297
2022,6,mick_schumacher,Mick Schumacher,haas,Haas F1 Team,47,10,1:20.683,1:20.436,1:20.368
2022,6,norris,Lando Norris,mclaren,McLaren,4,11,1:20.838,1:20.471,NaN
2022,6,ocon,Esteban Ocon,alpine,Alpine F1 Team,31,12,1:20.880,1:20.638,NaN
2022,6,tsunoda,Yuki Tsunoda,alphatauri,AlphaTauri,22,13,1:20.707,1:20.639,NaN
2022,6,gasly,Pierre Gasly,alphatauri,AlphaTauri,10,14,1:20.719,1:20.861,NaN
2022,6,zhou,Guanyu Zhou,alfa,Alfa Romeo,24,15,1:20.476,1:21.094,NaN
2022,6,vettel,Sebastian Vettel,aston_martin,Aston Martin,5,16,1:20.954,NaN,NaN
2022,6,alonso,Fernando Alonso,alpine,Alpine F1 Team,14,17,1:21.043,NaN,NaN
2022,6,stroll,Lance Stroll,aston_martin,Aston Martin,18,18,1:21.418,NaN,NaN
2022,6,albon,Alexander Albon,williams,Williams,23,19,1:21.645,NaN,NaN
2022,6,latifi,Nicholas Latifi,williams,Williams,6,20,1:21.915,NaN,NaN
2022,7,leclerc,Charles Leclerc,ferrari,Ferrari,16,1,1:12.569,1:11.864,1:11.376
2022,7,sainz,Carlos Sainz,ferrari,Ferrari,55,2,1:12.616,1:12.074,1:11.601
2022,7,perez,Sergio Pérez,red_bull,Red Bull,11,3,1:13.004,1:11.954,1:11.629
2022,7,max_verstappen,Max Verstappen,red_bull,Red Bull,1,4,1:12.993,1:12.117,1:11.666
2022,7,norris,Lando Norris,mclaren,McLaren,4,5,1:12.927,1:12.266,1:11.849
2022,7,russell,George Russell,mercedes,Mercedes,63,6,1:12.787,1:12.617,1:12.112
2022,7,alonso,Fernando Alonso,alpine,Alpine F1 Team,14,7,1:13.394,1:12.688,1:12.247
2022,7,hamilton,Lewis Hamilton,mercedes,Mercedes,44,8,1:13.444,1:12.595,1:12.560
2022,7,vettel,Sebastian Vettel,aston_martin,Aston Martin,5,9,1:13.313,1:12.613,1:12.732
2022,7,ocon,Esteban Ocon,alpine,Alpine F1 Team,31,10,1:12.848,1:12.528,1:13.047
2022,7,tsunoda,Yuki Tsunoda,alphatauri,AlphaTauri,22,11,1:13.110,1:12.797,NaN
2022,7,bottas,Valtteri Bottas,alfa,Alfa Romeo,77,12,1:13.541,1:12.909,NaN
2022,7,kevin_magnussen,Kevin Magnussen,haas,Haas F1 Team,20,13,1:13.069,1:12.921,NaN
2022,7,ricciardo,Daniel Ricciardo,mclaren,McLaren,3,14,1:13.338,1:12.964,NaN
2022,7,mick_schumacher,Mick Schumacher,haas,Haas F1 Team,47,15,1:13.469,1:13.081,NaN
2022,7,albon,Alexander Albon,williams,Williams,23,16,1:13.611,NaN,NaN
2022,7,gasly,Pierre Gasly,alphatauri,AlphaTauri,10,17,1:13.660,NaN,NaN
2022,7,stroll,Lance Stroll,aston_martin,Aston Martin,18,18,1:13.678,NaN,NaN
2022,7,latifi,Nicholas Latifi,williams,Williams,6,19,1:14.403,NaN,NaN
2022,7,zhou,Guanyu Zhou,alfa,Alfa Romeo,24,20,1:15.606,NaN,NaN
2022,8,leclerc,Charles Leclerc,ferrari,Ferrari,16,1,1:42.865,1:42.046,1:41.359
2022,8,perez,Sergio Pérez,red_bull,Red Bull,11,2,1:42.733,1:41.955,1:41.641
2022,8,max_verstappen,Max Verstappen,red_bull,Red Bull,1,3,1:42.722,1:42.227,1:41.706
2022,8,sainz,Carlos Sainz,ferrari,Ferrari,55,4,1:42.957,1:42.088,1:41.814
2022,8,russell,George Russell,mercedes,Mercedes,63,5,1:43.754,1:43.281,1:42.712
2022,8,gasly,Pierre Gasly,alphatauri,AlphaTauri,10,6,1:43.268,1:43.129,1:42.845
2022,8,hamilton,Lewis Hamilton,mercedes,Mercedes,44,7,1:43.939,1:43.182,1:42.924
2022,8,tsunoda,Yuki Tsunoda,alphatauri,AlphaTauri,22,8,1:43.595,1:43.376,1:43.056
2022,8,vettel,Sebastian Vettel,aston_martin,Aston Martin,5,9,1:43.279,1:43.268,1:43.091
2022,8,alonso,Fernando Alonso,alpine,Alpine F1 Team,14,10,1:44.083,1:43.360,1:43.173
2022,8,norris,Lando Norris,mclaren,McLaren,4,11,1:44.237,1:43.398,NaN
2022,8,ricciardo,Daniel Ricciardo,mclaren,McLaren,3,12,1:44.437,1:43.574,NaN
2022,8,ocon,Esteban Ocon,alpine,Alpine F1 Team,31,13,1:43.903,1:43.585,NaN
2022,8,zhou,Guanyu Zhou,alfa,Alfa Romeo,24,14,1:43.777,1:43.790,NaN
2022,8,bottas,Valtteri Bottas,alfa,Alfa Romeo,77,15,1:44.478,1:44.444,NaN
2022,8,kevin_magnussen,Kevin Magnussen,haas,Haas F1 Team,20,16,1:44.643,NaN,NaN
2022,8,albon,Alexander Albon,williams,Williams,23,17,1:44.719,NaN,NaN
2022,8,latifi,Nicholas Latifi,williams,Williams,6,18,1:45.367,NaN,NaN
2022,8,stroll,Lance Stroll,aston_martin,Aston Martin,18,19,1:45.371,NaN,NaN
2022,8,mick_schumacher,Mick Schumacher,haas,Haas F1 Team,47,20,1:45.775,NaN,NaN
2022,9,max_verstappen,Max Verstappen,red_bull,Red Bull,1,1,1:32.219,1:23.746,1:21.299
2022,9,alonso,Fernando Alonso,alpine,Alpine F1 Team,14,2,1:32.277,1:24.848,1:21.944
2022,9,sainz,Carlos Sainz,ferrari,Ferrari,55,3,1:32.781,1:25.197,1:22.096
2022,9,hamilton,Lewis Hamilton,mercedes,Mercedes,44,4,1:33.841,1:25.543,1:22.891
2022,9,kevin_magnussen,Kevin Magnussen,haas,Haas F1 Team,20,5,1:32.957,1:26.254,1:22.960
2022,9,mick_schumacher,Mick Schumacher,haas,Haas F1 Team,47,6,1:33.707,1:25.684,1:23.356
2022,9,ocon,Esteban Ocon,alpine,Alpine F1 Team,31,7,1:33.012,1:26.135,1:23.529
2022,9,russell,George Russell,mercedes,Mercedes,63,8,1:33.160,1:24.950,1:23.557
2022,9,ricciardo,Daniel Ricciardo,mclaren,McLaren,3,9,1:33.636,1:26.375,1:23.749
2022,9,zhou,Guanyu Zhou,alfa,Alfa Romeo,24,10,1:33.692,1:26.116,1:24.030
2022,9,bottas,Valtteri Bottas,alfa,Alfa Romeo,77,11,1:33.689,1:26.788,NaN
2022,9,albon,Alexander Albon,williams,Williams,23,12,1:34.047,1:26.858,NaN
2022,9,perez,Sergio Pérez,red_bull,Red Bull,11,13,1:33.929,1:33.127,NaN
2022,9,norris,Lando Norris,mclaren,McLaren,4,14,1:34.066,NaN,NaN
2022,9,leclerc,Charles Leclerc,ferrari,Ferrari,16,15,1:33.008,NaN,NaN
2022,9,gasly,Pierre Gasly,alphatauri,AlphaTauri,10,16,1:34.492,NaN,NaN
2022,9,vettel,Sebastian Vettel,aston_martin,Aston Martin,5,17,1:34.512,NaN,NaN
2022,9,stroll,Lance Stroll,aston_martin,Aston Martin,18,18,1:35.532,NaN,NaN
2022,9,latifi,Nicholas Latifi,williams,Williams,6,19,1:35.660,NaN,NaN
2022,9,tsunoda,Yuki Tsunoda,alphatauri,AlphaTauri,22,20,1:36.575,NaN,NaN
2022,10,sainz,Carlos Sainz,ferrari,Ferrari,55,1,1:40.190,1:41.602,1:40.983
2022,10,max_verstappen,Max Verstappen,red_bull,Red Bull,1,2,1:39.129,1:40.655,1:41.055
2022,10,leclerc,Charles Leclerc,ferrari,Ferrari,16,3,1:39.846,1:41.247,1:41.298
2022,10,perez,Sergio Pérez,red_bull,Red Bull,11,4,1:40.521,1:42.513,1:41.616
2022,10,hamilton,Lewis Hamilton,mercedes,Mercedes,44,5,1:40.428,1:41.062,1:41.995
2022,10,norris,Lando Norris,mclaren,McLaren,4,6,1:41.515,1:41.821,1:42.084
2022,10,alonso,Fernando Alonso,alpine,Alpine F1 Team,14,7,1:41.598,1:42.209,1:42.116
2022,10,russell,George Russell,mercedes,Mercedes,63,8,1:40.028,1:41.725,1:42.161
2022,10,zhou,Guanyu Zhou,alfa,Alfa Romeo,24,9,1:40.791,1:42.640,1:42.719
2022,10,latifi,Nicholas Latifi,williams,Williams,6,10,1:41.998,1:43.273,2:03.095
2022,10,gasly,Pierre Gasly,alphatauri,AlphaTauri,10,11,1:41.680,1:43.702,NaN
2022,10,bottas,Valtteri Bottas,alfa,Alfa Romeo,77,12,1:41.396,1:44.232,NaN
2022,10,tsunoda,Yuki Tsunoda,alphatauri,AlphaTauri,22,13,1:41.893,1:44.311,NaN
2022,10,ricciardo,Daniel Ricciardo,mclaren,McLaren,3,14,1:41.933,1:44.355,NaN
2022,10,ocon,Esteban Ocon,alpine,Alpine F1 Team,31,15,1:41.730,1:45.190,NaN
2022,10,albon,Alexander Albon,williams,Williams,23,16,1:42.078,NaN,NaN
2022,10,kevin_magnussen,Kevin Magnussen,haas,Haas F1 Team,20,17,1:42.159,NaN,NaN
2022,10,vettel,Sebastian Vettel,aston_martin,Aston Martin,5,18,1:42.666,NaN,NaN
2022,10,mick_schumacher,Mick Schumacher,haas,Haas F1 Team,47,19,1:42.708,NaN,NaN
2022,10,stroll,Lance Stroll,aston_martin,Aston Martin,18,20,1:43.430,NaN,NaN
2022,11,max_verstappen,Max Verstappen,red_bull,Red Bull,1,1,1:05.852,1:05.374,1:04.984
2022,11,leclerc,Charles Leclerc,ferrari,Ferrari,16,2,1:05.419,1:05.287,1:05.013
2022,11,sainz,Carlos Sainz,ferrari,Ferrari,55,3,1:05.660,1:05.576,1:05.066
2022,11,russell,George Russell,mercedes,Mercedes,63,4,1:06.235,1:05.697,1:05.431
2022,11,ocon,Esteban Ocon,alpine,Alpine F1 Team,31,5,1:06.468,1:05.993,1:05.726
2022,11,kevin_magnussen,Kevin Magnussen,haas,Haas F1 Team,20,6,1:06.366,1:05.894,1:05.879
2022,11,mick_schumacher,Mick Schumacher,haas,Haas F1 Team,47,7,1:06.405,1:06.151,1:06.011
2022,11,alonso,Fernando Alonso,alpine,Alpine F1 Team,14,8,1:06.016,1:06.082,1:06.103
2022,11,hamilton,Lewis Hamilton,mercedes,Mercedes,44,9,1:06.079,1:05.475,1:13.151
2022,11,gasly,Pierre Gasly,alphatauri,AlphaTauri,10,10,1:06.589,1:06.160,NaN
2022,11,albon,Alexander Albon,williams,Williams,23,11,1:06.516,1:06.230,NaN
2022,11,bottas,Valtteri Bottas,alfa,Alfa Romeo,77,12,1:06.442,1:06.319,NaN
2022,11,perez,Sergio Pérez,red_bull,Red Bull,11,13,1:06.143,1:06.458,NaN
2022,11,tsunoda,Yuki Tsunoda,alphatauri,AlphaTauri,22,14,1:06.463,1:06.851,NaN
2022,11,norris,Lando Norris,mclaren,McLaren,4,15,1:06.330,1:25.847,NaN
2022,11,ricciardo,Daniel Ricciardo,mclaren,McLaren,3,16,1:06.613,NaN,NaN
2022,11,stroll,Lance Stroll,aston_martin,Aston Martin,18,17,1:06.847,NaN,NaN
2022,11,zhou,Guanyu Zhou,alfa,Alfa Romeo,24,18,1:06.901,NaN,NaN
2022,11,latifi,Nicholas Latifi,williams,Williams,6,19,1:07.003,NaN,NaN
2022,11,vettel,Sebastian Vettel,aston_martin,Aston Martin,5,20,1:07.083,NaN,NaN
2022,12,leclerc,Charles Leclerc,ferrari,Ferrari,16,1,1:31.727,1:31.216,1:30.872
2022,12,max_verstappen,Max Verstappen,red_bull,Red Bull,1,2,1:31.891,1:31.990,1:31.176
2022,12,perez,Sergio Pérez,red_bull,Red Bull,11,3,1:32.354,1:32.120,1:31.335
2022,12,hamilton,Lewis Hamilton,mercedes,Mercedes,44,4,1:33.041,1:32.274,1:31.765
2022,12,norris,Lando Norris,mclaren,McLaren,4,5,1:32.672,1:32.777,1:32.032
2022,12,russell,George Russell,mercedes,Mercedes,63,6,1:33.109,1:32.633,1:32.131
2022,12,alonso,Fernando Alonso,alpine,Alpine F1 Team,14,7,1:32.819,1:32.631,1:32.552
2022,12,tsunoda,Yuki Tsunoda,alphatauri,AlphaTauri,22,8,1:33.394,1:32.836,1:32.780
2022,12,sainz,Carlos Sainz,ferrari,Ferrari,55,9,1:32.297,1:31.081,NaN
2022,12,kevin_magnussen,Kevin Magnussen,haas,Haas F1 Team,20,10,1:32.756,1:32.649,NaN
2022,12,ricciardo,Daniel Ricciardo,mclaren,McLaren,3,11,1:33.404,1:32.922,NaN
2022,12,ocon,Esteban Ocon,alpine,Alpine F1 Team,31,12,1:33.346,1:33.048,NaN
2022,12,bottas,Valtteri Bottas,alfa,Alfa Romeo,77,13,1:33.034,1:33.052,NaN
2022,12,vettel,Sebastian Vettel,aston_martin,Aston Martin,5,14,1:33.285,1:33.276,NaN
2022,12,albon,Alexander Albon,williams,Williams,23,15,1:33.423,1:33.307,NaN
2022,12,gasly,Pierre Gasly,alphatauri,AlphaTauri,10,16,1:33.439,NaN,NaN
2022,12,stroll,Lance Stroll,aston_martin,Aston Martin,18,17,1:33.439,NaN,NaN
2022,12,zhou,Guanyu Zhou,alfa,Alfa Romeo,24,18,1:33.674,NaN,NaN
2022,12,mick_schumacher,Mick Schumacher,haas,Haas F1 Team,47,19,1:33.701,NaN,NaN
2022,12,latifi,Nicholas Latifi,williams,Williams,6,20,1:33.794,NaN,NaN
2022,13,russell,George Russell,mercedes,Mercedes,63,1,1:18.407,1:18.154,1:17.377
2022,13,sainz,Carlos Sainz,ferrari,Ferrari,55,2,1:18.434,1:17.946,1:17.421
2022,13,leclerc,Charles Leclerc,ferrari,Ferrari,16,3,1:18.806,1:17.768,1:17.567
2022,13,norris,Lando Norris,mclaren,McLaren,4,4,1:18.653,1:18.121,1:17.769
2022,13,ocon,Esteban Ocon,alpine,Alpine F1 Team,31,5,1:18.866,1:18.216,1:18.018
2022,13,alonso,Fernando Alonso,alpine,Alpine F1 Team,14,6,1:18.716,1:17.904,1:18.078
2022,13,hamilton,Lewis Hamilton,mercedes,Mercedes,44,7,1:18.374,1:18.035,1:18.142
2022,13,bottas,Valtteri Bottas,alfa,Alfa Romeo,77,8,1:18.935,1:18.445,1:18.157
2022,13,ricciardo,Daniel Ricciardo,mclaren,McLaren,3,9,1:18.775,1:18.198,1:18.379
2022,13,max_verstappen,Max Verstappen,red_bull,Red Bull,1,10,1:18.509,1:17.703,1:18.823
2022,13,perez,Sergio Pérez,red_bull,Red Bull,11,11,1:19.118,1:18.516,NaN
2022,13,zhou,Guanyu Zhou,alfa,Alfa Romeo,24,12,1:18.973,1:18.573,NaN
2022,13,kevin_magnussen,Kevin Magnussen,haas,Haas F1 Team,20,13,1:18.993,1:18.825,NaN
2022,13,stroll,Lance Stroll,aston_martin,Aston Martin,18,14,1:19.205,1:19.137,NaN
2022,13,mick_schumacher,Mick Schumacher,haas,Haas F1 Team,47,15,1:19.164,1:19.202,NaN
2022,13,tsunoda,Yuki Tsunoda,alphatauri,AlphaTauri,22,16,1:19.240,NaN,NaN
2022,13,albon,Alexander Albon,williams,Williams,23,17,1:19.256,NaN,NaN
2022,13,vettel,Sebastian Vettel,aston_martin,Aston Martin,5,18,1:19.273,NaN,NaN
2022,13,gasly,Pierre Gasly,alphatauri,AlphaTauri,10,19,1:19.527,NaN,NaN
2022,13,latifi,Nicholas Latifi,williams,Williams,6,20,1:19.570,NaN,NaN
2022,14,max_verstappen,Max Verstappen,red_bull,Red Bull,1,1,1:44.581,1:44.723,1:43.665
2022,14,sainz,Carlos Sainz,ferrari,Ferrari,55,2,1:45.050,1:45.418,1:44.297
2022,14,perez,Sergio Pérez,red_bull,Red Bull,11,3,1:45.377,1:44.794,1:44.462
2022,14,leclerc,Charles Leclerc,ferrari,Ferrari,16,4,1:45.572,1:44.551,1:44.553
2022,14,ocon,Esteban Ocon,alpine,Alpine F1 Team,31,5,1:46.039,1:45.475,1:45.180
2022,14,alonso,Fernando Alonso,alpine,Alpine F1 Team,14,6,1:46.075,1:45.552,1:45.368
2022,14,hamilton,Lewis Hamilton,mercedes,Mercedes,44,7,1:45.736,1:45.420,1:45.503
2022,14,russell,George Russell,mercedes,Mercedes,63,8,1:45.650,1:45.461,1:45.776
2022,14,albon,Alexander Albon,williams,Williams,23,9,1:45.672,1:45.675,1:45.837
2022,14,norris,Lando Norris,mclaren,McLaren,4,10,1:45.745,1:45.603,1:46.178
2022,14,ricciardo,Daniel Ricciardo,mclaren,McLaren,3,11,1:46.212,1:45.767,NaN
2022,14,gasly,Pierre Gasly,alphatauri,AlphaTauri,10,12,1:46.183,1:45.827,NaN
2022,14,zhou,Guanyu Zhou,alfa,Alfa Romeo,24,13,1:46.178,1:46.085,NaN
2022,14,stroll,Lance Stroll,aston_martin,Aston Martin,18,14,1:46.256,1:46.611,NaN
2022,14,mick_schumacher,Mick Schumacher,haas,Haas F1 Team,47,15,1:46.342,1:47.718,NaN
2022,14,vettel,Sebastian Vettel,aston_martin,Aston Martin,5,16,1:46.344,NaN,NaN
2022,14,latifi,Nicholas Latifi,williams,Williams,6,17,1:46.401,NaN,NaN
2022,14,kevin_magnussen,Kevin Magnussen,haas,Haas F1 Team,20,18,1:46.557,NaN,NaN
2022,14,tsunoda,Yuki Tsunoda,alphatauri,AlphaTauri,22,19,1:46.692,NaN,NaN
2022,14,bottas,Valtteri Bottas,alfa,Alfa Romeo,77,20,1:47.866,NaN,NaN
2022,15,max_verstappen,Max Verstappen,red_bull,Red Bull,1,1,1:11.317,1:10.927,1:10.342
2022,15,leclerc,Charles Leclerc,ferrari,Ferrari,16,2,1:11.443,1:10.988,1:10.363
2022,15,sainz,Carlos Sainz,ferrari,Ferrari,55,3,1:11.767,1:10.814,1:10.434
2022,15,hamilton,Lewis Hamilton,mercedes,Mercedes,44,4,1:11.331,1:11.075,1:10.648
2022,15,perez,Sergio Pérez,red_bull,Red Bull,11,5,1:11.641,1:11.314,1:11.077
2022,15,russell,George Russell,mercedes,Mercedes,63,6,1:11.561,1:10.824,1:11.147
2022,15,norris,Lando Norris,mclaren,McLaren,4,7,1:11.556,1:11.116,1:11.174
2022,15,mick_schumacher,Mick Schumacher,haas,Haas F1 Team,47,8,1:11.741,1:11.420,1:11.442
2022,15,tsunoda,Yuki Tsunoda,alphatauri,AlphaTauri,22,9,1:11.427,1:11.428,1:12.556
2022,15,stroll,Lance Stroll,aston_martin,Aston Martin,18,10,1:11.568,1:11.416,NaN
2022,15,gasly,Pierre Gasly,alphatauri,AlphaTauri,10,11,1:11.705,1:11.512,NaN
2022,15,ocon,Esteban Ocon,alpine,Alpine F1 Team,31,12,1:11.748,1:11.605,NaN
2022,15,alonso,Fernando Alonso,alpine,Alpine F1 Team,14,13,1:11.667,1:11.613,NaN
2022,15,zhou,Guanyu Zhou,alfa,Alfa Romeo,24,14,1:11.826,1:11.704,NaN
2022,15,albon,Alexander Albon,williams,Williams,23,15,1:11.695,1:11.802,NaN
2022,15,bottas,Valtteri Bottas,alfa,Alfa Romeo,77,16,1:11.961,NaN,NaN
2022,15,ricciardo,Daniel Ricciardo,mclaren,McLaren,3,17,1:12.081,NaN,NaN
2022,15,kevin_magnussen,Kevin Magnussen,haas,Haas F1 Team,20,18,1:12.319,NaN,NaN
2022,15,vettel,Sebastian Vettel,aston_martin,Aston Martin,5,19,1:12.391,NaN,NaN
2022,15,latifi,Nicholas Latifi,williams,Williams,6,20,1:13.353,NaN,NaN
2022,16,leclerc,Charles Leclerc,ferrari,Ferrari,16,1,1:21.280,1:21.208,1:20.161
2022,16,max_verstappen,Max Verstappen,red_bull,Red Bull,1,2,1:20.922,1:21.265,1:20.306
2022,16,sainz,Carlos Sainz,ferrari,Ferrari,55,3,1:21.348,1:20.878,1:20.429
2022,16,perez,Sergio Pérez,red_bull,Red Bull,11,4,1:21.495,1:21.358,1:21.206
2022,16,hamilton,Lewis Hamilton,mercedes,Mercedes,44,5,1:22.048,1:21.708,1:21.524
2022,16,russell,George Russell,mercedes,Mercedes,63,6,1:21.785,1:21.747,1:21.542
2022,16,norris,Lando Norris,mclaren,McLaren,4,7,1:22.130,1:21.831,1:21.584
2022,16,ricciardo,Daniel Ricciardo,mclaren,McLaren,3,8,1:22.139,1:21.855,1:21.925
2022,16,gasly,Pierre Gasly,alphatauri,AlphaTauri,10,9,1:22.010,1:22.062,1:22.648
2022,16,alonso,Fernando Alonso,alpine,Alpine F1 Team,14,10,1:22.089,1:21.861,NaN
2022,16,ocon,Esteban Ocon,alpine,Alpine F1 Team,31,11,1:22.166,1:22.130,NaN
2022,16,bottas,Valtteri Bottas,alfa,Alfa Romeo,77,12,1:22.254,1:22.235,NaN
2022,16,de_vries,Nyck de Vries,williams,Williams,45,13,1:22.567,1:22.471,NaN
2022,16,zhou,Guanyu Zhou,alfa,Alfa Romeo,24,14,1:22.003,1:22.577,NaN
2022,16,tsunoda,Yuki Tsunoda,alphatauri,AlphaTauri,22,15,1:22.020,NaN,NaN
2022,16,latifi,Nicholas Latifi,williams,Williams,6,16,1:22.587,NaN,NaN
2022,16,vettel,Sebastian Vettel,aston_martin,Aston Martin,5,17,1:22.636,NaN,NaN
2022,16,stroll,Lance Stroll,aston_martin,Aston Martin,18,18,1:22.748,NaN,NaN
2022,16,kevin_magnussen,Kevin Magnussen,haas,Haas F1 Team,20,19,1:22.908,NaN,NaN
2022,16,mick_schumacher,Mick Schumacher,haas,Haas F1 Team,47,20,1:23.005,NaN,NaN
2022,17,leclerc,Charles Leclerc,ferrari,Ferrari,16,1,1:54.129,1:52.343,1:49.412
2022,17,perez,Sergio Pérez,red_bull,Red Bull,11,2,1:54.404,1:52.818,1:49.434
2022,17,hamilton,Lewis Hamilton,mercedes,Mercedes,44,3,1:53.161,1:52.691,1:49.466
2022,17,sainz,Carlos Sainz,ferrari,Ferrari,55,4,1:54.559,1:53.219,1:49.583
2022,17,alonso,Fernando Alonso,alpine,Alpine F1 Team,14,5,1:55.360,1:53.127,1:49.966
2022,17,norris,Lando Norris,mclaren,McLaren,4,6,1:55.914,1:53.942,1:50.584
2022,17,gasly,Pierre Gasly,alphatauri,AlphaTauri,10,7,1:55.606,1:53.546,1:51.211
2022,17,max_verstappen,Max Verstappen,red_bull,Red Bull,1,8,1:53.057,1:52.723,1:51.395
2022,17,kevin_magnussen,Kevin Magnussen,haas,Haas F1 Team,20,9,1:55.103,1:54.006,1:51.573
2022,17,tsunoda,Yuki Tsunoda,alphatauri,AlphaTauri,22,10,1:55.314,1:53.848,1:51.983
2022,17,russell,George Russell,mercedes,Mercedes,63,11,1:54.633,1:54.012,NaN
2022,17,stroll,Lance Stroll,aston_martin,Aston Martin,18,12,1:55.629,1:54.211,NaN
2022,17,mick_schumacher,Mick Schumacher,haas,Haas F1 Team,47,13,1:55.736,1:54.370,NaN
2022,17,vettel,Sebastian Vettel,aston_martin,Aston Martin,5,14,1:55.602,1:54.380,NaN
2022,17,zhou,Guanyu Zhou,alfa,Alfa Romeo,24,15,1:55.375,1:55.518,NaN
2022,17,bottas,Valtteri Bottas,alfa,Alfa Romeo,77,16,1:56.083,NaN,NaN
2022,17,ricciardo,Daniel Ricciardo,mclaren,McLaren,3,17,1:56.226,NaN,NaN
2022,17,ocon,Esteban Ocon,alpine,Alpine F1 Team,31,18,1:56.337,NaN,NaN
2022,17,albon,Alexander Albon,williams,Williams,23,19,1:56.985,NaN,NaN
2022,17,latifi,Nicholas Latifi,williams,Williams,6,20,1:57.532,NaN,NaN
2022,18,max_verstappen,Max Verstappen,red_bull,Red Bull,1,1,1:30.224,1:30.346,1:29.304
2022,18,leclerc,Charles Leclerc,ferrari,Ferrari,16,2,1:30.402,1:30.486,1:29.314
2022,18,sainz,Carlos Sainz,ferrari,Ferrari,55,3,1:30.336,1:30.444,1:29.361
2022,18,perez,Sergio Pérez,red_bull,Red Bull,11,4,1:30.622,1:29.925,1:29.709
2022,18,ocon,Esteban Ocon,alpine,Alpine F1 Team,31,5,1:30.696,1:30.357,1:30.165
2022,18,hamilton,Lewis Hamilton,mercedes,Mercedes,44,6,1:30.906,1:30.443,1:30.261
2022,18,alonso,Fernando Alonso,alpine,Alpine F1 Team,14,7,1:30.603,1:30.343,1:30.322
2022,18,russell,George Russell,mercedes,Mercedes,63,8,1:30.865,1:30.465,1:30.389
2022,18,vettel,Sebastian Vettel,aston_martin,Aston Martin,5,9,1:31.256,1:30.656,1:30.554
2022,18,norris,Lando Norris,mclaren,McLaren,4,10,1:30.881,1:30.473,1:31.003
2022,18,ricciardo,Daniel Ricciardo,mclaren,McLaren,3,11,1:30.880,1:30.659,NaN
2022,18,bottas,Valtteri Bottas,alfa,Alfa Romeo,77,12,1:31.226,1:30.709,NaN
2022,18,tsunoda,Yuki Tsunoda,alphatauri,AlphaTauri,22,13,1:31.130,1:30.808,NaN
2022,18,zhou,Guanyu Zhou,alfa,Alfa Romeo,24,14,1:30.894,1:30.953,NaN
2022,18,mick_schumacher,Mick Schumacher,haas,Haas F1 Team,47,15,1:31.152,1:31.439,NaN
2022,18,albon,Alexander Albon,williams,Williams,23,16,1:31.311,NaN,NaN
2022,18,gasly,Pierre Gasly,alphatauri,AlphaTauri,10,17,1:31.322,NaN,NaN
2022,18,kevin_magnussen,Kevin Magnussen,haas,Haas F1 Team,20,18,1:31.352,NaN,NaN
2022,18,stroll,Lance Stroll,aston_martin,Aston Martin,18,19,1:31.419,NaN,NaN
2022,18,latifi,Nicholas Latifi,williams,Williams,6,20,1:31.511,NaN,NaN
2022,19,sainz,Carlos Sainz,ferrari,Ferrari,55,1,1:35.297,1:35.590,1:34.356
2022,19,leclerc,Charles Leclerc,ferrari,Ferrari,16,2,1:35.795,1:35.246,1:34.421
2022,19,max_verstappen,Max Verstappen,red_bull,Red Bull,1,3,1:35.864,1:35.294,1:34.448
2022,19,perez,Sergio Pérez,red_bull,Red Bull,11,4,1:36.163,1:35.864,1:34.645
2022,19,hamilton,Lewis Hamilton,mercedes,Mercedes,44,5,1:36.148,1:35.732,1:34.947
2022,19,russell,George Russell,mercedes,Mercedes,63,6,1:36.195,1:35.692,1:34.988
2022,19,stroll,Lance Stroll,aston_martin,Aston Martin,18,7,1:36.860,1:36.032,1:35.598
2022,19,norris,Lando Norris,mclaren,McLaren,4,8,1:36.465,1:36.341,1:35.690
2022,19,alonso,Fernando Alonso,alpine,Alpine F1 Team,14,9,1:36.446,1:35.988,1:35.876
2022,19,bottas,Valtteri Bottas,alfa,Alfa Romeo,77,10,1:36.746,1:36.321,1:36.319
2022,19,albon,Alexander Albon,williams,Williams,23,11,1:36.932,1:36.368,NaN
2022,19,vettel,Sebastian Vettel,aston_martin,Aston Martin,5,12,1:36.695,1:36.398,NaN
2022,19,gasly,Pierre Gasly,alphatauri,AlphaTauri,10,13,1:36.577,1:36.740,NaN
2022,19,zhou,Guanyu Zhou,alfa,Alfa Romeo,24,14,1:36.656,1:36.970,NaN
2022,19,tsunoda,Yuki Tsunoda,alphatauri,AlphaTauri,22,15,1:36.808,1:37.147,NaN
2022,19,kevin_magnussen,Kevin Magnussen,haas,Haas F1 Team,20,16,1:36.949,NaN,NaN
2022,19,ricciardo,Daniel Ricciardo,mclaren,McLaren,3,17,1:37.046,NaN,NaN
2022,19,ocon,Esteban Ocon,alpine,Alpine F1 Team,31,18,1:37.068,NaN,NaN
2022,19,mick_schumacher,Mick Schumacher,haas,Haas F1 Team,47,19,1:37.111,NaN,NaN
2022,19,latifi,Nicholas Latifi,williams,Williams,6,20,1:37.244,NaN,NaN
2022,20,max_verstappen,Max Verstappen,red_bull,Red Bull,1,1,1:19.222,1:18.566,1:17.775
2022,20,russell,George Russell,mercedes,Mercedes,63,2,1:19.583,1:18.565,1:18.079
2022,20,hamilton,Lewis Hamilton,mercedes,Mercedes,44,3,1:19.169,1:18.552,1:18.084
2022,20,perez,Sergio Pérez,red_bull,Red Bull,11,4,1:19.706,1:18.615,1:18.128
2022,20,sainz,Carlos Sainz,ferrari,Ferrari,55,5,1:19.566,1:18.560,1:18.351
2022,20,bottas,Valtteri Bottas,alfa,Alfa Romeo,77,6,1:19.523,1:18.762,1:18.401
2022,20,leclerc,Charles Leclerc,ferrari,Ferrari,16,7,1:19.505,1:19.109,1:18.555
2022,20,norris,Lando Norris,mclaren,McLaren,4,8,1:19.857,1:19.119,1:18.721
2022,20,alonso,Fernando Alonso,alpine,Alpine F1 Team,14,9,1:20.006,1:19.272,1:18.939
2022,20,ocon,Esteban Ocon,alpine,Alpine F1 Team,31,10,1:19.945,1:19.081,1:19.010
2022,20,ricciardo,Daniel Ricciardo,mclaren,McLaren,3,11,1:20.279,1:19.325,NaN
2022,20,zhou,Guanyu Zhou,alfa,Alfa Romeo,24,12,1:20.283,1:19.476,NaN
2022,20,tsunoda,Yuki Tsunoda,alphatauri,AlphaTauri,22,13,1:19.907,1:19.589,NaN
2022,20,gasly,Pierre Gasly,alphatauri,AlphaTauri,10,14,1:20.256,1:19.672,NaN
2022,20,kevin_magnussen,Kevin Magnussen,haas,Haas F1 Team,20,15,1:20.293,1:19.833,NaN
2022,20,mick_schumacher,Mick Schumacher,haas,Haas F1 Team,47,16,1:20.419,NaN,NaN
2022,20,vettel,Sebastian Vettel,aston_martin,Aston Martin,5,17,1:20.419,NaN,NaN
2022,20,stroll,Lance Stroll,aston_martin,Aston Martin,18,18,1:20.520,NaN,NaN
2022,20,albon,Alexander Albon,williams,Williams,23,19,1:20.859,NaN,NaN
2022,20,latifi,Nicholas Latifi,williams,Williams,6,20,1:21.167,NaN,NaN
2022,21,kevin_magnussen,Kevin Magnussen,haas,Haas F1 Team,20,1,1:13.954,1:11.410,1:11.674
2022,21,max_verstappen,Max Verstappen,red_bull,Red Bull,1,2,1:13.625,1:10.881,1:11.877
2022,21,russell,George Russell,mercedes,Mercedes,63,3,1:14.427,1:11.318,1:12.059
2022,21,norris,Lando Norris,mclaren,McLaren,4,4,1:13.106,1:11.377,1:12.263
2022,21,sainz,Carlos Sainz,ferrari,Ferrari,55,5,1:14.680,1:10.890,1:12.357
2022,21,ocon,Esteban Ocon,alpine,Alpine F1 Team,31,6,1:14.663,1:11.587,1:12.425
2022,21,alonso,Fernando Alonso,alpine,Alpine F1 Team,14,7,1:13.542,1:11.394,1:12.504
2022,21,hamilton,Lewis Hamilton,mercedes,Mercedes,44,8,1:13.403,1:11.539,1:12.611
2022,21,perez,Sergio Pérez,red_bull,Red Bull,11,9,1:13.613,1:11.456,1:15.601
2022,21,leclerc,Charles Leclerc,ferrari,Ferrari,16,10,1:14.486,1:10.950,NaN
2022,21,albon,Alexander Albon,williams,Williams,23,11,1:14.324,1:11.631,NaN
2022,21,gasly,Pierre Gasly,alphatauri,AlphaTauri,10,12,1:14.371,1:11.675,NaN
2022,21,vettel,Sebastian Vettel,aston_martin,Aston Martin,5,13,1:13.597,1:11.678,NaN
2022,21,ricciardo,Daniel Ricciardo,mclaren,McLaren,3,14,1:14.931,1:12.140,NaN
2022,21,stroll,Lance Stroll,aston_martin,Aston Martin,18,15,1:14.398,1:12.210,NaN
2022,21,latifi,Nicholas Latifi,williams,Williams,6,16,1:15.095,NaN,NaN
2022,21,zhou,Guanyu Zhou,alfa,Alfa Romeo,24,17,1:15.197,NaN,NaN
2022,21,bottas,Valtteri Bottas,alfa,Alfa Romeo,77,18,1:15.486,NaN,NaN
2022,21,tsunoda,Yuki Tsunoda,alphatauri,AlphaTauri,22,19,1:16.264,NaN,NaN
2022,21,mick_schumacher,Mick Schumacher,haas,Haas F1 Team,47,20,1:16.361,NaN,NaN
2022,22,max_verstappen,Max Verstappen,red_bull,Red Bull,1,1,1:24.754,1:24.622,1:23.824
2022,22,perez,Sergio Pérez,red_bull,Red Bull,11,2,1:24.820,1:24.419,1:24.052
2022,22,leclerc,Charles Leclerc,ferrari,Ferrari,16,3,1:25.211,1:24.517,1:24.092
2022,22,sainz,Carlos Sainz,ferrari,Ferrari,55,4,1:25.090,1:24.521,1:24.242
2022,22,hamilton,Lewis Hamilton,mercedes,Mercedes,44,5,1:25.594,1:24.774,1:24.508
2022,22,russell,George Russell,mercedes,Mercedes,63,6,1:25.545,1:24.940,1:24.511
2022,22,norris,Lando Norris,mclaren,McLaren,4,7,1:25.387,1:24.903,1:24.769
2022,22,ocon,Esteban Ocon,alpine,Alpine F1 Team,31,8,1:25.735,1:25.007,1:24.830
2022,22,vettel,Sebastian Vettel,aston_martin,Aston Martin,5,9,1:25.523,1:24.974,1:24.961
2022,22,ricciardo,Daniel Ricciardo,mclaren,McLaren,3,10,1:25.766,1:25.068,1:25.045
2022,22,alonso,Fernando Alonso,alpine,Alpine F1 Team,14,11,1:25.782,1:25.096,NaN
2022,22,tsunoda,Yuki Tsunoda,alphatauri,AlphaTauri,22,12,1:25.630,1:25.219,NaN
2022,22,mick_schumacher,Mick Schumacher,haas,Haas F1 Team,47,13,1:25.711,1:25.225,NaN
2022,22,stroll,Lance Stroll,aston_martin,Aston Martin,18,14,1:25.741,1:25.359,NaN
2022,22,zhou,Guanyu Zhou,alfa,Alfa Romeo,24,15,1:25.594,1:25.408,NaN
2022,22,kevin_magnussen,Kevin Magnussen,haas,Haas F1 Team,20,16,1:25.834,NaN,NaN
2022,22,gasly,Pierre Gasly,alphatauri,AlphaTauri,10,17,1:25.859,NaN,NaN
2022,22,bottas,Valtteri Bottas,alfa,Alfa Romeo,77,18,1:25.892,NaN,NaN
2022,22,albon,Alexander Albon,williams,Williams,23,19,1:26.028,NaN,NaN
2022,22,latifi,Nicholas Latifi,williams,Williams,6,20,1:26.054,NaN,NaN
2023,1,max_verstappen,Max Verstappen,red_bull,Red Bull,1,1,1:31.295,1:30.503,1:29.708
2023,1,perez,Sergio Pérez,red_bull,Red Bull,11,2,1:31.479,1:30.746,1:29.846
2023,1,leclerc,Charles Leclerc,ferrari,Ferrari,16,3,1:31.094,1:30.282,1:30.000
2023,1,sainz,Carlos Sainz,ferrari,Ferrari,55,4,1:30.993,1:30.515,1:30.154
2023,1,alonso,Fernando Alonso,aston_martin,Aston Martin,14,5,1:31.158,1:30.645,1:30.336
2023,1,russell,George Russell,mercedes,Mercedes,63,6,1:31.057,1:30.507,1:30.340
2023,1,hamilton,Lewis Hamilton,mercedes,Mercedes,44,7,1:31.543,1:30.513,1:30.384
2023,1,stroll,Lance Stroll,aston_martin,Aston Martin,18,8,1:31.184,1:31.127,1:30.836
2023,1,ocon,Esteban Ocon,alpine,Alpine F1 Team,31,9,1:31.508,1:30.914,1:30.984
2023,1,hulkenberg,Nico Hülkenberg,haas,Haas F1 Team,27,10,1:31.204,1:30.809,NaN
2023,1,norris,Lando Norris,mclaren,McLaren,4,11,1:31.652,1:31.381,NaN
2023,1,bottas,Valtteri Bottas,alfa,Alfa Romeo,77,12,1:31.504,1:31.443,NaN
2023,1,zhou,Guanyu Zhou,alfa,Alfa Romeo,24,13,1:31.615,1:31.473,NaN
2023,1,tsunoda,Yuki Tsunoda,alphatauri,AlphaTauri,22,14,1:31.400,1:32.510,NaN
2023,1,albon,Alexander Albon,williams,Williams,23,15,1:31.461,NaN,NaN
2023,1,sargeant,Logan Sargeant,williams,Williams,2,16,1:31.652,NaN,NaN
2023,1,kevin_magnussen,Kevin Magnussen,haas,Haas F1 Team,20,17,1:31.892,NaN,NaN
2023,1,piastri,Oscar Piastri,mclaren,McLaren,81,18,1:32.101,NaN,NaN
2023,1,de_vries,Nyck de Vries,alphatauri,AlphaTauri,21,19,1:32.121,NaN,NaN
2023,1,gasly,Pierre Gasly,alpine,Alpine F1 Team,10,20,1:32.181,NaN,NaN
2023,2,perez,Sergio Pérez,red_bull,Red Bull,11,1,1:29.244,1:28.635,1:28.265
2023,2,leclerc,Charles Leclerc,ferrari,Ferrari,16,2,1:29.376,1:28.903,1:28.420
2023,2,alonso,Fernando Alonso,aston_martin,Aston Martin,14,3,1:29.298,1:28.757,1:28.730
2023,2,russell,George Russell,mercedes,Mercedes,63,4,1:29.592,1:29.132,1:28.857
2023,2,sainz,Carlos Sainz,ferrari,Ferrari,55,5,1:29.411,1:28.957,1:28.931
2023,2,stroll,Lance Stroll,aston_martin,Aston Martin,18,6,1:29.335,1:28.962,1:28.945
2023,2,ocon,Esteban Ocon,alpine,Alpine F1 Team,31,7,1:29.707,1:29.255,1:29.078
2023,2,hamilton,Lewis Hamilton,mercedes,Mercedes,44,8,1:29.689,1:29.374,1:29.223
2023,2,piastri,Oscar Piastri,mclaren,McLaren,81,9,1:29.706,1:29.378,1:29.243
2023,2,gasly,Pierre Gasly,alpine,Alpine F1 Team,10,10,1:29.890,1:29.411,1:29.357
2023,2,hulkenberg,Nico Hülkenberg,haas,Haas F1 Team,27,11,1:29.547,1:29.451,NaN
2023,2,zhou,Guanyu Zhou,alfa,Alfa Romeo,24,12,1:29.654,1:29.461,NaN
2023,2,kevin_magnussen,Kevin Magnussen,haas,Haas F1 Team,20,13,1:29.744,1:29.634,NaN
2023,2,bottas,Valtteri Bottas,alfa,Alfa Romeo,77,14,1:29.929,1:29.668,NaN
2023,2,max_verstappen,Max Verstappen,red_bull,Red Bull,1,15,1:28.761,1:49.953,NaN
2023,2,tsunoda,Yuki Tsunoda,alphatauri,AlphaTauri,22,16,1:29.939,NaN,NaN
2023,2,albon,Alexander Albon,williams,Williams,23,17,1:29.994,NaN,NaN
2023,2,de_vries,Nyck de Vries,alphatauri,AlphaTauri,21,18,1:30.244,NaN,NaN
2023,2,norris,Lando Norris,mclaren,McLaren,4,19,1:30.447,NaN,NaN
2023,2,sargeant,Logan Sargeant,williams,Williams,2,20,2:08.510,NaN,NaN
2023,3,max_verstappen,Max Verstappen,red_bull,Red Bull,1,1,1:17.384,1:17.056,1:16.732
2023,3,russell,George Russell,mercedes,Mercedes,63,2,1:17.654,1:17.513,1:16.968
2023,3,hamilton,Lewis Hamilton,mercedes,Mercedes,44,3,1:17.689,1:17.551,1:17.104
2023,3,alonso,Fernando Alonso,aston_martin,Aston Martin,14,4,1:17.832,1:17.283,1:17.139
2023,3,sainz,Carlos Sainz,ferrari,Ferrari,55,5,1:17.928,1:17.349,1:17.270
2023,3,stroll,Lance Stroll,aston_martin,Aston Martin,18,6,1:17.873,1:17.616,1:17.308
2023,3,leclerc,Charles Leclerc,ferrari,Ferrari,16,7,1:18.218,1:17.390,1:17.369
2023,3,albon,Alexander Albon,williams,Williams,23,8,1:17.962,1:17.761,1:17.609
2023,3,gasly,Pierre Gasly,alpine,Alpine F1 Team,10,9,1:18.312,1:17.574,1:17.675
2023,3,hulkenberg,Nico Hülkenberg,haas,Haas F1 Team,27,10,1:18.029,1:17.412,1:17.735
2023,3,ocon,Esteban Ocon,alpine,Alpine F1 Team,31,11,1:17.770,1:17.768,NaN
2023,3,tsunoda,Yuki Tsunoda,alphatauri,AlphaTauri,22,12,1:18.471,1:18.099,NaN
2023,3,norris,Lando Norris,mclaren,McLaren,4,13,1:18.243,1:18.119,NaN
2023,3,kevin_magnussen,Kevin Magnussen,haas,Haas F1 Team,20,14,1:18.159,1:18.129,NaN
2023,3,de_vries,Nyck de Vries,alphatauri,AlphaTauri,21,15,1:18.450,1:18.335,NaN
2023,3,piastri,Oscar Piastri,mclaren,McLaren,81,16,1:18.517,NaN,NaN
2023,3,zhou,Guanyu Zhou,alfa,Alfa Romeo,24,17,1:18.540,NaN,NaN
2023,3,sargeant,Logan Sargeant,williams,Williams,2,18,1:18.557,NaN,NaN
2023,3,bottas,Valtteri Bottas,alfa,Alfa Romeo,77,19,1:18.714,NaN,NaN
2023,3,perez,Sergio Pérez,red_bull,Red Bull,11,20,,NaN,NaN
2023,4,leclerc,Charles Leclerc,ferrari,Ferrari,16,1,1:41.269,1:41.037,1:40.203
2023,4,max_verstappen,Max Verstappen,red_bull,Red Bull,1,2,1:41.398,1:40.822,1:40.391
2023,4,perez,Sergio Pérez,red_bull,Red Bull,11,3,1:41.756,1:41.131,1:40.495
2023,4,sainz,Carlos Sainz,ferrari,Ferrari,55,4,1:42.197,1:41.369,1:41.016
2023,4,hamilton,Lewis Hamilton,mercedes,Mercedes,44,5,1:42.113,1:41.650,1:41.177
2023,4,alonso,Fernando Alonso,aston_martin,Aston Martin,14,6,1:41.720,1:41.370,1:41.253
2023,4,norris,Lando Norris,mclaren,McLaren,4,7,1:42.154,1:41.485,1:41.281
2023,4,tsunoda,Yuki Tsunoda,alphatauri,AlphaTauri,22,8,1:42.234,1:41.569,1:41.581
2023,4,stroll,Lance Stroll,aston_martin,Aston Martin,18,9,1:42.524,1:41.576,1:41.611
2023,4,piastri,Oscar Piastri,mclaren,McLaren,81,10,1:42.455,1:41.636,1:41.611
2023,4,russell,George Russell,mercedes,Mercedes,63,11,1:42.073,1:41.654,NaN
2023,4,ocon,Esteban Ocon,alpine,Alpine F1 Team,31,12,1:42.622,1:41.798,NaN
2023,4,albon,Alexander Albon,williams,Williams,23,13,1:42.171,1:41.818,NaN
2023,4,bottas,Valtteri Bottas,alfa,Alfa Romeo,77,14,1:42.582,1:42.259,NaN
2023,4,sargeant,Logan Sargeant,williams,Williams,2,15,1:42.242,1:42.395,NaN
2023,4,zhou,Guanyu Zhou,alfa,Alfa Romeo,24,16,1:42.642,NaN,NaN
2023,4,hulkenberg,Nico Hülkenberg,haas,Haas F1 Team,27,17,1:42.755,NaN,NaN
2023,4,kevin_magnussen,Kevin Magnussen,haas,Haas F1 Team,20,18,1:43.417,NaN,NaN
2023,4,gasly,Pierre Gasly,alpine,Alpine F1 Team,10,19,1:44.853,NaN,NaN
2023,4,de_vries,Nyck de Vries,alphatauri,AlphaTauri,21,20,,NaN,NaN
2023,5,perez,Sergio Pérez,red_bull,Red Bull,11,1,1:27.713,1:27.328,1:26.841
2023,5,alonso,Fernando Alonso,aston_martin,Aston Martin,14,2,1:28.179,1:27.097,1:27.202
2023,5,sainz,Carlos Sainz,ferrari,Ferrari,55,3,1:27.686,1:27.148,1:27.349
2023,5,kevin_magnussen,Kevin Magnussen,haas,Haas F1 Team,20,4,1:27.809,1:27.673,1:27.767
2023,5,gasly,Pierre Gasly,alpine,Alpine F1 Team,10,5,1:28.061,1:27.612,1:27.786
2023,5,russell,George Russell,mercedes,Mercedes,63,6,1:28.086,1:27.743,1:27.804
2023,5,leclerc,Charles Leclerc,ferrari,Ferrari,16,7,1:27.713,1:26.964,1:27.861
2023,5,ocon,Esteban Ocon,alpine,Alpine F1 Team,31,8,1:27.872,1:27.444,1:27.935
2023,5,max_verstappen,Max Verstappen,red_bull,Red Bull,1,9,1:27.363,1:26.814,NaN
2023,5,bottas,Valtteri Bottas,alfa,Alfa Romeo,77,10,1:27.864,1:27.564,NaN
2023,5,albon,Alexander Albon,williams,Williams,23,11,1:28.234,1:27.795,NaN
2023,5,hulkenberg,Nico Hülkenberg,haas,Haas F1 Team,27,12,1:27.945,1:27.903,NaN
2023,5,hamilton,Lewis Hamilton,mercedes,Mercedes,44,13,1:27.846,1:27.975,NaN
2023,5,zhou,Guanyu Zhou,alfa,Alfa Romeo,24,14,1:28.180,1:28.091,NaN
2023,5,de_vries,Nyck de Vries,alphatauri,AlphaTauri,21,15,1:28.325,1:28.395,NaN
2023,5,norris,Lando Norris,mclaren,McLaren,4,16,1:28.394,NaN,NaN
2023,5,tsunoda,Yuki Tsunoda,alphatauri,AlphaTauri,22,17,1:28.429,NaN,NaN
2023,5,stroll,Lance Stroll,aston_martin,Aston Martin,18,18,1:28.476,NaN,NaN
2023,5,piastri,Oscar Piastri,mclaren,McLaren,81,19,1:28.484,NaN,NaN
2023,5,sargeant,Logan Sargeant,williams,Williams,2,20,1:28.577,NaN,NaN
2023,6,max_verstappen,Max Verstappen,red_bull,Red Bull,1,1,1:12.386,1:11.908,1:11.365
2023,6,alonso,Fernando Alonso,aston_martin,Aston Martin,14,2,1:12.886,1:12.107,1:11.449
2023,6,leclerc,Charles Leclerc,ferrari,Ferrari,16,3,1:12.912,1:12.103,1:11.471
2023,6,ocon,Esteban Ocon,alpine,Alpine F1 Team,31,4,1:12.967,1:12.248,1:11.553
2023,6,sainz,Carlos Sainz,ferrari,Ferrari,55,5,1:12.717,1:12.210,1:11.630
2023,6,hamilton,Lewis Hamilton,mercedes,Mercedes,44,6,1:12.872,1:12.156,1:11.725
2023,6,gasly,Pierre Gasly,alpine,Alpine F1 Team,10,7,1:13.033,1:12.169,1:11.933
2023,6,russell,George Russell,mercedes,Mercedes,63,8,1:12.769,1:12.151,1:11.964
2023,6,tsunoda,Yuki Tsunoda,alphatauri,AlphaTauri,22,9,1:12.642,1:12.249,1:12.082
2023,6,norris,Lando Norris,mclaren,McLaren,4,10,1:12.877,1:12.377,1:12.254
2023,6,piastri,Oscar Piastri,mclaren,McLaren,81,11,1:13.006,1:12.395,NaN
2023,6,de_vries,Nyck de Vries,alphatauri,AlphaTauri,21,12,1:13.054,1:12.428,NaN
2023,6,albon,Alexander Albon,williams,Williams,23,13,1:12.706,1:12.527,NaN
2023,6,stroll,Lance Stroll,aston_martin,Aston Martin,18,14,1:12.722,1:12.623,NaN
2023,6,bottas,Valtteri Bottas,alfa,Alfa Romeo,77,15,1:13.038,1:12.625,NaN
2023,6,sargeant,Logan Sargeant,williams,Williams,2,16,1:13.113,NaN,NaN
2023,6,kevin_magnussen,Kevin Magnussen,haas,Haas F1 Team,20,17,1:13.270,NaN,NaN
2023,6,hulkenberg,Nico Hülkenberg,haas,Haas F1 Team,27,18,1:13.279,NaN,NaN
2023,6,zhou,Guanyu Zhou,alfa,Alfa Romeo,24,19,1:13.523,NaN,NaN
2023,6,perez,Sergio Pérez,red_bull,Red Bull,11,20,1:13.850,NaN,NaN
2023,7,max_verstappen,Max Verstappen,red_bull,Red Bull,1,1,1:13.615,1:12.760,1:12.272
2023,7,sainz,Carlos Sainz,ferrari,Ferrari,55,2,1:13.411,1:12.790,1:12.734
2023,7,norris,Lando Norris,mclaren,McLaren,4,3,1:13.295,1:12.776,1:12.792
2023,7,gasly,Pierre Gasly,alpine,Alpine F1 Team,10,4,1:13.471,1:13.186,1:12.816
2023,7,hamilton,Lewis Hamilton,mercedes,Mercedes,44,5,1:12.937,1:12.999,1:12.818
2023,7,stroll,Lance Stroll,aston_martin,Aston Martin,18,6,1:13.766,1:13.082,1:12.994
2023,7,ocon,Esteban Ocon,alpine,Alpine F1 Team,31,7,1:13.433,1:13.001,1:13.083
2023,7,hulkenberg,Nico Hülkenberg,haas,Haas F1 Team,27,8,1:13.420,1:13.283,1:13.229
2023,7,alonso,Fernando Alonso,aston_martin,Aston Martin,14,9,1:13.747,1:13.098,1:13.507
2023,7,piastri,Oscar Piastri,mclaren,McLaren,81,10,1:13.691,1:13.059,1:13.682
2023,7,perez,Sergio Pérez,red_bull,Red Bull,11,11,1:13.874,1:13.334,NaN
2023,7,russell,George Russell,mercedes,Mercedes,63,12,1:13.326,1:13.447,NaN
2023,7,zhou,Guanyu Zhou,alfa,Alfa Romeo,24,13,1:13.677,1:13.521,NaN
2023,7,de_vries,Nyck de Vries,alphatauri,AlphaTauri,21,14,1:13.581,1:14.083,NaN
2023,7,tsunoda,Yuki Tsunoda,alphatauri,AlphaTauri,22,15,1:13.862,1:14.477,NaN
2023,7,bottas,Valtteri Bottas,alfa,Alfa Romeo,77,16,1:13.977,NaN,NaN
2023,7,kevin_magnussen,Kevin Magnussen,haas,Haas F1 Team,20,17,1:14.042,NaN,NaN
2023,7,albon,Alexander Albon,williams,Williams,23,18,1:14.063,NaN,NaN
2023,7,leclerc,Charles Leclerc,ferrari,Ferrari,16,19,1:14.079,NaN,NaN
2023,7,sargeant,Logan Sargeant,williams,Williams,2,20,1:14.699,NaN,NaN
2023,8,max_verstappen,Max Verstappen,red_bull,Red Bull,1,1,1:20.851,1:19.092,1:25.858
2023,8,hulkenberg,Nico Hülkenberg,haas,Haas F1 Team,27,2,1:22.730,1:20.305,1:27.102
2023,8,alonso,Fernando Alonso,aston_martin,Aston Martin,14,3,1:21.481,1:19.776,1:27.286
2023,8,hamilton,Lewis Hamilton,mercedes,Mercedes,44,4,1:21.554,1:20.426,1:27.627
2023,8,russell,George Russell,mercedes,Mercedes,63,5,1:21.798,1:20.098,1:27.893
2023,8,ocon,Esteban Ocon,alpine,Alpine F1 Team,31,6,1:22.114,1:20.406,1:27.945
2023,8,norris,Lando Norris,mclaren,McLaren,4,7,1:21.998,1:19.347,1:28.046
2023,8,sainz,Carlos Sainz,ferrari,Ferrari,55,8,1:22.248,1:19.856,1:29.294
2023,8,piastri,Oscar Piastri,mclaren,McLaren,81,9,1:22.190,1:19.659,1:31.349
2023,8,albon,Alexander Albon,williams,Williams,23,10,1:21.938,1:18.725,NaN
2023,8,leclerc,Charles Leclerc,ferrari,Ferrari,16,11,1:21.843,1:20.615,NaN
2023,8,perez,Sergio Pérez,red_bull,Red Bull,11,12,1:22.151,1:20.959,NaN
2023,8,stroll,Lance Stroll,aston_martin,Aston Martin,18,13,1:22.677,1:21.484,NaN
2023,8,kevin_magnussen,Kevin Magnussen,haas,Haas F1 Team,20,14,1:22.351,1:21.678,NaN
2023,8,bottas,Valtteri Bottas,alfa,Alfa Romeo,77,15,1:22.332,1:21.821,NaN
2023,8,tsunoda,Yuki Tsunoda,alphatauri,AlphaTauri,22,16,1:22.746,NaN,NaN
2023,8,gasly,Pierre Gasly,alpine,Alpine F1 Team,10,17,1:22.886,NaN,NaN
2023,8,de_vries,Nyck de Vries,alphatauri,AlphaTauri,21,18,1:23.137,NaN,NaN
2023,8,sargeant,Logan Sargeant,williams,Williams,2,19,1:23.337,NaN,NaN
2023,8,zhou,Guanyu Zhou,alfa,Alfa Romeo,24,20,1:23.342,NaN,NaN
2023,9,max_verstappen,Max Verstappen,red_bull,Red Bull,1,1,1:05.116,1:04.951,1:04.391
2023,9,leclerc,Charles Leclerc,ferrari,Ferrari,16,2,1:05.577,1:05.087,1:04.439
2023,9,sainz,Carlos Sainz,ferrari,Ferrari,55,3,1:05.339,1:04.975,1:04.581
2023,9,norris,Lando Norris,mclaren,McLaren,4,4,1:05.617,1:05.038,1:04.658
2023,9,hamilton,Lewis Hamilton,mercedes,Mercedes,44,5,1:05.673,1:05.188,1:04.819
2023,9,stroll,Lance Stroll,aston_martin,Aston Martin,18,6,1:05.710,1:05.121,1:04.893
2023,9,alonso,Fernando Alonso,aston_martin,Aston Martin,14,7,1:05.655,1:05.181,1:04.911
2023,9,hulkenberg,Nico Hülkenberg,haas,Haas F1 Team,27,8,1:05.740,1:05.362,1:05.090
2023,9,gasly,Pierre Gasly,alpine,Alpine F1 Team,10,9,1:05.515,1:05.308,1:05.170
2023,9,albon,Alexander Albon,williams,Williams,23,10,1:05.673,1:05.387,1:05.823
2023,9,russell,George Russell,mercedes,Mercedes,63,11,1:05.686,1:05.428,NaN
2023,9,ocon,Esteban Ocon,alpine,Alpine F1 Team,31,12,1:05.729,1:05.453,NaN
2023,9,piastri,Oscar Piastri,mclaren,McLaren,81,13,1:05.683,1:05.605,NaN
2023,9,bottas,Valtteri Bottas,alfa,Alfa Romeo,77,14,1:05.763,1:05.680,NaN
2023,9,perez,Sergio Pérez,red_bull,Red Bull,11,15,1:05.177,2:06.688,NaN
2023,9,tsunoda,Yuki Tsunoda,alphatauri,AlphaTauri,22,16,1:05.784,NaN,NaN
2023,9,zhou,Guanyu Zhou,alfa,Alfa Romeo,24,17,1:05.818,NaN,NaN
2023,9,sargeant,Logan Sargeant,williams,Williams,2,18,1:05.948,NaN,NaN
2023,9,kevin_magnussen,Kevin Magnussen,haas,Haas F1 Team,20,19,1:05.971,NaN,NaN
2023,9,de_vries,Nyck de Vries,alphatauri,AlphaTauri,21,20,1:05.974,NaN,NaN
2023,10,max_verstappen,Max Verstappen,red_bull,Red Bull,1,1,1:29.428,1:27.702,1:26.720
2023,10,norris,Lando Norris,mclaren,McLaren,4,2,1:28.917,1:28.042,1:26.961
2023,10,piastri,Oscar Piastri,mclaren,McLaren,81,3,1:29.874,1:27.845,1:27.092
2023,10,leclerc,Charles Leclerc,ferrari,Ferrari,16,4,1:29.143,1:28.361,1:27.136
2023,10,sainz,Carlos Sainz,ferrari,Ferrari,55,5,1:29.865,1:28.265,1:27.148
2023,10,russell,George Russell,mercedes,Mercedes,63,6,1:29.412,1:28.782,1:27.155
2023,10,hamilton,Lewis Hamilton,mercedes,Mercedes,44,7,1:29.415,1:28.545,1:27.211
2023,10,albon,Alexander Albon,williams,Williams,23,8,1:29.466,1:28.067,1:27.530
2023,10,alonso,Fernando Alonso,aston_martin,Aston Martin,14,9,1:29.949,1:28.368,1:27.659
2023,10,gasly,Pierre Gasly,alpine,Alpine F1 Team,10,10,1:29.533,1:28.751,1:27.689
2023,10,hulkenberg,Nico Hülkenberg,haas,Haas F1 Team,27,11,1:29.603,1:28.896,NaN
2023,10,stroll,Lance Stroll,aston_martin,Aston Martin,18,12,1:29.448,1:28.935,NaN
2023,10,ocon,Esteban Ocon,alpine,Alpine F1 Team,31,13,1:29.700,1:28.956,NaN
2023,10,sargeant,Logan Sargeant,williams,Williams,2,14,1:29.873,1:29.031,NaN
2023,10,bottas,Valtteri Bottas,alfa,Alfa Romeo,77,15,1:29.798,NaN,NaN
2023,10,perez,Sergio Pérez,red_bull,Red Bull,11,16,1:29.968,NaN,NaN
2023,10,tsunoda,Yuki Tsunoda,alphatauri,AlphaTauri,22,17,1:30.025,NaN,NaN
2023,10,zhou,Guanyu Zhou,alfa,Alfa Romeo,24,18,1:30.123,NaN,NaN
2023,10,de_vries,Nyck de Vries,alphatauri,AlphaTauri,21,19,1:30.513,NaN,NaN
2023,10,kevin_magnussen,Kevin Magnussen,haas,Haas F1 Team,20,20,1:32.378,NaN,NaN
2023,11,hamilton,Lewis Hamilton,mercedes,Mercedes,44,1,1:18.577,1:17.427,1:16.609
2023,11,max_verstappen,Max Verstappen,red_bull,Red Bull,1,2,1:18.318,1:17.547,1:16.612
2023,11,norris,Lando Norris,mclaren,McLaren,4,3,1:18.697,1:17.328,1:16.694
2023,11,piastri,Oscar Piastri,mclaren,McLaren,81,4,1:18.464,1:17.571,1:16.905
2023,11,zhou,Guanyu Zhou,alfa,Alfa Romeo,24,5,1:18.143,1:17.700,1:16.971
2023,11,leclerc,Charles Leclerc,ferrari,Ferrari,16,6,1:18.440,1:17.580,1:16.992
2023,11,bottas,Valtteri Bottas,alfa,Alfa Romeo,77,7,1:18.775,1:17.563,1:17.034
2023,11,alonso,Fernando Alonso,aston_martin,Aston Martin,14,8,1:18.580,1:17.701,1:17.035
2023,11,perez,Sergio Pérez,red_bull,Red Bull,11,9,1:18.360,1:17.675,1:17.045
2023,11,hulkenberg,Nico Hülkenberg,haas,Haas F1 Team,27,10,1:18.695,1:17.652,1:17.186
2023,11,sainz,Carlos Sainz,ferrari,Ferrari,55,11,1:18.393,1:17.703,NaN
2023,11,ocon,Esteban Ocon,alpine,Alpine F1 Team,31,12,1:18.854,1:17.841,NaN
2023,11,ricciardo,Daniel Ricciardo,alphatauri,AlphaTauri,3,13,1:18.906,1:18.002,NaN
2023,11,stroll,Lance Stroll,aston_martin,Aston Martin,18,14,1:18.782,1:18.144,NaN
2023,11,gasly,Pierre Gasly,alpine,Alpine F1 Team,10,15,1:18.743,1:18.217,NaN
2023,11,albon,Alexander Albon,williams,Williams,23,16,1:18.917,NaN,NaN
2023,11,tsunoda,Yuki Tsunoda,alphatauri,AlphaTauri,22,17,1:18.919,NaN,NaN
2023,11,russell,George Russell,mercedes,Mercedes,63,18,1:19.027,NaN,NaN
2023,11,kevin_magnussen,Kevin Magnussen,haas,Haas F1 Team,20,19,1:19.206,NaN,NaN
2023,11,sargeant,Logan Sargeant,williams,Williams,2,20,1:19.248,NaN,NaN
2023,12,max_verstappen,Max Verstappen,red_bull,Red Bull,1,1,1:58.515,1:52.784,1:46.168
2023,12,leclerc,Charles Leclerc,ferrari,Ferrari,16,2,1:58.300,1:52.017,1:46.988
2023,12,perez,Sergio Pérez,red_bull,Red Bull,11,3,1:58.899,1:52.353,1:47.045
2023,12,hamilton,Lewis Hamilton,mercedes,Mercedes,44,4,1:58.563,1:52.345,1:47.087
2023,12,sainz,Carlos Sainz,ferrari,Ferrari,55,5,1:58.688,1:51.711,1:47.152
2023,12,piastri,Oscar Piastri,mclaren,McLaren,81,6,1:58.872,1:51.534,1:47.365
2023,12,norris,Lando Norris,mclaren,McLaren,4,7,1:59.981,1:52.252,1:47.669
2023,12,russell,George Russell,mercedes,Mercedes,63,8,1:59.035,1:52.605,1:47.805
2023,12,alonso,Fernando Alonso,aston_martin,Aston Martin,14,9,1:58.834,1:52.751,1:47.843
2023,12,stroll,Lance Stroll,aston_martin,Aston Martin,18,10,1:59.663,1:52.193,1:48.841
2023,12,tsunoda,Yuki Tsunoda,alphatauri,AlphaTauri,22,11,1:59.044,1:53.148,NaN
2023,12,gasly,Pierre Gasly,alpine,Alpine F1 Team,10,12,1:59.511,1:53.671,NaN
2023,12,kevin_magnussen,Kevin Magnussen,haas,Haas F1 Team,20,13,2:00.020,1:54.160,NaN
2023,12,bottas,Valtteri Bottas,alfa,Alfa Romeo,77,14,1:59.484,1:54.694,NaN
2023,12,ocon,Esteban Ocon,alpine,Alpine F1 Team,31,15,1:59.634,1:56.372,NaN
2023,12,albon,Alexander Albon,williams,Williams,23,16,2:00.314,NaN,NaN
2023,12,zhou,Guanyu Zhou,alfa,Alfa Romeo,24,17,2:00.832,NaN,NaN
2023,12,sargeant,Logan Sargeant,williams,Williams,2,18,2:01.535,NaN,NaN
2023,12,ricciardo,Daniel Ricciardo,alphatauri,AlphaTauri,3,19,2:02.159,NaN,NaN
2023,12,hulkenberg,Nico Hülkenberg,haas,Haas F1 Team,27,20,2:03.166,NaN,NaN
2023,13,max_verstappen,Max Verstappen,red_bull,Red Bull,1,1,1:20.965,1:18.856,1:10.567
2023,13,norris,Lando Norris,mclaren,McLaren,4,2,1:21.276,1:19.769,1:11.104
2023,13,russell,George Russell,mercedes,Mercedes,63,3,1:21.345,1:19.620,1:11.294
2023,13,albon,Alexander Albon,williams,Williams,23,4,1:20.939,1:19.399,1:11.419
2023,13,alonso,Fernando Alonso,aston_martin,Aston Martin,14,5,1:21.840,1:19.429,1:11.506
2023,13,sainz,Carlos Sainz,ferrari,Ferrari,55,6,1:21.321,1:19.929,1:11.754
2023,13,perez,Sergio Pérez,red_bull,Red Bull,11,7,1:21.972,1:19.856,1:11.880
2023,13,piastri,Oscar Piastri,mclaren,McLaren,81,8,1:21.231,1:19.392,1:11.938
2023,13,leclerc,Charles Leclerc,ferrari,Ferrari,16,9,1:22.019,1:19.600,1:12.665
2023,13,sargeant,Logan Sargeant,williams,Williams,2,10,1:22.036,1:20.067,1:16.748
2023,13,stroll,Lance Stroll,aston_martin,Aston Martin,18,11,1:21.570,1:20.121,NaN
2023,13,gasly,Pierre Gasly,alpine,Alpine F1 Team,10,12,1:21.735,1:20.128,NaN
2023,13,hamilton,Lewis Hamilton,mercedes,Mercedes,44,13,1:21.919,1:20.151,NaN
2023,13,tsunoda,Yuki Tsunoda,alphatauri,AlphaTauri,22,14,1:21.781,1:20.230,NaN
2023,13,hulkenberg,Nico Hülkenberg,haas,Haas F1 Team,27,15,1:21.891,1:20.250,NaN
2023,13,zhou,Guanyu Zhou,alfa,Alfa Romeo,24,16,1:22.067,NaN,NaN
2023,13,ocon,Esteban Ocon,alpine,Alpine F1 Team,31,17,1:22.110,NaN,NaN
2023,13,kevin_magnussen,Kevin Magnussen,haas,Haas F1 Team,20,18,1:22.192,NaN,NaN
2023,13,bottas,Valtteri Bottas,alfa,Alfa Romeo,77,19,1:22.260,NaN,NaN
2023,13,lawson,Liam Lawson,alphatauri,AlphaTauri,40,20,1:23.420,NaN,NaN
2023,14,sainz,Carlos Sainz,ferrari,Ferrari,55,1,1:21.965,1:20.991,1:20.294
2023,14,max_verstappen,Max Verstappen,red_bull,Red Bull,1,2,1:21.573,1:20.937,1:20.307
2023,14,leclerc,Charles Leclerc,ferrari,Ferrari,16,3,1:21.788,1:20.977,1:20.361
2023,14,russell,George Russell,mercedes,Mercedes,63,4,1:22.148,1:21.382,1:20.671
2023,14,perez,Sergio Pérez,red_bull,Red Bull,11,5,1:21.911,1:21.240,1:20.688
2023,14,albon,Alexander Albon,williams,Williams,23,6,1:21.661,1:21.272,1:20.760
2023,14,piastri,Oscar Piastri,mclaren,McLaren,81,7,1:22.106,1:21.527,1:20.785
2023,14,hamilton,Lewis Hamilton,mercedes,Mercedes,44,8,1:21.977,1:21.369,1:20.820
2023,14,norris,Lando Norris,mclaren,McLaren,4,9,1:21.995,1:21.581,1:20.979
2023,14,alonso,Fernando Alonso,aston_martin,Aston Martin,14,10,1:22.043,1:21.543,1:21.417
2023,14,tsunoda,Yuki Tsunoda,alphatauri,AlphaTauri,22,11,1:21.852,1:21.594,NaN
2023,14,lawson,Liam Lawson,alphatauri,AlphaTauri,40,12,1:22.112,1:21.758,NaN
2023,14,hulkenberg,Nico Hülkenberg,haas,Haas F1 Team,27,13,1:22.343,1:21.776,NaN
2023,14,bottas,Valtteri Bottas,alfa,Alfa Romeo,77,14,1:22.249,1:21.940,NaN
2023,14,sargeant,Logan Sargeant,williams,Williams,2,15,1:21.930,1:21.944,NaN
2023,14,zhou,Guanyu Zhou,alfa,Alfa Romeo,24,16,1:22.390,NaN,NaN
2023,14,gasly,Pierre Gasly,alpine,Alpine F1 Team,10,17,1:22.545,NaN,NaN
2023,14,ocon,Esteban Ocon,alpine,Alpine F1 Team,31,18,1:22.548,NaN,NaN
2023,14,kevin_magnussen,Kevin Magnussen,haas,Haas F1 Team,20,19,1:22.592,NaN,NaN
2023,14,stroll,Lance Stroll,aston_martin,Aston Martin,18,20,1:22.860,NaN,NaN
2023,15,sainz,Carlos Sainz,ferrari,Ferrari,55,1,1:32.339,1:31.439,1:30.984
2023,15,russell,George Russell,mercedes,Mercedes,63,2,1:32.331,1:31.743,1:31.056
2023,15,leclerc,Charles Leclerc,ferrari,Ferrari,16,3,1:32.406,1:32.012,1:31.063
2023,15,norris,Lando Norris,mclaren,McLaren,4,4,1:32.483,1:31.951,1:31.270
2023,15,hamilton,Lewis Hamilton,mercedes,Mercedes,44,5,1:32.651,1:32.019,1:31.485
2023,15,kevin_magnussen,Kevin Magnussen,haas,Haas F1 Team,20,6,1:32.242,1:31.892,1:31.575
2023,15,alonso,Fernando Alonso,aston_martin,Aston Martin,14,7,1:32.584,1:31.835,1:31.615
2023,15,ocon,Esteban Ocon,alpine,Alpine F1 Team,31,8,1:32.369,1:32.089,1:31.673
2023,15,hulkenberg,Nico Hülkenberg,haas,Haas F1 Team,27,9,1:32.100,1:31.994,1:31.808
2023,15,lawson,Liam Lawson,alphatauri,AlphaTauri,40,10,1:32.215,1:32.166,1:32.268
2023,15,max_verstappen,Max Verstappen,red_bull,Red Bull,1,11,1:32.398,1:32.173,NaN
2023,15,gasly,Pierre Gasly,alpine,Alpine F1 Team,10,12,1:32.452,1:32.274,NaN
2023,15,perez,Sergio Pérez,red_bull,Red Bull,11,13,1:32.099,1:32.310,NaN
2023,15,albon,Alexander Albon,williams,Williams,23,14,1:32.668,1:33.719,NaN
2023,15,tsunoda,Yuki Tsunoda,alphatauri,AlphaTauri,22,15,1:31.991,NaN,NaN
2023,15,bottas,Valtteri Bottas,alfa,Alfa Romeo,77,16,1:32.809,NaN,NaN
2023,15,piastri,Oscar Piastri,mclaren,McLaren,81,17,1:32.902,NaN,NaN
2023,15,sargeant,Logan Sargeant,williams,Williams,2,18,1:33.252,NaN,NaN
2023,15,zhou,Guanyu Zhou,alfa,Alfa Romeo,24,19,1:33.258,NaN,NaN
2023,15,stroll,Lance Stroll,aston_martin,Aston Martin,18,20,1:33.397,NaN,NaN
2023,16,max_verstappen,Max Verstappen,red_bull,Red Bull,1,1,1:29.878,1:29.964,1:28.877
2023,16,piastri,Oscar Piastri,mclaren,McLaren,81,2,1:30.439,1:30.122,1:29.458
2023,16,norris,Lando Norris,mclaren,McLaren,4,3,1:30.063,1:30.296,1:29.493
2023,16,leclerc,Charles Leclerc,ferrari,Ferrari,16,4,1:30.393,1:29.940,1:29.542
2023,16,perez,Sergio Pérez,red_bull,Red Bull,11,5,1:30.652,1:29.965,1:29.650
2023,16,sainz,Carlos Sainz,ferrari,Ferrari,55,6,1:30.651,1:30.067,1:29.850
2023,16,hamilton,Lewis Hamilton,mercedes,Mercedes,44,7,1:30.811,1:30.040,1:29.908
2023,16,russell,George Russell,mercedes,Mercedes,63,8,1:30.811,1:30.268,1:30.219
2023,16,tsunoda,Yuki Tsunoda,alphatauri,AlphaTauri,22,9,1:30.733,1:30.204,1:30.303
2023,16,alonso,Fernando Alonso,aston_martin,Aston Martin,14,10,1:30.971,1:30.465,1:30.560
2023,16,lawson,Liam Lawson,alphatauri,AlphaTauri,40,11,1:30.425,1:30.508,NaN
2023,16,gasly,Pierre Gasly,alpine,Alpine F1 Team,10,12,1:30.843,1:30.509,NaN
2023,16,albon,Alexander Albon,williams,Williams,23,13,1:30.941,1:30.537,NaN
2023,16,ocon,Esteban Ocon,alpine,Alpine F1 Team,31,14,1:30.960,1:30.586,NaN
2023,16,kevin_magnussen,Kevin Magnussen,haas,Haas F1 Team,20,15,1:30.976,1:30.665,NaN
2023,16,bottas,Valtteri Bottas,alfa,Alfa Romeo,77,16,1:31.049,NaN,NaN
2023,16,stroll,Lance Stroll,aston_martin,Aston Martin,18,17,1:31.181,NaN,NaN
2023,16,hulkenberg,Nico Hülkenberg,haas,Haas F1 Team,27,18,1:31.299,NaN,NaN
2023,16,zhou,Guanyu Zhou,alfa,Alfa Romeo,24,19,1:31.398,NaN,NaN
2023,16,sargeant,Logan Sargeant,williams,Williams,2,20,,NaN,NaN
2023,17,max_verstappen,Max Verstappen,red_bull,Red Bull,1,1,1:25.007,1:24.483,1:23.778
2023,17,russell,George Russell,mercedes,Mercedes,63,2,1:25.334,1:24.827,1:24.219
2023,17,hamilton,Lewis Hamilton,mercedes,Mercedes,44,3,1:26.076,1:24.381,1:24.305
2023,17,alonso,Fernando Alonso,aston_martin,Aston Martin,14,4,1:25.223,1:25.241,1:24.369
2023,17,leclerc,Charles Leclerc,ferrari,Ferrari,16,5,1:25.452,1:25.079,1:24.424
2023,17,piastri,Oscar Piastri,mclaren,McLaren,81,6,1:25.266,1:24.724,1:24.540
2023,17,gasly,Pierre Gasly,alpine,Alpine F1 Team,10,7,1:25.566,1:24.918,1:24.553
2023,17,ocon,Esteban Ocon,alpine,Alpine F1 Team,31,8,1:25.711,1:24.928,1:24.763
2023,17,bottas,Valtteri Bottas,alfa,Alfa Romeo,77,9,1:26.038,1:25.297,1:25.058
2023,17,norris,Lando Norris,mclaren,McLaren,4,10,1:25.131,1:24.685,NaN
2023,17,tsunoda,Yuki Tsunoda,alphatauri,AlphaTauri,22,11,1:26.058,1:25.301,NaN
2023,17,sainz,Carlos Sainz,ferrari,Ferrari,55,12,1:25.808,1:25.328,NaN
2023,17,perez,Sergio Pérez,red_bull,Red Bull,11,13,1:25.991,1:25.462,NaN
2023,17,albon,Alexander Albon,williams,Williams,23,14,1:26.118,1:25.707,NaN
2023,17,hulkenberg,Nico Hülkenberg,haas,Haas F1 Team,27,15,1:25.904,1:25.783,NaN
2023,17,sargeant,Logan Sargeant,williams,Williams,2,16,1:26.210,NaN,NaN
2023,17,stroll,Lance Stroll,aston_martin,Aston Martin,18,17,1:26.345,NaN,NaN
2023,17,lawson,Liam Lawson,alphatauri,AlphaTauri,40,18,1:26.635,NaN,NaN
2023,17,kevin_magnussen,Kevin Magnussen,haas,Haas F1 Team,20,19,1:27.046,NaN,NaN
2023,17,zhou,Guanyu Zhou,alfa,Alfa Romeo,24,20,1:27.432,NaN,NaN
2023,18,leclerc,Charles Leclerc,ferrari,Ferrari,16,1,1:36.061,1:35.004,1:34.723
2023,18,norris,Lando Norris,mclaren,McLaren,4,2,1:35.110,1:35.441,1:34.853
2023,18,hamilton,Lewis Hamilton,mercedes,Mercedes,44,3,1:35.091,1:35.240,1:34.862
2023,18,sainz,Carlos Sainz,ferrari,Ferrari,55,4,1:35.824,1:35.302,1:34.945
2023,18,russell,George Russell,mercedes,Mercedes,63,5,1:36.165,1:35.606,1:35.079
2023,18,max_verstappen,Max Verstappen,red_bull,Red Bull,1,6,1:35.346,1:35.008,1:35.081
2023,18,gasly,Pierre Gasly,alpine,Alpine F1 Team,10,7,1:36.158,1:35.496,1:35.089
2023,18,ocon,Esteban Ocon,alpine,Alpine F1 Team,31,8,1:36.131,1:35.413,1:35.154
2023,18,perez,Sergio Pérez,red_bull,Red Bull,11,9,1:35.989,1:35.679,1:35.173
2023,18,piastri,Oscar Piastri,mclaren,McLaren,81,10,1:36.064,1:35.576,1:35.467
2023,18,tsunoda,Yuki Tsunoda,alphatauri,AlphaTauri,22,11,1:35.913,1:35.697,NaN
2023,18,zhou,Guanyu Zhou,alfa,Alfa Romeo,24,12,1:36.052,1:35.698,NaN
2023,18,bottas,Valtteri Bottas,alfa,Alfa Romeo,77,13,1:36.082,1:35.858,NaN
2023,18,kevin_magnussen,Kevin Magnussen,haas,Haas F1 Team,20,14,1:36.009,1:35.880,NaN
2023,18,ricciardo,Daniel Ricciardo,alphatauri,AlphaTauri,3,15,1:36.213,1:35.974,NaN
2023,18,hulkenberg,Nico Hülkenberg,haas,Haas F1 Team,27,16,1:36.235,NaN,NaN
2023,18,alonso,Fernando Alonso,aston_martin,Aston Martin,14,17,1:36.268,NaN,NaN
2023,18,albon,Alexander Albon,williams,Williams,23,18,1:36.315,NaN,NaN
2023,18,stroll,Lance Stroll,aston_martin,Aston Martin,18,19,1:36.589,NaN,NaN
2023,18,sargeant,Logan Sargeant,williams,Williams,2,20,1:36.827,NaN,NaN
2023,19,leclerc,Charles Leclerc,ferrari,Ferrari,16,1,1:18.401,1:17.901,1:17.166
2023,19,sainz,Carlos Sainz,ferrari,Ferrari,55,2,1:18.755,1:18.382,1:17.233
2023,19,max_verstappen,Max Verstappen,red_bull,Red Bull,1,3,1:18.099,1:17.625,1:17.263
2023,19,ricciardo,Daniel Ricciardo,alphatauri,AlphaTauri,3,4,1:18.341,1:17.706,1:17.382
2023,19,perez,Sergio Pérez,red_bull,Red Bull,11,5,1:18.553,1:18.124,1:17.423
2023,19,hamilton,Lewis Hamilton,mercedes,Mercedes,44,6,1:18.677,1:17.571,1:17.454
2023,19,piastri,Oscar Piastri,mclaren,McLaren,81,7,1:18.241,1:17.874,1:17.623
2023,19,russell,George Russell,mercedes,Mercedes,63,8,1:18.893,1:17.673,1:17.674
2023,19,bottas,Valtteri Bottas,alfa,Alfa Romeo,77,9,1:18.429,1:18.016,1:18.032
2023,19,zhou,Guanyu Zhou,alfa,Alfa Romeo,24,10,1:19.016,1:18.440,1:18.050
2023,19,gasly,Pierre Gasly,alpine,Alpine F1 Team,10,11,1:18.945,1:18.521,NaN
2023,19,hulkenberg,Nico Hülkenberg,haas,Haas F1 Team,27,12,1:18.969,1:18.524,NaN
2023,19,alonso,Fernando Alonso,aston_martin,Aston Martin,14,13,1:18.848,1:18.738,NaN
2023,19,albon,Alexander Albon,williams,Williams,23,14,1:18.828,1:19.147,NaN
2023,19,tsunoda,Yuki Tsunoda,alphatauri,AlphaTauri,22,15,1:18.890,NaN,NaN
2023,19,ocon,Esteban Ocon,alpine,Alpine F1 Team,31,16,1:19.080,NaN,NaN
2023,19,kevin_magnussen,Kevin Magnussen,haas,Haas F1 Team,20,17,1:19.163,NaN,NaN
2023,19,stroll,Lance Stroll,aston_martin,Aston Martin,18,18,1:19.227,NaN,NaN
2023,19,norris,Lando Norris,mclaren,McLaren,4,19,1:21.554,NaN,NaN
2023,19,sargeant,Logan Sargeant,williams,Williams,2,20,,NaN,NaN
2023,20,max_verstappen,Max Verstappen,red_bull,Red Bull,1,1,1:10.436,1:10.162,1:10.727
2023,20,leclerc,Charles Leclerc,ferrari,Ferrari,16,2,1:10.472,1:10.303,1:11.021
2023,20,stroll,Lance Stroll,aston_martin,Aston Martin,18,3,1:10.551,1:10.375,1:11.344
2023,20,alonso,Fernando Alonso,aston_martin,Aston Martin,14,4,1:10.557,1:10.237,1:11.387
2023,20,hamilton,Lewis Hamilton,mercedes,Mercedes,44,5,1:10.604,1:10.266,1:11.469
2023,20,russell,George Russell,mercedes,Mercedes,63,6,1:10.340,1:10.316,1:11.590
2023,20,norris,Lando Norris,mclaren,McLaren,4,7,1:10.623,1:10.021,1:11.987
2023,20,sainz,Carlos Sainz,ferrari,Ferrari,55,8,1:10.624,1:10.254,1:11.989
2023,20,perez,Sergio Pérez,red_bull,Red Bull,11,9,1:10.668,1:10.219,1:12.321
2023,20,piastri,Oscar Piastri,mclaren,McLaren,81,10,1:10.519,1:10.330,NaN
2023,20,hulkenberg,Nico Hülkenberg,haas,Haas F1 Team,27,11,1:10.475,1:10.547,NaN
2023,20,ocon,Esteban Ocon,alpine,Alpine F1 Team,31,12,1:10.763,1:10.562,NaN
2023,20,gasly,Pierre Gasly,alpine,Alpine F1 Team,10,13,1:10.793,1:10.567,NaN
2023,20,kevin_magnussen,Kevin Magnussen,haas,Haas F1 Team,20,14,1:10.602,1:10.723,NaN
2023,20,albon,Alexander Albon,williams,Williams,23,15,1:10.621,1:10.840,NaN
2023,20,tsunoda,Yuki Tsunoda,alphatauri,AlphaTauri,22,16,1:10.837,NaN,NaN
2023,20,ricciardo,Daniel Ricciardo,alphatauri,AlphaTauri,3,17,1:10.843,NaN,NaN
2023,20,bottas,Valtteri Bottas,alfa,Alfa Romeo,77,18,1:10.955,NaN,NaN
2023,20,sargeant,Logan Sargeant,williams,Williams,2,19,1:11.035,NaN,NaN
2023,20,zhou,Guanyu Zhou,alfa,Alfa Romeo,24,20,1:11.275,NaN,NaN
2023,21,leclerc,Charles Leclerc,ferrari,Ferrari,16,1,1:33.617,1:32.775,1:32.726
2023,21,sainz,Carlos Sainz,ferrari,Ferrari,55,2,1:33.851,1:33.338,1:32.770
2023,21,max_verstappen,Max Verstappen,red_bull,Red Bull,1,3,1:34.190,1:33.572,1:33.104
2023,21,russell,George Russell,mercedes,Mercedes,63,4,1:34.137,1:33.351,1:33.112
2023,21,gasly,Pierre Gasly,alpine,Alpine F1 Team,10,5,1:34.272,1:33.494,1:33.239
2023,21,albon,Alexander Albon,williams,Williams,23,6,1:34.634,1:33.588,1:33.323
2023,21,sargeant,Logan Sargeant,williams,Williams,2,7,1:34.525,1:33.733,1:33.513
2023,21,bottas,Valtteri Bottas,alfa,Alfa Romeo,77,8,1:34.305,1:33.809,1:33.525
2023,21,kevin_magnussen,Kevin Magnussen,haas,Haas F1 Team,20,9,1:34.337,1:33.664,1:33.537
2023,21,alonso,Fernando Alonso,aston_martin,Aston Martin,14,10,1:34.422,1:33.617,1:33.555
2023,21,hamilton,Lewis Hamilton,mercedes,Mercedes,44,11,1:34.307,1:33.837,NaN
2023,21,perez,Sergio Pérez,red_bull,Red Bull,11,12,1:34.574,1:33.855,NaN
2023,21,hulkenberg,Nico Hülkenberg,haas,Haas F1 Team,27,13,1:34.265,1:33.979,NaN
2023,21,stroll,Lance Stroll,aston_martin,Aston Martin,18,14,1:34.504,1:34.199,NaN
2023,21,ricciardo,Daniel Ricciardo,alphatauri,AlphaTauri,3,15,1:34.683,1:34.308,NaN
2023,21,norris,Lando Norris,mclaren,McLaren,4,16,1:34.703,NaN,NaN
2023,21,ocon,Esteban Ocon,alpine,Alpine F1 Team,31,17,1:34.834,NaN,NaN
2023,21,zhou,Guanyu Zhou,alfa,Alfa Romeo,24,18,1:34.849,NaN,NaN
2023,21,piastri,Oscar Piastri,mclaren,McLaren,81,19,1:34.850,NaN,NaN
2023,21,tsunoda,Yuki Tsunoda,alphatauri,AlphaTauri,22,20,1:36.447,NaN,NaN
2023,22,max_verstappen,Max Verstappen,red_bull,Red Bull,1,1,1:24.160,1:23.740,1:23.445
2023,22,leclerc,Charles Leclerc,ferrari,Ferrari,16,2,1:24.459,1:23.969,1:23.584
2023,22,piastri,Oscar Piastri,mclaren,McLaren,81,3,1:24.487,1:24.278,1:23.782
2023,22,russell,George Russell,mercedes,Mercedes,63,4,1:24.337,1:24.013,1:23.788
2023,22,norris,Lando Norris,mclaren,McLaren,4,5,1:24.368,1:23.920,1:23.816
2023,22,tsunoda,Yuki Tsunoda,alphatauri,AlphaTauri,22,6,1:24.286,1:24.207,1:23.968
2023,22,alonso,Fernando Alonso,aston_martin,Aston Martin,14,7,1:24.501,1:24.131,1:24.084
2023,22,hulkenberg,Nico Hülkenberg,haas,Haas F1 Team,27,8,1:24.425,1:24.213,1:24.108
2023,22,perez,Sergio Pérez,red_bull,Red Bull,11,9,1:24.209,1:24.116,1:24.171
2023,22,gasly,Pierre Gasly,alpine,Alpine F1 Team,10,10,1:24.600,1:24.078,1:24.548
2023,22,hamilton,Lewis Hamilton,mercedes,Mercedes,44,11,1:24.437,1:24.359,NaN
2023,22,ocon,Esteban Ocon,alpine,Alpine F1 Team,31,12,1:24.565,1:24.391,NaN
2023,22,stroll,Lance Stroll,aston_martin,Aston Martin,18,13,1:24.405,1:24.422,NaN
2023,22,albon,Alexander Albon,williams,Williams,23,14,1:24.298,1:24.439,NaN
2023,22,ricciardo,Daniel Ricciardo,alphatauri,AlphaTauri,3,15,1:24.461,1:24.442,NaN
2023,22,sainz,Carlos Sainz,ferrari,Ferrari,55,16,1:24.738,NaN,NaN
2023,22,kevin_magnussen,Kevin Magnussen,haas,Haas F1 Team,20,17,1:24.764,NaN,NaN
2023,22,bottas,Valtteri Bottas,alfa,Alfa Romeo,77,18,1:24.788,NaN,NaN
2023,22,zhou,Guanyu Zhou,alfa,Alfa Romeo,24,19,1:25.159,NaN,NaN
2023,22,sargeant,Logan Sargeant,williams,Williams,2,20,,NaN,NaN
2024,1,max_verstappen,Max Verstappen,red_bull,Red Bull,1,1,1:30.031,1:29.374,1:29.179
2024,1,leclerc,Charles Leclerc,ferrari,Ferrari,16,2,1:30.243,1:29.165,1:29.407
2024,1,russell,George Russell,mercedes,Mercedes,63,3,1:30.350,1:29.922,1:29.485
2024,1,sainz,Carlos Sainz,ferrari,Ferrari,55,4,1:29.909,1:29.573,1:29.507
2024,1,perez,Sergio Pérez,red_bull,Red Bull,11,5,1:30.221,1:29.932,1:29.537
2024,1,alonso,Fernando Alonso,aston_martin,Aston Martin,14,6,1:30.179,1:29.801,1:29.542
2024,1,norris,Lando Norris,mclaren,McLaren,4,7,1:30.143,1:29.941,1:29.614
2024,1,piastri,Oscar Piastri,mclaren,McLaren,81,8,1:30.531,1:30.122,1:29.683
2024,1,hamilton,Lewis Hamilton,mercedes,Mercedes,44,9,1:30.451,1:29.718,1:29.710
2024,1,hulkenberg,Nico Hülkenberg,haas,Haas F1 Team,27,10,1:30.566,1:29.851,1:30.502
2024,1,tsunoda,Yuki Tsunoda,rb,RB F1 Team,22,11,1:30.481,1:30.129,NaN
2024,1,stroll,Lance Stroll,aston_martin,Aston Martin,18,12,1:29.965,1:30.200,NaN
2024,1,albon,Alexander Albon,williams,Williams,23,13,1:30.397,1:30.221,NaN
2024,1,ricciardo,Daniel Ricciardo,rb,RB F1 Team,3,14,1:30.562,1:30.278,NaN
2024,1,kevin_magnussen,Kevin Magnussen,haas,Haas F1 Team,20,15,1:30.646,1:30.529,NaN
2024,1,bottas,Valtteri Bottas,sauber,Sauber,77,16,1:30.756,NaN,NaN
2024,1,zhou,Guanyu Zhou,sauber,Sauber,24,17,1:30.757,NaN,NaN
2024,1,sargeant,Logan Sargeant,williams,Williams,2,18,1:30.770,NaN,NaN
2024,1,ocon,Esteban Ocon,alpine,Alpine F1 Team,31,19,1:30.793,NaN,NaN
2024,1,gasly,Pierre Gasly,alpine,Alpine F1 Team,10,20,1:30.948,NaN,NaN
2024,2,max_verstappen,Max Verstappen,red_bull,Red Bull,1,1,1:28.171,1:28.033,1:27.472
2024,2,leclerc,Charles Leclerc,ferrari,Ferrari,16,2,1:28.318,1:28.112,1:27.791
2024,2,perez,Sergio Pérez,red_bull,Red Bull,11,3,1:28.638,1:28.467,1:27.807
2024,2,alonso,Fernando Alonso,aston_martin,Aston Martin,14,4,1:28.706,1:28.122,1:27.846
2024,2,piastri,Oscar Piastri,mclaren,McLaren,81,5,1:28.755,1:28.343,1:28.089
2024,2,norris,Lando Norris,mclaren,McLaren,4,6,1:28.805,1:28.479,1:28.132
2024,2,russell,George Russell,mercedes,Mercedes,63,7,1:28.749,1:28.448,1:28.316
2024,2,hamilton,Lewis Hamilton,mercedes,Mercedes,44,8,1:28.994,1:28.606,1:28.460
2024,2,tsunoda,Yuki Tsunoda,rb,RB F1 Team,22,9,1:28.988,1:28.564,1:28.547
2024,2,stroll,Lance Stroll,aston_martin,Aston Martin,18,10,1:28.250,1:28.578,1:28.572
2024,2,bearman,Oliver Bearman,ferrari,Ferrari,38,11,1:28.984,1:28.642,NaN
2024,2,albon,Alexander Albon,williams,Williams,23,12,1:29.107,1:28.980,NaN
2024,2,kevin_magnussen,Kevin Magnussen,haas,Haas F1 Team,20,13,1:29.069,1:29.020,NaN
2024,2,ricciardo,Daniel Ricciardo,rb,RB F1 Team,3,14,1:29.065,1:29.025,NaN
2024,2,hulkenberg,Nico Hülkenberg,haas,Haas F1 Team,27,15,1:29.055,NaN,NaN
2024,2,bottas,Valtteri Bottas,sauber,Sauber,77,16,1:29.179,NaN,NaN
2024,2,ocon,Esteban Ocon,alpine,Alpine F1 Team,31,17,1:29.475,NaN,NaN
2024,2,gasly,Pierre Gasly,alpine,Alpine F1 Team,10,18,1:29.479,NaN,NaN
2024,2,sargeant,Logan Sargeant,williams,Williams,2,19,1:29.526,NaN,NaN
2024,2,zhou,Guanyu Zhou,sauber,Sauber,24,20,,NaN,NaN
2024,3,max_verstappen,Max Verstappen,red_bull,Red Bull,1,1,1:16.819,1:16.387,1:15.915
2024,3,sainz,Carlos Sainz,ferrari,Ferrari,55,2,1:16.731,1:16.189,1:16.185
2024,3,perez,Sergio Pérez,red_bull,Red Bull,11,3,1:16.805,1:16.631,1:16.274
2024,3,norris,Lando Norris,mclaren,McLaren,4,4,1:17.430,1:16.750,1:16.315
2024,3,leclerc,Charles Leclerc,ferrari,Ferrari,16,5,1:16.984,1:16.304,1:16.435
2024,3,piastri,Oscar Piastri,mclaren,McLaren,81,6,1:17.369,1:16.601,1:16.572
2024,3,russell,George Russell,mercedes,Mercedes,63,7,1:17.062,1:16.901,1:16.724
2024,3,tsunoda,Yuki Tsunoda,rb,RB F1 Team,22,8,1:17.356,1:16.791,1:16.788
2024,3,stroll,Lance Stroll,aston_martin,Aston Martin,18,9,1:17.376,1:16.780,1:17.072
2024,3,alonso,Fernando Alonso,aston_martin,Aston Martin,14,10,1:16.991,1:16.710,1:17.552
2024,3,hamilton,Lewis Hamilton,mercedes,Mercedes,44,11,1:17.499,1:16.960,NaN
2024,3,albon,Alexander Albon,williams,Williams,23,12,1:17.130,1:17.167,NaN
2024,3,bottas,Valtteri Bottas,sauber,Sauber,77,13,1:17.543,1:17.340,NaN
2024,3,kevin_magnussen,Kevin Magnussen,haas,Haas F1 Team,20,14,1:17.709,1:17.427,NaN
2024,3,ocon,Esteban Ocon,alpine,Alpine F1 Team,31,15,1:17.617,1:17.697,NaN
2024,3,hulkenberg,Nico Hülkenberg,haas,Haas F1 Team,27,16,1:17.976,NaN,NaN
2024,3,gasly,Pierre Gasly,alpine,Alpine F1 Team,10,17,1:17.982,NaN,NaN
2024,3,ricciardo,Daniel Ricciardo,rb,RB F1 Team,3,18,1:18.085,NaN,NaN
2024,3,zhou,Guanyu Zhou,sauber,Sauber,24,19,1:18.188,NaN,NaN
2024,4,max_verstappen,Max Verstappen,red_bull,Red Bull,1,1,1:28.866,1:28.740,1:28.197
2024,4,perez,Sergio Pérez,red_bull,Red Bull,11,2,1:29.303,1:28.752,1:28.263
2024,4,norris,Lando Norris,mclaren,McLaren,4,3,1:29.536,1:28.940,1:28.489
2024,4,sainz,Carlos Sainz,ferrari,Ferrari,55,4,1:29.513,1:29.099,1:28.682
2024,4,alonso,Fernando Alonso,aston_martin,Aston Martin,14,5,1:29.254,1:29.082,1:28.686
2024,4,piastri,Oscar Piastri,mclaren,McLaren,81,6,1:29.425,1:29.148,1:28.760
2024,4,hamilton,Lewis Hamilton,mercedes,Mercedes,44,7,1:29.661,1:28.887,1:28.766
2024,4,leclerc,Charles Leclerc,ferrari,Ferrari,16,8,1:29.338,1:29.196,1:28.786
2024,4,russell,George Russell,mercedes,Mercedes,63,9,1:29.799,1:29.140,1:29.008
2024,4,tsunoda,Yuki Tsunoda,rb,RB F1 Team,22,10,1:29.775,1:29.417,1:29.413
2024,4,ricciardo,Daniel Ricciardo,rb,RB F1 Team,3,11,1:29.727,1:29.472,NaN
2024,4,hulkenberg,Nico Hülkenberg,haas,Haas F1 Team,27,12,1:29.821,1:29.494,NaN
2024,4,bottas,Valtteri Bottas,sauber,Sauber,77,13,1:29.602,1:29.593,NaN
2024,4,albon,Alexander Albon,williams,Williams,23,14,1:29.963,1:29.714,NaN
2024,4,ocon,Esteban Ocon,alpine,Alpine F1 Team,31,15,1:29.811,1:29.816,NaN
2024,4,stroll,Lance Stroll,aston_martin,Aston Martin,18,16,1:30.024,NaN,NaN
2024,4,gasly,Pierre Gasly,alpine,Alpine F1 Team,10,17,1:30.119,NaN,NaN
2024,4,kevin_magnussen,Kevin Magnussen,haas,Haas F1 Team,20,18,1:30.131,NaN,NaN
2024,4,sargeant,Logan Sargeant,williams,Williams,2,19,1:30.139,NaN,NaN
2024,4,zhou,Guanyu Zhou,sauber,Sauber,24,20,1:30.143,NaN,NaN
2024,5,max_verstappen,Max Verstappen,red_bull,Red Bull,1,1,1:34.742,1:33.794,1:33.660
2024,5,perez,Sergio Pérez,red_bull,Red Bull,11,2,1:35.457,1:34.026,1:33.982
2024,5,alonso,Fernando Alonso,aston_martin,Aston Martin,14,3,1:35.116,1:34.652,1:34.148
2024,5,norris,Lando Norris,mclaren,McLaren,4,4,1:34.842,1:34.460,1:34.165
2024,5,piastri,Oscar Piastri,mclaren,McLaren,81,5,1:35.014,1:34.659,1:34.273
2024,5,leclerc,Charles Leclerc,ferrari,Ferrari,16,6,1:34.797,1:34.399,1:34.289
2024,5,sainz,Carlos Sainz,ferrari,Ferrari,55,7,1:34.970,1:34.368,1:34.297
2024,5,russell,George Russell,mercedes,Mercedes,63,8,1:35.084,1:34.609,1:34.433
2024,5,hulkenberg,Nico Hülkenberg,haas,Haas F1 Team,27,9,1:35.068,1:34.667,1:34.604
2024,5,bottas,Valtteri Bottas,sauber,Sauber,77,10,1:35.169,1:34.769,1:34.665
2024,5,stroll,Lance Stroll,aston_martin,Aston Martin,18,11,1:35.334,1:34.838,NaN
2024,5,ricciardo,Daniel Ricciardo,rb,RB F1 Team,3,12,1:35.443,1:34.934,NaN
2024,5,ocon,Esteban Ocon,alpine,Alpine F1 Team,31,13,1:35.356,1:35.223,NaN
2024,5,albon,Alexander Albon,williams,Williams,23,14,1:35.384,1:35.241,NaN
2024,5,gasly,Pierre Gasly,alpine,Alpine F1 Team,10,15,1:35.287,1:35.463,NaN
2024,5,zhou,Guanyu Zhou,sauber,Sauber,24,16,1:35.505,NaN,NaN
2024,5,kevin_magnussen,Kevin Magnussen,haas,Haas F1 Team,20,17,1:35.516,NaN,NaN
2024,5,hamilton,Lewis Hamilton,mercedes,Mercedes,44,18,1:35.573,NaN,NaN
2024,5,tsunoda,Yuki Tsunoda,rb,RB F1 Team,22,19,1:35.746,NaN,NaN
2024,5,sargeant,Logan Sargeant,williams,Williams,2,20,1:36.358,NaN,NaN
2024,6,max_verstappen,Max Verstappen,red_bull,Red Bull,1,1,1:27.689,1:27.566,1:27.241
2024,6,leclerc,Charles Leclerc,ferrari,Ferrari,16,2,1:28.081,1:27.533,1:27.382
2024,6,sainz,Carlos Sainz,ferrari,Ferrari,55,3,1:27.937,1:27.941,1:27.455
2024,6,perez,Sergio Pérez,red_bull,Red Bull,11,4,1:27.772,1:27.839,1:27.460
2024,6,norris,Lando Norris,mclaren,McLaren,4,5,1:27.913,1:27.871,1:27.594
2024,6,piastri,Oscar Piastri,mclaren,McLaren,81,6,1:28.032,1:27.721,1:27.675
2024,6,russell,George Russell,mercedes,Mercedes,63,7,1:28.159,1:28.095,1:28.067
2024,6,hamilton,Lewis Hamilton,mercedes,Mercedes,44,8,1:28.167,1:27.697,1:28.107
2024,6,hulkenberg,Nico Hülkenberg,haas,Haas F1 Team,27,9,1:28.383,1:28.200,1:28.146
2024,6,tsunoda,Yuki Tsunoda,rb,RB F1 Team,22,10,1:28.324,1:28.167,1:28.192
2024,6,stroll,Lance Stroll,aston_martin,Aston Martin,18,11,1:28.177,1:28.222,NaN
2024,6,gasly,Pierre Gasly,alpine,Alpine F1 Team,10,12,1:27.976,1:28.324,NaN
2024,6,ocon,Esteban Ocon,alpine,Alpine F1 Team,31,13,1:28.209,1:28.371,NaN
2024,6,albon,Alexander Albon,williams,Williams,23,14,1:28.343,1:28.413,NaN
2024,6,alonso,Fernando Alonso,aston_martin,Aston Martin,14,15,1:28.453,1:28.427,NaN
2024,6,bottas,Valtteri Bottas,sauber,Sauber,77,16,1:28.463,NaN,NaN
2024,6,sargeant,Logan Sargeant,williams,Williams,2,17,1:28.487,NaN,NaN
2024,6,ricciardo,Daniel Ricciardo,rb,RB F1 Team,3,18,1:28.617,NaN,NaN
2024,6,kevin_magnussen,Kevin Magnussen,haas,Haas F1 Team,20,19,1:28.619,NaN,NaN
2024,6,zhou,Guanyu Zhou,sauber,Sauber,24,20,1:28.824,NaN,NaN
2024,7,max_verstappen,Max Verstappen,red_bull,Red Bull,1,1,1:15.762,1:15.176,1:14.746
2024,7,piastri,Oscar Piastri,mclaren,McLaren,81,2,1:15.940,1:15.407,1:14.820
2024,7,norris,Lando Norris,mclaren,McLaren,4,3,1:15.915,1:15.371,1:14.837
2024,7,leclerc,Charles Leclerc,ferrari,Ferrari,16,4,1:15.823,1:15.328,1:14.970
2024,7,sainz,Carlos Sainz,ferrari,Ferrari,55,5,1:16.015,1:15.512,1:15.233
2024,7,russell,George Russell,mercedes,Mercedes,63,6,1:16.107,1:15.671,1:15.234
2024,7,tsunoda,Yuki Tsunoda,rb,RB F1 Team,22,7,1:15.894,1:15.358,1:15.465
2024,7,hamilton,Lewis Hamilton,mercedes,Mercedes,44,8,1:16.604,1:15.677,1:15.504
2024,7,ricciardo,Daniel Ricciardo,rb,RB F1 Team,3,9,1:16.060,1:15.691,1:15.674
2024,7,hulkenberg,Nico Hülkenberg,haas,Haas F1 Team,27,10,1:15.841,1:15.569,1:15.980
2024,7,perez,Sergio Pérez,red_bull,Red Bull,11,11,1:16.404,1:15.706,NaN
2024,7,ocon,Esteban Ocon,alpine,Alpine F1 Team,31,12,1:16.361,1:15.906,NaN
2024,7,stroll,Lance Stroll,aston_martin,Aston Martin,18,13,1:16.458,1:15.992,NaN
2024,7,albon,Alexander Albon,williams,Williams,23,14,1:16.524,1:16.200,NaN
2024,7,gasly,Pierre Gasly,alpine,Alpine F1 Team,10,15,1:16.015,1:16.381,NaN
2024,7,bottas,Valtteri Bottas,sauber,Sauber,77,16,1:16.626,NaN,NaN
2024,7,zhou,Guanyu Zhou,sauber,Sauber,24,17,1:16.834,NaN,NaN
2024,7,kevin_magnussen,Kevin Magnussen,haas,Haas F1 Team,20,18,1:16.854,NaN,NaN
2024,7,alonso,Fernando Alonso,aston_martin,Aston Martin,14,19,1:16.917,NaN,NaN
2024,7,sargeant,Logan Sargeant,williams,Williams,2,20,,NaN,NaN
2024,8,leclerc,Charles Leclerc,ferrari,Ferrari,16,1,1:11.584,1:10.825,1:10.270
2024,8,piastri,Oscar Piastri,mclaren,McLaren,81,2,1:11.500,1:10.756,1:10.424
2024,8,sainz,Carlos Sainz,ferrari,Ferrari,55,3,1:11.543,1:11.075,1:10.518
2024,8,norris,Lando Norris,mclaren,McLaren,4,4,1:11.760,1:10.732,1:10.542
2024,8,russell,George Russell,mercedes,Mercedes,63,5,1:11.492,1:10.929,1:10.543
2024,8,max_verstappen,Max Verstappen,red_bull,Red Bull,1,6,1:11.711,1:10.745,1:10.567
2024,8,hamilton,Lewis Hamilton,mercedes,Mercedes,44,7,1:11.528,1:11.056,1:10.621
2024,8,tsunoda,Yuki Tsunoda,rb,RB F1 Team,22,8,1:11.852,1:11.106,1:10.858
2024,8,albon,Alexander Albon,williams,Williams,23,9,1:11.623,1:11.216,1:10.948
2024,8,gasly,Pierre Gasly,alpine,Alpine F1 Team,10,10,1:11.714,1:10.896,1:11.311
2024,8,ocon,Esteban Ocon,alpine,Alpine F1 Team,31,11,1:11.887,1:11.285,NaN
2024,8,hulkenberg,Nico Hülkenberg,haas,Haas F1 Team,27,12,1:11.876,1:11.440,NaN
2024,8,ricciardo,Daniel Ricciardo,rb,RB F1 Team,3,13,1:11.785,1:11.482,NaN
2024,8,stroll,Lance Stroll,aston_martin,Aston Martin,18,14,1:11.728,1:11.563,NaN
2024,8,kevin_magnussen,Kevin Magnussen,haas,Haas F1 Team,20,15,1:11.832,1:11.725,NaN
2024,8,alonso,Fernando Alonso,aston_martin,Aston Martin,14,16,1:12.019,NaN,NaN
2024,8,sargeant,Logan Sargeant,williams,Williams,2,17,1:12.020,NaN,NaN
2024,8,perez,Sergio Pérez,red_bull,Red Bull,11,18,1:12.060,NaN,NaN
2024,8,bottas,Valtteri Bottas,sauber,Sauber,77,19,1:12.512,NaN,NaN
2024,8,zhou,Guanyu Zhou,sauber,Sauber,24,20,1:13.028,NaN,NaN
2024,9,russell,George Russell,mercedes,Mercedes,63,1,1:13.013,1:11.742,1:12.000
2024,9,max_verstappen,Max Verstappen,red_bull,Red Bull,1,2,1:12.360,1:12.549,1:12.000
2024,9,norris,Lando Norris,mclaren,McLaren,4,3,1:12.959,1:12.201,1:12.021
2024,9,piastri,Oscar Piastri,mclaren,McLaren,81,4,1:12.907,1:12.462,1:12.103
2024,9,ricciardo,Daniel Ricciardo,rb,RB F1 Team,3,5,1:13.240,1:12.572,1:12.178
2024,9,alonso,Fernando Alonso,aston_martin,Aston Martin,14,6,1:13.117,1:12.635,1:12.228
2024,9,hamilton,Lewis Hamilton,mercedes,Mercedes,44,7,1:12.851,1:11.979,1:12.280
2024,9,tsunoda,Yuki Tsunoda,rb,RB F1 Team,22,8,1:12.748,1:12.303,1:12.414
2024,9,stroll,Lance Stroll,aston_martin,Aston Martin,18,9,1:13.088,1:12.659,1:12.701
2024,9,albon,Alexander Albon,williams,Williams,23,10,1:12.896,1:12.485,1:12.796
2024,9,leclerc,Charles Leclerc,ferrari,Ferrari,16,11,1:13.107,1:12.691,NaN
2024,9,sainz,Carlos Sainz,ferrari,Ferrari,55,12,1:13.038,1:12.728,NaN
2024,9,sargeant,Logan Sargeant,williams,Williams,2,13,1:13.063,1:12.736,NaN
2024,9,kevin_magnussen,Kevin Magnussen,haas,Haas F1 Team,20,14,1:13.217,1:12.916,NaN
2024,9,gasly,Pierre Gasly,alpine,Alpine F1 Team,10,15,1:13.289,1:12.940,NaN
2024,9,perez,Sergio Pérez,red_bull,Red Bull,11,16,1:13.326,NaN,NaN
2024,9,bottas,Valtteri Bottas,sauber,Sauber,77,17,1:13.366,NaN,NaN
2024,9,ocon,Esteban Ocon,alpine,Alpine F1 Team,31,18,1:13.435,NaN,NaN
2024,9,hulkenberg,Nico Hülkenberg,haas,Haas F1 Team,27,19,1:13.978,NaN,NaN
2024,9,zhou,Guanyu Zhou,sauber,Sauber,24,20,1:14.292,NaN,NaN
2024,10,norris,Lando Norris,mclaren,McLaren,4,1,1:12.386,1:11.872,1:11.383
2024,10,max_verstappen,Max Verstappen,red_bull,Red Bull,1,2,1:12.306,1:11.653,1:11.403
2024,10,hamilton,Lewis Hamilton,mercedes,Mercedes,44,3,1:12.143,1:11.792,1:11.701
2024,10,russell,George Russell,mercedes,Mercedes,63,4,1:12.456,1:11.812,1:11.703
2024,10,leclerc,Charles Leclerc,ferrari,Ferrari,16,5,1:12.257,1:12.038,1:11.731
2024,10,sainz,Carlos Sainz,ferrari,Ferrari,55,6,1:12.403,1:11.874,1:11.736
2024,10,gasly,Pierre Gasly,alpine,Alpine F1 Team,10,7,1:12.651,1:12.079,1:11.857
2024,10,perez,Sergio Pérez,red_bull,Red Bull,11,8,1:12.477,1:12.054,1:12.061
2024,10,ocon,Esteban Ocon,alpine,Alpine F1 Team,31,9,1:12.691,1:12.109,1:12.125
2024,10,piastri,Oscar Piastri,mclaren,McLaren,81,10,1:12.460,1:12.011,NaN
2024,10,alonso,Fernando Alonso,aston_martin,Aston Martin,14,11,1:12.505,1:12.128,NaN
2024,10,bottas,Valtteri Bottas,sauber,Sauber,77,12,1:12.758,1:12.227,NaN
2024,10,hulkenberg,Nico Hülkenberg,haas,Haas F1 Team,27,13,1:12.708,1:12.310,NaN
2024,10,stroll,Lance Stroll,aston_martin,Aston Martin,18,14,1:12.881,1:12.372,NaN
2024,10,zhou,Guanyu Zhou,sauber,Sauber,24,15,1:12.880,1:12.738,NaN
2024,10,kevin_magnussen,Kevin Magnussen,haas,Haas F1 Team,20,16,1:12.937,NaN,NaN
2024,10,tsunoda,Yuki Tsunoda,rb,RB F1 Team,22,17,1:12.985,NaN,NaN
2024,10,ricciardo,Daniel Ricciardo,rb,RB F1 Team,3,18,1:13.075,NaN,NaN
2024,10,albon,Alexander Albon,williams,Williams,23,19,1:13.153,NaN,NaN
2024,10,sargeant,Logan Sargeant,williams,Williams,2,20,1:13.509,NaN,NaN
2024,11,max_verstappen,Max Verstappen,red_bull,Red Bull,1,1,1:05.336,1:04.469,1:04.314
2024,11,norris,Lando Norris,mclaren,McLaren,4,2,1:05.450,1:05.103,1:04.718
2024,11,russell,George Russell,mercedes,Mercedes,63,3,1:05.585,1:05.016,1:04.840
2024,11,sainz,Carlos Sainz,ferrari,Ferrari,55,4,1:05.263,1:05.016,1:04.851
2024,11,hamilton,Lewis Hamilton,mercedes,Mercedes,44,5,1:05.541,1:05.053,1:04.903
2024,11,leclerc,Charles Leclerc,ferrari,Ferrari,16,6,1:05.509,1:05.104,1:05.044
2024,11,piastri,Oscar Piastri,mclaren,McLaren,81,7,1:05.311,1:05.070,1:05.048
2024,11,perez,Sergio Pérez,red_bull,Red Bull,11,8,1:05.587,1:05.144,1:05.202
2024,11,hulkenberg,Nico Hülkenberg,haas,Haas F1 Team,27,9,1:05.596,1:05.262,1:05.385
2024,11,ocon,Esteban Ocon,alpine,Alpine F1 Team,31,10,1:05.574,1:05.274,1:05.883
2024,11,ricciardo,Daniel Ricciardo,rb,RB F1 Team,3,11,1:05.569,1:05.289,NaN
2024,11,kevin_magnussen,Kevin Magnussen,haas,Haas F1 Team,20,12,1:05.508,1:05.347,NaN
2024,11,gasly,Pierre Gasly,alpine,Alpine F1 Team,10,13,1:05.598,1:05.359,NaN
2024,11,tsunoda,Yuki Tsunoda,rb,RB F1 Team,22,14,1:05.563,1:05.412,NaN
2024,11,alonso,Fernando Alonso,aston_martin,Aston Martin,14,15,1:05.656,1:05.639,NaN
2024,11,albon,Alexander Albon,williams,Williams,23,16,1:05.736,NaN,NaN
2024,11,stroll,Lance Stroll,aston_martin,Aston Martin,18,17,1:05.819,NaN,NaN
2024,11,bottas,Valtteri Bottas,sauber,Sauber,77,18,1:05.847,NaN,NaN
2024,11,sargeant,Logan Sargeant,williams,Williams,2,19,1:05.856,NaN,NaN
2024,11,zhou,Guanyu Zhou,sauber,Sauber,24,20,1:06.061,NaN,NaN
2024,12,russell,George Russell,mercedes,Mercedes,63,1,1:30.106,1:26.723,1:25.819
2024,12,hamilton,Lewis Hamilton,mercedes,Mercedes,44,2,1:29.547,1:26.770,1:25.990
2024,12,norris,Lando Norris,mclaren,McLaren,4,3,1:31.596,1:26.559,1:26.030
2024,12,max_verstappen,Max Verstappen,red_bull,Red Bull,1,4,1:31.342,1:26.796,1:26.203
2024,12,piastri,Oscar Piastri,mclaren,McLaren,81,5,1:30.895,1:26.733,1:26.237
2024,12,hulkenberg,Nico Hülkenberg,haas,Haas F1 Team,27,6,1:31.929,1:26.847,1:26.338
2024,12,sainz,Carlos Sainz,ferrari,Ferrari,55,7,1:30.557,1:26.843,1:26.509
2024,12,stroll,Lance Stroll,aston_martin,Aston Martin,18,8,1:31.410,1:26.938,1:26.585
2024,12,albon,Alexander Albon,williams,Williams,23,9,1:31.135,1:26.933,1:26.640
2024,12,alonso,Fernando Alonso,aston_martin,Aston Martin,14,10,1:31.264,1:26.730,1:26.917
2024,12,leclerc,Charles Leclerc,ferrari,Ferrari,16,11,1:30.496,1:27.097,NaN
2024,12,sargeant,Logan Sargeant,williams,Williams,2,12,1:31.608,1:27.175,NaN
2024,12,tsunoda,Yuki Tsunoda,rb,RB F1 Team,22,13,1:30.994,1:27.269,NaN
2024,12,zhou,Guanyu Zhou,sauber,Sauber,24,14,1:31.190,1:27.867,NaN
2024,12,ricciardo,Daniel Ricciardo,rb,RB F1 Team,3,15,1:31.291,1:27.949,NaN
2024,12,bottas,Valtteri Bottas,sauber,Sauber,77,16,1:32.431,NaN,NaN
2024,12,kevin_magnussen,Kevin Magnussen,haas,Haas F1 Team,20,17,1:32.905,NaN,NaN
2024,12,ocon,Esteban Ocon,alpine,Alpine F1 Team,31,18,1:34.557,NaN,NaN
2024,12,perez,Sergio Pérez,red_bull,Red Bull,11,19,1:38.348,NaN,NaN
2024,12,gasly,Pierre Gasly,alpine,Alpine F1 Team,10,20,1:39.804,NaN,NaN
2024,13,norris,Lando Norris,mclaren,McLaren,4,1,1:17.755,1:15.540,1:15.227
2024,13,piastri,Oscar Piastri,mclaren,McLaren,81,2,1:17.504,1:15.785,1:15.249
2024,13,max_verstappen,Max Verstappen,red_bull,Red Bull,1,3,1:17.087,1:15.770,1:15.273
2024,13,sainz,Carlos Sainz,ferrari,Ferrari,55,4,1:17.244,1:15.885,1:15.696
2024,13,hamilton,Lewis Hamilton,mercedes,Mercedes,44,5,1:17.087,1:16.307,1:15.854
2024,13,leclerc,Charles Leclerc,ferrari,Ferrari,16,6,1:17.437,1:15.891,1:15.905
2024,13,alonso,Fernando Alonso,aston_martin,Aston Martin,14,7,1:17.624,1:16.117,1:16.043
2024,13,stroll,Lance Stroll,aston_martin,Aston Martin,18,8,1:17.405,1:16.075,1:16.244
2024,13,ricciardo,Daniel Ricciardo,rb,RB F1 Team,3,9,1:17.050,1:16.202,1:16.447
2024,13,tsunoda,Yuki Tsunoda,rb,RB F1 Team,22,10,1:17.436,1:16.121,1:16.477
2024,13,hulkenberg,Nico Hülkenberg,haas,Haas F1 Team,27,11,1:17.362,1:16.317,NaN
2024,13,bottas,Valtteri Bottas,sauber,Sauber,77,12,1:17.487,1:16.384,NaN
2024,13,albon,Alexander Albon,williams,Williams,23,13,1:17.280,1:16.429,NaN
2024,13,sargeant,Logan Sargeant,williams,Williams,2,14,1:17.770,1:16.543,NaN
2024,13,kevin_magnussen,Kevin Magnussen,haas,Haas F1 Team,20,15,1:17.851,1:16.548,NaN
2024,13,perez,Sergio Pérez,red_bull,Red Bull,11,16,1:17.886,NaN,NaN
2024,13,russell,George Russell,mercedes,Mercedes,63,17,1:17.968,NaN,NaN
2024,13,zhou,Guanyu Zhou,sauber,Sauber,24,18,1:18.037,NaN,NaN
2024,13,ocon,Esteban Ocon,alpine,Alpine F1 Team,31,19,1:18.049,NaN,NaN
2024,13,gasly,Pierre Gasly,alpine,Alpine F1 Team,10,20,1:18.166,NaN,NaN
2024,14,max_verstappen,Max Verstappen,red_bull,Red Bull,1,1,1:54.938,1:53.837,1:53.159
2024,14,leclerc,Charles Leclerc,ferrari,Ferrari,16,2,1:55.349,1:54.193,1:53.754
2024,14,perez,Sergio Pérez,red_bull,Red Bull,11,3,1:55.139,1:54.470,1:53.765
2024,14,hamilton,Lewis Hamilton,mercedes,Mercedes,44,4,1:55.692,1:54.037,1:53.835
2024,14,norris,Lando Norris,mclaren,McLaren,4,5,1:55.582,1:54.358,1:53.981
2024,14,piastri,Oscar Piastri,mclaren,McLaren,81,6,1:54.835,1:54.136,1:54.027
2024,14,russell,George Russell,mercedes,Mercedes,63,7,1:55.353,1:54.095,1:54.184
2024,14,sainz,Carlos Sainz,ferrari,Ferrari,55,8,1:55.169,1:54.112,1:54.477
2024,14,alonso,Fernando Alonso,aston_martin,Aston Martin,14,9,1:55.489,1:54.258,1:54.765
2024,14,ocon,Esteban Ocon,alpine,Alpine F1 Team,31,10,1:55.417,1:54.460,1:54.810
2024,14,albon,Alexander Albon,williams,Williams,23,11,1:55.722,1:54.473,NaN
2024,14,gasly,Pierre Gasly,alpine,Alpine F1 Team,10,12,1:54.911,1:54.635,NaN
2024,14,ricciardo,Daniel Ricciardo,rb,RB F1 Team,3,13,1:55.451,1:54.682,NaN
2024,14,bottas,Valtteri Bottas,sauber,Sauber,77,14,1:55.531,1:54.764,NaN
2024,14,stroll,Lance Stroll,aston_martin,Aston Martin,18,15,1:56.072,1:55.716,NaN
2024,14,hulkenberg,Nico Hülkenberg,haas,Haas F1 Team,27,16,1:56.308,NaN,NaN
2024,14,kevin_magnussen,Kevin Magnussen,haas,Haas F1 Team,20,17,1:56.500,NaN,NaN
2024,14,tsunoda,Yuki Tsunoda,rb,RB F1 Team,22,18,1:56.593,NaN,NaN
2024,14,sargeant,Logan Sargeant,williams,Williams,2,19,1:57.230,NaN,NaN
2024,14,zhou,Guanyu Zhou,sauber,Sauber,24,20,1:57.775,NaN,NaN
2024,15,norris,Lando Norris,mclaren,McLaren,4,1,1:11.377,1:10.496,1:09.673
2024,15,max_verstappen,Max Verstappen,red_bull,Red Bull,1,2,1:11.393,1:10.811,1:10.029
2024,15,piastri,Oscar Piastri,mclaren,McLaren,81,3,1:11.541,1:10.505,1:10.172
2024,15,russell,George Russell,mercedes,Mercedes,63,4,1:11.049,1:10.552,1:10.244
2024,15,perez,Sergio Pérez,red_bull,Red Bull,11,5,1:11.006,1:10.678,1:10.416
2024,15,leclerc,Charles Leclerc,ferrari,Ferrari,16,6,1:11.370,1:10.689,1:10.582
2024,15,alonso,Fernando Alonso,aston_martin,Aston Martin,14,7,1:11.493,1:10.845,1:10.633
2024,15,stroll,Lance Stroll,aston_martin,Aston Martin,18,8,1:11.518,1:10.661,1:10.857
2024,15,gasly,Pierre Gasly,alpine,Alpine F1 Team,10,9,1:11.718,1:10.815,1:10.977
2024,15,sainz,Carlos Sainz,ferrari,Ferrari,55,10,1:11.327,1:10.914,NaN
2024,15,hamilton,Lewis Hamilton,mercedes,Mercedes,44,11,1:11.375,1:10.948,NaN
2024,15,tsunoda,Yuki Tsunoda,rb,RB F1 Team,22,12,1:11.603,1:10.955,NaN
2024,15,hulkenberg,Nico Hülkenberg,haas,Haas F1 Team,27,13,1:11.832,1:11.215,NaN
2024,15,kevin_magnussen,Kevin Magnussen,haas,Haas F1 Team,20,14,1:11.630,1:11.295,NaN
2024,15,ricciardo,Daniel Ricciardo,rb,RB F1 Team,3,15,1:11.943,NaN,NaN
2024,15,ocon,Esteban Ocon,alpine,Alpine F1 Team,31,16,1:11.995,NaN,NaN
2024,15,bottas,Valtteri Bottas,sauber,Sauber,77,17,1:12.168,NaN,NaN
2024,15,zhou,Guanyu Zhou,sauber,Sauber,24,18,1:13.261,NaN,NaN
2024,15,albon,Alexander Albon,williams,Williams,23,19,,NaN,NaN
2024,15,sargeant,Logan Sargeant,williams,Williams,2,20,,NaN,NaN
2024,16,norris,Lando Norris,mclaren,McLaren,4,1,1:19.911,1:19.727,1:19.327
2024,16,piastri,Oscar Piastri,mclaren,McLaren,81,2,1:20.076,1:19.808,1:19.436
2024,16,russell,George Russell,mercedes,Mercedes,63,3,1:20.169,1:19.877,1:19.440
2024,16,leclerc,Charles Leclerc,ferrari,Ferrari,16,4,1:20.074,1:20.007,1:19.461
2024,16,sainz,Carlos Sainz,ferrari,Ferrari,55,5,1:20.149,1:19.799,1:19.467
2024,16,hamilton,Lewis Hamilton,mercedes,Mercedes,44,6,1:20.477,1:19.641,1:19.513
2024,16,max_verstappen,Max Verstappen,red_bull,Red Bull,1,7,1:20.226,1:19.662,1:20.022
2024,16,perez,Sergio Pérez,red_bull,Red Bull,11,8,1:20.598,1:20.216,1:20.062
2024,16,albon,Alexander Albon,williams,Williams,23,9,1:20.542,1:20.314,1:20.299
2024,16,hulkenberg,Nico Hülkenberg,haas,Haas F1 Team,27,10,1:20.781,1:20.411,1:20.339
2024,16,alonso,Fernando Alonso,aston_martin,Aston Martin,14,11,1:20.617,1:20.421,NaN
2024,16,ricciardo,Daniel Ricciardo,rb,RB F1 Team,3,12,1:20.901,1:20.479,NaN
2024,16,kevin_magnussen,Kevin Magnussen,haas,Haas F1 Team,20,13,1:20.856,1:20.698,NaN
2024,16,gasly,Pierre Gasly,alpine,Alpine F1 Team,10,14,1:20.748,1:20.738,NaN
2024,16,ocon,Esteban Ocon,alpine,Alpine F1 Team,31,15,1:20.764,1:20.766,NaN
2024,16,tsunoda,Yuki Tsunoda,rb,RB F1 Team,22,16,1:20.945,NaN,NaN
2024,16,stroll,Lance Stroll,aston_martin,Aston Martin,18,17,1:21.013,NaN,NaN
2024,16,colapinto,Franco Colapinto,williams,Williams,43,18,1:21.061,NaN,NaN
2024,16,bottas,Valtteri Bottas,sauber,Sauber,77,19,1:21.101,NaN,NaN
2024,16,zhou,Guanyu Zhou,sauber,Sauber,24,20,1:21.445,NaN,NaN
2024,17,leclerc,Charles Leclerc,ferrari,Ferrari,16,1,1:42.775,1:42.056,1:41.365
2024,17,piastri,Oscar Piastri,mclaren,McLaren,81,2,1:43.033,1:42.598,1:41.686
2024,17,sainz,Carlos Sainz,ferrari,Ferrari,55,3,1:43.357,1:42.503,1:41.805
2024,17,perez,Sergio Pérez,red_bull,Red Bull,11,4,1:43.213,1:42.263,1:41.813
2024,17,russell,George Russell,mercedes,Mercedes,63,5,1:43.139,1:42.329,1:41.874
2024,17,max_verstappen,Max Verstappen,red_bull,Red Bull,1,6,1:43.097,1:42.042,1:42.023
2024,17,hamilton,Lewis Hamilton,mercedes,Mercedes,44,7,1:43.089,1:42.765,1:42.289
2024,17,alonso,Fernando Alonso,aston_martin,Aston Martin,14,8,1:43.472,1:42.426,1:42.369
2024,17,colapinto,Franco Colapinto,williams,Williams,43,9,1:43.138,1:42.473,1:42.530
2024,17,albon,Alexander Albon,williams,Williams,23,10,1:42.899,1:42.840,1:42.859
2024,17,bearman,Oliver Bearman,haas,Haas F1 Team,50,11,1:43.471,1:42.968,NaN
2024,17,tsunoda,Yuki Tsunoda,rb,RB F1 Team,22,12,1:43.337,1:43.035,NaN
2024,17,hulkenberg,Nico Hülkenberg,haas,Haas F1 Team,27,13,1:43.101,1:43.191,NaN
2024,17,stroll,Lance Stroll,aston_martin,Aston Martin,18,14,1:43.370,1:43.404,NaN
2024,17,ricciardo,Daniel Ricciardo,rb,RB F1 Team,3,15,1:43.547,NaN,NaN
2024,17,norris,Lando Norris,mclaren,McLaren,4,16,1:43.609,NaN,NaN
2024,17,bottas,Valtteri Bottas,sauber,Sauber,77,17,1:43.618,NaN,NaN
2024,17,zhou,Guanyu Zhou,sauber,Sauber,24,18,1:44.246,NaN,NaN
2024,17,ocon,Esteban Ocon,alpine,Alpine F1 Team,31,19,1:44.504,NaN,NaN
2024,17,gasly,Pierre Gasly,alpine,Alpine F1 Team,10,20,1:43.088,1:43.179,NaN
2024,18,norris,Lando Norris,mclaren,McLaren,4,1,1:30.002,1:30.007,1:29.525
2024,18,max_verstappen,Max Verstappen,red_bull,Red Bull,1,2,1:30.157,1:29.680,1:29.728
2024,18,hamilton,Lewis Hamilton,mercedes,Mercedes,44,3,1:30.393,1:29.929,1:29.841
2024,18,russell,George Russell,mercedes,Mercedes,63,4,1:30.811,1:30.153,1:29.867
2024,18,piastri,Oscar Piastri,mclaren,McLaren,81,5,1:30.258,1:29.640,1:29.953
2024,18,hulkenberg,Nico Hülkenberg,haas,Haas F1 Team,27,6,1:30.724,1:30.150,1:30.115
2024,18,alonso,Fernando Alonso,aston_martin,Aston Martin,14,7,1:30.684,1:30.450,1:30.214
2024,18,tsunoda,Yuki Tsunoda,rb,RB F1 Team,22,8,1:30.710,1:30.289,1:30.354
2024,18,leclerc,Charles Leclerc,ferrari,Ferrari,16,9,1:30.786,1:29.747,NaN
2024,18,sainz,Carlos Sainz,ferrari,Ferrari,55,10,1:30.670,1:30.108,NaN
2024,18,albon,Alexander Albon,williams,Williams,23,11,1:30.679,1:30.474,NaN
2024,18,colapinto,Franco Colapinto,williams,Williams,43,12,1:30.704,1:30.481,NaN
2024,18,perez,Sergio Pérez,red_bull,Red Bull,11,13,1:30.624,1:30.579,NaN
2024,18,kevin_magnussen,Kevin Magnussen,haas,Haas F1 Team,20,14,1:30.829,1:30.653,NaN
2024,18,ocon,Esteban Ocon,alpine,Alpine F1 Team,31,15,1:30.958,1:30.769,NaN
2024,18,ricciardo,Daniel Ricciardo,rb,RB F1 Team,3,16,1:31.085,NaN,NaN
2024,18,stroll,Lance Stroll,aston_martin,Aston Martin,18,17,1:31.094,NaN,NaN
2024,18,gasly,Pierre Gasly,alpine,Alpine F1 Team,10,18,1:31.312,NaN,NaN
2024,18,bottas,Valtteri Bottas,sauber,Sauber,77,19,1:31.572,NaN,NaN
2024,18,zhou,Guanyu Zhou,sauber,Sauber,24,20,1:32.054,NaN,NaN
2024,19,norris,Lando Norris,mclaren,McLaren,4,1,1:33.616,1:32.851,1:32.330
2024,19,max_verstappen,Max Verstappen,red_bull,Red Bull,1,2,1:33.046,1:32.584,1:32.361
2024,19,sainz,Carlos Sainz,ferrari,Ferrari,55,3,1:33.556,1:32.836,1:32.652
2024,19,leclerc,Charles Leclerc,ferrari,Ferrari,16,4,1:33.241,1:32.962,1:32.740
2024,19,piastri,Oscar Piastri,mclaren,McLaren,81,5,1:33.864,1:33.057,1:32.950
2024,19,russell,George Russell,mercedes,Mercedes,63,6,1:33.536,1:33.142,1:32.974
2024,19,gasly,Pierre Gasly,alpine,Alpine F1 Team,10,7,1:33.550,1:33.162,1:33.018
2024,19,alonso,Fernando Alonso,aston_martin,Aston Martin,14,8,1:33.973,1:33.429,1:33.309
2024,19,kevin_magnussen,Kevin Magnussen,haas,Haas F1 Team,20,9,1:33.564,1:33.474,1:33.481
2024,19,perez,Sergio Pérez,red_bull,Red Bull,11,10,1:33.611,1:33.020,NaN
2024,19,tsunoda,Yuki Tsunoda,rb,RB F1 Team,22,11,1:33.795,1:33.506,NaN
2024,19,hulkenberg,Nico Hülkenberg,haas,Haas F1 Team,27,12,1:33.601,1:33.544,NaN
2024,19,ocon,Esteban Ocon,alpine,Alpine F1 Team,31,13,1:33.986,1:33.597,NaN
2024,19,stroll,Lance Stroll,aston_martin,Aston Martin,18,14,1:34.033,1:33.759,NaN
2024,19,lawson,Liam Lawson,rb,RB F1 Team,30,15,1:33.339,NaN,NaN
2024,19,albon,Alexander Albon,williams,Williams,23,16,1:34.051,NaN,NaN
2024,19,colapinto,Franco Colapinto,williams,Williams,43,17,1:34.062,NaN,NaN
2024,19,bottas,Valtteri Bottas,sauber,Sauber,77,18,1:34.152,NaN,NaN
2024,19,hamilton,Lewis Hamilton,mercedes,Mercedes,44,19,1:34.154,NaN,NaN
2024,19,zhou,Guanyu Zhou,sauber,Sauber,24,20,1:34.228,NaN,NaN
2024,20,sainz,Carlos Sainz,ferrari,Ferrari,55,1,1:16.778,1:16.515,1:15.946
2024,20,max_verstappen,Max Verstappen,red_bull,Red Bull,1,2,1:16.803,1:16.514,1:16.171
2024,20,norris,Lando Norris,mclaren,McLaren,4,3,1:16.505,1:16.301,1:16.260
2024,20,leclerc,Charles Leclerc,ferrari,Ferrari,16,4,1:16.972,1:16.641,1:16.265
2024,20,russell,George Russell,mercedes,Mercedes,63,5,1:17.194,1:16.937,1:16.356
2024,20,hamilton,Lewis Hamilton,mercedes,Mercedes,44,6,1:17.306,1:16.973,1:16.651
2024,20,kevin_magnussen,Kevin Magnussen,haas,Haas F1 Team,20,7,1:17.125,1:17.003,1:16.886
2024,20,gasly,Pierre Gasly,alpine,Alpine F1 Team,10,8,1:17.149,1:17.048,1:16.892
2024,20,albon,Alexander Albon,williams,Williams,23,9,1:17.189,1:16.988,1:17.065
2024,20,hulkenberg,Nico Hülkenberg,haas,Haas F1 Team,27,10,1:17.186,1:16.995,1:17.365
2024,20,tsunoda,Yuki Tsunoda,rb,RB F1 Team,22,11,1:17.182,1:17.129,NaN
2024,20,lawson,Liam Lawson,rb,RB F1 Team,30,12,1:17.380,1:17.162,NaN
2024,20,alonso,Fernando Alonso,aston_martin,Aston Martin,14,13,1:17.307,1:17.168,NaN
2024,20,stroll,Lance Stroll,aston_martin,Aston Martin,18,14,1:17.407,1:17.294,NaN
2024,20,bottas,Valtteri Bottas,sauber,Sauber,77,15,1:17.393,1:17.817,NaN
2024,20,colapinto,Franco Colapinto,williams,Williams,43,16,1:17.558,NaN,NaN
2024,20,piastri,Oscar Piastri,mclaren,McLaren,81,17,1:17.597,NaN,NaN
2024,20,perez,Sergio Pérez,red_bull,Red Bull,11,18,1:17.611,NaN,NaN
2024,20,ocon,Esteban Ocon,alpine,Alpine F1 Team,31,19,1:17.617,NaN,NaN
2024,20,zhou,Guanyu Zhou,sauber,Sauber,24,20,1:18.072,NaN,NaN
2024,21,norris,Lando Norris,mclaren,McLaren,4,1,1:30.944,1:24.844,1:23.405
2024,21,russell,George Russell,mercedes,Mercedes,63,2,1:29.121,1:26.307,1:23.578
2024,21,tsunoda,Yuki Tsunoda,rb,RB F1 Team,22,3,1:29.172,1:26.464,1:24.111
2024,21,ocon,Esteban Ocon,alpine,Alpine F1 Team,31,4,1:29.171,1:26.206,1:24.475
2024,21,lawson,Liam Lawson,rb,RB F1 Team,30,5,1:30.758,1:25.654,1:24.484
2024,21,leclerc,Charles Leclerc,ferrari,Ferrari,16,6,1:29.839,1:26.097,1:24.525
2024,21,albon,Alexander Albon,williams,Williams,23,7,1:29.072,1:25.889,1:24.657
2024,21,piastri,Oscar Piastri,mclaren,McLaren,81,8,1:30.114,1:25.179,1:24.686
2024,21,alonso,Fernando Alonso,aston_martin,Aston Martin,14,9,1:30.207,1:25.035,1:28.998
2024,21,stroll,Lance Stroll,aston_martin,Aston Martin,18,10,1:30.580,1:26.334,NaN
2024,21,bottas,Valtteri Bottas,sauber,Sauber,77,11,1:30.633,1:26.472,NaN
2024,21,max_verstappen,Max Verstappen,red_bull,Red Bull,1,12,1:28.522,1:27.771,NaN
2024,21,perez,Sergio Pérez,red_bull,Red Bull,11,13,1:30.035,1:28.158,NaN
2024,21,sainz,Carlos Sainz,ferrari,Ferrari,55,14,1:30.303,1:29.406,NaN
2024,21,gasly,Pierre Gasly,alpine,Alpine F1 Team,10,15,1:29.420,1:29.614,NaN
2024,21,hamilton,Lewis Hamilton,mercedes,Mercedes,44,16,1:31.150,NaN,NaN
2024,21,bearman,Oliver Bearman,haas,Haas F1 Team,50,17,1:31.229,NaN,NaN
2024,21,colapinto,Franco Colapinto,williams,Williams,43,18,1:31.270,NaN,NaN
2024,21,hulkenberg,Nico Hülkenberg,haas,Haas F1 Team,27,19,1:31.623,NaN,NaN
2024,21,zhou,Guanyu Zhou,sauber,Sauber,24,20,1:32.263,NaN,NaN
2024,22,russell,George Russell,mercedes,Mercedes,63,1,1:33.186,1:32.779,1:32.312
2024,22,sainz,Carlos Sainz,ferrari,Ferrari,55,2,1:33.484,1:32.711,1:32.410
2024,22,gasly,Pierre Gasly,alpine,Alpine F1 Team,10,3,1:33.691,1:32.879,1:32.664
2024,22,leclerc,Charles Leclerc,ferrari,Ferrari,16,4,1:33.446,1:33.016,1:32.783
2024,22,max_verstappen,Max Verstappen,red_bull,Red Bull,1,5,1:33.299,1:33.085,1:32.797
2024,22,norris,Lando Norris,mclaren,McLaren,4,6,1:33.592,1:33.099,1:33.008
2024,22,tsunoda,Yuki Tsunoda,rb,RB F1 Team,22,7,1:33.789,1:33.089,1:33.029
2024,22,piastri,Oscar Piastri,mclaren,McLaren,81,8,1:33.450,1:33.024,1:33.033
2024,22,hulkenberg,Nico Hülkenberg,haas,Haas F1 Team,27,9,1:33.920,1:33.114,1:33.062
2024,22,hamilton,Lewis Hamilton,mercedes,Mercedes,44,10,1:33.225,1:32.567,1:48.106
2024,22,ocon,Esteban Ocon,alpine,Alpine F1 Team,31,11,1:33.968,1:33.221,NaN
2024,22,kevin_magnussen,Kevin Magnussen,haas,Haas F1 Team,20,12,1:33.991,1:33.297,NaN
2024,22,zhou,Guanyu Zhou,sauber,Sauber,24,13,1:34.079,1:33.566,NaN
2024,22,colapinto,Franco Colapinto,williams,Williams,43,14,1:33.746,1:33.749,NaN
2024,22,lawson,Liam Lawson,rb,RB F1 Team,30,15,1:34.087,1:34.257,NaN
2024,22,perez,Sergio Pérez,red_bull,Red Bull,11,16,1:34.155,NaN,NaN
2024,22,alonso,Fernando Alonso,aston_martin,Aston Martin,14,17,1:34.258,NaN,NaN
2024,22,albon,Alexander Albon,williams,Williams,23,18,1:34.425,NaN,NaN
2024,22,bottas,Valtteri Bottas,sauber,Sauber,77,19,1:34.430,NaN,NaN
2024,22,stroll,Lance Stroll,aston_martin,Aston Martin,18,20,1:34.484,NaN,NaN
2024,23,max_verstappen,Max Verstappen,red_bull,Red Bull,1,1,1:21.579,1:20.687,1:20.520
2024,23,russell,George Russell,mercedes,Mercedes,63,2,1:21.241,1:21.069,1:20.575
2024,23,norris,Lando Norris,mclaren,McLaren,4,3,1:21.578,1:20.983,1:20.772
2024,23,piastri,Oscar Piastri,mclaren,McLaren,81,4,1:21.821,1:21.121,1:20.829
2024,23,leclerc,Charles Leclerc,ferrari,Ferrari,16,5,1:21.278,1:21.000,1:20.852
2024,23,hamilton,Lewis Hamilton,mercedes,Mercedes,44,6,1:21.637,1:21.095,1:21.011
2024,23,sainz,Carlos Sainz,ferrari,Ferrari,55,7,1:21.447,1:21.199,1:21.041
2024,23,alonso,Fernando Alonso,aston_martin,Aston Martin,14,8,1:21.608,1:21.208,1:21.251
2024,23,perez,Sergio Pérez,red_bull,Red Bull,11,9,1:21.675,1:21.425,1:21.425
2024,23,kevin_magnussen,Kevin Magnussen,haas,Haas F1 Team,20,10,1:21.891,1:21.387,1:21.500
2024,23,gasly,Pierre Gasly,alpine,Alpine F1 Team,10,11,1:21.843,1:21.437,NaN
2024,23,zhou,Guanyu Zhou,sauber,Sauber,24,12,1:22.103,1:21.501,NaN
2024,23,bottas,Valtteri Bottas,sauber,Sauber,77,13,1:21.927,1:21.731,NaN
2024,23,tsunoda,Yuki Tsunoda,rb,RB F1 Team,22,14,1:22.364,1:21.771,NaN
2024,23,stroll,Lance Stroll,aston_martin,Aston Martin,18,15,1:22.011,1:21.911,NaN
2024,23,albon,Alexander Albon,williams,Williams,23,16,1:22.390,NaN,NaN
2024,23,lawson,Liam Lawson,rb,RB F1 Team,30,17,1:22.411,NaN,NaN
2024,23,hulkenberg,Nico Hülkenberg,haas,Haas F1 Team,27,18,1:22.442,NaN,NaN
2024,23,colapinto,Franco Colapinto,williams,Williams,43,19,1:22.594,NaN,NaN
2024,23,ocon,Esteban Ocon,alpine,Alpine F1 Team,31,20,1:22.714,NaN,NaN
2024,24,norris,Lando Norris,mclaren,McLaren,4,1,1:23.682,1:23.098,1:22.595
2024,24,piastri,Oscar Piastri,mclaren,McLaren,81,2,1:23.640,1:23.199,1:22.804
2024,24,sainz,Carlos Sainz,ferrari,Ferrari,55,3,1:23.487,1:22.985,1:22.824
2024,24,hulkenberg,Nico Hülkenberg,haas,Haas F1 Team,27,4,1:23.722,1:23.040,1:22.886
2024,24,max_verstappen,Max Verstappen,red_bull,Red Bull,1,5,1:23.516,1:22.998,1:22.945
2024,24,gasly,Pierre Gasly,alpine,Alpine F1 Team,10,6,1:23.548,1:23.086,1:22.984
2024,24,russell,George Russell,mercedes,Mercedes,63,7,1:23.678,1:23.283,1:23.132
2024,24,alonso,Fernando Alonso,aston_martin,Aston Martin,14,8,1:23.794,1:23.268,1:23.196
2024,24,bottas,Valtteri Bottas,sauber,Sauber,77,9,1:23.481,1:23.341,1:23.204
2024,24,perez,Sergio Pérez,red_bull,Red Bull,11,10,1:23.559,1:23.379,1:23.264
2024,24,tsunoda,Yuki Tsunoda,rb,RB F1 Team,22,11,1:23.735,1:23.419,NaN
2024,24,lawson,Liam Lawson,rb,RB F1 Team,30,12,1:23.733,1:23.472,NaN
2024,24,stroll,Lance Stroll,aston_martin,Aston Martin,18,13,1:23.729,1:23.784,NaN
2024,24,leclerc,Charles Leclerc,ferrari,Ferrari,16,14,1:23.302,1:23.833,NaN
2024,24,kevin_magnussen,Kevin Magnussen,haas,Haas F1 Team,20,15,1:23.632,1:23.877,NaN
2024,24,albon,Alexander Albon,williams,Williams,23,16,1:23.821,NaN,NaN
2024,24,zhou,Guanyu Zhou,sauber,Sauber,24,17,1:23.880,NaN,NaN
2024,24,hamilton,Lewis Hamilton,mercedes,Mercedes,44,18,1:23.887,NaN,NaN
2024,24,colapinto,Franco Colapinto,williams,Williams,43,19,1:23.912,NaN,NaN
2024,24,doohan,Jack Doohan,alpine,Alpine F1 Team,61,20,1:24.105,NaN,NaN
2025,1,norris,Lando Norris,mclaren,McLaren,4,1,1:15.912,1:15.415,1:15.096
2025,1,piastri,Oscar Piastri,mclaren,McLaren,81,2,1:16.062,1:15.468,1:15.180
2025,1,max_verstappen,Max Verstappen,red_bull,Red Bull,33,3,1:16.018,1:15.565,1:15.481
2025,1,russell,George Russell,mercedes,Mercedes,63,4,1:15.971,1:15.798,1:15.546
2025,1,tsunoda,Yuki Tsunoda,rb,RB F1 Team,22,5,1:16.225,1:16.009,1:15.670
2025,1,albon,Alexander Albon,williams,Williams,23,6,1:16.245,1:16.017,1:15.737
2025,1,leclerc,Charles Leclerc,ferrari,Ferrari,16,7,1:16.029,1:15.827,1:15.755
2025,1,hamilton,Lewis Hamilton,ferrari,Ferrari,44,8,1:16.213,1:15.919,1:15.973
2025,1,gasly,Pierre Gasly,alpine,Alpine F1 Team,10,9,1:16.328,1:16.112,1:15.980
2025,1,sainz,Carlos Sainz,williams,Williams,55,10,1:16.360,1:15.931,1:16.062
2025,1,hadjar,Isack Hadjar,rb,RB F1 Team,6,11,1:16.354,1:16.175,\N
2025,1,alonso,Fernando Alonso,aston_martin,Aston Martin,14,12,1:16.288,1:16.453,\N
2025,1,stroll,Lance Stroll,aston_martin,Aston Martin,18,13,1:16.369,1:16.483,\N
2025,1,doohan,Jack Doohan,alpine,Alpine F1 Team,7,14,1:16.315,1:16.863,\N
2025,1,bortoleto,Gabriel Bortoleto,sauber,Sauber,5,15,1:16.516,1:17.520,\N
2025,1,antonelli,Andrea Kimi Antonelli,mercedes,Mercedes,12,16,1:16.525,\N,\N
2025,1,hulkenberg,Nico Hülkenberg,sauber,Sauber,27,17,1:16.579,\N,\N
2025,1,lawson,Liam Lawson,red_bull,Red Bull,30,18,1:17.094,\N,\N
2025,1,ocon,Esteban Ocon,haas,Haas F1 Team,31,19,1:17.147,\N,\N
2025,1,bearman,Oliver Bearman,haas,Haas F1 Team,87,20,\N,\N,\N
2025,2,piastri,Oscar Piastri,mclaren,McLaren,81,1,1:31.591,1:31.200,1:30.641
2025,2,russell,George Russell,mercedes,Mercedes,63,2,1:31.295,1:31.307,1:30.723
2025,2,norris,Lando Norris,mclaren,McLaren,4,3,1:30.983,1:30.787,1:30.793
2025,2,max_verstappen,Max Verstappen,red_bull,Red Bull,33,4,1:31.424,1:31.142,1:30.817
2025,2,hamilton,Lewis Hamilton,ferrari,Ferrari,44,5,1:31.690,1:31.501,1:30.927
2025,2,leclerc,Charles Leclerc,ferrari,Ferrari,16,6,1:31.579,1:31.450,1:31.021
2025,2,hadjar,Isack Hadjar,rb,RB F1 Team,6,7,1:31.162,1:31.253,1:31.079
2025,2,antonelli,Andrea Kimi Antonelli,mercedes,Mercedes,12,8,1:31.676,1:31.590,1:31.103
2025,2,tsunoda,Yuki Tsunoda,rb,RB F1 Team,22,9,1:31.238,1:31.260,1:31.638
2025,2,albon,Alexander Albon,williams,Williams,23,10,1:31.503,1:31.595,1:31.706
2025,2,ocon,Esteban Ocon,haas,Haas F1 Team,31,11,1:31.876,1:31.625,\N
2025,2,hulkenberg,Nico Hülkenberg,sauber,Sauber,27,12,1:31.921,1:31.632,\N
2025,2,alonso,Fernando Alonso,aston_martin,Aston Martin,14,13,1:31.719,1:31.688,\N
2025,2,stroll,Lance Stroll,aston_martin,Aston Martin,18,14,1:31.923,1:31.773,\N
2025,2,sainz,Carlos Sainz,williams,Williams,55,15,1:31.628,1:31.840,\N
2025,2,gasly,Pierre Gasly,alpine,Alpine F1 Team,10,16,1:31.992,\N,\N
2025,2,bearman,Oliver Bearman,haas,Haas F1 Team,87,17,1:32.018,\N,\N
2025,2,doohan,Jack Doohan,alpine,Alpine F1 Team,7,18,1:32.092,\N,\N
2025,2,bortoleto,Gabriel Bortoleto,sauber,Sauber,5,19,1:32.141,\N,\N
2025,2,lawson,Liam Lawson,red_bull,Red Bull,30,20,1:32.174,\N,\N
2025,3,max_verstappen,Max Verstappen,red_bull,Red Bull,33,1,1:27.943,1:27.502,1:26.983
2025,3,norris,Lando Norris,mclaren,McLaren,4,2,1:27.845,1:27.146,1:26.995
2025,3,piastri,Oscar Piastri,mclaren,McLaren,81,3,1:27.687,1:27.507,1:27.027
2025,3,leclerc,Charles Leclerc,ferrari,Ferrari,16,4,1:27.920,1:27.555,1:27.299
2025,3,russell,George Russell,mercedes,Mercedes,63,5,1:27.843,1:27.400,1:27.318
2025,3,antonelli,Andrea Kimi Antonelli,mercedes,Mercedes,12,6,1:27.968,1:27.639,1:27.555
2025,3,hadjar,Isack Hadjar,rb,RB F1 Team,6,7,1:28.278,1:27.775,1:27.569
2025,3,hamilton,Lewis Hamilton,ferrari,Ferrari,44,8,1:27.942,1:27.610,1:27.610
2025,3,albon,Alexander Albon,williams,Williams,23,9,1:28.218,1:27.783,1:27.615
2025,3,bearman,Oliver Bearman,haas,Haas F1 Team,87,10,1:28.228,1:27.711,1:27.867
2025,3,gasly,Pierre Gasly,alpine,Alpine F1 Team,10,11,1:28.186,1:27.822,\N
2025,3,sainz,Carlos Sainz,williams,Williams,55,12,1:28.209,1:27.836,\N
2025,3,alonso,Fernando Alonso,aston_martin,Aston Martin,14,13,1:28.337,1:27.897,\N
2025,3,lawson,Liam Lawson,rb,RB F1 Team,30,14,1:28.554,1:27.906,\N
2025,3,tsunoda,Yuki Tsunoda,red_bull,Red Bull,22,15,1:27.967,1:28.000,\N
2025,3,hulkenberg,Nico Hülkenberg,sauber,Sauber,27,16,1:28.570,\N,\N
2025,3,bortoleto,Gabriel Bortoleto,sauber,Sauber,5,17,1:28.622,\N,\N
2025,3,ocon,Esteban Ocon,haas,Haas F1 Team,31,18,1:28.696,\N,\N
2025,3,doohan,Jack Doohan,alpine,Alpine F1 Team,7,19,1:28.877,\N,\N
2025,3,stroll,Lance Stroll,aston_martin,Aston Martin,18,20,1:29.271,\N,\N
2025,4,piastri,Oscar Piastri,mclaren,McLaren,81,1,1:31.392,1:30.454,1:29.841
2025,4,russell,George Russell,mercedes,Mercedes,63,2,1:31.494,1:30.664,1:30.009
2025,4,leclerc,Charles Leclerc,ferrari,Ferrari,16,3,1:31.454,1:30.724,1:30.175
2025,4,antonelli,Andrea Kimi Antonelli,mercedes,Mercedes,12,4,1:31.415,1:30.716,1:30.213
2025,4,gasly,Pierre Gasly,alpine,Alpine F1 Team,10,5,1:31.462,1:30.643,1:30.216
2025,4,norris,Lando Norris,mclaren,McLaren,4,6,1:31.107,1:30.560,1:30.267
2025,4,max_verstappen,Max Verstappen,red_bull,Red Bull,33,7,1:31.303,1:31.019,1:30.423
2025,4,sainz,Carlos Sainz,williams,Williams,55,8,1:31.591,1:30.844,1:30.680
2025,4,hamilton,Lewis Hamilton,ferrari,Ferrari,44,9,1:31.219,1:31.009,1:30.772
2025,4,tsunoda,Yuki Tsunoda,red_bull,Red Bull,22,10,1:31.751,1:31.228,1:31.303
2025,4,doohan,Jack Doohan,alpine,Alpine F1 Team,7,11,1:31.414,1:31.245,\N
2025,4,hadjar,Isack Hadjar,rb,RB F1 Team,6,12,1:31.591,1:31.271,\N
2025,4,alonso,Fernando Alonso,aston_martin,Aston Martin,14,13,1:31.634,1:31.886,\N
2025,4,ocon,Esteban Ocon,haas,Haas F1 Team,31,14,1:31.594,\N,\N
2025,4,albon,Alexander Albon,williams,Williams,23,15,1:32.040,\N,\N
2025,4,hulkenberg,Nico Hülkenberg,sauber,Sauber,27,16,1:32.067,\N,\N
2025,4,lawson,Liam Lawson,rb,RB F1 Team,30,17,1:32.165,\N,\N
2025,4,bortoleto,Gabriel Bortoleto,sauber,Sauber,5,18,1:32.186,\N,\N
2025,4,stroll,Lance Stroll,aston_martin,Aston Martin,18,19,1:32.283,\N,\N
2025,4,bearman,Oliver Bearman,haas,Haas F1 Team,87,20,1:32.373,\N,\N
2025,5,max_verstappen,Max Verstappen,red_bull,Red Bull,33,1,1:27.778,1:27.529,1:27.294
2025,5,piastri,Oscar Piastri,mclaren,McLaren,81,2,1:27.901,1:27.545,1:27.304
2025,5,russell,George Russell,mercedes,Mercedes,63,3,1:28.282,1:27.599,1:27.407
2025,5,leclerc,Charles Leclerc,ferrari,Ferrari,16,4,1:28.552,1:27.866,1:27.670
2025,5,antonelli,Andrea Kimi Antonelli,mercedes,Mercedes,12,5,1:28.128,1:27.798,1:27.866
2025,5,sainz,Carlos Sainz,williams,Williams,55,6,1:28.354,1:28.024,1:28.164
2025,5,hamilton,Lewis Hamilton,ferrari,Ferrari,44,7,1:28.372,1:28.102,1:28.201
2025,5,tsunoda,Yuki Tsunoda,red_bull,Red Bull,22,8,1:28.226,1:27.990,1:28.204
2025,5,gasly,Pierre Gasly,alpine,Alpine F1 Team,10,9,1:28.421,1:28.025,1:28.367
2025,5,norris,Lando Norris,mclaren,McLaren,4,10,1:27.805,1:27.481,\N
2025,5,albon,Alexander Albon,williams,Williams,23,11,1:28.279,1:28.109,\N
2025,5,lawson,Liam Lawson,rb,RB F1 Team,30,12,1:28.561,1:28.191,\N
2025,5,alonso,Fernando Alonso,aston_martin,Aston Martin,14,13,1:28.548,1:28.303,\N
2025,5,hadjar,Isack Hadjar,rb,RB F1 Team,6,14,1:28.571,1:28.418,\N
2025,5,bearman,Oliver Bearman,haas,Haas F1 Team,87,15,1:28.536,1:28.648,\N
2025,5,stroll,Lance Stroll,aston_martin,Aston Martin,18,16,1:28.645,\N,\N
2025,5,doohan,Jack Doohan,alpine,Alpine F1 Team,7,17,1:28.739,\N,\N
2025,5,hulkenberg,Nico Hülkenberg,sauber,Sauber,27,18,1:28.782,\N,\N
2025,5,ocon,Esteban Ocon,haas,Haas F1 Team,31,19,1:29.092,\N,\N
2025,5,bortoleto,Gabriel Bortoleto,sauber,Sauber,5,20,1:29.462,\N,\N
2025,6,max_verstappen,Max Verstappen,red_bull,Red Bull,33,1,1:26.870,1:26.643,1:26.204
2025,6,norris,Lando Norris,mclaren,McLaren,4,2,1:26.955,1:26.499,1:26.269
2025,6,antonelli,Andrea Kimi Antonelli,mercedes,Mercedes,12,3,1:27.077,1:26.606,1:26.271
2025,6,piastri,Oscar Piastri,mclaren,McLaren,81,4,1:27.006,1:26.269,1:26.375
2025,6,russell,George Russell,mercedes,Mercedes,63,5,1:27.014,1:26.575,1:26.385
2025,6,sainz,Carlos Sainz,williams,Williams,55,6,1:27.098,1:26.847,1:26.569
2025,6,albon,Alexander Albon,williams,Williams,23,7,1:27.042,1:26.855,1:26.682
2025,6,leclerc,Charles Leclerc,ferrari,Ferrari,16,8,1:27.417,1:26.948,1:26.754
2025,6,ocon,Esteban Ocon,haas,Haas F1 Team,31,9,1:27.450,1:26.967,1:26.824
2025,6,tsunoda,Yuki Tsunoda,red_bull,Red Bull,22,10,1:27.298,1:26.959,1:26.943
2025,6,hadjar,Isack Hadjar,rb,RB F1 Team,6,11,1:27.301,1:26.987,\N
2025,6,hamilton,Lewis Hamilton,ferrari,Ferrari,44,12,1:27.279,1:27.006,\N
2025,6,bortoleto,Gabriel Bortoleto,sauber,Sauber,5,13,1:27.343,1:27.151,\N
2025,6,doohan,Jack Doohan,alpine,Alpine F1 Team,7,14,1:27.422,1:27.186,\N
2025,6,lawson,Liam Lawson,rb,RB F1 Team,30,15,1:27.444,1:27.363,\N
2025,6,hulkenberg,Nico Hülkenberg,sauber,Sauber,27,16,1:27.473,\N,\N
2025,6,alonso,Fernando Alonso,aston_martin,Aston Martin,14,17,1:27.604,\N,\N
2025,6,gasly,Pierre Gasly,alpine,Alpine F1 Team,10,18,1:27.710,\N,\N
2025,6,stroll,Lance Stroll,aston_martin,Aston Martin,18,19,1:27.830,\N,\N
2025,6,bearman,Oliver Bearman,haas,Haas F1 Team,87,20,1:27.999,\N,\N
2025,7,piastri,Oscar Piastri,mclaren,McLaren,81,1,1:15.500,1:15.214,1:14.670
2025,7,max_verstappen,Max Verstappen,red_bull,Red Bull,33,2,1:15.175,1:15.394,1:14.704
2025,7,russell,George Russell,mercedes,Mercedes,63,3,1:15.852,1:15.334,1:14.807
2025,7,norris,Lando Norris,mclaren,McLaren,4,4,1:15.894,1:14.962,\N
2025,7,alonso,Fernando Alonso,aston_martin,Aston Martin,14,5,1:15.695,1:15.442,1:15.431
2025,7,sainz,Carlos Sainz,williams,Williams,55,6,1:15.987,1:15.198,1:15.432
2025,7,albon,Alexander Albon,williams,Williams,23,7,1:16.123,1:15.521,1:15.473
2025,7,stroll,Lance Stroll,aston_martin,Aston Martin,18,8,1:15.817,1:15.497,1:15.581
2025,7,hadjar,Isack Hadjar,rb,RB F1 Team,6,9,1:16.253,1:15.510,1:15.746
2025,7,gasly,Pierre Gasly,alpine,Alpine F1 Team,10,10,1:15.937,1:15.505,1:15.787
2025,7,leclerc,Charles Leclerc,ferrari,Ferrari,16,11,1:16.108,1:15.604,\N
2025,7,hamilton,Lewis Hamilton,ferrari,Ferrari,44,12,1:16.163,1:15.765,\N
2025,7,antonelli,Andrea Kimi Antonelli,mercedes,Mercedes,12,13,1:15.943,1:15.772,\N
2025,7,bortoleto,Gabriel Bortoleto,sauber,Sauber,5,14,1:16.340,1:16.260,\N
2025,7,colapinto,Franco Colapinto,alpine,Alpine F1 Team,43,15,1:16.256,\N,\N
2025,7,lawson,Liam Lawson,rb,RB F1 Team,30,16,1:16.379,\N,\N
2025,7,hulkenberg,Nico Hülkenberg,sauber,Sauber,27,17,1:16.518,\N,\N
2025,7,ocon,Esteban Ocon,haas,Haas F1 Team,31,18,1:16.613,\N,\N
2025,7,bearman,Oliver Bearman,haas,Haas F1 Team,87,19,1:16.918,\N,\N
2025,7,tsunoda,Yuki Tsunoda,red_bull,Red Bull,22,20,\N,\N,\N
2025,8,norris,Lando Norris,mclaren,McLaren,4,1,1:11.285,1:10.570,1:09.954
2025,8,leclerc,Charles Leclerc,ferrari,Ferrari,16,2,1:11.229,1:10.581,1:10.063
2025,8,piastri,Oscar Piastri,mclaren,McLaren,81,3,1:11.308,1:10.858,1:10.129
2025,8,hamilton,Lewis Hamilton,ferrari,Ferrari,44,4,1:11.575,1:10.883,1:10.382
2025,8,max_verstappen,Max Verstappen,red_bull,Red Bull,33,5,1:11.431,1:10.875,1:10.669
2025,8,hadjar,Isack Hadjar,rb,RB F1 Team,6,6,1:11.811,1:11.040,1:10.923
2025,8,alonso,Fernando Alonso,aston_martin,Aston Martin,14,7,1:11.674,1:11.182,1:10.924
2025,8,ocon,Esteban Ocon,haas,Haas F1 Team,31,8,1:11.839,1:11.262,1:10.942
2025,8,lawson,Liam Lawson,rb,RB F1 Team,30,9,1:11.818,1:11.250,1:11.129
2025,8,albon,Alexander Albon,williams,Williams,23,10,1:11.629,1:10.732,1:11.213
2025,8,sainz,Carlos Sainz,williams,Williams,55,11,1:11.707,1:11.362,\N
2025,8,tsunoda,Yuki Tsunoda,red_bull,Red Bull,22,12,1:11.800,1:11.415,\N
2025,8,hulkenberg,Nico Hülkenberg,sauber,Sauber,27,13,1:11.871,1:11.596,\N
2025,8,russell,George Russell,mercedes,Mercedes,63,14,1:11.507,\N,\N
2025,8,antonelli,Andrea Kimi Antonelli,mercedes,Mercedes,12,15,1:11.880,\N,\N
2025,8,bortoleto,Gabriel Bortoleto,sauber,Sauber,5,16,1:11.902,\N,\N
2025,8,bearman,Oliver Bearman,haas,Haas F1 Team,87,17,1:11.979,\N,\N
2025,8,gasly,Pierre Gasly,alpine,Alpine F1 Team,10,18,1:11.994,\N,\N
2025,8,stroll,Lance Stroll,aston_martin,Aston Martin,18,19,1:12.563,\N,\N
2025,8,colapinto,Franco Colapinto,alpine,Alpine F1 Team,43,20,1:12.597,\N,\N
2025,9,piastri,Oscar Piastri,mclaren,McLaren,81,1,1:12.551,1:11.998,1:11.546
2025,9,norris,Lando Norris,mclaren,McLaren,4,2,1:12.799,1:12.056,1:11.755
2025,9,max_verstappen,Max Verstappen,red_bull,Red Bull,33,3,1:12.798,1:12.358,1:11.848
2025,9,russell,George Russell,mercedes,Mercedes,63,4,1:12.806,1:12.407,1:11.848
2025,9,hamilton,Lewis Hamilton,ferrari,Ferrari,44,5,1:13.058,1:12.447,1:12.045
2025,9,antonelli,Andrea Kimi Antonelli,mercedes,Mercedes,12,6,1:12.815,1:12.585,1:12.111
2025,9,leclerc,Charles Leclerc,ferrari,Ferrari,16,7,1:13.014,1:12.495,1:12.131
2025,9,gasly,Pierre Gasly,alpine,Alpine F1 Team,10,8,1:13.081,1:12.611,1:12.199
2025,9,hadjar,Isack Hadjar,rb,RB F1 Team,6,9,1:13.139,1:12.461,1:12.252
2025,9,alonso,Fernando Alonso,aston_martin,Aston Martin,14,10,1:13.102,1:12.523,1:12.284
2025,9,albon,Alexander Albon,williams,Williams,23,11,1:13.044,1:12.641,\N
2025,9,bortoleto,Gabriel Bortoleto,sauber,Sauber,5,12,1:13.045,1:12.756,\N
2025,9,lawson,Liam Lawson,rb,RB F1 Team,30,13,1:13.039,1:12.763,\N
2025,9,stroll,Lance Stroll,aston_martin,Aston Martin,18,14,1:13.038,1:13.058,\N
2025,9,bearman,Oliver Bearman,haas,Haas F1 Team,87,15,1:13.074,1:13.315,\N
2025,9,hulkenberg,Nico Hülkenberg,sauber,Sauber,27,16,1:13.190,\N,\N
2025,9,ocon,Esteban Ocon,haas,Haas F1 Team,31,17,1:13.201,\N,\N
2025,9,sainz,Carlos Sainz,williams,Williams,55,18,1:13.203,\N,\N
2025,9,colapinto,Franco Colapinto,alpine,Alpine F1 Team,43,19,1:13.334,\N,\N
2025,9,tsunoda,Yuki Tsunoda,red_bull,Red Bull,22,20,1:13.385,\N,\N
2025,10,russell,George Russell,mercedes,Mercedes,63,1,1:12.075,1:11.570,1:10.899
2025,10,max_verstappen,Max Verstappen,red_bull,Red Bull,33,2,1:12.054,1:11.638,1:11.059
2025,10,piastri,Oscar Piastri,mclaren,McLaren,81,3,1:11.939,1:11.715,1:11.120
2025,10,antonelli,Andrea Kimi Antonelli,mercedes,Mercedes,12,4,1:12.279,1:11.974,1:11.391
2025,10,hamilton,Lewis Hamilton,ferrari,Ferrari,44,5,1:11.952,1:11.885,1:11.526
2025,10,alonso,Fernando Alonso,aston_martin,Aston Martin,14,6,1:12.073,1:11.805,1:11.586
2025,10,norris,Lando Norris,mclaren,McLaren,4,7,1:11.826,1:11.599,1:11.625
2025,10,leclerc,Charles Leclerc,ferrari,Ferrari,16,8,1:12.038,1:11.626,1:11.682
2025,10,hadjar,Isack Hadjar,rb,RB F1 Team,6,9,1:12.211,1:12.003,1:11.867
2025,10,albon,Alexander Albon,williams,Williams,23,10,1:12.090,1:11.892,1:11.907
2025,10,tsunoda,Yuki Tsunoda,red_bull,Red Bull,22,11,1:12.334,1:12.102,\N
2025,10,colapinto,Franco Colapinto,alpine,Alpine F1 Team,43,12,1:12.234,1:12.142,\N
2025,10,hulkenberg,Nico Hülkenberg,sauber,Sauber,27,13,1:12.323,1:12.183,\N
2025,10,bearman,Oliver Bearman,haas,Haas F1 Team,87,14,1:12.306,1:12.340,\N
2025,10,ocon,Esteban Ocon,haas,Haas F1 Team,31,15,1:12.378,1:12.634,\N
2025,10,bortoleto,Gabriel Bortoleto,sauber,Sauber,5,16,1:12.385,\N,\N
2025,10,sainz,Carlos Sainz,williams,Williams,55,17,1:12.398,\N,\N
2025,10,stroll,Lance Stroll,aston_martin,Aston Martin,18,18,1:12.517,\N,\N
2025,10,lawson,Liam Lawson,rb,RB F1 Team,30,19,1:12.525,\N,\N
2025,10,gasly,Pierre Gasly,alpine,Alpine F1 Team,10,20,1:12.667,\N,\N
2025,11,norris,Lando Norris,mclaren,McLaren,4,1,1:04.672,1:04.410,1:03.971
2025,11,leclerc,Charles Leclerc,ferrari,Ferrari,16,2,1:05.197,1:04.734,1:04.492
2025,11,piastri,Oscar Piastri,mclaren,McLaren,81,3,1:04.966,1:04.556,1:04.554
2025,11,hamilton,Lewis Hamilton,ferrari,Ferrari,44,4,1:05.115,1:04.896,1:04.582
2025,11,russell,George Russell,mercedes,Mercedes,63,5,1:05.189,1:04.860,1:04.763
2025,11,lawson,Liam Lawson,rb,RB F1 Team,30,6,1:05.017,1:05.041,1:04.926
2025,11,max_verstappen,Max Verstappen,red_bull,Red Bull,33,7,1:05.106,1:04.836,1:04.929
2025,11,bortoleto,Gabriel Bortoleto,sauber,Sauber,5,8,1:05.123,1:04.846,1:05.132
2025,11,antonelli,Andrea Kimi Antonelli,mercedes,Mercedes,12,9,1:05.178,1:05.052,1:05.276
2025,11,gasly,Pierre Gasly,alpine,Alpine F1 Team,10,10,1:05.054,1:04.846,1:05.649
2025,11,alonso,Fernando Alonso,aston_martin,Aston Martin,14,11,1:05.197,1:05.128,\N
2025,11,albon,Alexander Albon,williams,Williams,23,12,1:05.143,1:05.205,\N
2025,11,hadjar,Isack Hadjar,rb,RB F1 Team,6,13,1:05.063,1:05.226,\N
2025,11,colapinto,Franco Colapinto,alpine,Alpine F1 Team,43,14,1:05.278,1:05.288,\N
2025,11,bearman,Oliver Bearman,haas,Haas F1 Team,87,15,1:05.218,1:05.312,\N
2025,11,stroll,Lance Stroll,aston_martin,Aston Martin,18,16,1:05.329,\N,\N
2025,11,ocon,Esteban Ocon,haas,Haas F1 Team,31,17,1:05.364,\N,\N
2025,11,tsunoda,Yuki Tsunoda,red_bull,Red Bull,22,18,1:05.369,\N,\N
2025,11,sainz,Carlos Sainz,williams,Williams,55,19,1:05.582,\N,\N
2025,11,hulkenberg,Nico Hülkenberg,sauber,Sauber,27,20,1:05.606,\N,\N
2025,12,max_verstappen,Max Verstappen,red_bull,Red Bull,33,1,1:25.886,1:25.316,1:24.892
2025,12,piastri,Oscar Piastri,mclaren,McLaren,81,2,1:25.963,1:25.316,1:24.995
2025,12,norris,Lando Norris,mclaren,McLaren,4,3,1:26.123,1:25.231,1:25.010
2025,12,russell,George Russell,mercedes,Mercedes,63,4,1:26.236,1:25.637,1:25.029
2025,12,hamilton,Lewis Hamilton,ferrari,Ferrari,44,5,1:26.296,1:25.084,1:25.095
2025,12,leclerc,Charles Leclerc,ferrari,Ferrari,16,6,1:26.186,1:25.133,1:25.121
2025,12,antonelli,Andrea Kimi Antonelli,mercedes,Mercedes,12,7,1:26.265,1:25.620,1:25.374
2025,12,bearman,Oliver Bearman,haas,Haas F1 Team,87,8,1:26.005,1:25.534,1:25.471
2025,12,alonso,Fernando Alonso,aston_martin,Aston Martin,14,9,1:26.108,1:25.593,1:25.621
2025,12,gasly,Pierre Gasly,alpine,Alpine F1 Team,10,10,1:26.328,1:25.711,1:25.785
2025,12,sainz,Carlos Sainz,williams,Williams,55,11,1:26.175,1:25.746,\N
2025,12,tsunoda,Yuki Tsunoda,red_bull,Red Bull,22,12,1:26.275,1:25.826,\N
2025,12,hadjar,Isack Hadjar,rb,RB F1 Team,6,13,1:26.177,1:25.864,\N
2025,12,albon,Alexander Albon,williams,Williams,23,14,1:26.093,1:25.889,\N
2025,12,ocon,Esteban Ocon,haas,Haas F1 Team,31,15,1:26.136,1:25.950,\N
2025,12,lawson,Liam Lawson,rb,RB F1 Team,30,16,1:26.440,\N,\N
2025,12,bortoleto,Gabriel Bortoleto,sauber,Sauber,5,17,1:26.446,\N,\N
2025,12,stroll,Lance Stroll,aston_martin,Aston Martin,18,18,1:26.504,\N,\N
2025,12,hulkenberg,Nico Hülkenberg,sauber,Sauber,27,19,1:26.574,\N,\N
2025,12,colapinto,Franco Colapinto,alpine,Alpine F1 Team,43,20,1:27.060,\N,\N
2025,13,norris,Lando Norris,mclaren,McLaren,4,1,1:41.010,1:40.715,1:40.562
2025,13,piastri,Oscar Piastri,mclaren,McLaren,81,2,1:41.201,1:40.626,1:40.647
2025,13,leclerc,Charles Leclerc,ferrari,Ferrari,16,3,1:41.635,1:41.084,1:40.900
2025,13,max_verstappen,Max Verstappen,red_bull,Red Bull,33,4,1:41.334,1:40.951,1:40.903
2025,13,albon,Alexander Albon,williams,Williams,23,5,1:41.772,1:41.505,1:41.201
2025,13,russell,George Russell,mercedes,Mercedes,63,6,1:41.784,1:41.254,1:41.260
2025,13,tsunoda,Yuki Tsunoda,red_bull,Red Bull,22,7,1:41.840,1:41.245,1:41.284
2025,13,hadjar,Isack Hadjar,rb,RB F1 Team,6,8,1:41.572,1:41.281,1:41.310
2025,13,lawson,Liam Lawson,rb,RB F1 Team,30,9,1:41.748,1:41.297,1:41.328
2025,13,bortoleto,Gabriel Bortoleto,sauber,Sauber,5,10,1:41.908,1:41.336,1:42.387
2025,13,ocon,Esteban Ocon,haas,Haas F1 Team,31,11,1:41.884,1:41.525,\N
2025,13,bearman,Oliver Bearman,haas,Haas F1 Team,87,12,1:41.617,1:41.617,\N
2025,13,gasly,Pierre Gasly,alpine,Alpine F1 Team,10,13,1:41.800,1:41.633,\N
2025,13,hulkenberg,Nico Hülkenberg,sauber,Sauber,27,14,1:41.844,1:41.707,\N
2025,13,sainz,Carlos Sainz,williams,Williams,55,15,1:41.691,1:41.758,\N
2025,13,hamilton,Lewis Hamilton,ferrari,Ferrari,44,16,1:41.939,\N,\N
2025,13,colapinto,Franco Colapinto,alpine,Alpine F1 Team,43,17,1:42.022,\N,\N
2025,13,antonelli,Andrea Kimi Antonelli,mercedes,Mercedes,12,18,1:42.139,\N,\N
2025,13,alonso,Fernando Alonso,aston_martin,Aston Martin,14,19,1:42.385,\N,\N
2025,13,stroll,Lance Stroll,aston_martin,Aston Martin,18,20,1:42.502,\N,\N
2025,14,leclerc,Charles Leclerc,ferrari,Ferrari,16,1,1:15.582,1:15.455,1:15.372
2025,14,piastri,Oscar Piastri,mclaren,McLaren,81,2,1:15.211,1:14.941,1:15.398
2025,14,norris,Lando Norris,mclaren,McLaren,4,3,1:15.523,1:14.890,1:15.413
2025,14,russell,George Russell,mercedes,Mercedes,63,4,1:15.627,1:15.201,1:15.425
2025,14,alonso,Fernando Alonso,aston_martin,Aston Martin,14,5,1:15.281,1:15.395,1:15.481
2025,14,stroll,Lance Stroll,aston_martin,Aston Martin,18,6,1:15.673,1:15.129,1:15.498
2025,14,bortoleto,Gabriel Bortoleto,sauber,Sauber,5,7,1:15.586,1:15.687,1:15.725
2025,14,max_verstappen,Max Verstappen,red_bull,Red Bull,33,8,1:15.736,1:15.547,1:15.728
2025,14,lawson,Liam Lawson,rb,RB F1 Team,30,9,1:15.849,1:15.630,1:15.821
2025,14,hadjar,Isack Hadjar,rb,RB F1 Team,6,10,1:15.516,1:15.469,1:15.915
2025,14,bearman,Oliver Bearman,haas,Haas F1 Team,87,11,1:15.750,1:15.694,\N
2025,14,hamilton,Lewis Hamilton,ferrari,Ferrari,44,12,1:15.733,1:15.702,\N
2025,14,sainz,Carlos Sainz,williams,Williams,55,13,1:15.652,1:15.781,\N
2025,14,colapinto,Franco Colapinto,alpine,Alpine F1 Team,43,14,1:15.875,1:16.159,\N
2025,14,antonelli,Andrea Kimi Antonelli,mercedes,Mercedes,12,15,1:15.782,1:16.386,\N
2025,14,tsunoda,Yuki Tsunoda,red_bull,Red Bull,22,16,1:15.899,\N,\N
2025,14,gasly,Pierre Gasly,alpine,Alpine F1 Team,10,17,1:15.966,\N,\N
2025,14,ocon,Esteban Ocon,haas,Haas F1 Team,31,18,1:16.023,\N,\N
2025,14,hulkenberg,Nico Hülkenberg,sauber,Sauber,27,19,1:16.081,\N,\N
2025,14,albon,Alexander Albon,williams,Williams,23,20,1:16.223,\N,\N
2025,15,piastri,Oscar Piastri,mclaren,McLaren,81,1,1:09.338,1:08.964,1:08.662
2025,15,norris,Lando Norris,mclaren,McLaren,4,2,1:09.469,1:08.874,1:08.674
2025,15,max_verstappen,Max Verstappen,red_bull,Red Bull,33,3,1:09.696,1:09.122,1:08.925
2025,15,hadjar,Isack Hadjar,rb,RB F1 Team,6,4,1:09.966,1:09.439,1:09.208
2025,15,russell,George Russell,mercedes,Mercedes,63,5,1:09.676,1:09.313,1:09.255
2025,15,leclerc,Charles Leclerc,ferrari,Ferrari,16,6,1:09.906,1:09.304,1:09.340
2025,15,hamilton,Lewis Hamilton,ferrari,Ferrari,44,7,1:09.900,1:09.261,1:09.390
2025,15,lawson,Liam Lawson,rb,RB F1 Team,30,8,1:09.779,1:09.383,1:09.500
2025,15,sainz,Carlos Sainz,williams,Williams,55,9,1:09.980,1:09.472,1:09.505
2025,15,alonso,Fernando Alonso,aston_martin,Aston Martin,14,10,1:09.950,1:09.366,1:09.630
2025,15,antonelli,Andrea Kimi Antonelli,mercedes,Mercedes,12,11,1:09.845,1:09.493,\N
2025,15,tsunoda,Yuki Tsunoda,red_bull,Red Bull,22,12,1:09.954,1:09.622,\N
2025,15,bortoleto,Gabriel Bortoleto,sauber,Sauber,5,13,1:10.037,1:09.622,\N
2025,15,gasly,Pierre Gasly,alpine,Alpine F1 Team,10,14,1:09.894,1:09.637,\N
2025,15,albon,Alexander Albon,williams,Williams,23,15,1:09.792,1:09.652,\N
2025,15,colapinto,Franco Colapinto,alpine,Alpine F1 Team,43,16,1:10.104,\N,\N
2025,15,hulkenberg,Nico Hülkenberg,sauber,Sauber,27,17,1:10.195,\N,\N
2025,15,ocon,Esteban Ocon,haas,Haas F1 Team,31,18,1:10.197,\N,\N
2025,15,bearman,Oliver Bearman,haas,Haas F1 Team,87,19,1:10.262,\N,\N
2025,15,stroll,Lance Stroll,aston_martin,Aston Martin,18,20,\N,\N,\N
2025,16,max_verstappen,Max Verstappen,red_bull,Red Bull,33,1,1:19.455,1:19.140,1:18.792
2025,16,norris,Lando Norris,mclaren,McLaren,4,2,1:19.517,1:19.293,1:18.869
2025,16,piastri,Oscar Piastri,mclaren,McLaren,81,3,1:19.711,1:19.286,1:18.982
2025,16,leclerc,Charles Leclerc,ferrari,Ferrari,16,4,1:19.689,1:19.310,1:19.007
2025,16,hamilton,Lewis Hamilton,ferrari,Ferrari,44,5,1:19.765,1:19.371,1:19.124
2025,16,russell,George Russell,mercedes,Mercedes,63,6,1:19.414,1:19.287,1:19.157
2025,16,antonelli,Andrea Kimi Antonelli,mercedes,Mercedes,12,7,1:19.747,1:19.245,1:19.200
2025,16,bortoleto,Gabriel Bortoleto,sauber,Sauber,5,8,1:19.688,1:19.323,1:19.390
2025,16,alonso,Fernando Alonso,aston_martin,Aston Martin,14,9,1:19.658,1:19.362,1:19.424
2025,16,tsunoda,Yuki Tsunoda,red_bull,Red Bull,22,10,1:19.619,1:19.433,1:19.519
2025,16,bearman,Oliver Bearman,haas,Haas F1 Team,87,11,1:19.688,1:19.446,\N
2025,16,hulkenberg,Nico Hülkenberg,sauber,Sauber,27,12,1:19.777,1:19.498,\N
2025,16,sainz,Carlos Sainz,williams,Williams,55,13,1:19.644,1:19.528,\N
2025,16,albon,Alexander Albon,williams,Williams,23,14,1:19.837,1:19.583,\N
2025,16,ocon,Esteban Ocon,haas,Haas F1 Team,31,15,1:19.816,1:19.707,\N
2025,16,hadjar,Isack Hadjar,rb,RB F1 Team,6,16,1:19.917,\N,\N
2025,16,stroll,Lance Stroll,aston_martin,Aston Martin,18,17,1:19.948,\N,\N
2025,16,colapinto,Franco Colapinto,alpine,Alpine F1 Team,43,18,1:19.992,\N,\N
2025,16,gasly,Pierre Gasly,alpine,Alpine F1 Team,10,19,1:20.103,\N,\N
2025,16,lawson,Liam Lawson,rb,RB F1 Team,30,20,1:20.279,\N,\N
2025,17,max_verstappen,Max Verstappen,red_bull,Red Bull,33,1,1:41.331,1:41.255,1:41.117
2025,17,sainz,Carlos Sainz,williams,Williams,55,2,1:42.635,1:41.675,1:41.595
2025,17,lawson,Liam Lawson,rb,RB F1 Team,30,3,1:42.257,1:41.537,1:41.707
2025,17,antonelli,Andrea Kimi Antonelli,mercedes,Mercedes,12,4,1:42.247,1:41.464,1:41.717
2025,17,russell,George Russell,mercedes,Mercedes,63,5,1:41.646,1:41.455,1:42.070
2025,17,tsunoda,Yuki Tsunoda,red_bull,Red Bull,22,6,1:42.347,1:41.788,1:42.143
2025,17,norris,Lando Norris,mclaren,McLaren,4,7,1:41.322,1:41.396,1:42.239
2025,17,hadjar,Isack Hadjar,rb,RB F1 Team,6,8,1:41.656,1:41.647,1:42.372
2025,17,piastri,Oscar Piastri,mclaren,McLaren,81,9,1:41.839,1:41.414,\N
2025,17,leclerc,Charles Leclerc,ferrari,Ferrari,16,10,1:41.458,1:41.519,\N
2025,17,alonso,Fernando Alonso,aston_martin,Aston Martin,14,11,1:42.211,1:41.857,\N
2025,17,hamilton,Lewis Hamilton,ferrari,Ferrari,44,12,1:41.821,1:42.183,\N
2025,17,bortoleto,Gabriel Bortoleto,sauber,Sauber,5,13,1:42.511,1:42.277,\N
2025,17,stroll,Lance Stroll,aston_martin,Aston Martin,18,14,1:42.101,1:43.061,\N
2025,17,bearman,Oliver Bearman,haas,Haas F1 Team,87,15,1:42.666,\N,\N
2025,17,colapinto,Franco Colapinto,alpine,Alpine F1 Team,43,16,1:42.779,\N,\N
2025,17,hulkenberg,Nico Hülkenberg,sauber,Sauber,27,17,1:42.916,\N,\N
2025,17,gasly,Pierre Gasly,alpine,Alpine F1 Team,10,18,1:43.139,\N,\N
2025,17,albon,Alexander Albon,williams,Williams,23,19,1:43.778,\N,\N
2025,17,ocon,Esteban Ocon,haas,Haas F1 Team,31,20,\N,\N,\N
2025,18,russell,George Russell,mercedes,Mercedes,63,1,1:29.928,1:29.562,1:29.158
2025,18,max_verstappen,Max Verstappen,red_bull,Red Bull,33,2,1:30.028,1:29.572,1:29.340
2025,18,piastri,Oscar Piastri,mclaren,McLaren,81,3,1:30.313,1:29.813,1:29.524
2025,18,antonelli,Andrea Kimi Antonelli,mercedes,Mercedes,12,4,1:30.036,1:29.649,1:29.537
2025,18,norris,Lando Norris,mclaren,McLaren,4,5,1:29.932,1:29.809,1:29.586
2025,18,hamilton,Lewis Hamilton,ferrari,Ferrari,44,6,1:29.765,1:29.936,1:29.688
2025,18,leclerc,Charles Leclerc,ferrari,Ferrari,16,7,1:30.370,1:29.914,1:29.784
2025,18,hadjar,Isack Hadjar,rb,RB F1 Team,6,8,1:30.214,1:30.016,1:29.846
2025,18,bearman,Oliver Bearman,haas,Haas F1 Team,87,9,1:30.420,1:30.076,1:29.868
2025,18,alonso,Fernando Alonso,aston_martin,Aston Martin,14,10,1:30.745,1:30.054,1:29.955
2025,18,hulkenberg,Nico Hülkenberg,sauber,Sauber,27,11,1:30.715,1:30.141,\N
2025,18,lawson,Liam Lawson,rb,RB F1 Team,30,12,1:30.681,1:30.320,\N
2025,18,albon,Alexander Albon,williams,Williams,23,12,\N,1:30.202,\N
2025,18,tsunoda,Yuki Tsunoda,red_bull,Red Bull,22,13,1:30.574,1:30.353,\N
2025,18,sainz,Carlos Sainz,williams,Williams,55,13,\N,1:30.235,\N
2025,18,bortoleto,Gabriel Bortoleto,sauber,Sauber,5,14,1:30.820,\N,\N
2025,18,stroll,Lance Stroll,aston_martin,Aston Martin,18,15,1:30.949,\N,\N
2025,18,colapinto,Franco Colapinto,alpine,Alpine F1 Team,43,16,1:30.982,\N,\N
2025,18,ocon,Esteban Ocon,haas,Haas F1 Team,31,17,1:30.989,\N,\N
2025,18,gasly,Pierre Gasly,alpine,Alpine F1 Team,10,18,1:31.261,\N,\N
2025,19,max_verstappen,Max Verstappen,red_bull,Red Bull,33,1,1:33.207,1:32.701,1:32.510
2025,19,norris,Lando Norris,mclaren,McLaren,4,2,1:33.843,1:32.876,1:32.801
2025,19,leclerc,Charles Leclerc,ferrari,Ferrari,16,3,1:33.525,1:32.869,1:32.807
2025,19,russell,George Russell,mercedes,Mercedes,63,4,1:33.311,1:33.058,1:32.826
2025,19,hamilton,Lewis Hamilton,ferrari,Ferrari,44,5,1:33.685,1:32.914,1:32.912
2025,19,piastri,Oscar Piastri,mclaren,McLaren,81,6,1:33.746,1:33.228,1:33.084
2025,19,antonelli,Andrea Kimi Antonelli,mercedes,Mercedes,12,7,1:33.501,1:33.044,1:33.114
2025,19,bearman,Oliver Bearman,haas,Haas F1 Team,87,8,1:33.921,1:33.238,1:33.139
2025,19,sainz,Carlos Sainz,williams,Williams,55,9,1:33.739,1:33.124,1:33.150
2025,19,alonso,Fernando Alonso,aston_martin,Aston Martin,14,10,1:33.741,1:33.237,1:33.160
2025,19,hulkenberg,Nico Hülkenberg,sauber,Sauber,27,11,1:33.551,1:33.334,\N
2025,19,lawson,Liam Lawson,rb,RB F1 Team,30,12,1:33.549,1:33.360,\N
2025,19,tsunoda,Yuki Tsunoda,red_bull,Red Bull,22,13,1:33.935,1:33.466,\N
2025,19,gasly,Pierre Gasly,alpine,Alpine F1 Team,10,14,1:33.599,1:33.651,\N
2025,19,colapinto,Franco Colapinto,alpine,Alpine F1 Team,43,15,1:34.039,1:34.044,\N
2025,19,bortoleto,Gabriel Bortoleto,sauber,Sauber,5,16,1:34.125,\N,\N
2025,19,ocon,Esteban Ocon,haas,Haas F1 Team,31,17,1:34.136,\N,\N
2025,19,stroll,Lance Stroll,aston_martin,Aston Martin,18,18,1:34.540,\N,\N
2025,19,albon,Alexander Albon,williams,Williams,23,19,1:34.690,\N,\N
2025,19,hadjar,Isack Hadjar,rb,RB F1 Team,6,20,\N,\N,\N
2025,20,norris,Lando Norris,mclaren,McLaren,4,1,1:16.899,1:16.252,1:15.586
2025,20,leclerc,Charles Leclerc,ferrari,Ferrari,16,2,1:17.024,1:16.658,1:15.848
2025,20,hamilton,Lewis Hamilton,ferrari,Ferrari,44,3,1:16.736,1:16.458,1:15.938
2025,20,russell,George Russell,mercedes,Mercedes,63,4,1:16.895,1:16.537,1:16.034
2025,20,max_verstappen,Max Verstappen,red_bull,Red Bull,33,5,1:17.076,1:16.605,1:16.070
2025,20,antonelli,Andrea Kimi Antonelli,mercedes,Mercedes,12,6,1:17.291,1:16.773,1:16.118
2025,20,sainz,Carlos Sainz,williams,Williams,55,7,1:17.171,1:16.607,1:16.172
2025,20,piastri,Oscar Piastri,mclaren,McLaren,81,8,1:17.158,1:16.737,1:16.174
2025,20,hadjar,Isack Hadjar,rb,RB F1 Team,6,9,1:16.733,1:16.804,1:16.252
2025,20,bearman,Oliver Bearman,haas,Haas F1 Team,87,10,1:17.040,1:16.787,1:16.460
2025,20,tsunoda,Yuki Tsunoda,red_bull,Red Bull,22,11,1:17.234,1:16.816,\N
2025,20,ocon,Esteban Ocon,haas,Haas F1 Team,31,12,1:16.948,1:16.837,\N
2025,20,hulkenberg,Nico Hülkenberg,sauber,Sauber,27,13,1:17.251,1:17.016,\N
2025,20,alonso,Fernando Alonso,aston_martin,Aston Martin,14,14,1:17.232,1:17.103,\N
2025,20,lawson,Liam Lawson,rb,RB F1 Team,30,15,1:16.961,1:18.072,\N
2025,20,bortoleto,Gabriel Bortoleto,sauber,Sauber,5,16,1:17.412,\N,\N
2025,20,albon,Alexander Albon,williams,Williams,23,17,1:17.490,\N,\N
2025,20,gasly,Pierre Gasly,alpine,Alpine F1 Team,10,18,1:17.546,\N,\N
2025,20,stroll,Lance Stroll,aston_martin,Aston Martin,18,19,1:17.606,\N,\N
2025,20,colapinto,Franco Colapinto,alpine,Alpine F1 Team,43,20,1:17.670,\N,\N
2025,21,norris,Lando Norris,mclaren,McLaren,4,1,1:09.656,1:09.616,1:09.511
2025,21,antonelli,Andrea Kimi Antonelli,mercedes,Mercedes,12,2,1:10.192,1:09.774,1:09.685
2025,21,leclerc,Charles Leclerc,ferrari,Ferrari,16,3,1:09.934,1:09.801,1:09.805
2025,21,piastri,Oscar Piastri,mclaren,McLaren,81,4,1:09.928,1:09.835,1:09.886
2025,21,hadjar,Isack Hadjar,rb,RB F1 Team,6,5,1:10.083,1:09.970,1:09.931
2025,21,russell,George Russell,mercedes,Mercedes,63,6,1:09.935,1:09.880,1:09.942
2025,21,lawson,Liam Lawson,rb,RB F1 Team,30,7,1:10.108,1:09.950,1:09.962
2025,21,bearman,Oliver Bearman,haas,Haas F1 Team,87,8,1:09.891,1:09.755,1:09.977
2025,21,gasly,Pierre Gasly,alpine,Alpine F1 Team,10,9,1:09.885,1:09.857,1:10.002
2025,21,hulkenberg,Nico Hülkenberg,sauber,Sauber,27,10,1:10.337,1:09.985,1:10.039
2025,21,alonso,Fernando Alonso,aston_martin,Aston Martin,14,11,1:10.181,1:10.001,\N
2025,21,albon,Alexander Albon,williams,Williams,23,12,1:10.115,1:10.053,\N
2025,21,hamilton,Lewis Hamilton,ferrari,Ferrari,44,13,1:10.016,1:10.100,\N
2025,21,stroll,Lance Stroll,aston_martin,Aston Martin,18,14,1:10.041,1:10.161,\N
2025,21,sainz,Carlos Sainz,williams,Williams,55,15,1:10.184,1:10.472,\N
2025,21,max_verstappen,Max Verstappen,red_bull,Red Bull,33,16,1:10.403,\N,\N
2025,21,ocon,Esteban Ocon,haas,Haas F1 Team,31,17,1:10.438,\N,\N
2025,21,colapinto,Franco Colapinto,alpine,Alpine F1 Team,43,18,1:10.632,\N,\N
2025,21,tsunoda,Yuki Tsunoda,red_bull,Red Bull,22,19,1:10.711,\N,\N
2025,22,norris,Lando Norris,mclaren,McLaren,4,1,1:55.473,1:51.379,1:47.934
2025,22,max_verstappen,Max Verstappen,red_bull,Red Bull,33,2,1:53.458,1:51.593,1:48.257
2025,22,sainz,Carlos Sainz,williams,Williams,55,3,1:54.873,1:51.144,1:48.296
2025,22,russell,George Russell,mercedes,Mercedes,63,4,1:53.144,1:50.935,1:48.803
2025,22,piastri,Oscar Piastri,mclaren,McLaren,81,5,1:54.544,1:52.126,1:48.961
2025,22,lawson,Liam Lawson,rb,RB F1 Team,30,6,1:54.828,1:51.621,1:49.062
2025,22,alonso,Fernando Alonso,aston_martin,Aston Martin,14,7,1:53.739,1:51.865,1:49.466
2025,22,hadjar,Isack Hadjar,rb,RB F1 Team,6,8,1:55.613,1:51.120,1:49.554
2025,22,leclerc,Charles Leclerc,ferrari,Ferrari,16,9,1:54.814,1:51.952,1:49.872
2025,22,gasly,Pierre Gasly,alpine,Alpine F1 Team,10,10,1:54.432,1:51.760,1:51.540
2025,22,hulkenberg,Nico Hülkenberg,sauber,Sauber,27,11,1:54.555,1:52.781,\N
2025,22,stroll,Lance Stroll,aston_martin,Aston Martin,18,12,1:54.416,1:52.850,\N
2025,22,ocon,Esteban Ocon,haas,Haas F1 Team,31,13,1:54.635,1:52.987,\N
2025,22,bearman,Oliver Bearman,haas,Haas F1 Team,87,14,1:56.016,1:53.094,\N
2025,22,colapinto,Franco Colapinto,alpine,Alpine F1 Team,43,15,1:54.847,1:53.683,\N
2025,22,albon,Alexander Albon,williams,Williams,23,16,1:56.220,\N,\N
2025,22,antonelli,Andrea Kimi Antonelli,mercedes,Mercedes,12,17,1:56.314,\N,\N
2025,22,bortoleto,Gabriel Bortoleto,sauber,Sauber,5,18,1:56.674,\N,\N
2025,22,tsunoda,Yuki Tsunoda,red_bull,Red Bull,22,19,1:56.798,\N,\N
2025,22,hamilton,Lewis Hamilton,ferrari,Ferrari,44,20,1:57.115,\N,\N
2025,23,piastri,Oscar Piastri,mclaren,McLaren,81,1,1:20.234,1:19.650,1:19.387
2025,23,norris,Lando Norris,mclaren,McLaren,4,2,1:20.157,1:19.861,1:19.495
2025,23,max_verstappen,Max Verstappen,red_bull,Red Bull,33,3,1:20.472,1:19.985,1:19.651
2025,23,russell,George Russell,mercedes,Mercedes,63,4,1:20.074,1:20.186,1:19.662
2025,23,antonelli,Andrea Kimi Antonelli,mercedes,Mercedes,12,5,1:20.576,1:20.084,1:19.846
2025,23,hadjar,Isack Hadjar,rb,RB F1 Team,6,6,1:20.603,1:20.350,1:20.114
2025,23,sainz,Carlos Sainz,williams,Williams,55,7,1:20.520,1:20.251,1:20.287
2025,23,alonso,Fernando Alonso,aston_martin,Aston Martin,14,8,1:20.598,1:20.219,1:20.418
2025,23,gasly,Pierre Gasly,alpine,Alpine F1 Team,10,9,1:20.681,1:20.324,1:20.477
2025,23,leclerc,Charles Leclerc,ferrari,Ferrari,16,10,1:20.564,1:20.343,1:20.561
2025,23,hulkenberg,Nico Hülkenberg,sauber,Sauber,27,11,1:20.630,1:20.353,\N
2025,23,lawson,Liam Lawson,rb,RB F1 Team,30,12,1:20.539,1:20.433,\N
2025,23,bearman,Oliver Bearman,haas,Haas F1 Team,87,13,1:20.548,1:20.438,\N
2025,23,bortoleto,Gabriel Bortoleto,sauber,Sauber,5,14,1:20.653,1:20.534,\N
2025,23,albon,Alexander Albon,williams,Williams,23,15,1:20.629,1:20.629,\N
2025,23,tsunoda,Yuki Tsunoda,red_bull,Red Bull,22,16,1:20.761,\N,\N
2025,23,ocon,Esteban Ocon,haas,Haas F1 Team,31,17,1:20.864,\N,\N
2025,23,hamilton,Lewis Hamilton,ferrari,Ferrari,44,18,1:20.907,\N,\N
2025,23,stroll,Lance Stroll,aston_martin,Aston Martin,18,19,1:21.058,\N,\N
2025,23,colapinto,Franco Colapinto,alpine,Alpine F1 Team,43,20,1:21.137,\N,\N
2025,24,max_verstappen,Max Verstappen,red_bull,Red Bull,33,1,1:22.877,1:22.752,1:22.207
2025,24,norris,Lando Norris,mclaren,McLaren,4,2,1:23.178,1:22.804,1:22.408
2025,24,piastri,Oscar Piastri,mclaren,McLaren,81,3,1:22.605,1:23.021,1:22.437
2025,24,russell,George Russell,mercedes,Mercedes,63,4,1:23.247,1:22.730,1:22.645
2025,24,leclerc,Charles Leclerc,ferrari,Ferrari,16,5,1:23.163,1:22.948,1:22.730
2025,24,alonso,Fernando Alonso,aston_martin,Aston Martin,14,6,1:23.071,1:22.861,1:22.902
2025,24,bortoleto,Gabriel Bortoleto,sauber,Sauber,5,7,1:23.374,1:22.874,1:22.904
2025,24,ocon,Esteban Ocon,haas,Haas F1 Team,31,8,1:23.334,1:23.023,1:22.913
2025,24,hadjar,Isack Hadjar,rb,RB F1 Team,6,9,1:23.373,1:22.997,1:23.072
2025,24,tsunoda,Yuki Tsunoda,red_bull,Red Bull,22,10,1:23.386,1:23.034,\N
2025,24,bearman,Oliver Bearman,haas,Haas F1 Team,87,11,1:23.254,1:23.041,\N
2025,24,sainz,Carlos Sainz,williams,Williams,55,12,1:23.187,1:23.042,\N
2025,24,lawson,Liam Lawson,rb,RB F1 Team,30,13,1:23.265,1:23.077,\N
2025,24,antonelli,Andrea Kimi Antonelli,mercedes,Mercedes,12,14,1:22.894,1:23.080,\N
2025,24,stroll,Lance Stroll,aston_martin,Aston Martin,18,15,1:23.316,1:23.097,\N
2025,24,hamilton,Lewis Hamilton,ferrari,Ferrari,44,16,1:23.394,\N,\N
2025,24,albon,Alexander Albon,williams,Williams,23,17,1:23.416,\N,\N
2025,24,hulkenberg,Nico Hülkenberg,sauber,Sauber,27,18,1:23.450,\N,\N
2025,24,gasly,Pierre Gasly,alpine,Alpine F1 Team,10,19,1:23.468,\N,\N
2025,24,colapinto,Franco Colapinto,alpine,Alpine F1 Team,43,20,1:23.890,\N,\N
