id_piloto,nombre,apellido,codigo,numero_permanente,fecha_nacimiento,nacionalidad,url_biografia,fuente
abate,Carlo,Abate,,,1932-07-10,Italian,http://en.wikipedia.org/wiki/Carlo_Mario_Abate,Base Oficial Ergast Motor Racing Database / Registro Oficial FIA
abecassis,George,Abecassis,,,1913-03-21,British,http://en.wikipedia.org/wiki/George_Abecassis,Base Oficial Ergast Motor Racing Database / Registro Oficial FIA
acheson,Kenny,Acheson,,,1957-11-27,British,http://en.wikipedia.org/wiki/Kenny_Acheson,Base Oficial Ergast Motor Racing Database / Registro Oficial FIA
adamich,Andrea,de Adamich,,,1941-10-03,Italian,http://en.wikipedia.org/wiki/Andrea_de_Adamich,Base Oficial Ergast Motor Racing Database / Registro Oficial FIA
adams,Philippe,Adams,,,1969-11-19,Belgian,http://en.wikipedia.org/wiki/Philippe_Adams,Base Oficial Ergast Motor Racing Database / Registro Oficial FIA
ader,Walt,Ader,,,1913-12-15,American,http://en.wikipedia.org/wiki/Walt_Ader,Base Oficial Ergast Motor Racing Database / Registro Oficial FIA
adolff,Kurt,Adolff,,,1921-11-05,German,http://en.wikipedia.org/wiki/Kurt_Adolff,Base Oficial Ergast Motor Racing Database / Registro Oficial FIA
agabashian,Fred,Agabashian,,,1913-08-21,American,http://en.wikipedia.org/wiki/Fred_Agabashian,Base Oficial Ergast Motor Racing Database / Registro Oficial FIA
ahrens,Kurt,Ahrens,,,1940-04-19,German,"http://en.wikipedia.org/wiki/Kurt_Ahrens,_Jr.",Base Oficial Ergast Motor Racing Database / Registro Oficial FIA
aitken,Jack,Aitken,AIT,89.0,1995-09-23,British,http://en.wikipedia.org/wiki/Jack_Aitken,Base Oficial Ergast Motor Racing Database / Registro Oficial FIA
alan_brown,Alan,Brown,,,1919-11-20,British,http://en.wikipedia.org/wiki/Alan_Brown_(racing_driver),Base Oficial Ergast Motor Racing Database / Registro Oficial FIA
albers,Christijan,Albers,ALB,,1979-04-16,Dutch,http://en.wikipedia.org/wiki/Christijan_Albers,Base Oficial Ergast Motor Racing Database / Registro Oficial FIA
albon,Alexander,Albon,ALB,23.0,1996-03-23,Thai,http://en.wikipedia.org/wiki/Alexander_Albon,Base Oficial Ergast Motor Racing Database / Registro Oficial FIA
alboreto,Michele,Alboreto,,,1956-12-23,Italian,http://en.wikipedia.org/wiki/Michele_Alboreto,Base Oficial Ergast Motor Racing Database / Registro Oficial FIA
alesi,Jean,Alesi,,,1964-06-11,French,http://en.wikipedia.org/wiki/Jean_Alesi,Base Oficial Ergast Motor Racing Database / Registro Oficial FIA
alguersuari,Jaime,Alguersuari,ALG,,1990-03-23,Spanish,http://en.wikipedia.org/wiki/Jaime_Alguersuari,Base Oficial Ergast Motor Racing Database / Registro Oficial FIA
alliot,Philippe,Alliot,,,1954-07-27,French,http://en.wikipedia.org/wiki/Philippe_Alliot,Base Oficial Ergast Motor Racing Database / Registro Oficial FIA
allison,Cliff,Allison,,,1932-02-08,British,http://en.wikipedia.org/wiki/Cliff_Allison,Base Oficial Ergast Motor Racing Database / Registro Oficial FIA
alonso,Fernando,Alonso,ALO,14.0,1981-07-29,Spanish,http://en.wikipedia.org/wiki/Fernando_Alonso,Base Oficial Ergast Motor Racing Database / Registro Oficial FIA
amati,Giovanna,Amati,,,1959-07-20,Italian,http://en.wikipedia.org/wiki/Giovanna_Amati,Base Oficial Ergast Motor Racing Database / Registro Oficial FIA
ambrosio,Jerome,d'Ambrosio,DAM,,1985-12-27,Belgian,http://en.wikipedia.org/wiki/J%C3%A9r%C3%B4me_d%27Ambrosio,Base Oficial Ergast Motor Racing Database / Registro Oficial FIA
amick,Red,Amick,,,1929-01-19,American,http://en.wikipedia.org/wiki/Red_Amick,Base Oficial Ergast Motor Racing Database / Registro Oficial FIA
amon,Chris,Amon,,,1943-07-20,New Zealander,http://en.wikipedia.org/wiki/Chris_Amon,Base Oficial Ergast Motor Racing Database / Registro Oficial FIA
anderson,Bob,Anderson,,,1931-05-19,British,http://en.wikipedia.org/wiki/Bob_Anderson_(racing_driver),Base Oficial Ergast Motor Racing Database / Registro Oficial FIA
andersson,Conny,Andersson,,,1939-12-28,Swedish,http://en.wikipedia.org/wiki/Conny_Andersson_(racing_driver),Base Oficial Ergast Motor Racing Database / Registro Oficial FIA
andre_pilette,Andre,Pilette,,,1918-10-06,Belgian,http://en.wikipedia.org/wiki/Andr%C3%A9_Pilette,Base Oficial Ergast Motor Racing Database / Registro Oficial FIA
andretti,Michael,Andretti,,,1962-10-05,American,http://en.wikipedia.org/wiki/Michael_Andretti,Base Oficial Ergast Motor Racing Database / Registro Oficial FIA
andrews,Keith,Andrews,,,1920-06-15,American,http://en.wikipedia.org/wiki/Keith_Andrews_(driver),Base Oficial Ergast Motor Racing Database / Registro Oficial FIA
angelis,Elio,de Angelis,,,1958-03-26,Italian,http://en.wikipedia.org/wiki/Elio_de_Angelis,Base Oficial Ergast Motor Racing Database / Registro Oficial FIA
antonelli,Andrea Kimi,Antonelli,ANT,12.0,2006-08-25,Italian,https://en.wikipedia.org/wiki/Andrea_Kimi_Antonelli,Base Oficial Ergast Motor Racing Database / Registro Oficial FIA
apicella,Marco,Apicella,,,1965-10-07,Italian,http://en.wikipedia.org/wiki/Marco_Apicella,Base Oficial Ergast Motor Racing Database / Registro Oficial FIA
armi,Frank,Armi,,,1918-10-12,American,http://en.wikipedia.org/wiki/Frank_Armi,Base Oficial Ergast Motor Racing Database / Registro Oficial FIA
arnold,Chuck,Arnold,,,1926-05-30,American,http://en.wikipedia.org/wiki/Chuck_Arnold,Base Oficial Ergast Motor Racing Database / Registro Oficial FIA
arnoux,Rene,Arnoux,,,1948-07-04,French,http://en.wikipedia.org/wiki/Ren%C3%A9_Arnoux,Base Oficial Ergast Motor Racing Database / Registro Oficial FIA
arundell,Peter,Arundell,,,1933-11-08,British,http://en.wikipedia.org/wiki/Peter_Arundell,Base Oficial Ergast Motor Racing Database / Registro Oficial FIA
ascari,Alberto,Ascari,,,1918-07-13,Italian,http://en.wikipedia.org/wiki/Alberto_Ascari,Base Oficial Ergast Motor Racing Database / Registro Oficial FIA
ashdown,Peter,Ashdown,,,1934-10-16,British,http://en.wikipedia.org/wiki/Peter_Ashdown,Base Oficial Ergast Motor Racing Database / Registro Oficial FIA
ashley,Ian,Ashley,,,1947-10-26,British,http://en.wikipedia.org/wiki/Ian_Ashley,Base Oficial Ergast Motor Racing Database / Registro Oficial FIA
ashmore,Gerry,Ashmore,,,1936-07-25,British,http://en.wikipedia.org/wiki/Gerry_Ashmore,Base Oficial Ergast Motor Racing Database / Registro Oficial FIA
aston,Bill,Aston,,,1900-03-29,British,http://en.wikipedia.org/wiki/Bill_Aston,Base Oficial Ergast Motor Racing Database / Registro Oficial FIA
attwood,Richard,Attwood,,,1940-04-04,British,http://en.wikipedia.org/wiki/Richard_Attwood,Base Oficial Ergast Motor Racing Database / Registro Oficial FIA
ayulo,Manny,Ayulo,,,1921-10-20,American,http://en.wikipedia.org/wiki/Manny_Ayulo,Base Oficial Ergast Motor Racing Database / Registro Oficial FIA
badoer,Luca,Badoer,BAD,,1971-01-25,Italian,http://en.wikipedia.org/wiki/Luca_Badoer,Base Oficial Ergast Motor Racing Database / Registro Oficial FIA
baghetti,Giancarlo,Baghetti,,,1934-12-25,Italian,http://en.wikipedia.org/wiki/Giancarlo_Baghetti,Base Oficial Ergast Motor Racing Database / Registro Oficial FIA
bailey,Julian,Bailey,,,1961-10-09,British,http://en.wikipedia.org/wiki/Julian_Bailey,Base Oficial Ergast Motor Racing Database / Registro Oficial FIA
baldi,Mauro,Baldi,,,1954-01-31,Italian,http://en.wikipedia.org/wiki/Mauro_Baldi,Base Oficial Ergast Motor Racing Database / Registro Oficial FIA
ball,Bobby,Ball,,,1925-08-26,American,http://en.wikipedia.org/wiki/Bobby_Ball_(auto_racer),Base Oficial Ergast Motor Racing Database / Registro Oficial FIA
balsa,Marcel,Balsa,,,1909-01-01,French,http://en.wikipedia.org/wiki/Marcel_Balsa,Base Oficial Ergast Motor Racing Database / Registro Oficial FIA
bandini,Lorenzo,Bandini,,,1935-12-21,Italian,http://en.wikipedia.org/wiki/Lorenzo_Bandini,Base Oficial Ergast Motor Racing Database / Registro Oficial FIA
banks,Henry,Banks,,,1913-06-14,American,http://en.wikipedia.org/wiki/Henry_Banks,Base Oficial Ergast Motor Racing Database / Registro Oficial FIA
barbazza,Fabrizio,Barbazza,,,1963-04-02,Italian,http://en.wikipedia.org/wiki/Fabrizio_Barbazza,Base Oficial Ergast Motor Racing Database / Registro Oficial FIA
barber,Skip,Barber,,,1936-11-16,American,http://en.wikipedia.org/wiki/Skip_Barber,Base Oficial Ergast Motor Racing Database / Registro Oficial FIA
barilla,Paolo,Barilla,,,1961-04-20,Italian,http://en.wikipedia.org/wiki/Paolo_Barilla,Base Oficial Ergast Motor Racing Database / Registro Oficial FIA
barrichello,Rubens,Barrichello,BAR,,1972-05-23,Brazilian,http://en.wikipedia.org/wiki/Rubens_Barrichello,Base Oficial Ergast Motor Racing Database / Registro Oficial FIA
bartels,Michael,Bartels,,,1968-03-08,German,http://en.wikipedia.org/wiki/Michael_Bartels,Base Oficial Ergast Motor Racing Database / Registro Oficial FIA
barth,Edgar,Barth,,,1917-01-26,German,http://en.wikipedia.org/wiki/Edgar_Barth,Base Oficial Ergast Motor Racing Database / Registro Oficial FIA
bassi,Giorgio,Bassi,,,1934-01-20,Italian,http://en.wikipedia.org/wiki/Giorgio_Bassi,Base Oficial Ergast Motor Racing Database / Registro Oficial FIA
bauer,Erwin,Bauer,,,1912-07-17,German,http://en.wikipedia.org/wiki/Erwin_Bauer,Base Oficial Ergast Motor Racing Database / Registro Oficial FIA
baumgartner,Zsolt,Baumgartner,,,1981-01-01,Hungarian,http://en.wikipedia.org/wiki/Zsolt_Baumgartner,Base Oficial Ergast Motor Racing Database / Registro Oficial FIA
bayol,Elie,Bayol,,,1914-02-28,French,http://en.wikipedia.org/wiki/%C3%89lie_Bayol,Base Oficial Ergast Motor Racing Database / Registro Oficial FIA
bearman,Oliver,Bearman,BEA,38.0,2005-05-08,British,http://en.wikipedia.org/wiki/Oliver_Bearman,Base Oficial Ergast Motor Racing Database / Registro Oficial FIA
beaufort,Carel Godin,de Beaufort,,,1934-04-10,Dutch,http://en.wikipedia.org/wiki/Carel_Godin_de_Beaufort,Base Oficial Ergast Motor Racing Database / Registro Oficial FIA
beauman,Don,Beauman,,,1928-07-26,British,http://en.wikipedia.org/wiki/Don_Beauman,Base Oficial Ergast Motor Racing Database / Registro Oficial FIA
bechem,Gunther,Bechem,,,1921-12-21,German,http://en.wikipedia.org/wiki/G%C3%BCnther_Bechem,Base Oficial Ergast Motor Racing Database / Registro Oficial FIA
behra,Jean,Behra,,,1921-02-16,French,http://en.wikipedia.org/wiki/Jean_Behra,Base Oficial Ergast Motor Racing Database / Registro Oficial FIA
bell,Derek,Bell,,,1941-10-31,British,http://en.wikipedia.org/wiki/Derek_Bell_(auto_racer),Base Oficial Ergast Motor Racing Database / Registro Oficial FIA
bellof,Stefan,Bellof,,,1957-11-20,German,http://en.wikipedia.org/wiki/Stefan_Bellof,Base Oficial Ergast Motor Racing Database / Registro Oficial FIA
belmondo,Paul,Belmondo,,,1963-04-23,French,http://en.wikipedia.org/wiki/Paul_Belmondo,Base Oficial Ergast Motor Racing Database / Registro Oficial FIA
belso,Tom,Belsø,,,1942-08-27,Danish,http://en.wikipedia.org/wiki/Tom_Bels%C3%B8,Base Oficial Ergast Motor Racing Database / Registro Oficial FIA
beltoise,Jean-Pierre,Beltoise,,,1937-04-26,French,http://en.wikipedia.org/wiki/Jean-Pierre_Beltoise,Base Oficial Ergast Motor Racing Database / Registro Oficial FIA
beretta,Olivier,Beretta,,,1969-11-23,Monegasque,http://en.wikipedia.org/wiki/Olivier_Beretta,Base Oficial Ergast Motor Racing Database / Registro Oficial FIA
berg,Allen,Berg,,,1961-08-01,Canadian,http://en.wikipedia.org/wiki/Allen_Berg,Base Oficial Ergast Motor Racing Database / Registro Oficial FIA
berger,Gerhard,Berger,,,1959-08-27,Austrian,http://en.wikipedia.org/wiki/Gerhard_Berger,Base Oficial Ergast Motor Racing Database / Registro Oficial FIA
bernard,Eric,Bernard,,,1964-08-24,French,http://en.wikipedia.org/wiki/%C3%89ric_Bernard,Base Oficial Ergast Motor Racing Database / Registro Oficial FIA
bernoldi,Enrique,Bernoldi,,,1978-10-19,Brazilian,http://en.wikipedia.org/wiki/Enrique_Bernoldi,Base Oficial Ergast Motor Racing Database / Registro Oficial FIA
bertaggia,Enrico,Bertaggia,,,1964-09-19,Italian,http://en.wikipedia.org/wiki/Enrico_Bertaggia,Base Oficial Ergast Motor Racing Database / Registro Oficial FIA
bettenhausen,Tony,Bettenhausen,,,1916-09-12,American,http://en.wikipedia.org/wiki/Tony_Bettenhausen,Base Oficial Ergast Motor Racing Database / Registro Oficial FIA
beuttler,Mike,Beuttler,,,1940-04-13,British,http://en.wikipedia.org/wiki/Mike_Beuttler,Base Oficial Ergast Motor Racing Database / Registro Oficial FIA
bianchi,Lucien,Bianchi,BIA,,1934-11-10,Belgian,http://en.wikipedia.org/wiki/Lucien_Bianchi,Base Oficial Ergast Motor Racing Database / Registro Oficial FIA
bianco,Gino,Bianco,,,1916-07-22,Brazilian,http://en.wikipedia.org/wiki/Gino_Bianco,Base Oficial Ergast Motor Racing Database / Registro Oficial FIA
bill_moss,Bill,Moss,,,1933-09-04,British,http://en.wikipedia.org/wiki/Bill_Moss_(racing_driver),Base Oficial Ergast Motor Racing Database / Registro Oficial FIA
binder,Hans,Binder,,,1948-06-12,Austrian,http://en.wikipedia.org/wiki/Hans_Binder,Base Oficial Ergast Motor Racing Database / Registro Oficial FIA
biondetti,Clemente,Biondetti,,,1898-08-18,Italian,http://en.wikipedia.org/wiki/Clemente_Biondetti,Base Oficial Ergast Motor Racing Database / Registro Oficial FIA
bira,Prince,Bira,,,1914-07-15,Thai,http://en.wikipedia.org/wiki/Prince_Bira,Base Oficial Ergast Motor Racing Database / Registro Oficial FIA
birger,Pablo,Birger,,,1924-01-07,Argentine,http://en.wikipedia.org/wiki/Pablo_Birger,Base Oficial Ergast Motor Racing Database / Registro Oficial FIA
bisch,Art,Bisch,,,1926-11-10,American,http://en.wikipedia.org/wiki/Art_Bisch,Base Oficial Ergast Motor Racing Database / Registro Oficial FIA
blanchard,Harry,Blanchard,,,1929-06-13,American,http://en.wikipedia.org/wiki/Harry_Blanchard,Base Oficial Ergast Motor Racing Database / Registro Oficial FIA
bleekemolen,Michael,Bleekemolen,,,1949-10-02,Dutch,http://en.wikipedia.org/wiki/Michael_Bleekemolen,Base Oficial Ergast Motor Racing Database / Registro Oficial FIA
blignaut,Alex,Blignaut,,,1932-11-30,South African,http://en.wikipedia.org/wiki/Alex_Blignaut,Base Oficial Ergast Motor Racing Database / Registro Oficial FIA
blokdyk,Trevor,Blokdyk,,,1935-11-30,South African,http://en.wikipedia.org/wiki/Trevor_Blokdyk,Base Oficial Ergast Motor Racing Database / Registro Oficial FIA
blundell,Mark,Blundell,,,1966-04-08,British,http://en.wikipedia.org/wiki/Mark_Blundell,Base Oficial Ergast Motor Racing Database / Registro Oficial FIA
bob_scott,Bob,Scott,,,1928-10-04,American,http://en.wikipedia.org/wiki/Bob_Scott_(auto_racer),Base Oficial Ergast Motor Racing Database / Registro Oficial FIA
boesel,Raul,Boesel,,,1957-12-04,Brazilian,http://en.wikipedia.org/wiki/Raul_Boesel,Base Oficial Ergast Motor Racing Database / Registro Oficial FIA
boffa,Menato,Boffa,,,1930-01-04,Italian,http://en.wikipedia.org/wiki/Menato_Boffa,Base Oficial Ergast Motor Racing Database / Registro Oficial FIA
bondurant,Bob,Bondurant,,,1933-04-27,American,http://en.wikipedia.org/wiki/Bob_Bondurant,Base Oficial Ergast Motor Racing Database / Registro Oficial FIA
bonetto,Felice,Bonetto,,,1903-06-09,Italian,http://en.wikipedia.org/wiki/Felice_Bonetto,Base Oficial Ergast Motor Racing Database / Registro Oficial FIA
bonnier,Jo,Bonnier,,,1930-01-31,Swedish,http://en.wikipedia.org/wiki/Joakim_Bonnier,Base Oficial Ergast Motor Racing Database / Registro Oficial FIA
bonomi,Roberto,Bonomi,,,1919-09-30,Argentine,http://en.wikipedia.org/wiki/Roberto_Bonomi,Base Oficial Ergast Motor Racing Database / Registro Oficial FIA
bordeu,Juan Manuel,Bordeu,,,1934-01-28,Argentine,http://en.wikipedia.org/wiki/Juan_Manuel_Bordeu,Base Oficial Ergast Motor Racing Database / Registro Oficial FIA
borgudd,Slim,Borgudd,,,1946-11-25,Swedish,http://en.wikipedia.org/wiki/Slim_Borgudd,Base Oficial Ergast Motor Racing Database / Registro Oficial FIA
bortoleto,Gabriel,Bortoleto,BOR,5.0,2004-10-14,Brazilian,https://en.wikipedia.org/wiki/Gabriel_Bortoleto,Base Oficial Ergast Motor Racing Database / Registro Oficial FIA
botha,Luki,Botha,,,1930-01-16,South African,http://en.wikipedia.org/wiki/Luki_Botha,Base Oficial Ergast Motor Racing Database / Registro Oficial FIA
bottas,Valtteri,Bottas,BOT,77.0,1989-08-28,Finnish,http://en.wikipedia.org/wiki/Valtteri_Bottas,Base Oficial Ergast Motor Racing Database / Registro Oficial FIA
boullion,Jean-Christophe,Boullion,,,1969-12-27,French,http://en.wikipedia.org/wiki/Jean-Christophe_Boullion,Base Oficial Ergast Motor Racing Database / Registro Oficial FIA
bourdais,Sebastien,Bourdais,BOU,,1979-02-28,French,http://en.wikipedia.org/wiki/S%C3%A9bastien_Bourdais,Base Oficial Ergast Motor Racing Database / Registro Oficial FIA
boutsen,Thierry,Boutsen,,,1957-07-13,Belgian,http://en.wikipedia.org/wiki/Thierry_Boutsen,Base Oficial Ergast Motor Racing Database / Registro Oficial FIA
boyd,Johnny,Boyd,,,1926-08-19,American,http://en.wikipedia.org/wiki/Johnny_Boyd,Base Oficial Ergast Motor Racing Database / Registro Oficial FIA
brabham,David,Brabham,,,1965-09-05,Australian,http://en.wikipedia.org/wiki/David_Brabham,Base Oficial Ergast Motor Racing Database / Registro Oficial FIA
brack,Bill,Brack,,,1935-12-26,Canadian,http://en.wikipedia.org/wiki/Bill_Brack,Base Oficial Ergast Motor Racing Database / Registro Oficial FIA
brambilla,Vittorio,Brambilla,,,1937-11-11,Italian,http://en.wikipedia.org/wiki/Vittorio_Brambilla,Base Oficial Ergast Motor Racing Database / Registro Oficial FIA
branca,Toni,Branca,,,1916-09-15,Swiss,http://en.wikipedia.org/wiki/Toni_Branca,Base Oficial Ergast Motor Racing Database / Registro Oficial FIA
brancatelli,Gianfranco,Brancatelli,,,1950-01-18,Italian,http://en.wikipedia.org/wiki/Gianfranco_Brancatelli,Base Oficial Ergast Motor Racing Database / Registro Oficial FIA
brandon,Eric,Brandon,,,1920-07-18,British,http://en.wikipedia.org/wiki/Eric_Brandon,Base Oficial Ergast Motor Racing Database / Registro Oficial FIA
branson,Don,Branson,,,1920-06-02,American,http://en.wikipedia.org/wiki/Don_Branson,Base Oficial Ergast Motor Racing Database / Registro Oficial FIA
brendon_hartley,Brendon,Hartley,HAR,28.0,1989-11-10,New Zealander,http://en.wikipedia.org/wiki/Brendon_Hartley,Base Oficial Ergast Motor Racing Database / Registro Oficial FIA
bridger,Tom,Bridger,,,1934-06-24,British,http://en.wikipedia.org/wiki/Tom_Bridger,Base Oficial Ergast Motor Racing Database / Registro Oficial FIA
brise,Tony,Brise,,,1952-03-28,British,http://en.wikipedia.org/wiki/Tony_Brise,Base Oficial Ergast Motor Racing Database / Registro Oficial FIA
bristow,Chris,Bristow,,,1937-12-02,British,http://en.wikipedia.org/wiki/Chris_Bristow,Base Oficial Ergast Motor Racing Database / Registro Oficial FIA
broeker,Peter,Broeker,,,1926-05-15,Canadian,http://en.wikipedia.org/wiki/Peter_Broeker,Base Oficial Ergast Motor Racing Database / Registro Oficial FIA
brooks,Tony,Brooks,,,1932-02-25,British,http://en.wikipedia.org/wiki/Tony_Brooks,Base Oficial Ergast Motor Racing Database / Registro Oficial FIA
brown,Warwick,Brown,,,1949-12-24,Australian,http://en.wikipedia.org/wiki/Warwick_Brown,Base Oficial Ergast Motor Racing Database / Registro Oficial FIA
brudes,Adolf,Brudes,,,1899-10-15,German,http://en.wikipedia.org/wiki/Adolf_Brudes,Base Oficial Ergast Motor Racing Database / Registro Oficial FIA
brundle,Martin,Brundle,,,1959-06-01,British,http://en.wikipedia.org/wiki/Martin_Brundle,Base Oficial Ergast Motor Racing Database / Registro Oficial FIA
bruni,Gianmaria,Bruni,,,1981-05-30,Italian,http://en.wikipedia.org/wiki/Gianmaria_Bruni,Base Oficial Ergast Motor Racing Database / Registro Oficial FIA
bruno_senna,Bruno,Senna,SEN,,1983-10-15,Brazilian,http://en.wikipedia.org/wiki/Bruno_Senna,Base Oficial Ergast Motor Racing Database / Registro Oficial FIA
bryan,Jimmy,Bryan,,,1926-01-28,American,http://en.wikipedia.org/wiki/Jimmy_Bryan,Base Oficial Ergast Motor Racing Database / Registro Oficial FIA
bucci,Clemar,Bucci,,,1920-09-04,Argentine,http://en.wikipedia.org/wiki/Clemar_Bucci,Base Oficial Ergast Motor Racing Database / Registro Oficial FIA
bucknum,Ronnie,Bucknum,,,1936-04-05,American,http://en.wikipedia.org/wiki/Ronnie_Bucknum,Base Oficial Ergast Motor Racing Database / Registro Oficial FIA
bueb,Ivor,Bueb,,,1923-06-06,British,http://en.wikipedia.org/wiki/Ivor_Bueb,Base Oficial Ergast Motor Racing Database / Registro Oficial FIA
buemi,Sebastien,Buemi,BUE,,1988-10-31,Swiss,http://en.wikipedia.org/wiki/S%C3%A9bastien_Buemi,Base Oficial Ergast Motor Racing Database / Registro Oficial FIA
bueno,Luiz,Bueno,,,1937-01-16,Brazilian,http://en.wikipedia.org/wiki/Luiz_Bueno,Base Oficial Ergast Motor Racing Database / Registro Oficial FIA
burgess,Ian,Burgess,,,1930-07-06,British,http://en.wikipedia.org/wiki/Ian_Burgess,Base Oficial Ergast Motor Racing Database / Registro Oficial FIA
burti,Luciano,Burti,,,1975-03-05,Brazilian,http://en.wikipedia.org/wiki/Luciano_Burti,Base Oficial Ergast Motor Racing Database / Registro Oficial FIA
bussinello,Roberto,Bussinello,,,1927-10-04,Italian,http://en.wikipedia.org/wiki/Roberto_Bussinello,Base Oficial Ergast Motor Racing Database / Registro Oficial FIA
button,Jenson,Button,BUT,22.0,1980-01-19,British,http://en.wikipedia.org/wiki/Jenson_Button,Base Oficial Ergast Motor Racing Database / Registro Oficial FIA
byrne,Tommy,Byrne,,,1958-05-06,Irish,http://en.wikipedia.org/wiki/Tommy_Byrne_%28racing_driver%29,Base Oficial Ergast Motor Racing Database / Registro Oficial FIA
cabantous,Yves,Cabantous,,,1904-10-08,French,http://en.wikipedia.org/wiki/Yves_Giraud_Cabantous,Base Oficial Ergast Motor Racing Database / Registro Oficial FIA
cabianca,Giulio,Cabianca,,,1923-02-19,Italian,http://en.wikipedia.org/wiki/Giulio_Cabianca,Base Oficial Ergast Motor Racing Database / Registro Oficial FIA
cabral,Mario de Araujo,Cabral,,,1934-01-15,Portuguese,http://en.wikipedia.org/wiki/Mario_de_Araujo_Cabral,Base Oficial Ergast Motor Racing Database / Registro Oficial FIA
cade,Phil,Cade,,,1916-06-12,American,http://en.wikipedia.org/wiki/Phil_Cade,Base Oficial Ergast Motor Racing Database / Registro Oficial FIA
caffi,Alex,Caffi,,,1964-03-18,Italian,http://en.wikipedia.org/wiki/Alex_Caffi,Base Oficial Ergast Motor Racing Database / Registro Oficial FIA
campbell-jones,John,Campbell-Jones,,,1930-01-21,British,http://en.wikipedia.org/wiki/John_Campbell-Jones,Base Oficial Ergast Motor Racing Database / Registro Oficial FIA
campos,Adrian,Campos,,,1960-06-17,Spanish,http://en.wikipedia.org/wiki/Adri%C3%A1n_Campos,Base Oficial Ergast Motor Racing Database / Registro Oficial FIA
cannoc,John,Cannon,,,1933-06-21,Canadian,http://en.wikipedia.org/wiki/John_Cannon_(auto_racer),Base Oficial Ergast Motor Racing Database / Registro Oficial FIA
cantoni,Eitel,Cantoni,,,1906-10-04,Uruguayan,http://en.wikipedia.org/wiki/Eitel_Cantoni,Base Oficial Ergast Motor Racing Database / Registro Oficial FIA
cantrell,Bill,Cantrell,,,1908-01-31,American,http://en.wikipedia.org/wiki/William_Cantrell,Base Oficial Ergast Motor Racing Database / Registro Oficial FIA
capelli,Ivan,Capelli,,,1963-05-24,Italian,http://en.wikipedia.org/wiki/Ivan_Capelli,Base Oficial Ergast Motor Racing Database / Registro Oficial FIA
carini,Piero,Carini,,,1921-03-06,Italian,http://en.wikipedia.org/wiki/Piero_Carini,Base Oficial Ergast Motor Racing Database / Registro Oficial FIA
castellotti,Eugenio,Castellotti,,,1930-10-10,Italian,http://en.wikipedia.org/wiki/Eugenio_Castellotti,Base Oficial Ergast Motor Racing Database / Registro Oficial FIA
cecotto,Johnny,Cecotto,,,1956-01-25,Venezuelan,http://en.wikipedia.org/wiki/Johnny_Cecotto,Base Oficial Ergast Motor Racing Database / Registro Oficial FIA
cesaris,Andrea,de Cesaris,,,1959-05-31,Italian,http://en.wikipedia.org/wiki/Andrea_de_Cesaris,Base Oficial Ergast Motor Racing Database / Registro Oficial FIA
cevert,Francois,Cevert,,,1944-02-25,French,http://en.wikipedia.org/wiki/Fran%C3%A7ois_Cevert,Base Oficial Ergast Motor Racing Database / Registro Oficial FIA
chaboud,Eugene,Chaboud,,,1907-04-12,French,http://en.wikipedia.org/wiki/Eug%C3%A8ne_Chaboud,Base Oficial Ergast Motor Racing Database / Registro Oficial FIA
chamberlain,Jay,Chamberlain,,,1925-12-29,American,http://en.wikipedia.org/wiki/Jay_Chamberlain,Base Oficial Ergast Motor Racing Database / Registro Oficial FIA
chandhok,Karun,Chandhok,CHA,,1984-01-19,Indian,http://en.wikipedia.org/wiki/Karun_Chandhok,Base Oficial Ergast Motor Racing Database / Registro Oficial FIA
changy,Alain,de Changy,,,1922-02-05,Belgian,http://en.wikipedia.org/wiki/Alain_de_Changy,Base Oficial Ergast Motor Racing Database / Registro Oficial FIA
chapman,Colin,Chapman,,,1928-05-19,British,http://en.wikipedia.org/wiki/Colin_Chapman,Base Oficial Ergast Motor Racing Database / Registro Oficial FIA
charlton,Dave,Charlton,,,1936-10-27,South African,http://en.wikipedia.org/wiki/Dave_Charlton,Base Oficial Ergast Motor Racing Database / Registro Oficial FIA
charrington,Robin,Montgomerie-Charrington,,,1915-06-23,British,http://en.wikipedia.org/wiki/Robin_Montgomerie-Charrington,Base Oficial Ergast Motor Racing Database / Registro Oficial FIA
chaves,Pedro,Chaves,,,1965-02-27,Portuguese,http://en.wikipedia.org/wiki/Pedro_Chaves,Base Oficial Ergast Motor Racing Database / Registro Oficial FIA
cheesbourg,Bill,Cheesbourg,,,1927-06-12,American,http://en.wikipedia.org/wiki/Bill_Cheesbourg,Base Oficial Ergast Motor Racing Database / Registro Oficial FIA
cheever,Eddie,Cheever,,,1958-01-10,American,http://en.wikipedia.org/wiki/Eddie_Cheever,Base Oficial Ergast Motor Racing Database / Registro Oficial FIA
chiesa,Andrea,Chiesa,,,1964-05-06,Swiss,http://en.wikipedia.org/wiki/Andrea_Chiesa,Base Oficial Ergast Motor Racing Database / Registro Oficial FIA
chilton,Max,Chilton,CHI,4.0,1991-04-21,British,http://en.wikipedia.org/wiki/Max_Chilton,Base Oficial Ergast Motor Racing Database / Registro Oficial FIA
chimeri,Ettore,Chimeri,,,1921-06-04,Venezuelan,http://en.wikipedia.org/wiki/Ettore_Chimeri,Base Oficial Ergast Motor Racing Database / Registro Oficial FIA
chiron,Louis,Chiron,,,1899-08-03,Monegasque,http://en.wikipedia.org/wiki/Louis_Chiron,Base Oficial Ergast Motor Racing Database / Registro Oficial FIA
chitwood,Joie,Chitwood,,,1912-04-14,American,http://en.wikipedia.org/wiki/Joie_Chitwood,Base Oficial Ergast Motor Racing Database / Registro Oficial FIA
christie,Bob,Christie,,,1924-04-04,American,http://en.wikipedia.org/wiki/Bob_Christie_(racing_driver),Base Oficial Ergast Motor Racing Database / Registro Oficial FIA
claes,Johnny,Claes,,,1916-08-11,Belgian,http://en.wikipedia.org/wiki/Johnny_Claes,Base Oficial Ergast Motor Racing Database / Registro Oficial FIA
clapham,David,Clapham,,,1931-05-18,South African,http://en.wikipedia.org/wiki/David_Clapham,Base Oficial Ergast Motor Racing Database / Registro Oficial FIA
clark,Jim,Clark,,,1936-03-04,British,http://en.wikipedia.org/wiki/Jim_Clark,Base Oficial Ergast Motor Racing Database / Registro Oficial FIA
cogan,Kevin,Cogan,,,1956-03-31,American,http://en.wikipedia.org/wiki/Kevin_Cogan,Base Oficial Ergast Motor Racing Database / Registro Oficial FIA
colapinto,Franco,Colapinto,COL,43.0,2003-05-27,Argentinian,http://en.wikipedia.org/wiki/Franco_Colapinto,Base Oficial Ergast Motor Racing Database / Registro Oficial FIA
collins,Peter,Collins,,,1931-11-06,British,http://en.wikipedia.org/wiki/Peter_Collins_(racing_driver),Base Oficial Ergast Motor Racing Database / Registro Oficial FIA
collomb,Bernard,Collomb,,,1930-10-07,French,http://en.wikipedia.org/wiki/Bernard_Collomb,Base Oficial Ergast Motor Racing Database / Registro Oficial FIA
colombo,Alberto,Colombo,,,1946-02-23,Italian,http://en.wikipedia.org/wiki/Alberto_Colombo,Base Oficial Ergast Motor Racing Database / Registro Oficial FIA
comas,Erik,Comas,,,1963-09-28,French,http://en.wikipedia.org/wiki/%C3%89rik_Comas,Base Oficial Ergast Motor Racing Database / Registro Oficial FIA
comotti,Franco,Comotti,,,1906-07-24,Italian,http://en.wikipedia.org/wiki/Franco_Comotti,Base Oficial Ergast Motor Racing Database / Registro Oficial FIA
connor,Pat,O'Connor,,,1928-10-09,American,http://en.wikipedia.org/wiki/Pat_O%27Connor_(auto_racer),Base Oficial Ergast Motor Racing Database / Registro Oficial FIA
constantine,George,Constantine,,,1918-02-22,American,http://en.wikipedia.org/wiki/George_Constantine,Base Oficial Ergast Motor Racing Database / Registro Oficial FIA
cordts,John,Cordts,,,1935-07-23,Canadian,http://en.wikipedia.org/wiki/John_Cordts,Base Oficial Ergast Motor Racing Database / Registro Oficial FIA
corrado_fabi,Corrado,Fabi,,,1961-04-12,Italian,http://en.wikipedia.org/wiki/Corrado_Fabi,Base Oficial Ergast Motor Racing Database / Registro Oficial FIA
coulthard,David,Coulthard,COU,,1971-03-27,British,http://en.wikipedia.org/wiki/David_Coulthard,Base Oficial Ergast Motor Racing Database / Registro Oficial FIA
courage,Piers,Courage,,,1942-05-27,British,http://en.wikipedia.org/wiki/Piers_Courage,Base Oficial Ergast Motor Racing Database / Registro Oficial FIA
craft,Chris,Craft,,,1939-11-17,British,http://en.wikipedia.org/wiki/Chris_Craft_(racing_driver),Base Oficial Ergast Motor Racing Database / Registro Oficial FIA
crawford,Jim,Crawford,,,1948-02-13,British,http://en.wikipedia.org/wiki/Jim_Crawford_(driver),Base Oficial Ergast Motor Racing Database / Registro Oficial FIA
crespo,Alberto,Crespo,,,1920-01-16,Argentine,http://en.wikipedia.org/wiki/Alberto_Crespo,Base Oficial Ergast Motor Racing Database / Registro Oficial FIA
creus,Antonio,Creus,,,1924-10-28,Spanish,http://en.wikipedia.org/wiki/Antonio_Creus,Base Oficial Ergast Motor Racing Database / Registro Oficial FIA
crockett,Larry,Crockett,,,1926-10-23,American,http://en.wikipedia.org/wiki/Larry_Crockett,Base Oficial Ergast Motor Racing Database / Registro Oficial FIA
crook,Tony,Crook,,,1920-02-16,British,http://en.wikipedia.org/wiki/Tony_Crook,Base Oficial Ergast Motor Racing Database / Registro Oficial FIA
cross,Art,Cross,,,1918-01-24,American,http://en.wikipedia.org/wiki/Art_Cross,Base Oficial Ergast Motor Racing Database / Registro Oficial FIA
crossley,Geoff,Crossley,,,1921-05-11,British,http://en.wikipedia.org/wiki/Geoff_Crossley,Base Oficial Ergast Motor Racing Database / Registro Oficial FIA
cruz,Adolfo,Cruz,,,1923-06-28,Argentine,http://en.wikipedia.org/wiki/Adolfo_Schewelm_Cruz,Base Oficial Ergast Motor Racing Database / Registro Oficial FIA
daigh,Chuck,Daigh,,,1923-11-29,American,http://en.wikipedia.org/wiki/Chuck_Daigh,Base Oficial Ergast Motor Racing Database / Registro Oficial FIA
dalmas,Yannick,Dalmas,,,1961-07-28,French,http://en.wikipedia.org/wiki/Yannick_Dalmas,Base Oficial Ergast Motor Racing Database / Registro Oficial FIA
daly,Derek,Daly,,,1953-03-11,Irish,http://en.wikipedia.org/wiki/Derek_Daly,Base Oficial Ergast Motor Racing Database / Registro Oficial FIA
damon_hill,Damon,Hill,,,1960-09-17,British,http://en.wikipedia.org/wiki/Damon_Hill,Base Oficial Ergast Motor Racing Database / Registro Oficial FIA
danner,Christian,Danner,,,1958-04-04,German,http://en.wikipedia.org/wiki/Christian_Danner,Base Oficial Ergast Motor Racing Database / Registro Oficial FIA
daponte,Jorge,Daponte,,,1923-06-05,Argentine,http://en.wikipedia.org/wiki/Jorge_Daponte,Base Oficial Ergast Motor Racing Database / Registro Oficial FIA
darter,Duane,Carter,,,1913-05-05,American,http://en.wikipedia.org/wiki/Duane_Carter,Base Oficial Ergast Motor Racing Database / Registro Oficial FIA
davidson,Anthony,Davidson,DAV,,1979-04-18,British,http://en.wikipedia.org/wiki/Anthony_Davidson,Base Oficial Ergast Motor Racing Database / Registro Oficial FIA
davies,Jimmy,Davies,,,1929-08-08,American,http://en.wikipedia.org/wiki/Jimmy_Davies,Base Oficial Ergast Motor Racing Database / Registro Oficial FIA
davis,Colin,Davis,,,1933-07-29,British,http://en.wikipedia.org/wiki/Colin_Davis_(driver),Base Oficial Ergast Motor Racing Database / Registro Oficial FIA
daywalt,Jimmy,Daywalt,,,1924-08-28,American,http://en.wikipedia.org/wiki/Jimmy_Daywalt,Base Oficial Ergast Motor Racing Database / Registro Oficial FIA
de_vries,Nyck,de Vries,DEV,21.0,1995-02-06,Dutch,http://en.wikipedia.org/wiki/Nyck_de_Vries,Base Oficial Ergast Motor Racing Database / Registro Oficial FIA
deletraz,Jean-Denis,Deletraz,,,1963-10-01,Swiss,http://en.wikipedia.org/wiki/Jean-Denis_Deletraz,Base Oficial Ergast Motor Racing Database / Registro Oficial FIA
dempsey_wilson,Dempsey,Wilson,,,1927-03-11,American,http://en.wikipedia.org/wiki/Dempsey_Wilson,Base Oficial Ergast Motor Racing Database / Registro Oficial FIA
dennis_taylor,Dennis,Taylor,,,1921-06-12,British,http://en.wikipedia.org/wiki/Dennis_Taylor_(racing_driver),Base Oficial Ergast Motor Racing Database / Registro Oficial FIA
depailler,Patrick,Depailler,,,1944-08-09,French,http://en.wikipedia.org/wiki/Patrick_Depailler,Base Oficial Ergast Motor Racing Database / Registro Oficial FIA
desire_wilson,Desire,Wilson,,,1953-11-26,South African,http://en.wikipedia.org/wiki/Desir%C3%A9_Wilson,Base Oficial Ergast Motor Racing Database / Registro Oficial FIA
dick_rathmann,Dick,Rathmann,,,1924-01-06,American,http://en.wikipedia.org/wiki/Dick_Rathmann,Base Oficial Ergast Motor Racing Database / Registro Oficial FIA
diniz,Pedro,Diniz,,,1970-05-22,Brazilian,http://en.wikipedia.org/wiki/Pedro_Diniz,Base Oficial Ergast Motor Racing Database / Registro Oficial FIA
dinsmore,Duke,Dinsmore,,,1913-04-10,American,http://en.wikipedia.org/wiki/Duke_Dinsmore,Base Oficial Ergast Motor Racing Database / Registro Oficial FIA
dochnal,Frank,Dochnal,,,1920-10-08,American,http://en.wikipedia.org/wiki/Frank_Dochnal,Base Oficial Ergast Motor Racing Database / Registro Oficial FIA
dolhem,Jose,Dolhem,,,1944-04-26,French,http://en.wikipedia.org/wiki/Jos%C3%A9_Dolhem,Base Oficial Ergast Motor Racing Database / Registro Oficial FIA
donnelly,Martin,Donnelly,,,1964-03-26,British,http://en.wikipedia.org/wiki/Martin_Donnelly_(racing_driver),Base Oficial Ergast Motor Racing Database / Registro Oficial FIA
donohue,Mark,Donohue,,,1937-03-18,American,http://en.wikipedia.org/wiki/Mark_Donohue,Base Oficial Ergast Motor Racing Database / Registro Oficial FIA
doohan,Jack,Doohan,DOO,61.0,2003-01-20,Australian,http://en.wikipedia.org/wiki/Jack_Doohan,Base Oficial Ergast Motor Racing Database / Registro Oficial FIA
doornbos,Robert,Doornbos,DOO,,1981-09-23,Dutch,http://en.wikipedia.org/wiki/Robert_Doornbos,Base Oficial Ergast Motor Racing Database / Registro Oficial FIA
downing,Ken,Downing,,,1917-12-05,British,http://en.wikipedia.org/wiki/Ken_Downing,Base Oficial Ergast Motor Racing Database / Registro Oficial FIA
drake,Bob,Drake,,,1919-12-14,American,http://en.wikipedia.org/wiki/Bob_Drake_(Formula_One),Base Oficial Ergast Motor Racing Database / Registro Oficial FIA
driver,Paddy,Driver,,,1934-05-13,South African,http://en.wikipedia.org/wiki/Paddy_Driver,Base Oficial Ergast Motor Racing Database / Registro Oficial FIA
drogo,Piero,Drogo,,,1926-08-08,Italian,http://en.wikipedia.org/wiki/Piero_Drogo,Base Oficial Ergast Motor Racing Database / Registro Oficial FIA
dryver,Bernard,de Dryver,,,1952-09-19,Belgian,http://en.wikipedia.org/wiki/Bernard_de_Dryver,Base Oficial Ergast Motor Racing Database / Registro Oficial FIA
duke,Geoff,Duke,,,1923-03-29,British,http://en.wikipedia.org/wiki/Geoff_Duke,Base Oficial Ergast Motor Racing Database / Registro Oficial FIA
dumfries,Johnny,Dumfries,,,1958-04-26,British,http://en.wikipedia.org/wiki/Johnny_Dumfries,Base Oficial Ergast Motor Racing Database / Registro Oficial FIA
duncan,Len,Duncan,,,1911-07-25,American,http://en.wikipedia.org/wiki/Len_Duncan,Base Oficial Ergast Motor Racing Database / Registro Oficial FIA
duncan_hamilton,Duncan,Hamilton,,,1920-04-30,British,http://en.wikipedia.org/wiki/Duncan_Hamilton_(racing_driver),Base Oficial Ergast Motor Racing Database / Registro Oficial FIA
dusio,Piero,Dusio,,,1899-10-13,Italian,http://en.wikipedia.org/wiki/Piero_Dusio,Base Oficial Ergast Motor Racing Database / Registro Oficial FIA
eaton,George,Eaton,,,1945-11-12,Canadian,http://en.wikipedia.org/wiki/George_Eaton,Base Oficial Ergast Motor Racing Database / Registro Oficial FIA
ecclestone,Bernie,Ecclestone,,,1930-10-28,British,http://en.wikipedia.org/wiki/Bernie_Ecclestone,Base Oficial Ergast Motor Racing Database / Registro Oficial FIA
edmunds,Don,Edmunds,,,1930-09-23,American,http://en.wikipedia.org/wiki/Don_Edmunds,Base Oficial Ergast Motor Racing Database / Registro Oficial FIA
edwards,Guy,Edwards,,,1942-12-30,British,http://en.wikipedia.org/wiki/Guy_Edwards,Base Oficial Ergast Motor Racing Database / Registro Oficial FIA
elford,Vic,Elford,,,1935-06-10,British,http://en.wikipedia.org/wiki/Vic_Elford,Base Oficial Ergast Motor Racing Database / Registro Oficial FIA
elisian,Ed,Elisian,,,1926-12-09,American,http://en.wikipedia.org/wiki/Ed_Elisian,Base Oficial Ergast Motor Racing Database / Registro Oficial FIA
emerson_fittipaldi,Emerson,Fittipaldi,,,1946-12-12,Brazilian,http://en.wikipedia.org/wiki/Emerson_Fittipaldi,Base Oficial Ergast Motor Racing Database / Registro Oficial FIA
emery,Paul,Emery,,,1916-11-12,British,http://en.wikipedia.org/wiki/Paul_Emery,Base Oficial Ergast Motor Racing Database / Registro Oficial FIA
enge,Tomas,Enge,,,1976-09-11,Czech,http://en.wikipedia.org/wiki/Tom%C3%A1%C5%A1_Enge,Base Oficial Ergast Motor Racing Database / Registro Oficial FIA
england,Paul,England,,,1929-03-28,Australian,http://en.wikipedia.org/wiki/Paul_England,Base Oficial Ergast Motor Racing Database / Registro Oficial FIA
ericsson,Marcus,Ericsson,ERI,9.0,1990-09-02,Swedish,http://en.wikipedia.org/wiki/Marcus_Ericsson,Base Oficial Ergast Motor Racing Database / Registro Oficial FIA
ernesto_brambilla,Ernesto,Brambilla,,,1934-01-31,Italian,http://en.wikipedia.org/wiki/Ernesto_Brambilla,Base Oficial Ergast Motor Racing Database / Registro Oficial FIA
ertl,Harald,Ertl,,,1948-08-31,Austrian,http://en.wikipedia.org/wiki/Harald_Ertl,Base Oficial Ergast Motor Racing Database / Registro Oficial FIA
estefano,Nasif,Estefano,,,1932-11-18,Argentine,http://en.wikipedia.org/wiki/Nasif_Est%C3%A9fano,Base Oficial Ergast Motor Racing Database / Registro Oficial FIA
etancelin,Philippe,Etancelin,,,1896-12-28,French,http://en.wikipedia.org/wiki/Philippe_%C3%89tancelin,Base Oficial Ergast Motor Racing Database / Registro Oficial FIA
evans,Bob,Evans,,,1947-06-11,British,http://en.wikipedia.org/wiki/Bob_Evans_(race_driver),Base Oficial Ergast Motor Racing Database / Registro Oficial FIA
fabi,Teo,Fabi,,,1955-03-09,Italian,http://en.wikipedia.org/wiki/Teo_Fabi,Base Oficial Ergast Motor Racing Database / Registro Oficial FIA
fabre,Pascal,Fabre,,,1960-01-09,French,http://en.wikipedia.org/wiki/Pascal_Fabre,Base Oficial Ergast Motor Racing Database / Registro Oficial FIA
facetti,Carlo,Facetti,,,1935-06-26,Italian,http://en.wikipedia.org/wiki/Carlo_Facetti,Base Oficial Ergast Motor Racing Database / Registro Oficial FIA
fagioli,Luigi,Fagioli,,,1898-06-09,Italian,http://en.wikipedia.org/wiki/Luigi_Fagioli,Base Oficial Ergast Motor Racing Database / Registro Oficial FIA
fairman,Jack,Fairman,,,1913-03-15,British,http://en.wikipedia.org/wiki/Jack_Fairman,Base Oficial Ergast Motor Racing Database / Registro Oficial FIA
fangio,Juan,Fangio,,,1911-06-24,Argentine,http://en.wikipedia.org/wiki/Juan_Manuel_Fangio,Base Oficial Ergast Motor Racing Database / Registro Oficial FIA
farina,Nino,Farina,,,1906-10-30,Italian,http://en.wikipedia.org/wiki/Nino_Farina,Base Oficial Ergast Motor Racing Database / Registro Oficial FIA
faulkner,Walt,Faulkner,,,1920-02-16,American,http://en.wikipedia.org/wiki/Walt_Faulkner,Base Oficial Ergast Motor Racing Database / Registro Oficial FIA
filippis,Maria,de Filippis,,,1926-11-11,Italian,http://en.wikipedia.org/wiki/Maria_Teresa_de_Filippis,Base Oficial Ergast Motor Racing Database / Registro Oficial FIA
firman,Ralph,Firman,,,1975-05-20,Irish,http://en.wikipedia.org/wiki/Ralph_Firman,Base Oficial Ergast Motor Racing Database / Registro Oficial FIA
fischer,Rudi,Fischer,,,1912-04-19,Swiss,http://en.wikipedia.org/wiki/Rudi_Fischer,Base Oficial Ergast Motor Racing Database / Registro Oficial FIA
fisher,Mike,Fisher,,,1943-03-13,American,http://en.wikipedia.org/wiki/Mike_Fisher_(driver),Base Oficial Ergast Motor Racing Database / Registro Oficial FIA
fisichella,Giancarlo,Fisichella,FIS,,1973-01-14,Italian,http://en.wikipedia.org/wiki/Giancarlo_Fisichella,Base Oficial Ergast Motor Racing Database / Registro Oficial FIA
fitch,John,Fitch,,,1917-08-04,American,http://en.wikipedia.org/wiki/John_Fitch_(driver),Base Oficial Ergast Motor Racing Database / Registro Oficial FIA
fittipaldi,Christian,Fittipaldi,,,1971-01-18,Brazilian,http://en.wikipedia.org/wiki/Christian_Fittipaldi,Base Oficial Ergast Motor Racing Database / Registro Oficial FIA
fitzau,Theo,Fitzau,,,1923-02-10,East German,http://en.wikipedia.org/wiki/Theo_Fitzau,Base Oficial Ergast Motor Racing Database / Registro Oficial FIA
flaherty,Pat,Flaherty,,,1926-01-06,American,http://en.wikipedia.org/wiki/Pat_Flaherty_(racing_driver),Base Oficial Ergast Motor Racing Database / Registro Oficial FIA
flinterman,Jan,Flinterman,,,1919-10-02,Dutch,http://en.wikipedia.org/wiki/Jan_Flinterman,Base Oficial Ergast Motor Racing Database / Registro Oficial FIA
flockhart,Ron,Flockhart,,,1923-06-16,British,http://en.wikipedia.org/wiki/Ron_Flockhart_(auto_racing),Base Oficial Ergast Motor Racing Database / Registro Oficial FIA
fohr,Myron,Fohr,,,1912-06-17,American,http://en.wikipedia.org/wiki/Myron_Fohr,Base Oficial Ergast Motor Racing Database / Registro Oficial FIA
foitek,Gregor,Foitek,,,1965-03-27,Swiss,http://en.wikipedia.org/wiki/Gregor_Foitek,Base Oficial Ergast Motor Racing Database / Registro Oficial FIA
follmer,George,Follmer,,,1934-01-27,American,http://en.wikipedia.org/wiki/George_Follmer,Base Oficial Ergast Motor Racing Database / Registro Oficial FIA
fonder,George,Fonder,,,1917-06-22,American,http://en.wikipedia.org/wiki/George_Fonder,Base Oficial Ergast Motor Racing Database / Registro Oficial FIA
fontana,Norberto,Fontana,,,1975-01-20,Argentine,http://en.wikipedia.org/wiki/Norberto_Fontana,Base Oficial Ergast Motor Racing Database / Registro Oficial FIA
fontes,Azdrubal,Fontes,,,1922-12-26,Uruguayan,http://en.wikipedia.org/wiki/Azdrubal_Fontes,Base Oficial Ergast Motor Racing Database / Registro Oficial FIA
forberg,Carl,Forberg,,,1911-03-04,American,http://en.wikipedia.org/wiki/Carl_Forberg,Base Oficial Ergast Motor Racing Database / Registro Oficial FIA
force,Gene,Force,,,1916-06-15,American,http://en.wikipedia.org/wiki/Gene_Force,Base Oficial Ergast Motor Racing Database / Registro Oficial FIA
forini,Franco,Forini,,,1958-09-22,Swiss,http://en.wikipedia.org/wiki/Franco_Forini,Base Oficial Ergast Motor Racing Database / Registro Oficial FIA
foyt,Anthony,Foyt,,,1935-01-16,American,http://en.wikipedia.org/wiki/A.J._Foyt,Base Oficial Ergast Motor Racing Database / Registro Oficial FIA
francia,Giorgio,Francia,,,1947-11-08,Italian,http://en.wikipedia.org/wiki/Giorgio_Francia,Base Oficial Ergast Motor Racing Database / Registro Oficial FIA
freeland,Don,Freeland,,,1925-03-25,American,http://en.wikipedia.org/wiki/Don_Freeland,Base Oficial Ergast Motor Racing Database / Registro Oficial FIA
frentzen,Heinz-Harald,Frentzen,,,1967-05-18,German,http://en.wikipedia.org/wiki/Heinz-Harald_Frentzen,Base Oficial Ergast Motor Racing Database / Registro Oficial FIA
frere,Paul,Frere,,,1917-01-30,Belgian,http://en.wikipedia.org/wiki/Paul_Fr%C3%A8re,Base Oficial Ergast Motor Racing Database / Registro Oficial FIA
friesacher,Patrick,Friesacher,FRI,,1980-09-26,Austrian,http://en.wikipedia.org/wiki/Patrick_Friesacher,Base Oficial Ergast Motor Racing Database / Registro Oficial FIA
fry,Joe,Fry,,,1915-10-26,British,http://en.wikipedia.org/wiki/Joe_Fry,Base Oficial Ergast Motor Racing Database / Registro Oficial FIA
fushida,Hiroshi,Fushida,,,1946-03-10,Japanese,http://en.wikipedia.org/wiki/Hiroshi_Fushida,Base Oficial Ergast Motor Racing Database / Registro Oficial FIA
gabbiani,Beppe,Gabbiani,,,1957-01-02,Italian,http://en.wikipedia.org/wiki/Beppe_Gabbiani,Base Oficial Ergast Motor Racing Database / Registro Oficial FIA
gachot,Bertrand,Gachot,,,1962-12-23,Belgian,http://en.wikipedia.org/wiki/Bertrand_Gachot,Base Oficial Ergast Motor Racing Database / Registro Oficial FIA
gaillard,Patrick,Gaillard,,,1952-02-12,French,http://en.wikipedia.org/wiki/Patrick_Gaillard,Base Oficial Ergast Motor Racing Database / Registro Oficial FIA
galica,Divina,Galica,,,1944-08-13,British,http://en.wikipedia.org/wiki/Divina_Galica,Base Oficial Ergast Motor Racing Database / Registro Oficial FIA
galli,Nanni,Galli,,,1940-10-02,Italian,http://en.wikipedia.org/wiki/Nanni_Galli,Base Oficial Ergast Motor Racing Database / Registro Oficial FIA
galvez,Oscar,Galvez,,,1913-08-17,Argentine,http://en.wikipedia.org/wiki/%C3%93scar_Alfredo_G%C3%A1lvez,Base Oficial Ergast Motor Racing Database / Registro Oficial FIA
gamble,Fred,Gamble,,,1932-03-17,American,http://en.wikipedia.org/wiki/Fred_Gamble_(racing_driver),Base Oficial Ergast Motor Racing Database / Registro Oficial FIA
ganley,Howden,Ganley,,,1941-12-24,New Zealander,http://en.wikipedia.org/wiki/Howden_Ganley,Base Oficial Ergast Motor Racing Database / Registro Oficial FIA
garde,Giedo,van der Garde,VDG,,1985-04-25,Dutch,http://en.wikipedia.org/wiki/Giedo_van_der_Garde,Base Oficial Ergast Motor Racing Database / Registro Oficial FIA
gardner,Frank,Gardner,,,1930-10-01,Australian,http://en.wikipedia.org/wiki/Frank_Gardner_(driver),Base Oficial Ergast Motor Racing Database / Registro Oficial FIA
garrett,Billy,Garrett,,,1933-04-24,American,http://en.wikipedia.org/wiki/Billy_Garrett,Base Oficial Ergast Motor Racing Database / Registro Oficial FIA
gartner,Jo,Gartner,,,1954-01-24,Austrian,http://en.wikipedia.org/wiki/Jo_Gartner,Base Oficial Ergast Motor Racing Database / Registro Oficial FIA
gary_brabham,Gary,Brabham,,,1961-03-29,Australian,http://en.wikipedia.org/wiki/Gary_Brabham,Base Oficial Ergast Motor Racing Database / Registro Oficial FIA
gasly,Pierre,Gasly,GAS,10.0,1996-02-07,French,http://en.wikipedia.org/wiki/Pierre_Gasly,Base Oficial Ergast Motor Racing Database / Registro Oficial FIA
gavin,Johnny,Servoz-Gavin,,,1942-01-18,French,http://en.wikipedia.org/wiki/Johnny_Servoz-Gavin,Base Oficial Ergast Motor Racing Database / Registro Oficial FIA
gaze,Tony,Gaze,,,1920-02-03,Australian,http://en.wikipedia.org/wiki/Tony_Gaze,Base Oficial Ergast Motor Racing Database / Registro Oficial FIA
geki,Giacomo,Russo,,,1937-10-23,Italian,http://en.wikipedia.org/wiki/Geki_(driver),Base Oficial Ergast Motor Racing Database / Registro Oficial FIA
gendebien,Olivier,Gendebien,,,1924-01-12,Belgian,http://en.wikipedia.org/wiki/Olivier_Gendebien,Base Oficial Ergast Motor Racing Database / Registro Oficial FIA
gene,Marc,Gene,,,1974-03-29,Spanish,http://en.wikipedia.org/wiki/Marc_Gen%C3%A9,Base Oficial Ergast Motor Racing Database / Registro Oficial FIA
george,Elmer,George,,,1928-07-15,American,http://en.wikipedia.org/wiki/Elmer_George,Base Oficial Ergast Motor Racing Database / Registro Oficial FIA
george_amick,George,Amick,,,1924-10-24,American,http://en.wikipedia.org/wiki/George_Amick,Base Oficial Ergast Motor Racing Database / Registro Oficial FIA
george_connor,George,Connor,,,1906-08-16,American,http://en.wikipedia.org/wiki/George_Connor_(driver),Base Oficial Ergast Motor Racing Database / Registro Oficial FIA
georges_berger,Georges,Berger,,,1918-09-14,Belgian,http://en.wikipedia.org/wiki/Georges_Berger,Base Oficial Ergast Motor Racing Database / Registro Oficial FIA
gerard,Bob,Gerard,,,1914-01-19,British,http://en.wikipedia.org/wiki/Bob_Gerard,Base Oficial Ergast Motor Racing Database / Registro Oficial FIA
gerini,Gerino,Gerini,,,1928-08-10,Italian,http://en.wikipedia.org/wiki/Gerino_Gerini_(racing_driver),Base Oficial Ergast Motor Racing Database / Registro Oficial FIA
gethin,Peter,Gethin,,,1940-02-21,British,http://en.wikipedia.org/wiki/Peter_Gethin,Base Oficial Ergast Motor Racing Database / Registro Oficial FIA
ghinzani,Piercarlo,Ghinzani,,,1952-01-16,Italian,http://en.wikipedia.org/wiki/Piercarlo_Ghinzani,Base Oficial Ergast Motor Racing Database / Registro Oficial FIA
giacomelli,Bruno,Giacomelli,,,1952-09-10,Italian,http://en.wikipedia.org/wiki/Bruno_Giacomelli,Base Oficial Ergast Motor Racing Database / Registro Oficial FIA
gibson,Dick,Gibson,,,1918-04-16,British,http://en.wikipedia.org/wiki/Dick_Gibson,Base Oficial Ergast Motor Racing Database / Registro Oficial FIA
gilles_villeneuve,Gilles,Villeneuve,,,1950-01-18,Canadian,http://en.wikipedia.org/wiki/Gilles_Villeneuve,Base Oficial Ergast Motor Racing Database / Registro Oficial FIA
gimax,Carlo,Franchi,,,1938-01-01,Italian,http://en.wikipedia.org/wiki/Gimax,Base Oficial Ergast Motor Racing Database / Registro Oficial FIA
ginther,Richie,Ginther,,,1930-08-05,American,http://en.wikipedia.org/wiki/Richie_Ginther,Base Oficial Ergast Motor Racing Database / Registro Oficial FIA
giovinazzi,Antonio,Giovinazzi,GIO,99.0,1993-12-14,Italian,http://en.wikipedia.org/wiki/Antonio_Giovinazzi,Base Oficial Ergast Motor Racing Database / Registro Oficial FIA
giunti,Ignazio,Giunti,,,1941-08-30,Italian,http://en.wikipedia.org/wiki/Ignazio_Giunti,Base Oficial Ergast Motor Racing Database / Registro Oficial FIA
glock,Timo,Glock,GLO,,1982-03-18,German,http://en.wikipedia.org/wiki/Timo_Glock,Base Oficial Ergast Motor Racing Database / Registro Oficial FIA
godia,Paco,Godia,,,1921-03-21,Spanish,http://en.wikipedia.org/wiki/Paco_Godia,Base Oficial Ergast Motor Racing Database / Registro Oficial FIA
goethals,Christian,Goethals,,,1928-08-04,Belgian,http://en.wikipedia.org/wiki/Christian_Goethals,Base Oficial Ergast Motor Racing Database / Registro Oficial FIA
goldsmith,Paul,Goldsmith,,,1925-10-02,American,http://en.wikipedia.org/wiki/Paul_Goldsmith,Base Oficial Ergast Motor Racing Database / Registro Oficial FIA
gonzalez,Jose Froilan,Gonzalez,,,1922-10-05,Argentine,http://en.wikipedia.org/wiki/Jos%C3%A9_Froil%C3%A1n_Gonz%C3%A1lez,Base Oficial Ergast Motor Racing Database / Registro Oficial FIA
gordini,Aldo,Gordini,,,1921-05-20,French,http://en.wikipedia.org/wiki/Aldo_Gordini,Base Oficial Ergast Motor Racing Database / Registro Oficial FIA
gould,Horace,Gould,,,1918-09-20,British,http://en.wikipedia.org/wiki/Horace_Gould,Base Oficial Ergast Motor Racing Database / Registro Oficial FIA
gounon,Jean-Marc,Gounon,,,1963-01-01,French,http://en.wikipedia.org/wiki/Jean-Marc_Gounon,Base Oficial Ergast Motor Racing Database / Registro Oficial FIA
graffenried,Toulo,de Graffenried,,,1914-05-18,Swiss,http://en.wikipedia.org/wiki/Toulo_de_Graffenried,Base Oficial Ergast Motor Racing Database / Registro Oficial FIA
graham_whitehead,Graham,Whitehead,,,1922-04-15,British,http://en.wikipedia.org/wiki/Graham_Whitehead,Base Oficial Ergast Motor Racing Database / Registro Oficial FIA
grassi,Lucas,di Grassi,DIG,,1984-08-11,Brazilian,http://en.wikipedia.org/wiki/Lucas_di_Grassi,Base Oficial Ergast Motor Racing Database / Registro Oficial FIA
green,Cecil,Green,,,1919-09-30,American,http://en.wikipedia.org/wiki/Cecil_Green,Base Oficial Ergast Motor Racing Database / Registro Oficial FIA
greene,Keith,Greene,,,1938-01-05,British,http://en.wikipedia.org/wiki/Keith_Greene,Base Oficial Ergast Motor Racing Database / Registro Oficial FIA
gregory,Masten,Gregory,,,1932-02-29,American,http://en.wikipedia.org/wiki/Masten_Gregory,Base Oficial Ergast Motor Racing Database / Registro Oficial FIA
griffith,Cliff,Griffith,,,1916-02-06,American,http://en.wikipedia.org/wiki/Cliff_Griffith,Base Oficial Ergast Motor Racing Database / Registro Oficial FIA
grignard,Georges,Grignard,,,1905-07-25,French,http://en.wikipedia.org/wiki/Georges_Grignard,Base Oficial Ergast Motor Racing Database / Registro Oficial FIA
grim,Bobby,Grim,,,1924-09-04,American,http://en.wikipedia.org/wiki/Bobby_Grim,Base Oficial Ergast Motor Racing Database / Registro Oficial FIA
grosjean,Romain,Grosjean,GRO,8.0,1986-04-17,French,http://en.wikipedia.org/wiki/Romain_Grosjean,Base Oficial Ergast Motor Racing Database / Registro Oficial FIA
grouillard,Olivier,Grouillard,,,1958-09-02,French,http://en.wikipedia.org/wiki/Olivier_Grouillard,Base Oficial Ergast Motor Racing Database / Registro Oficial FIA
gubby,Brian,Gubby,,,1934-04-17,British,http://en.wikipedia.org/wiki/Brian_Gubby,Base Oficial Ergast Motor Racing Database / Registro Oficial FIA
guelfi,Andre,Guelfi,,,1919-05-06,French,http://en.wikipedia.org/wiki/Andr%C3%A9_Guelfi,Base Oficial Ergast Motor Racing Database / Registro Oficial FIA
guerra,Miguel Angel,Guerra,,,1953-08-31,Argentine,http://en.wikipedia.org/wiki/Miguel_Angel_Guerra,Base Oficial Ergast Motor Racing Database / Registro Oficial FIA
guerrero,Roberto,Guerrero,,,1958-11-16,Colombian,http://en.wikipedia.org/wiki/Roberto_Guerrero,Base Oficial Ergast Motor Racing Database / Registro Oficial FIA
gugelmin,Mauricio,Gugelmin,,,1963-04-20,Brazilian,http://en.wikipedia.org/wiki/Maur%C3%ADcio_Gugelmin,Base Oficial Ergast Motor Racing Database / Registro Oficial FIA
gurney,Dan,Gurney,,,1931-04-13,American,http://en.wikipedia.org/wiki/Dan_Gurney,Base Oficial Ergast Motor Racing Database / Registro Oficial FIA
gutierrez,Esteban,Gutierrez,GUT,21.0,1991-08-05,Mexican,http://en.wikipedia.org/wiki/Esteban_Guti%C3%A9rrez,Base Oficial Ergast Motor Racing Database / Registro Oficial FIA
guy_mairesse,Guy,Mairesse,,,1910-08-10,French,http://en.wikipedia.org/wiki/Guy_Mairesse,Base Oficial Ergast Motor Racing Database / Registro Oficial FIA
hadjar,Isack,Hadjar,HAD,6.0,2004-09-28,French,https://en.wikipedia.org/wiki/Isack_Hadjar,Base Oficial Ergast Motor Racing Database / Registro Oficial FIA
hahne,Hubert,Hahne,,,1935-03-28,German,http://en.wikipedia.org/wiki/Hubert_Hahne,Base Oficial Ergast Motor Racing Database / Registro Oficial FIA
hailwood,Mike,Hailwood,,,1940-04-02,British,http://en.wikipedia.org/wiki/Mike_Hailwood,Base Oficial Ergast Motor Racing Database / Registro Oficial FIA
hakkinen,Mika,Hakkinen,,,1968-09-28,Finnish,http://en.wikipedia.org/wiki/Mika_H%C3%A4kkinen,Base Oficial Ergast Motor Racing Database / Registro Oficial FIA
halford,Bruce,Halford,,,1931-05-18,British,http://en.wikipedia.org/wiki/Bruce_Halford,Base Oficial Ergast Motor Racing Database / Registro Oficial FIA
hall,Jim,Hall,,,1935-07-23,American,http://en.wikipedia.org/wiki/Jim_Hall_(race_car_driver),Base Oficial Ergast Motor Racing Database / Registro Oficial FIA
hamilton,Lewis,Hamilton,HAM,44.0,1985-01-07,British,http://en.wikipedia.org/wiki/Lewis_Hamilton,Base Oficial Ergast Motor Racing Database / Registro Oficial FIA
hampshire,David,Hampshire,,,1917-12-29,British,http://en.wikipedia.org/wiki/David_Hampshire,Base Oficial Ergast Motor Racing Database / Registro Oficial FIA
hanks,Sam,Hanks,,,1914-07-13,American,http://en.wikipedia.org/wiki/Sam_Hanks,Base Oficial Ergast Motor Racing Database / Registro Oficial FIA
hans_stuck,Hans,von Stuck,,,1900-12-27,German,http://en.wikipedia.org/wiki/Hans_Von_Stuck,Base Oficial Ergast Motor Racing Database / Registro Oficial FIA
hansgen,Walt,Hansgen,,,1919-10-28,American,http://en.wikipedia.org/wiki/Walt_Hansgen,Base Oficial Ergast Motor Racing Database / Registro Oficial FIA
harris,Mike,Harris,,,1939-05-25,South African,http://en.wikipedia.org/wiki/Mike_Harris_(race_car_driver),Base Oficial Ergast Motor Racing Database / Registro Oficial FIA
harrison,Cuth,Harrison,,,1906-07-06,British,http://en.wikipedia.org/wiki/Cuth_Harrison,Base Oficial Ergast Motor Racing Database / Registro Oficial FIA
hart,Brian,Hart,,,1936-09-07,British,http://en.wikipedia.org/wiki/Brian_Hart,Base Oficial Ergast Motor Racing Database / Registro Oficial FIA
hartley,Gene,Hartley,,,1926-01-28,American,http://en.wikipedia.org/wiki/Gene_Hartley,Base Oficial Ergast Motor Racing Database / Registro Oficial FIA
haryanto,Rio,Haryanto,HAR,88.0,1993-01-22,Indonesian,http://en.wikipedia.org/wiki/Rio_Haryanto,Base Oficial Ergast Motor Racing Database / Registro Oficial FIA
hasemi,Masahiro,Hasemi,,,1945-11-13,Japanese,http://en.wikipedia.org/wiki/Masahiro_Hasemi,Base Oficial Ergast Motor Racing Database / Registro Oficial FIA
hattori,Naoki,Hattori,,,1966-06-13,Japanese,http://en.wikipedia.org/wiki/Naoki_Hattori,Base Oficial Ergast Motor Racing Database / Registro Oficial FIA
hawkins,Paul,Hawkins,,,1937-10-12,Australian,http://en.wikipedia.org/wiki/Paul_Hawkins_(racing_driver),Base Oficial Ergast Motor Racing Database / Registro Oficial FIA
hawthorn,Mike,Hawthorn,,,1929-04-10,British,http://en.wikipedia.org/wiki/Mike_Hawthorn,Base Oficial Ergast Motor Racing Database / Registro Oficial FIA
hayje,Boy,Lunger,,,1949-05-03,Dutch,http://en.wikipedia.org/wiki/Boy_Hayje,Base Oficial Ergast Motor Racing Database / Registro Oficial FIA
heeks,Willi,Heeks,,,1922-02-13,German,http://en.wikipedia.org/wiki/Willi_Heeks,Base Oficial Ergast Motor Racing Database / Registro Oficial FIA
heidfeld,Nick,Heidfeld,HEI,,1977-05-10,German,http://en.wikipedia.org/wiki/Nick_Heidfeld,Base Oficial Ergast Motor Racing Database / Registro Oficial FIA
helfrich,Theo,Helfrich,,,1913-05-13,German,http://en.wikipedia.org/wiki/Theo_Helfrich,Base Oficial Ergast Motor Racing Database / Registro Oficial FIA
hellings,Mack,Hellings,,,1915-09-14,American,http://en.wikipedia.org/wiki/Mack_Hellings,Base Oficial Ergast Motor Racing Database / Registro Oficial FIA
henry_taylor,Henry,Taylor,,,1932-12-16,British,http://en.wikipedia.org/wiki/Henry_Taylor_(racing_driver),Base Oficial Ergast Motor Racing Database / Registro Oficial FIA
henton,Brian,Henton,,,1946-09-19,British,http://en.wikipedia.org/wiki/Brian_Henton,Base Oficial Ergast Motor Racing Database / Registro Oficial FIA
herbert,Johnny,Herbert,,,1964-06-25,British,http://en.wikipedia.org/wiki/Johnny_Herbert,Base Oficial Ergast Motor Racing Database / Registro Oficial FIA
herman,Al,Herman,,,1927-03-15,American,http://en.wikipedia.org/wiki/Al_Herman,Base Oficial Ergast Motor Racing Database / Registro Oficial FIA
herrmann,Hans,Herrmann,,,1928-02-23,German,http://en.wikipedia.org/wiki/Hans_Herrmann,Base Oficial Ergast Motor Racing Database / Registro Oficial FIA
hesnault,Francois,Hesnault,,,1956-12-30,French,http://en.wikipedia.org/wiki/Fran%C3%A7ois_Hesnault,Base Oficial Ergast Motor Racing Database / Registro Oficial FIA
heyer,Hans,Heyer,,,1943-03-16,German,http://en.wikipedia.org/wiki/Hans_Heyer,Base Oficial Ergast Motor Racing Database / Registro Oficial FIA
hill,Graham,Hill,,,1929-02-15,British,http://en.wikipedia.org/wiki/Graham_Hill,Base Oficial Ergast Motor Racing Database / Registro Oficial FIA
hirt,Peter,Hirt,,,1910-03-30,Swiss,http://en.wikipedia.org/wiki/Peter_Hirt,Base Oficial Ergast Motor Racing Database / Registro Oficial FIA
hobbs,David,Hobbs,,,1939-06-09,British,http://en.wikipedia.org/wiki/David_Hobbs_(racing_driver),Base Oficial Ergast Motor Racing Database / Registro Oficial FIA
hocking,Gary,Hocking,,,1937-09-30,Rhodesian,http://en.wikipedia.org/wiki/Gary_Hocking,Base Oficial Ergast Motor Racing Database / Registro Oficial FIA
hoffmann,Ingo,Hoffmann,,,1953-02-28,Brazilian,http://en.wikipedia.org/wiki/Ingo_Hoffmann,Base Oficial Ergast Motor Racing Database / Registro Oficial FIA
holland,Bill,Holland,,,1907-12-18,American,http://en.wikipedia.org/wiki/Bill_Holland,Base Oficial Ergast Motor Racing Database / Registro Oficial FIA
holmes,Jackie,Holmes,,,1920-09-04,American,http://en.wikipedia.org/wiki/Jackie_Holmes,Base Oficial Ergast Motor Racing Database / Registro Oficial FIA
homeier,Bill,Homeier,,,1918-08-31,American,http://en.wikipedia.org/wiki/Bill_Homeier,Base Oficial Ergast Motor Racing Database / Registro Oficial FIA
hoshino,Kazuyoshi,Hoshino,,,1947-07-01,Japanese,http://en.wikipedia.org/wiki/Kazuyoshi_Hoshino,Base Oficial Ergast Motor Racing Database / Registro Oficial FIA
hoyt,Jerry,Hoyt,,,1929-01-29,American,http://en.wikipedia.org/wiki/Jerry_Hoyt,Base Oficial Ergast Motor Racing Database / Registro Oficial FIA
hulkenberg,Nico,Hulkenberg,HUL,27.0,1987-08-19,German,http://en.wikipedia.org/wiki/Nico_H%C3%BClkenberg,Base Oficial Ergast Motor Racing Database / Registro Oficial FIA
hulme,Denny,Hulme,,,1936-06-18,New Zealander,http://en.wikipedia.org/wiki/Denny_Hulme,Base Oficial Ergast Motor Racing Database / Registro Oficial FIA
hunt,James,Hunt,,,1947-08-29,British,http://en.wikipedia.org/wiki/James_Hunt,Base Oficial Ergast Motor Racing Database / Registro Oficial FIA
hurtubise,Jim,Hurtubise,,,1932-12-05,American,http://en.wikipedia.org/wiki/Jim_Hurtubise,Base Oficial Ergast Motor Racing Database / Registro Oficial FIA
hutchison,Gus,Hutchison,,,1937-04-26,American,http://en.wikipedia.org/wiki/Gus_Hutchison,Base Oficial Ergast Motor Racing Database / Registro Oficial FIA
ian_scheckter,Ian,Scheckter,,,1947-08-22,South African,http://en.wikipedia.org/wiki/Ian_Scheckter,Base Oficial Ergast Motor Racing Database / Registro Oficial FIA
ian_stewart,Ian,Stewart,,,1929-07-15,British,http://en.wikipedia.org/wiki/Ian_Stewart_(racing_driver),Base Oficial Ergast Motor Racing Database / Registro Oficial FIA
ickx,Jacky,Ickx,,,1945-01-01,Belgian,http://en.wikipedia.org/wiki/Jacky_Ickx,Base Oficial Ergast Motor Racing Database / Registro Oficial FIA
ide,Yuji,Ide,IDE,,1975-01-21,Japanese,http://en.wikipedia.org/wiki/Yuji_Ide,Base Oficial Ergast Motor Racing Database / Registro Oficial FIA
iglesias,Jesus,Iglesias,,,1922-02-22,Argentine,http://en.wikipedia.org/wiki/Jes%C3%BAs_Iglesias,Base Oficial Ergast Motor Racing Database / Registro Oficial FIA
inoue,Taki,Inoue,,,1963-09-05,Japanese,http://en.wikipedia.org/wiki/Taki_Inoue,Base Oficial Ergast Motor Racing Database / Registro Oficial FIA
ireland,Innes,Ireland,,,1930-06-12,British,http://en.wikipedia.org/wiki/Innes_Ireland,Base Oficial Ergast Motor Racing Database / Registro Oficial FIA
irvine,Eddie,Irvine,,,1965-11-10,British,http://en.wikipedia.org/wiki/Eddie_Irvine,Base Oficial Ergast Motor Racing Database / Registro Oficial FIA
irwin,Chris,Irwin,,,1942-06-27,British,http://en.wikipedia.org/wiki/Chris_Irwin,Base Oficial Ergast Motor Racing Database / Registro Oficial FIA
jabouille,Jean-Pierre,Jabouille,,,1942-10-01,French,http://en.wikipedia.org/wiki/Jean-Pierre_Jabouille,Base Oficial Ergast Motor Racing Database / Registro Oficial FIA
jack_brabham,Jack,Brabham,,,1926-04-02,Australian,http://en.wikipedia.org/wiki/Jack_Brabham,Base Oficial Ergast Motor Racing Database / Registro Oficial FIA
jackson,Jimmy,Jackson,,,1910-07-25,American,http://en.wikipedia.org/wiki/Jimmy_Jackson_(driver),Base Oficial Ergast Motor Racing Database / Registro Oficial FIA
james,Joe,James,,,1925-05-23,American,http://en.wikipedia.org/wiki/Joe_James_(racing_driver),Base Oficial Ergast Motor Racing Database / Registro Oficial FIA
jarier,Jean-Pierre,Jarier,,,1946-07-10,French,http://en.wikipedia.org/wiki/Jean-Pierre_Jarier,Base Oficial Ergast Motor Racing Database / Registro Oficial FIA
jean,Max,Jean,,,1943-07-27,French,http://en.wikipedia.org/wiki/Max_Jean,Base Oficial Ergast Motor Racing Database / Registro Oficial FIA
jerry_unser,Jerry,Unser,,,1932-11-15,American,http://en.wikipedia.org/wiki/Jerry_Unser,Base Oficial Ergast Motor Racing Database / Registro Oficial FIA
jimmy_stewart,Jimmy,Stewart,,,1931-03-06,British,http://en.wikipedia.org/wiki/Jimmy_Stewart_(racing_driver),Base Oficial Ergast Motor Racing Database / Registro Oficial FIA
jo_schlesser,Jo,Schlesser,,,1928-05-18,French,http://en.wikipedia.org/wiki/Jo_Schlesser,Base Oficial Ergast Motor Racing Database / Registro Oficial FIA
joachim_winkelhock,Joachim,Winkelhock,,,1960-10-24,German,http://en.wikipedia.org/wiki/Joachim_Winkelhock,Base Oficial Ergast Motor Racing Database / Registro Oficial FIA
johansson,Stefan,Johansson,,,1956-09-08,Swedish,http://en.wikipedia.org/wiki/Stefan_Johansson,Base Oficial Ergast Motor Racing Database / Registro Oficial FIA
john_barber,John,Barber,,,1929-07-22,British,http://en.wikipedia.org/wiki/John_Barber_(racing_driver),Base Oficial Ergast Motor Racing Database / Registro Oficial FIA
john_james,John,James,,,1914-05-10,British,http://en.wikipedia.org/wiki/John_James_(auto_racer),Base Oficial Ergast Motor Racing Database / Registro Oficial FIA
johnson,Eddie,Johnson,,,1919-02-10,American,http://en.wikipedia.org/wiki/Eddie_Johnson_(auto_racer),Base Oficial Ergast Motor Racing Database / Registro Oficial FIA
johnstone,Bruce,Johnstone,,,1937-01-30,South African,http://en.wikipedia.org/wiki/Bruce_Johnstone_(racing_driver),Base Oficial Ergast Motor Racing Database / Registro Oficial FIA
jolyon_palmer,Jolyon,Palmer,PAL,30.0,1991-01-20,British,http://en.wikipedia.org/wiki/Jolyon_Palmer,Base Oficial Ergast Motor Racing Database / Registro Oficial FIA
jones,Alan,Jones,,,1946-11-02,Australian,http://en.wikipedia.org/wiki/Alan_Jones_(Formula_1),Base Oficial Ergast Motor Racing Database / Registro Oficial FIA
jover,Juan,Jover,,,1903-11-23,Spanish,http://en.wikipedia.org/wiki/Juan_Jover,Base Oficial Ergast Motor Racing Database / Registro Oficial FIA
jules_bianchi,Jules,Bianchi,BIA,17.0,1989-08-03,French,http://en.wikipedia.org/wiki/Jules_Bianchi,Base Oficial Ergast Motor Racing Database / Registro Oficial FIA
karch,Oswald,Karch,,,1917-03-06,German,http://en.wikipedia.org/wiki/Oswald_Karch,Base Oficial Ergast Motor Racing Database / Registro Oficial FIA
karthikeyan,Narain,Karthikeyan,KAR,,1977-01-14,Indian,http://en.wikipedia.org/wiki/Narain_Karthikeyan,Base Oficial Ergast Motor Racing Database / Registro Oficial FIA
katayama,Ukyo,Katayama,,,1963-05-29,Japanese,http://en.wikipedia.org/wiki/Ukyo_Katayama,Base Oficial Ergast Motor Racing Database / Registro Oficial FIA
kavanagh,Ken,Kavanagh,,,1923-12-12,Australian,http://en.wikipedia.org/wiki/Ken_Kavanagh,Base Oficial Ergast Motor Racing Database / Registro Oficial FIA
keegan,Rupert,Keegan,,,1955-02-26,British,http://en.wikipedia.org/wiki/Rupert_Keegan,Base Oficial Ergast Motor Racing Database / Registro Oficial FIA
keizan,Eddie,Keizan,,,1944-09-12,South African,http://en.wikipedia.org/wiki/Eddie_Keizan,Base Oficial Ergast Motor Racing Database / Registro Oficial FIA
keke_rosberg,Keke,Rosberg,,,1948-12-06,Finnish,http://en.wikipedia.org/wiki/Keke_Rosberg,Base Oficial Ergast Motor Racing Database / Registro Oficial FIA
keller,Al,Keller,,,1920-04-11,American,http://en.wikipedia.org/wiki/Al_Keller,Base Oficial Ergast Motor Racing Database / Registro Oficial FIA
kelly,Joe,Kelly,,,1913-03-13,Irish,http://en.wikipedia.org/wiki/Joe_Kelly_(Formula_One),Base Oficial Ergast Motor Racing Database / Registro Oficial FIA
ken_miles,Ken,Miles,,,1918-11-01,British,http://en.wikipedia.org/wiki/Ken_Miles,Base Oficial Ergast Motor Racing Database / Registro Oficial FIA
kennedy,Dave,Kennedy,,,1953-01-15,Irish,http://en.wikipedia.org/wiki/David_Kennedy_(racing_driver),Base Oficial Ergast Motor Racing Database / Registro Oficial FIA
kessel,Loris,Kessel,,,1950-04-01,Swiss,http://en.wikipedia.org/wiki/Loris_Kessel,Base Oficial Ergast Motor Racing Database / Registro Oficial FIA
kessler,Bruce,Kessler,,,1936-03-23,American,http://en.wikipedia.org/wiki/Bruce_Kessler,Base Oficial Ergast Motor Racing Database / Registro Oficial FIA
kevin_magnussen,Kevin,Magnussen,MAG,20.0,1992-10-05,Danish,http://en.wikipedia.org/wiki/Kevin_Magnussen,Base Oficial Ergast Motor Racing Database / Registro Oficial FIA
kiesa,Nicolas,Kiesa,,,1978-03-03,Danish,http://en.wikipedia.org/wiki/Nicolas_Kiesa,Base Oficial Ergast Motor Racing Database / Registro Oficial FIA
kinnunen,Leo,Kinnunen,,,1943-08-05,Finnish,http://en.wikipedia.org/wiki/Leo_Kinnunen,Base Oficial Ergast Motor Racing Database / Registro Oficial FIA
kladis,Danny,Kladis,,,1917-02-10,American,http://en.wikipedia.org/wiki/Danny_Kladis,Base Oficial Ergast Motor Racing Database / Registro Oficial FIA
klenk,Hans,Klenk,,,1919-10-28,German,http://en.wikipedia.org/wiki/Hans_Klenk,Base Oficial Ergast Motor Racing Database / Registro Oficial FIA
klerk,Peter,de Klerk,,,1935-03-16,South African,http://en.wikipedia.org/wiki/Peter_de_Klerk,Base Oficial Ergast Motor Racing Database / Registro Oficial FIA
klien,Christian,Klien,KLI,,1983-02-07,Austrian,http://en.wikipedia.org/wiki/Christian_Klien,Base Oficial Ergast Motor Racing Database / Registro Oficial FIA
kling,Karl,Kling,,,1910-09-16,German,http://en.wikipedia.org/wiki/Karl_Kling,Base Oficial Ergast Motor Racing Database / Registro Oficial FIA
klodwig,Ernst,Klodwig,,,1903-05-23,East German,http://en.wikipedia.org/wiki/Ernst_Klodwig,Base Oficial Ergast Motor Racing Database / Registro Oficial FIA
kobayashi,Kamui,Kobayashi,KOB,10.0,1986-09-13,Japanese,http://en.wikipedia.org/wiki/Kamui_Kobayashi,Base Oficial Ergast Motor Racing Database / Registro Oficial FIA
koinigg,Helmuth,Koinigg,,,1948-11-03,Austrian,http://en.wikipedia.org/wiki/Helmuth_Koinigg,Base Oficial Ergast Motor Racing Database / Registro Oficial FIA
kovalainen,Heikki,Kovalainen,KOV,,1981-10-19,Finnish,http://en.wikipedia.org/wiki/Heikki_Kovalainen,Base Oficial Ergast Motor Racing Database / Registro Oficial FIA
kozarowitzky,Mikko,Kozarowitzky,,,1948-05-17,Finnish,http://en.wikipedia.org/wiki/Mikko_Kozarowitzky,Base Oficial Ergast Motor Racing Database / Registro Oficial FIA
krause,Rudolf,Krause,,,1907-03-30,East German,http://en.wikipedia.org/wiki/Rudolf_Krause,Base Oficial Ergast Motor Racing Database / Registro Oficial FIA
kubica,Robert,Kubica,KUB,88.0,1984-12-07,Polish,http://en.wikipedia.org/wiki/Robert_Kubica,Base Oficial Ergast Motor Racing Database / Registro Oficial FIA
kuhnke,Kurt,Kuhnke,,,1910-04-30,German,http://en.wikipedia.org/wiki/Kurt_Kuhnke,Base Oficial Ergast Motor Racing Database / Registro Oficial FIA
kvyat,Daniil,Kvyat,KVY,26.0,1994-04-26,Russian,http://en.wikipedia.org/wiki/Daniil_Kvyat,Base Oficial Ergast Motor Racing Database / Registro Oficial FIA
la_caze,Robert,La Caze,,,1917-02-26,French,http://en.wikipedia.org/wiki/Robert_La_Caze,Base Oficial Ergast Motor Racing Database / Registro Oficial FIA
laffite,Jacques,Laffite,,,1943-11-21,French,http://en.wikipedia.org/wiki/Jacques_Laffite,Base Oficial Ergast Motor Racing Database / Registro Oficial FIA
lagorce,Franck,Lagorce,,,1968-09-01,French,http://en.wikipedia.org/wiki/Franck_Lagorce,Base Oficial Ergast Motor Racing Database / Registro Oficial FIA
lammers,Jan,Lammers,,,1956-06-02,Dutch,http://en.wikipedia.org/wiki/Jan_Lammers,Base Oficial Ergast Motor Racing Database / Registro Oficial FIA
lamy,Pedro,Lamy,,,1972-03-20,Portuguese,http://en.wikipedia.org/wiki/Pedro_Lamy,Base Oficial Ergast Motor Racing Database / Registro Oficial FIA
landi,Chico,Landi,,,1907-07-14,Brazilian,http://en.wikipedia.org/wiki/Chico_Landi,Base Oficial Ergast Motor Racing Database / Registro Oficial FIA
lang,Hermann,Lang,,,1909-04-06,German,http://en.wikipedia.org/wiki/Hermann_Lang,Base Oficial Ergast Motor Racing Database / Registro Oficial FIA
langes,Claudio,Langes,,,1960-07-20,Italian,http://en.wikipedia.org/wiki/Claudio_Langes,Base Oficial Ergast Motor Racing Database / Registro Oficial FIA
larini,Nicola,Larini,,,1964-03-19,Italian,http://en.wikipedia.org/wiki/Nicola_Larini,Base Oficial Ergast Motor Racing Database / Registro Oficial FIA
larrauri,Oscar,Larrauri,,,1954-08-19,Argentine,http://en.wikipedia.org/wiki/Oscar_Larrauri,Base Oficial Ergast Motor Racing Database / Registro Oficial FIA
larreta,Alberto Rodriguez,Larreta,,,1934-01-14,Argentine,http://en.wikipedia.org/wiki/Alberto_Rodriguez_Larreta,Base Oficial Ergast Motor Racing Database / Registro Oficial FIA
larrousse,Gerard,Larrousse,,,1940-05-23,French,http://en.wikipedia.org/wiki/G%C3%A9rard_Larrousse,Base Oficial Ergast Motor Racing Database / Registro Oficial FIA
larson,Jud,Larson,,,1923-01-21,American,http://en.wikipedia.org/wiki/Jud_Larson,Base Oficial Ergast Motor Racing Database / Registro Oficial FIA
latifi,Nicholas,Latifi,LAT,6.0,1995-06-29,Canadian,http://en.wikipedia.org/wiki/Nicholas_Latifi,Base Oficial Ergast Motor Racing Database / Registro Oficial FIA
lauda,Niki,Lauda,,,1949-02-22,Austrian,http://en.wikipedia.org/wiki/Niki_Lauda,Base Oficial Ergast Motor Racing Database / Registro Oficial FIA
laurent,Roger,Laurent,,,1913-02-21,Belgian,http://en.wikipedia.org/wiki/Roger_Laurent,Base Oficial Ergast Motor Racing Database / Registro Oficial FIA
lavaggi,Giovanni,Lavaggi,,,1958-02-18,Italian,http://en.wikipedia.org/wiki/Giovanni_Lavaggi,Base Oficial Ergast Motor Racing Database / Registro Oficial FIA
lawrence,Chris,Lawrence,,,1933-07-27,British,http://en.wikipedia.org/wiki/Chris_Lawrence_(racing_driver),Base Oficial Ergast Motor Racing Database / Registro Oficial FIA
lawson,Liam,Lawson,LAW,30.0,2002-02-11,New Zealander,http://en.wikipedia.org/wiki/Liam_Lawson,Base Oficial Ergast Motor Racing Database / Registro Oficial FIA
leclerc,Charles,Leclerc,LEC,16.0,1997-10-16,Monegasque,http://en.wikipedia.org/wiki/Charles_Leclerc,Base Oficial Ergast Motor Racing Database / Registro Oficial FIA
leclere,Michel,Leclere,,,1946-03-18,French,http://en.wikipedia.org/wiki/Michel_Lecl%C3%A8re,Base Oficial Ergast Motor Racing Database / Registro Oficial FIA
lederle,Neville,Lederle,,,1938-09-25,South African,http://en.wikipedia.org/wiki/Neville_Lederle,Base Oficial Ergast Motor Racing Database / Registro Oficial FIA
lees,Geoff,Lees,,,1951-05-01,British,http://en.wikipedia.org/wiki/Geoff_Lees,Base Oficial Ergast Motor Racing Database / Registro Oficial FIA
legat,Arthur,Legat,,,1898-11-01,Belgian,http://en.wikipedia.org/wiki/Arthur_Legat,Base Oficial Ergast Motor Racing Database / Registro Oficial FIA
lehto,Jyrki,Jarvilehto,,,1966-01-31,Finnish,http://en.wikipedia.org/wiki/Jyrki_J%C3%A4rvilehto,Base Oficial Ergast Motor Racing Database / Registro Oficial FIA
lennep,Gijs,van Lennep,,,1942-03-16,Dutch,http://en.wikipedia.org/wiki/Gijs_Van_Lennep,Base Oficial Ergast Motor Racing Database / Registro Oficial FIA
leoni,Lamberto,Leoni,,,1953-05-24,Italian,http://en.wikipedia.org/wiki/Lamberto_Leoni,Base Oficial Ergast Motor Racing Database / Registro Oficial FIA
leslie_johnson,Leslie,Johnson,,,1912-03-22,British,http://en.wikipedia.org/wiki/Leslie_Johnson_(racing_driver),Base Oficial Ergast Motor Racing Database / Registro Oficial FIA
leston,Les,Leston,,,1920-12-16,British,http://en.wikipedia.org/wiki/Les_Leston,Base Oficial Ergast Motor Racing Database / Registro Oficial FIA
levegh,Pierre,Levegh,,,1905-12-22,French,http://en.wikipedia.org/wiki/Pierre_Levegh,Base Oficial Ergast Motor Racing Database / Registro Oficial FIA
levrett,Bayliss,Levrett,,,1914-02-14,American,http://en.wikipedia.org/wiki/Bayliss_Levrett,Base Oficial Ergast Motor Racing Database / Registro Oficial FIA
lewis,Jackie,Lewis,,,1936-11-01,British,http://en.wikipedia.org/wiki/Jackie_Lewis,Base Oficial Ergast Motor Racing Database / Registro Oficial FIA
lewis-evans,Stuart,Lewis-Evans,,,1930-04-20,British,http://en.wikipedia.org/wiki/Stuart_Lewis-Evans,Base Oficial Ergast Motor Racing Database / Registro Oficial FIA
ligier,Guy,Ligier,,,1930-07-12,French,http://en.wikipedia.org/wiki/Guy_Ligier,Base Oficial Ergast Motor Racing Database / Registro Oficial FIA
linden,Andy,Linden,,,1922-04-05,American,http://en.wikipedia.org/wiki/Andy_Linden_(racing_driver),Base Oficial Ergast Motor Racing Database / Registro Oficial FIA
lippi,Roberto,Lippi,,,1926-10-17,Italian,http://en.wikipedia.org/wiki/Roberto_Lippi,Base Oficial Ergast Motor Racing Database / Registro Oficial FIA
liuzzi,Vitantonio,Liuzzi,LIU,,1980-08-06,Italian,http://en.wikipedia.org/wiki/Vitantonio_Liuzzi,Base Oficial Ergast Motor Racing Database / Registro Oficial FIA
lof,Dries,van der Lof,,,1919-08-23,Dutch,http://en.wikipedia.org/wiki/Dries_van_der_Lof,Base Oficial Ergast Motor Racing Database / Registro Oficial FIA
lombardi,Lella,Lombardi,,,1941-03-26,Italian,http://en.wikipedia.org/wiki/Lella_Lombardi,Base Oficial Ergast Motor Racing Database / Registro Oficial FIA
londono,Ricardo,Londono,,,1949-08-08,Colombian,http://en.wikipedia.org/wiki/Ricardo_Londo%C3%B1o,Base Oficial Ergast Motor Racing Database / Registro Oficial FIA
loof,Ernst,Loof,,,1907-07-04,German,http://en.wikipedia.org/wiki/Ernst_Loof,Base Oficial Ergast Motor Racing Database / Registro Oficial FIA
lotterer,Andre,Lotterer,LOT,45.0,1981-11-19,German,http://en.wikipedia.org/wiki/Andr%C3%A9_Lotterer,Base Oficial Ergast Motor Racing Database / Registro Oficial FIA
louveau,Henri,Louveau,,,1910-01-25,French,http://en.wikipedia.org/wiki/Henri_Louveau,Base Oficial Ergast Motor Racing Database / Registro Oficial FIA
love,John,Love,,,1924-12-07,Rhodesian,http://en.wikipedia.org/wiki/John_Love_(racing_driver),Base Oficial Ergast Motor Racing Database / Registro Oficial FIA
lovely,Pete,Lovely,,,1926-04-11,American,http://en.wikipedia.org/wiki/Pete_Lovely,Base Oficial Ergast Motor Racing Database / Registro Oficial FIA
loyer,Roger,Loyer,,,1907-08-05,French,http://en.wikipedia.org/wiki/Roger_Loyer,Base Oficial Ergast Motor Racing Database / Registro Oficial FIA
lucas,Jean,Lucas,,,1917-04-25,French,http://en.wikipedia.org/wiki/Jean_Lucas,Base Oficial Ergast Motor Racing Database / Registro Oficial FIA
lucienbonnet,Jean,Lucienbonnet,,,1923-01-07,French,http://en.wikipedia.org/wiki/Jean_Lucienbonnet,Base Oficial Ergast Motor Racing Database / Registro Oficial FIA
lunger,Brett,Lunger,,,1945-11-14,American,http://en.wikipedia.org/wiki/Brett_Lunger,Base Oficial Ergast Motor Racing Database / Registro Oficial FIA
macdowel,Mike,MacDowel,,,1932-09-13,British,http://en.wikipedia.org/wiki/Mike_MacDowel,Base Oficial Ergast Motor Racing Database / Registro Oficial FIA
mackay-fraser,Herbert,MacKay-Fraser,,,1927-06-23,American,http://en.wikipedia.org/wiki/Herbert_MacKay-Fraser,Base Oficial Ergast Motor Racing Database / Registro Oficial FIA
mackey,Bill,Mackey,,,1927-12-15,American,http://en.wikipedia.org/wiki/Bill_Mackey,Base Oficial Ergast Motor Racing Database / Registro Oficial FIA
macklin,Lance,Macklin,,,1919-09-02,British,http://en.wikipedia.org/wiki/Lance_Macklin,Base Oficial Ergast Motor Racing Database / Registro Oficial FIA
magee,Damien,Magee,,,1945-11-17,British,http://en.wikipedia.org/wiki/Damien_Magee,Base Oficial Ergast Motor Racing Database / Registro Oficial FIA
maggs,Tony,Maggs,,,1937-02-09,South African,http://en.wikipedia.org/wiki/Tony_Maggs,Base Oficial Ergast Motor Racing Database / Registro Oficial FIA
magill,Mike,Magill,,,1920-02-08,American,http://en.wikipedia.org/wiki/Mike_Magill,Base Oficial Ergast Motor Racing Database / Registro Oficial FIA
maglioli,Umberto,Maglioli,,,1928-06-05,Italian,http://en.wikipedia.org/wiki/Umberto_Maglioli,Base Oficial Ergast Motor Racing Database / Registro Oficial FIA
magnussen,Jan,Magnussen,MAG,,1973-07-04,Danish,http://en.wikipedia.org/wiki/Jan_Magnussen,Base Oficial Ergast Motor Racing Database / Registro Oficial FIA
mairesse,Willy,Mairesse,,,1928-10-01,Belgian,http://en.wikipedia.org/wiki/Willy_Mairesse,Base Oficial Ergast Motor Racing Database / Registro Oficial FIA
maldonado,Pastor,Maldonado,MAL,13.0,1985-03-09,Venezuelan,http://en.wikipedia.org/wiki/Pastor_Maldonado,Base Oficial Ergast Motor Racing Database / Registro Oficial FIA
manfred_winkelhock,Manfred,Winkelhock,,,1951-10-06,German,http://en.wikipedia.org/wiki/Manfred_Winkelhock,Base Oficial Ergast Motor Racing Database / Registro Oficial FIA
mansell,Nigel,Mansell,,,1953-08-08,British,http://en.wikipedia.org/wiki/Nigel_Mansell,Base Oficial Ergast Motor Racing Database / Registro Oficial FIA
mantovani,Sergio,Mantovani,,,1929-05-22,Italian,http://en.wikipedia.org/wiki/Sergio_Mantovani,Base Oficial Ergast Motor Racing Database / Registro Oficial FIA
mantz,Johnny,Mantz,,,1918-09-18,American,http://en.wikipedia.org/wiki/Johnny_Mantz,Base Oficial Ergast Motor Racing Database / Registro Oficial FIA
manzon,Robert,Manzon,,,1917-04-12,French,http://en.wikipedia.org/wiki/Robert_Manzon,Base Oficial Ergast Motor Racing Database / Registro Oficial FIA
marimon,Onofre,Marimon,,,1923-12-19,Argentine,http://en.wikipedia.org/wiki/Onofre_Marim%C3%B3n,Base Oficial Ergast Motor Racing Database / Registro Oficial FIA
mario_andretti,Mario,Andretti,,,1940-02-28,American,http://en.wikipedia.org/wiki/Mario_Andretti,Base Oficial Ergast Motor Racing Database / Registro Oficial FIA
marko,Helmut,Marko,,,1943-04-27,Austrian,http://en.wikipedia.org/wiki/Helmut_Marko,Base Oficial Ergast Motor Racing Database / Registro Oficial FIA
markus_winkelhock,Markus,Winkelhock,WIN,,1980-06-13,German,http://en.wikipedia.org/wiki/Markus_Winkelhock,Base Oficial Ergast Motor Racing Database / Registro Oficial FIA
marques,Tarso,Marques,,,1976-01-19,Brazilian,http://en.wikipedia.org/wiki/Tarso_Marques,Base Oficial Ergast Motor Racing Database / Registro Oficial FIA
marr,Leslie,Marr,,,1922-08-14,British,http://en.wikipedia.org/wiki/Leslie_Marr,Base Oficial Ergast Motor Racing Database / Registro Oficial FIA
marsh,Tony,Marsh,,,1931-07-20,British,http://en.wikipedia.org/wiki/Tony_Marsh_(racing_driver),Base Oficial Ergast Motor Racing Database / Registro Oficial FIA
martin,Eugene,Martin,,,1915-03-24,French,http://en.wikipedia.org/wiki/Eug%C3%A8ne_Martin,Base Oficial Ergast Motor Racing Database / Registro Oficial FIA
martini,Pierluigi,Martini,,,1961-04-23,Italian,http://en.wikipedia.org/wiki/Pierluigi_Martini,Base Oficial Ergast Motor Racing Database / Registro Oficial FIA
mass,Jochen,Mass,,,1946-09-30,German,http://en.wikipedia.org/wiki/Jochen_Mass,Base Oficial Ergast Motor Racing Database / Registro Oficial FIA
massa,Felipe,Massa,MAS,19.0,1981-04-25,Brazilian,http://en.wikipedia.org/wiki/Felipe_Massa,Base Oficial Ergast Motor Racing Database / Registro Oficial FIA
matta,Cristiano,da Matta,,,1973-09-19,Brazilian,http://en.wikipedia.org/wiki/Cristiano_da_Matta,Base Oficial Ergast Motor Racing Database / Registro Oficial FIA
max_verstappen,Max,Verstappen,VER,33.0,1997-09-30,Dutch,http://en.wikipedia.org/wiki/Max_Verstappen,Base Oficial Ergast Motor Racing Database / Registro Oficial FIA
may,Michael,May,,,1934-08-18,Swiss,http://en.wikipedia.org/wiki/Michael_May_(racing_driver),Base Oficial Ergast Motor Racing Database / Registro Oficial FIA
mayer,Timmy,Mayer,,,1938-02-22,American,http://en.wikipedia.org/wiki/Timmy_Mayer,Base Oficial Ergast Motor Racing Database / Registro Oficial FIA
mazepin,Nikita,Mazepin,MAZ,9.0,1999-03-02,Russian,http://en.wikipedia.org/wiki/Nikita_Mazepin,Base Oficial Ergast Motor Racing Database / Registro Oficial FIA
mazet,Francois,Mazet,,,1943-02-24,French,http://en.wikipedia.org/wiki/Fran%C3%A7ois_Mazet,Base Oficial Ergast Motor Racing Database / Registro Oficial FIA
mazzacane,Gaston,Mazzacane,,,1975-05-08,Argentine,http://en.wikipedia.org/wiki/Gast%C3%B3n_Mazzacane,Base Oficial Ergast Motor Racing Database / Registro Oficial FIA
mcalpine,Kenneth,McAlpine,,,1920-09-21,British,http://en.wikipedia.org/wiki/Kenneth_McAlpine,Base Oficial Ergast Motor Racing Database / Registro Oficial FIA
mccarthy,Perry,McCarthy,,,1961-03-03,British,http://en.wikipedia.org/wiki/Perry_McCarthy,Base Oficial Ergast Motor Racing Database / Registro Oficial FIA
mccoy,Ernie,McCoy,,,1921-02-19,American,http://en.wikipedia.org/wiki/Ernie_McCoy,Base Oficial Ergast Motor Racing Database / Registro Oficial FIA
mcdowell,Johnny,McDowell,,,1915-01-29,American,http://en.wikipedia.org/wiki/Johnny_McDowell,Base Oficial Ergast Motor Racing Database / Registro Oficial FIA
mcgrath,Jack,McGrath,,,1919-10-08,American,http://en.wikipedia.org/wiki/Jack_McGrath_(racing_driver),Base Oficial Ergast Motor Racing Database / Registro Oficial FIA
mcguire,Brian,McGuire,,,1945-12-13,Australian,http://en.wikipedia.org/wiki/Brian_McGuire,Base Oficial Ergast Motor Racing Database / Registro Oficial FIA
mclaren,Bruce,McLaren,,,1937-08-30,New Zealander,http://en.wikipedia.org/wiki/Bruce_McLaren,Base Oficial Ergast Motor Racing Database / Registro Oficial FIA
mcnish,Allan,McNish,,,1969-12-29,British,http://en.wikipedia.org/wiki/Allan_McNish,Base Oficial Ergast Motor Racing Database / Registro Oficial FIA
mcrae,Graham,McRae,,,1940-03-05,New Zealander,http://en.wikipedia.org/wiki/Graham_McRae,Base Oficial Ergast Motor Racing Database / Registro Oficial FIA
mcwithey,Jim,McWithey,,,1927-07-04,American,http://en.wikipedia.org/wiki/Jim_McWithey,Base Oficial Ergast Motor Racing Database / Registro Oficial FIA
menditeguy,Carlos,Menditeguy,,,1914-08-10,Argentine,http://en.wikipedia.org/wiki/Carlos_Menditeguy,Base Oficial Ergast Motor Racing Database / Registro Oficial FIA
merhi,Roberto,Merhi,MER,98.0,1991-03-22,Spanish,http://en.wikipedia.org/wiki/Roberto_Merhi,Base Oficial Ergast Motor Racing Database / Registro Oficial FIA
merzario,Arturo,Merzario,,,1943-03-11,Italian,http://en.wikipedia.org/wiki/Arturo_Merzario,Base Oficial Ergast Motor Racing Database / Registro Oficial FIA
michael_schumacher,Michael,Schumacher,MSC,,1969-01-03,German,http://en.wikipedia.org/wiki/Michael_Schumacher,Base Oficial Ergast Motor Racing Database / Registro Oficial FIA
mick_schumacher,Mick,Schumacher,MSC,47.0,1999-03-22,German,http://en.wikipedia.org/wiki/Mick_Schumacher,Base Oficial Ergast Motor Racing Database / Registro Oficial FIA
mieres,Roberto,Mieres,,,1924-12-03,Argentine,http://en.wikipedia.org/wiki/Roberto_Mieres,Base Oficial Ergast Motor Racing Database / Registro Oficial FIA
migault,Francois,Migault,,,1944-12-04,French,http://en.wikipedia.org/wiki/Fran%C3%A7ois_Migault,Base Oficial Ergast Motor Racing Database / Registro Oficial FIA
mike_taylor,Mike,Taylor,,,1934-04-24,British,http://en.wikipedia.org/wiki/Mike_Taylor_(driver),Base Oficial Ergast Motor Racing Database / Registro Oficial FIA
miles,John,Miles,,,1943-06-14,British,http://en.wikipedia.org/wiki/John_Miles_(auto_racer),Base Oficial Ergast Motor Racing Database / Registro Oficial FIA
milhoux,Andre,Milhoux,,,1928-12-09,Belgian,http://en.wikipedia.org/wiki/Andr%C3%A9_Milhoux,Base Oficial Ergast Motor Racing Database / Registro Oficial FIA
miller,Chet,Miller,,,1902-07-19,American,http://en.wikipedia.org/wiki/Chet_Miller,Base Oficial Ergast Motor Racing Database / Registro Oficial FIA
mitter,Gerhard,Mitter,,,1935-08-30,German,http://en.wikipedia.org/wiki/Gerhard_Mitter,Base Oficial Ergast Motor Racing Database / Registro Oficial FIA
modena,Stefano,Modena,,,1963-05-12,Italian,http://en.wikipedia.org/wiki/Stefano_Modena,Base Oficial Ergast Motor Racing Database / Registro Oficial FIA
monarch,Thomas,Monarch,,,1945-09-03,American,http://en.wikipedia.org/wiki/Talk:1963_Mexican_Grand_Prix#Who_was_Thomas_Monarch.3F,Base Oficial Ergast Motor Racing Database / Registro Oficial FIA
montagny,Franck,Montagny,FMO,,1978-01-05,French,http://en.wikipedia.org/wiki/Franck_Montagny,Base Oficial Ergast Motor Racing Database / Registro Oficial FIA
monteiro,Tiago,Monteiro,TMO,,1976-07-24,Portuguese,http://en.wikipedia.org/wiki/Tiago_Monteiro,Base Oficial Ergast Motor Racing Database / Registro Oficial FIA
montermini,Andrea,Montermini,,,1964-05-30,Italian,http://en.wikipedia.org/wiki/Andrea_Montermini,Base Oficial Ergast Motor Racing Database / Registro Oficial FIA
monteverdi,Peter,Monteverdi,,,1934-06-07,Swiss,http://en.wikipedia.org/wiki/Peter_Monteverdi,Base Oficial Ergast Motor Racing Database / Registro Oficial FIA
montoya,Juan,Pablo Montoya,MON,,1975-09-20,Colombian,http://en.wikipedia.org/wiki/Juan_Pablo_Montoya,Base Oficial Ergast Motor Racing Database / Registro Oficial FIA
morbidelli,Gianni,Morbidelli,,,1968-01-13,Italian,http://en.wikipedia.org/wiki/Gianni_Morbidelli,Base Oficial Ergast Motor Racing Database / Registro Oficial FIA
moreno,Roberto,Moreno,,,1959-02-11,Brazilian,http://en.wikipedia.org/wiki/Roberto_Moreno,Base Oficial Ergast Motor Racing Database / Registro Oficial FIA
morgan,Dave,Morgan,,,1944-08-07,British,http://en.wikipedia.org/wiki/Dave_Morgan_(racing_driver),Base Oficial Ergast Motor Racing Database / Registro Oficial FIA
moser,Silvio,Moser,,,1941-04-24,Swiss,http://en.wikipedia.org/wiki/Silvio_Moser,Base Oficial Ergast Motor Racing Database / Registro Oficial FIA
moss,Stirling,Moss,,,1929-09-17,British,http://en.wikipedia.org/wiki/Stirling_Moss,Base Oficial Ergast Motor Racing Database / Registro Oficial FIA
munaron,Gino,Munaron,,,1928-04-02,Italian,http://en.wikipedia.org/wiki/Gino_Munaron,Base Oficial Ergast Motor Racing Database / Registro Oficial FIA
murray,David,Murray,,,1909-12-28,British,http://en.wikipedia.org/wiki/David_Murray_(driver),Base Oficial Ergast Motor Racing Database / Registro Oficial FIA
musso,Luigi,Musso,,,1924-07-28,Italian,http://en.wikipedia.org/wiki/Luigi_Musso,Base Oficial Ergast Motor Racing Database / Registro Oficial FIA
nakajima,Kazuki,Nakajima,NAK,,1985-01-11,Japanese,http://en.wikipedia.org/wiki/Kazuki_Nakajima,Base Oficial Ergast Motor Racing Database / Registro Oficial FIA
nakano,Shinji,Nakano,,,1971-04-01,Japanese,http://en.wikipedia.org/wiki/Shinji_Nakano,Base Oficial Ergast Motor Racing Database / Registro Oficial FIA
nalon,Duke,Nalon,,,1913-03-02,American,http://en.wikipedia.org/wiki/Duke_Nalon,Base Oficial Ergast Motor Racing Database / Registro Oficial FIA
nannini,Alessandro,Nannini,,,1959-07-07,Italian,http://en.wikipedia.org/wiki/Alessandro_Nannini,Base Oficial Ergast Motor Racing Database / Registro Oficial FIA
naspetti,Emanuele,Naspetti,,,1968-02-24,Italian,http://en.wikipedia.org/wiki/Emanuele_Naspetti,Base Oficial Ergast Motor Racing Database / Registro Oficial FIA
nasr,Felipe,Nasr,NAS,12.0,1992-08-21,Brazilian,http://en.wikipedia.org/wiki/Felipe_Nasr,Base Oficial Ergast Motor Racing Database / Registro Oficial FIA
natili,Massimo,Natili,,,1935-07-28,Italian,http://en.wikipedia.org/wiki/Massimo_Natili,Base Oficial Ergast Motor Racing Database / Registro Oficial FIA
naylor,Brian,Naylor,,,1923-03-24,British,http://en.wikipedia.org/wiki/Brian_Naylor,Base Oficial Ergast Motor Racing Database / Registro Oficial FIA
nazaruk,Mike,Nazaruk,,,1921-10-02,American,http://en.wikipedia.org/wiki/Mike_Nazaruk,Base Oficial Ergast Motor Racing Database / Registro Oficial FIA
needell,Tiff,Needell,,,1951-10-29,British,http://en.wikipedia.org/wiki/Tiff_Needell,Base Oficial Ergast Motor Racing Database / Registro Oficial FIA
nelleman,Jac,Nelleman,,,1944-04-19,Danish,http://en.wikipedia.org/wiki/Jac_Nelleman,Base Oficial Ergast Motor Racing Database / Registro Oficial FIA
neve,Patrick,Neve,,,1949-10-13,Belgian,http://en.wikipedia.org/wiki/Patrick_Neve,Base Oficial Ergast Motor Racing Database / Registro Oficial FIA
nicholson,John,Nicholson,,,1941-10-06,New Zealander,http://en.wikipedia.org/wiki/John_Nicholson_(racing_driver),Base Oficial Ergast Motor Racing Database / Registro Oficial FIA
niday,Cal,Niday,,,1914-04-29,American,http://en.wikipedia.org/wiki/Cal_Niday,Base Oficial Ergast Motor Racing Database / Registro Oficial FIA
niedermayr,Helmut,Niedermayr,,,1915-11-29,German,http://en.wikipedia.org/wiki/Helmut_Niedermayr,Base Oficial Ergast Motor Racing Database / Registro Oficial FIA
niemann,Brausch,Niemann,,,1939-01-07,South African,http://en.wikipedia.org/wiki/Brausch_Niemann,Base Oficial Ergast Motor Racing Database / Registro Oficial FIA
nilsson,Gunnar,Nilsson,,,1948-11-20,Swedish,http://en.wikipedia.org/wiki/Gunnar_Nilsson,Base Oficial Ergast Motor Racing Database / Registro Oficial FIA
noda,Hideki,Noda,,,1969-03-07,Japanese,http://en.wikipedia.org/wiki/Hideki_Noda,Base Oficial Ergast Motor Racing Database / Registro Oficial FIA
norris,Lando,Norris,NOR,4.0,1999-11-13,British,http://en.wikipedia.org/wiki/Lando_Norris,Base Oficial Ergast Motor Racing Database / Registro Oficial FIA
nuckey,Rodney,Nuckey,,,1929-06-26,British,http://en.wikipedia.org/wiki/Rodney_Nuckey,Base Oficial Ergast Motor Racing Database / Registro Oficial FIA
obrien,Robert,O'Brien,,,1908-04-11,American,http://en.wikipedia.org/wiki/Robert_O%27Brien_(auto_racer),Base Oficial Ergast Motor Racing Database / Registro Oficial FIA
ocon,Esteban,Ocon,OCO,31.0,1996-09-17,French,http://en.wikipedia.org/wiki/Esteban_Ocon,Base Oficial Ergast Motor Racing Database / Registro Oficial FIA
oliver,Jackie,Oliver,,,1942-08-14,British,http://en.wikipedia.org/wiki/Jackie_Oliver,Base Oficial Ergast Motor Racing Database / Registro Oficial FIA
ongais,Danny,Ongais,,,1942-05-21,American,http://en.wikipedia.org/wiki/Danny_Ongais,Base Oficial Ergast Motor Racing Database / Registro Oficial FIA
opel,Rikky,von Opel,,,1947-10-14,Liechtensteiner,http://en.wikipedia.org/wiki/Rikky_von_Opel,Base Oficial Ergast Motor Racing Database / Registro Oficial FIA
orey,Fritz,d'Orey,,,1938-03-25,Brazilian,http://en.wikipedia.org/wiki/Fritz_d%27Orey,Base Oficial Ergast Motor Racing Database / Registro Oficial FIA
oscar_gonzalez,Oscar,Gonzalez,,,1923-11-10,Uruguayan,http://en.wikipedia.org/wiki/%C3%93scar_Gonz%C3%A1lez_(racing_driver),Base Oficial Ergast Motor Racing Database / Registro Oficial FIA
owen,Arthur,Owen,,,1915-03-23,British,http://en.wikipedia.org/wiki/Arthur_Owen,Base Oficial Ergast Motor Racing Database / Registro Oficial FIA
pace,Carlos,Pace,,,1944-10-06,Brazilian,http://en.wikipedia.org/wiki/Carlos_Pace,Base Oficial Ergast Motor Racing Database / Registro Oficial FIA
pagani,Nello,Pagani,,,1911-10-11,Italian,http://en.wikipedia.org/wiki/Nello_Pagani,Base Oficial Ergast Motor Racing Database / Registro Oficial FIA
paletti,Riccardo,Paletti,,,1958-06-15,Italian,http://en.wikipedia.org/wiki/Riccardo_Paletti,Base Oficial Ergast Motor Racing Database / Registro Oficial FIA
palm,Torsten,Palm,,,1947-07-23,Swedish,http://en.wikipedia.org/wiki/Torsten_Palm,Base Oficial Ergast Motor Racing Database / Registro Oficial FIA
palmer,Jonathan,Palmer,,,1956-11-07,British,http://en.wikipedia.org/wiki/Jonathan_Palmer,Base Oficial Ergast Motor Racing Database / Registro Oficial FIA
panis,Olivier,Panis,,,1966-09-02,French,http://en.wikipedia.org/wiki/Olivier_Panis,Base Oficial Ergast Motor Racing Database / Registro Oficial FIA
pantano,Giorgio,Pantano,,,1979-02-04,Italian,http://en.wikipedia.org/wiki/Giorgio_Pantano,Base Oficial Ergast Motor Racing Database / Registro Oficial FIA
papis,Massimiliano,Papis,,,1969-10-03,Italian,http://en.wikipedia.org/wiki/Massimiliano_Papis,Base Oficial Ergast Motor Racing Database / Registro Oficial FIA
parker,Philip,Fotheringham-Parker,,,1907-09-22,British,http://en.wikipedia.org/wiki/Philip_Fotheringham-Parker,Base Oficial Ergast Motor Racing Database / Registro Oficial FIA
parkes,Mike,Parkes,,,1931-09-24,British,http://en.wikipedia.org/wiki/Mike_Parkes,Base Oficial Ergast Motor Racing Database / Registro Oficial FIA
parnell,Tim,Parnell,,,1932-06-25,British,http://en.wikipedia.org/wiki/Tim_Parnell,Base Oficial Ergast Motor Racing Database / Registro Oficial FIA
parsons,Johnnie,Parsons,,,1918-07-04,American,http://en.wikipedia.org/wiki/Johnnie_Parsons,Base Oficial Ergast Motor Racing Database / Registro Oficial FIA
patrese,Riccardo,Patrese,,,1954-04-17,Italian,http://en.wikipedia.org/wiki/Riccardo_Patrese,Base Oficial Ergast Motor Racing Database / Registro Oficial FIA
paul_russo,Paul,Russo,,,1914-04-10,American,http://en.wikipedia.org/wiki/Paul_Russo,Base Oficial Ergast Motor Racing Database / Registro Oficial FIA
pease,Al,Pease,,,1921-10-15,Canadian,http://en.wikipedia.org/wiki/Al_Pease,Base Oficial Ergast Motor Racing Database / Registro Oficial FIA
penske,Roger,Penske,,,1937-02-20,American,http://en.wikipedia.org/wiki/Roger_Penske,Base Oficial Ergast Motor Racing Database / Registro Oficial FIA
perdisa,Cesare,Perdisa,,,1932-10-21,Italian,http://en.wikipedia.org/wiki/Cesare_Perdisa,Base Oficial Ergast Motor Racing Database / Registro Oficial FIA
perez,Sergio,Perez,PER,11.0,1990-01-26,Mexican,http://en.wikipedia.org/wiki/Sergio_P%C3%A9rez,Base Oficial Ergast Motor Racing Database / Registro Oficial FIA
perkins,Larry,Perkins,,,1950-03-18,Australian,http://en.wikipedia.org/wiki/Larry_Perkins,Base Oficial Ergast Motor Racing Database / Registro Oficial FIA
pescarolo,Henri,Pescarolo,,,1942-09-25,French,http://en.wikipedia.org/wiki/Henri_Pescarolo,Base Oficial Ergast Motor Racing Database / Registro Oficial FIA
pesenti_rossi,Alessandro,Pesenti-Rossi,,,1942-08-31,Italian,http://en.wikipedia.org/wiki/Alessandro_Pesenti-Rossi,Base Oficial Ergast Motor Racing Database / Registro Oficial FIA
peter_walker,Peter,Walker,,,1912-10-07,British,http://en.wikipedia.org/wiki/Peter_Walker_(driver),Base Oficial Ergast Motor Racing Database / Registro Oficial FIA
peters,Josef,Peters,,,1914-09-16,German,http://en.wikipedia.org/wiki/Josef_Peters_(driver),Base Oficial Ergast Motor Racing Database / Registro Oficial FIA
peterson,Ronnie,Peterson,,,1944-02-14,Swedish,http://en.wikipedia.org/wiki/Ronnie_Peterson,Base Oficial Ergast Motor Racing Database / Registro Oficial FIA
petrov,Vitaly,Petrov,PET,,1984-09-08,Russian,http://en.wikipedia.org/wiki/Vitaly_Petrov,Base Oficial Ergast Motor Racing Database / Registro Oficial FIA
phil_hill,Phil,Hill,,,1927-04-20,American,http://en.wikipedia.org/wiki/Phil_Hill,Base Oficial Ergast Motor Racing Database / Registro Oficial FIA
pian,Alfredo,Pian,,,1912-10-21,Argentine,http://en.wikipedia.org/wiki/Alfredo_Pi%C3%A0n,Base Oficial Ergast Motor Racing Database / Registro Oficial FIA
piastri,Oscar,Piastri,PIA,81.0,2001-04-06,Australian,http://en.wikipedia.org/wiki/Oscar_Piastri,Base Oficial Ergast Motor Racing Database / Registro Oficial FIA
pic,Charles,Pic,PIC,,1990-02-15,French,http://en.wikipedia.org/wiki/Charles_Pic,Base Oficial Ergast Motor Racing Database / Registro Oficial FIA
picard,Francois,Picard,,,1921-04-26,French,http://en.wikipedia.org/wiki/Fran%C3%A7ois_Picard,Base Oficial Ergast Motor Racing Database / Registro Oficial FIA
pieterse,Ernie,Pieterse,,,1938-07-04,South African,http://en.wikipedia.org/wiki/Ernie_Pieterse,Base Oficial Ergast Motor Racing Database / Registro Oficial FIA
pietro_fittipaldi,Pietro,Fittipaldi,FIT,51.0,1996-06-25,Brazilian,http://en.wikipedia.org/wiki/Pietro_Fittipaldi,Base Oficial Ergast Motor Racing Database / Registro Oficial FIA
pietsch,Paul,Pietsch,,,1911-06-20,German,http://en.wikipedia.org/wiki/Paul_Pietsch,Base Oficial Ergast Motor Racing Database / Registro Oficial FIA
pilette,Teddy,Pilette,,,1942-07-26,Belgian,http://en.wikipedia.org/wiki/Teddy_Pilette,Base Oficial Ergast Motor Racing Database / Registro Oficial FIA
piotti,Luigi,Piotti,,,1913-10-27,Italian,http://en.wikipedia.org/wiki/Luigi_Piotti,Base Oficial Ergast Motor Racing Database / Registro Oficial FIA
piper,David,Piper,,,1930-12-02,British,http://en.wikipedia.org/wiki/David_Piper,Base Oficial Ergast Motor Racing Database / Registro Oficial FIA
piquet,Nelson,Piquet,,,1952-08-17,Brazilian,http://en.wikipedia.org/wiki/Nelson_Piquet,Base Oficial Ergast Motor Racing Database / Registro Oficial FIA
piquet_jr,Nelson,Piquet Jr.,PIQ,,1985-07-25,Brazilian,"http://en.wikipedia.org/wiki/Nelson_Piquet,_Jr.",Base Oficial Ergast Motor Racing Database / Registro Oficial FIA
pirocchi,Renato,Pirocchi,,,1933-03-26,Italian,http://en.wikipedia.org/wiki/Renato_Pirocchi,Base Oficial Ergast Motor Racing Database / Registro Oficial FIA
pironi,Didier,Pironi,,,1952-03-26,French,http://en.wikipedia.org/wiki/Didier_Pironi,Base Oficial Ergast Motor Racing Database / Registro Oficial FIA
pirro,Emanuele,Pirro,,,1962-01-12,Italian,http://en.wikipedia.org/wiki/Emanuele_Pirro,Base Oficial Ergast Motor Racing Database / Registro Oficial FIA
pizzonia,Antonio,Pizzonia,PIZ,,1980-09-11,Brazilian,http://en.wikipedia.org/wiki/Ant%C3%B4nio_Pizzonia,Base Oficial Ergast Motor Racing Database / Registro Oficial FIA
poele,Eric,van de Poele,,,1961-09-30,Belgian,http://en.wikipedia.org/wiki/Eric_van_de_Poele,Base Oficial Ergast Motor Racing Database / Registro Oficial FIA
pollet,Jacques,Pollet,,,1922-07-02,French,http://en.wikipedia.org/wiki/Jacques_Pollet,Base Oficial Ergast Motor Racing Database / Registro Oficial FIA
pon,Ben,Pon,,,1936-12-09,Dutch,http://en.wikipedia.org/wiki/Ben_Pon,Base Oficial Ergast Motor Racing Database / Registro Oficial FIA
poore,Dennis,Poore,,,1916-08-19,British,http://en.wikipedia.org/wiki/Dennis_Poore,Base Oficial Ergast Motor Racing Database / Registro Oficial FIA
portago,Alfonso,de Portago,,,1928-10-11,Spanish,http://en.wikipedia.org/wiki/Alfonso_de_Portago,Base Oficial Ergast Motor Racing Database / Registro Oficial FIA
posey,Sam,Posey,,,1944-05-26,American,http://en.wikipedia.org/wiki/Sam_Posey,Base Oficial Ergast Motor Racing Database / Registro Oficial FIA
pozzi,Charles,Pozzi,,,1909-08-27,French,http://en.wikipedia.org/wiki/Charles_Pozzi,Base Oficial Ergast Motor Racing Database / Registro Oficial FIA
pretorius,Jackie,Pretorius,,,1934-11-22,South African,http://en.wikipedia.org/wiki/Jackie_Pretorius,Base Oficial Ergast Motor Racing Database / Registro Oficial FIA
prinoth,Ernesto,Prinoth,,,1923-04-15,Italian,http://en.wikipedia.org/wiki/Ernesto_Prinoth,Base Oficial Ergast Motor Racing Database / Registro Oficial FIA
prophet,David,Prophet,,,1937-10-09,British,http://en.wikipedia.org/wiki/David_Prophet,Base Oficial Ergast Motor Racing Database / Registro Oficial FIA
prost,Alain,Prost,,,1955-02-24,French,http://en.wikipedia.org/wiki/Alain_Prost,Base Oficial Ergast Motor Racing Database / Registro Oficial FIA
pryce,Tom,Pryce,,,1949-06-11,British,http://en.wikipedia.org/wiki/Tom_Pryce,Base Oficial Ergast Motor Racing Database / Registro Oficial FIA
purley,David,Purley,,,1945-01-26,British,http://en.wikipedia.org/wiki/David_Purley,Base Oficial Ergast Motor Racing Database / Registro Oficial FIA
puzey,Clive,Puzey,,,1941-07-11,Rhodesian,http://en.wikipedia.org/wiki/Clive_Puzey,Base Oficial Ergast Motor Racing Database / Registro Oficial FIA
quester,Dieter,Quester,,,1939-05-30,Austrian,http://en.wikipedia.org/wiki/Dieter_Quester,Base Oficial Ergast Motor Racing Database / Registro Oficial FIA
raby,Ian,Raby,,,1921-09-22,British,http://en.wikipedia.org/wiki/Ian_Raby,Base Oficial Ergast Motor Racing Database / Registro Oficial FIA
rahal,Bobby,Rahal,,,1953-01-10,American,http://en.wikipedia.org/wiki/Bobby_Rahal,Base Oficial Ergast Motor Racing Database / Registro Oficial FIA
raikkonen,Kimi,Raikkonen,RAI,7.0,1979-10-17,Finnish,http://en.wikipedia.org/wiki/Kimi_R%C3%A4ikk%C3%B6nen,Base Oficial Ergast Motor Racing Database / Registro Oficial FIA
ralf_schumacher,Ralf,Schumacher,SCH,,1975-06-30,German,http://en.wikipedia.org/wiki/Ralf_Schumacher,Base Oficial Ergast Motor Racing Database / Registro Oficial FIA
ramos,Hernando,da Silva Ramos,,,1925-12-07,Brazilian,http://en.wikipedia.org/wiki/Hernando_da_Silva_Ramos,Base Oficial Ergast Motor Racing Database / Registro Oficial FIA
raphanel,Pierre-Henri,Raphanel,,,1961-05-27,French,http://en.wikipedia.org/wiki/Pierre-Henri_Raphanel,Base Oficial Ergast Motor Racing Database / Registro Oficial FIA
rathmann,Jim,Rathmann,,,1928-07-16,American,http://en.wikipedia.org/wiki/Jim_Rathmann,Base Oficial Ergast Motor Racing Database / Registro Oficial FIA
ratzenberger,Roland,Ratzenberger,,,1960-07-04,Austrian,http://en.wikipedia.org/wiki/Roland_Ratzenberger,Base Oficial Ergast Motor Racing Database / Registro Oficial FIA
ray_crawford,Ray,Crawford,,,1915-10-26,American,http://en.wikipedia.org/wiki/Ray_Crawford,Base Oficial Ergast Motor Racing Database / Registro Oficial FIA
rebaque,Hector,Rebaque,,,1956-02-05,Mexican,http://en.wikipedia.org/wiki/Hector_Rebaque,Base Oficial Ergast Motor Racing Database / Registro Oficial FIA
redman,Brian,Redman,,,1937-03-09,British,http://en.wikipedia.org/wiki/Brian_Redman,Base Oficial Ergast Motor Racing Database / Registro Oficial FIA
reece,Jimmy,Reece,,,1929-11-17,American,http://en.wikipedia.org/wiki/Jimmy_Reece,Base Oficial Ergast Motor Racing Database / Registro Oficial FIA
reed,Ray,Reed,,,1932-04-30,South African,http://en.wikipedia.org/wiki/Ray_Reed,Base Oficial Ergast Motor Racing Database / Registro Oficial FIA
rees,Alan,Rees,,,1938-01-12,British,http://en.wikipedia.org/wiki/Alan_Rees_(racing_driver),Base Oficial Ergast Motor Racing Database / Registro Oficial FIA
reg_parnell,Reg,Parnell,,,1911-07-02,British,http://en.wikipedia.org/wiki/Reg_Parnell,Base Oficial Ergast Motor Racing Database / Registro Oficial FIA
regazzoni,Clay,Regazzoni,,,1939-09-05,Swiss,http://en.wikipedia.org/wiki/Clay_Regazzoni,Base Oficial Ergast Motor Racing Database / Registro Oficial FIA
resta,Paul,di Resta,DIR,40.0,1986-04-16,British,http://en.wikipedia.org/wiki/Paul_di_Resta,Base Oficial Ergast Motor Racing Database / Registro Oficial FIA
reutemann,Carlos,Reutemann,,,1942-04-12,Argentine,http://en.wikipedia.org/wiki/Carlos_Reutemann,Base Oficial Ergast Motor Racing Database / Registro Oficial FIA
reventlow,Lance,Reventlow,,,1936-02-24,American,http://en.wikipedia.org/wiki/Lance_Reventlow,Base Oficial Ergast Motor Racing Database / Registro Oficial FIA
revson,Peter,Revson,,,1939-02-27,American,http://en.wikipedia.org/wiki/Peter_Revson,Base Oficial Ergast Motor Racing Database / Registro Oficial FIA
rhodes,John,Rhodes,,,1927-08-18,British,http://en.wikipedia.org/wiki/John_Rhodes_(driver),Base Oficial Ergast Motor Racing Database / Registro Oficial FIA
ribeiro,Alex,Ribeiro,,,1948-11-07,Brazilian,http://en.wikipedia.org/wiki/Alex_Ribeiro,Base Oficial Ergast Motor Racing Database / Registro Oficial FIA
ricardo_rodriguez,Ricardo,Rodriguez,,,1942-02-14,Mexican,http://en.wikipedia.org/wiki/Ricardo_Rodr%C3%ADguez_(Formula_One),Base Oficial Ergast Motor Racing Database / Registro Oficial FIA
ricciardo,Daniel,Ricciardo,RIC,3.0,1989-07-01,Australian,http://en.wikipedia.org/wiki/Daniel_Ricciardo,Base Oficial Ergast Motor Racing Database / Registro Oficial FIA
richardson,Ken,Richardson,,,1911-08-21,British,http://en.wikipedia.org/wiki/Ken_Richardson_(race_car_driver),Base Oficial Ergast Motor Racing Database / Registro Oficial FIA
riess,Fritz,Riess,,,1922-07-11,German,http://en.wikipedia.org/wiki/Fritz_Riess,Base Oficial Ergast Motor Racing Database / Registro Oficial FIA
rigsby,Jim,Rigsby,,,1923-06-06,American,http://en.wikipedia.org/wiki/Jim_Rigsby,Base Oficial Ergast Motor Racing Database / Registro Oficial FIA
rindt,Jochen,Rindt,,,1942-04-18,Austrian,http://en.wikipedia.org/wiki/Jochen_Rindt,Base Oficial Ergast Motor Racing Database / Registro Oficial FIA
riseley_prichard,John,Riseley-Prichard,,,1924-01-17,British,http://en.wikipedia.org/wiki/John_Riseley-Prichard,Base Oficial Ergast Motor Racing Database / Registro Oficial FIA
riu,Giovanni,de Riu,,,1925-03-10,Italian,http://en.wikipedia.org/wiki/Giovanni_de_Riu,Base Oficial Ergast Motor Racing Database / Registro Oficial FIA
robarts,Richard,Robarts,,,1944-09-22,British,http://en.wikipedia.org/wiki/Richard_Robarts,Base Oficial Ergast Motor Racing Database / Registro Oficial FIA
rodriguez,Pedro,Rodriguez,,,1940-01-18,Mexican,http://en.wikipedia.org/wiki/Pedro_Rodr%C3%ADguez_(racing_driver),Base Oficial Ergast Motor Racing Database / Registro Oficial FIA
roig,Alex,Soler-Roig,,,1932-10-29,Spanish,http://en.wikipedia.org/wiki/Alex_Soler-Roig,Base Oficial Ergast Motor Racing Database / Registro Oficial FIA
rol,Franco,Rol,,,1908-06-05,Italian,http://en.wikipedia.org/wiki/Franco_Rol,Base Oficial Ergast Motor Racing Database / Registro Oficial FIA
rollinson,Alan,Rollinson,,,1943-05-15,British,http://en.wikipedia.org/wiki/Alan_Rollinson,Base Oficial Ergast Motor Racing Database / Registro Oficial FIA
rolt,Tony,Rolt,,,1918-10-16,British,http://en.wikipedia.org/wiki/Tony_Rolt,Base Oficial Ergast Motor Racing Database / Registro Oficial FIA
roos,Bertil,Roos,,,1943-10-12,Swedish,http://en.wikipedia.org/wiki/Bertil_Roos,Base Oficial Ergast Motor Racing Database / Registro Oficial FIA
rooyen,Basil,van Rooyen,,,1939-04-19,South African,http://en.wikipedia.org/wiki/Basil_van_Rooyen,Base Oficial Ergast Motor Racing Database / Registro Oficial FIA
rosa,Pedro,de la Rosa,DLR,,1971-02-24,Spanish,http://en.wikipedia.org/wiki/Pedro_de_la_Rosa,Base Oficial Ergast Motor Racing Database / Registro Oficial FIA
rosberg,Nico,Rosberg,ROS,6.0,1985-06-27,German,http://en.wikipedia.org/wiki/Nico_Rosberg,Base Oficial Ergast Motor Racing Database / Registro Oficial FIA
rose,Mauri,Rose,,,1906-05-26,American,http://en.wikipedia.org/wiki/Mauri_Rose,Base Oficial Ergast Motor Racing Database / Registro Oficial FIA
rosier,Louis,Rosier,,,1905-11-05,French,http://en.wikipedia.org/wiki/Louis_Rosier,Base Oficial Ergast Motor Racing Database / Registro Oficial FIA
rosset,Ricardo,Rosset,,,1968-07-27,Brazilian,http://en.wikipedia.org/wiki/Ricardo_Rosset,Base Oficial Ergast Motor Racing Database / Registro Oficial FIA
rossi,Alexander,Rossi,RSS,53.0,1991-09-25,American,http://en.wikipedia.org/wiki/Alexander_Rossi_%28racing_driver%29,Base Oficial Ergast Motor Racing Database / Registro Oficial FIA
rothengatter,Huub,Rothengatter,,,1954-10-08,Dutch,http://en.wikipedia.org/wiki/Huub_Rothengatter,Base Oficial Ergast Motor Racing Database / Registro Oficial FIA
ruby,Lloyd,Ruby,,,1928-01-12,American,http://en.wikipedia.org/wiki/Lloyd_Ruby,Base Oficial Ergast Motor Racing Database / Registro Oficial FIA
russell,George,Russell,RUS,63.0,1998-02-15,British,http://en.wikipedia.org/wiki/George_Russell_(racing_driver),Base Oficial Ergast Motor Racing Database / Registro Oficial FIA
russo,Eddie,Russo,,,1925-11-19,American,http://en.wikipedia.org/wiki/Eddie_Russo,Base Oficial Ergast Motor Racing Database / Registro Oficial FIA
ruttman,Troy,Ruttman,,,1930-03-11,American,http://en.wikipedia.org/wiki/Troy_Ruttman,Base Oficial Ergast Motor Racing Database / Registro Oficial FIA
ryan,Peter,Ryan,,,1940-06-10,Canadian,http://en.wikipedia.org/wiki/Peter_Ryan_(driver),Base Oficial Ergast Motor Racing Database / Registro Oficial FIA
sachs,Eddie,Sachs,,,1927-05-28,American,http://en.wikipedia.org/wiki/Eddie_Sachs,Base Oficial Ergast Motor Racing Database / Registro Oficial FIA
said,Bob,Said,,,1932-05-05,American,http://en.wikipedia.org/wiki/Bob_Said,Base Oficial Ergast Motor Racing Database / Registro Oficial FIA
sainz,Carlos,Sainz,SAI,55.0,1994-09-01,Spanish,http://en.wikipedia.org/wiki/Carlos_Sainz_Jr.,Base Oficial Ergast Motor Racing Database / Registro Oficial FIA
sala,Luis,Perez-Sala,,,1959-05-15,Spanish,http://en.wikipedia.org/wiki/Luis_Perez-Sala,Base Oficial Ergast Motor Racing Database / Registro Oficial FIA
salazar,Eliseo,Salazar,,,1954-11-14,Chilean,http://en.wikipedia.org/wiki/Eliseo_Salazar,Base Oficial Ergast Motor Racing Database / Registro Oficial FIA
salo,Mika,Salo,,,1966-11-30,Finnish,http://en.wikipedia.org/wiki/Mika_Salo,Base Oficial Ergast Motor Racing Database / Registro Oficial FIA
salvadori,Roy,Salvadori,,,1922-05-12,British,http://en.wikipedia.org/wiki/Roy_Salvadori,Base Oficial Ergast Motor Racing Database / Registro Oficial FIA
sanesi,Consalvo,Sanesi,,,1911-03-28,Italian,http://en.wikipedia.org/wiki/Consalvo_Sanesi,Base Oficial Ergast Motor Racing Database / Registro Oficial FIA
sargeant,Logan,Sargeant,SAR,2.0,2000-12-31,American,http://en.wikipedia.org/wiki/Logan_Sargeant,Base Oficial Ergast Motor Racing Database / Registro Oficial FIA
sarrazin,Stephane,Sarrazin,,,1975-11-02,French,http://en.wikipedia.org/wiki/St%C3%A9phane_Sarrazin,Base Oficial Ergast Motor Racing Database / Registro Oficial FIA
sato,Takuma,Sato,SAT,,1977-01-28,Japanese,http://en.wikipedia.org/wiki/Takuma_Sato,Base Oficial Ergast Motor Racing Database / Registro Oficial FIA
satoru_nakajima,Satoru,Nakajima,,,1953-02-23,Japanese,http://en.wikipedia.org/wiki/Satoru_Nakajima,Base Oficial Ergast Motor Racing Database / Registro Oficial FIA
scarborough,Carl,Scarborough,,,1914-07-03,American,http://en.wikipedia.org/wiki/Carl_Scarborough,Base Oficial Ergast Motor Racing Database / Registro Oficial FIA
scarfiotti,Ludovico,Scarfiotti,,,1933-10-18,Italian,http://en.wikipedia.org/wiki/Ludovico_Scarfiotti,Base Oficial Ergast Motor Racing Database / Registro Oficial FIA
scarlatti,Giorgio,Scarlatti,,,1921-10-02,Italian,http://en.wikipedia.org/wiki/Giorgio_Scarlatti,Base Oficial Ergast Motor Racing Database / Registro Oficial FIA
scheckter,Jody,Scheckter,,,1950-01-29,South African,http://en.wikipedia.org/wiki/Jody_Scheckter,Base Oficial Ergast Motor Racing Database / Registro Oficial FIA
schell,Harry,Schell,,,1921-06-29,American,http://en.wikipedia.org/wiki/Harry_Schell,Base Oficial Ergast Motor Racing Database / Registro Oficial FIA
schenken,Tim,Schenken,,,1943-09-26,Australian,http://en.wikipedia.org/wiki/Tim_Schenken,Base Oficial Ergast Motor Racing Database / Registro Oficial FIA
scherrer,Albert,Scherrer,,,1908-02-28,Swiss,http://en.wikipedia.org/wiki/Albert_Scherrer,Base Oficial Ergast Motor Racing Database / Registro Oficial FIA
schiattarella,Domenico,Schiattarella,,,1967-11-17,Italian,http://en.wikipedia.org/wiki/Domenico_Schiattarella,Base Oficial Ergast Motor Racing Database / Registro Oficial FIA
schiller,Heinz,Schiller,,,1930-01-25,Swiss,http://en.wikipedia.org/wiki/Heinz_Schiller,Base Oficial Ergast Motor Racing Database / Registro Oficial FIA
schindler,Bill,Schindler,,,1909-03-06,American,http://en.wikipedia.org/wiki/Bill_Schindler,Base Oficial Ergast Motor Racing Database / Registro Oficial FIA
schlesser,Jean-Louis,Schlesser,,,1948-09-12,French,http://en.wikipedia.org/wiki/Jean-Louis_Schlesser,Base Oficial Ergast Motor Racing Database / Registro Oficial FIA
schneider,Bernd,Schneider,,,1964-07-20,German,http://en.wikipedia.org/wiki/Bernd_Schneider_(racecar_driver),Base Oficial Ergast Motor Racing Database / Registro Oficial FIA
schoeller,Rudolf,Schoeller,,,1902-04-27,Swiss,http://en.wikipedia.org/wiki/Rudolf_Schoeller,Base Oficial Ergast Motor Racing Database / Registro Oficial FIA
schroeder,Rob,Schroeder,,,1926-05-11,British,http://en.wikipedia.org/wiki/Rob_Schroeder,Base Oficial Ergast Motor Racing Database / Registro Oficial FIA
schuppan,Vern,Schuppan,,,1943-03-19,Australian,http://en.wikipedia.org/wiki/Vern_Schuppan,Base Oficial Ergast Motor Racing Database / Registro Oficial FIA
scott_brown,Archie,Scott Brown,,,1927-05-13,British,http://en.wikipedia.org/wiki/Archie_Scott_Brown,Base Oficial Ergast Motor Racing Database / Registro Oficial FIA
scotti,Piero,Scotti,,,1909-11-11,Italian,http://en.wikipedia.org/wiki/Piero_Scotti,Base Oficial Ergast Motor Racing Database / Registro Oficial FIA
seidel,Wolfgang,Seidel,,,1926-07-04,German,http://en.wikipedia.org/wiki/Wolfgang_Seidel,Base Oficial Ergast Motor Racing Database / Registro Oficial FIA
seiffert,Gunther,Seiffert,,,1937-10-18,German,http://en.wikipedia.org/wiki/G%C3%BCnther_Seiffert,Base Oficial Ergast Motor Racing Database / Registro Oficial FIA
senna,Ayrton,Senna,,,1960-03-21,Brazilian,http://en.wikipedia.org/wiki/Ayrton_Senna,Base Oficial Ergast Motor Racing Database / Registro Oficial FIA
serafini,Dorino,Serafini,,,1909-07-22,Italian,http://en.wikipedia.org/wiki/Dorino_Serafini,Base Oficial Ergast Motor Racing Database / Registro Oficial FIA
serra,Chico,Serra,,,1957-02-03,Brazilian,http://en.wikipedia.org/wiki/Chico_Serra,Base Oficial Ergast Motor Racing Database / Registro Oficial FIA
serrurier,Doug,Serrurier,,,1920-12-09,South African,http://en.wikipedia.org/wiki/Doug_Serrurier,Base Oficial Ergast Motor Racing Database / Registro Oficial FIA
settember,Tony,Settember,,,1926-07-10,American,http://en.wikipedia.org/wiki/Tony_Settember,Base Oficial Ergast Motor Racing Database / Registro Oficial FIA
sharp,Hap,Sharp,,,1928-01-01,American,http://en.wikipedia.org/wiki/Hap_Sharp,Base Oficial Ergast Motor Racing Database / Registro Oficial FIA
shawe_taylor,Brian,Shawe Taylor,,,1915-01-28,British,http://en.wikipedia.org/wiki/Brian_Shawe_Taylor,Base Oficial Ergast Motor Racing Database / Registro Oficial FIA
shelby,Carroll,Shelby,,,1923-01-11,American,http://en.wikipedia.org/wiki/Carroll_Shelby,Base Oficial Ergast Motor Racing Database / Registro Oficial FIA
shelly,Tony,Shelly,,,1937-02-02,New Zealander,http://en.wikipedia.org/wiki/Tony_Shelly,Base Oficial Ergast Motor Racing Database / Registro Oficial FIA
siffert,Jo,Siffert,,,1936-07-07,Swiss,http://en.wikipedia.org/wiki/Jo_Siffert,Base Oficial Ergast Motor Racing Database / Registro Oficial FIA
simon,Andre,Simon,,,1920-01-05,French,http://en.wikipedia.org/wiki/Andr%C3%A9_Simon_(racing_driver),Base Oficial Ergast Motor Racing Database / Registro Oficial FIA
sirotkin,Sergey,Sirotkin,SIR,35.0,1995-08-27,Russian,http://en.wikipedia.org/wiki/Sergey_Sirotkin_(racing_driver),Base Oficial Ergast Motor Racing Database / Registro Oficial FIA
slotemaker,Rob,Slotemaker,,,1929-06-13,Dutch,http://en.wikipedia.org/wiki/Rob_Slotemaker,Base Oficial Ergast Motor Racing Database / Registro Oficial FIA
solana,Moises,Solana,,,1935-12-26,Mexican,http://en.wikipedia.org/wiki/Mois%C3%A9s_Solana,Base Oficial Ergast Motor Racing Database / Registro Oficial FIA
sommer,Raymond,Sommer,,,1906-08-31,French,http://en.wikipedia.org/wiki/Raymond_Sommer,Base Oficial Ergast Motor Racing Database / Registro Oficial FIA
sospiri,Vincenzo,Sospiri,,,1966-10-07,Italian,http://en.wikipedia.org/wiki/Vincenzo_Sospiri,Base Oficial Ergast Motor Racing Database / Registro Oficial FIA
south,Stephen,South,,,1952-02-19,British,http://en.wikipedia.org/wiki/Stephen_South,Base Oficial Ergast Motor Racing Database / Registro Oficial FIA
sparken,Mike,Sparken,,,1930-06-16,French,http://en.wikipedia.org/wiki/Mike_Sparken,Base Oficial Ergast Motor Racing Database / Registro Oficial FIA
speed,Scott,Speed,SPE,,1983-01-24,American,http://en.wikipedia.org/wiki/Scott_Speed,Base Oficial Ergast Motor Racing Database / Registro Oficial FIA
spence,Mike,Spence,,,1936-12-30,British,http://en.wikipedia.org/wiki/Mike_Spence,Base Oficial Ergast Motor Racing Database / Registro Oficial FIA
stacey,Alan,Stacey,,,1933-08-29,British,http://en.wikipedia.org/wiki/Alan_Stacey,Base Oficial Ergast Motor Racing Database / Registro Oficial FIA
starrabba,Gaetano,Starrabba,,,1932-12-03,Italian,http://en.wikipedia.org/wiki/Gaetano_Starrabba,Base Oficial Ergast Motor Racing Database / Registro Oficial FIA
stevens,Will,Stevens,STE,28.0,1991-06-28,British,http://en.wikipedia.org/wiki/Will_Stevens,Base Oficial Ergast Motor Racing Database / Registro Oficial FIA
stevenson,Chuck,Stevenson,,,1919-10-15,American,http://en.wikipedia.org/wiki/Chuck_Stevenson,Base Oficial Ergast Motor Racing Database / Registro Oficial FIA
stewart,Jackie,Stewart,,,1939-06-11,British,http://en.wikipedia.org/wiki/Jackie_Stewart,Base Oficial Ergast Motor Racing Database / Registro Oficial FIA
stohr,Siegfried,Stohr,,,1952-10-10,Italian,http://en.wikipedia.org/wiki/Siegfried_Stohr,Base Oficial Ergast Motor Racing Database / Registro Oficial FIA
stommelen,Rolf,Stommelen,,,1943-07-11,German,http://en.wikipedia.org/wiki/Rolf_Stommelen,Base Oficial Ergast Motor Racing Database / Registro Oficial FIA
streiff,Philippe,Streiff,,,1955-06-26,French,http://en.wikipedia.org/wiki/Philippe_Streiff,Base Oficial Ergast Motor Racing Database / Registro Oficial FIA
stroll,Lance,Stroll,STR,18.0,1998-10-29,Canadian,http://en.wikipedia.org/wiki/Lance_Stroll,Base Oficial Ergast Motor Racing Database / Registro Oficial FIA
stuck,Hans-Joachim,Stuck,,,1951-01-01,German,http://en.wikipedia.org/wiki/Hans_Joachim_Stuck,Base Oficial Ergast Motor Racing Database / Registro Oficial FIA
stuppacher,Otto,Stuppacher,,,1947-03-03,Austrian,http://en.wikipedia.org/wiki/Otto_Stuppacher,Base Oficial Ergast Motor Racing Database / Registro Oficial FIA
sullivan,Danny,Sullivan,,,1950-03-09,American,http://en.wikipedia.org/wiki/Danny_Sullivan,Base Oficial Ergast Motor Racing Database / Registro Oficial FIA
surer,Marc,Surer,,,1951-09-18,Swiss,http://en.wikipedia.org/wiki/Marc_Surer,Base Oficial Ergast Motor Racing Database / Registro Oficial FIA
surtees,John,Surtees,,,1934-02-11,British,http://en.wikipedia.org/wiki/John_Surtees,Base Oficial Ergast Motor Racing Database / Registro Oficial FIA
sutcliffe,Andy,Sutcliffe,,,1947-05-09,British,http://en.wikipedia.org/wiki/Andy_Sutcliffe,Base Oficial Ergast Motor Racing Database / Registro Oficial FIA
sutil,Adrian,Sutil,SUT,99.0,1983-01-11,German,http://en.wikipedia.org/wiki/Adrian_Sutil,Base Oficial Ergast Motor Racing Database / Registro Oficial FIA
sutton,Len,Sutton,,,1925-08-09,American,http://en.wikipedia.org/wiki/Len_Sutton,Base Oficial Ergast Motor Racing Database / Registro Oficial FIA
suzuki,Aguri,Suzuki,,,1960-09-08,Japanese,http://en.wikipedia.org/wiki/Aguri_Suzuki,Base Oficial Ergast Motor Racing Database / Registro Oficial FIA
swaters,Jacques,Swaters,,,1926-10-30,American,http://en.wikipedia.org/wiki/Jacques_Swaters,Base Oficial Ergast Motor Racing Database / Registro Oficial FIA
sweikert,Bob,Sweikert,,,1926-05-20,American,http://en.wikipedia.org/wiki/Bob_Sweikert,Base Oficial Ergast Motor Racing Database / Registro Oficial FIA
takagi,Toranosuke,Takagi,,,1974-02-12,Japanese,http://en.wikipedia.org/wiki/Toranosuke_Takagi,Base Oficial Ergast Motor Racing Database / Registro Oficial FIA
takahara,Noritake,Takahara,,,1951-06-06,Japanese,http://en.wikipedia.org/wiki/Noritake_Takahara,Base Oficial Ergast Motor Racing Database / Registro Oficial FIA
takahashi,Kunimitsu,Takahashi,,,1940-01-29,Japanese,http://en.wikipedia.org/wiki/Kunimitsu_Takahashi,Base Oficial Ergast Motor Racing Database / Registro Oficial FIA
tambay,Patrick,Tambay,,,1949-06-25,French,http://en.wikipedia.org/wiki/Patrick_Tambay,Base Oficial Ergast Motor Racing Database / Registro Oficial FIA
taramazzo,Luigi,Taramazzo,,,1932-05-05,Italian,http://en.wikipedia.org/wiki/Luigi_Taramazzo,Base Oficial Ergast Motor Racing Database / Registro Oficial FIA
tarquini,Gabriele,Tarquini,,,1962-03-02,Italian,http://en.wikipedia.org/wiki/Gabriele_Tarquini,Base Oficial Ergast Motor Racing Database / Registro Oficial FIA
taruffi,Piero,Taruffi,,,1906-10-12,Italian,http://en.wikipedia.org/wiki/Piero_Taruffi,Base Oficial Ergast Motor Racing Database / Registro Oficial FIA
taylor,John,Taylor,,,1933-03-23,British,http://en.wikipedia.org/wiki/John_Taylor_(racer),Base Oficial Ergast Motor Racing Database / Registro Oficial FIA
teague,Marshall,Teague,,,1921-02-22,American,http://en.wikipedia.org/wiki/Marshall_Teague_(racing_driver),Base Oficial Ergast Motor Racing Database / Registro Oficial FIA
templeman,Shorty,Templeman,,,1919-08-12,American,http://en.wikipedia.org/wiki/Shorty_Templeman,Base Oficial Ergast Motor Racing Database / Registro Oficial FIA
terra,Max,de Terra,,,1918-10-06,Swiss,http://en.wikipedia.org/wiki/Max_de_Terra,Base Oficial Ergast Motor Racing Database / Registro Oficial FIA
testut,Andre,Testut,,,1926-04-13,Monegasque,http://en.wikipedia.org/wiki/Andr%C3%A9_Testut,Base Oficial Ergast Motor Racing Database / Registro Oficial FIA
thackwell,Mike,Thackwell,,,1961-03-30,New Zealander,http://en.wikipedia.org/wiki/Mike_Thackwell,Base Oficial Ergast Motor Racing Database / Registro Oficial FIA
thiele,Alfonso,Thiele,,,1920-04-05,American-Italian,http://en.wikipedia.org/wiki/Alfonso_Thiele,Base Oficial Ergast Motor Racing Database / Registro Oficial FIA
thompson,Eric,Thompson,,,1919-11-04,British,http://en.wikipedia.org/wiki/Eric_Thompson_(racing_driver),Base Oficial Ergast Motor Racing Database / Registro Oficial FIA
thomson,Johnny,Thomson,,,1922-04-09,American,http://en.wikipedia.org/wiki/Johnny_Thomson,Base Oficial Ergast Motor Racing Database / Registro Oficial FIA
thorne,Leslie,Thorne,,,1916-06-23,British,http://en.wikipedia.org/wiki/Leslie_Thorne,Base Oficial Ergast Motor Racing Database / Registro Oficial FIA
tingelstad,Bud,Tingelstad,,,1928-04-04,American,http://en.wikipedia.org/wiki/Bud_Tingelstad,Base Oficial Ergast Motor Racing Database / Registro Oficial FIA
tingle,Sam,Tingle,,,1921-08-24,Rhodesian,http://en.wikipedia.org/wiki/Sam_Tingle,Base Oficial Ergast Motor Racing Database / Registro Oficial FIA
titterington,Desmond,Titterington,,,1928-05-01,British,http://en.wikipedia.org/wiki/Desmond_Titterington,Base Oficial Ergast Motor Racing Database / Registro Oficial FIA
tolan,Johnnie,Tolan,,,1917-10-22,American,http://en.wikipedia.org/wiki/Johnnie_Tolan,Base Oficial Ergast Motor Racing Database / Registro Oficial FIA
tom_jones,Tom,Jones,,,1943-04-26,American,http://en.wikipedia.org/wiki/Tom_Jones_(auto_racer),Base Oficial Ergast Motor Racing Database / Registro Oficial FIA
tomaso,Alessandro,de Tomaso,,,1928-07-10,Argentine-Italian,http://en.wikipedia.org/wiki/Alessandro_de_Tomaso,Base Oficial Ergast Motor Racing Database / Registro Oficial FIA
tornaco,Charles,de Tornaco,,,1927-06-07,Belgian,http://en.wikipedia.org/wiki/Charles_de_Tornaco,Base Oficial Ergast Motor Racing Database / Registro Oficial FIA
toshio_suzuki,Toshio,Suzuki,,,1955-03-10,Japanese,http://en.wikipedia.org/wiki/Toshio_Suzuki_(driver),Base Oficial Ergast Motor Racing Database / Registro Oficial FIA
trevor_taylor,Trevor,Taylor,,,1936-12-26,British,http://en.wikipedia.org/wiki/Trevor_Taylor,Base Oficial Ergast Motor Racing Database / Registro Oficial FIA
trimmer,Tony,Trimmer,,,1943-01-24,British,http://en.wikipedia.org/wiki/Tony_Trimmer,Base Oficial Ergast Motor Racing Database / Registro Oficial FIA
trintignant,Maurice,Trintignant,,,1917-10-30,French,http://en.wikipedia.org/wiki/Maurice_Trintignant,Base Oficial Ergast Motor Racing Database / Registro Oficial FIA
trips,Wolfgang,von Trips,,,1928-05-04,German,http://en.wikipedia.org/wiki/Wolfgang_Graf_Berghe_von_Trips,Base Oficial Ergast Motor Racing Database / Registro Oficial FIA
trulli,Jarno,Trulli,TRU,,1974-07-13,Italian,http://en.wikipedia.org/wiki/Jarno_Trulli,Base Oficial Ergast Motor Racing Database / Registro Oficial FIA
tsunoda,Yuki,Tsunoda,TSU,22.0,2000-05-11,Japanese,http://en.wikipedia.org/wiki/Yuki_Tsunoda,Base Oficial Ergast Motor Racing Database / Registro Oficial FIA
tuero,Esteban,Tuero,,,1978-04-22,Argentine,http://en.wikipedia.org/wiki/Esteban_Tuero,Base Oficial Ergast Motor Racing Database / Registro Oficial FIA
tunmer,Guy,Tunmer,,,1948-12-01,South African,http://en.wikipedia.org/wiki/Guy_Tunmer,Base Oficial Ergast Motor Racing Database / Registro Oficial FIA
turner,Jack,Turner,,,1920-02-12,American,http://en.wikipedia.org/wiki/Jack_Turner_(driver),Base Oficial Ergast Motor Racing Database / Registro Oficial FIA
ulmen,Toni,Ulmen,,,1906-01-25,German,http://en.wikipedia.org/wiki/Toni_Ulmen,Base Oficial Ergast Motor Racing Database / Registro Oficial FIA
unser,Bobby,Unser,,,1934-02-20,American,http://en.wikipedia.org/wiki/Bobby_Unser,Base Oficial Ergast Motor Racing Database / Registro Oficial FIA
uria,Alberto,Uria,,,1924-07-11,Uruguayan,http://en.wikipedia.org/wiki/Alberto_Uria,Base Oficial Ergast Motor Racing Database / Registro Oficial FIA
vaccarella,Nino,Vaccarella,,,1933-03-04,Italian,http://en.wikipedia.org/wiki/Nino_Vaccarella,Base Oficial Ergast Motor Racing Database / Registro Oficial FIA
vandoorne,Stoffel,Vandoorne,VAN,2.0,1992-03-26,Belgian,http://en.wikipedia.org/wiki/Stoffel_Vandoorne,Base Oficial Ergast Motor Racing Database / Registro Oficial FIA
veith,Bob,Veith,,,1926-11-01,American,http://en.wikipedia.org/wiki/Bob_Veith,Base Oficial Ergast Motor Racing Database / Registro Oficial FIA
vergne,Jean-Eric,Vergne,VER,25.0,1990-04-25,French,http://en.wikipedia.org/wiki/Jean-%C3%89ric_Vergne,Base Oficial Ergast Motor Racing Database / Registro Oficial FIA
verstappen,Jos,Verstappen,,,1972-03-04,Dutch,http://en.wikipedia.org/wiki/Jos_Verstappen,Base Oficial Ergast Motor Racing Database / Registro Oficial FIA
vettel,Sebastian,Vettel,VET,5.0,1987-07-03,German,http://en.wikipedia.org/wiki/Sebastian_Vettel,Base Oficial Ergast Motor Racing Database / Registro Oficial FIA
vic_wilson,Vic,Wilson,,,1931-04-14,British,http://en.wikipedia.org/wiki/Vic_Wilson_(motor_racing_driver),Base Oficial Ergast Motor Racing Database / Registro Oficial FIA
villeneuve,Jacques,Villeneuve,VIL,,1971-04-09,Canadian,http://en.wikipedia.org/wiki/Jacques_Villeneuve,Base Oficial Ergast Motor Racing Database / Registro Oficial FIA
villeneuve_sr,Jacques,Villeneuve Sr.,,,1953-11-04,Canadian,http://en.wikipedia.org/wiki/Jacques_Villeneuve_(elder),Base Oficial Ergast Motor Racing Database / Registro Oficial FIA
villoresi,Luigi,Villoresi,,,1909-05-16,Italian,http://en.wikipedia.org/wiki/Luigi_Villoresi,Base Oficial Ergast Motor Racing Database / Registro Oficial FIA
villota,Emilio,de Villota,,,1946-07-26,Spanish,http://en.wikipedia.org/wiki/Emilio_de_Villota,Base Oficial Ergast Motor Racing Database / Registro Oficial FIA
volonterio,Ottorino,Volonterio,,,1917-12-07,Swiss,http://en.wikipedia.org/wiki/Ottorino_Volonterio,Base Oficial Ergast Motor Racing Database / Registro Oficial FIA
vonlanthen,Jo,Vonlanthen,,,1942-05-31,Swiss,http://en.wikipedia.org/wiki/Jo_Vonlanthen,Base Oficial Ergast Motor Racing Database / Registro Oficial FIA
vos,Ernie,de Vos,,,1941-07-01,Dutch,http://en.wikipedia.org/wiki/Ernie_de_Vos,Base Oficial Ergast Motor Racing Database / Registro Oficial FIA
vukovich,Bill,Vukovich,,,1918-12-13,American,http://en.wikipedia.org/wiki/Bill_Vukovich,Base Oficial Ergast Motor Racing Database / Registro Oficial FIA
vyver,Syd,van der Vyver,,,1920-06-01,South African,http://en.wikipedia.org/wiki/Syd_van_der_Vyver,Base Oficial Ergast Motor Racing Database / Registro Oficial FIA
wacker,Fred,Wacker,,,1918-07-10,American,http://en.wikipedia.org/wiki/Fred_Wacker,Base Oficial Ergast Motor Racing Database / Registro Oficial FIA
walker,David,Walker,,,1941-06-10,Australian,http://en.wikipedia.org/wiki/David_Walker_(racing_driver),Base Oficial Ergast Motor Racing Database / Registro Oficial FIA
wallard,Lee,Wallard,,,1910-09-07,American,http://en.wikipedia.org/wiki/Lee_Wallard,Base Oficial Ergast Motor Racing Database / Registro Oficial FIA
walt_brown,Walt,Brown,,,1911-12-30,American,http://en.wikipedia.org/wiki/Walt_Brown_(auto_racer),Base Oficial Ergast Motor Racing Database / Registro Oficial FIA
walter,Heini,Walter,,,1927-07-28,Swiss,http://en.wikipedia.org/wiki/Heini_Walter,Base Oficial Ergast Motor Racing Database / Registro Oficial FIA
ward,Rodger,Ward,,,1921-01-10,American,http://en.wikipedia.org/wiki/Rodger_Ward,Base Oficial Ergast Motor Racing Database / Registro Oficial FIA
warwick,Derek,Warwick,,,1954-08-27,British,http://en.wikipedia.org/wiki/Derek_Warwick,Base Oficial Ergast Motor Racing Database / Registro Oficial FIA
watson,John,Watson,,,1946-05-04,British,http://en.wikipedia.org/wiki/John_Watson_(racing_driver),Base Oficial Ergast Motor Racing Database / Registro Oficial FIA
webb,Travis,Webb,,,1910-10-08,American,http://en.wikipedia.org/wiki/Travis_Webb,Base Oficial Ergast Motor Racing Database / Registro Oficial FIA
webber,Mark,Webber,WEB,,1976-08-27,Australian,http://en.wikipedia.org/wiki/Mark_Webber_(racing_driver),Base Oficial Ergast Motor Racing Database / Registro Oficial FIA
wehrlein,Pascal,Wehrlein,WEH,94.0,1994-10-18,German,http://en.wikipedia.org/wiki/Pascal_Wehrlein,Base Oficial Ergast Motor Racing Database / Registro Oficial FIA
weidler,Volker,Weidler,,,1962-03-18,German,http://en.wikipedia.org/wiki/Volker_Weidler,Base Oficial Ergast Motor Racing Database / Registro Oficial FIA
weiler,Wayne,Weiler,,,1934-12-09,American,http://en.wikipedia.org/wiki/Wayne_Weiler,Base Oficial Ergast Motor Racing Database / Registro Oficial FIA
wendlinger,Karl,Wendlinger,,,1968-12-20,Austrian,http://en.wikipedia.org/wiki/Karl_Wendlinger,Base Oficial Ergast Motor Racing Database / Registro Oficial FIA
westbury,Peter,Westbury,,,1938-05-26,British,http://en.wikipedia.org/wiki/Peter_Westbury,Base Oficial Ergast Motor Racing Database / Registro Oficial FIA
weyant,Chuck,Weyant,,,1923-04-03,American,http://en.wikipedia.org/wiki/Chuck_Weyant,Base Oficial Ergast Motor Racing Database / Registro Oficial FIA
wharton,Ken,Wharton,,,1916-03-21,British,http://en.wikipedia.org/wiki/Ken_Wharton,Base Oficial Ergast Motor Racing Database / Registro Oficial FIA
whiteaway,Ted,Whiteaway,,,1928-11-01,British,http://en.wikipedia.org/wiki/Ted_Whiteaway,Base Oficial Ergast Motor Racing Database / Registro Oficial FIA
whitehead,Peter,Whitehead,,,1914-11-12,British,http://en.wikipedia.org/wiki/Peter_Whitehead_(racing_driver),Base Oficial Ergast Motor Racing Database / Registro Oficial FIA
whitehouse,Bill,Whitehouse,,,1909-04-01,British,http://en.wikipedia.org/wiki/Bill_Whitehouse,Base Oficial Ergast Motor Racing Database / Registro Oficial FIA
widdows,Robin,Widdows,,,1942-05-27,British,http://en.wikipedia.org/wiki/Robin_Widdows,Base Oficial Ergast Motor Racing Database / Registro Oficial FIA
wietzes,Eppie,Wietzes,,,1938-05-28,Canadian,http://en.wikipedia.org/wiki/Eppie_Wietzes,Base Oficial Ergast Motor Racing Database / Registro Oficial FIA
wilds,Mike,Wilds,,,1946-01-07,British,http://en.wikipedia.org/wiki/Mike_Wilds,Base Oficial Ergast Motor Racing Database / Registro Oficial FIA
williams,Jonathan,Williams,,,1942-10-26,British,http://en.wikipedia.org/wiki/Jonathan_Williams_(racing_driver),Base Oficial Ergast Motor Racing Database / Registro Oficial FIA
williamson,Roger,Williamson,,,1948-02-02,British,http://en.wikipedia.org/wiki/Roger_Williamson,Base Oficial Ergast Motor Racing Database / Registro Oficial FIA
wilson,Justin,Wilson,,,1978-07-31,British,http://en.wikipedia.org/wiki/Justin_Wilson_(racing_driver),Base Oficial Ergast Motor Racing Database / Registro Oficial FIA
wilson_fittipaldi,Wilson,Fittipaldi,,,1943-12-25,Brazilian,http://en.wikipedia.org/wiki/Wilson_Fittipaldi,Base Oficial Ergast Motor Racing Database / Registro Oficial FIA
wisell,Reine,Wisell,,,1941-09-30,Swedish,http://en.wikipedia.org/wiki/Reine_Wisell,Base Oficial Ergast Motor Racing Database / Registro Oficial FIA
wunderink,Roelof,Wunderink,,,1948-12-12,Dutch,http://en.wikipedia.org/wiki/Roelof_Wunderink,Base Oficial Ergast Motor Racing Database / Registro Oficial FIA
wurz,Alexander,Wurz,WUR,,1974-02-15,Austrian,http://en.wikipedia.org/wiki/Alexander_Wurz,Base Oficial Ergast Motor Racing Database / Registro Oficial FIA
yamamoto,Sakon,Yamamoto,YAM,,1982-07-09,Japanese,http://en.wikipedia.org/wiki/Sakon_Yamamoto,Base Oficial Ergast Motor Racing Database / Registro Oficial FIA
yoong,Alex,Yoong,,,1976-07-20,Malaysian,http://en.wikipedia.org/wiki/Alex_Yoong,Base Oficial Ergast Motor Racing Database / Registro Oficial FIA
zanardi,Alessandro,Zanardi,,,1966-10-23,Italian,http://en.wikipedia.org/wiki/Alex_Zanardi,Base Oficial Ergast Motor Racing Database / Registro Oficial FIA
zapico,Emilio,Zapico,,,1944-05-27,Spanish,http://en.wikipedia.org/wiki/Emilio_Zapico,Base Oficial Ergast Motor Racing Database / Registro Oficial FIA
zhou,Guanyu,Zhou,ZHO,24.0,1999-05-30,Chinese,http://en.wikipedia.org/wiki/Zhou_Guanyu,Base Oficial Ergast Motor Racing Database / Registro Oficial FIA
zonta,Ricardo,Zonta,ZON,,1976-03-23,Brazilian,http://en.wikipedia.org/wiki/Ricardo_Zonta,Base Oficial Ergast Motor Racing Database / Registro Oficial FIA
zorzi,Renzo,Zorzi,,,1946-12-12,Italian,http://en.wikipedia.org/wiki/Renzo_Zorzi,Base Oficial Ergast Motor Racing Database / Registro Oficial FIA
zunino,Ricardo,Zunino,,,1949-04-13,Argentine,http://en.wikipedia.org/wiki/Ricardo_Zunino,Base Oficial Ergast Motor Racing Database / Registro Oficial FIA
