temporada,ronda,id_piloto,numero_parada,vuelta_parada,hora_parada,duracion_parada_seg,fuente
2018,1,alonso,1,26,16:53:09,22.573,Base Oficial Ergast Motor Racing Database / FIA Timing Sheets
2018,1,bottas,1,25,16:51:21,21.664,Base Oficial Ergast Motor Racing Database / FIA Timing Sheets
2018,1,brendon_hartley,1,1,16:15:04,22.213,Base Oficial Ergast Motor Racing Database / FIA Timing Sheets
2018,1,brendon_hartley,2,22,16:47:37,22.296,Base Oficial Ergast Motor Racing Database / FIA Timing Sheets
2018,1,grosjean,1,24,16:49:31,23.054,Base Oficial Ergast Motor Racing Database / FIA Timing Sheets
2018,1,hamilton,1,19,16:41:30,21.821,Base Oficial Ergast Motor Racing Database / FIA Timing Sheets
2018,1,hulkenberg,1,24,16:49:35,22.628,Base Oficial Ergast Motor Racing Database / FIA Timing Sheets
2018,1,kevin_magnussen,1,22,16:46:31,21.983,Base Oficial Ergast Motor Racing Database / FIA Timing Sheets
2018,1,leclerc,1,20,16:44:03,22.242,Base Oficial Ergast Motor Racing Database / FIA Timing Sheets
2018,1,leclerc,2,27,16:56:25,22.836,Base Oficial Ergast Motor Racing Database / FIA Timing Sheets
2018,1,max_verstappen,1,21,16:45:06,20.953,Base Oficial Ergast Motor Racing Database / FIA Timing Sheets
2018,1,ocon,1,23,16:48:25,21.854,Base Oficial Ergast Motor Racing Database / FIA Timing Sheets
2018,1,perez,1,24,16:49:51,22.327,Base Oficial Ergast Motor Racing Database / FIA Timing Sheets
2018,1,raikkonen,1,18,16:40:07,21.421,Base Oficial Ergast Motor Racing Database / FIA Timing Sheets
2018,1,ricciardo,1,26,16:52:59,21.44,Base Oficial Ergast Motor Racing Database / FIA Timing Sheets
2018,1,sainz,1,22,16:46:46,23.868,Base Oficial Ergast Motor Racing Database / FIA Timing Sheets
2018,1,stroll,1,25,16:51:46,25.504,Base Oficial Ergast Motor Racing Database / FIA Timing Sheets
2018,1,stroll,2,29,16:59:57,21.397,Base Oficial Ergast Motor Racing Database / FIA Timing Sheets
2018,1,vandoorne,1,25,16:51:17,22.474,Base Oficial Ergast Motor Racing Database / FIA Timing Sheets
2018,1,vettel,1,26,16:52:19,21.787,Base Oficial Ergast Motor Racing Database / FIA Timing Sheets
2018,2,alonso,1,14,18:37:30,24.993,Base Oficial Ergast Motor Racing Database / FIA Timing Sheets
2018,2,alonso,2,39,19:18:09,24.581,Base Oficial Ergast Motor Racing Database / FIA Timing Sheets
2018,2,bottas,1,20,18:46:40,26.105,Base Oficial Ergast Motor Racing Database / FIA Timing Sheets
2018,2,brendon_hartley,1,20,18:47:23,36.646,Base Oficial Ergast Motor Racing Database / FIA Timing Sheets
2018,2,brendon_hartley,2,42,19:23:28,24.953,Base Oficial Ergast Motor Racing Database / FIA Timing Sheets
2018,2,ericsson,1,23,18:52:22,25.194,Base Oficial Ergast Motor Racing Database / FIA Timing Sheets
2018,2,gasly,1,15,18:38:59,24.835,Base Oficial Ergast Motor Racing Database / FIA Timing Sheets
2018,2,gasly,2,34,19:09:50,24.957,Base Oficial Ergast Motor Racing Database / FIA Timing Sheets
2018,2,grosjean,1,18,18:44:11,25.011,Base Oficial Ergast Motor Racing Database / FIA Timing Sheets
2018,2,grosjean,2,30,19:03:55,25.527,Base Oficial Ergast Motor Racing Database / FIA Timing Sheets
2018,2,grosjean,3,45,19:28:25,26.263,Base Oficial Ergast Motor Racing Database / FIA Timing Sheets
2018,2,hamilton,1,26,18:56:29,24.302,Base Oficial Ergast Motor Racing Database / FIA Timing Sheets
2018,2,hulkenberg,1,15,18:39:05,24.454,Base Oficial Ergast Motor Racing Database / FIA Timing Sheets
2018,2,hulkenberg,2,39,19:18:06,24.382,Base Oficial Ergast Motor Racing Database / FIA Timing Sheets
2018,2,kevin_magnussen,1,13,18:35:49,25.106,Base Oficial Ergast Motor Racing Database / FIA Timing Sheets
2018,2,kevin_magnussen,2,27,18:58:45,24.629,Base Oficial Ergast Motor Racing Database / FIA Timing Sheets
2018,2,leclerc,1,3,18:19:24,25.563,Base Oficial Ergast Motor Racing Database / FIA Timing Sheets
2018,2,leclerc,2,34,19:10:46,25.139,Base Oficial Ergast Motor Racing Database / FIA Timing Sheets
2018,2,max_verstappen,1,2,18:18:14,30.381,Base Oficial Ergast Motor Racing Database / FIA Timing Sheets
2018,2,ocon,1,15,18:39:12,24.719,Base Oficial Ergast Motor Racing Database / FIA Timing Sheets
2018,2,ocon,2,35,19:12:01,24.596,Base Oficial Ergast Motor Racing Database / FIA Timing Sheets
2018,2,perez,1,9,18:29:30,24.992,Base Oficial Ergast Motor Racing Database / FIA Timing Sheets
2018,2,perez,2,32,19:07:17,24.677,Base Oficial Ergast Motor Racing Database / FIA Timing Sheets
2018,2,raikkonen,1,19,18:45:09,25.018,Base Oficial Ergast Motor Racing Database / FIA Timing Sheets
2018,2,sainz,1,16,18:40:52,25.768,Base Oficial Ergast Motor Racing Database / FIA Timing Sheets
2018,2,sainz,2,26,18:57:29,25.307,Base Oficial Ergast Motor Racing Database / FIA Timing Sheets
2018,2,sirotkin,1,22,18:51:05,24.672,Base Oficial Ergast Motor Racing Database / FIA Timing Sheets
2018,2,sirotkin,2,40,19:20:39,25.693,Base Oficial Ergast Motor Racing Database / FIA Timing Sheets
2018,2,stroll,1,10,18:31:12,33.612,Base Oficial Ergast Motor Racing Database / FIA Timing Sheets
2018,2,stroll,2,30,19:04:24,24.638,Base Oficial Ergast Motor Racing Database / FIA Timing Sheets
2018,2,vandoorne,1,10,18:31:05,25.081,Base Oficial Ergast Motor Racing Database / FIA Timing Sheets
2018,2,vandoorne,2,28,19:00:38,25.131,Base Oficial Ergast Motor Racing Database / FIA Timing Sheets
2018,2,vettel,1,18,18:43:25,24.524,Base Oficial Ergast Motor Racing Database / FIA Timing Sheets
2018,3,alonso,1,29,15:02:24,24.11,Base Oficial Ergast Motor Racing Database / FIA Timing Sheets
2018,3,bottas,1,19,14:45:02,22.097,Base Oficial Ergast Motor Racing Database / FIA Timing Sheets
2018,3,brendon_hartley,1,10,14:30:52,23.172,Base Oficial Ergast Motor Racing Database / FIA Timing Sheets
2018,3,brendon_hartley,2,30,15:05:08,24.07,Base Oficial Ergast Motor Racing Database / FIA Timing Sheets
2018,3,ericsson,1,29,15:03:02,22.785,Base Oficial Ergast Motor Racing Database / FIA Timing Sheets
2018,3,gasly,1,20,14:47:48,23.95,Base Oficial Ergast Motor Racing Database / FIA Timing Sheets
2018,3,gasly,2,31,15:07:01,34.65,Base Oficial Ergast Motor Racing Database / FIA Timing Sheets
2018,3,grosjean,1,16,14:40:41,22.981,Base Oficial Ergast Motor Racing Database / FIA Timing Sheets
2018,3,grosjean,2,46,15:33:38,23.735,Base Oficial Ergast Motor Racing Database / FIA Timing Sheets
2018,3,hamilton,1,18,14:43:33,22.464,Base Oficial Ergast Motor Racing Database / FIA Timing Sheets
2018,3,hulkenberg,1,13,14:35:30,23.654,Base Oficial Ergast Motor Racing Database / FIA Timing Sheets
2018,3,hulkenberg,2,31,15:06:04,23.297,Base Oficial Ergast Motor Racing Database / FIA Timing Sheets
2018,3,kevin_magnussen,1,24,14:53:57,22.973,Base Oficial Ergast Motor Racing Database / FIA Timing Sheets
2018,3,leclerc,1,21,14:49:28,23.392,Base Oficial Ergast Motor Racing Database / FIA Timing Sheets
2018,3,max_verstappen,1,17,14:41:50,22.715,Base Oficial Ergast Motor Racing Database / FIA Timing Sheets
2018,3,max_verstappen,2,31,15:05:06,22.596,Base Oficial Ergast Motor Racing Database / FIA Timing Sheets
2018,3,ocon,1,11,14:32:18,23.281,Base Oficial Ergast Motor Racing Database / FIA Timing Sheets
2018,3,ocon,2,31,15:06:24,22.637,Base Oficial Ergast Motor Racing Database / FIA Timing Sheets
2018,3,perez,1,12,14:34:05,22.856,Base Oficial Ergast Motor Racing Database / FIA Timing Sheets
2018,3,perez,2,32,15:08:44,22.334,Base Oficial Ergast Motor Racing Database / FIA Timing Sheets
2018,3,raikkonen,1,27,14:58:28,22.913,Base Oficial Ergast Motor Racing Database / FIA Timing Sheets
2018,3,ricciardo,1,17,14:41:56,23.042,Base Oficial Ergast Motor Racing Database / FIA Timing Sheets
2018,3,ricciardo,2,31,15:05:15,22.691,Base Oficial Ergast Motor Racing Database / FIA Timing Sheets
2018,3,sainz,1,12,14:33:53,23.935,Base Oficial Ergast Motor Racing Database / FIA Timing Sheets
2018,3,sainz,2,31,15:06:18,23.117,Base Oficial Ergast Motor Racing Database / FIA Timing Sheets
2018,3,sirotkin,1,28,15:01:08,23.716,Base Oficial Ergast Motor Racing Database / FIA Timing Sheets
2018,3,sirotkin,2,33,15:11:07,22.723,Base Oficial Ergast Motor Racing Database / FIA Timing Sheets
2018,3,stroll,1,23,14:52:34,22.661,Base Oficial Ergast Motor Racing Database / FIA Timing Sheets
2018,3,vandoorne,1,22,14:50:55,23.73,Base Oficial Ergast Motor Racing Database / FIA Timing Sheets
2018,3,vettel,1,20,14:46:38,23.009,Base Oficial Ergast Motor Racing Database / FIA Timing Sheets
2018,4,alonso,1,1,16:16:58,56.71,Base Oficial Ergast Motor Racing Database / FIA Timing Sheets
2018,4,alonso,2,40,17:32:15,21.371,Base Oficial Ergast Motor Racing Database / FIA Timing Sheets
2018,4,bottas,1,40,17:30:08,20.192,Base Oficial Ergast Motor Racing Database / FIA Timing Sheets
2018,4,brendon_hartley,1,1,16:16:35,21.376,Base Oficial Ergast Motor Racing Database / FIA Timing Sheets
2018,4,brendon_hartley,2,22,16:59:24,20.809,Base Oficial Ergast Motor Racing Database / FIA Timing Sheets
2018,4,brendon_hartley,3,39,17:31:04,21.072,Base Oficial Ergast Motor Racing Database / FIA Timing Sheets
2018,4,ericsson,1,1,16:17:16,44.107,Base Oficial Ergast Motor Racing Database / FIA Timing Sheets
2018,4,ericsson,2,18,16:52:18,25.378,Base Oficial Ergast Motor Racing Database / FIA Timing Sheets
2018,4,ericsson,3,36,17:25:51,32.629,Base Oficial Ergast Motor Racing Database / FIA Timing Sheets
2018,4,ericsson,4,39,17:32:40,14.998,Base Oficial Ergast Motor Racing Database / FIA Timing Sheets
2018,4,gasly,1,12,16:40:48,20.782,Base Oficial Ergast Motor Racing Database / FIA Timing Sheets
2018,4,gasly,2,39,17:30:54,21.287,Base Oficial Ergast Motor Racing Database / FIA Timing Sheets
2018,4,grosjean,1,2,16:19:32,21.725,Base Oficial Ergast Motor Racing Database / FIA Timing Sheets
2018,4,grosjean,2,40,17:31:39,22.757,Base Oficial Ergast Motor Racing Database / FIA Timing Sheets
2018,4,hamilton,1,22,16:58:07,20.377,Base Oficial Ergast Motor Racing Database / FIA Timing Sheets
2018,4,hamilton,2,40,17:30:37,21.329,Base Oficial Ergast Motor Racing Database / FIA Timing Sheets
2018,4,kevin_magnussen,1,1,16:17:11,35.608,Base Oficial Ergast Motor Racing Database / FIA Timing Sheets
2018,4,kevin_magnussen,2,39,17:30:36,21.778,Base Oficial Ergast Motor Racing Database / FIA Timing Sheets
2018,4,leclerc,1,24,17:02:20,21.058,Base Oficial Ergast Motor Racing Database / FIA Timing Sheets
2018,4,leclerc,2,40,17:32:00,22.03,Base Oficial Ergast Motor Racing Database / FIA Timing Sheets
2018,4,max_verstappen,1,38,17:26:56,19.765,Base Oficial Ergast Motor Racing Database / FIA Timing Sheets
2018,4,perez,1,2,16:19:26,28.109,Base Oficial Ergast Motor Racing Database / FIA Timing Sheets
2018,4,perez,2,40,17:31:34,26.174,Base Oficial Ergast Motor Racing Database / FIA Timing Sheets
2018,4,raikkonen,1,1,16:16:15,30.012,Base Oficial Ergast Motor Racing Database / FIA Timing Sheets
2018,4,raikkonen,2,40,17:31:21,21.149,Base Oficial Ergast Motor Racing Database / FIA Timing Sheets
2018,4,ricciardo,1,37,17:25:09,19.925,Base Oficial Ergast Motor Racing Database / FIA Timing Sheets
2018,4,sainz,1,15,16:46:02,21.516,Base Oficial Ergast Motor Racing Database / FIA Timing Sheets
2018,4,sainz,2,40,17:31:48,20.967,Base Oficial Ergast Motor Racing Database / FIA Timing Sheets
2018,4,stroll,1,23,17:00:38,19.737,Base Oficial Ergast Motor Racing Database / FIA Timing Sheets
2018,4,stroll,2,40,17:32:03,21.236,Base Oficial Ergast Motor Racing Database / FIA Timing Sheets
2018,4,vandoorne,1,17,16:49:58,21.103,Base Oficial Ergast Motor Racing Database / FIA Timing Sheets
2018,4,vandoorne,2,25,17:05:01,20.887,Base Oficial Ergast Motor Racing Database / FIA Timing Sheets
2018,4,vandoorne,3,39,17:31:27,20.76,Base Oficial Ergast Motor Racing Database / FIA Timing Sheets
2018,4,vandoorne,4,46,17:47:50,20.978,Base Oficial Ergast Motor Racing Database / FIA Timing Sheets
2018,4,vettel,1,30,17:12:13,20.037,Base Oficial Ergast Motor Racing Database / FIA Timing Sheets
2018,4,vettel,2,40,17:30:26,20.823,Base Oficial Ergast Motor Racing Database / FIA Timing Sheets
2018,5,alonso,1,21,15:47:34,21.721,Base Oficial Ergast Motor Racing Database / FIA Timing Sheets
2018,5,bottas,1,19,15:44:12,23.213,Base Oficial Ergast Motor Racing Database / FIA Timing Sheets
2018,5,brendon_hartley,1,1,15:15:19,22.631,Base Oficial Ergast Motor Racing Database / FIA Timing Sheets
2018,5,brendon_hartley,2,33,16:04:40,22.472,Base Oficial Ergast Motor Racing Database / FIA Timing Sheets
2018,5,ericsson,1,35,16:07:20,22.1,Base Oficial Ergast Motor Racing Database / FIA Timing Sheets
2018,5,hamilton,1,25,15:52:11,22.085,Base Oficial Ergast Motor Racing Database / FIA Timing Sheets
2018,5,kevin_magnussen,1,32,16:02:35,22.917,Base Oficial Ergast Motor Racing Database / FIA Timing Sheets
2018,5,leclerc,1,20,15:46:09,21.995,Base Oficial Ergast Motor Racing Database / FIA Timing Sheets
2018,5,max_verstappen,1,34,16:04:41,21.74,Base Oficial Ergast Motor Racing Database / FIA Timing Sheets
2018,5,ocon,1,29,15:58:45,47.91,Base Oficial Ergast Motor Racing Database / FIA Timing Sheets
2018,5,perez,1,26,15:54:45,22.438,Base Oficial Ergast Motor Racing Database / FIA Timing Sheets
2018,5,perez,2,40,16:14:56,22.242,Base Oficial Ergast Motor Racing Database / FIA Timing Sheets
2018,5,ricciardo,1,33,16:03:28,21.618,Base Oficial Ergast Motor Racing Database / FIA Timing Sheets
2018,5,sainz,1,25,15:53:03,22.409,Base Oficial Ergast Motor Racing Database / FIA Timing Sheets
2018,5,sirotkin,1,1,15:15:23,22.049,Base Oficial Ergast Motor Racing Database / FIA Timing Sheets
2018,5,sirotkin,2,24,15:52:02,22.034,Base Oficial Ergast Motor Racing Database / FIA Timing Sheets
2018,5,sirotkin,3,41,16:17:36,23.865,Base Oficial Ergast Motor Racing Database / FIA Timing Sheets
2018,5,stroll,1,20,15:46:18,21.351,Base Oficial Ergast Motor Racing Database / FIA Timing Sheets
2018,5,vandoorne,1,34,16:05:53,27.416,Base Oficial Ergast Motor Racing Database / FIA Timing Sheets
2018,5,vettel,1,17,15:41:29,22.054,Base Oficial Ergast Motor Racing Database / FIA Timing Sheets
2018,5,vettel,2,41,16:14:52,24.273,Base Oficial Ergast Motor Racing Database / FIA Timing Sheets
2018,6,alonso,1,19,15:37:54,24.241,Base Oficial Ergast Motor Racing Database / FIA Timing Sheets
2018,6,bottas,1,17,15:35:01,24.02,Base Oficial Ergast Motor Racing Database / FIA Timing Sheets
2018,6,brendon_hartley,1,13,15:30:14,24.326,Base Oficial Ergast Motor Racing Database / FIA Timing Sheets
2018,6,ericsson,1,17,15:35:35,24.291,Base Oficial Ergast Motor Racing Database / FIA Timing Sheets
2018,6,gasly,1,37,16:01:40,24.296,Base Oficial Ergast Motor Racing Database / FIA Timing Sheets
2018,6,grosjean,1,15,15:33:04,24.741,Base Oficial Ergast Motor Racing Database / FIA Timing Sheets
2018,6,grosjean,2,68,16:43:24,24.568,Base Oficial Ergast Motor Racing Database / FIA Timing Sheets
2018,6,hamilton,1,12,15:28:19,23.739,Base Oficial Ergast Motor Racing Database / FIA Timing Sheets
2018,6,hulkenberg,1,50,16:18:53,25.213,Base Oficial Ergast Motor Racing Database / FIA Timing Sheets
2018,6,kevin_magnussen,1,17,15:35:35,24.237,Base Oficial Ergast Motor Racing Database / FIA Timing Sheets
2018,6,leclerc,1,14,15:31:32,23.87,Base Oficial Ergast Motor Racing Database / FIA Timing Sheets
2018,6,max_verstappen,1,47,16:15:05,24.111,Base Oficial Ergast Motor Racing Database / FIA Timing Sheets
2018,6,ocon,1,23,15:43:06,24.663,Base Oficial Ergast Motor Racing Database / FIA Timing Sheets
2018,6,perez,1,21,15:40:40,29.379,Base Oficial Ergast Motor Racing Database / FIA Timing Sheets
2018,6,raikkonen,1,17,15:34:47,24.263,Base Oficial Ergast Motor Racing Database / FIA Timing Sheets
2018,6,ricciardo,1,17,15:34:32,24.542,Base Oficial Ergast Motor Racing Database / FIA Timing Sheets
2018,6,sainz,1,16,15:34:04,24.874,Base Oficial Ergast Motor Racing Database / FIA Timing Sheets
2018,6,sirotkin,1,7,15:22:13,31.81,Base Oficial Ergast Motor Racing Database / FIA Timing Sheets
2018,6,sirotkin,2,19,15:38:41,25.17,Base Oficial Ergast Motor Racing Database / FIA Timing Sheets
2018,6,sirotkin,3,49,16:18:49,25.563,Base Oficial Ergast Motor Racing Database / FIA Timing Sheets
2018,6,stroll,1,9,15:25:39,33.887,Base Oficial Ergast Motor Racing Database / FIA Timing Sheets
2018,6,stroll,2,34,15:59:55,31.104,Base Oficial Ergast Motor Racing Database / FIA Timing Sheets
2018,6,stroll,3,59,16:33:18,24.852,Base Oficial Ergast Motor Racing Database / FIA Timing Sheets
2018,6,vandoorne,1,20,15:39:35,26.817,Base Oficial Ergast Motor Racing Database / FIA Timing Sheets
2018,6,vandoorne,2,72,16:48:42,25.438,Base Oficial Ergast Motor Racing Database / FIA Timing Sheets
2018,6,vettel,1,16,15:33:21,23.964,Base Oficial Ergast Motor Racing Database / FIA Timing Sheets
2018,7,alonso,1,18,14:39:10,23.099,Base Oficial Ergast Motor Racing Database / FIA Timing Sheets
2018,7,bottas,1,36,15:01:20,23.775,Base Oficial Ergast Motor Racing Database / FIA Timing Sheets
2018,7,ericsson,1,1,14:15:00,23.529,Base Oficial Ergast Motor Racing Database / FIA Timing Sheets
2018,7,gasly,1,23,14:45:36,24.107,Base Oficial Ergast Motor Racing Database / FIA Timing Sheets
2018,7,grosjean,1,48,15:17:41,24.4,Base Oficial Ergast Motor Racing Database / FIA Timing Sheets
2018,7,hamilton,1,16,14:36:16,23.335,Base Oficial Ergast Motor Racing Database / FIA Timing Sheets
2018,7,hulkenberg,1,13,14:32:32,24.521,Base Oficial Ergast Motor Racing Database / FIA Timing Sheets
2018,7,kevin_magnussen,1,22,14:44:21,24.008,Base Oficial Ergast Motor Racing Database / FIA Timing Sheets
2018,7,leclerc,1,19,14:40:26,23.666,Base Oficial Ergast Motor Racing Database / FIA Timing Sheets
2018,7,max_verstappen,1,16,14:36:13,23.137,Base Oficial Ergast Motor Racing Database / FIA Timing Sheets
2018,7,ocon,1,11,14:29:59,25.353,Base Oficial Ergast Motor Racing Database / FIA Timing Sheets
2018,7,perez,1,9,14:27:34,24.086,Base Oficial Ergast Motor Racing Database / FIA Timing Sheets
2018,7,perez,2,44,15:12:48,23.718,Base Oficial Ergast Motor Racing Database / FIA Timing Sheets
2018,7,raikkonen,1,32,14:56:30,23.645,Base Oficial Ergast Motor Racing Database / FIA Timing Sheets
2018,7,ricciardo,1,17,14:37:31,23.279,Base Oficial Ergast Motor Racing Database / FIA Timing Sheets
2018,7,sainz,1,14,14:33:51,24.416,Base Oficial Ergast Motor Racing Database / FIA Timing Sheets
2018,7,sirotkin,1,26,14:49:55,23.531,Base Oficial Ergast Motor Racing Database / FIA Timing Sheets
2018,7,vandoorne,1,1,14:14:56,41.008,Base Oficial Ergast Motor Racing Database / FIA Timing Sheets
2018,7,vandoorne,2,48,15:18:21,23.537,Base Oficial Ergast Motor Racing Database / FIA Timing Sheets
2018,7,vettel,1,37,15:02:29,23.529,Base Oficial Ergast Motor Racing Database / FIA Timing Sheets
2018,8,alonso,1,1,16:15:56,25.789,Base Oficial Ergast Motor Racing Database / FIA Timing Sheets
2018,8,alonso,2,46,17:33:42,24.788,Base Oficial Ergast Motor Racing Database / FIA Timing Sheets
2018,8,bottas,1,1,16:16:38,27.955,Base Oficial Ergast Motor Racing Database / FIA Timing Sheets
2018,8,bottas,2,39,17:21:22,30.666,Base Oficial Ergast Motor Racing Database / FIA Timing Sheets
2018,8,brendon_hartley,1,38,17:20:21,24.297,Base Oficial Ergast Motor Racing Database / FIA Timing Sheets
2018,8,ericsson,1,35,17:15:27,24.295,Base Oficial Ergast Motor Racing Database / FIA Timing Sheets
2018,8,grosjean,1,34,17:13:30,29.996,Base Oficial Ergast Motor Racing Database / FIA Timing Sheets
2018,8,hamilton,1,33,17:10:41,24.31,Base Oficial Ergast Motor Racing Database / FIA Timing Sheets
2018,8,hulkenberg,1,37,17:18:16,25.016,Base Oficial Ergast Motor Racing Database / FIA Timing Sheets
2018,8,kevin_magnussen,1,28,17:03:31,25.419,Base Oficial Ergast Motor Racing Database / FIA Timing Sheets
2018,8,leclerc,1,31,17:08:35,25.026,Base Oficial Ergast Motor Racing Database / FIA Timing Sheets
2018,8,max_verstappen,1,25,16:57:59,24.395,Base Oficial Ergast Motor Racing Database / FIA Timing Sheets
2018,8,raikkonen,1,34,17:12:38,24.289,Base Oficial Ergast Motor Racing Database / FIA Timing Sheets
2018,8,ricciardo,1,28,17:02:52,24.309,Base Oficial Ergast Motor Racing Database / FIA Timing Sheets
2018,8,sainz,1,26,17:00:15,25.423,Base Oficial Ergast Motor Racing Database / FIA Timing Sheets
2018,8,sirotkin,1,1,16:15:55,26.273,Base Oficial Ergast Motor Racing Database / FIA Timing Sheets
2018,8,stroll,1,1,16:15:46,26.576,Base Oficial Ergast Motor Racing Database / FIA Timing Sheets
2018,8,vandoorne,1,40,17:23:26,24.399,Base Oficial Ergast Motor Racing Database / FIA Timing Sheets
2018,8,vettel,1,1,16:15:56,32.612,Base Oficial Ergast Motor Racing Database / FIA Timing Sheets
2018,8,vettel,2,40,17:22:38,31.029,Base Oficial Ergast Motor Racing Database / FIA Timing Sheets
2018,9,alonso,1,15,15:31:16,21.588,Base Oficial Ergast Motor Racing Database / FIA Timing Sheets
2018,9,ericsson,1,45,16:06:18,21.519,Base Oficial Ergast Motor Racing Database / FIA Timing Sheets
2018,9,gasly,1,15,15:31:09,22.011,Base Oficial Ergast Motor Racing Database / FIA Timing Sheets
2018,9,grosjean,1,15,15:30:46,22.121,Base Oficial Ergast Motor Racing Database / FIA Timing Sheets
2018,9,hamilton,1,25,15:42:08,21.245,Base Oficial Ergast Motor Racing Database / FIA Timing Sheets
2018,9,hamilton,2,52,16:13:20,20.98,Base Oficial Ergast Motor Racing Database / FIA Timing Sheets
2018,9,kevin_magnussen,1,28,15:46:11,22.138,Base Oficial Ergast Motor Racing Database / FIA Timing Sheets
2018,9,leclerc,1,15,15:31:12,21.364,Base Oficial Ergast Motor Racing Database / FIA Timing Sheets
2018,9,max_verstappen,1,15,15:30:26,21.214,Base Oficial Ergast Motor Racing Database / FIA Timing Sheets
2018,9,ocon,1,15,15:30:54,22.527,Base Oficial Ergast Motor Racing Database / FIA Timing Sheets
2018,9,perez,1,27,15:45:05,22.863,Base Oficial Ergast Motor Racing Database / FIA Timing Sheets
2018,9,raikkonen,1,15,15:30:30,21.552,Base Oficial Ergast Motor Racing Database / FIA Timing Sheets
2018,9,ricciardo,1,15,15:30:32,21.95,Base Oficial Ergast Motor Racing Database / FIA Timing Sheets
2018,9,ricciardo,2,38,15:57:21,21.259,Base Oficial Ergast Motor Racing Database / FIA Timing Sheets
2018,9,sainz,1,15,15:30:57,23.257,Base Oficial Ergast Motor Racing Database / FIA Timing Sheets
2018,9,sainz,2,34,15:53:34,26.335,Base Oficial Ergast Motor Racing Database / FIA Timing Sheets
2018,9,sirotkin,1,24,15:41:54,23.048,Base Oficial Ergast Motor Racing Database / FIA Timing Sheets
2018,9,sirotkin,2,60,16:24:25,24.884,Base Oficial Ergast Motor Racing Database / FIA Timing Sheets
2018,9,stroll,1,15,15:31:03,22.181,Base Oficial Ergast Motor Racing Database / FIA Timing Sheets
2018,9,stroll,2,65,16:30:07,22.299,Base Oficial Ergast Motor Racing Database / FIA Timing Sheets
2018,9,vandoorne,1,1,15:14:13,46.557,Base Oficial Ergast Motor Racing Database / FIA Timing Sheets
2018,9,vandoorne,2,40,16:01:56,22.526,Base Oficial Ergast Motor Racing Database / FIA Timing Sheets
2018,9,vettel,1,15,15:30:34,23.912,Base Oficial Ergast Motor Racing Database / FIA Timing Sheets
2018,10,alonso,1,13,14:34:09,28.669,Base Oficial Ergast Motor Racing Database / FIA Timing Sheets
2018,10,alonso,2,32,15:04:42,28.085,Base Oficial Ergast Motor Racing Database / FIA Timing Sheets
2018,10,bottas,1,21,14:46:03,27.894,Base Oficial Ergast Motor Racing Database / FIA Timing Sheets
2018,10,ericsson,1,24,14:51:45,28.207,Base Oficial Ergast Motor Racing Database / FIA Timing Sheets
2018,10,gasly,1,20,14:45:19,28.676,Base Oficial Ergast Motor Racing Database / FIA Timing Sheets
2018,10,gasly,2,32,15:04:49,29.766,Base Oficial Ergast Motor Racing Database / FIA Timing Sheets
2018,10,grosjean,1,26,14:54:52,29.254,Base Oficial Ergast Motor Racing Database / FIA Timing Sheets
2018,10,hamilton,1,25,14:52:37,28.982,Base Oficial Ergast Motor Racing Database / FIA Timing Sheets
2018,10,hulkenberg,1,20,14:45:06,28.719,Base Oficial Ergast Motor Racing Database / FIA Timing Sheets
2018,10,kevin_magnussen,1,25,14:53:08,28.45,Base Oficial Ergast Motor Racing Database / FIA Timing Sheets
2018,10,leclerc,1,18,14:41:58,27.865,Base Oficial Ergast Motor Racing Database / FIA Timing Sheets
2018,10,max_verstappen,1,17,14:39:53,28.458,Base Oficial Ergast Motor Racing Database / FIA Timing Sheets
2018,10,max_verstappen,2,33,15:05:35,28.0,Base Oficial Ergast Motor Racing Database / FIA Timing Sheets
2018,10,ocon,1,19,14:43:35,29.41,Base Oficial Ergast Motor Racing Database / FIA Timing Sheets
2018,10,perez,1,13,14:34:17,28.651,Base Oficial Ergast Motor Racing Database / FIA Timing Sheets
2018,10,perez,2,32,15:04:53,28.836,Base Oficial Ergast Motor Racing Database / FIA Timing Sheets
2018,10,raikkonen,1,13,14:33:39,38.573,Base Oficial Ergast Motor Racing Database / FIA Timing Sheets
2018,10,raikkonen,2,33,15:05:39,28.985,Base Oficial Ergast Motor Racing Database / FIA Timing Sheets
2018,10,ricciardo,1,18,14:41:31,28.194,Base Oficial Ergast Motor Racing Database / FIA Timing Sheets
2018,10,ricciardo,2,30,15:00:29,28.001,Base Oficial Ergast Motor Racing Database / FIA Timing Sheets
2018,10,sainz,1,17,14:40:28,29.074,Base Oficial Ergast Motor Racing Database / FIA Timing Sheets
2018,10,sainz,2,32,15:04:46,28.078,Base Oficial Ergast Motor Racing Database / FIA Timing Sheets
2018,10,sirotkin,1,21,14:47:19,28.224,Base Oficial Ergast Motor Racing Database / FIA Timing Sheets
2018,10,stroll,1,30,15:01:51,27.774,Base Oficial Ergast Motor Racing Database / FIA Timing Sheets
2018,10,vandoorne,1,21,14:47:02,28.284,Base Oficial Ergast Motor Racing Database / FIA Timing Sheets
2018,10,vandoorne,2,33,15:07:14,28.658,Base Oficial Ergast Motor Racing Database / FIA Timing Sheets
2018,10,vettel,1,20,14:44:24,28.677,Base Oficial Ergast Motor Racing Database / FIA Timing Sheets
2018,10,vettel,2,33,15:05:15,28.174,Base Oficial Ergast Motor Racing Database / FIA Timing Sheets
2018,11,alonso,1,31,15:54:51,18.956,Base Oficial Ergast Motor Racing Database / FIA Timing Sheets
2018,11,alonso,2,43,16:11:06,21.119,Base Oficial Ergast Motor Racing Database / FIA Timing Sheets
2018,11,alonso,3,47,16:17:17,20.927,Base Oficial Ergast Motor Racing Database / FIA Timing Sheets
2018,11,bottas,1,28,15:49:51,19.188,Base Oficial Ergast Motor Racing Database / FIA Timing Sheets
2018,11,bottas,2,52,16:22:05,33.279,Base Oficial Ergast Motor Racing Database / FIA Timing Sheets
2018,11,brendon_hartley,1,28,15:51:05,19.309,Base Oficial Ergast Motor Racing Database / FIA Timing Sheets
2018,11,brendon_hartley,2,52,16:25:00,19.985,Base Oficial Ergast Motor Racing Database / FIA Timing Sheets
2018,11,ericsson,1,38,16:04:17,18.84,Base Oficial Ergast Motor Racing Database / FIA Timing Sheets
2018,11,gasly,1,43,16:11:12,19.806,Base Oficial Ergast Motor Racing Database / FIA Timing Sheets
2018,11,gasly,2,46,16:16:19,19.512,Base Oficial Ergast Motor Racing Database / FIA Timing Sheets
2018,11,grosjean,1,21,15:41:19,20.198,Base Oficial Ergast Motor Racing Database / FIA Timing Sheets
2018,11,grosjean,2,51,16:22:13,22.738,Base Oficial Ergast Motor Racing Database / FIA Timing Sheets
2018,11,grosjean,3,55,16:29:57,19.752,Base Oficial Ergast Motor Racing Database / FIA Timing Sheets
2018,11,hamilton,1,42,16:08:17,18.978,Base Oficial Ergast Motor Racing Database / FIA Timing Sheets
2018,11,hulkenberg,1,18,15:37:14,19.584,Base Oficial Ergast Motor Racing Database / FIA Timing Sheets
2018,11,hulkenberg,2,51,16:21:56,20.752,Base Oficial Ergast Motor Racing Database / FIA Timing Sheets
2018,11,hulkenberg,3,55,16:29:16,20.812,Base Oficial Ergast Motor Racing Database / FIA Timing Sheets
2018,11,kevin_magnussen,1,20,15:39:50,19.818,Base Oficial Ergast Motor Racing Database / FIA Timing Sheets
2018,11,kevin_magnussen,2,51,16:22:14,34.742,Base Oficial Ergast Motor Racing Database / FIA Timing Sheets
2018,11,kevin_magnussen,3,55,16:29:59,27.736,Base Oficial Ergast Motor Racing Database / FIA Timing Sheets
2018,11,leclerc,1,20,15:40:04,19.267,Base Oficial Ergast Motor Racing Database / FIA Timing Sheets
2018,11,leclerc,2,43,16:10:51,21.2,Base Oficial Ergast Motor Racing Database / FIA Timing Sheets
2018,11,leclerc,3,46,16:15:36,20.653,Base Oficial Ergast Motor Racing Database / FIA Timing Sheets
2018,11,max_verstappen,1,29,15:51:16,19.742,Base Oficial Ergast Motor Racing Database / FIA Timing Sheets
2018,11,max_verstappen,2,46,16:13:39,19.297,Base Oficial Ergast Motor Racing Database / FIA Timing Sheets
2018,11,max_verstappen,3,48,16:16:46,19.087,Base Oficial Ergast Motor Racing Database / FIA Timing Sheets
2018,11,ocon,1,25,15:46:55,19.57,Base Oficial Ergast Motor Racing Database / FIA Timing Sheets
2018,11,perez,1,22,15:42:34,25.13,Base Oficial Ergast Motor Racing Database / FIA Timing Sheets
2018,11,raikkonen,1,14,15:31:29,19.647,Base Oficial Ergast Motor Racing Database / FIA Timing Sheets
2018,11,raikkonen,2,53,16:24:19,19.988,Base Oficial Ergast Motor Racing Database / FIA Timing Sheets
2018,11,sainz,1,20,15:40:01,20.16,Base Oficial Ergast Motor Racing Database / FIA Timing Sheets
2018,11,sainz,2,50,16:20:42,19.637,Base Oficial Ergast Motor Racing Database / FIA Timing Sheets
2018,11,sainz,3,56,16:31:24,20.53,Base Oficial Ergast Motor Racing Database / FIA Timing Sheets
2018,11,sirotkin,1,28,15:51:05,24.173,Base Oficial Ergast Motor Racing Database / FIA Timing Sheets
2018,11,sirotkin,2,51,16:23:00,21.711,Base Oficial Ergast Motor Racing Database / FIA Timing Sheets
2018,11,stroll,1,27,15:49:46,19.476,Base Oficial Ergast Motor Racing Database / FIA Timing Sheets
2018,11,stroll,2,50,16:21:14,19.526,Base Oficial Ergast Motor Racing Database / FIA Timing Sheets
2018,11,vandoorne,1,29,15:52:30,19.778,Base Oficial Ergast Motor Racing Database / FIA Timing Sheets
2018,11,vandoorne,2,52,16:25:50,19.621,Base Oficial Ergast Motor Racing Database / FIA Timing Sheets
2018,11,vettel,1,25,15:45:48,18.657,Base Oficial Ergast Motor Racing Database / FIA Timing Sheets
2018,12,alonso,1,39,16:08:27,21.795,Base Oficial Ergast Motor Racing Database / FIA Timing Sheets
2018,12,bottas,1,15,15:34:11,21.337,Base Oficial Ergast Motor Racing Database / FIA Timing Sheets
2018,12,brendon_hartley,1,24,15:47:26,21.831,Base Oficial Ergast Motor Racing Database / FIA Timing Sheets
2018,12,ericsson,1,6,15:22:06,22.64,Base Oficial Ergast Motor Racing Database / FIA Timing Sheets
2018,12,gasly,1,32,15:58:19,21.684,Base Oficial Ergast Motor Racing Database / FIA Timing Sheets
2018,12,grosjean,1,29,15:54:26,21.733,Base Oficial Ergast Motor Racing Database / FIA Timing Sheets
2018,12,hamilton,1,25,15:47:53,21.48,Base Oficial Ergast Motor Racing Database / FIA Timing Sheets
2018,12,hulkenberg,1,23,15:46:04,21.966,Base Oficial Ergast Motor Racing Database / FIA Timing Sheets
2018,12,hulkenberg,2,50,16:24:45,22.65,Base Oficial Ergast Motor Racing Database / FIA Timing Sheets
2018,12,kevin_magnussen,1,31,15:57:05,25.126,Base Oficial Ergast Motor Racing Database / FIA Timing Sheets
2018,12,ocon,1,39,16:08:53,22.258,Base Oficial Ergast Motor Racing Database / FIA Timing Sheets
2018,12,perez,1,22,15:44:52,22.561,Base Oficial Ergast Motor Racing Database / FIA Timing Sheets
2018,12,raikkonen,1,14,15:32:53,24.471,Base Oficial Ergast Motor Racing Database / FIA Timing Sheets
2018,12,raikkonen,2,38,16:06:22,21.829,Base Oficial Ergast Motor Racing Database / FIA Timing Sheets
2018,12,ricciardo,1,44,16:14:45,21.364,Base Oficial Ergast Motor Racing Database / FIA Timing Sheets
2018,12,sainz,1,25,15:48:47,21.914,Base Oficial Ergast Motor Racing Database / FIA Timing Sheets
2018,12,sirotkin,1,31,15:57:50,21.509,Base Oficial Ergast Motor Racing Database / FIA Timing Sheets
2018,12,stroll,1,47,16:20:54,21.291,Base Oficial Ergast Motor Racing Database / FIA Timing Sheets
2018,12,vandoorne,1,40,16:09:54,21.732,Base Oficial Ergast Motor Racing Database / FIA Timing Sheets
2018,12,vettel,1,39,16:07:21,23.111,Base Oficial Ergast Motor Racing Database / FIA Timing Sheets
2018,13,bottas,1,1,15:16:19,20.349,Base Oficial Ergast Motor Racing Database / FIA Timing Sheets
2018,13,bottas,2,2,15:19:21,30.519,Base Oficial Ergast Motor Racing Database / FIA Timing Sheets
2018,13,bottas,3,29,16:11:03,22.399,Base Oficial Ergast Motor Racing Database / FIA Timing Sheets
2018,13,brendon_hartley,1,1,15:16:16,18.084,Base Oficial Ergast Motor Racing Database / FIA Timing Sheets
2018,13,brendon_hartley,2,31,16:15:29,29.316,Base Oficial Ergast Motor Racing Database / FIA Timing Sheets
2018,13,ericsson,1,1,15:16:11,19.711,Base Oficial Ergast Motor Racing Database / FIA Timing Sheets
2018,13,ericsson,2,26,16:05:55,22.558,Base Oficial Ergast Motor Racing Database / FIA Timing Sheets
2018,13,gasly,1,1,15:16:09,20.136,Base Oficial Ergast Motor Racing Database / FIA Timing Sheets
2018,13,gasly,2,25,16:04:03,22.953,Base Oficial Ergast Motor Racing Database / FIA Timing Sheets
2018,13,grosjean,1,1,15:16:05,20.28,Base Oficial Ergast Motor Racing Database / FIA Timing Sheets
2018,13,grosjean,2,23,16:00:10,23.248,Base Oficial Ergast Motor Racing Database / FIA Timing Sheets
2018,13,hamilton,1,1,15:16:01,19.372,Base Oficial Ergast Motor Racing Database / FIA Timing Sheets
2018,13,hamilton,2,21,15:55:48,22.375,Base Oficial Ergast Motor Racing Database / FIA Timing Sheets
2018,13,kevin_magnussen,1,1,15:16:07,20.021,Base Oficial Ergast Motor Racing Database / FIA Timing Sheets
2018,13,kevin_magnussen,2,26,16:05:49,24.304,Base Oficial Ergast Motor Racing Database / FIA Timing Sheets
2018,13,max_verstappen,1,1,15:16:04,19.942,Base Oficial Ergast Motor Racing Database / FIA Timing Sheets
2018,13,max_verstappen,2,26,16:05:08,22.341,Base Oficial Ergast Motor Racing Database / FIA Timing Sheets
2018,13,ocon,1,1,15:16:03,19.582,Base Oficial Ergast Motor Racing Database / FIA Timing Sheets
2018,13,ocon,2,24,16:01:54,23.225,Base Oficial Ergast Motor Racing Database / FIA Timing Sheets
2018,13,perez,1,1,15:16:02,19.667,Base Oficial Ergast Motor Racing Database / FIA Timing Sheets
2018,13,perez,2,25,16:03:39,23.157,Base Oficial Ergast Motor Racing Database / FIA Timing Sheets
2018,13,raikkonen,1,1,15:16:57,26.367,Base Oficial Ergast Motor Racing Database / FIA Timing Sheets
2018,13,raikkonen,2,7,15:30:50,35.451,Base Oficial Ergast Motor Racing Database / FIA Timing Sheets
2018,13,sainz,1,1,15:16:18,18.509,Base Oficial Ergast Motor Racing Database / FIA Timing Sheets
2018,13,sainz,2,22,15:58:45,23.857,Base Oficial Ergast Motor Racing Database / FIA Timing Sheets
2018,13,sirotkin,1,1,15:16:12,19.791,Base Oficial Ergast Motor Racing Database / FIA Timing Sheets
2018,13,sirotkin,2,24,16:02:22,22.339,Base Oficial Ergast Motor Racing Database / FIA Timing Sheets
2018,13,stroll,1,1,15:16:13,19.732,Base Oficial Ergast Motor Racing Database / FIA Timing Sheets
2018,13,stroll,2,23,16:00:34,22.901,Base Oficial Ergast Motor Racing Database / FIA Timing Sheets
2018,13,vandoorne,1,1,15:16:21,19.847,Base Oficial Ergast Motor Racing Database / FIA Timing Sheets
2018,13,vandoorne,2,2,15:19:22,22.706,Base Oficial Ergast Motor Racing Database / FIA Timing Sheets
2018,13,vandoorne,3,28,16:10:09,23.389,Base Oficial Ergast Motor Racing Database / FIA Timing Sheets
2018,13,vettel,1,1,15:15:59,19.582,Base Oficial Ergast Motor Racing Database / FIA Timing Sheets
2018,13,vettel,2,22,15:57:33,22.253,Base Oficial Ergast Motor Racing Database / FIA Timing Sheets
2018,14,bottas,1,36,16:06:30,23.763,Base Oficial Ergast Motor Racing Database / FIA Timing Sheets
2018,14,ericsson,1,1,15:15:50,29.992,Base Oficial Ergast Motor Racing Database / FIA Timing Sheets
2018,14,ericsson,2,42,16:16:25,25.575,Base Oficial Ergast Motor Racing Database / FIA Timing Sheets
2018,14,gasly,1,34,16:04:44,27.792,Base Oficial Ergast Motor Racing Database / FIA Timing Sheets
2018,14,grosjean,1,23,15:48:27,24.779,Base Oficial Ergast Motor Racing Database / FIA Timing Sheets
2018,14,hamilton,1,28,15:55:00,23.728,Base Oficial Ergast Motor Racing Database / FIA Timing Sheets
2018,14,hulkenberg,1,1,15:15:34,25.234,Base Oficial Ergast Motor Racing Database / FIA Timing Sheets
2018,14,hulkenberg,2,41,16:14:52,24.456,Base Oficial Ergast Motor Racing Database / FIA Timing Sheets
2018,14,kevin_magnussen,1,4,15:21:22,38.563,Base Oficial Ergast Motor Racing Database / FIA Timing Sheets
2018,14,leclerc,1,34,16:04:46,24.084,Base Oficial Ergast Motor Racing Database / FIA Timing Sheets
2018,14,max_verstappen,1,26,15:52:26,24.003,Base Oficial Ergast Motor Racing Database / FIA Timing Sheets
2018,14,ocon,1,38,16:09:51,24.827,Base Oficial Ergast Motor Racing Database / FIA Timing Sheets
2018,14,perez,1,39,16:11:20,25.655,Base Oficial Ergast Motor Racing Database / FIA Timing Sheets
2018,14,raikkonen,1,20,15:43:45,23.862,Base Oficial Ergast Motor Racing Database / FIA Timing Sheets
2018,14,ricciardo,1,1,15:15:35,24.805,Base Oficial Ergast Motor Racing Database / FIA Timing Sheets
2018,14,sainz,1,39,16:11:32,25.774,Base Oficial Ergast Motor Racing Database / FIA Timing Sheets
2018,14,sirotkin,1,37,16:08:49,25.245,Base Oficial Ergast Motor Racing Database / FIA Timing Sheets
2018,14,stroll,1,35,16:05:54,26.44,Base Oficial Ergast Motor Racing Database / FIA Timing Sheets
2018,14,vandoorne,1,24,15:50:24,24.094,Base Oficial Ergast Motor Racing Database / FIA Timing Sheets
2018,14,vettel,1,1,15:15:36,32.219,Base Oficial Ergast Motor Racing Database / FIA Timing Sheets
2018,14,vettel,2,29,15:56:58,24.301,Base Oficial Ergast Motor Racing Database / FIA Timing Sheets
2018,15,alonso,1,38,21:25:29,29.922,Base Oficial Ergast Motor Racing Database / FIA Timing Sheets
2018,15,bottas,1,16,20:45:39,28.542,Base Oficial Ergast Motor Racing Database / FIA Timing Sheets
2018,15,brendon_hartley,1,14,20:42:40,29.912,Base Oficial Ergast Motor Racing Database / FIA Timing Sheets
2018,15,brendon_hartley,2,36,21:22:59,29.464,Base Oficial Ergast Motor Racing Database / FIA Timing Sheets
2018,15,ericsson,1,44,21:36:55,28.86,Base Oficial Ergast Motor Racing Database / FIA Timing Sheets
2018,15,gasly,1,26,21:04:28,28.931,Base Oficial Ergast Motor Racing Database / FIA Timing Sheets
2018,15,grosjean,1,16,20:46:12,29.517,Base Oficial Ergast Motor Racing Database / FIA Timing Sheets
2018,15,hamilton,1,15,20:43:42,28.946,Base Oficial Ergast Motor Racing Database / FIA Timing Sheets
2018,15,hulkenberg,1,15,20:44:23,31.183,Base Oficial Ergast Motor Racing Database / FIA Timing Sheets
2018,15,kevin_magnussen,1,26,21:04:30,29.408,Base Oficial Ergast Motor Racing Database / FIA Timing Sheets
2018,15,kevin_magnussen,2,36,21:23:01,30.711,Base Oficial Ergast Motor Racing Database / FIA Timing Sheets
2018,15,kevin_magnussen,3,48,21:44:52,29.324,Base Oficial Ergast Motor Racing Database / FIA Timing Sheets
2018,15,leclerc,1,38,21:25:50,29.31,Base Oficial Ergast Motor Racing Database / FIA Timing Sheets
2018,15,max_verstappen,1,17,20:47:19,29.681,Base Oficial Ergast Motor Racing Database / FIA Timing Sheets
2018,15,perez,1,17,20:47:51,29.978,Base Oficial Ergast Motor Racing Database / FIA Timing Sheets
2018,15,perez,2,33,21:17:29,30.561,Base Oficial Ergast Motor Racing Database / FIA Timing Sheets
2018,15,perez,3,39,21:28:41,24.34,Base Oficial Ergast Motor Racing Database / FIA Timing Sheets
2018,15,raikkonen,1,22,20:56:20,29.513,Base Oficial Ergast Motor Racing Database / FIA Timing Sheets
2018,15,ricciardo,1,27,21:05:14,28.779,Base Oficial Ergast Motor Racing Database / FIA Timing Sheets
2018,15,sainz,1,37,21:23:46,30.242,Base Oficial Ergast Motor Racing Database / FIA Timing Sheets
2018,15,sirotkin,1,3,20:21:50,30.477,Base Oficial Ergast Motor Racing Database / FIA Timing Sheets
2018,15,sirotkin,2,45,21:39:51,34.022,Base Oficial Ergast Motor Racing Database / FIA Timing Sheets
2018,15,stroll,1,40,21:30:02,28.767,Base Oficial Ergast Motor Racing Database / FIA Timing Sheets
2018,15,vandoorne,1,43,21:35:11,30.234,Base Oficial Ergast Motor Racing Database / FIA Timing Sheets
2018,15,vettel,1,14,20:42:01,28.722,Base Oficial Ergast Motor Racing Database / FIA Timing Sheets
2018,16,alonso,1,5,14:22:23,30.348,Base Oficial Ergast Motor Racing Database / FIA Timing Sheets
2018,16,bottas,1,12,14:33:30,29.794,Base Oficial Ergast Motor Racing Database / FIA Timing Sheets
2018,16,brendon_hartley,1,3,14:18:54,29.418,Base Oficial Ergast Motor Racing Database / FIA Timing Sheets
2018,16,ericsson,1,11,14:32:34,30.051,Base Oficial Ergast Motor Racing Database / FIA Timing Sheets
2018,16,ericsson,2,37,15:16:36,30.146,Base Oficial Ergast Motor Racing Database / FIA Timing Sheets
2018,16,grosjean,1,8,14:27:27,30.469,Base Oficial Ergast Motor Racing Database / FIA Timing Sheets
2018,16,hamilton,1,14,14:36:51,29.551,Base Oficial Ergast Motor Racing Database / FIA Timing Sheets
2018,16,hulkenberg,1,35,15:12:47,30.625,Base Oficial Ergast Motor Racing Database / FIA Timing Sheets
2018,16,kevin_magnussen,1,9,14:28:59,29.904,Base Oficial Ergast Motor Racing Database / FIA Timing Sheets
2018,16,leclerc,1,10,14:30:35,30.397,Base Oficial Ergast Motor Racing Database / FIA Timing Sheets
2018,16,max_verstappen,1,43,15:24:48,29.37,Base Oficial Ergast Motor Racing Database / FIA Timing Sheets
2018,16,ocon,1,10,14:30:40,30.642,Base Oficial Ergast Motor Racing Database / FIA Timing Sheets
2018,16,perez,1,12,14:34:04,29.924,Base Oficial Ergast Motor Racing Database / FIA Timing Sheets
2018,16,raikkonen,1,18,14:43:40,29.531,Base Oficial Ergast Motor Racing Database / FIA Timing Sheets
2018,16,ricciardo,1,39,15:18:49,37.446,Base Oficial Ergast Motor Racing Database / FIA Timing Sheets
2018,16,sainz,1,32,15:08:28,30.021,Base Oficial Ergast Motor Racing Database / FIA Timing Sheets
2018,16,sirotkin,1,10,14:31:18,29.912,Base Oficial Ergast Motor Racing Database / FIA Timing Sheets
2018,16,stroll,1,7,14:25:54,29.266,Base Oficial Ergast Motor Racing Database / FIA Timing Sheets
2018,16,vandoorne,1,11,14:32:55,29.636,Base Oficial Ergast Motor Racing Database / FIA Timing Sheets
2018,16,vettel,1,13,14:35:13,29.798,Base Oficial Ergast Motor Racing Database / FIA Timing Sheets
2018,17,alonso,1,26,14:58:57,27.454,Base Oficial Ergast Motor Racing Database / FIA Timing Sheets
2018,17,bottas,1,23,14:53:12,22.777,Base Oficial Ergast Motor Racing Database / FIA Timing Sheets
2018,17,brendon_hartley,1,28,15:02:08,23.11,Base Oficial Ergast Motor Racing Database / FIA Timing Sheets
2018,17,ericsson,1,5,14:23:11,23.244,Base Oficial Ergast Motor Racing Database / FIA Timing Sheets
2018,17,gasly,1,29,15:03:37,23.376,Base Oficial Ergast Motor Racing Database / FIA Timing Sheets
2018,17,grosjean,1,29,15:03:29,23.692,Base Oficial Ergast Motor Racing Database / FIA Timing Sheets
2018,17,hamilton,1,24,14:54:41,22.614,Base Oficial Ergast Motor Racing Database / FIA Timing Sheets
2018,17,hulkenberg,1,30,15:05:33,23.555,Base Oficial Ergast Motor Racing Database / FIA Timing Sheets
2018,17,kevin_magnussen,1,2,14:17:48,29.007,Base Oficial Ergast Motor Racing Database / FIA Timing Sheets
2018,17,leclerc,1,4,14:20:44,38.891,Base Oficial Ergast Motor Racing Database / FIA Timing Sheets
2018,17,leclerc,2,35,15:13:39,26.672,Base Oficial Ergast Motor Racing Database / FIA Timing Sheets
2018,17,max_verstappen,1,21,14:50:08,28.789,Base Oficial Ergast Motor Racing Database / FIA Timing Sheets
2018,17,ocon,1,26,14:58:45,23.316,Base Oficial Ergast Motor Racing Database / FIA Timing Sheets
2018,17,perez,1,24,14:55:30,23.635,Base Oficial Ergast Motor Racing Database / FIA Timing Sheets
2018,17,raikkonen,1,17,14:43:53,22.781,Base Oficial Ergast Motor Racing Database / FIA Timing Sheets
2018,17,ricciardo,1,23,14:53:24,22.864,Base Oficial Ergast Motor Racing Database / FIA Timing Sheets
2018,17,sainz,1,32,15:08:30,23.477,Base Oficial Ergast Motor Racing Database / FIA Timing Sheets
2018,17,sirotkin,1,4,14:20:51,23.66,Base Oficial Ergast Motor Racing Database / FIA Timing Sheets
2018,17,sirotkin,2,38,15:18:43,23.647,Base Oficial Ergast Motor Racing Database / FIA Timing Sheets
2018,17,stroll,1,14,14:39:30,23.657,Base Oficial Ergast Motor Racing Database / FIA Timing Sheets
2018,17,stroll,2,39,15:20:25,29.804,Base Oficial Ergast Motor Racing Database / FIA Timing Sheets
2018,17,vandoorne,1,23,14:54:14,23.159,Base Oficial Ergast Motor Racing Database / FIA Timing Sheets
2018,17,vettel,1,26,14:58:49,22.748,Base Oficial Ergast Motor Racing Database / FIA Timing Sheets
2018,18,bottas,1,23,13:53:07,23.478,Base Oficial Ergast Motor Racing Database / FIA Timing Sheets
2018,18,brendon_hartley,1,27,14:00:53,23.819,Base Oficial Ergast Motor Racing Database / FIA Timing Sheets
2018,18,ericsson,1,30,14:06:07,23.94,Base Oficial Ergast Motor Racing Database / FIA Timing Sheets
2018,18,gasly,1,10,13:31:19,23.865,Base Oficial Ergast Motor Racing Database / FIA Timing Sheets
2018,18,gasly,2,36,14:16:33,24.219,Base Oficial Ergast Motor Racing Database / FIA Timing Sheets
2018,18,grosjean,1,1,13:15:46,35.104,Base Oficial Ergast Motor Racing Database / FIA Timing Sheets
2018,18,hamilton,1,11,13:32:38,23.693,Base Oficial Ergast Motor Racing Database / FIA Timing Sheets
2018,18,hamilton,2,37,14:16:27,23.915,Base Oficial Ergast Motor Racing Database / FIA Timing Sheets
2018,18,hulkenberg,1,23,13:53:40,24.681,Base Oficial Ergast Motor Racing Database / FIA Timing Sheets
2018,18,kevin_magnussen,1,30,14:05:48,23.723,Base Oficial Ergast Motor Racing Database / FIA Timing Sheets
2018,18,leclerc,1,1,13:15:33,34.812,Base Oficial Ergast Motor Racing Database / FIA Timing Sheets
2018,18,max_verstappen,1,22,13:51:28,23.446,Base Oficial Ergast Motor Racing Database / FIA Timing Sheets
2018,18,ocon,1,22,13:52:07,24.534,Base Oficial Ergast Motor Racing Database / FIA Timing Sheets
2018,18,perez,1,25,13:57:18,25.723,Base Oficial Ergast Motor Racing Database / FIA Timing Sheets
2018,18,raikkonen,1,21,13:49:44,23.714,Base Oficial Ergast Motor Racing Database / FIA Timing Sheets
2018,18,sainz,1,24,13:55:25,29.319,Base Oficial Ergast Motor Racing Database / FIA Timing Sheets
2018,18,sirotkin,1,10,13:31:11,23.686,Base Oficial Ergast Motor Racing Database / FIA Timing Sheets
2018,18,sirotkin,2,29,14:04:26,23.715,Base Oficial Ergast Motor Racing Database / FIA Timing Sheets
2018,18,stroll,1,1,13:15:34,41.048,Base Oficial Ergast Motor Racing Database / FIA Timing Sheets
2018,18,stroll,2,5,13:23:02,18.61,Base Oficial Ergast Motor Racing Database / FIA Timing Sheets
2018,18,stroll,3,38,14:20:52,24.296,Base Oficial Ergast Motor Racing Database / FIA Timing Sheets
2018,18,vandoorne,1,10,13:31:16,24.065,Base Oficial Ergast Motor Racing Database / FIA Timing Sheets
2018,18,vandoorne,2,40,14:23:09,24.195,Base Oficial Ergast Motor Racing Database / FIA Timing Sheets
2018,18,vettel,1,26,13:58:25,24.449,Base Oficial Ergast Motor Racing Database / FIA Timing Sheets
2018,19,bottas,1,11,13:28:30,22.105,Base Oficial Ergast Motor Racing Database / FIA Timing Sheets
2018,19,bottas,2,48,14:20:17,23.887,Base Oficial Ergast Motor Racing Database / FIA Timing Sheets
2018,19,bottas,3,62,14:40:33,22.512,Base Oficial Ergast Motor Racing Database / FIA Timing Sheets
2018,19,brendon_hartley,1,1,13:14:35,22.055,Base Oficial Ergast Motor Racing Database / FIA Timing Sheets
2018,19,brendon_hartley,2,24,13:47:35,23.553,Base Oficial Ergast Motor Racing Database / FIA Timing Sheets
2018,19,ericsson,1,16,13:36:10,31.406,Base Oficial Ergast Motor Racing Database / FIA Timing Sheets
2018,19,gasly,1,5,13:20:36,22.57,Base Oficial Ergast Motor Racing Database / FIA Timing Sheets
2018,19,gasly,2,26,13:50:29,23.055,Base Oficial Ergast Motor Racing Database / FIA Timing Sheets
2018,19,grosjean,1,44,14:16:47,22.733,Base Oficial Ergast Motor Racing Database / FIA Timing Sheets
2018,19,grosjean,2,60,14:40:00,23.426,Base Oficial Ergast Motor Racing Database / FIA Timing Sheets
2018,19,hamilton,1,11,13:28:21,22.269,Base Oficial Ergast Motor Racing Database / FIA Timing Sheets
2018,19,hamilton,2,47,14:18:42,22.399,Base Oficial Ergast Motor Racing Database / FIA Timing Sheets
2018,19,hulkenberg,1,12,13:30:08,23.037,Base Oficial Ergast Motor Racing Database / FIA Timing Sheets
2018,19,kevin_magnussen,1,43,14:15:14,22.39,Base Oficial Ergast Motor Racing Database / FIA Timing Sheets
2018,19,leclerc,1,13,13:31:39,22.588,Base Oficial Ergast Motor Racing Database / FIA Timing Sheets
2018,19,max_verstappen,1,13,13:31:00,22.175,Base Oficial Ergast Motor Racing Database / FIA Timing Sheets
2018,19,max_verstappen,2,48,14:19:35,22.088,Base Oficial Ergast Motor Racing Database / FIA Timing Sheets
2018,19,ocon,1,1,13:14:32,27.806,Base Oficial Ergast Motor Racing Database / FIA Timing Sheets
2018,19,ocon,2,30,13:56:33,22.756,Base Oficial Ergast Motor Racing Database / FIA Timing Sheets
2018,19,perez,1,30,13:56:04,23.755,Base Oficial Ergast Motor Racing Database / FIA Timing Sheets
2018,19,raikkonen,1,17,13:36:57,22.017,Base Oficial Ergast Motor Racing Database / FIA Timing Sheets
2018,19,ricciardo,1,12,13:29:44,22.022,Base Oficial Ergast Motor Racing Database / FIA Timing Sheets
2018,19,sainz,1,11,13:28:40,22.66,Base Oficial Ergast Motor Racing Database / FIA Timing Sheets
2018,19,sirotkin,1,11,13:29:04,22.732,Base Oficial Ergast Motor Racing Database / FIA Timing Sheets
2018,19,stroll,1,10,13:27:33,24.451,Base Oficial Ergast Motor Racing Database / FIA Timing Sheets
2018,19,stroll,2,23,13:46:14,23.371,Base Oficial Ergast Motor Racing Database / FIA Timing Sheets
2018,19,vandoorne,1,12,13:30:25,22.174,Base Oficial Ergast Motor Racing Database / FIA Timing Sheets
2018,19,vettel,1,17,13:36:37,22.658,Base Oficial Ergast Motor Racing Database / FIA Timing Sheets
2018,19,vettel,2,47,14:18:25,21.777,Base Oficial Ergast Motor Racing Database / FIA Timing Sheets
2018,20,alonso,1,15,15:32:38,33.753,Base Oficial Ergast Motor Racing Database / FIA Timing Sheets
2018,20,alonso,2,54,16:22:00,23.046,Base Oficial Ergast Motor Racing Database / FIA Timing Sheets
2018,20,bottas,1,18,15:35:50,22.955,Base Oficial Ergast Motor Racing Database / FIA Timing Sheets
2018,20,bottas,2,59,16:26:17,22.727,Base Oficial Ergast Motor Racing Database / FIA Timing Sheets
2018,20,brendon_hartley,1,49,16:15:11,23.422,Base Oficial Ergast Motor Racing Database / FIA Timing Sheets
2018,20,ericsson,1,18,15:36:28,23.377,Base Oficial Ergast Motor Racing Database / FIA Timing Sheets
2018,20,gasly,1,22,15:41:18,23.757,Base Oficial Ergast Motor Racing Database / FIA Timing Sheets
2018,20,grosjean,1,32,15:53:30,23.403,Base Oficial Ergast Motor Racing Database / FIA Timing Sheets
2018,20,hamilton,1,19,15:36:57,22.641,Base Oficial Ergast Motor Racing Database / FIA Timing Sheets
2018,20,kevin_magnussen,1,41,16:04:39,23.115,Base Oficial Ergast Motor Racing Database / FIA Timing Sheets
2018,20,leclerc,1,35,15:57:04,23.593,Base Oficial Ergast Motor Racing Database / FIA Timing Sheets
2018,20,max_verstappen,1,35,15:56:38,23.432,Base Oficial Ergast Motor Racing Database / FIA Timing Sheets
2018,20,ocon,1,40,16:03:50,27.226,Base Oficial Ergast Motor Racing Database / FIA Timing Sheets
2018,20,ocon,2,57,16:25:23,31.198,Base Oficial Ergast Motor Racing Database / FIA Timing Sheets
2018,20,perez,1,39,16:02:25,23.505,Base Oficial Ergast Motor Racing Database / FIA Timing Sheets
2018,20,raikkonen,1,31,15:51:53,22.766,Base Oficial Ergast Motor Racing Database / FIA Timing Sheets
2018,20,ricciardo,1,39,16:01:41,23.3,Base Oficial Ergast Motor Racing Database / FIA Timing Sheets
2018,20,sainz,1,25,15:45:06,23.939,Base Oficial Ergast Motor Racing Database / FIA Timing Sheets
2018,20,sainz,2,48,16:14:02,23.77,Base Oficial Ergast Motor Racing Database / FIA Timing Sheets
2018,20,sirotkin,1,16,15:33:56,23.273,Base Oficial Ergast Motor Racing Database / FIA Timing Sheets
2018,20,stroll,1,17,15:35:13,24.608,Base Oficial Ergast Motor Racing Database / FIA Timing Sheets
2018,20,stroll,2,65,16:35:55,24.283,Base Oficial Ergast Motor Racing Database / FIA Timing Sheets
2018,20,vandoorne,1,28,15:49:08,22.618,Base Oficial Ergast Motor Racing Database / FIA Timing Sheets
2018,20,vettel,1,27,15:47:00,22.551,Base Oficial Ergast Motor Racing Database / FIA Timing Sheets
2018,20,vettel,2,53,16:19:07,22.683,Base Oficial Ergast Motor Racing Database / FIA Timing Sheets
2018,21,alonso,1,27,18:06:10,21.726,Base Oficial Ergast Motor Racing Database / FIA Timing Sheets
2018,21,bottas,1,16,17:45:52,21.6,Base Oficial Ergast Motor Racing Database / FIA Timing Sheets
2018,21,bottas,2,40,18:27:52,21.289,Base Oficial Ergast Motor Racing Database / FIA Timing Sheets
2018,21,brendon_hartley,1,1,17:16:20,41.012,Base Oficial Ergast Motor Racing Database / FIA Timing Sheets
2018,21,gasly,1,29,18:09:35,22.493,Base Oficial Ergast Motor Racing Database / FIA Timing Sheets
2018,21,grosjean,1,7,17:29:48,22.354,Base Oficial Ergast Motor Racing Database / FIA Timing Sheets
2018,21,hamilton,1,7,17:29:33,21.283,Base Oficial Ergast Motor Racing Database / FIA Timing Sheets
2018,21,kevin_magnussen,1,41,18:30:42,21.587,Base Oficial Ergast Motor Racing Database / FIA Timing Sheets
2018,21,leclerc,1,7,17:29:43,21.828,Base Oficial Ergast Motor Racing Database / FIA Timing Sheets
2018,21,max_verstappen,1,17,17:47:44,21.057,Base Oficial Ergast Motor Racing Database / FIA Timing Sheets
2018,21,ocon,1,18,17:49:58,21.979,Base Oficial Ergast Motor Racing Database / FIA Timing Sheets
2018,21,perez,1,26,18:04:04,22.112,Base Oficial Ergast Motor Racing Database / FIA Timing Sheets
2018,21,ricciardo,1,33,18:15:29,21.061,Base Oficial Ergast Motor Racing Database / FIA Timing Sheets
2018,21,sainz,1,37,18:23:10,21.964,Base Oficial Ergast Motor Racing Database / FIA Timing Sheets
2018,21,sirotkin,1,35,18:20:39,22.755,Base Oficial Ergast Motor Racing Database / FIA Timing Sheets
2018,21,stroll,1,40,18:29:11,22.189,Base Oficial Ergast Motor Racing Database / FIA Timing Sheets
2018,21,vandoorne,1,35,18:20:34,22.317,Base Oficial Ergast Motor Racing Database / FIA Timing Sheets
2018,21,vettel,1,15,17:44:11,22.63,Base Oficial Ergast Motor Racing Database / FIA Timing Sheets
2019,1,albon,1,14,16:34:57,21.78,Base Oficial Ergast Motor Racing Database / FIA Timing Sheets
2019,1,bottas,1,23,16:47:33,22.014,Base Oficial Ergast Motor Racing Database / FIA Timing Sheets
2019,1,gasly,1,37,17:09:14,21.269,Base Oficial Ergast Motor Racing Database / FIA Timing Sheets
2019,1,giovinazzi,1,27,16:54:58,27.172,Base Oficial Ergast Motor Racing Database / FIA Timing Sheets
2019,1,grosjean,1,15,16:36:19,29.981,Base Oficial Ergast Motor Racing Database / FIA Timing Sheets
2019,1,hamilton,1,15,16:35:52,21.515,Base Oficial Ergast Motor Racing Database / FIA Timing Sheets
2019,1,hulkenberg,1,13,16:33:19,21.588,Base Oficial Ergast Motor Racing Database / FIA Timing Sheets
2019,1,kevin_magnussen,1,14,16:34:47,22.388,Base Oficial Ergast Motor Racing Database / FIA Timing Sheets
2019,1,kubica,1,1,16:15:28,32.997,Base Oficial Ergast Motor Racing Database / FIA Timing Sheets
2019,1,kubica,2,28,16:58:10,22.343,Base Oficial Ergast Motor Racing Database / FIA Timing Sheets
2019,1,kubica,3,44,17:22:42,21.889,Base Oficial Ergast Motor Racing Database / FIA Timing Sheets
2019,1,kvyat,1,26,16:52:54,22.086,Base Oficial Ergast Motor Racing Database / FIA Timing Sheets
2019,1,leclerc,1,28,16:55:26,22.306,Base Oficial Ergast Motor Racing Database / FIA Timing Sheets
2019,1,max_verstappen,1,25,16:50:47,21.157,Base Oficial Ergast Motor Racing Database / FIA Timing Sheets
2019,1,norris,1,15,16:36:25,21.627,Base Oficial Ergast Motor Racing Database / FIA Timing Sheets
2019,1,perez,1,13,16:33:28,23.234,Base Oficial Ergast Motor Racing Database / FIA Timing Sheets
2019,1,raikkonen,1,12,16:31:50,23.299,Base Oficial Ergast Motor Racing Database / FIA Timing Sheets
2019,1,ricciardo,1,1,16:15:30,33.027,Base Oficial Ergast Motor Racing Database / FIA Timing Sheets
2019,1,russell,1,26,16:53:46,21.689,Base Oficial Ergast Motor Racing Database / FIA Timing Sheets
2019,1,russell,2,42,17:18:18,21.543,Base Oficial Ergast Motor Racing Database / FIA Timing Sheets
2019,1,stroll,1,27,16:54:21,22.471,Base Oficial Ergast Motor Racing Database / FIA Timing Sheets
2019,1,vettel,1,14,16:34:28,21.995,Base Oficial Ergast Motor Racing Database / FIA Timing Sheets
2019,2,albon,1,9,18:28:33,25.659,Base Oficial Ergast Motor Racing Database / FIA Timing Sheets
2019,2,albon,2,25,18:55:06,24.842,Base Oficial Ergast Motor Racing Database / FIA Timing Sheets
2019,2,bottas,1,12,18:33:08,24.865,Base Oficial Ergast Motor Racing Database / FIA Timing Sheets
2019,2,bottas,2,37,19:13:58,24.433,Base Oficial Ergast Motor Racing Database / FIA Timing Sheets
2019,2,gasly,1,9,18:28:32,27.557,Base Oficial Ergast Motor Racing Database / FIA Timing Sheets
2019,2,gasly,2,39,19:17:58,24.484,Base Oficial Ergast Motor Racing Database / FIA Timing Sheets
2019,2,giovinazzi,1,16,18:40:11,27.725,Base Oficial Ergast Motor Racing Database / FIA Timing Sheets
2019,2,giovinazzi,2,40,19:19:55,24.88,Base Oficial Ergast Motor Racing Database / FIA Timing Sheets
2019,2,grosjean,1,1,18:15:49,32.082,Base Oficial Ergast Motor Racing Database / FIA Timing Sheets
2019,2,hamilton,1,13,18:34:41,24.255,Base Oficial Ergast Motor Racing Database / FIA Timing Sheets
2019,2,hamilton,2,34,19:08:53,24.324,Base Oficial Ergast Motor Racing Database / FIA Timing Sheets
2019,2,hulkenberg,1,12,18:33:19,25.498,Base Oficial Ergast Motor Racing Database / FIA Timing Sheets
2019,2,hulkenberg,2,32,19:06:16,25.253,Base Oficial Ergast Motor Racing Database / FIA Timing Sheets
2019,2,kevin_magnussen,1,10,18:30:10,24.948,Base Oficial Ergast Motor Racing Database / FIA Timing Sheets
2019,2,kevin_magnussen,2,38,19:16:47,25.982,Base Oficial Ergast Motor Racing Database / FIA Timing Sheets
2019,2,kubica,1,11,18:32:04,24.667,Base Oficial Ergast Motor Racing Database / FIA Timing Sheets
2019,2,kubica,2,27,18:59:03,24.313,Base Oficial Ergast Motor Racing Database / FIA Timing Sheets
2019,2,kvyat,1,12,18:33:44,26.508,Base Oficial Ergast Motor Racing Database / FIA Timing Sheets
2019,2,kvyat,2,38,19:16:45,30.761,Base Oficial Ergast Motor Racing Database / FIA Timing Sheets
2019,2,leclerc,1,13,18:34:36,24.518,Base Oficial Ergast Motor Racing Database / FIA Timing Sheets
2019,2,leclerc,2,36,19:11:54,24.358,Base Oficial Ergast Motor Racing Database / FIA Timing Sheets
2019,2,max_verstappen,1,11,18:31:32,24.199,Base Oficial Ergast Motor Racing Database / FIA Timing Sheets
2019,2,max_verstappen,2,32,19:05:59,26.729,Base Oficial Ergast Motor Racing Database / FIA Timing Sheets
2019,2,norris,1,10,18:30:09,24.175,Base Oficial Ergast Motor Racing Database / FIA Timing Sheets
2019,2,norris,2,34,19:09:37,24.717,Base Oficial Ergast Motor Racing Database / FIA Timing Sheets
2019,2,perez,1,8,18:26:49,27.136,Base Oficial Ergast Motor Racing Database / FIA Timing Sheets
2019,2,perez,2,33,19:08:18,26.798,Base Oficial Ergast Motor Racing Database / FIA Timing Sheets
2019,2,raikkonen,1,9,18:28:25,25.647,Base Oficial Ergast Motor Racing Database / FIA Timing Sheets
2019,2,raikkonen,2,33,19:08:04,25.621,Base Oficial Ergast Motor Racing Database / FIA Timing Sheets
2019,2,ricciardo,1,24,18:53:09,25.676,Base Oficial Ergast Motor Racing Database / FIA Timing Sheets
2019,2,russell,1,12,18:33:46,24.633,Base Oficial Ergast Motor Racing Database / FIA Timing Sheets
2019,2,russell,2,26,18:57:17,24.912,Base Oficial Ergast Motor Racing Database / FIA Timing Sheets
2019,2,sainz,1,4,18:20:43,45.543,Base Oficial Ergast Motor Racing Database / FIA Timing Sheets
2019,2,sainz,2,24,18:54:12,25.034,Base Oficial Ergast Motor Racing Database / FIA Timing Sheets
2019,2,sainz,3,40,19:20:46,24.985,Base Oficial Ergast Motor Racing Database / FIA Timing Sheets
2019,2,stroll,1,1,18:15:42,34.338,Base Oficial Ergast Motor Racing Database / FIA Timing Sheets
2019,2,stroll,2,23,18:52:28,26.6,Base Oficial Ergast Motor Racing Database / FIA Timing Sheets
2019,2,vettel,1,14,18:36:18,24.228,Base Oficial Ergast Motor Racing Database / FIA Timing Sheets
2019,2,vettel,2,35,19:10:26,24.212,Base Oficial Ergast Motor Racing Database / FIA Timing Sheets
2019,2,vettel,3,38,19:15:58,34.193,Base Oficial Ergast Motor Racing Database / FIA Timing Sheets
2019,3,albon,1,19,14:46:02,23.215,Base Oficial Ergast Motor Racing Database / FIA Timing Sheets
2019,3,bottas,1,21,14:48:27,22.196,Base Oficial Ergast Motor Racing Database / FIA Timing Sheets
2019,3,bottas,2,36,15:13:10,24.083,Base Oficial Ergast Motor Racing Database / FIA Timing Sheets
2019,3,gasly,1,19,14:45:31,22.301,Base Oficial Ergast Motor Racing Database / FIA Timing Sheets
2019,3,gasly,2,39,15:18:48,22.722,Base Oficial Ergast Motor Racing Database / FIA Timing Sheets
2019,3,gasly,3,53,15:41:53,22.408,Base Oficial Ergast Motor Racing Database / FIA Timing Sheets
2019,3,giovinazzi,1,7,14:25:51,25.184,Base Oficial Ergast Motor Racing Database / FIA Timing Sheets
2019,3,giovinazzi,2,30,15:04:51,25.137,Base Oficial Ergast Motor Racing Database / FIA Timing Sheets
2019,3,grosjean,1,8,14:27:26,23.261,Base Oficial Ergast Motor Racing Database / FIA Timing Sheets
2019,3,grosjean,2,35,15:12:56,23.52,Base Oficial Ergast Motor Racing Database / FIA Timing Sheets
2019,3,hamilton,1,22,14:50:01,22.644,Base Oficial Ergast Motor Racing Database / FIA Timing Sheets
2019,3,hamilton,2,36,15:13:05,23.597,Base Oficial Ergast Motor Racing Database / FIA Timing Sheets
2019,3,hulkenberg,1,11,14:32:24,24.107,Base Oficial Ergast Motor Racing Database / FIA Timing Sheets
2019,3,kevin_magnussen,1,9,14:29:10,23.964,Base Oficial Ergast Motor Racing Database / FIA Timing Sheets
2019,3,kevin_magnussen,2,33,15:09:45,23.383,Base Oficial Ergast Motor Racing Database / FIA Timing Sheets
2019,3,kubica,1,26,14:58:30,32.627,Base Oficial Ergast Motor Racing Database / FIA Timing Sheets
2019,3,kvyat,1,7,14:25:49,17.257,Base Oficial Ergast Motor Racing Database / FIA Timing Sheets
2019,3,kvyat,2,25,14:56:18,26.05,Base Oficial Ergast Motor Racing Database / FIA Timing Sheets
2019,3,kvyat,3,30,15:04:57,43.206,Base Oficial Ergast Motor Racing Database / FIA Timing Sheets
2019,3,leclerc,1,22,14:50:21,22.921,Base Oficial Ergast Motor Racing Database / FIA Timing Sheets
2019,3,leclerc,2,42,15:23:18,24.227,Base Oficial Ergast Motor Racing Database / FIA Timing Sheets
2019,3,max_verstappen,1,17,14:42:01,23.223,Base Oficial Ergast Motor Racing Database / FIA Timing Sheets
2019,3,max_verstappen,2,34,15:10:12,22.365,Base Oficial Ergast Motor Racing Database / FIA Timing Sheets
2019,3,norris,1,1,14:15:45,50.738,Base Oficial Ergast Motor Racing Database / FIA Timing Sheets
2019,3,norris,2,17,14:43:26,33.638,Base Oficial Ergast Motor Racing Database / FIA Timing Sheets
2019,3,norris,3,34,15:12:20,22.524,Base Oficial Ergast Motor Racing Database / FIA Timing Sheets
2019,3,perez,1,20,14:47:27,23.733,Base Oficial Ergast Motor Racing Database / FIA Timing Sheets
2019,3,raikkonen,1,25,14:55:54,23.888,Base Oficial Ergast Motor Racing Database / FIA Timing Sheets
2019,3,ricciardo,1,18,14:44:01,23.506,Base Oficial Ergast Motor Racing Database / FIA Timing Sheets
2019,3,russell,1,22,14:51:29,24.332,Base Oficial Ergast Motor Racing Database / FIA Timing Sheets
2019,3,russell,2,49,15:37:27,23.965,Base Oficial Ergast Motor Racing Database / FIA Timing Sheets
2019,3,sainz,1,1,14:15:38,45.878,Base Oficial Ergast Motor Racing Database / FIA Timing Sheets
2019,3,sainz,2,36,15:14:58,22.532,Base Oficial Ergast Motor Racing Database / FIA Timing Sheets
2019,3,stroll,1,20,14:47:41,23.466,Base Oficial Ergast Motor Racing Database / FIA Timing Sheets
2019,3,stroll,2,44,15:27:57,23.515,Base Oficial Ergast Motor Racing Database / FIA Timing Sheets
2019,3,vettel,1,18,14:43:39,22.749,Base Oficial Ergast Motor Racing Database / FIA Timing Sheets
2019,3,vettel,2,35,15:11:41,22.316,Base Oficial Ergast Motor Racing Database / FIA Timing Sheets
2019,4,albon,1,12,16:36:16,20.72,Base Oficial Ergast Motor Racing Database / FIA Timing Sheets
2019,4,bottas,1,12,16:35:24,20.006,Base Oficial Ergast Motor Racing Database / FIA Timing Sheets
2019,4,giovinazzi,1,7,16:27:02,20.776,Base Oficial Ergast Motor Racing Database / FIA Timing Sheets
2019,4,grosjean,1,34,17:16:33,20.906,Base Oficial Ergast Motor Racing Database / FIA Timing Sheets
2019,4,hamilton,1,13,16:37:17,19.993,Base Oficial Ergast Motor Racing Database / FIA Timing Sheets
2019,4,hulkenberg,1,8,16:28:49,21.325,Base Oficial Ergast Motor Racing Database / FIA Timing Sheets
2019,4,hulkenberg,2,34,17:16:30,20.87,Base Oficial Ergast Motor Racing Database / FIA Timing Sheets
2019,4,kevin_magnussen,1,7,16:26:55,20.118,Base Oficial Ergast Motor Racing Database / FIA Timing Sheets
2019,4,kevin_magnussen,2,39,17:26:07,20.859,Base Oficial Ergast Motor Racing Database / FIA Timing Sheets
2019,4,kubica,1,14,16:40:06,15.069,Base Oficial Ergast Motor Racing Database / FIA Timing Sheets
2019,4,kubica,2,23,16:57:00,21.037,Base Oficial Ergast Motor Racing Database / FIA Timing Sheets
2019,4,kubica,3,42,17:33:14,20.703,Base Oficial Ergast Motor Racing Database / FIA Timing Sheets
2019,4,kvyat,1,5,16:23:10,21.013,Base Oficial Ergast Motor Racing Database / FIA Timing Sheets
2019,4,leclerc,1,34,17:14:53,20.382,Base Oficial Ergast Motor Racing Database / FIA Timing Sheets
2019,4,leclerc,2,47,17:39:16,19.857,Base Oficial Ergast Motor Racing Database / FIA Timing Sheets
2019,4,max_verstappen,1,14,16:39:16,20.973,Base Oficial Ergast Motor Racing Database / FIA Timing Sheets
2019,4,norris,1,9,16:30:25,19.819,Base Oficial Ergast Motor Racing Database / FIA Timing Sheets
2019,4,norris,2,39,17:25:02,22.08,Base Oficial Ergast Motor Racing Database / FIA Timing Sheets
2019,4,perez,1,10,16:32:13,20.939,Base Oficial Ergast Motor Racing Database / FIA Timing Sheets
2019,4,raikkonen,1,6,16:25:08,21.401,Base Oficial Ergast Motor Racing Database / FIA Timing Sheets
2019,4,ricciardo,1,10,16:32:28,20.884,Base Oficial Ergast Motor Racing Database / FIA Timing Sheets
2019,4,russell,1,25,17:00:30,20.475,Base Oficial Ergast Motor Racing Database / FIA Timing Sheets
2019,4,russell,2,38,17:24:45,20.751,Base Oficial Ergast Motor Racing Database / FIA Timing Sheets
2019,4,sainz,1,12,16:35:58,19.755,Base Oficial Ergast Motor Racing Database / FIA Timing Sheets
2019,4,stroll,1,10,16:32:27,23.099,Base Oficial Ergast Motor Racing Database / FIA Timing Sheets
2019,4,vettel,1,11,16:33:45,19.981,Base Oficial Ergast Motor Racing Database / FIA Timing Sheets
2019,5,albon,1,25,15:48:27,23.591,Base Oficial Ergast Motor Racing Database / FIA Timing Sheets
2019,5,albon,2,45,16:16:34,37.345,Base Oficial Ergast Motor Racing Database / FIA Timing Sheets
2019,5,bottas,1,26,15:49:04,22.034,Base Oficial Ergast Motor Racing Database / FIA Timing Sheets
2019,5,bottas,2,45,16:15:21,22.018,Base Oficial Ergast Motor Racing Database / FIA Timing Sheets
2019,5,gasly,1,22,15:43:55,22.563,Base Oficial Ergast Motor Racing Database / FIA Timing Sheets
2019,5,gasly,2,46,16:18:00,22.095,Base Oficial Ergast Motor Racing Database / FIA Timing Sheets
2019,5,giovinazzi,1,6,15:21:55,22.381,Base Oficial Ergast Motor Racing Database / FIA Timing Sheets
2019,5,giovinazzi,2,41,16:12:09,23.507,Base Oficial Ergast Motor Racing Database / FIA Timing Sheets
2019,5,grosjean,1,26,15:49:40,22.379,Base Oficial Ergast Motor Racing Database / FIA Timing Sheets
2019,5,grosjean,2,46,16:18:13,22.732,Base Oficial Ergast Motor Racing Database / FIA Timing Sheets
2019,5,hamilton,1,27,15:50:16,22.265,Base Oficial Ergast Motor Racing Database / FIA Timing Sheets
2019,5,hamilton,2,46,16:16:43,22.511,Base Oficial Ergast Motor Racing Database / FIA Timing Sheets
2019,5,hulkenberg,1,35,16:02:40,22.193,Base Oficial Ergast Motor Racing Database / FIA Timing Sheets
2019,5,kevin_magnussen,1,23,15:45:34,22.025,Base Oficial Ergast Motor Racing Database / FIA Timing Sheets
2019,5,kevin_magnussen,2,45,16:16:29,22.992,Base Oficial Ergast Motor Racing Database / FIA Timing Sheets
2019,5,kubica,1,31,15:58:16,21.954,Base Oficial Ergast Motor Racing Database / FIA Timing Sheets
2019,5,kubica,2,44,16:17:59,22.142,Base Oficial Ergast Motor Racing Database / FIA Timing Sheets
2019,5,kvyat,1,21,15:42:48,22.049,Base Oficial Ergast Motor Racing Database / FIA Timing Sheets
2019,5,kvyat,2,45,16:16:25,33.821,Base Oficial Ergast Motor Racing Database / FIA Timing Sheets
2019,5,leclerc,1,25,15:47:53,23.646,Base Oficial Ergast Motor Racing Database / FIA Timing Sheets
2019,5,leclerc,2,46,16:17:34,21.638,Base Oficial Ergast Motor Racing Database / FIA Timing Sheets
2019,5,max_verstappen,1,20,15:40:52,22.417,Base Oficial Ergast Motor Racing Database / FIA Timing Sheets
2019,5,max_verstappen,2,43,16:12:43,22.54,Base Oficial Ergast Motor Racing Database / FIA Timing Sheets
2019,5,norris,1,26,15:50:07,21.579,Base Oficial Ergast Motor Racing Database / FIA Timing Sheets
2019,5,perez,1,24,15:47:11,22.781,Base Oficial Ergast Motor Racing Database / FIA Timing Sheets
2019,5,perez,2,45,16:17:06,22.896,Base Oficial Ergast Motor Racing Database / FIA Timing Sheets
2019,5,raikkonen,1,28,15:53:02,22.342,Base Oficial Ergast Motor Racing Database / FIA Timing Sheets
2019,5,raikkonen,2,45,16:17:38,22.549,Base Oficial Ergast Motor Racing Database / FIA Timing Sheets
2019,5,ricciardo,1,24,15:47:07,22.379,Base Oficial Ergast Motor Racing Database / FIA Timing Sheets
2019,5,ricciardo,2,45,16:16:58,22.702,Base Oficial Ergast Motor Racing Database / FIA Timing Sheets
2019,5,russell,1,32,15:59:33,22.442,Base Oficial Ergast Motor Racing Database / FIA Timing Sheets
2019,5,russell,2,44,16:17:28,21.846,Base Oficial Ergast Motor Racing Database / FIA Timing Sheets
2019,5,sainz,1,24,15:47:10,21.468,Base Oficial Ergast Motor Racing Database / FIA Timing Sheets
2019,5,sainz,2,46,16:18:55,21.545,Base Oficial Ergast Motor Racing Database / FIA Timing Sheets
2019,5,stroll,1,22,15:44:26,23.321,Base Oficial Ergast Motor Racing Database / FIA Timing Sheets
2019,5,vettel,1,19,15:39:39,23.746,Base Oficial Ergast Motor Racing Database / FIA Timing Sheets
2019,5,vettel,2,40,16:08:48,21.643,Base Oficial Ergast Motor Racing Database / FIA Timing Sheets
2019,6,albon,1,40,16:07:15,25.062,Base Oficial Ergast Motor Racing Database / FIA Timing Sheets
2019,6,bottas,1,11,15:27:11,25.03,Base Oficial Ergast Motor Racing Database / FIA Timing Sheets
2019,6,bottas,2,12,15:29:18,24.776,Base Oficial Ergast Motor Racing Database / FIA Timing Sheets
2019,6,gasly,1,27,15:50:18,24.161,Base Oficial Ergast Motor Racing Database / FIA Timing Sheets
2019,6,gasly,2,62,16:35:42,23.858,Base Oficial Ergast Motor Racing Database / FIA Timing Sheets
2019,6,giovinazzi,1,44,16:13:29,35.651,Base Oficial Ergast Motor Racing Database / FIA Timing Sheets
2019,6,grosjean,1,50,16:20:12,24.219,Base Oficial Ergast Motor Racing Database / FIA Timing Sheets
2019,6,hamilton,1,11,15:27:03,24.266,Base Oficial Ergast Motor Racing Database / FIA Timing Sheets
2019,6,hulkenberg,1,9,15:24:59,25.532,Base Oficial Ergast Motor Racing Database / FIA Timing Sheets
2019,6,kevin_magnussen,1,11,15:27:55,25.419,Base Oficial Ergast Motor Racing Database / FIA Timing Sheets
2019,6,kubica,1,21,15:43:09,23.946,Base Oficial Ergast Motor Racing Database / FIA Timing Sheets
2019,6,kvyat,1,32,15:56:48,24.023,Base Oficial Ergast Motor Racing Database / FIA Timing Sheets
2019,6,leclerc,1,9,15:25:11,25.964,Base Oficial Ergast Motor Racing Database / FIA Timing Sheets
2019,6,leclerc,2,16,15:36:31,25.705,Base Oficial Ergast Motor Racing Database / FIA Timing Sheets
2019,6,max_verstappen,1,11,15:27:12,24.011,Base Oficial Ergast Motor Racing Database / FIA Timing Sheets
2019,6,norris,1,47,16:16:57,25.026,Base Oficial Ergast Motor Racing Database / FIA Timing Sheets
2019,6,perez,1,11,15:28:09,28.463,Base Oficial Ergast Motor Racing Database / FIA Timing Sheets
2019,6,raikkonen,1,46,16:15:59,26.299,Base Oficial Ergast Motor Racing Database / FIA Timing Sheets
2019,6,ricciardo,1,11,15:27:55,24.269,Base Oficial Ergast Motor Racing Database / FIA Timing Sheets
2019,6,russell,1,10,15:26:35,26.165,Base Oficial Ergast Motor Racing Database / FIA Timing Sheets
2019,6,sainz,1,30,15:54:15,23.795,Base Oficial Ergast Motor Racing Database / FIA Timing Sheets
2019,6,stroll,1,39,16:06:35,24.591,Base Oficial Ergast Motor Racing Database / FIA Timing Sheets
2019,6,vettel,1,11,15:27:12,24.483,Base Oficial Ergast Motor Racing Database / FIA Timing Sheets
2019,7,albon,1,1,14:14:33,37.95,Base Oficial Ergast Motor Racing Database / FIA Timing Sheets
2019,7,bottas,1,30,14:51:51,23.994,Base Oficial Ergast Motor Racing Database / FIA Timing Sheets
2019,7,bottas,2,67,15:38:52,23.456,Base Oficial Ergast Motor Racing Database / FIA Timing Sheets
2019,7,gasly,1,7,14:22:11,23.485,Base Oficial Ergast Motor Racing Database / FIA Timing Sheets
2019,7,giovinazzi,1,33,14:56:30,23.884,Base Oficial Ergast Motor Racing Database / FIA Timing Sheets
2019,7,grosjean,1,34,14:57:56,24.071,Base Oficial Ergast Motor Racing Database / FIA Timing Sheets
2019,7,hamilton,1,28,14:48:57,23.662,Base Oficial Ergast Motor Racing Database / FIA Timing Sheets
2019,7,hulkenberg,1,16,14:33:51,24.03,Base Oficial Ergast Motor Racing Database / FIA Timing Sheets
2019,7,kevin_magnussen,1,39,15:04:54,24.381,Base Oficial Ergast Motor Racing Database / FIA Timing Sheets
2019,7,kubica,1,8,14:24:00,25.21,Base Oficial Ergast Motor Racing Database / FIA Timing Sheets
2019,7,kubica,2,38,15:04:19,23.119,Base Oficial Ergast Motor Racing Database / FIA Timing Sheets
2019,7,kvyat,1,12,14:28:56,23.825,Base Oficial Ergast Motor Racing Database / FIA Timing Sheets
2019,7,leclerc,1,33,14:55:25,23.732,Base Oficial Ergast Motor Racing Database / FIA Timing Sheets
2019,7,max_verstappen,1,48,15:14:55,23.426,Base Oficial Ergast Motor Racing Database / FIA Timing Sheets
2019,7,perez,1,11,14:27:40,24.076,Base Oficial Ergast Motor Racing Database / FIA Timing Sheets
2019,7,raikkonen,1,6,14:21:09,25.342,Base Oficial Ergast Motor Racing Database / FIA Timing Sheets
2019,7,raikkonen,2,58,15:28:58,24.666,Base Oficial Ergast Motor Racing Database / FIA Timing Sheets
2019,7,ricciardo,1,8,14:23:27,23.927,Base Oficial Ergast Motor Racing Database / FIA Timing Sheets
2019,7,russell,1,9,14:25:14,23.686,Base Oficial Ergast Motor Racing Database / FIA Timing Sheets
2019,7,sainz,1,3,14:17:05,24.727,Base Oficial Ergast Motor Racing Database / FIA Timing Sheets
2019,7,stroll,1,45,15:11:32,23.727,Base Oficial Ergast Motor Racing Database / FIA Timing Sheets
2019,7,vettel,1,26,14:46:21,23.782,Base Oficial Ergast Motor Racing Database / FIA Timing Sheets
2019,8,albon,1,25,15:54:23,30.279,Base Oficial Ergast Motor Racing Database / FIA Timing Sheets
2019,8,bottas,1,23,15:50:09,30.412,Base Oficial Ergast Motor Racing Database / FIA Timing Sheets
2019,8,gasly,1,17,15:41:13,30.228,Base Oficial Ergast Motor Racing Database / FIA Timing Sheets
2019,8,giovinazzi,1,7,15:25:01,30.842,Base Oficial Ergast Motor Racing Database / FIA Timing Sheets
2019,8,giovinazzi,2,34,16:09:23,31.697,Base Oficial Ergast Motor Racing Database / FIA Timing Sheets
2019,8,grosjean,1,31,16:04:18,30.837,Base Oficial Ergast Motor Racing Database / FIA Timing Sheets
2019,8,hamilton,1,24,15:51:35,30.186,Base Oficial Ergast Motor Racing Database / FIA Timing Sheets
2019,8,hulkenberg,1,34,16:08:41,30.884,Base Oficial Ergast Motor Racing Database / FIA Timing Sheets
2019,8,kevin_magnussen,1,16,15:39:52,30.832,Base Oficial Ergast Motor Racing Database / FIA Timing Sheets
2019,8,kubica,1,24,15:53:31,29.792,Base Oficial Ergast Motor Racing Database / FIA Timing Sheets
2019,8,kvyat,1,32,16:05:49,30.233,Base Oficial Ergast Motor Racing Database / FIA Timing Sheets
2019,8,leclerc,1,21,15:47:03,30.203,Base Oficial Ergast Motor Racing Database / FIA Timing Sheets
2019,8,max_verstappen,1,20,15:45:33,30.118,Base Oficial Ergast Motor Racing Database / FIA Timing Sheets
2019,8,norris,1,18,15:42:44,30.576,Base Oficial Ergast Motor Racing Database / FIA Timing Sheets
2019,8,perez,1,18,15:42:54,37.286,Base Oficial Ergast Motor Racing Database / FIA Timing Sheets
2019,8,raikkonen,1,31,16:03:51,29.975,Base Oficial Ergast Motor Racing Database / FIA Timing Sheets
2019,8,ricciardo,1,16,15:39:36,31.031,Base Oficial Ergast Motor Racing Database / FIA Timing Sheets
2019,8,russell,1,25,15:55:03,31.95,Base Oficial Ergast Motor Racing Database / FIA Timing Sheets
2019,8,russell,2,33,16:08:33,37.494,Base Oficial Ergast Motor Racing Database / FIA Timing Sheets
2019,8,sainz,1,19,15:44:20,29.92,Base Oficial Ergast Motor Racing Database / FIA Timing Sheets
2019,8,stroll,1,39,16:16:51,30.849,Base Oficial Ergast Motor Racing Database / FIA Timing Sheets
2019,8,vettel,1,25,15:53:36,30.044,Base Oficial Ergast Motor Racing Database / FIA Timing Sheets
2019,8,vettel,2,51,16:35:13,30.468,Base Oficial Ergast Motor Racing Database / FIA Timing Sheets
2019,9,albon,1,35,15:54:33,21.225,Base Oficial Ergast Motor Racing Database / FIA Timing Sheets
2019,9,bottas,1,21,15:37:18,22.552,Base Oficial Ergast Motor Racing Database / FIA Timing Sheets
2019,9,gasly,1,25,15:42:27,22.239,Base Oficial Ergast Motor Racing Database / FIA Timing Sheets
2019,9,giovinazzi,1,24,15:41:20,21.672,Base Oficial Ergast Motor Racing Database / FIA Timing Sheets
2019,9,grosjean,1,34,15:53:32,22.265,Base Oficial Ergast Motor Racing Database / FIA Timing Sheets
2019,9,hamilton,1,30,15:47:46,30.067,Base Oficial Ergast Motor Racing Database / FIA Timing Sheets
2019,9,hulkenberg,1,26,15:43:43,21.985,Base Oficial Ergast Motor Racing Database / FIA Timing Sheets
2019,9,kevin_magnussen,1,11,15:26:15,23.243,Base Oficial Ergast Motor Racing Database / FIA Timing Sheets
2019,9,kevin_magnussen,2,13,15:29:01,16.224,Base Oficial Ergast Motor Racing Database / FIA Timing Sheets
2019,9,kevin_magnussen,3,62,16:27:00,22.309,Base Oficial Ergast Motor Racing Database / FIA Timing Sheets
2019,9,kubica,1,19,15:36:00,21.525,Base Oficial Ergast Motor Racing Database / FIA Timing Sheets
2019,9,kvyat,1,32,15:51:13,25.091,Base Oficial Ergast Motor Racing Database / FIA Timing Sheets
2019,9,leclerc,1,22,15:38:23,21.878,Base Oficial Ergast Motor Racing Database / FIA Timing Sheets
2019,9,max_verstappen,1,31,15:49:00,21.11,Base Oficial Ergast Motor Racing Database / FIA Timing Sheets
2019,9,norris,1,25,15:42:23,21.547,Base Oficial Ergast Motor Racing Database / FIA Timing Sheets
2019,9,perez,1,28,15:46:02,22.33,Base Oficial Ergast Motor Racing Database / FIA Timing Sheets
2019,9,raikkonen,1,23,15:40:05,21.709,Base Oficial Ergast Motor Racing Database / FIA Timing Sheets
2019,9,ricciardo,1,46,16:07:18,22.305,Base Oficial Ergast Motor Racing Database / FIA Timing Sheets
2019,9,russell,1,27,15:45:22,22.772,Base Oficial Ergast Motor Racing Database / FIA Timing Sheets
2019,9,sainz,1,41,16:01:19,21.266,Base Oficial Ergast Motor Racing Database / FIA Timing Sheets
2019,9,stroll,1,25,15:42:36,21.982,Base Oficial Ergast Motor Racing Database / FIA Timing Sheets
2019,9,vettel,1,21,15:37:22,25.236,Base Oficial Ergast Motor Racing Database / FIA Timing Sheets
2019,9,vettel,2,50,16:11:04,22.251,Base Oficial Ergast Motor Racing Database / FIA Timing Sheets
2019,10,albon,1,13,14:33:18,28.954,Base Oficial Ergast Motor Racing Database / FIA Timing Sheets
2019,10,bottas,1,16,14:37:23,28.493,Base Oficial Ergast Motor Racing Database / FIA Timing Sheets
2019,10,bottas,2,45,15:23:52,28.177,Base Oficial Ergast Motor Racing Database / FIA Timing Sheets
2019,10,gasly,1,12,14:31:30,27.905,Base Oficial Ergast Motor Racing Database / FIA Timing Sheets
2019,10,grosjean,1,1,14:15:12,33.562,Base Oficial Ergast Motor Racing Database / FIA Timing Sheets
2019,10,hamilton,1,20,14:43:34,28.905,Base Oficial Ergast Motor Racing Database / FIA Timing Sheets
2019,10,hulkenberg,1,13,14:33:19,28.926,Base Oficial Ergast Motor Racing Database / FIA Timing Sheets
2019,10,kevin_magnussen,1,1,14:15:41,32.767,Base Oficial Ergast Motor Racing Database / FIA Timing Sheets
2019,10,kubica,1,20,14:45:15,28.694,Base Oficial Ergast Motor Racing Database / FIA Timing Sheets
2019,10,kvyat,1,12,14:31:52,29.377,Base Oficial Ergast Motor Racing Database / FIA Timing Sheets
2019,10,kvyat,2,21,14:47:13,28.811,Base Oficial Ergast Motor Racing Database / FIA Timing Sheets
2019,10,leclerc,1,13,14:32:59,28.558,Base Oficial Ergast Motor Racing Database / FIA Timing Sheets
2019,10,leclerc,2,21,14:46:29,28.348,Base Oficial Ergast Motor Racing Database / FIA Timing Sheets
2019,10,max_verstappen,1,13,14:33:00,27.827,Base Oficial Ergast Motor Racing Database / FIA Timing Sheets
2019,10,max_verstappen,2,20,14:44:20,27.95,Base Oficial Ergast Motor Racing Database / FIA Timing Sheets
2019,10,norris,1,13,14:33:12,28.275,Base Oficial Ergast Motor Racing Database / FIA Timing Sheets
2019,10,norris,2,35,15:09:29,27.919,Base Oficial Ergast Motor Racing Database / FIA Timing Sheets
2019,10,perez,1,18,14:41:03,30.264,Base Oficial Ergast Motor Racing Database / FIA Timing Sheets
2019,10,perez,2,24,14:52:57,38.032,Base Oficial Ergast Motor Racing Database / FIA Timing Sheets
2019,10,perez,3,46,15:26:57,28.747,Base Oficial Ergast Motor Racing Database / FIA Timing Sheets
2019,10,raikkonen,1,17,14:39:34,28.364,Base Oficial Ergast Motor Racing Database / FIA Timing Sheets
2019,10,ricciardo,1,12,14:31:41,28.416,Base Oficial Ergast Motor Racing Database / FIA Timing Sheets
2019,10,ricciardo,2,20,14:44:42,28.381,Base Oficial Ergast Motor Racing Database / FIA Timing Sheets
2019,10,russell,1,21,14:47:16,30.245,Base Oficial Ergast Motor Racing Database / FIA Timing Sheets
2019,10,sainz,1,20,14:44:26,27.98,Base Oficial Ergast Motor Racing Database / FIA Timing Sheets
2019,10,stroll,1,13,14:33:24,30.4,Base Oficial Ergast Motor Racing Database / FIA Timing Sheets
2019,10,stroll,2,39,15:15:42,29.074,Base Oficial Ergast Motor Racing Database / FIA Timing Sheets
2019,10,vettel,1,20,14:43:56,28.021,Base Oficial Ergast Motor Racing Database / FIA Timing Sheets
2019,10,vettel,2,38,15:14:24,38.468,Base Oficial Ergast Motor Racing Database / FIA Timing Sheets
2019,11,albon,1,2,15:23:41,20.576,Base Oficial Ergast Motor Racing Database / FIA Timing Sheets
2019,11,albon,2,27,16:04:06,21.501,Base Oficial Ergast Motor Racing Database / FIA Timing Sheets
2019,11,albon,3,28,16:06:20,21.732,Base Oficial Ergast Motor Racing Database / FIA Timing Sheets
2019,11,albon,4,46,16:38:47,19.931,Base Oficial Ergast Motor Racing Database / FIA Timing Sheets
2019,11,bottas,1,3,15:25:19,22.243,Base Oficial Ergast Motor Racing Database / FIA Timing Sheets
2019,11,bottas,2,26,16:01:40,20.498,Base Oficial Ergast Motor Racing Database / FIA Timing Sheets
2019,11,bottas,3,30,16:09:52,21.142,Base Oficial Ergast Motor Racing Database / FIA Timing Sheets
2019,11,bottas,4,46,16:38:41,21.009,Base Oficial Ergast Motor Racing Database / FIA Timing Sheets
2019,11,gasly,1,3,15:25:33,29.667,Base Oficial Ergast Motor Racing Database / FIA Timing Sheets
2019,11,gasly,2,26,16:02:35,19.875,Base Oficial Ergast Motor Racing Database / FIA Timing Sheets
2019,11,gasly,3,28,16:06:54,20.552,Base Oficial Ergast Motor Racing Database / FIA Timing Sheets
2019,11,gasly,4,46,16:38:45,20.012,Base Oficial Ergast Motor Racing Database / FIA Timing Sheets
2019,11,giovinazzi,1,3,15:25:37,22.509,Base Oficial Ergast Motor Racing Database / FIA Timing Sheets
2019,11,giovinazzi,2,26,16:02:33,20.879,Base Oficial Ergast Motor Racing Database / FIA Timing Sheets
2019,11,giovinazzi,3,28,16:07:02,20.096,Base Oficial Ergast Motor Racing Database / FIA Timing Sheets
2019,11,giovinazzi,4,47,16:40:17,28.093,Base Oficial Ergast Motor Racing Database / FIA Timing Sheets
2019,11,grosjean,1,3,15:25:31,27.232,Base Oficial Ergast Motor Racing Database / FIA Timing Sheets
2019,11,grosjean,2,26,16:02:44,21.625,Base Oficial Ergast Motor Racing Database / FIA Timing Sheets
2019,11,grosjean,3,28,16:07:27,22.421,Base Oficial Ergast Motor Racing Database / FIA Timing Sheets
2019,11,grosjean,4,41,16:29:35,20.622,Base Oficial Ergast Motor Racing Database / FIA Timing Sheets
2019,11,grosjean,5,46,16:38:49,21.423,Base Oficial Ergast Motor Racing Database / FIA Timing Sheets
2019,11,hamilton,1,3,15:25:13,20.203,Base Oficial Ergast Motor Racing Database / FIA Timing Sheets
2019,11,hamilton,2,28,16:04:58,22.947,Base Oficial Ergast Motor Racing Database / FIA Timing Sheets
2019,11,hamilton,3,29,16:07:32,,Base Oficial Ergast Motor Racing Database / FIA Timing Sheets
2019,11,hamilton,4,47,16:40:10,27.069,Base Oficial Ergast Motor Racing Database / FIA Timing Sheets
2019,11,hamilton,5,53,16:48:53,20.015,Base Oficial Ergast Motor Racing Database / FIA Timing Sheets
2019,11,hamilton,6,56,16:53:29,19.61,Base Oficial Ergast Motor Racing Database / FIA Timing Sheets
2019,11,hulkenberg,1,3,15:25:24,22.132,Base Oficial Ergast Motor Racing Database / FIA Timing Sheets
2019,11,hulkenberg,2,15,15:44:55,20.118,Base Oficial Ergast Motor Racing Database / FIA Timing Sheets
2019,11,hulkenberg,3,29,16:07:42,20.624,Base Oficial Ergast Motor Racing Database / FIA Timing Sheets
2019,11,kevin_magnussen,1,8,15:34:19,21.106,Base Oficial Ergast Motor Racing Database / FIA Timing Sheets
2019,11,kevin_magnussen,2,21,15:55:12,21.179,Base Oficial Ergast Motor Racing Database / FIA Timing Sheets
2019,11,kevin_magnussen,3,29,16:09:20,21.359,Base Oficial Ergast Motor Racing Database / FIA Timing Sheets
2019,11,kevin_magnussen,4,42,16:31:41,20.38,Base Oficial Ergast Motor Racing Database / FIA Timing Sheets
2019,11,kevin_magnussen,5,45,16:37:20,20.285,Base Oficial Ergast Motor Racing Database / FIA Timing Sheets
2019,11,kevin_magnussen,6,57,16:54:35,20.7,Base Oficial Ergast Motor Racing Database / FIA Timing Sheets
2019,11,kubica,1,7,15:33:00,23.801,Base Oficial Ergast Motor Racing Database / FIA Timing Sheets
2019,11,kubica,2,23,15:59:08,20.436,Base Oficial Ergast Motor Racing Database / FIA Timing Sheets
2019,11,kubica,3,31,16:14:07,19.626,Base Oficial Ergast Motor Racing Database / FIA Timing Sheets
2019,11,kubica,4,46,16:38:58,20.37,Base Oficial Ergast Motor Racing Database / FIA Timing Sheets
2019,11,kubica,5,57,16:55:04,19.825,Base Oficial Ergast Motor Racing Database / FIA Timing Sheets
2019,11,kvyat,1,3,15:25:41,23.09,Base Oficial Ergast Motor Racing Database / FIA Timing Sheets
2019,11,kvyat,2,25,16:01:14,21.488,Base Oficial Ergast Motor Racing Database / FIA Timing Sheets
2019,11,kvyat,3,28,16:07:11,24.31,Base Oficial Ergast Motor Racing Database / FIA Timing Sheets
2019,11,kvyat,4,45,16:37:18,20.671,Base Oficial Ergast Motor Racing Database / FIA Timing Sheets
2019,11,leclerc,1,3,15:25:25,20.361,Base Oficial Ergast Motor Racing Database / FIA Timing Sheets
2019,11,leclerc,2,15,15:44:43,22.102,Base Oficial Ergast Motor Racing Database / FIA Timing Sheets
2019,11,leclerc,3,27,16:03:18,20.317,Base Oficial Ergast Motor Racing Database / FIA Timing Sheets
2019,11,max_verstappen,1,3,15:25:20,22.358,Base Oficial Ergast Motor Racing Database / FIA Timing Sheets
2019,11,max_verstappen,2,25,16:00:07,19.64,Base Oficial Ergast Motor Racing Database / FIA Timing Sheets
2019,11,max_verstappen,3,29,16:07:40,21.472,Base Oficial Ergast Motor Racing Database / FIA Timing Sheets
2019,11,max_verstappen,4,41,16:28:42,19.327,Base Oficial Ergast Motor Racing Database / FIA Timing Sheets
2019,11,max_verstappen,5,46,16:38:35,19.062,Base Oficial Ergast Motor Racing Database / FIA Timing Sheets
2019,11,norris,1,6,15:31:10,21.402,Base Oficial Ergast Motor Racing Database / FIA Timing Sheets
2019,11,norris,2,25,16:01:15,20.242,Base Oficial Ergast Motor Racing Database / FIA Timing Sheets
2019,11,raikkonen,1,3,15:25:22,27.256,Base Oficial Ergast Motor Racing Database / FIA Timing Sheets
2019,11,raikkonen,2,26,16:02:15,22.307,Base Oficial Ergast Motor Racing Database / FIA Timing Sheets
2019,11,raikkonen,3,28,16:06:40,21.142,Base Oficial Ergast Motor Racing Database / FIA Timing Sheets
2019,11,raikkonen,4,47,16:40:13,20.93,Base Oficial Ergast Motor Racing Database / FIA Timing Sheets
2019,11,ricciardo,1,3,15:25:39,21.224,Base Oficial Ergast Motor Racing Database / FIA Timing Sheets
2019,11,russell,1,7,15:32:56,20.718,Base Oficial Ergast Motor Racing Database / FIA Timing Sheets
2019,11,russell,2,24,16:00:34,19.287,Base Oficial Ergast Motor Racing Database / FIA Timing Sheets
2019,11,russell,3,41,16:30:14,19.345,Base Oficial Ergast Motor Racing Database / FIA Timing Sheets
2019,11,russell,4,47,16:40:24,21.634,Base Oficial Ergast Motor Racing Database / FIA Timing Sheets
2019,11,russell,5,57,16:55:08,23.445,Base Oficial Ergast Motor Racing Database / FIA Timing Sheets
2019,11,sainz,1,3,15:25:34,23.363,Base Oficial Ergast Motor Racing Database / FIA Timing Sheets
2019,11,sainz,2,27,16:04:43,19.964,Base Oficial Ergast Motor Racing Database / FIA Timing Sheets
2019,11,sainz,3,46,16:38:44,20.711,Base Oficial Ergast Motor Racing Database / FIA Timing Sheets
2019,11,stroll,1,7,15:32:46,22.696,Base Oficial Ergast Motor Racing Database / FIA Timing Sheets
2019,11,stroll,2,25,16:01:22,21.26,Base Oficial Ergast Motor Racing Database / FIA Timing Sheets
2019,11,stroll,3,28,16:08:19,21.962,Base Oficial Ergast Motor Racing Database / FIA Timing Sheets
2019,11,stroll,4,41,16:30:13,20.472,Base Oficial Ergast Motor Racing Database / FIA Timing Sheets
2019,11,stroll,5,44,16:35:25,20.152,Base Oficial Ergast Motor Racing Database / FIA Timing Sheets
2019,11,vettel,1,2,15:23:38,20.094,Base Oficial Ergast Motor Racing Database / FIA Timing Sheets
2019,11,vettel,2,23,15:57:40,20.768,Base Oficial Ergast Motor Racing Database / FIA Timing Sheets
2019,11,vettel,3,28,16:06:40,22.058,Base Oficial Ergast Motor Racing Database / FIA Timing Sheets
2019,11,vettel,4,41,16:29:20,21.256,Base Oficial Ergast Motor Racing Database / FIA Timing Sheets
2019,11,vettel,5,47,16:40:14,19.586,Base Oficial Ergast Motor Racing Database / FIA Timing Sheets
2019,12,albon,1,28,15:52:18,23.676,Base Oficial Ergast Motor Racing Database / FIA Timing Sheets
2019,12,bottas,1,5,15:19:58,33.328,Base Oficial Ergast Motor Racing Database / FIA Timing Sheets
2019,12,bottas,2,46,16:17:11,21.744,Base Oficial Ergast Motor Racing Database / FIA Timing Sheets
2019,12,gasly,1,28,15:52:02,22.104,Base Oficial Ergast Motor Racing Database / FIA Timing Sheets
2019,12,giovinazzi,1,15,15:34:25,23.218,Base Oficial Ergast Motor Racing Database / FIA Timing Sheets
2019,12,grosjean,1,19,15:39:45,22.035,Base Oficial Ergast Motor Racing Database / FIA Timing Sheets
2019,12,hamilton,1,31,15:55:15,22.88,Base Oficial Ergast Motor Racing Database / FIA Timing Sheets
2019,12,hamilton,2,48,16:18:24,21.39,Base Oficial Ergast Motor Racing Database / FIA Timing Sheets
2019,12,hulkenberg,1,36,16:03:27,21.734,Base Oficial Ergast Motor Racing Database / FIA Timing Sheets
2019,12,kevin_magnussen,1,38,16:06:21,21.618,Base Oficial Ergast Motor Racing Database / FIA Timing Sheets
2019,12,kubica,1,18,15:38:44,21.754,Base Oficial Ergast Motor Racing Database / FIA Timing Sheets
2019,12,kvyat,1,21,15:42:35,23.002,Base Oficial Ergast Motor Racing Database / FIA Timing Sheets
2019,12,leclerc,1,27,15:50:09,21.575,Base Oficial Ergast Motor Racing Database / FIA Timing Sheets
2019,12,max_verstappen,1,25,15:46:59,21.705,Base Oficial Ergast Motor Racing Database / FIA Timing Sheets
2019,12,max_verstappen,2,67,16:43:52,21.164,Base Oficial Ergast Motor Racing Database / FIA Timing Sheets
2019,12,norris,1,28,15:52:00,26.066,Base Oficial Ergast Motor Racing Database / FIA Timing Sheets
2019,12,perez,1,18,15:38:23,21.901,Base Oficial Ergast Motor Racing Database / FIA Timing Sheets
2019,12,raikkonen,1,29,15:53:23,22.205,Base Oficial Ergast Motor Racing Database / FIA Timing Sheets
2019,12,ricciardo,1,46,16:17:28,22.498,Base Oficial Ergast Motor Racing Database / FIA Timing Sheets
2019,12,russell,1,16,15:35:47,21.333,Base Oficial Ergast Motor Racing Database / FIA Timing Sheets
2019,12,sainz,1,29,15:53:20,21.832,Base Oficial Ergast Motor Racing Database / FIA Timing Sheets
2019,12,stroll,1,16,15:35:49,22.085,Base Oficial Ergast Motor Racing Database / FIA Timing Sheets
2019,12,stroll,2,50,16:23:45,21.563,Base Oficial Ergast Motor Racing Database / FIA Timing Sheets
2019,12,vettel,1,39,16:06:53,24.819,Base Oficial Ergast Motor Racing Database / FIA Timing Sheets
2019,13,albon,1,23,16:00:08,22.506,Base Oficial Ergast Motor Racing Database / FIA Timing Sheets
2019,13,bottas,1,23,15:59:25,22.579,Base Oficial Ergast Motor Racing Database / FIA Timing Sheets
2019,13,gasly,1,13,15:41:31,22.772,Base Oficial Ergast Motor Racing Database / FIA Timing Sheets
2019,13,giovinazzi,1,29,16:11:12,23.044,Base Oficial Ergast Motor Racing Database / FIA Timing Sheets
2019,13,grosjean,1,16,15:46:59,22.912,Base Oficial Ergast Motor Racing Database / FIA Timing Sheets
2019,13,hamilton,1,22,15:57:31,23.497,Base Oficial Ergast Motor Racing Database / FIA Timing Sheets
2019,13,hulkenberg,1,11,15:37:54,23.475,Base Oficial Ergast Motor Racing Database / FIA Timing Sheets
2019,13,hulkenberg,2,31,16:15:01,23.0,Base Oficial Ergast Motor Racing Database / FIA Timing Sheets
2019,13,kevin_magnussen,1,25,16:04:08,22.584,Base Oficial Ergast Motor Racing Database / FIA Timing Sheets
2019,13,kubica,1,31,16:15:35,24.247,Base Oficial Ergast Motor Racing Database / FIA Timing Sheets
2019,13,kvyat,1,24,16:01:55,22.834,Base Oficial Ergast Motor Racing Database / FIA Timing Sheets
2019,13,leclerc,1,21,15:55:38,22.449,Base Oficial Ergast Motor Racing Database / FIA Timing Sheets
2019,13,norris,1,19,15:52:24,23.182,Base Oficial Ergast Motor Racing Database / FIA Timing Sheets
2019,13,perez,1,15,15:45:09,23.133,Base Oficial Ergast Motor Racing Database / FIA Timing Sheets
2019,13,raikkonen,1,1,15:16:10,39.046,Base Oficial Ergast Motor Racing Database / FIA Timing Sheets
2019,13,raikkonen,2,2,15:19:12,25.005,Base Oficial Ergast Motor Racing Database / FIA Timing Sheets
2019,13,raikkonen,3,31,16:15:33,26.891,Base Oficial Ergast Motor Racing Database / FIA Timing Sheets
2019,13,ricciardo,1,1,15:16:08,27.62,Base Oficial Ergast Motor Racing Database / FIA Timing Sheets
2019,13,russell,1,30,16:13:41,22.442,Base Oficial Ergast Motor Racing Database / FIA Timing Sheets
2019,13,sainz,1,1,15:16:37,59.291,Base Oficial Ergast Motor Racing Database / FIA Timing Sheets
2019,13,stroll,1,14,15:43:25,22.774,Base Oficial Ergast Motor Racing Database / FIA Timing Sheets
2019,13,stroll,2,30,16:13:12,25.25,Base Oficial Ergast Motor Racing Database / FIA Timing Sheets
2019,13,vettel,1,15,15:44:47,22.863,Base Oficial Ergast Motor Racing Database / FIA Timing Sheets
2019,13,vettel,2,33,16:17:35,22.786,Base Oficial Ergast Motor Racing Database / FIA Timing Sheets
2019,14,albon,1,26,15:50:47,29.83,Base Oficial Ergast Motor Racing Database / FIA Timing Sheets
2019,14,bottas,1,27,15:51:41,23.7,Base Oficial Ergast Motor Racing Database / FIA Timing Sheets
2019,14,gasly,1,28,15:54:11,24.363,Base Oficial Ergast Motor Racing Database / FIA Timing Sheets
2019,14,giovinazzi,1,21,15:43:42,25.698,Base Oficial Ergast Motor Racing Database / FIA Timing Sheets
2019,14,grosjean,1,7,15:23:54,26.481,Base Oficial Ergast Motor Racing Database / FIA Timing Sheets
2019,14,grosjean,2,29,15:56:36,25.121,Base Oficial Ergast Motor Racing Database / FIA Timing Sheets
2019,14,hamilton,1,19,15:40:19,23.912,Base Oficial Ergast Motor Racing Database / FIA Timing Sheets
2019,14,hamilton,2,49,16:23:22,23.731,Base Oficial Ergast Motor Racing Database / FIA Timing Sheets
2019,14,hulkenberg,1,29,15:55:13,24.092,Base Oficial Ergast Motor Racing Database / FIA Timing Sheets
2019,14,kevin_magnussen,1,20,15:42:25,24.4,Base Oficial Ergast Motor Racing Database / FIA Timing Sheets
2019,14,kevin_magnussen,2,34,16:03:34,24.978,Base Oficial Ergast Motor Racing Database / FIA Timing Sheets
2019,14,kubica,1,29,15:56:17,31.842,Base Oficial Ergast Motor Racing Database / FIA Timing Sheets
2019,14,kubica,2,44,16:18:54,23.86,Base Oficial Ergast Motor Racing Database / FIA Timing Sheets
2019,14,kvyat,1,28,15:53:53,24.479,Base Oficial Ergast Motor Racing Database / FIA Timing Sheets
2019,14,leclerc,1,20,15:41:42,23.833,Base Oficial Ergast Motor Racing Database / FIA Timing Sheets
2019,14,max_verstappen,1,1,15:14:58,31.211,Base Oficial Ergast Motor Racing Database / FIA Timing Sheets
2019,14,max_verstappen,2,27,15:52:30,24.303,Base Oficial Ergast Motor Racing Database / FIA Timing Sheets
2019,14,norris,1,23,15:46:48,24.311,Base Oficial Ergast Motor Racing Database / FIA Timing Sheets
2019,14,perez,1,28,15:54:06,25.34,Base Oficial Ergast Motor Racing Database / FIA Timing Sheets
2019,14,raikkonen,1,19,15:41:10,32.393,Base Oficial Ergast Motor Racing Database / FIA Timing Sheets
2019,14,raikkonen,2,26,15:51:50,24.568,Base Oficial Ergast Motor Racing Database / FIA Timing Sheets
2019,14,ricciardo,1,30,15:56:33,24.32,Base Oficial Ergast Motor Racing Database / FIA Timing Sheets
2019,14,russell,1,23,15:47:03,24.198,Base Oficial Ergast Motor Racing Database / FIA Timing Sheets
2019,14,sainz,1,27,15:52:12,27.01,Base Oficial Ergast Motor Racing Database / FIA Timing Sheets
2019,14,stroll,1,15,15:35:16,18.838,Base Oficial Ergast Motor Racing Database / FIA Timing Sheets
2019,14,stroll,2,22,15:45:38,24.419,Base Oficial Ergast Motor Racing Database / FIA Timing Sheets
2019,14,vettel,1,6,15:22:18,32.443,Base Oficial Ergast Motor Racing Database / FIA Timing Sheets
2019,14,vettel,2,12,15:31:23,31.851,Base Oficial Ergast Motor Racing Database / FIA Timing Sheets
2019,14,vettel,3,41,16:13:46,24.376,Base Oficial Ergast Motor Racing Database / FIA Timing Sheets
2019,15,albon,1,20,20:50:14,28.606,Base Oficial Ergast Motor Racing Database / FIA Timing Sheets
2019,15,bottas,1,22,20:53:46,29.234,Base Oficial Ergast Motor Racing Database / FIA Timing Sheets
2019,15,gasly,1,32,21:12:09,32.482,Base Oficial Ergast Motor Racing Database / FIA Timing Sheets
2019,15,giovinazzi,1,34,21:16:02,29.07,Base Oficial Ergast Motor Racing Database / FIA Timing Sheets
2019,15,giovinazzi,2,36,21:20:38,28.96,Base Oficial Ergast Motor Racing Database / FIA Timing Sheets
2019,15,grosjean,1,23,20:56:19,29.456,Base Oficial Ergast Motor Racing Database / FIA Timing Sheets
2019,15,grosjean,2,35,21:18:29,43.576,Base Oficial Ergast Motor Racing Database / FIA Timing Sheets
2019,15,hamilton,1,26,21:00:55,28.93,Base Oficial Ergast Motor Racing Database / FIA Timing Sheets
2019,15,hulkenberg,1,1,20:15:37,29.563,Base Oficial Ergast Motor Racing Database / FIA Timing Sheets
2019,15,hulkenberg,2,36,21:19:55,29.152,Base Oficial Ergast Motor Racing Database / FIA Timing Sheets
2019,15,kevin_magnussen,1,18,20:46:43,29.403,Base Oficial Ergast Motor Racing Database / FIA Timing Sheets
2019,15,kevin_magnussen,2,56,22:04:12,30.916,Base Oficial Ergast Motor Racing Database / FIA Timing Sheets
2019,15,kubica,1,21,20:52:58,29.033,Base Oficial Ergast Motor Racing Database / FIA Timing Sheets
2019,15,kubica,2,44,21:38:24,30.321,Base Oficial Ergast Motor Racing Database / FIA Timing Sheets
2019,15,kvyat,1,12,20:35:59,28.799,Base Oficial Ergast Motor Racing Database / FIA Timing Sheets
2019,15,kvyat,2,36,21:20:05,34.711,Base Oficial Ergast Motor Racing Database / FIA Timing Sheets
2019,15,leclerc,1,20,20:50:05,29.168,Base Oficial Ergast Motor Racing Database / FIA Timing Sheets
2019,15,max_verstappen,1,19,20:48:22,28.846,Base Oficial Ergast Motor Racing Database / FIA Timing Sheets
2019,15,norris,1,20,20:50:16,30.397,Base Oficial Ergast Motor Racing Database / FIA Timing Sheets
2019,15,perez,1,13,20:37:45,29.082,Base Oficial Ergast Motor Racing Database / FIA Timing Sheets
2019,15,raikkonen,1,15,20:41:17,29.992,Base Oficial Ergast Motor Racing Database / FIA Timing Sheets
2019,15,ricciardo,1,34,21:16:25,30.756,Base Oficial Ergast Motor Racing Database / FIA Timing Sheets
2019,15,russell,1,1,20:15:56,38.752,Base Oficial Ergast Motor Racing Database / FIA Timing Sheets
2019,15,sainz,2,35,21:20:33,30.623,Base Oficial Ergast Motor Racing Database / FIA Timing Sheets
2019,15,stroll,1,31,21:10:22,29.482,Base Oficial Ergast Motor Racing Database / FIA Timing Sheets
2019,15,stroll,2,41,21:32:33,39.188,Base Oficial Ergast Motor Racing Database / FIA Timing Sheets
2019,15,stroll,3,44,21:39:08,29.46,Base Oficial Ergast Motor Racing Database / FIA Timing Sheets
2019,15,vettel,1,19,20:48:19,29.384,Base Oficial Ergast Motor Racing Database / FIA Timing Sheets
2019,16,albon,1,29,15:06:07,29.854,Base Oficial Ergast Motor Racing Database / FIA Timing Sheets
2019,16,bottas,1,28,15:02:47,29.436,Base Oficial Ergast Motor Racing Database / FIA Timing Sheets
2019,16,gasly,1,26,15:00:10,29.935,Base Oficial Ergast Motor Racing Database / FIA Timing Sheets
2019,16,giovinazzi,1,2,14:18:23,38.193,Base Oficial Ergast Motor Racing Database / FIA Timing Sheets
2019,16,giovinazzi,2,27,15:02:19,30.227,Base Oficial Ergast Motor Racing Database / FIA Timing Sheets
2019,16,hamilton,1,28,15:02:28,29.751,Base Oficial Ergast Motor Racing Database / FIA Timing Sheets
2019,16,hulkenberg,1,16,14:43:01,34.264,Base Oficial Ergast Motor Racing Database / FIA Timing Sheets
2019,16,hulkenberg,2,29,15:06:25,29.786,Base Oficial Ergast Motor Racing Database / FIA Timing Sheets
2019,16,kevin_magnussen,1,27,15:01:41,30.509,Base Oficial Ergast Motor Racing Database / FIA Timing Sheets
2019,16,kubica,1,1,14:15:50,30.587,Base Oficial Ergast Motor Racing Database / FIA Timing Sheets
2019,16,kubica,2,2,14:18:29,30.177,Base Oficial Ergast Motor Racing Database / FIA Timing Sheets
2019,16,kvyat,1,27,15:01:53,30.753,Base Oficial Ergast Motor Racing Database / FIA Timing Sheets
2019,16,kvyat,2,29,15:06:31,29.571,Base Oficial Ergast Motor Racing Database / FIA Timing Sheets
2019,16,leclerc,1,22,14:52:17,29.548,Base Oficial Ergast Motor Racing Database / FIA Timing Sheets
2019,16,leclerc,2,30,15:07:30,29.401,Base Oficial Ergast Motor Racing Database / FIA Timing Sheets
2019,16,max_verstappen,1,28,15:03:24,29.978,Base Oficial Ergast Motor Racing Database / FIA Timing Sheets
2019,16,norris,1,20,14:49:42,29.29,Base Oficial Ergast Motor Racing Database / FIA Timing Sheets
2019,16,perez,1,23,14:54:44,30.271,Base Oficial Ergast Motor Racing Database / FIA Timing Sheets
2019,16,raikkonen,1,9,14:31:21,25.038,Base Oficial Ergast Motor Racing Database / FIA Timing Sheets
2019,16,raikkonen,2,27,15:02:26,36.512,Base Oficial Ergast Motor Racing Database / FIA Timing Sheets
2019,16,ricciardo,1,1,14:16:36,36.031,Base Oficial Ergast Motor Racing Database / FIA Timing Sheets
2019,16,russell,1,27,15:02:17,29.857,Base Oficial Ergast Motor Racing Database / FIA Timing Sheets
2019,16,sainz,1,21,14:51:18,30.103,Base Oficial Ergast Motor Racing Database / FIA Timing Sheets
2019,16,stroll,1,27,15:01:45,30.168,Base Oficial Ergast Motor Racing Database / FIA Timing Sheets
2019,16,vettel,1,26,14:58:48,29.86,Base Oficial Ergast Motor Racing Database / FIA Timing Sheets
2019,17,albon,1,15,14:37:38,23.354,Base Oficial Ergast Motor Racing Database / FIA Timing Sheets
2019,17,albon,2,34,15:07:55,23.301,Base Oficial Ergast Motor Racing Database / FIA Timing Sheets
2019,17,bottas,1,17,14:40:21,23.0,Base Oficial Ergast Motor Racing Database / FIA Timing Sheets
2019,17,bottas,2,36,15:10:17,23.157,Base Oficial Ergast Motor Racing Database / FIA Timing Sheets
2019,17,gasly,1,18,14:42:36,23.18,Base Oficial Ergast Motor Racing Database / FIA Timing Sheets
2019,17,giovinazzi,1,18,14:42:53,23.351,Base Oficial Ergast Motor Racing Database / FIA Timing Sheets
2019,17,giovinazzi,2,49,15:33:08,23.412,Base Oficial Ergast Motor Racing Database / FIA Timing Sheets
2019,17,grosjean,1,16,14:39:43,23.478,Base Oficial Ergast Motor Racing Database / FIA Timing Sheets
2019,17,hamilton,1,21,14:46:51,23.582,Base Oficial Ergast Motor Racing Database / FIA Timing Sheets
2019,17,hamilton,2,42,15:19:47,23.591,Base Oficial Ergast Motor Racing Database / FIA Timing Sheets
2019,17,hulkenberg,1,19,14:44:14,24.132,Base Oficial Ergast Motor Racing Database / FIA Timing Sheets
2019,17,kevin_magnussen,1,17,14:41:19,24.156,Base Oficial Ergast Motor Racing Database / FIA Timing Sheets
2019,17,kevin_magnussen,2,47,15:30:01,23.973,Base Oficial Ergast Motor Racing Database / FIA Timing Sheets
2019,17,kubica,1,22,14:50:09,26.734,Base Oficial Ergast Motor Racing Database / FIA Timing Sheets
2019,17,kubica,2,33,15:08:46,22.97,Base Oficial Ergast Motor Racing Database / FIA Timing Sheets
2019,17,kvyat,1,27,14:57:31,23.293,Base Oficial Ergast Motor Racing Database / FIA Timing Sheets
2019,17,leclerc,1,3,14:18:21,30.502,Base Oficial Ergast Motor Racing Database / FIA Timing Sheets
2019,17,leclerc,2,25,14:54:00,23.58,Base Oficial Ergast Motor Racing Database / FIA Timing Sheets
2019,17,leclerc,3,46,15:27:14,23.28,Base Oficial Ergast Motor Racing Database / FIA Timing Sheets
2019,17,norris,1,4,14:20:04,25.347,Base Oficial Ergast Motor Racing Database / FIA Timing Sheets
2019,17,norris,2,25,14:54:15,23.949,Base Oficial Ergast Motor Racing Database / FIA Timing Sheets
2019,17,perez,1,19,14:44:18,22.88,Base Oficial Ergast Motor Racing Database / FIA Timing Sheets
2019,17,perez,2,41,15:19:44,23.301,Base Oficial Ergast Motor Racing Database / FIA Timing Sheets
2019,17,raikkonen,1,15,14:38:06,24.468,Base Oficial Ergast Motor Racing Database / FIA Timing Sheets
2019,17,raikkonen,2,36,15:12:16,23.164,Base Oficial Ergast Motor Racing Database / FIA Timing Sheets
2019,17,ricciardo,1,29,15:00:26,23.292,Base Oficial Ergast Motor Racing Database / FIA Timing Sheets
2019,17,russell,1,25,14:54:38,23.792,Base Oficial Ergast Motor Racing Database / FIA Timing Sheets
2019,17,sainz,1,26,14:55:21,23.476,Base Oficial Ergast Motor Racing Database / FIA Timing Sheets
2019,17,stroll,1,18,14:42:37,23.292,Base Oficial Ergast Motor Racing Database / FIA Timing Sheets
2019,17,vettel,1,16,14:38:55,24.032,Base Oficial Ergast Motor Racing Database / FIA Timing Sheets
2019,17,vettel,2,31,15:02:42,23.213,Base Oficial Ergast Motor Racing Database / FIA Timing Sheets
2019,18,albon,1,14,13:32:50,22.192,Base Oficial Ergast Motor Racing Database / FIA Timing Sheets
2019,18,albon,2,44,14:13:47,22.003,Base Oficial Ergast Motor Racing Database / FIA Timing Sheets
2019,18,bottas,1,36,14:02:45,22.179,Base Oficial Ergast Motor Racing Database / FIA Timing Sheets
2019,18,gasly,1,9,13:26:22,22.689,Base Oficial Ergast Motor Racing Database / FIA Timing Sheets
2019,18,gasly,2,49,14:21:41,22.618,Base Oficial Ergast Motor Racing Database / FIA Timing Sheets
2019,18,giovinazzi,1,21,13:43:03,43.411,Base Oficial Ergast Motor Racing Database / FIA Timing Sheets
2019,18,grosjean,1,37,14:06:08,24.128,Base Oficial Ergast Motor Racing Database / FIA Timing Sheets
2019,18,hamilton,1,23,13:45:01,22.269,Base Oficial Ergast Motor Racing Database / FIA Timing Sheets
2019,18,hulkenberg,1,18,13:38:48,22.484,Base Oficial Ergast Motor Racing Database / FIA Timing Sheets
2019,18,kevin_magnussen,1,28,13:53:14,23.084,Base Oficial Ergast Motor Racing Database / FIA Timing Sheets
2019,18,kubica,1,21,13:43:30,24.606,Base Oficial Ergast Motor Racing Database / FIA Timing Sheets
2019,18,kubica,2,60,14:38:15,22.57,Base Oficial Ergast Motor Racing Database / FIA Timing Sheets
2019,18,kvyat,1,10,13:27:43,22.49,Base Oficial Ergast Motor Racing Database / FIA Timing Sheets
2019,18,kvyat,2,44,14:14:40,22.033,Base Oficial Ergast Motor Racing Database / FIA Timing Sheets
2019,18,leclerc,1,15,13:34:07,22.002,Base Oficial Ergast Motor Racing Database / FIA Timing Sheets
2019,18,leclerc,2,43,14:12:15,25.786,Base Oficial Ergast Motor Racing Database / FIA Timing Sheets
2019,18,max_verstappen,1,5,13:21:07,24.493,Base Oficial Ergast Motor Racing Database / FIA Timing Sheets
2019,18,perez,1,20,13:41:30,22.357,Base Oficial Ergast Motor Racing Database / FIA Timing Sheets
2019,18,raikkonen,1,15,13:34:45,22.754,Base Oficial Ergast Motor Racing Database / FIA Timing Sheets
2019,18,raikkonen,2,52,14:26:04,22.963,Base Oficial Ergast Motor Racing Database / FIA Timing Sheets
2019,18,ricciardo,1,50,14:22:29,22.345,Base Oficial Ergast Motor Racing Database / FIA Timing Sheets
2019,18,russell,1,22,13:44:55,22.887,Base Oficial Ergast Motor Racing Database / FIA Timing Sheets
2019,18,sainz,1,15,13:34:37,22.241,Base Oficial Ergast Motor Racing Database / FIA Timing Sheets
2019,18,sainz,2,35,14:02:44,22.179,Base Oficial Ergast Motor Racing Database / FIA Timing Sheets
2019,18,stroll,1,37,14:04:58,22.745,Base Oficial Ergast Motor Racing Database / FIA Timing Sheets
2019,18,vettel,1,37,14:04:03,21.862,Base Oficial Ergast Motor Racing Database / FIA Timing Sheets
2019,19,albon,1,1,13:15:12,34.1,Base Oficial Ergast Motor Racing Database / FIA Timing Sheets
2019,19,albon,2,20,13:48:02,23.213,Base Oficial Ergast Motor Racing Database / FIA Timing Sheets
2019,19,albon,3,40,14:21:47,23.705,Base Oficial Ergast Motor Racing Database / FIA Timing Sheets
2019,19,bottas,1,14,13:36:58,24.151,Base Oficial Ergast Motor Racing Database / FIA Timing Sheets
2019,19,bottas,2,35,14:12:18,23.819,Base Oficial Ergast Motor Racing Database / FIA Timing Sheets
2019,19,gasly,1,19,13:46:08,24.195,Base Oficial Ergast Motor Racing Database / FIA Timing Sheets
2019,19,gasly,2,53,14:44:18,24.26,Base Oficial Ergast Motor Racing Database / FIA Timing Sheets
2019,19,giovinazzi,1,17,13:43:05,25.23,Base Oficial Ergast Motor Racing Database / FIA Timing Sheets
2019,19,giovinazzi,2,39,14:20:57,24.206,Base Oficial Ergast Motor Racing Database / FIA Timing Sheets
2019,19,grosjean,1,24,13:55:19,24.583,Base Oficial Ergast Motor Racing Database / FIA Timing Sheets
2019,19,hamilton,1,24,13:53:57,23.943,Base Oficial Ergast Motor Racing Database / FIA Timing Sheets
2019,19,hulkenberg,1,27,14:00:05,24.245,Base Oficial Ergast Motor Racing Database / FIA Timing Sheets
2019,19,hulkenberg,2,39,14:20:30,23.684,Base Oficial Ergast Motor Racing Database / FIA Timing Sheets
2019,19,kevin_magnussen,1,18,13:44:43,24.929,Base Oficial Ergast Motor Racing Database / FIA Timing Sheets
2019,19,kevin_magnussen,2,40,14:22:38,24.731,Base Oficial Ergast Motor Racing Database / FIA Timing Sheets
2019,19,kubica,1,11,13:32:54,24.164,Base Oficial Ergast Motor Racing Database / FIA Timing Sheets
2019,19,kvyat,1,21,13:49:45,27.115,Base Oficial Ergast Motor Racing Database / FIA Timing Sheets
2019,19,kvyat,2,39,14:20:32,24.162,Base Oficial Ergast Motor Racing Database / FIA Timing Sheets
2019,19,leclerc,1,20,13:47:33,29.157,Base Oficial Ergast Motor Racing Database / FIA Timing Sheets
2019,19,leclerc,2,42,14:24:44,23.844,Base Oficial Ergast Motor Racing Database / FIA Timing Sheets
2019,19,max_verstappen,1,13,13:35:21,23.716,Base Oficial Ergast Motor Racing Database / FIA Timing Sheets
2019,19,max_verstappen,2,34,14:10:45,23.444,Base Oficial Ergast Motor Racing Database / FIA Timing Sheets
2019,19,norris,1,19,13:46:03,24.678,Base Oficial Ergast Motor Racing Database / FIA Timing Sheets
2019,19,norris,2,42,14:25:17,25.776,Base Oficial Ergast Motor Racing Database / FIA Timing Sheets
2019,19,perez,1,24,13:54:54,24.207,Base Oficial Ergast Motor Racing Database / FIA Timing Sheets
2019,19,raikkonen,1,18,13:44:29,24.544,Base Oficial Ergast Motor Racing Database / FIA Timing Sheets
2019,19,raikkonen,2,40,14:22:07,24.686,Base Oficial Ergast Motor Racing Database / FIA Timing Sheets
2019,19,ricciardo,1,21,13:49:25,23.751,Base Oficial Ergast Motor Racing Database / FIA Timing Sheets
2019,19,russell,1,23,13:53:46,23.702,Base Oficial Ergast Motor Racing Database / FIA Timing Sheets
2019,19,russell,2,46,14:33:29,28.748,Base Oficial Ergast Motor Racing Database / FIA Timing Sheets
2019,19,sainz,1,18,13:44:27,24.784,Base Oficial Ergast Motor Racing Database / FIA Timing Sheets
2019,19,stroll,1,9,13:29:09,24.567,Base Oficial Ergast Motor Racing Database / FIA Timing Sheets
2019,19,stroll,2,29,14:03:38,25.195,Base Oficial Ergast Motor Racing Database / FIA Timing Sheets
2019,20,albon,1,24,14:42:52,23.073,Base Oficial Ergast Motor Racing Database / FIA Timing Sheets
2019,20,albon,2,50,15:14:54,23.071,Base Oficial Ergast Motor Racing Database / FIA Timing Sheets
2019,20,bottas,1,26,14:45:14,23.148,Base Oficial Ergast Motor Racing Database / FIA Timing Sheets
2019,20,bottas,2,41,15:03:49,23.21,Base Oficial Ergast Motor Racing Database / FIA Timing Sheets
2019,20,gasly,1,22,14:40:34,22.922,Base Oficial Ergast Motor Racing Database / FIA Timing Sheets
2019,20,gasly,2,47,15:11:43,23.584,Base Oficial Ergast Motor Racing Database / FIA Timing Sheets
2019,20,giovinazzi,1,20,14:38:12,23.155,Base Oficial Ergast Motor Racing Database / FIA Timing Sheets
2019,20,giovinazzi,2,46,15:10:39,23.524,Base Oficial Ergast Motor Racing Database / FIA Timing Sheets
2019,20,grosjean,1,26,14:45:45,23.776,Base Oficial Ergast Motor Racing Database / FIA Timing Sheets
2019,20,grosjean,2,65,15:36:48,23.471,Base Oficial Ergast Motor Racing Database / FIA Timing Sheets
2019,20,hamilton,1,20,14:37:36,22.882,Base Oficial Ergast Motor Racing Database / FIA Timing Sheets
2019,20,hamilton,2,43,15:05:54,23.088,Base Oficial Ergast Motor Racing Database / FIA Timing Sheets
2019,20,hamilton,3,66,15:37:46,23.06,Base Oficial Ergast Motor Racing Database / FIA Timing Sheets
2019,20,hulkenberg,1,27,14:47:09,23.344,Base Oficial Ergast Motor Racing Database / FIA Timing Sheets
2019,20,hulkenberg,2,44,15:08:36,23.596,Base Oficial Ergast Motor Racing Database / FIA Timing Sheets
2019,20,hulkenberg,3,53,15:20:31,22.747,Base Oficial Ergast Motor Racing Database / FIA Timing Sheets
2019,20,kevin_magnussen,1,27,14:47:22,23.891,Base Oficial Ergast Motor Racing Database / FIA Timing Sheets
2019,20,kevin_magnussen,2,53,15:20:13,23.479,Base Oficial Ergast Motor Racing Database / FIA Timing Sheets
2019,20,kubica,1,20,14:38:47,23.861,Base Oficial Ergast Motor Racing Database / FIA Timing Sheets
2019,20,kubica,2,36,14:59:30,29.268,Base Oficial Ergast Motor Racing Database / FIA Timing Sheets
2019,20,kubica,3,53,15:22:16,24.873,Base Oficial Ergast Motor Racing Database / FIA Timing Sheets
2019,20,kubica,4,66,15:40:02,23.158,Base Oficial Ergast Motor Racing Database / FIA Timing Sheets
2019,20,kvyat,1,23,14:42:08,22.759,Base Oficial Ergast Motor Racing Database / FIA Timing Sheets
2019,20,kvyat,2,46,15:10:52,23.378,Base Oficial Ergast Motor Racing Database / FIA Timing Sheets
2019,20,leclerc,1,29,14:49:09,22.966,Base Oficial Ergast Motor Racing Database / FIA Timing Sheets
2019,20,leclerc,2,54,15:20:29,23.042,Base Oficial Ergast Motor Racing Database / FIA Timing Sheets
2019,20,max_verstappen,1,21,14:38:49,22.818,Base Oficial Ergast Motor Racing Database / FIA Timing Sheets
2019,20,max_verstappen,2,44,15:07:03,22.657,Base Oficial Ergast Motor Racing Database / FIA Timing Sheets
2019,20,max_verstappen,3,54,15:19:35,22.593,Base Oficial Ergast Motor Racing Database / FIA Timing Sheets
2019,20,norris,1,27,14:47:00,23.381,Base Oficial Ergast Motor Racing Database / FIA Timing Sheets
2019,20,norris,2,53,15:19:55,23.355,Base Oficial Ergast Motor Racing Database / FIA Timing Sheets
2019,20,perez,1,17,14:34:32,23.079,Base Oficial Ergast Motor Racing Database / FIA Timing Sheets
2019,20,perez,2,45,15:09:29,23.142,Base Oficial Ergast Motor Racing Database / FIA Timing Sheets
2019,20,raikkonen,1,21,14:39:23,23.463,Base Oficial Ergast Motor Racing Database / FIA Timing Sheets
2019,20,raikkonen,2,47,15:11:48,23.841,Base Oficial Ergast Motor Racing Database / FIA Timing Sheets
2019,20,ricciardo,1,8,14:23:15,30.76,Base Oficial Ergast Motor Racing Database / FIA Timing Sheets
2019,20,ricciardo,2,40,15:03:20,29.491,Base Oficial Ergast Motor Racing Database / FIA Timing Sheets
2019,20,russell,1,23,14:42:37,22.5,Base Oficial Ergast Motor Racing Database / FIA Timing Sheets
2019,20,russell,2,54,15:22:31,23.199,Base Oficial Ergast Motor Racing Database / FIA Timing Sheets
2019,20,russell,3,66,15:38:17,22.441,Base Oficial Ergast Motor Racing Database / FIA Timing Sheets
2019,20,sainz,1,29,14:49:33,22.77,Base Oficial Ergast Motor Racing Database / FIA Timing Sheets
2019,20,stroll,1,28,14:48:22,23.346,Base Oficial Ergast Motor Racing Database / FIA Timing Sheets
2019,20,stroll,2,53,15:19:57,24.841,Base Oficial Ergast Motor Racing Database / FIA Timing Sheets
2019,20,vettel,1,25,14:43:54,23.039,Base Oficial Ergast Motor Racing Database / FIA Timing Sheets
2019,20,vettel,2,49,15:13:22,23.138,Base Oficial Ergast Motor Racing Database / FIA Timing Sheets
2019,21,albon,1,13,17:36:11,22.028,Base Oficial Ergast Motor Racing Database / FIA Timing Sheets
2019,21,bottas,1,29,18:04:02,21.145,Base Oficial Ergast Motor Racing Database / FIA Timing Sheets
2019,21,giovinazzi,1,8,17:27:52,21.977,Base Oficial Ergast Motor Racing Database / FIA Timing Sheets
2019,21,giovinazzi,2,26,18:00:00,22.188,Base Oficial Ergast Motor Racing Database / FIA Timing Sheets
2019,21,grosjean,1,18,17:45:37,21.968,Base Oficial Ergast Motor Racing Database / FIA Timing Sheets
2019,21,hamilton,1,26,17:58:06,22.178,Base Oficial Ergast Motor Racing Database / FIA Timing Sheets
2019,21,hulkenberg,1,18,17:45:13,21.578,Base Oficial Ergast Motor Racing Database / FIA Timing Sheets
2019,21,kevin_magnussen,1,20,17:48:59,21.531,Base Oficial Ergast Motor Racing Database / FIA Timing Sheets
2019,21,kubica,1,24,17:56:31,21.688,Base Oficial Ergast Motor Racing Database / FIA Timing Sheets
2019,21,kvyat,1,40,18:23:38,21.496,Base Oficial Ergast Motor Racing Database / FIA Timing Sheets
2019,21,leclerc,1,12,17:34:14,21.697,Base Oficial Ergast Motor Racing Database / FIA Timing Sheets
2019,21,leclerc,2,38,18:19:14,21.274,Base Oficial Ergast Motor Racing Database / FIA Timing Sheets
2019,21,max_verstappen,1,25,17:56:36,21.023,Base Oficial Ergast Motor Racing Database / FIA Timing Sheets
2019,21,norris,1,8,17:27:40,22.974,Base Oficial Ergast Motor Racing Database / FIA Timing Sheets
2019,21,perez,1,37,18:18:24,22.23,Base Oficial Ergast Motor Racing Database / FIA Timing Sheets
2019,21,raikkonen,1,22,17:52:32,22.41,Base Oficial Ergast Motor Racing Database / FIA Timing Sheets
2019,21,ricciardo,1,11,17:32:58,21.904,Base Oficial Ergast Motor Racing Database / FIA Timing Sheets
2019,21,ricciardo,2,42,18:27:24,21.624,Base Oficial Ergast Motor Racing Database / FIA Timing Sheets
2019,21,russell,1,32,18:10:43,22.272,Base Oficial Ergast Motor Racing Database / FIA Timing Sheets
2019,21,sainz,1,12,17:34:43,21.928,Base Oficial Ergast Motor Racing Database / FIA Timing Sheets
2019,21,sainz,2,41,18:25:36,21.466,Base Oficial Ergast Motor Racing Database / FIA Timing Sheets
2019,21,stroll,1,5,17:22:34,28.842,Base Oficial Ergast Motor Racing Database / FIA Timing Sheets
2019,21,stroll,2,23,17:54:47,21.778,Base Oficial Ergast Motor Racing Database / FIA Timing Sheets
2019,21,vettel,1,12,17:34:22,25.771,Base Oficial Ergast Motor Racing Database / FIA Timing Sheets
2019,21,vettel,2,38,18:19:36,21.858,Base Oficial Ergast Motor Racing Database / FIA Timing Sheets
2020,1,albon,1,26,15:43:25,21.279,Base Oficial Ergast Motor Racing Database / FIA Timing Sheets
2020,1,albon,2,51,16:15:09,21.842,Base Oficial Ergast Motor Racing Database / FIA Timing Sheets
2020,1,albon,3,56,16:24:03,17.035,Base Oficial Ergast Motor Racing Database / FIA Timing Sheets
2020,1,bottas,1,26,15:43:06,21.937,Base Oficial Ergast Motor Racing Database / FIA Timing Sheets
2020,1,bottas,2,56,16:23:58,16.407,Base Oficial Ergast Motor Racing Database / FIA Timing Sheets
2020,1,gasly,1,26,15:44:02,22.466,Base Oficial Ergast Motor Racing Database / FIA Timing Sheets
2020,1,gasly,2,56,16:24:07,19.911,Base Oficial Ergast Motor Racing Database / FIA Timing Sheets
2020,1,giovinazzi,1,25,15:42:49,23.659,Base Oficial Ergast Motor Racing Database / FIA Timing Sheets
2020,1,giovinazzi,2,55,16:22:14,22.8,Base Oficial Ergast Motor Racing Database / FIA Timing Sheets
2020,1,giovinazzi,3,56,16:24:16,19.678,Base Oficial Ergast Motor Racing Database / FIA Timing Sheets
2020,1,grosjean,1,20,15:37:03,23.28,Base Oficial Ergast Motor Racing Database / FIA Timing Sheets
2020,1,hamilton,1,26,15:43:14,21.85,Base Oficial Ergast Motor Racing Database / FIA Timing Sheets
2020,1,hamilton,2,56,16:24:00,16.365,Base Oficial Ergast Motor Racing Database / FIA Timing Sheets
2020,1,kvyat,1,26,15:44:12,22.769,Base Oficial Ergast Motor Racing Database / FIA Timing Sheets
2020,1,kvyat,2,51,16:15:41,21.622,Base Oficial Ergast Motor Racing Database / FIA Timing Sheets
2020,1,kvyat,3,56,16:24:11,19.656,Base Oficial Ergast Motor Racing Database / FIA Timing Sheets
2020,1,latifi,1,26,15:45:08,22.058,Base Oficial Ergast Motor Racing Database / FIA Timing Sheets
2020,1,latifi,2,51,16:16:23,21.918,Base Oficial Ergast Motor Racing Database / FIA Timing Sheets
2020,1,latifi,3,56,16:24:14,19.488,Base Oficial Ergast Motor Racing Database / FIA Timing Sheets
2020,1,leclerc,1,26,15:43:38,22.756,Base Oficial Ergast Motor Racing Database / FIA Timing Sheets
2020,1,leclerc,2,51,16:15:24,21.972,Base Oficial Ergast Motor Racing Database / FIA Timing Sheets
2020,1,leclerc,3,56,16:24:05,18.748,Base Oficial Ergast Motor Racing Database / FIA Timing Sheets
2020,1,norris,1,26,15:43:33,23.637,Base Oficial Ergast Motor Racing Database / FIA Timing Sheets
2020,1,norris,2,51,16:15:19,21.921,Base Oficial Ergast Motor Racing Database / FIA Timing Sheets
2020,1,norris,3,56,16:24:03,18.163,Base Oficial Ergast Motor Racing Database / FIA Timing Sheets
2020,1,ocon,1,26,15:44:17,21.683,Base Oficial Ergast Motor Racing Database / FIA Timing Sheets
2020,1,ocon,2,56,16:24:09,19.626,Base Oficial Ergast Motor Racing Database / FIA Timing Sheets
2020,1,perez,1,26,15:43:34,22.383,Base Oficial Ergast Motor Racing Database / FIA Timing Sheets
2020,1,perez,2,56,16:24:01,16.546,Base Oficial Ergast Motor Racing Database / FIA Timing Sheets
2020,1,raikkonen,1,24,15:41:31,23.229,Base Oficial Ergast Motor Racing Database / FIA Timing Sheets
2020,1,raikkonen,2,51,16:15:48,21.569,Base Oficial Ergast Motor Racing Database / FIA Timing Sheets
2020,1,russell,1,25,15:42:53,21.417,Base Oficial Ergast Motor Racing Database / FIA Timing Sheets
2020,1,sainz,1,26,15:43:41,23.827,Base Oficial Ergast Motor Racing Database / FIA Timing Sheets
2020,1,sainz,2,52,16:17:02,21.805,Base Oficial Ergast Motor Racing Database / FIA Timing Sheets
2020,1,sainz,3,56,16:24:08,20.064,Base Oficial Ergast Motor Racing Database / FIA Timing Sheets
2020,1,vettel,1,26,15:43:55,22.231,Base Oficial Ergast Motor Racing Database / FIA Timing Sheets
2020,1,vettel,2,51,16:15:55,22.738,Base Oficial Ergast Motor Racing Database / FIA Timing Sheets
2020,1,vettel,3,56,16:24:13,19.33,Base Oficial Ergast Motor Racing Database / FIA Timing Sheets
2020,2,albon,1,35,15:55:11,21.505,Base Oficial Ergast Motor Racing Database / FIA Timing Sheets
2020,2,bottas,1,34,15:53:38,21.376,Base Oficial Ergast Motor Racing Database / FIA Timing Sheets
2020,2,gasly,1,24,15:42:46,21.95,Base Oficial Ergast Motor Racing Database / FIA Timing Sheets
2020,2,gasly,2,49,16:12:15,22.28,Base Oficial Ergast Motor Racing Database / FIA Timing Sheets
2020,2,giovinazzi,1,39,16:00:18,21.667,Base Oficial Ergast Motor Racing Database / FIA Timing Sheets
2020,2,grosjean,1,37,15:58:03,22.444,Base Oficial Ergast Motor Racing Database / FIA Timing Sheets
2020,2,hamilton,1,27,15:45:28,21.729,Base Oficial Ergast Motor Racing Database / FIA Timing Sheets
2020,2,kevin_magnussen,1,31,15:51:02,21.977,Base Oficial Ergast Motor Racing Database / FIA Timing Sheets
2020,2,kvyat,1,36,15:56:45,22.197,Base Oficial Ergast Motor Racing Database / FIA Timing Sheets
2020,2,latifi,1,32,15:52:24,22.745,Base Oficial Ergast Motor Racing Database / FIA Timing Sheets
2020,2,leclerc,1,1,15:14:20,39.715,Base Oficial Ergast Motor Racing Database / FIA Timing Sheets
2020,2,max_verstappen,1,24,15:42:09,20.937,Base Oficial Ergast Motor Racing Database / FIA Timing Sheets
2020,2,max_verstappen,2,68,16:32:33,21.091,Base Oficial Ergast Motor Racing Database / FIA Timing Sheets
2020,2,norris,1,39,16:00:02,22.406,Base Oficial Ergast Motor Racing Database / FIA Timing Sheets
2020,2,perez,1,38,15:58:45,22.761,Base Oficial Ergast Motor Racing Database / FIA Timing Sheets
2020,2,raikkonen,1,44,16:06:06,21.459,Base Oficial Ergast Motor Racing Database / FIA Timing Sheets
2020,2,ricciardo,1,37,15:57:33,21.603,Base Oficial Ergast Motor Racing Database / FIA Timing Sheets
2020,2,russell,1,34,15:54:49,21.697,Base Oficial Ergast Motor Racing Database / FIA Timing Sheets
2020,2,sainz,1,32,15:51:49,25.983,Base Oficial Ergast Motor Racing Database / FIA Timing Sheets
2020,2,sainz,2,66,16:31:07,21.873,Base Oficial Ergast Motor Racing Database / FIA Timing Sheets
2020,2,stroll,1,33,15:53:01,22.118,Base Oficial Ergast Motor Racing Database / FIA Timing Sheets
2020,3,albon,1,3,15:17:58,23.046,Base Oficial Ergast Motor Racing Database / FIA Timing Sheets
2020,3,albon,2,34,16:01:43,22.174,Base Oficial Ergast Motor Racing Database / FIA Timing Sheets
2020,3,bottas,1,2,15:16:16,21.906,Base Oficial Ergast Motor Racing Database / FIA Timing Sheets
2020,3,bottas,2,33,15:59:47,21.644,Base Oficial Ergast Motor Racing Database / FIA Timing Sheets
2020,3,bottas,3,49,16:21:27,21.572,Base Oficial Ergast Motor Racing Database / FIA Timing Sheets
2020,3,gasly,1,3,15:18:01,22.74,Base Oficial Ergast Motor Racing Database / FIA Timing Sheets
2020,3,giovinazzi,1,4,15:19:50,22.283,Base Oficial Ergast Motor Racing Database / FIA Timing Sheets
2020,3,giovinazzi,2,20,15:43:04,23.082,Base Oficial Ergast Motor Racing Database / FIA Timing Sheets
2020,3,giovinazzi,3,40,16:11:01,21.831,Base Oficial Ergast Motor Racing Database / FIA Timing Sheets
2020,3,grosjean,1,34,16:01:59,22.591,Base Oficial Ergast Motor Racing Database / FIA Timing Sheets
2020,3,hamilton,1,3,15:17:37,22.32,Base Oficial Ergast Motor Racing Database / FIA Timing Sheets
2020,3,hamilton,2,37,16:04:39,22.264,Base Oficial Ergast Motor Racing Database / FIA Timing Sheets
2020,3,hamilton,3,66,16:43:33,22.426,Base Oficial Ergast Motor Racing Database / FIA Timing Sheets
2020,3,kevin_magnussen,1,35,16:03:02,23.621,Base Oficial Ergast Motor Racing Database / FIA Timing Sheets
2020,3,kvyat,1,1,15:14:46,23.568,Base Oficial Ergast Motor Racing Database / FIA Timing Sheets
2020,3,kvyat,2,18,15:39:53,22.685,Base Oficial Ergast Motor Racing Database / FIA Timing Sheets
2020,3,latifi,1,3,15:18:00,21.596,Base Oficial Ergast Motor Racing Database / FIA Timing Sheets
2020,3,latifi,2,4,15:21:24,36.335,Base Oficial Ergast Motor Racing Database / FIA Timing Sheets
2020,3,latifi,3,31,16:00:38,28.367,Base Oficial Ergast Motor Racing Database / FIA Timing Sheets
2020,3,latifi,4,39,16:12:52,21.802,Base Oficial Ergast Motor Racing Database / FIA Timing Sheets
2020,3,latifi,5,52,16:31:33,25.767,Base Oficial Ergast Motor Racing Database / FIA Timing Sheets
2020,3,leclerc,1,2,15:16:15,22.266,Base Oficial Ergast Motor Racing Database / FIA Timing Sheets
2020,3,leclerc,2,20,15:42:29,22.564,Base Oficial Ergast Motor Racing Database / FIA Timing Sheets
2020,3,max_verstappen,1,4,15:19:18,21.529,Base Oficial Ergast Motor Racing Database / FIA Timing Sheets
2020,3,max_verstappen,2,36,16:03:38,21.268,Base Oficial Ergast Motor Racing Database / FIA Timing Sheets
2020,3,norris,1,4,15:19:40,23.012,Base Oficial Ergast Motor Racing Database / FIA Timing Sheets
2020,3,norris,2,35,16:03:33,22.742,Base Oficial Ergast Motor Racing Database / FIA Timing Sheets
2020,3,ocon,1,4,15:19:35,24.281,Base Oficial Ergast Motor Racing Database / FIA Timing Sheets
2020,3,ocon,2,31,15:57:59,21.86,Base Oficial Ergast Motor Racing Database / FIA Timing Sheets
2020,3,perez,1,3,15:17:53,23.263,Base Oficial Ergast Motor Racing Database / FIA Timing Sheets
2020,3,perez,2,35,16:03:08,22.051,Base Oficial Ergast Motor Racing Database / FIA Timing Sheets
2020,3,raikkonen,1,3,15:18:04,22.299,Base Oficial Ergast Motor Racing Database / FIA Timing Sheets
2020,3,raikkonen,2,33,16:00:45,27.128,Base Oficial Ergast Motor Racing Database / FIA Timing Sheets
2020,3,ricciardo,1,4,15:19:30,21.92,Base Oficial Ergast Motor Racing Database / FIA Timing Sheets
2020,3,ricciardo,2,43,16:14:04,22.073,Base Oficial Ergast Motor Racing Database / FIA Timing Sheets
2020,3,russell,1,4,15:19:42,21.184,Base Oficial Ergast Motor Racing Database / FIA Timing Sheets
2020,3,russell,2,19,15:41:33,21.367,Base Oficial Ergast Motor Racing Database / FIA Timing Sheets
2020,3,russell,3,50,16:24:28,22.048,Base Oficial Ergast Motor Racing Database / FIA Timing Sheets
2020,3,sainz,1,3,15:17:55,27.131,Base Oficial Ergast Motor Racing Database / FIA Timing Sheets
2020,3,sainz,2,40,16:10:06,22.438,Base Oficial Ergast Motor Racing Database / FIA Timing Sheets
2020,3,stroll,1,3,15:17:46,23.081,Base Oficial Ergast Motor Racing Database / FIA Timing Sheets
2020,3,stroll,2,35,16:02:34,22.534,Base Oficial Ergast Motor Racing Database / FIA Timing Sheets
2020,3,stroll,3,52,16:25:54,22.057,Base Oficial Ergast Motor Racing Database / FIA Timing Sheets
2020,3,vettel,1,3,15:17:50,28.286,Base Oficial Ergast Motor Racing Database / FIA Timing Sheets
2020,3,vettel,2,29,15:54:50,21.88,Base Oficial Ergast Motor Racing Database / FIA Timing Sheets
2020,4,albon,1,6,14:26:01,28.834,Base Oficial Ergast Motor Racing Database / FIA Timing Sheets
2020,4,albon,2,30,15:08:33,33.308,Base Oficial Ergast Motor Racing Database / FIA Timing Sheets
2020,4,bottas,1,13,14:37:06,30.571,Base Oficial Ergast Motor Racing Database / FIA Timing Sheets
2020,4,bottas,2,50,15:38:33,33.602,Base Oficial Ergast Motor Racing Database / FIA Timing Sheets
2020,4,gasly,1,12,14:35:29,29.414,Base Oficial Ergast Motor Racing Database / FIA Timing Sheets
2020,4,giovinazzi,1,12,14:35:30,28.355,Base Oficial Ergast Motor Racing Database / FIA Timing Sheets
2020,4,grosjean,1,36,15:17:38,33.816,Base Oficial Ergast Motor Racing Database / FIA Timing Sheets
2020,4,hamilton,1,13,14:37:01,28.805,Base Oficial Ergast Motor Racing Database / FIA Timing Sheets
2020,4,latifi,1,12,14:35:42,31.371,Base Oficial Ergast Motor Racing Database / FIA Timing Sheets
2020,4,leclerc,1,13,14:37:21,29.52,Base Oficial Ergast Motor Racing Database / FIA Timing Sheets
2020,4,max_verstappen,1,13,14:37:10,28.208,Base Oficial Ergast Motor Racing Database / FIA Timing Sheets
2020,4,max_verstappen,2,50,15:38:04,28.273,Base Oficial Ergast Motor Racing Database / FIA Timing Sheets
2020,4,norris,1,12,14:35:24,30.289,Base Oficial Ergast Motor Racing Database / FIA Timing Sheets
2020,4,ocon,1,12,14:35:26,30.768,Base Oficial Ergast Motor Racing Database / FIA Timing Sheets
2020,4,raikkonen,1,12,14:35:35,36.59,Base Oficial Ergast Motor Racing Database / FIA Timing Sheets
2020,4,raikkonen,2,47,15:35:09,44.085,Base Oficial Ergast Motor Racing Database / FIA Timing Sheets
2020,4,ricciardo,1,12,14:35:22,29.559,Base Oficial Ergast Motor Racing Database / FIA Timing Sheets
2020,4,russell,1,12,14:35:36,29.302,Base Oficial Ergast Motor Racing Database / FIA Timing Sheets
2020,4,sainz,1,13,14:37:27,28.487,Base Oficial Ergast Motor Racing Database / FIA Timing Sheets
2020,4,sainz,2,51,15:40:13,36.278,Base Oficial Ergast Motor Racing Database / FIA Timing Sheets
2020,4,stroll,1,13,14:37:32,28.716,Base Oficial Ergast Motor Racing Database / FIA Timing Sheets
2020,4,vettel,1,12,14:35:27,29.439,Base Oficial Ergast Motor Racing Database / FIA Timing Sheets
2020,5,albon,1,6,14:22:39,28.417,Base Oficial Ergast Motor Racing Database / FIA Timing Sheets
2020,5,albon,2,30,15:00:01,27.858,Base Oficial Ergast Motor Racing Database / FIA Timing Sheets
2020,5,bottas,1,13,14:33:10,28.408,Base Oficial Ergast Motor Racing Database / FIA Timing Sheets
2020,5,bottas,2,32,15:02:31,28.188,Base Oficial Ergast Motor Racing Database / FIA Timing Sheets
2020,5,gasly,1,7,14:24:09,28.356,Base Oficial Ergast Motor Racing Database / FIA Timing Sheets
2020,5,gasly,2,23,14:49:25,28.306,Base Oficial Ergast Motor Racing Database / FIA Timing Sheets
2020,5,giovinazzi,1,7,14:24:23,27.892,Base Oficial Ergast Motor Racing Database / FIA Timing Sheets
2020,5,giovinazzi,2,33,15:05:16,27.693,Base Oficial Ergast Motor Racing Database / FIA Timing Sheets
2020,5,grosjean,1,17,14:40:00,29.377,Base Oficial Ergast Motor Racing Database / FIA Timing Sheets
2020,5,grosjean,2,38,15:12:59,29.803,Base Oficial Ergast Motor Racing Database / FIA Timing Sheets
2020,5,hamilton,1,14,14:34:45,28.406,Base Oficial Ergast Motor Racing Database / FIA Timing Sheets
2020,5,hamilton,2,41,15:16:16,29.402,Base Oficial Ergast Motor Racing Database / FIA Timing Sheets
2020,5,hulkenberg,1,15,14:36:26,28.981,Base Oficial Ergast Motor Racing Database / FIA Timing Sheets
2020,5,hulkenberg,2,30,14:59:44,28.386,Base Oficial Ergast Motor Racing Database / FIA Timing Sheets
2020,5,hulkenberg,3,44,15:21:21,28.736,Base Oficial Ergast Motor Racing Database / FIA Timing Sheets
2020,5,kevin_magnussen,1,9,14:27:31,28.934,Base Oficial Ergast Motor Racing Database / FIA Timing Sheets
2020,5,kevin_magnussen,2,20,14:45:03,29.389,Base Oficial Ergast Motor Racing Database / FIA Timing Sheets
2020,5,kvyat,1,19,14:43:00,28.036,Base Oficial Ergast Motor Racing Database / FIA Timing Sheets
2020,5,kvyat,2,35,15:07:54,28.365,Base Oficial Ergast Motor Racing Database / FIA Timing Sheets
2020,5,latifi,1,9,14:27:35,28.696,Base Oficial Ergast Motor Racing Database / FIA Timing Sheets
2020,5,latifi,2,26,14:54:19,28.086,Base Oficial Ergast Motor Racing Database / FIA Timing Sheets
2020,5,latifi,3,46,15:25:31,29.049,Base Oficial Ergast Motor Racing Database / FIA Timing Sheets
2020,5,leclerc,1,18,14:41:13,29.419,Base Oficial Ergast Motor Racing Database / FIA Timing Sheets
2020,5,max_verstappen,1,26,14:53:04,29.115,Base Oficial Ergast Motor Racing Database / FIA Timing Sheets
2020,5,max_verstappen,2,32,15:02:28,28.986,Base Oficial Ergast Motor Racing Database / FIA Timing Sheets
2020,5,norris,1,12,14:31:56,27.949,Base Oficial Ergast Motor Racing Database / FIA Timing Sheets
2020,5,norris,2,29,14:58:32,28.874,Base Oficial Ergast Motor Racing Database / FIA Timing Sheets
2020,5,ocon,1,22,14:47:36,28.093,Base Oficial Ergast Motor Racing Database / FIA Timing Sheets
2020,5,raikkonen,1,26,14:54:13,29.296,Base Oficial Ergast Motor Racing Database / FIA Timing Sheets
2020,5,ricciardo,1,14,14:34:58,28.587,Base Oficial Ergast Motor Racing Database / FIA Timing Sheets
2020,5,ricciardo,2,26,14:53:46,28.167,Base Oficial Ergast Motor Racing Database / FIA Timing Sheets
2020,5,ricciardo,3,35,15:08:07,28.057,Base Oficial Ergast Motor Racing Database / FIA Timing Sheets
2020,5,russell,1,8,14:25:59,28.391,Base Oficial Ergast Motor Racing Database / FIA Timing Sheets
2020,5,russell,2,24,14:51:11,28.331,Base Oficial Ergast Motor Racing Database / FIA Timing Sheets
2020,5,russell,3,39,15:14:39,28.692,Base Oficial Ergast Motor Racing Database / FIA Timing Sheets
2020,5,sainz,1,22,14:47:30,35.864,Base Oficial Ergast Motor Racing Database / FIA Timing Sheets
2020,5,sainz,2,34,15:06:26,28.772,Base Oficial Ergast Motor Racing Database / FIA Timing Sheets
2020,5,stroll,1,18,14:41:04,28.235,Base Oficial Ergast Motor Racing Database / FIA Timing Sheets
2020,5,stroll,2,31,15:01:17,27.974,Base Oficial Ergast Motor Racing Database / FIA Timing Sheets
2020,5,vettel,1,22,14:47:40,28.167,Base Oficial Ergast Motor Racing Database / FIA Timing Sheets
2020,5,vettel,2,33,15:04:55,28.352,Base Oficial Ergast Motor Racing Database / FIA Timing Sheets
2020,6,albon,1,17,15:37:35,21.663,Base Oficial Ergast Motor Racing Database / FIA Timing Sheets
2020,6,albon,2,39,16:09:10,21.804,Base Oficial Ergast Motor Racing Database / FIA Timing Sheets
2020,6,bottas,1,23,15:45:39,22.31,Base Oficial Ergast Motor Racing Database / FIA Timing Sheets
2020,6,bottas,2,48,16:20:38,22.143,Base Oficial Ergast Motor Racing Database / FIA Timing Sheets
2020,6,bottas,3,64,16:42:47,22.607,Base Oficial Ergast Motor Racing Database / FIA Timing Sheets
2020,6,gasly,1,21,15:43:20,22.241,Base Oficial Ergast Motor Racing Database / FIA Timing Sheets
2020,6,gasly,2,42,16:13:22,22.394,Base Oficial Ergast Motor Racing Database / FIA Timing Sheets
2020,6,giovinazzi,1,21,15:43:48,22.243,Base Oficial Ergast Motor Racing Database / FIA Timing Sheets
2020,6,giovinazzi,2,45,16:18:12,21.794,Base Oficial Ergast Motor Racing Database / FIA Timing Sheets
2020,6,grosjean,1,32,15:59:39,23.212,Base Oficial Ergast Motor Racing Database / FIA Timing Sheets
2020,6,grosjean,2,62,16:42:16,24.01,Base Oficial Ergast Motor Racing Database / FIA Timing Sheets
2020,6,hamilton,1,23,15:45:28,23.377,Base Oficial Ergast Motor Racing Database / FIA Timing Sheets
2020,6,hamilton,2,50,16:23:05,21.853,Base Oficial Ergast Motor Racing Database / FIA Timing Sheets
2020,6,kevin_magnussen,1,28,15:53:40,24.148,Base Oficial Ergast Motor Racing Database / FIA Timing Sheets
2020,6,kvyat,1,21,15:43:30,23.036,Base Oficial Ergast Motor Racing Database / FIA Timing Sheets
2020,6,kvyat,2,45,16:17:43,22.079,Base Oficial Ergast Motor Racing Database / FIA Timing Sheets
2020,6,latifi,1,28,15:54:06,22.322,Base Oficial Ergast Motor Racing Database / FIA Timing Sheets
2020,6,latifi,2,49,16:24:00,22.475,Base Oficial Ergast Motor Racing Database / FIA Timing Sheets
2020,6,leclerc,1,29,15:54:45,22.274,Base Oficial Ergast Motor Racing Database / FIA Timing Sheets
2020,6,max_verstappen,1,21,15:42:49,21.532,Base Oficial Ergast Motor Racing Database / FIA Timing Sheets
2020,6,max_verstappen,2,41,16:10:56,21.601,Base Oficial Ergast Motor Racing Database / FIA Timing Sheets
2020,6,norris,1,21,15:43:22,22.099,Base Oficial Ergast Motor Racing Database / FIA Timing Sheets
2020,6,norris,2,44,16:16:10,21.761,Base Oficial Ergast Motor Racing Database / FIA Timing Sheets
2020,6,ocon,1,34,16:02:12,22.366,Base Oficial Ergast Motor Racing Database / FIA Timing Sheets
2020,6,perez,1,29,15:54:39,22.641,Base Oficial Ergast Motor Racing Database / FIA Timing Sheets
2020,6,raikkonen,1,20,15:42:15,22.314,Base Oficial Ergast Motor Racing Database / FIA Timing Sheets
2020,6,raikkonen,2,44,16:16:43,22.197,Base Oficial Ergast Motor Racing Database / FIA Timing Sheets
2020,6,ricciardo,1,35,16:03:27,21.837,Base Oficial Ergast Motor Racing Database / FIA Timing Sheets
2020,6,russell,1,19,15:40:50,22.708,Base Oficial Ergast Motor Racing Database / FIA Timing Sheets
2020,6,russell,2,35,16:03:47,21.889,Base Oficial Ergast Motor Racing Database / FIA Timing Sheets
2020,6,sainz,1,22,15:44:43,22.078,Base Oficial Ergast Motor Racing Database / FIA Timing Sheets
2020,6,sainz,2,41,16:11:55,22.166,Base Oficial Ergast Motor Racing Database / FIA Timing Sheets
2020,6,stroll,1,27,15:51:47,22.351,Base Oficial Ergast Motor Racing Database / FIA Timing Sheets
2020,6,stroll,2,42,16:13:17,22.388,Base Oficial Ergast Motor Racing Database / FIA Timing Sheets
2020,6,vettel,1,29,15:54:53,21.82,Base Oficial Ergast Motor Racing Database / FIA Timing Sheets
2020,7,albon,1,11,15:34:55,22.738,Base Oficial Ergast Motor Racing Database / FIA Timing Sheets
2020,7,bottas,1,11,15:34:37,25.548,Base Oficial Ergast Motor Racing Database / FIA Timing Sheets
2020,7,gasly,1,26,16:05:44,22.681,Base Oficial Ergast Motor Racing Database / FIA Timing Sheets
2020,7,grosjean,1,10,15:32:51,23.636,Base Oficial Ergast Motor Racing Database / FIA Timing Sheets
2020,7,hamilton,1,11,15:34:33,23.298,Base Oficial Ergast Motor Racing Database / FIA Timing Sheets
2020,7,kevin_magnussen,1,10,15:32:57,26.156,Base Oficial Ergast Motor Racing Database / FIA Timing Sheets
2020,7,kevin_magnussen,2,35,16:22:33,24.339,Base Oficial Ergast Motor Racing Database / FIA Timing Sheets
2020,7,kvyat,1,11,15:35:10,23.769,Base Oficial Ergast Motor Racing Database / FIA Timing Sheets
2020,7,latifi,1,10,15:33:00,23.532,Base Oficial Ergast Motor Racing Database / FIA Timing Sheets
2020,7,latifi,2,30,16:13:23,23.477,Base Oficial Ergast Motor Racing Database / FIA Timing Sheets
2020,7,leclerc,1,10,15:32:40,30.678,Base Oficial Ergast Motor Racing Database / FIA Timing Sheets
2020,7,leclerc,2,24,16:02:10,25.1,Base Oficial Ergast Motor Racing Database / FIA Timing Sheets
2020,7,max_verstappen,1,11,15:34:40,23.314,Base Oficial Ergast Motor Racing Database / FIA Timing Sheets
2020,7,norris,1,11,15:35:05,23.046,Base Oficial Ergast Motor Racing Database / FIA Timing Sheets
2020,7,ocon,1,11,15:34:54,24.305,Base Oficial Ergast Motor Racing Database / FIA Timing Sheets
2020,7,perez,1,18,15:51:01,23.175,Base Oficial Ergast Motor Racing Database / FIA Timing Sheets
2020,7,raikkonen,1,10,15:32:46,22.96,Base Oficial Ergast Motor Racing Database / FIA Timing Sheets
2020,7,ricciardo,1,11,15:34:49,23.586,Base Oficial Ergast Motor Racing Database / FIA Timing Sheets
2020,7,stroll,1,11,15:34:58,23.689,Base Oficial Ergast Motor Racing Database / FIA Timing Sheets
2020,7,vettel,1,11,15:35:12,22.982,Base Oficial Ergast Motor Racing Database / FIA Timing Sheets
2020,8,albon,1,22,15:46:56,29.661,Base Oficial Ergast Motor Racing Database / FIA Timing Sheets
2020,8,albon,2,26,15:55:18,,Base Oficial Ergast Motor Racing Database / FIA Timing Sheets
2020,8,bottas,1,22,15:46:49,24.41,Base Oficial Ergast Motor Racing Database / FIA Timing Sheets
2020,8,bottas,2,26,15:55:03,,Base Oficial Ergast Motor Racing Database / FIA Timing Sheets
2020,8,gasly,1,19,15:40:55,24.096,Base Oficial Ergast Motor Racing Database / FIA Timing Sheets
2020,8,gasly,2,26,15:54:53,,Base Oficial Ergast Motor Racing Database / FIA Timing Sheets
2020,8,giovinazzi,1,20,15:42:53,23.998,Base Oficial Ergast Motor Racing Database / FIA Timing Sheets
2020,8,giovinazzi,2,26,15:54:57,,Base Oficial Ergast Motor Racing Database / FIA Timing Sheets
2020,8,giovinazzi,3,30,16:28:15,31.48,Base Oficial Ergast Motor Racing Database / FIA Timing Sheets
2020,8,grosjean,1,22,15:46:57,25.936,Base Oficial Ergast Motor Racing Database / FIA Timing Sheets
2020,8,grosjean,2,26,15:55:20,,Base Oficial Ergast Motor Racing Database / FIA Timing Sheets
2020,8,hamilton,1,20,15:41:58,24.671,Base Oficial Ergast Motor Racing Database / FIA Timing Sheets
2020,8,hamilton,2,26,15:54:50,,Base Oficial Ergast Motor Racing Database / FIA Timing Sheets
2020,8,hamilton,3,28,16:25:20,31.643,Base Oficial Ergast Motor Racing Database / FIA Timing Sheets
2020,8,kevin_magnussen,1,1,15:15:04,40.078,Base Oficial Ergast Motor Racing Database / FIA Timing Sheets
2020,8,kvyat,1,22,15:46:56,25.92,Base Oficial Ergast Motor Racing Database / FIA Timing Sheets
2020,8,kvyat,2,26,15:55:12,,Base Oficial Ergast Motor Racing Database / FIA Timing Sheets
2020,8,latifi,1,16,15:36:53,26.335,Base Oficial Ergast Motor Racing Database / FIA Timing Sheets
2020,8,latifi,2,26,15:55:05,,Base Oficial Ergast Motor Racing Database / FIA Timing Sheets
2020,8,leclerc,1,17,15:38:12,24.344,Base Oficial Ergast Motor Racing Database / FIA Timing Sheets
2020,8,max_verstappen,1,22,15:46:50,26.149,Base Oficial Ergast Motor Racing Database / FIA Timing Sheets
2020,8,max_verstappen,2,26,15:55:08,,Base Oficial Ergast Motor Racing Database / FIA Timing Sheets
2020,8,norris,1,22,15:46:47,24.612,Base Oficial Ergast Motor Racing Database / FIA Timing Sheets
2020,8,norris,2,26,15:55:02,,Base Oficial Ergast Motor Racing Database / FIA Timing Sheets
2020,8,ocon,1,22,15:46:55,25.29,Base Oficial Ergast Motor Racing Database / FIA Timing Sheets
2020,8,ocon,2,26,15:55:10,,Base Oficial Ergast Motor Racing Database / FIA Timing Sheets
2020,8,perez,1,22,15:46:48,26.693,Base Oficial Ergast Motor Racing Database / FIA Timing Sheets
2020,8,perez,2,26,15:55:14,,Base Oficial Ergast Motor Racing Database / FIA Timing Sheets
2020,8,raikkonen,1,18,15:39:31,24.454,Base Oficial Ergast Motor Racing Database / FIA Timing Sheets
2020,8,raikkonen,2,26,15:54:55,,Base Oficial Ergast Motor Racing Database / FIA Timing Sheets
2020,8,ricciardo,1,22,15:46:48,25.498,Base Oficial Ergast Motor Racing Database / FIA Timing Sheets
2020,8,ricciardo,2,26,15:55:06,,Base Oficial Ergast Motor Racing Database / FIA Timing Sheets
2020,8,russell,1,22,15:46:57,25.249,Base Oficial Ergast Motor Racing Database / FIA Timing Sheets
2020,8,russell,2,26,15:55:17,,Base Oficial Ergast Motor Racing Database / FIA Timing Sheets
2020,8,sainz,1,22,15:46:40,24.398,Base Oficial Ergast Motor Racing Database / FIA Timing Sheets
2020,8,sainz,2,26,15:54:58,,Base Oficial Ergast Motor Racing Database / FIA Timing Sheets
2020,8,stroll,1,26,15:54:52,,Base Oficial Ergast Motor Racing Database / FIA Timing Sheets
2020,9,albon,1,7,15:28:39,17.591,Base Oficial Ergast Motor Racing Database / FIA Timing Sheets
2020,9,albon,2,8,15:31:16,,Base Oficial Ergast Motor Racing Database / FIA Timing Sheets
2020,9,albon,3,32,16:30:50,22.387,Base Oficial Ergast Motor Racing Database / FIA Timing Sheets
2020,9,albon,4,43,16:46:29,22.822,Base Oficial Ergast Motor Racing Database / FIA Timing Sheets
2020,9,albon,5,45,16:50:35,,Base Oficial Ergast Motor Racing Database / FIA Timing Sheets
2020,9,bottas,1,7,15:28:34,17.56,Base Oficial Ergast Motor Racing Database / FIA Timing Sheets
2020,9,bottas,2,8,15:31:11,,Base Oficial Ergast Motor Racing Database / FIA Timing Sheets
2020,9,bottas,3,31,16:29:09,23.111,Base Oficial Ergast Motor Racing Database / FIA Timing Sheets
2020,9,bottas,4,43,16:46:01,23.199,Base Oficial Ergast Motor Racing Database / FIA Timing Sheets
2020,9,bottas,5,45,16:50:27,,Base Oficial Ergast Motor Racing Database / FIA Timing Sheets
2020,9,grosjean,1,7,15:28:53,24.781,Base Oficial Ergast Motor Racing Database / FIA Timing Sheets
2020,9,grosjean,2,8,15:31:34,,Base Oficial Ergast Motor Racing Database / FIA Timing Sheets
2020,9,grosjean,3,28,16:25:52,23.72,Base Oficial Ergast Motor Racing Database / FIA Timing Sheets
2020,9,grosjean,4,42,16:46:13,24.002,Base Oficial Ergast Motor Racing Database / FIA Timing Sheets
2020,9,grosjean,5,44,16:50:31,,Base Oficial Ergast Motor Racing Database / FIA Timing Sheets
2020,9,hamilton,1,7,15:28:37,17.536,Base Oficial Ergast Motor Racing Database / FIA Timing Sheets
2020,9,hamilton,2,8,15:31:13,,Base Oficial Ergast Motor Racing Database / FIA Timing Sheets
2020,9,hamilton,3,32,16:30:24,22.445,Base Oficial Ergast Motor Racing Database / FIA Timing Sheets
2020,9,hamilton,4,44,16:47:42,22.8,Base Oficial Ergast Motor Racing Database / FIA Timing Sheets
2020,9,hamilton,5,45,16:50:26,,Base Oficial Ergast Motor Racing Database / FIA Timing Sheets
2020,9,kvyat,1,7,15:28:47,17.522,Base Oficial Ergast Motor Racing Database / FIA Timing Sheets
2020,9,kvyat,2,8,15:31:24,,Base Oficial Ergast Motor Racing Database / FIA Timing Sheets
2020,9,kvyat,3,29,16:26:55,23.113,Base Oficial Ergast Motor Racing Database / FIA Timing Sheets
2020,9,kvyat,4,43,16:47:06,22.745,Base Oficial Ergast Motor Racing Database / FIA Timing Sheets
2020,9,kvyat,5,45,16:50:58,,Base Oficial Ergast Motor Racing Database / FIA Timing Sheets
2020,9,leclerc,1,7,15:28:38,17.516,Base Oficial Ergast Motor Racing Database / FIA Timing Sheets
2020,9,leclerc,2,8,15:31:15,,Base Oficial Ergast Motor Racing Database / FIA Timing Sheets
2020,9,leclerc,3,21,16:15:31,23.469,Base Oficial Ergast Motor Racing Database / FIA Timing Sheets
2020,9,leclerc,4,37,16:38:26,23.367,Base Oficial Ergast Motor Racing Database / FIA Timing Sheets
2020,9,leclerc,5,45,16:51:08,,Base Oficial Ergast Motor Racing Database / FIA Timing Sheets
2020,9,norris,1,7,15:28:45,17.845,Base Oficial Ergast Motor Racing Database / FIA Timing Sheets
2020,9,norris,2,8,15:31:22,,Base Oficial Ergast Motor Racing Database / FIA Timing Sheets
2020,9,norris,3,29,16:26:50,24.137,Base Oficial Ergast Motor Racing Database / FIA Timing Sheets
2020,9,norris,4,43,16:46:51,24.82,Base Oficial Ergast Motor Racing Database / FIA Timing Sheets
2020,9,norris,5,45,16:50:53,,Base Oficial Ergast Motor Racing Database / FIA Timing Sheets
2020,9,ocon,1,7,15:28:49,17.455,Base Oficial Ergast Motor Racing Database / FIA Timing Sheets
2020,9,perez,1,7,15:28:44,17.531,Base Oficial Ergast Motor Racing Database / FIA Timing Sheets
2020,9,perez,2,8,15:31:21,,Base Oficial Ergast Motor Racing Database / FIA Timing Sheets
2020,9,perez,3,28,16:25:26,23.088,Base Oficial Ergast Motor Racing Database / FIA Timing Sheets
2020,9,perez,4,43,16:46:45,23.002,Base Oficial Ergast Motor Racing Database / FIA Timing Sheets
2020,9,perez,5,45,16:50:40,,Base Oficial Ergast Motor Racing Database / FIA Timing Sheets
2020,9,raikkonen,1,1,15:15:33,30.623,Base Oficial Ergast Motor Racing Database / FIA Timing Sheets
2020,9,raikkonen,2,7,15:28:51,17.594,Base Oficial Ergast Motor Racing Database / FIA Timing Sheets
2020,9,raikkonen,3,8,15:31:30,,Base Oficial Ergast Motor Racing Database / FIA Timing Sheets
2020,9,raikkonen,4,27,16:24:17,33.281,Base Oficial Ergast Motor Racing Database / FIA Timing Sheets
2020,9,raikkonen,5,42,16:45:58,28.96,Base Oficial Ergast Motor Racing Database / FIA Timing Sheets
2020,9,raikkonen,6,44,16:50:29,,Base Oficial Ergast Motor Racing Database / FIA Timing Sheets
2020,9,ricciardo,1,7,15:28:42,17.464,Base Oficial Ergast Motor Racing Database / FIA Timing Sheets
2020,9,ricciardo,2,8,15:31:19,,Base Oficial Ergast Motor Racing Database / FIA Timing Sheets
2020,9,ricciardo,3,27,16:23:46,22.777,Base Oficial Ergast Motor Racing Database / FIA Timing Sheets
2020,9,ricciardo,4,43,16:46:24,22.963,Base Oficial Ergast Motor Racing Database / FIA Timing Sheets
2020,9,ricciardo,5,45,16:50:33,,Base Oficial Ergast Motor Racing Database / FIA Timing Sheets
2020,9,russell,1,7,15:28:49,18.399,Base Oficial Ergast Motor Racing Database / FIA Timing Sheets
2020,9,russell,2,8,15:31:28,,Base Oficial Ergast Motor Racing Database / FIA Timing Sheets
2020,9,russell,3,29,16:27:04,23.638,Base Oficial Ergast Motor Racing Database / FIA Timing Sheets
2020,9,russell,4,43,16:47:25,23.367,Base Oficial Ergast Motor Racing Database / FIA Timing Sheets
2020,9,russell,5,45,16:51:28,,Base Oficial Ergast Motor Racing Database / FIA Timing Sheets
2020,9,stroll,1,7,15:28:41,17.625,Base Oficial Ergast Motor Racing Database / FIA Timing Sheets
2020,9,stroll,2,8,15:31:17,,Base Oficial Ergast Motor Racing Database / FIA Timing Sheets
2020,9,stroll,3,30,16:27:59,22.846,Base Oficial Ergast Motor Racing Database / FIA Timing Sheets
2020,9,vettel,1,1,15:15:41,33.583,Base Oficial Ergast Motor Racing Database / FIA Timing Sheets
2020,9,vettel,2,7,15:28:52,17.516,Base Oficial Ergast Motor Racing Database / FIA Timing Sheets
2020,9,vettel,3,8,15:31:32,,Base Oficial Ergast Motor Racing Database / FIA Timing Sheets
2020,9,vettel,4,28,16:25:43,22.995,Base Oficial Ergast Motor Racing Database / FIA Timing Sheets
2020,9,vettel,5,43,16:47:29,22.489,Base Oficial Ergast Motor Racing Database / FIA Timing Sheets
2020,9,vettel,6,45,16:51:32,,Base Oficial Ergast Motor Racing Database / FIA Timing Sheets
2020,10,albon,1,1,14:16:00,30.211,Base Oficial Ergast Motor Racing Database / FIA Timing Sheets
2020,10,albon,2,27,15:05:10,30.111,Base Oficial Ergast Motor Racing Database / FIA Timing Sheets
2020,10,bottas,1,26,15:02:26,29.75,Base Oficial Ergast Motor Racing Database / FIA Timing Sheets
2020,10,gasly,1,18,14:49:32,29.77,Base Oficial Ergast Motor Racing Database / FIA Timing Sheets
2020,10,gasly,2,42,15:30:21,29.409,Base Oficial Ergast Motor Racing Database / FIA Timing Sheets
2020,10,giovinazzi,1,16,14:46:23,29.767,Base Oficial Ergast Motor Racing Database / FIA Timing Sheets
2020,10,grosjean,1,17,14:48:03,30.054,Base Oficial Ergast Motor Racing Database / FIA Timing Sheets
2020,10,grosjean,2,42,15:31:06,29.988,Base Oficial Ergast Motor Racing Database / FIA Timing Sheets
2020,10,hamilton,1,16,14:45:50,41.352,Base Oficial Ergast Motor Racing Database / FIA Timing Sheets
2020,10,kevin_magnussen,1,19,14:51:23,30.188,Base Oficial Ergast Motor Racing Database / FIA Timing Sheets
2020,10,kvyat,1,30,15:09:46,29.662,Base Oficial Ergast Motor Racing Database / FIA Timing Sheets
2020,10,latifi,1,17,14:48:20,29.862,Base Oficial Ergast Motor Racing Database / FIA Timing Sheets
2020,10,leclerc,1,28,15:06:20,30.261,Base Oficial Ergast Motor Racing Database / FIA Timing Sheets
2020,10,max_verstappen,1,25,15:00:57,28.748,Base Oficial Ergast Motor Racing Database / FIA Timing Sheets
2020,10,norris,1,1,14:16:01,37.108,Base Oficial Ergast Motor Racing Database / FIA Timing Sheets
2020,10,norris,2,47,15:39:13,31.368,Base Oficial Ergast Motor Racing Database / FIA Timing Sheets
2020,10,ocon,1,18,14:49:24,30.068,Base Oficial Ergast Motor Racing Database / FIA Timing Sheets
2020,10,perez,1,20,14:52:46,29.602,Base Oficial Ergast Motor Racing Database / FIA Timing Sheets
2020,10,raikkonen,1,35,15:18:43,33.317,Base Oficial Ergast Motor Racing Database / FIA Timing Sheets
2020,10,ricciardo,1,15,14:44:24,30.112,Base Oficial Ergast Motor Racing Database / FIA Timing Sheets
2020,10,russell,1,1,14:15:56,30.165,Base Oficial Ergast Motor Racing Database / FIA Timing Sheets
2020,10,russell,2,14,14:43:16,29.433,Base Oficial Ergast Motor Racing Database / FIA Timing Sheets
2020,10,russell,3,50,15:45:09,29.675,Base Oficial Ergast Motor Racing Database / FIA Timing Sheets
2020,10,vettel,1,30,15:10:13,29.395,Base Oficial Ergast Motor Racing Database / FIA Timing Sheets
2020,11,albon,1,7,14:24:20,23.562,Base Oficial Ergast Motor Racing Database / FIA Timing Sheets
2020,11,bottas,1,13,14:33:18,22.625,Base Oficial Ergast Motor Racing Database / FIA Timing Sheets
2020,11,gasly,1,30,15:00:55,22.625,Base Oficial Ergast Motor Racing Database / FIA Timing Sheets
2020,11,gasly,2,44,15:23:04,22.917,Base Oficial Ergast Motor Racing Database / FIA Timing Sheets
2020,11,giovinazzi,1,15,14:37:09,22.482,Base Oficial Ergast Motor Racing Database / FIA Timing Sheets
2020,11,giovinazzi,2,36,15:10:28,22.772,Base Oficial Ergast Motor Racing Database / FIA Timing Sheets
2020,11,grosjean,1,28,14:57:54,23.635,Base Oficial Ergast Motor Racing Database / FIA Timing Sheets
2020,11,hamilton,1,16,14:37:59,23.983,Base Oficial Ergast Motor Racing Database / FIA Timing Sheets
2020,11,hamilton,2,45,15:22:31,23.18,Base Oficial Ergast Motor Racing Database / FIA Timing Sheets
2020,11,hulkenberg,1,29,14:59:24,22.7,Base Oficial Ergast Motor Racing Database / FIA Timing Sheets
2020,11,hulkenberg,2,44,15:23:08,22.686,Base Oficial Ergast Motor Racing Database / FIA Timing Sheets
2020,11,kevin_magnussen,1,14,14:35:37,23.016,Base Oficial Ergast Motor Racing Database / FIA Timing Sheets
2020,11,kevin_magnussen,2,34,15:07:30,23.114,Base Oficial Ergast Motor Racing Database / FIA Timing Sheets
2020,11,kvyat,1,17,14:41:05,30.826,Base Oficial Ergast Motor Racing Database / FIA Timing Sheets
2020,11,kvyat,2,44,15:23:55,22.527,Base Oficial Ergast Motor Racing Database / FIA Timing Sheets
2020,11,latifi,1,14,14:35:40,24.737,Base Oficial Ergast Motor Racing Database / FIA Timing Sheets
2020,11,latifi,2,33,15:06:01,24.063,Base Oficial Ergast Motor Racing Database / FIA Timing Sheets
2020,11,leclerc,1,10,14:29:03,22.56,Base Oficial Ergast Motor Racing Database / FIA Timing Sheets
2020,11,leclerc,2,35,15:08:35,23.111,Base Oficial Ergast Motor Racing Database / FIA Timing Sheets
2020,11,max_verstappen,1,16,14:38:04,22.106,Base Oficial Ergast Motor Racing Database / FIA Timing Sheets
2020,11,max_verstappen,2,45,15:22:43,22.568,Base Oficial Ergast Motor Racing Database / FIA Timing Sheets
2020,11,norris,1,29,14:58:56,21.991,Base Oficial Ergast Motor Racing Database / FIA Timing Sheets
2020,11,perez,1,28,14:57:23,22.88,Base Oficial Ergast Motor Racing Database / FIA Timing Sheets
2020,11,perez,2,45,15:24:17,22.612,Base Oficial Ergast Motor Racing Database / FIA Timing Sheets
2020,11,raikkonen,1,10,14:29:22,22.865,Base Oficial Ergast Motor Racing Database / FIA Timing Sheets
2020,11,raikkonen,2,44,15:23:17,33.016,Base Oficial Ergast Motor Racing Database / FIA Timing Sheets
2020,11,ricciardo,1,16,14:38:37,22.159,Base Oficial Ergast Motor Racing Database / FIA Timing Sheets
2020,11,ricciardo,2,44,15:22:03,22.53,Base Oficial Ergast Motor Racing Database / FIA Timing Sheets
2020,11,russell,1,11,14:30:54,22.496,Base Oficial Ergast Motor Racing Database / FIA Timing Sheets
2020,11,sainz,1,28,14:57:31,22.641,Base Oficial Ergast Motor Racing Database / FIA Timing Sheets
2020,11,sainz,2,44,15:22:26,22.503,Base Oficial Ergast Motor Racing Database / FIA Timing Sheets
2020,11,vettel,1,11,14:30:54,22.616,Base Oficial Ergast Motor Racing Database / FIA Timing Sheets
2020,11,vettel,2,41,15:18:18,24.366,Base Oficial Ergast Motor Racing Database / FIA Timing Sheets
2020,12,albon,1,19,13:40:09,26.287,Base Oficial Ergast Motor Racing Database / FIA Timing Sheets
2020,12,albon,2,46,14:17:42,25.882,Base Oficial Ergast Motor Racing Database / FIA Timing Sheets
2020,12,bottas,1,41,14:09:27,26.512,Base Oficial Ergast Motor Racing Database / FIA Timing Sheets
2020,12,gasly,1,28,13:52:25,27.204,Base Oficial Ergast Motor Racing Database / FIA Timing Sheets
2020,12,giovinazzi,1,28,13:52:49,26.473,Base Oficial Ergast Motor Racing Database / FIA Timing Sheets
2020,12,grosjean,1,26,13:50:03,26.985,Base Oficial Ergast Motor Racing Database / FIA Timing Sheets
2020,12,hamilton,1,40,14:07:56,27.162,Base Oficial Ergast Motor Racing Database / FIA Timing Sheets
2020,12,kevin_magnussen,1,31,13:57:08,27.3,Base Oficial Ergast Motor Racing Database / FIA Timing Sheets
2020,12,kvyat,1,25,13:48:37,27.211,Base Oficial Ergast Motor Racing Database / FIA Timing Sheets
2020,12,kvyat,2,55,14:30:36,32.943,Base Oficial Ergast Motor Racing Database / FIA Timing Sheets
2020,12,latifi,1,24,13:47:22,26.739,Base Oficial Ergast Motor Racing Database / FIA Timing Sheets
2020,12,leclerc,1,34,14:00:19,26.94,Base Oficial Ergast Motor Racing Database / FIA Timing Sheets
2020,12,max_verstappen,1,23,13:45:13,26.394,Base Oficial Ergast Motor Racing Database / FIA Timing Sheets
2020,12,norris,1,18,13:38:42,34.807,Base Oficial Ergast Motor Racing Database / FIA Timing Sheets
2020,12,norris,2,43,14:13:48,27.75,Base Oficial Ergast Motor Racing Database / FIA Timing Sheets
2020,12,ocon,1,53,14:26:47,28.535,Base Oficial Ergast Motor Racing Database / FIA Timing Sheets
2020,12,perez,1,1,13:14:54,26.177,Base Oficial Ergast Motor Racing Database / FIA Timing Sheets
2020,12,perez,2,45,14:15:49,26.635,Base Oficial Ergast Motor Racing Database / FIA Timing Sheets
2020,12,raikkonen,1,11,13:28:58,29.061,Base Oficial Ergast Motor Racing Database / FIA Timing Sheets
2020,12,ricciardo,1,14,13:33:08,26.999,Base Oficial Ergast Motor Racing Database / FIA Timing Sheets
2020,12,russell,1,36,14:03:48,32.991,Base Oficial Ergast Motor Racing Database / FIA Timing Sheets
2020,12,sainz,1,26,13:49:45,27.299,Base Oficial Ergast Motor Racing Database / FIA Timing Sheets
2020,12,stroll,1,18,13:38:52,36.314,Base Oficial Ergast Motor Racing Database / FIA Timing Sheets
2020,12,stroll,2,34,14:01:48,37.483,Base Oficial Ergast Motor Racing Database / FIA Timing Sheets
2020,12,vettel,1,27,13:51:14,26.666,Base Oficial Ergast Motor Racing Database / FIA Timing Sheets
2020,13,albon,1,14,13:32:12,29.77,Base Oficial Ergast Motor Racing Database / FIA Timing Sheets
2020,13,albon,2,59,14:37:02,29.552,Base Oficial Ergast Motor Racing Database / FIA Timing Sheets
2020,13,bottas,1,19,13:38:22,29.6,Base Oficial Ergast Motor Racing Database / FIA Timing Sheets
2020,13,bottas,2,51,14:21:18,30.129,Base Oficial Ergast Motor Racing Database / FIA Timing Sheets
2020,13,giovinazzi,1,10,13:27:00,29.745,Base Oficial Ergast Motor Racing Database / FIA Timing Sheets
2020,13,grosjean,1,9,13:25:41,30.422,Base Oficial Ergast Motor Racing Database / FIA Timing Sheets
2020,13,grosjean,2,50,14:21:06,31.199,Base Oficial Ergast Motor Racing Database / FIA Timing Sheets
2020,13,hamilton,1,30,13:52:53,30.382,Base Oficial Ergast Motor Racing Database / FIA Timing Sheets
2020,13,hamilton,2,52,14:22:55,30.925,Base Oficial Ergast Motor Racing Database / FIA Timing Sheets
2020,13,kevin_magnussen,1,27,13:50:01,30.708,Base Oficial Ergast Motor Racing Database / FIA Timing Sheets
2020,13,kvyat,1,14,13:32:12,30.277,Base Oficial Ergast Motor Racing Database / FIA Timing Sheets
2020,13,kvyat,2,51,14:22:09,29.809,Base Oficial Ergast Motor Racing Database / FIA Timing Sheets
2020,13,latifi,1,34,13:59:15,29.892,Base Oficial Ergast Motor Racing Database / FIA Timing Sheets
2020,13,leclerc,1,13,13:30:49,30.243,Base Oficial Ergast Motor Racing Database / FIA Timing Sheets
2020,13,max_verstappen,1,18,13:37:06,29.427,Base Oficial Ergast Motor Racing Database / FIA Timing Sheets
2020,13,norris,1,13,13:30:56,29.683,Base Oficial Ergast Motor Racing Database / FIA Timing Sheets
2020,13,norris,2,53,14:25:29,30.203,Base Oficial Ergast Motor Racing Database / FIA Timing Sheets
2020,13,ocon,1,13,13:30:59,30.559,Base Oficial Ergast Motor Racing Database / FIA Timing Sheets
2020,13,perez,1,27,13:49:28,29.985,Base Oficial Ergast Motor Racing Database / FIA Timing Sheets
2020,13,perez,2,51,14:21:54,30.555,Base Oficial Ergast Motor Racing Database / FIA Timing Sheets
2020,13,raikkonen,1,48,14:17:39,29.863,Base Oficial Ergast Motor Racing Database / FIA Timing Sheets
2020,13,ricciardo,1,14,13:32:09,30.204,Base Oficial Ergast Motor Racing Database / FIA Timing Sheets
2020,13,russell,1,11,13:28:18,29.707,Base Oficial Ergast Motor Racing Database / FIA Timing Sheets
2020,13,sainz,1,17,13:36:15,29.95,Base Oficial Ergast Motor Racing Database / FIA Timing Sheets
2020,13,sainz,2,51,14:22:11,30.614,Base Oficial Ergast Motor Racing Database / FIA Timing Sheets
2020,13,stroll,1,1,13:14:49,36.189,Base Oficial Ergast Motor Racing Database / FIA Timing Sheets
2020,13,stroll,2,29,13:53:03,30.566,Base Oficial Ergast Motor Racing Database / FIA Timing Sheets
2020,13,stroll,3,52,14:25:09,36.63,Base Oficial Ergast Motor Racing Database / FIA Timing Sheets
2020,13,vettel,1,39,14:05:39,40.497,Base Oficial Ergast Motor Racing Database / FIA Timing Sheets
2020,13,vettel,2,51,14:22:57,29.934,Base Oficial Ergast Motor Racing Database / FIA Timing Sheets
2020,14,albon,1,12,13:36:22,22.602,Base Oficial Ergast Motor Racing Database / FIA Timing Sheets
2020,14,albon,2,34,14:15:35,22.49,Base Oficial Ergast Motor Racing Database / FIA Timing Sheets
2020,14,bottas,1,7,13:27:48,23.398,Base Oficial Ergast Motor Racing Database / FIA Timing Sheets
2020,14,bottas,2,46,14:37:34,22.853,Base Oficial Ergast Motor Racing Database / FIA Timing Sheets
2020,14,gasly,1,10,13:33:26,23.669,Base Oficial Ergast Motor Racing Database / FIA Timing Sheets
2020,14,gasly,2,33,14:14:57,23.288,Base Oficial Ergast Motor Racing Database / FIA Timing Sheets
2020,14,giovinazzi,1,8,13:29:38,25.432,Base Oficial Ergast Motor Racing Database / FIA Timing Sheets
2020,14,grosjean,1,8,13:29:52,26.686,Base Oficial Ergast Motor Racing Database / FIA Timing Sheets
2020,14,grosjean,2,36,14:20:55,31.422,Base Oficial Ergast Motor Racing Database / FIA Timing Sheets
2020,14,hamilton,1,8,13:29:04,23.86,Base Oficial Ergast Motor Racing Database / FIA Timing Sheets
2020,14,kevin_magnussen,1,8,13:29:27,24.552,Base Oficial Ergast Motor Racing Database / FIA Timing Sheets
2020,14,kevin_magnussen,2,34,14:16:33,,Base Oficial Ergast Motor Racing Database / FIA Timing Sheets
2020,14,kvyat,1,8,13:29:42,23.417,Base Oficial Ergast Motor Racing Database / FIA Timing Sheets
2020,14,latifi,1,8,13:30:54,24.738,Base Oficial Ergast Motor Racing Database / FIA Timing Sheets
2020,14,latifi,2,38,14:26:46,36.599,Base Oficial Ergast Motor Racing Database / FIA Timing Sheets
2020,14,leclerc,1,6,13:25:49,24.275,Base Oficial Ergast Motor Racing Database / FIA Timing Sheets
2020,14,leclerc,2,30,14:08:52,23.687,Base Oficial Ergast Motor Racing Database / FIA Timing Sheets
2020,14,max_verstappen,1,11,13:34:27,24.256,Base Oficial Ergast Motor Racing Database / FIA Timing Sheets
2020,14,max_verstappen,2,18,13:47:55,22.518,Base Oficial Ergast Motor Racing Database / FIA Timing Sheets
2020,14,max_verstappen,3,43,14:31:06,22.787,Base Oficial Ergast Motor Racing Database / FIA Timing Sheets
2020,14,norris,1,9,13:31:36,22.684,Base Oficial Ergast Motor Racing Database / FIA Timing Sheets
2020,14,norris,2,36,14:19:42,23.686,Base Oficial Ergast Motor Racing Database / FIA Timing Sheets
2020,14,ocon,1,1,13:15:59,25.719,Base Oficial Ergast Motor Racing Database / FIA Timing Sheets
2020,14,ocon,2,10,13:33:43,23.475,Base Oficial Ergast Motor Racing Database / FIA Timing Sheets
2020,14,perez,1,10,13:32:35,25.163,Base Oficial Ergast Motor Racing Database / FIA Timing Sheets
2020,14,raikkonen,1,8,13:29:23,30.765,Base Oficial Ergast Motor Racing Database / FIA Timing Sheets
2020,14,raikkonen,2,30,14:09:48,31.356,Base Oficial Ergast Motor Racing Database / FIA Timing Sheets
2020,14,raikkonen,3,50,14:44:57,23.18,Base Oficial Ergast Motor Racing Database / FIA Timing Sheets
2020,14,ricciardo,1,10,13:32:52,23.47,Base Oficial Ergast Motor Racing Database / FIA Timing Sheets
2020,14,ricciardo,2,32,14:12:20,23.208,Base Oficial Ergast Motor Racing Database / FIA Timing Sheets
2020,14,russell,1,32,14:13:13,22.692,Base Oficial Ergast Motor Racing Database / FIA Timing Sheets
2020,14,russell,2,42,14:31:11,22.888,Base Oficial Ergast Motor Racing Database / FIA Timing Sheets
2020,14,sainz,1,10,13:32:56,23.91,Base Oficial Ergast Motor Racing Database / FIA Timing Sheets
2020,14,sainz,2,33,14:14:01,23.537,Base Oficial Ergast Motor Racing Database / FIA Timing Sheets
2020,14,stroll,1,9,13:30:37,23.73,Base Oficial Ergast Motor Racing Database / FIA Timing Sheets
2020,14,stroll,2,36,14:18:49,23.65,Base Oficial Ergast Motor Racing Database / FIA Timing Sheets
2020,14,vettel,1,8,13:28:57,24.022,Base Oficial Ergast Motor Racing Database / FIA Timing Sheets
2020,14,vettel,2,33,14:13:43,25.401,Base Oficial Ergast Motor Racing Database / FIA Timing Sheets
2020,15,albon,1,1,17:15:51,,Base Oficial Ergast Motor Racing Database / FIA Timing Sheets
2020,15,albon,2,19,19:11:03,24.172,Base Oficial Ergast Motor Racing Database / FIA Timing Sheets
2020,15,albon,3,34,19:35:11,23.848,Base Oficial Ergast Motor Racing Database / FIA Timing Sheets
2020,15,bottas,1,1,17:15:57,,Base Oficial Ergast Motor Racing Database / FIA Timing Sheets
2020,15,bottas,2,4,18:43:43,24.936,Base Oficial Ergast Motor Racing Database / FIA Timing Sheets
2020,15,bottas,3,25,19:21:09,24.734,Base Oficial Ergast Motor Racing Database / FIA Timing Sheets
2020,15,bottas,4,38,19:42:04,24.675,Base Oficial Ergast Motor Racing Database / FIA Timing Sheets
2020,15,gasly,1,1,17:16:02,,Base Oficial Ergast Motor Racing Database / FIA Timing Sheets
2020,15,gasly,2,25,19:21:01,24.398,Base Oficial Ergast Motor Racing Database / FIA Timing Sheets
2020,15,giovinazzi,1,1,17:16:18,,Base Oficial Ergast Motor Racing Database / FIA Timing Sheets
2020,15,giovinazzi,2,20,19:13:16,24.145,Base Oficial Ergast Motor Racing Database / FIA Timing Sheets
2020,15,giovinazzi,3,53,20:07:02,24.836,Base Oficial Ergast Motor Racing Database / FIA Timing Sheets
2020,15,hamilton,1,1,17:15:42,,Base Oficial Ergast Motor Racing Database / FIA Timing Sheets
2020,15,hamilton,2,19,19:10:46,24.061,Base Oficial Ergast Motor Racing Database / FIA Timing Sheets
2020,15,hamilton,3,35,19:36:16,24.345,Base Oficial Ergast Motor Racing Database / FIA Timing Sheets
2020,15,kevin_magnussen,1,1,17:16:23,,Base Oficial Ergast Motor Racing Database / FIA Timing Sheets
2020,15,kevin_magnussen,2,3,18:41:46,38.297,Base Oficial Ergast Motor Racing Database / FIA Timing Sheets
2020,15,kevin_magnussen,3,27,19:24:46,25.924,Base Oficial Ergast Motor Racing Database / FIA Timing Sheets
2020,15,kevin_magnussen,4,53,20:07:38,25.793,Base Oficial Ergast Motor Racing Database / FIA Timing Sheets
2020,15,kvyat,1,1,17:16:36,,Base Oficial Ergast Motor Racing Database / FIA Timing Sheets
2020,15,kvyat,2,17,19:08:09,37.317,Base Oficial Ergast Motor Racing Database / FIA Timing Sheets
2020,15,kvyat,3,33,19:34:29,24.135,Base Oficial Ergast Motor Racing Database / FIA Timing Sheets
2020,15,latifi,1,1,17:16:29,,Base Oficial Ergast Motor Racing Database / FIA Timing Sheets
2020,15,latifi,2,21,19:14:54,24.248,Base Oficial Ergast Motor Racing Database / FIA Timing Sheets
2020,15,latifi,3,37,19:41:05,24.024,Base Oficial Ergast Motor Racing Database / FIA Timing Sheets
2020,15,leclerc,1,1,17:16:14,,Base Oficial Ergast Motor Racing Database / FIA Timing Sheets
2020,15,leclerc,2,23,19:17:53,25.199,Base Oficial Ergast Motor Racing Database / FIA Timing Sheets
2020,15,leclerc,3,40,19:45:27,24.855,Base Oficial Ergast Motor Racing Database / FIA Timing Sheets
2020,15,max_verstappen,1,1,17:15:44,,Base Oficial Ergast Motor Racing Database / FIA Timing Sheets
2020,15,max_verstappen,2,20,19:12:27,24.622,Base Oficial Ergast Motor Racing Database / FIA Timing Sheets
2020,15,max_verstappen,3,34,19:34:47,26.95,Base Oficial Ergast Motor Racing Database / FIA Timing Sheets
2020,15,max_verstappen,4,46,19:53:52,23.906,Base Oficial Ergast Motor Racing Database / FIA Timing Sheets
2020,15,norris,1,1,17:16:13,,Base Oficial Ergast Motor Racing Database / FIA Timing Sheets
2020,15,norris,2,18,19:09:33,24.679,Base Oficial Ergast Motor Racing Database / FIA Timing Sheets
2020,15,norris,3,38,19:41:45,24.666,Base Oficial Ergast Motor Racing Database / FIA Timing Sheets
2020,15,ocon,1,1,17:16:04,,Base Oficial Ergast Motor Racing Database / FIA Timing Sheets
2020,15,ocon,2,17,19:07:58,24.076,Base Oficial Ergast Motor Racing Database / FIA Timing Sheets
2020,15,ocon,3,34,19:35:41,25.254,Base Oficial Ergast Motor Racing Database / FIA Timing Sheets
2020,15,perez,1,1,17:15:46,,Base Oficial Ergast Motor Racing Database / FIA Timing Sheets
2020,15,perez,2,20,19:12:34,24.317,Base Oficial Ergast Motor Racing Database / FIA Timing Sheets
2020,15,perez,3,36,19:38:16,24.589,Base Oficial Ergast Motor Racing Database / FIA Timing Sheets
2020,15,raikkonen,1,1,17:16:31,,Base Oficial Ergast Motor Racing Database / FIA Timing Sheets
2020,15,raikkonen,2,17,19:08:14,32.278,Base Oficial Ergast Motor Racing Database / FIA Timing Sheets
2020,15,raikkonen,3,40,19:45:59,25.27,Base Oficial Ergast Motor Racing Database / FIA Timing Sheets
2020,15,ricciardo,1,1,17:15:56,,Base Oficial Ergast Motor Racing Database / FIA Timing Sheets
2020,15,ricciardo,2,16,19:06:25,24.617,Base Oficial Ergast Motor Racing Database / FIA Timing Sheets
2020,15,ricciardo,3,36,19:38:50,24.817,Base Oficial Ergast Motor Racing Database / FIA Timing Sheets
2020,15,russell,1,1,17:16:34,,Base Oficial Ergast Motor Racing Database / FIA Timing Sheets
2020,15,russell,2,20,19:13:06,24.029,Base Oficial Ergast Motor Racing Database / FIA Timing Sheets
2020,15,russell,3,39,19:44:08,27.146,Base Oficial Ergast Motor Racing Database / FIA Timing Sheets
2020,15,sainz,1,1,17:16:21,,Base Oficial Ergast Motor Racing Database / FIA Timing Sheets
2020,15,sainz,2,21,19:14:28,24.511,Base Oficial Ergast Motor Racing Database / FIA Timing Sheets
2020,15,sainz,3,39,19:43:27,25.502,Base Oficial Ergast Motor Racing Database / FIA Timing Sheets
2020,15,stroll,1,1,17:16:19,,Base Oficial Ergast Motor Racing Database / FIA Timing Sheets
2020,15,vettel,1,1,17:16:26,,Base Oficial Ergast Motor Racing Database / FIA Timing Sheets
2020,15,vettel,2,20,19:13:19,24.774,Base Oficial Ergast Motor Racing Database / FIA Timing Sheets
2020,15,vettel,3,39,19:44:14,25.444,Base Oficial Ergast Motor Racing Database / FIA Timing Sheets
2020,16,aitken,1,31,20:46:36,24.863,Base Oficial Ergast Motor Racing Database / FIA Timing Sheets
2020,16,aitken,2,54,21:09:43,25.688,Base Oficial Ergast Motor Racing Database / FIA Timing Sheets
2020,16,aitken,3,59,21:15:05,40.028,Base Oficial Ergast Motor Racing Database / FIA Timing Sheets
2020,16,albon,1,47,21:01:54,23.874,Base Oficial Ergast Motor Racing Database / FIA Timing Sheets
2020,16,albon,2,62,21:17:23,23.645,Base Oficial Ergast Motor Racing Database / FIA Timing Sheets
2020,16,bottas,1,49,21:03:18,24.552,Base Oficial Ergast Motor Racing Database / FIA Timing Sheets
2020,16,bottas,2,62,21:16:37,52.874,Base Oficial Ergast Motor Racing Database / FIA Timing Sheets
2020,16,gasly,1,28,20:43:13,25.077,Base Oficial Ergast Motor Racing Database / FIA Timing Sheets
2020,16,gasly,2,51,21:05:56,24.577,Base Oficial Ergast Motor Racing Database / FIA Timing Sheets
2020,16,giovinazzi,1,26,20:41:34,24.81,Base Oficial Ergast Motor Racing Database / FIA Timing Sheets
2020,16,giovinazzi,2,54,21:09:30,24.551,Base Oficial Ergast Motor Racing Database / FIA Timing Sheets
2020,16,kevin_magnussen,1,26,20:41:37,25.474,Base Oficial Ergast Motor Racing Database / FIA Timing Sheets
2020,16,kevin_magnussen,2,54,21:09:40,25.466,Base Oficial Ergast Motor Racing Database / FIA Timing Sheets
2020,16,kvyat,1,27,20:42:12,24.101,Base Oficial Ergast Motor Racing Database / FIA Timing Sheets
2020,16,kvyat,2,53,21:07:47,24.232,Base Oficial Ergast Motor Racing Database / FIA Timing Sheets
2020,16,latifi,1,27,20:42:32,24.297,Base Oficial Ergast Motor Racing Database / FIA Timing Sheets
2020,16,norris,1,20,20:35:27,24.885,Base Oficial Ergast Motor Racing Database / FIA Timing Sheets
2020,16,norris,2,54,21:09:09,24.245,Base Oficial Ergast Motor Racing Database / FIA Timing Sheets
2020,16,ocon,1,41,20:55:57,24.414,Base Oficial Ergast Motor Racing Database / FIA Timing Sheets
2020,16,perez,1,1,20:14:22,24.214,Base Oficial Ergast Motor Racing Database / FIA Timing Sheets
2020,16,perez,2,47,21:01:49,24.507,Base Oficial Ergast Motor Racing Database / FIA Timing Sheets
2020,16,pietro_fittipaldi,1,31,20:46:50,27.681,Base Oficial Ergast Motor Racing Database / FIA Timing Sheets
2020,16,pietro_fittipaldi,2,53,21:09:11,26.393,Base Oficial Ergast Motor Racing Database / FIA Timing Sheets
2020,16,pietro_fittipaldi,3,63,21:20:20,25.78,Base Oficial Ergast Motor Racing Database / FIA Timing Sheets
2020,16,raikkonen,1,23,20:38:44,28.518,Base Oficial Ergast Motor Racing Database / FIA Timing Sheets
2020,16,raikkonen,2,54,21:09:49,24.401,Base Oficial Ergast Motor Racing Database / FIA Timing Sheets
2020,16,raikkonen,3,62,21:18:42,24.686,Base Oficial Ergast Motor Racing Database / FIA Timing Sheets
2020,16,ricciardo,1,29,20:44:08,24.474,Base Oficial Ergast Motor Racing Database / FIA Timing Sheets
2020,16,ricciardo,2,55,21:09:56,24.695,Base Oficial Ergast Motor Racing Database / FIA Timing Sheets
2020,16,russell,1,45,20:59:22,24.708,Base Oficial Ergast Motor Racing Database / FIA Timing Sheets
2020,16,russell,2,62,21:16:30,28.765,Base Oficial Ergast Motor Racing Database / FIA Timing Sheets
2020,16,russell,3,63,21:18:22,24.724,Base Oficial Ergast Motor Racing Database / FIA Timing Sheets
2020,16,russell,4,78,21:35:26,24.235,Base Oficial Ergast Motor Racing Database / FIA Timing Sheets
2020,16,sainz,1,28,20:43:07,24.162,Base Oficial Ergast Motor Racing Database / FIA Timing Sheets
2020,16,sainz,2,55,21:09:54,24.853,Base Oficial Ergast Motor Racing Database / FIA Timing Sheets
2020,16,stroll,1,42,20:56:54,24.684,Base Oficial Ergast Motor Racing Database / FIA Timing Sheets
2020,16,vettel,1,31,20:46:25,26.216,Base Oficial Ergast Motor Racing Database / FIA Timing Sheets
2020,16,vettel,2,54,21:09:21,28.08,Base Oficial Ergast Motor Racing Database / FIA Timing Sheets
2020,16,vettel,3,63,21:19:11,24.809,Base Oficial Ergast Motor Racing Database / FIA Timing Sheets
2020,17,albon,1,10,17:31:15,21.508,Base Oficial Ergast Motor Racing Database / FIA Timing Sheets
2020,17,bottas,1,10,17:31:02,21.587,Base Oficial Ergast Motor Racing Database / FIA Timing Sheets
2020,17,gasly,1,10,17:31:33,22.0,Base Oficial Ergast Motor Racing Database / FIA Timing Sheets
2020,17,giovinazzi,1,27,18:03:41,21.48,Base Oficial Ergast Motor Racing Database / FIA Timing Sheets
2020,17,hamilton,1,10,17:31:09,22.406,Base Oficial Ergast Motor Racing Database / FIA Timing Sheets
2020,17,kevin_magnussen,1,31,18:10:52,22.714,Base Oficial Ergast Motor Racing Database / FIA Timing Sheets
2020,17,kevin_magnussen,2,47,18:39:11,23.098,Base Oficial Ergast Motor Racing Database / FIA Timing Sheets
2020,17,kvyat,1,10,17:31:37,25.724,Base Oficial Ergast Motor Racing Database / FIA Timing Sheets
2020,17,latifi,1,11,17:34:29,21.357,Base Oficial Ergast Motor Racing Database / FIA Timing Sheets
2020,17,latifi,2,35,18:17:41,22.384,Base Oficial Ergast Motor Racing Database / FIA Timing Sheets
2020,17,leclerc,1,22,17:54:48,22.178,Base Oficial Ergast Motor Racing Database / FIA Timing Sheets
2020,17,max_verstappen,1,10,17:30:57,21.289,Base Oficial Ergast Motor Racing Database / FIA Timing Sheets
2020,17,norris,1,10,17:31:22,21.84,Base Oficial Ergast Motor Racing Database / FIA Timing Sheets
2020,17,ocon,1,10,17:31:40,21.615,Base Oficial Ergast Motor Racing Database / FIA Timing Sheets
2020,17,pietro_fittipaldi,1,10,17:32:05,26.329,Base Oficial Ergast Motor Racing Database / FIA Timing Sheets
2020,17,pietro_fittipaldi,2,34,18:16:09,28.501,Base Oficial Ergast Motor Racing Database / FIA Timing Sheets
2020,17,pietro_fittipaldi,3,48,18:41:11,23.217,Base Oficial Ergast Motor Racing Database / FIA Timing Sheets
2020,17,raikkonen,1,10,17:31:49,22.012,Base Oficial Ergast Motor Racing Database / FIA Timing Sheets
2020,17,ricciardo,1,39,18:23:37,22.123,Base Oficial Ergast Motor Racing Database / FIA Timing Sheets
2020,17,russell,1,10,17:31:56,22.085,Base Oficial Ergast Motor Racing Database / FIA Timing Sheets
2020,17,sainz,1,10,17:31:29,22.14,Base Oficial Ergast Motor Racing Database / FIA Timing Sheets
2020,17,stroll,1,10,17:31:30,22.036,Base Oficial Ergast Motor Racing Database / FIA Timing Sheets
2020,17,vettel,1,35,18:17:15,22.04,Base Oficial Ergast Motor Racing Database / FIA Timing Sheets
2021,1,alonso,1,11,18:27:32,24.373,Base Oficial Ergast Motor Racing Database / FIA Timing Sheets
2021,1,alonso,2,29,18:57:13,24.775,Base Oficial Ergast Motor Racing Database / FIA Timing Sheets
2021,1,bottas,1,16,18:35:24,24.262,Base Oficial Ergast Motor Racing Database / FIA Timing Sheets
2021,1,bottas,2,30,18:57:58,32.897,Base Oficial Ergast Motor Racing Database / FIA Timing Sheets
2021,1,bottas,3,54,19:36:21,24.566,Base Oficial Ergast Motor Racing Database / FIA Timing Sheets
2021,1,gasly,1,4,18:16:14,38.338,Base Oficial Ergast Motor Racing Database / FIA Timing Sheets
2021,1,gasly,2,19,18:41:17,24.317,Base Oficial Ergast Motor Racing Database / FIA Timing Sheets
2021,1,gasly,3,39,19:13:55,24.983,Base Oficial Ergast Motor Racing Database / FIA Timing Sheets
2021,1,giovinazzi,1,12,18:29:14,31.998,Base Oficial Ergast Motor Racing Database / FIA Timing Sheets
2021,1,giovinazzi,2,30,18:58:53,24.223,Base Oficial Ergast Motor Racing Database / FIA Timing Sheets
2021,1,hamilton,1,13,18:30:29,24.839,Base Oficial Ergast Motor Racing Database / FIA Timing Sheets
2021,1,hamilton,2,28,18:54:40,24.076,Base Oficial Ergast Motor Racing Database / FIA Timing Sheets
2021,1,latifi,1,14,18:32:44,26.046,Base Oficial Ergast Motor Racing Database / FIA Timing Sheets
2021,1,latifi,2,32,19:02:32,23.983,Base Oficial Ergast Motor Racing Database / FIA Timing Sheets
2021,1,leclerc,1,12,18:29:06,24.925,Base Oficial Ergast Motor Racing Database / FIA Timing Sheets
2021,1,leclerc,2,32,19:01:40,24.176,Base Oficial Ergast Motor Racing Database / FIA Timing Sheets
2021,1,max_verstappen,1,17,18:36:54,24.767,Base Oficial Ergast Motor Racing Database / FIA Timing Sheets
2021,1,max_verstappen,2,39,19:12:13,23.848,Base Oficial Ergast Motor Racing Database / FIA Timing Sheets
2021,1,mick_schumacher,1,14,18:32:58,25.798,Base Oficial Ergast Motor Racing Database / FIA Timing Sheets
2021,1,mick_schumacher,2,33,19:04:27,25.343,Base Oficial Ergast Motor Racing Database / FIA Timing Sheets
2021,1,norris,1,12,18:29:05,24.899,Base Oficial Ergast Motor Racing Database / FIA Timing Sheets
2021,1,norris,2,33,19:03:11,25.64,Base Oficial Ergast Motor Racing Database / FIA Timing Sheets
2021,1,ocon,1,13,18:30:55,25.226,Base Oficial Ergast Motor Racing Database / FIA Timing Sheets
2021,1,ocon,2,31,19:00:29,24.471,Base Oficial Ergast Motor Racing Database / FIA Timing Sheets
2021,1,perez,1,2,18:11:56,23.993,Base Oficial Ergast Motor Racing Database / FIA Timing Sheets
2021,1,perez,2,19,18:40:35,24.105,Base Oficial Ergast Motor Racing Database / FIA Timing Sheets
2021,1,perez,3,38,19:11:20,24.191,Base Oficial Ergast Motor Racing Database / FIA Timing Sheets
2021,1,raikkonen,1,13,18:30:52,24.107,Base Oficial Ergast Motor Racing Database / FIA Timing Sheets
2021,1,raikkonen,2,29,18:57:06,24.046,Base Oficial Ergast Motor Racing Database / FIA Timing Sheets
2021,1,ricciardo,1,13,18:30:45,24.688,Base Oficial Ergast Motor Racing Database / FIA Timing Sheets
2021,1,ricciardo,2,32,19:01:44,24.655,Base Oficial Ergast Motor Racing Database / FIA Timing Sheets
2021,1,russell,1,13,18:31:02,24.621,Base Oficial Ergast Motor Racing Database / FIA Timing Sheets
2021,1,russell,2,36,19:08:48,24.248,Base Oficial Ergast Motor Racing Database / FIA Timing Sheets
2021,1,sainz,1,15,18:34:04,24.353,Base Oficial Ergast Motor Racing Database / FIA Timing Sheets
2021,1,sainz,2,37,19:09:53,24.341,Base Oficial Ergast Motor Racing Database / FIA Timing Sheets
2021,1,stroll,1,12,18:29:09,24.884,Base Oficial Ergast Motor Racing Database / FIA Timing Sheets
2021,1,stroll,2,28,18:55:23,25.525,Base Oficial Ergast Motor Racing Database / FIA Timing Sheets
2021,1,tsunoda,1,15,18:34:12,25.046,Base Oficial Ergast Motor Racing Database / FIA Timing Sheets
2021,1,tsunoda,2,33,19:03:36,24.328,Base Oficial Ergast Motor Racing Database / FIA Timing Sheets
2021,1,vettel,1,24,18:49:08,24.626,Base Oficial Ergast Motor Racing Database / FIA Timing Sheets
2021,2,alonso,1,28,15:51:18,30.864,Base Oficial Ergast Motor Racing Database / FIA Timing Sheets
2021,2,alonso,2,32,15:58:37,,Base Oficial Ergast Motor Racing Database / FIA Timing Sheets
2021,2,alonso,3,33,16:25:04,57.601,Base Oficial Ergast Motor Racing Database / FIA Timing Sheets
2021,2,bottas,1,28,15:50:46,30.167,Base Oficial Ergast Motor Racing Database / FIA Timing Sheets
2021,2,gasly,1,14,15:30:10,31.068,Base Oficial Ergast Motor Racing Database / FIA Timing Sheets
2021,2,gasly,2,26,15:48:45,32.277,Base Oficial Ergast Motor Racing Database / FIA Timing Sheets
2021,2,gasly,3,32,15:59:18,,Base Oficial Ergast Motor Racing Database / FIA Timing Sheets
2021,2,gasly,4,33,16:25:09,56.083,Base Oficial Ergast Motor Racing Database / FIA Timing Sheets
2021,2,giovinazzi,1,27,15:49:32,32.299,Base Oficial Ergast Motor Racing Database / FIA Timing Sheets
2021,2,giovinazzi,2,32,15:58:26,,Base Oficial Ergast Motor Racing Database / FIA Timing Sheets
2021,2,giovinazzi,3,33,16:24:58,,Base Oficial Ergast Motor Racing Database / FIA Timing Sheets
2021,2,giovinazzi,4,40,16:36:13,29.742,Base Oficial Ergast Motor Racing Database / FIA Timing Sheets
2021,2,hamilton,1,28,15:49:27,32.112,Base Oficial Ergast Motor Racing Database / FIA Timing Sheets
2021,2,hamilton,2,31,15:55:30,38.198,Base Oficial Ergast Motor Racing Database / FIA Timing Sheets
2021,2,hamilton,3,32,15:58:17,,Base Oficial Ergast Motor Racing Database / FIA Timing Sheets
2021,2,hamilton,4,33,16:24:48,,Base Oficial Ergast Motor Racing Database / FIA Timing Sheets
2021,2,leclerc,1,28,15:49:43,31.002,Base Oficial Ergast Motor Racing Database / FIA Timing Sheets
2021,2,leclerc,2,33,15:58:28,,Base Oficial Ergast Motor Racing Database / FIA Timing Sheets
2021,2,max_verstappen,1,27,15:47:59,29.809,Base Oficial Ergast Motor Racing Database / FIA Timing Sheets
2021,2,max_verstappen,2,33,15:58:11,,Base Oficial Ergast Motor Racing Database / FIA Timing Sheets
2021,2,mazepin,1,12,15:27:20,31.168,Base Oficial Ergast Motor Racing Database / FIA Timing Sheets
2021,2,mazepin,2,23,15:45:20,31.5,Base Oficial Ergast Motor Racing Database / FIA Timing Sheets
2021,2,mazepin,3,31,15:58:57,,Base Oficial Ergast Motor Racing Database / FIA Timing Sheets
2021,2,mazepin,4,32,16:25:22,49.729,Base Oficial Ergast Motor Racing Database / FIA Timing Sheets
2021,2,mick_schumacher,1,5,15:15:11,51.007,Base Oficial Ergast Motor Racing Database / FIA Timing Sheets
2021,2,mick_schumacher,2,21,15:41:24,32.479,Base Oficial Ergast Motor Racing Database / FIA Timing Sheets
2021,2,mick_schumacher,3,31,15:58:20,,Base Oficial Ergast Motor Racing Database / FIA Timing Sheets
2021,2,mick_schumacher,4,32,16:25:16,51.222,Base Oficial Ergast Motor Racing Database / FIA Timing Sheets
2021,2,norris,1,28,15:50:11,30.654,Base Oficial Ergast Motor Racing Database / FIA Timing Sheets
2021,2,norris,2,33,15:59:06,,Base Oficial Ergast Motor Racing Database / FIA Timing Sheets
2021,2,ocon,1,1,15:05:16,30.866,Base Oficial Ergast Motor Racing Database / FIA Timing Sheets
2021,2,ocon,2,27,15:49:42,30.652,Base Oficial Ergast Motor Racing Database / FIA Timing Sheets
2021,2,ocon,3,31,15:56:23,30.701,Base Oficial Ergast Motor Racing Database / FIA Timing Sheets
2021,2,ocon,4,32,15:58:48,,Base Oficial Ergast Motor Racing Database / FIA Timing Sheets
2021,2,ocon,5,33,16:25:06,56.733,Base Oficial Ergast Motor Racing Database / FIA Timing Sheets
2021,2,perez,1,28,15:49:58,44.608,Base Oficial Ergast Motor Racing Database / FIA Timing Sheets
2021,2,perez,2,33,15:59:11,,Base Oficial Ergast Motor Racing Database / FIA Timing Sheets
2021,2,raikkonen,1,26,15:47:55,30.28,Base Oficial Ergast Motor Racing Database / FIA Timing Sheets
2021,2,raikkonen,2,32,15:58:16,,Base Oficial Ergast Motor Racing Database / FIA Timing Sheets
2021,2,raikkonen,3,33,16:24:42,,Base Oficial Ergast Motor Racing Database / FIA Timing Sheets
2021,2,ricciardo,1,27,15:48:57,34.34,Base Oficial Ergast Motor Racing Database / FIA Timing Sheets
2021,2,ricciardo,2,33,15:59:25,,Base Oficial Ergast Motor Racing Database / FIA Timing Sheets
2021,2,russell,1,26,15:47:53,29.983,Base Oficial Ergast Motor Racing Database / FIA Timing Sheets
2021,2,sainz,1,27,15:48:51,30.856,Base Oficial Ergast Motor Racing Database / FIA Timing Sheets
2021,2,sainz,2,33,15:59:14,,Base Oficial Ergast Motor Racing Database / FIA Timing Sheets
2021,2,stroll,1,27,15:49:16,31.138,Base Oficial Ergast Motor Racing Database / FIA Timing Sheets
2021,2,stroll,2,32,15:58:13,,Base Oficial Ergast Motor Racing Database / FIA Timing Sheets
2021,2,stroll,3,33,16:24:36,,Base Oficial Ergast Motor Racing Database / FIA Timing Sheets
2021,2,tsunoda,1,25,15:46:39,30.696,Base Oficial Ergast Motor Racing Database / FIA Timing Sheets
2021,2,tsunoda,2,32,15:58:24,,Base Oficial Ergast Motor Racing Database / FIA Timing Sheets
2021,2,tsunoda,3,33,16:24:52,,Base Oficial Ergast Motor Racing Database / FIA Timing Sheets
2021,2,vettel,1,3,15:10:09,32.024,Base Oficial Ergast Motor Racing Database / FIA Timing Sheets
2021,2,vettel,2,20,15:39:11,31.184,Base Oficial Ergast Motor Racing Database / FIA Timing Sheets
2021,2,vettel,3,22,15:42:52,39.502,Base Oficial Ergast Motor Racing Database / FIA Timing Sheets
2021,2,vettel,4,32,15:59:21,,Base Oficial Ergast Motor Racing Database / FIA Timing Sheets
2021,2,vettel,5,33,16:25:15,52.043,Base Oficial Ergast Motor Racing Database / FIA Timing Sheets
2021,3,alonso,1,2,15:06:34,21.452,Base Oficial Ergast Motor Racing Database / FIA Timing Sheets
2021,3,alonso,2,3,15:08:53,21.621,Base Oficial Ergast Motor Racing Database / FIA Timing Sheets
2021,3,alonso,3,40,16:02:37,26.442,Base Oficial Ergast Motor Racing Database / FIA Timing Sheets
2021,3,bottas,1,2,15:06:11,21.377,Base Oficial Ergast Motor Racing Database / FIA Timing Sheets
2021,3,bottas,2,3,15:08:34,22.072,Base Oficial Ergast Motor Racing Database / FIA Timing Sheets
2021,3,bottas,3,36,15:56:27,26.938,Base Oficial Ergast Motor Racing Database / FIA Timing Sheets
2021,3,bottas,4,63,16:33:39,26.573,Base Oficial Ergast Motor Racing Database / FIA Timing Sheets
2021,3,gasly,1,2,15:06:24,21.353,Base Oficial Ergast Motor Racing Database / FIA Timing Sheets
2021,3,gasly,2,3,15:08:45,22.319,Base Oficial Ergast Motor Racing Database / FIA Timing Sheets
2021,3,gasly,3,24,15:40:23,26.172,Base Oficial Ergast Motor Racing Database / FIA Timing Sheets
2021,3,giovinazzi,1,2,15:06:29,22.485,Base Oficial Ergast Motor Racing Database / FIA Timing Sheets
2021,3,giovinazzi,2,3,15:08:50,22.669,Base Oficial Ergast Motor Racing Database / FIA Timing Sheets
2021,3,giovinazzi,3,22,15:37:41,26.729,Base Oficial Ergast Motor Racing Database / FIA Timing Sheets
2021,3,hamilton,1,2,15:06:13,22.426,Base Oficial Ergast Motor Racing Database / FIA Timing Sheets
2021,3,hamilton,2,3,15:08:36,22.164,Base Oficial Ergast Motor Racing Database / FIA Timing Sheets
2021,3,hamilton,3,37,15:57:46,26.907,Base Oficial Ergast Motor Racing Database / FIA Timing Sheets
2021,3,latifi,1,2,15:06:39,21.97,Base Oficial Ergast Motor Racing Database / FIA Timing Sheets
2021,3,latifi,2,3,15:08:58,21.73,Base Oficial Ergast Motor Racing Database / FIA Timing Sheets
2021,3,latifi,3,24,15:40:50,26.595,Base Oficial Ergast Motor Racing Database / FIA Timing Sheets
2021,3,leclerc,1,2,15:06:23,21.323,Base Oficial Ergast Motor Racing Database / FIA Timing Sheets
2021,3,leclerc,2,3,15:08:43,22.587,Base Oficial Ergast Motor Racing Database / FIA Timing Sheets
2021,3,leclerc,3,25,15:41:44,27.082,Base Oficial Ergast Motor Racing Database / FIA Timing Sheets
2021,3,max_verstappen,1,2,15:06:14,22.718,Base Oficial Ergast Motor Racing Database / FIA Timing Sheets
2021,3,max_verstappen,2,3,15:08:37,22.104,Base Oficial Ergast Motor Racing Database / FIA Timing Sheets
2021,3,max_verstappen,3,35,15:55:06,26.743,Base Oficial Ergast Motor Racing Database / FIA Timing Sheets
2021,3,max_verstappen,4,64,16:34:55,26.319,Base Oficial Ergast Motor Racing Database / FIA Timing Sheets
2021,3,mazepin,1,2,15:06:42,21.372,Base Oficial Ergast Motor Racing Database / FIA Timing Sheets
2021,3,mazepin,2,3,15:09:01,21.404,Base Oficial Ergast Motor Racing Database / FIA Timing Sheets
2021,3,mazepin,3,31,15:50:54,27.186,Base Oficial Ergast Motor Racing Database / FIA Timing Sheets
2021,3,mazepin,4,43,16:08:31,26.984,Base Oficial Ergast Motor Racing Database / FIA Timing Sheets
2021,3,mick_schumacher,1,2,15:06:40,22.019,Base Oficial Ergast Motor Racing Database / FIA Timing Sheets
2021,3,mick_schumacher,2,3,15:09:00,21.454,Base Oficial Ergast Motor Racing Database / FIA Timing Sheets
2021,3,mick_schumacher,3,32,15:52:09,27.245,Base Oficial Ergast Motor Racing Database / FIA Timing Sheets
2021,3,norris,1,2,15:06:19,21.407,Base Oficial Ergast Motor Racing Database / FIA Timing Sheets
2021,3,norris,2,3,15:08:40,22.551,Base Oficial Ergast Motor Racing Database / FIA Timing Sheets
2021,3,norris,3,22,15:37:29,26.952,Base Oficial Ergast Motor Racing Database / FIA Timing Sheets
2021,3,ocon,1,2,15:06:21,21.275,Base Oficial Ergast Motor Racing Database / FIA Timing Sheets
2021,3,ocon,2,3,15:08:42,22.24,Base Oficial Ergast Motor Racing Database / FIA Timing Sheets
2021,3,ocon,3,22,15:37:35,27.033,Base Oficial Ergast Motor Racing Database / FIA Timing Sheets
2021,3,perez,1,2,15:06:18,21.89,Base Oficial Ergast Motor Racing Database / FIA Timing Sheets
2021,3,perez,2,3,15:08:39,22.1,Base Oficial Ergast Motor Racing Database / FIA Timing Sheets
2021,3,perez,3,51,16:17:18,26.607,Base Oficial Ergast Motor Racing Database / FIA Timing Sheets
2021,3,ricciardo,1,2,15:06:31,21.965,Base Oficial Ergast Motor Racing Database / FIA Timing Sheets
2021,3,ricciardo,2,3,15:08:51,22.355,Base Oficial Ergast Motor Racing Database / FIA Timing Sheets
2021,3,ricciardo,3,41,16:03:56,28.639,Base Oficial Ergast Motor Racing Database / FIA Timing Sheets
2021,3,russell,1,2,15:06:27,23.532,Base Oficial Ergast Motor Racing Database / FIA Timing Sheets
2021,3,russell,2,3,15:08:48,22.755,Base Oficial Ergast Motor Racing Database / FIA Timing Sheets
2021,3,russell,3,28,15:46:30,26.843,Base Oficial Ergast Motor Racing Database / FIA Timing Sheets
2021,3,sainz,1,2,15:06:16,22.029,Base Oficial Ergast Motor Racing Database / FIA Timing Sheets
2021,3,sainz,2,3,15:08:38,22.244,Base Oficial Ergast Motor Racing Database / FIA Timing Sheets
2021,3,sainz,3,21,15:36:07,25.892,Base Oficial Ergast Motor Racing Database / FIA Timing Sheets
2021,3,stroll,1,2,15:06:37,22.264,Base Oficial Ergast Motor Racing Database / FIA Timing Sheets
2021,3,stroll,2,3,15:08:57,22.176,Base Oficial Ergast Motor Racing Database / FIA Timing Sheets
2021,3,stroll,3,39,16:01:22,26.027,Base Oficial Ergast Motor Racing Database / FIA Timing Sheets
2021,3,tsunoda,1,2,15:06:36,22.266,Base Oficial Ergast Motor Racing Database / FIA Timing Sheets
2021,3,tsunoda,2,3,15:08:55,22.542,Base Oficial Ergast Motor Racing Database / FIA Timing Sheets
2021,3,tsunoda,3,21,15:36:23,26.202,Base Oficial Ergast Motor Racing Database / FIA Timing Sheets
2021,3,vettel,1,2,15:06:26,21.398,Base Oficial Ergast Motor Racing Database / FIA Timing Sheets
2021,3,vettel,2,3,15:08:48,21.75,Base Oficial Ergast Motor Racing Database / FIA Timing Sheets
2021,3,vettel,3,22,15:37:40,26.62,Base Oficial Ergast Motor Racing Database / FIA Timing Sheets
2021,4,alonso,1,21,15:34:51,22.043,Base Oficial Ergast Motor Racing Database / FIA Timing Sheets
2021,4,alonso,2,61,16:31:41,23.479,Base Oficial Ergast Motor Racing Database / FIA Timing Sheets
2021,4,bottas,1,23,15:37:18,22.311,Base Oficial Ergast Motor Racing Database / FIA Timing Sheets
2021,4,bottas,2,53,16:18:52,21.638,Base Oficial Ergast Motor Racing Database / FIA Timing Sheets
2021,4,gasly,1,18,15:30:37,28.042,Base Oficial Ergast Motor Racing Database / FIA Timing Sheets
2021,4,gasly,2,47,16:11:47,26.065,Base Oficial Ergast Motor Racing Database / FIA Timing Sheets
2021,4,giovinazzi,1,8,15:15:06,54.673,Base Oficial Ergast Motor Racing Database / FIA Timing Sheets
2021,4,giovinazzi,2,39,16:00:52,22.871,Base Oficial Ergast Motor Racing Database / FIA Timing Sheets
2021,4,hamilton,1,28,15:44:07,22.22,Base Oficial Ergast Motor Racing Database / FIA Timing Sheets
2021,4,hamilton,2,42,16:03:32,22.078,Base Oficial Ergast Motor Racing Database / FIA Timing Sheets
2021,4,latifi,1,9,15:17:10,26.672,Base Oficial Ergast Motor Racing Database / FIA Timing Sheets
2021,4,latifi,2,27,15:43:32,21.424,Base Oficial Ergast Motor Racing Database / FIA Timing Sheets
2021,4,latifi,3,50,16:16:19,22.405,Base Oficial Ergast Motor Racing Database / FIA Timing Sheets
2021,4,leclerc,1,28,15:44:20,21.613,Base Oficial Ergast Motor Racing Database / FIA Timing Sheets
2021,4,leclerc,2,58,16:26:05,22.292,Base Oficial Ergast Motor Racing Database / FIA Timing Sheets
2021,4,max_verstappen,1,24,15:38:32,23.565,Base Oficial Ergast Motor Racing Database / FIA Timing Sheets
2021,4,max_verstappen,2,60,16:28:18,21.592,Base Oficial Ergast Motor Racing Database / FIA Timing Sheets
2021,4,mazepin,1,22,15:36:40,23.098,Base Oficial Ergast Motor Racing Database / FIA Timing Sheets
2021,4,mazepin,2,42,16:05:36,22.502,Base Oficial Ergast Motor Racing Database / FIA Timing Sheets
2021,4,mick_schumacher,1,23,15:37:59,24.006,Base Oficial Ergast Motor Racing Database / FIA Timing Sheets
2021,4,mick_schumacher,2,50,16:16:33,22.31,Base Oficial Ergast Motor Racing Database / FIA Timing Sheets
2021,4,norris,1,23,15:37:35,21.864,Base Oficial Ergast Motor Racing Database / FIA Timing Sheets
2021,4,norris,2,51,16:17:08,22.467,Base Oficial Ergast Motor Racing Database / FIA Timing Sheets
2021,4,ocon,1,23,15:37:33,22.798,Base Oficial Ergast Motor Racing Database / FIA Timing Sheets
2021,4,perez,1,27,15:43:06,22.382,Base Oficial Ergast Motor Racing Database / FIA Timing Sheets
2021,4,perez,2,57,16:24:55,21.345,Base Oficial Ergast Motor Racing Database / FIA Timing Sheets
2021,4,raikkonen,1,37,15:57:41,21.572,Base Oficial Ergast Motor Racing Database / FIA Timing Sheets
2021,4,ricciardo,1,25,15:40:16,22.406,Base Oficial Ergast Motor Racing Database / FIA Timing Sheets
2021,4,ricciardo,2,46,16:09:49,21.762,Base Oficial Ergast Motor Racing Database / FIA Timing Sheets
2021,4,russell,1,9,15:17:07,23.814,Base Oficial Ergast Motor Racing Database / FIA Timing Sheets
2021,4,russell,2,28,15:44:52,21.919,Base Oficial Ergast Motor Racing Database / FIA Timing Sheets
2021,4,sainz,1,22,15:36:10,21.779,Base Oficial Ergast Motor Racing Database / FIA Timing Sheets
2021,4,sainz,2,46,16:09:50,21.856,Base Oficial Ergast Motor Racing Database / FIA Timing Sheets
2021,4,stroll,1,22,15:36:15,21.756,Base Oficial Ergast Motor Racing Database / FIA Timing Sheets
2021,4,stroll,2,39,16:00:28,21.432,Base Oficial Ergast Motor Racing Database / FIA Timing Sheets
2021,4,vettel,1,21,15:34:52,23.087,Base Oficial Ergast Motor Racing Database / FIA Timing Sheets
2021,4,vettel,2,38,15:59:08,21.973,Base Oficial Ergast Motor Racing Database / FIA Timing Sheets
2021,5,alonso,1,45,16:01:34,23.803,Base Oficial Ergast Motor Racing Database / FIA Timing Sheets
2021,5,gasly,1,30,15:41:23,24.428,Base Oficial Ergast Motor Racing Database / FIA Timing Sheets
2021,5,giovinazzi,1,33,15:45:42,24.521,Base Oficial Ergast Motor Racing Database / FIA Timing Sheets
2021,5,hamilton,1,29,15:40:07,23.783,Base Oficial Ergast Motor Racing Database / FIA Timing Sheets
2021,5,hamilton,2,67,16:28:48,24.244,Base Oficial Ergast Motor Racing Database / FIA Timing Sheets
2021,5,latifi,1,43,15:59:23,23.703,Base Oficial Ergast Motor Racing Database / FIA Timing Sheets
2021,5,max_verstappen,1,34,15:46:10,23.746,Base Oficial Ergast Motor Racing Database / FIA Timing Sheets
2021,5,mazepin,1,34,15:48:25,25.202,Base Oficial Ergast Motor Racing Database / FIA Timing Sheets
2021,5,mick_schumacher,1,37,15:52:43,24.797,Base Oficial Ergast Motor Racing Database / FIA Timing Sheets
2021,5,norris,1,30,15:41:20,23.874,Base Oficial Ergast Motor Racing Database / FIA Timing Sheets
2021,5,ocon,1,37,15:50:48,23.935,Base Oficial Ergast Motor Racing Database / FIA Timing Sheets
2021,5,perez,1,35,15:47:44,24.548,Base Oficial Ergast Motor Racing Database / FIA Timing Sheets
2021,5,raikkonen,1,43,15:58:41,24.077,Base Oficial Ergast Motor Racing Database / FIA Timing Sheets
2021,5,ricciardo,1,36,15:49:52,24.715,Base Oficial Ergast Motor Racing Database / FIA Timing Sheets
2021,5,russell,1,31,15:43:46,23.928,Base Oficial Ergast Motor Racing Database / FIA Timing Sheets
2021,5,sainz,1,32,15:43:47,24.15,Base Oficial Ergast Motor Racing Database / FIA Timing Sheets
2021,5,stroll,1,58,16:17:28,23.474,Base Oficial Ergast Motor Racing Database / FIA Timing Sheets
2021,5,tsunoda,1,64,16:26:09,24.43,Base Oficial Ergast Motor Racing Database / FIA Timing Sheets
2021,5,vettel,1,31,15:42:42,24.369,Base Oficial Ergast Motor Racing Database / FIA Timing Sheets
2021,6,alonso,1,7,16:16:54,20.168,Base Oficial Ergast Motor Racing Database / FIA Timing Sheets
2021,6,alonso,2,34,17:09:13,19.983,Base Oficial Ergast Motor Racing Database / FIA Timing Sheets
2021,6,alonso,3,47,17:34:03,15.432,Base Oficial Ergast Motor Racing Database / FIA Timing Sheets
2021,6,alonso,4,48,17:37:04,,Base Oficial Ergast Motor Racing Database / FIA Timing Sheets
2021,6,bottas,1,11,16:24:08,20.356,Base Oficial Ergast Motor Racing Database / FIA Timing Sheets
2021,6,bottas,2,47,17:34:08,21.346,Base Oficial Ergast Motor Racing Database / FIA Timing Sheets
2021,6,bottas,3,48,17:37:13,,Base Oficial Ergast Motor Racing Database / FIA Timing Sheets
2021,6,gasly,1,11,16:23:55,20.156,Base Oficial Ergast Motor Racing Database / FIA Timing Sheets
2021,6,gasly,2,47,17:33:45,15.085,Base Oficial Ergast Motor Racing Database / FIA Timing Sheets
2021,6,gasly,3,48,17:36:52,,Base Oficial Ergast Motor Racing Database / FIA Timing Sheets
2021,6,giovinazzi,1,2,16:07:56,20.402,Base Oficial Ergast Motor Racing Database / FIA Timing Sheets
2021,6,giovinazzi,2,34,17:09:14,20.193,Base Oficial Ergast Motor Racing Database / FIA Timing Sheets
2021,6,giovinazzi,3,47,17:34:07,14.881,Base Oficial Ergast Motor Racing Database / FIA Timing Sheets
2021,6,giovinazzi,4,48,17:37:08,,Base Oficial Ergast Motor Racing Database / FIA Timing Sheets
2021,6,hamilton,1,11,16:23:50,22.47,Base Oficial Ergast Motor Racing Database / FIA Timing Sheets
2021,6,hamilton,2,47,17:33:39,15.432,Base Oficial Ergast Motor Racing Database / FIA Timing Sheets
2021,6,hamilton,3,48,17:36:47,,Base Oficial Ergast Motor Racing Database / FIA Timing Sheets
2021,6,latifi,1,9,16:20:47,22.149,Base Oficial Ergast Motor Racing Database / FIA Timing Sheets
2021,6,latifi,2,48,17:37:10,,Base Oficial Ergast Motor Racing Database / FIA Timing Sheets
2021,6,leclerc,1,9,16:20:20,19.836,Base Oficial Ergast Motor Racing Database / FIA Timing Sheets
2021,6,leclerc,2,47,17:33:48,15.092,Base Oficial Ergast Motor Racing Database / FIA Timing Sheets
2021,6,leclerc,3,48,17:36:53,,Base Oficial Ergast Motor Racing Database / FIA Timing Sheets
2021,6,max_verstappen,1,12,16:25:37,19.769,Base Oficial Ergast Motor Racing Database / FIA Timing Sheets
2021,6,mazepin,1,9,16:20:57,21.759,Base Oficial Ergast Motor Racing Database / FIA Timing Sheets
2021,6,mazepin,2,34,17:11:01,21.958,Base Oficial Ergast Motor Racing Database / FIA Timing Sheets
2021,6,mazepin,3,44,17:29:37,24.78,Base Oficial Ergast Motor Racing Database / FIA Timing Sheets
2021,6,mazepin,4,46,17:34:18,15.054,Base Oficial Ergast Motor Racing Database / FIA Timing Sheets
2021,6,mazepin,5,47,17:37:20,,Base Oficial Ergast Motor Racing Database / FIA Timing Sheets
2021,6,mazepin,6,48,18:09:58,,Base Oficial Ergast Motor Racing Database / FIA Timing Sheets
2021,6,mick_schumacher,1,8,16:19:00,22.44,Base Oficial Ergast Motor Racing Database / FIA Timing Sheets
2021,6,mick_schumacher,2,34,17:09:16,,Base Oficial Ergast Motor Racing Database / FIA Timing Sheets
2021,6,mick_schumacher,3,44,17:28:35,21.587,Base Oficial Ergast Motor Racing Database / FIA Timing Sheets
2021,6,mick_schumacher,4,47,17:35:06,15.058,Base Oficial Ergast Motor Racing Database / FIA Timing Sheets
2021,6,mick_schumacher,5,48,17:37:47,,Base Oficial Ergast Motor Racing Database / FIA Timing Sheets
2021,6,norris,1,7,16:16:56,20.533,Base Oficial Ergast Motor Racing Database / FIA Timing Sheets
2021,6,norris,2,47,17:33:53,15.866,Base Oficial Ergast Motor Racing Database / FIA Timing Sheets
2021,6,norris,3,48,17:36:57,,Base Oficial Ergast Motor Racing Database / FIA Timing Sheets
2021,6,perez,1,13,16:27:25,21.874,Base Oficial Ergast Motor Racing Database / FIA Timing Sheets
2021,6,perez,2,47,17:33:39,15.277,Base Oficial Ergast Motor Racing Database / FIA Timing Sheets
2021,6,perez,3,48,17:36:45,,Base Oficial Ergast Motor Racing Database / FIA Timing Sheets
2021,6,raikkonen,1,13,16:27:59,20.048,Base Oficial Ergast Motor Racing Database / FIA Timing Sheets
2021,6,raikkonen,2,47,17:34:05,15.064,Base Oficial Ergast Motor Racing Database / FIA Timing Sheets
2021,6,raikkonen,3,48,17:37:06,,Base Oficial Ergast Motor Racing Database / FIA Timing Sheets
2021,6,ricciardo,1,11,16:24:12,20.082,Base Oficial Ergast Motor Racing Database / FIA Timing Sheets
2021,6,ricciardo,2,47,17:34:01,14.994,Base Oficial Ergast Motor Racing Database / FIA Timing Sheets
2021,6,ricciardo,3,48,17:37:00,,Base Oficial Ergast Motor Racing Database / FIA Timing Sheets
2021,6,russell,1,1,16:06:06,19.97,Base Oficial Ergast Motor Racing Database / FIA Timing Sheets
2021,6,russell,2,34,17:09:15,20.029,Base Oficial Ergast Motor Racing Database / FIA Timing Sheets
2021,6,russell,3,47,17:34:08,21.438,Base Oficial Ergast Motor Racing Database / FIA Timing Sheets
2021,6,russell,4,48,17:37:18,,Base Oficial Ergast Motor Racing Database / FIA Timing Sheets
2021,6,sainz,1,10,16:22:11,20.064,Base Oficial Ergast Motor Racing Database / FIA Timing Sheets
2021,6,sainz,2,47,17:33:56,15.119,Base Oficial Ergast Motor Racing Database / FIA Timing Sheets
2021,6,sainz,3,48,17:36:58,,Base Oficial Ergast Motor Racing Database / FIA Timing Sheets
2021,6,tsunoda,1,9,16:20:28,20.253,Base Oficial Ergast Motor Racing Database / FIA Timing Sheets
2021,6,tsunoda,2,47,17:33:50,14.943,Base Oficial Ergast Motor Racing Database / FIA Timing Sheets
2021,6,tsunoda,3,48,17:36:55,,Base Oficial Ergast Motor Racing Database / FIA Timing Sheets
2021,6,vettel,1,18,16:36:33,19.841,Base Oficial Ergast Motor Racing Database / FIA Timing Sheets
2021,6,vettel,2,47,17:33:42,14.945,Base Oficial Ergast Motor Racing Database / FIA Timing Sheets
2021,6,vettel,3,48,17:36:49,,Base Oficial Ergast Motor Racing Database / FIA Timing Sheets
2021,7,alonso,1,18,15:33:49,31.288,Base Oficial Ergast Motor Racing Database / FIA Timing Sheets
2021,7,bottas,1,17,15:31:34,30.572,Base Oficial Ergast Motor Racing Database / FIA Timing Sheets
2021,7,gasly,1,17,15:32:01,30.781,Base Oficial Ergast Motor Racing Database / FIA Timing Sheets
2021,7,giovinazzi,1,28,15:50:48,30.586,Base Oficial Ergast Motor Racing Database / FIA Timing Sheets
2021,7,hamilton,1,19,15:34:46,30.263,Base Oficial Ergast Motor Racing Database / FIA Timing Sheets
2021,7,latifi,1,18,15:34:01,29.775,Base Oficial Ergast Motor Racing Database / FIA Timing Sheets
2021,7,leclerc,1,14,15:26:59,30.798,Base Oficial Ergast Motor Racing Database / FIA Timing Sheets
2021,7,leclerc,2,38,16:07:29,31.368,Base Oficial Ergast Motor Racing Database / FIA Timing Sheets
2021,7,max_verstappen,1,18,15:33:10,29.803,Base Oficial Ergast Motor Racing Database / FIA Timing Sheets
2021,7,max_verstappen,2,32,15:56:20,30.123,Base Oficial Ergast Motor Racing Database / FIA Timing Sheets
2021,7,mazepin,1,31,15:56:17,30.983,Base Oficial Ergast Motor Racing Database / FIA Timing Sheets
2021,7,mick_schumacher,1,15,15:29:09,31.457,Base Oficial Ergast Motor Racing Database / FIA Timing Sheets
2021,7,norris,1,24,15:43:44,30.531,Base Oficial Ergast Motor Racing Database / FIA Timing Sheets
2021,7,ocon,1,28,15:50:47,30.207,Base Oficial Ergast Motor Racing Database / FIA Timing Sheets
2021,7,perez,1,24,15:43:14,29.682,Base Oficial Ergast Motor Racing Database / FIA Timing Sheets
2021,7,raikkonen,1,33,15:59:18,31.327,Base Oficial Ergast Motor Racing Database / FIA Timing Sheets
2021,7,ricciardo,1,16,15:30:21,29.951,Base Oficial Ergast Motor Racing Database / FIA Timing Sheets
2021,7,russell,1,17,15:32:17,30.092,Base Oficial Ergast Motor Racing Database / FIA Timing Sheets
2021,7,sainz,1,17,15:32:00,30.534,Base Oficial Ergast Motor Racing Database / FIA Timing Sheets
2021,7,stroll,1,34,16:00:37,30.996,Base Oficial Ergast Motor Racing Database / FIA Timing Sheets
2021,7,tsunoda,1,15,15:28:52,30.226,Base Oficial Ergast Motor Racing Database / FIA Timing Sheets
2021,7,vettel,1,37,16:05:29,31.069,Base Oficial Ergast Motor Racing Database / FIA Timing Sheets
2021,8,alonso,1,27,15:35:25,21.131,Base Oficial Ergast Motor Racing Database / FIA Timing Sheets
2021,8,bottas,1,27,15:34:56,21.752,Base Oficial Ergast Motor Racing Database / FIA Timing Sheets
2021,8,giovinazzi,1,23,15:30:50,21.21,Base Oficial Ergast Motor Racing Database / FIA Timing Sheets
2021,8,hamilton,1,28,15:35:48,21.219,Base Oficial Ergast Motor Racing Database / FIA Timing Sheets
2021,8,hamilton,2,69,16:23:22,21.64,Base Oficial Ergast Motor Racing Database / FIA Timing Sheets
2021,8,latifi,1,1,15:04:58,26.419,Base Oficial Ergast Motor Racing Database / FIA Timing Sheets
2021,8,latifi,2,25,15:34:10,21.953,Base Oficial Ergast Motor Racing Database / FIA Timing Sheets
2021,8,leclerc,1,1,15:04:22,28.386,Base Oficial Ergast Motor Racing Database / FIA Timing Sheets
2021,8,leclerc,2,37,15:47:22,21.924,Base Oficial Ergast Motor Racing Database / FIA Timing Sheets
2021,8,max_verstappen,1,29,15:36:53,20.936,Base Oficial Ergast Motor Racing Database / FIA Timing Sheets
2021,8,mazepin,1,21,15:28:40,22.759,Base Oficial Ergast Motor Racing Database / FIA Timing Sheets
2021,8,mick_schumacher,1,33,15:43:09,22.4,Base Oficial Ergast Motor Racing Database / FIA Timing Sheets
2021,8,norris,1,31,15:39:53,21.692,Base Oficial Ergast Motor Racing Database / FIA Timing Sheets
2021,8,ocon,1,36,15:46:14,21.238,Base Oficial Ergast Motor Racing Database / FIA Timing Sheets
2021,8,perez,1,26,15:33:46,23.477,Base Oficial Ergast Motor Racing Database / FIA Timing Sheets
2021,8,perez,2,54,16:06:26,20.961,Base Oficial Ergast Motor Racing Database / FIA Timing Sheets
2021,8,raikkonen,1,36,15:46:10,21.227,Base Oficial Ergast Motor Racing Database / FIA Timing Sheets
2021,8,ricciardo,1,41,15:52:04,21.41,Base Oficial Ergast Motor Racing Database / FIA Timing Sheets
2021,8,russell,1,25,15:33:03,37.309,Base Oficial Ergast Motor Racing Database / FIA Timing Sheets
2021,8,russell,2,26,15:34:49,46.315,Base Oficial Ergast Motor Racing Database / FIA Timing Sheets
2021,8,sainz,1,41,15:51:48,21.226,Base Oficial Ergast Motor Racing Database / FIA Timing Sheets
2021,8,stroll,1,28,15:36:35,20.936,Base Oficial Ergast Motor Racing Database / FIA Timing Sheets
2021,8,tsunoda,1,26,15:34:15,21.234,Base Oficial Ergast Motor Racing Database / FIA Timing Sheets
2021,8,vettel,1,27,15:35:28,21.546,Base Oficial Ergast Motor Racing Database / FIA Timing Sheets
2021,9,alonso,1,32,15:42:41,22.663,Base Oficial Ergast Motor Racing Database / FIA Timing Sheets
2021,9,bottas,1,30,15:39:41,21.071,Base Oficial Ergast Motor Racing Database / FIA Timing Sheets
2021,9,gasly,1,13,15:20:04,22.564,Base Oficial Ergast Motor Racing Database / FIA Timing Sheets
2021,9,gasly,2,45,15:57:48,20.85,Base Oficial Ergast Motor Racing Database / FIA Timing Sheets
2021,9,giovinazzi,1,1,15:04:39,21.129,Base Oficial Ergast Motor Racing Database / FIA Timing Sheets
2021,9,giovinazzi,2,29,15:39:18,27.122,Base Oficial Ergast Motor Racing Database / FIA Timing Sheets
2021,9,hamilton,1,31,15:40:45,21.005,Base Oficial Ergast Motor Racing Database / FIA Timing Sheets
2021,9,hamilton,2,53,16:06:32,21.421,Base Oficial Ergast Motor Racing Database / FIA Timing Sheets
2021,9,latifi,1,33,15:44:01,21.152,Base Oficial Ergast Motor Racing Database / FIA Timing Sheets
2021,9,leclerc,1,34,15:44:47,21.143,Base Oficial Ergast Motor Racing Database / FIA Timing Sheets
2021,9,max_verstappen,1,32,15:41:42,21.09,Base Oficial Ergast Motor Racing Database / FIA Timing Sheets
2021,9,max_verstappen,2,60,16:14:03,21.236,Base Oficial Ergast Motor Racing Database / FIA Timing Sheets
2021,9,mazepin,1,27,15:37:15,22.0,Base Oficial Ergast Motor Racing Database / FIA Timing Sheets
2021,9,mazepin,2,45,15:58:58,23.182,Base Oficial Ergast Motor Racing Database / FIA Timing Sheets
2021,9,mick_schumacher,1,34,15:45:26,21.798,Base Oficial Ergast Motor Racing Database / FIA Timing Sheets
2021,9,norris,1,30,15:39:39,26.474,Base Oficial Ergast Motor Racing Database / FIA Timing Sheets
2021,9,perez,1,32,15:42:28,21.735,Base Oficial Ergast Motor Racing Database / FIA Timing Sheets
2021,9,raikkonen,1,37,15:48:30,21.896,Base Oficial Ergast Motor Racing Database / FIA Timing Sheets
2021,9,ricciardo,1,29,15:38:55,21.151,Base Oficial Ergast Motor Racing Database / FIA Timing Sheets
2021,9,russell,1,30,15:40:16,21.606,Base Oficial Ergast Motor Racing Database / FIA Timing Sheets
2021,9,sainz,1,48,16:01:07,21.431,Base Oficial Ergast Motor Racing Database / FIA Timing Sheets
2021,9,stroll,1,14,15:21:20,21.391,Base Oficial Ergast Motor Racing Database / FIA Timing Sheets
2021,9,stroll,2,46,15:59:19,21.472,Base Oficial Ergast Motor Racing Database / FIA Timing Sheets
2021,9,tsunoda,1,12,15:18:55,21.145,Base Oficial Ergast Motor Racing Database / FIA Timing Sheets
2021,9,tsunoda,2,51,16:04:57,26.604,Base Oficial Ergast Motor Racing Database / FIA Timing Sheets
2021,9,vettel,1,17,15:24:54,21.086,Base Oficial Ergast Motor Racing Database / FIA Timing Sheets
2021,9,vettel,2,49,16:02:39,20.841,Base Oficial Ergast Motor Racing Database / FIA Timing Sheets
2021,10,alonso,1,2,15:08:10,,Base Oficial Ergast Motor Racing Database / FIA Timing Sheets
2021,10,alonso,2,24,16:19:10,29.743,Base Oficial Ergast Motor Racing Database / FIA Timing Sheets
2021,10,bottas,1,2,15:08:02,,Base Oficial Ergast Motor Racing Database / FIA Timing Sheets
2021,10,bottas,2,22,16:15:42,28.209,Base Oficial Ergast Motor Racing Database / FIA Timing Sheets
2021,10,gasly,1,2,15:08:21,,Base Oficial Ergast Motor Racing Database / FIA Timing Sheets
2021,10,gasly,2,28,16:25:29,28.685,Base Oficial Ergast Motor Racing Database / FIA Timing Sheets
2021,10,gasly,3,46,16:53:40,28.18,Base Oficial Ergast Motor Racing Database / FIA Timing Sheets
2021,10,giovinazzi,1,2,15:08:22,,Base Oficial Ergast Motor Racing Database / FIA Timing Sheets
2021,10,giovinazzi,2,23,16:17:51,28.137,Base Oficial Ergast Motor Racing Database / FIA Timing Sheets
2021,10,hamilton,1,2,15:08:00,,Base Oficial Ergast Motor Racing Database / FIA Timing Sheets
2021,10,hamilton,2,27,16:23:17,40.266,Base Oficial Ergast Motor Racing Database / FIA Timing Sheets
2021,10,latifi,1,2,15:08:32,,Base Oficial Ergast Motor Racing Database / FIA Timing Sheets
2021,10,latifi,2,19,16:11:41,27.543,Base Oficial Ergast Motor Racing Database / FIA Timing Sheets
2021,10,leclerc,1,2,15:07:57,,Base Oficial Ergast Motor Racing Database / FIA Timing Sheets
2021,10,leclerc,2,29,16:26:18,28.433,Base Oficial Ergast Motor Racing Database / FIA Timing Sheets
2021,10,mazepin,1,2,15:08:35,,Base Oficial Ergast Motor Racing Database / FIA Timing Sheets
2021,10,mazepin,2,25,16:21:37,29.253,Base Oficial Ergast Motor Racing Database / FIA Timing Sheets
2021,10,mick_schumacher,1,2,15:08:30,,Base Oficial Ergast Motor Racing Database / FIA Timing Sheets
2021,10,mick_schumacher,2,24,16:20:00,29.319,Base Oficial Ergast Motor Racing Database / FIA Timing Sheets
2021,10,norris,1,2,15:08:03,,Base Oficial Ergast Motor Racing Database / FIA Timing Sheets
2021,10,norris,2,21,16:14:08,31.706,Base Oficial Ergast Motor Racing Database / FIA Timing Sheets
2021,10,ocon,1,2,15:08:16,,Base Oficial Ergast Motor Racing Database / FIA Timing Sheets
2021,10,ocon,2,19,16:11:30,28.772,Base Oficial Ergast Motor Racing Database / FIA Timing Sheets
2021,10,perez,1,2,15:08:37,,Base Oficial Ergast Motor Racing Database / FIA Timing Sheets
2021,10,perez,2,18,16:10:00,27.892,Base Oficial Ergast Motor Racing Database / FIA Timing Sheets
2021,10,perez,3,38,16:41:17,27.848,Base Oficial Ergast Motor Racing Database / FIA Timing Sheets
2021,10,perez,4,48,16:56:54,29.082,Base Oficial Ergast Motor Racing Database / FIA Timing Sheets
2021,10,raikkonen,1,2,15:08:14,,Base Oficial Ergast Motor Racing Database / FIA Timing Sheets
2021,10,raikkonen,2,18,16:09:59,28.11,Base Oficial Ergast Motor Racing Database / FIA Timing Sheets
2021,10,ricciardo,1,2,15:08:05,,Base Oficial Ergast Motor Racing Database / FIA Timing Sheets
2021,10,ricciardo,2,20,16:12:48,28.817,Base Oficial Ergast Motor Racing Database / FIA Timing Sheets
2021,10,russell,1,2,15:08:25,,Base Oficial Ergast Motor Racing Database / FIA Timing Sheets
2021,10,russell,2,18,16:10:03,27.812,Base Oficial Ergast Motor Racing Database / FIA Timing Sheets
2021,10,sainz,1,2,15:08:12,,Base Oficial Ergast Motor Racing Database / FIA Timing Sheets
2021,10,sainz,2,28,16:25:06,37.509,Base Oficial Ergast Motor Racing Database / FIA Timing Sheets
2021,10,stroll,1,2,15:08:18,,Base Oficial Ergast Motor Racing Database / FIA Timing Sheets
2021,10,stroll,2,23,16:17:39,28.213,Base Oficial Ergast Motor Racing Database / FIA Timing Sheets
2021,10,tsunoda,1,2,15:08:28,,Base Oficial Ergast Motor Racing Database / FIA Timing Sheets
2021,10,tsunoda,2,30,16:28:42,29.134,Base Oficial Ergast Motor Racing Database / FIA Timing Sheets
2021,10,vettel,1,2,15:08:08,,Base Oficial Ergast Motor Racing Database / FIA Timing Sheets
2021,10,vettel,2,18,16:10:08,28.145,Base Oficial Ergast Motor Racing Database / FIA Timing Sheets
2021,11,alonso,1,2,15:08:13,,Base Oficial Ergast Motor Racing Database / FIA Timing Sheets
2021,11,alonso,2,3,15:34:40,37.122,Base Oficial Ergast Motor Racing Database / FIA Timing Sheets
2021,11,alonso,3,39,16:25:35,21.523,Base Oficial Ergast Motor Racing Database / FIA Timing Sheets
2021,11,gasly,1,2,15:08:25,,Base Oficial Ergast Motor Racing Database / FIA Timing Sheets
2021,11,gasly,2,3,15:34:43,39.839,Base Oficial Ergast Motor Racing Database / FIA Timing Sheets
2021,11,gasly,3,30,16:13:24,21.295,Base Oficial Ergast Motor Racing Database / FIA Timing Sheets
2021,11,gasly,4,68,17:05:56,21.543,Base Oficial Ergast Motor Racing Database / FIA Timing Sheets
2021,11,giovinazzi,1,1,15:05:53,26.573,Base Oficial Ergast Motor Racing Database / FIA Timing Sheets
2021,11,giovinazzi,2,2,15:08:38,,Base Oficial Ergast Motor Racing Database / FIA Timing Sheets
2021,11,giovinazzi,3,3,15:34:48,36.899,Base Oficial Ergast Motor Racing Database / FIA Timing Sheets
2021,11,giovinazzi,4,11,15:46:53,29.191,Base Oficial Ergast Motor Racing Database / FIA Timing Sheets
2021,11,giovinazzi,5,33,16:18:12,21.874,Base Oficial Ergast Motor Racing Database / FIA Timing Sheets
2021,11,hamilton,1,2,15:07:57,,Base Oficial Ergast Motor Racing Database / FIA Timing Sheets
2021,11,hamilton,2,4,15:36:34,21.731,Base Oficial Ergast Motor Racing Database / FIA Timing Sheets
2021,11,hamilton,3,19,15:58:08,21.516,Base Oficial Ergast Motor Racing Database / FIA Timing Sheets
2021,11,hamilton,4,47,16:36:41,21.208,Base Oficial Ergast Motor Racing Database / FIA Timing Sheets
2021,11,latifi,1,2,15:08:10,,Base Oficial Ergast Motor Racing Database / FIA Timing Sheets
2021,11,latifi,2,3,15:34:34,39.081,Base Oficial Ergast Motor Racing Database / FIA Timing Sheets
2021,11,latifi,3,23,16:03:29,22.704,Base Oficial Ergast Motor Racing Database / FIA Timing Sheets
2021,11,max_verstappen,1,1,15:05:21,22.569,Base Oficial Ergast Motor Racing Database / FIA Timing Sheets
2021,11,max_verstappen,2,2,15:08:31,,Base Oficial Ergast Motor Racing Database / FIA Timing Sheets
2021,11,max_verstappen,3,3,15:34:44,35.245,Base Oficial Ergast Motor Racing Database / FIA Timing Sheets
2021,11,max_verstappen,4,20,15:59:31,21.047,Base Oficial Ergast Motor Racing Database / FIA Timing Sheets
2021,11,max_verstappen,5,40,16:27:50,20.848,Base Oficial Ergast Motor Racing Database / FIA Timing Sheets
2021,11,mazepin,1,1,15:05:28,23.715,Base Oficial Ergast Motor Racing Database / FIA Timing Sheets
2021,11,mazepin,2,2,15:08:34,,Base Oficial Ergast Motor Racing Database / FIA Timing Sheets
2021,11,mick_schumacher,1,2,15:08:22,,Base Oficial Ergast Motor Racing Database / FIA Timing Sheets
2021,11,mick_schumacher,2,3,15:34:42,36.813,Base Oficial Ergast Motor Racing Database / FIA Timing Sheets
2021,11,mick_schumacher,3,34,16:19:34,22.113,Base Oficial Ergast Motor Racing Database / FIA Timing Sheets
2021,11,norris,1,1,15:05:33,38.267,Base Oficial Ergast Motor Racing Database / FIA Timing Sheets
2021,11,ocon,1,2,15:07:59,,Base Oficial Ergast Motor Racing Database / FIA Timing Sheets
2021,11,ocon,2,3,15:34:31,39.522,Base Oficial Ergast Motor Racing Database / FIA Timing Sheets
2021,11,ocon,3,37,16:22:34,21.642,Base Oficial Ergast Motor Racing Database / FIA Timing Sheets
2021,11,raikkonen,1,2,15:08:20,,Base Oficial Ergast Motor Racing Database / FIA Timing Sheets
2021,11,raikkonen,2,3,15:34:41,35.451,Base Oficial Ergast Motor Racing Database / FIA Timing Sheets
2021,11,raikkonen,3,15,15:52:26,36.457,Base Oficial Ergast Motor Racing Database / FIA Timing Sheets
2021,11,raikkonen,4,53,16:45:57,21.172,Base Oficial Ergast Motor Racing Database / FIA Timing Sheets
2021,11,ricciardo,1,2,15:08:28,,Base Oficial Ergast Motor Racing Database / FIA Timing Sheets
2021,11,ricciardo,2,3,15:34:43,34.492,Base Oficial Ergast Motor Racing Database / FIA Timing Sheets
2021,11,ricciardo,3,20,15:59:29,21.623,Base Oficial Ergast Motor Racing Database / FIA Timing Sheets
2021,11,russell,1,2,15:08:17,,Base Oficial Ergast Motor Racing Database / FIA Timing Sheets
2021,11,russell,2,3,15:34:41,29.374,Base Oficial Ergast Motor Racing Database / FIA Timing Sheets
2021,11,russell,3,21,16:00:52,22.186,Base Oficial Ergast Motor Racing Database / FIA Timing Sheets
2021,11,sainz,1,2,15:08:04,,Base Oficial Ergast Motor Racing Database / FIA Timing Sheets
2021,11,sainz,2,3,15:34:32,42.786,Base Oficial Ergast Motor Racing Database / FIA Timing Sheets
2021,11,sainz,3,32,16:15:52,21.951,Base Oficial Ergast Motor Racing Database / FIA Timing Sheets
2021,11,tsunoda,1,2,15:08:08,,Base Oficial Ergast Motor Racing Database / FIA Timing Sheets
2021,11,tsunoda,2,3,15:34:33,40.74,Base Oficial Ergast Motor Racing Database / FIA Timing Sheets
2021,11,tsunoda,3,22,16:02:06,21.819,Base Oficial Ergast Motor Racing Database / FIA Timing Sheets
2021,11,vettel,1,2,15:08:02,,Base Oficial Ergast Motor Racing Database / FIA Timing Sheets
2021,11,vettel,2,3,15:34:31,40.882,Base Oficial Ergast Motor Racing Database / FIA Timing Sheets
2021,11,vettel,3,36,16:21:14,22.703,Base Oficial Ergast Motor Racing Database / FIA Timing Sheets
2021,13,alonso,1,33,15:45:41,19.018,Base Oficial Ergast Motor Racing Database / FIA Timing Sheets
2021,13,bottas,1,31,15:42:24,18.873,Base Oficial Ergast Motor Racing Database / FIA Timing Sheets
2021,13,bottas,2,67,16:27:35,21.73,Base Oficial Ergast Motor Racing Database / FIA Timing Sheets
2021,13,gasly,1,24,15:33:50,19.163,Base Oficial Ergast Motor Racing Database / FIA Timing Sheets
2021,13,giovinazzi,1,27,15:38:13,19.049,Base Oficial Ergast Motor Racing Database / FIA Timing Sheets
2021,13,giovinazzi,2,33,15:46:17,20.043,Base Oficial Ergast Motor Racing Database / FIA Timing Sheets
2021,13,hamilton,1,20,15:28:18,19.77,Base Oficial Ergast Motor Racing Database / FIA Timing Sheets
2021,13,hamilton,2,39,15:52:19,18.868,Base Oficial Ergast Motor Racing Database / FIA Timing Sheets
2021,13,hamilton,3,70,16:30:49,19.202,Base Oficial Ergast Motor Racing Database / FIA Timing Sheets
2021,13,kubica,1,40,15:55:29,19.708,Base Oficial Ergast Motor Racing Database / FIA Timing Sheets
2021,13,latifi,1,23,15:33:19,20.646,Base Oficial Ergast Motor Racing Database / FIA Timing Sheets
2021,13,leclerc,1,34,15:46:39,19.49,Base Oficial Ergast Motor Racing Database / FIA Timing Sheets
2021,13,max_verstappen,1,21,15:29:30,19.142,Base Oficial Ergast Motor Racing Database / FIA Timing Sheets
2021,13,max_verstappen,2,40,15:53:30,18.578,Base Oficial Ergast Motor Racing Database / FIA Timing Sheets
2021,13,mazepin,1,33,15:46:35,19.999,Base Oficial Ergast Motor Racing Database / FIA Timing Sheets
2021,13,mick_schumacher,1,4,15:08:42,35.573,Base Oficial Ergast Motor Racing Database / FIA Timing Sheets
2021,13,mick_schumacher,2,30,15:43:39,24.578,Base Oficial Ergast Motor Racing Database / FIA Timing Sheets
2021,13,norris,1,42,15:57:26,20.443,Base Oficial Ergast Motor Racing Database / FIA Timing Sheets
2021,13,ocon,1,31,15:43:12,19.24,Base Oficial Ergast Motor Racing Database / FIA Timing Sheets
2021,13,perez,1,8,15:13:52,19.287,Base Oficial Ergast Motor Racing Database / FIA Timing Sheets
2021,13,perez,2,47,16:03:51,18.555,Base Oficial Ergast Motor Racing Database / FIA Timing Sheets
2021,13,ricciardo,1,30,15:42:01,19.449,Base Oficial Ergast Motor Racing Database / FIA Timing Sheets
2021,13,russell,1,27,15:38:14,18.634,Base Oficial Ergast Motor Racing Database / FIA Timing Sheets
2021,13,russell,2,68,16:30:57,25.533,Base Oficial Ergast Motor Racing Database / FIA Timing Sheets
2021,13,sainz,1,31,15:42:58,20.327,Base Oficial Ergast Motor Racing Database / FIA Timing Sheets
2021,13,stroll,1,27,15:38:17,19.389,Base Oficial Ergast Motor Racing Database / FIA Timing Sheets
2021,13,tsunoda,1,31,15:43:30,19.85,Base Oficial Ergast Motor Racing Database / FIA Timing Sheets
2021,13,vettel,1,10,15:16:24,18.664,Base Oficial Ergast Motor Racing Database / FIA Timing Sheets
2021,13,vettel,2,44,16:00:37,18.681,Base Oficial Ergast Motor Racing Database / FIA Timing Sheets
2021,14,alonso,1,25,15:40:14,24.797,Base Oficial Ergast Motor Racing Database / FIA Timing Sheets
2021,14,bottas,1,26,15:41:50,24.308,Base Oficial Ergast Motor Racing Database / FIA Timing Sheets
2021,14,giovinazzi,1,1,15:05:21,37.19,Base Oficial Ergast Motor Racing Database / FIA Timing Sheets
2021,14,giovinazzi,2,25,15:40:55,30.551,Base Oficial Ergast Motor Racing Database / FIA Timing Sheets
2021,14,hamilton,1,25,15:39:44,25.619,Base Oficial Ergast Motor Racing Database / FIA Timing Sheets
2021,14,kubica,1,26,15:42:21,24.501,Base Oficial Ergast Motor Racing Database / FIA Timing Sheets
2021,14,latifi,1,23,15:37:22,24.168,Base Oficial Ergast Motor Racing Database / FIA Timing Sheets
2021,14,leclerc,1,26,15:41:30,24.557,Base Oficial Ergast Motor Racing Database / FIA Timing Sheets
2021,14,max_verstappen,1,23,15:36:46,32.456,Base Oficial Ergast Motor Racing Database / FIA Timing Sheets
2021,14,mazepin,1,24,15:39:22,24.928,Base Oficial Ergast Motor Racing Database / FIA Timing Sheets
2021,14,mazepin,2,28,15:47:13,24.806,Base Oficial Ergast Motor Racing Database / FIA Timing Sheets
2021,14,mazepin,3,39,16:05:25,30.917,Base Oficial Ergast Motor Racing Database / FIA Timing Sheets
2021,14,mick_schumacher,1,23,15:37:49,24.714,Base Oficial Ergast Motor Racing Database / FIA Timing Sheets
2021,14,norris,1,24,15:38:19,24.168,Base Oficial Ergast Motor Racing Database / FIA Timing Sheets
2021,14,ocon,1,26,15:42:10,30.333,Base Oficial Ergast Motor Racing Database / FIA Timing Sheets
2021,14,perez,1,26,15:41:34,23.906,Base Oficial Ergast Motor Racing Database / FIA Timing Sheets
2021,14,ricciardo,1,22,15:35:18,23.812,Base Oficial Ergast Motor Racing Database / FIA Timing Sheets
2021,14,russell,1,26,15:42:13,24.156,Base Oficial Ergast Motor Racing Database / FIA Timing Sheets
2021,14,sainz,1,26,15:41:48,24.283,Base Oficial Ergast Motor Racing Database / FIA Timing Sheets
2021,14,stroll,1,25,15:40:09,24.846,Base Oficial Ergast Motor Racing Database / FIA Timing Sheets
2021,14,vettel,1,22,15:35:56,25.157,Base Oficial Ergast Motor Racing Database / FIA Timing Sheets
2021,14,vettel,2,26,15:42:41,25.927,Base Oficial Ergast Motor Racing Database / FIA Timing Sheets
2021,15,alonso,1,36,16:04:40,30.157,Base Oficial Ergast Motor Racing Database / FIA Timing Sheets
2021,15,alonso,2,50,16:29:34,30.702,Base Oficial Ergast Motor Racing Database / FIA Timing Sheets
2021,15,bottas,1,28,15:51:35,29.936,Base Oficial Ergast Motor Racing Database / FIA Timing Sheets
2021,15,bottas,2,47,16:23:58,29.569,Base Oficial Ergast Motor Racing Database / FIA Timing Sheets
2021,15,gasly,1,33,16:00:00,29.354,Base Oficial Ergast Motor Racing Database / FIA Timing Sheets
2021,15,gasly,2,50,16:30:49,31.915,Base Oficial Ergast Motor Racing Database / FIA Timing Sheets
2021,15,giovinazzi,1,36,16:05:27,30.081,Base Oficial Ergast Motor Racing Database / FIA Timing Sheets
2021,15,giovinazzi,2,50,16:31:14,33.961,Base Oficial Ergast Motor Racing Database / FIA Timing Sheets
2021,15,hamilton,1,26,15:47:52,29.878,Base Oficial Ergast Motor Racing Database / FIA Timing Sheets
2021,15,hamilton,2,49,16:26:32,30.045,Base Oficial Ergast Motor Racing Database / FIA Timing Sheets
2021,15,latifi,1,13,15:26:27,30.056,Base Oficial Ergast Motor Racing Database / FIA Timing Sheets
2021,15,leclerc,1,35,16:03:07,31.849,Base Oficial Ergast Motor Racing Database / FIA Timing Sheets
2021,15,leclerc,2,51,16:32:51,32.648,Base Oficial Ergast Motor Racing Database / FIA Timing Sheets
2021,15,max_verstappen,1,26,15:47:58,29.578,Base Oficial Ergast Motor Racing Database / FIA Timing Sheets
2021,15,max_verstappen,2,48,16:25:32,31.017,Base Oficial Ergast Motor Racing Database / FIA Timing Sheets
2021,15,mazepin,1,14,15:28:09,30.127,Base Oficial Ergast Motor Racing Database / FIA Timing Sheets
2021,15,mazepin,2,46,16:24:05,33.931,Base Oficial Ergast Motor Racing Database / FIA Timing Sheets
2021,15,mick_schumacher,1,20,15:38:36,29.996,Base Oficial Ergast Motor Racing Database / FIA Timing Sheets
2021,15,norris,1,28,15:51:03,29.824,Base Oficial Ergast Motor Racing Database / FIA Timing Sheets
2021,15,norris,2,51,16:31:33,32.67,Base Oficial Ergast Motor Racing Database / FIA Timing Sheets
2021,15,ocon,1,15,15:29:27,29.901,Base Oficial Ergast Motor Racing Database / FIA Timing Sheets
2021,15,ocon,2,50,16:30:58,33.264,Base Oficial Ergast Motor Racing Database / FIA Timing Sheets
2021,15,perez,1,36,16:04:32,36.026,Base Oficial Ergast Motor Racing Database / FIA Timing Sheets
2021,15,perez,2,50,16:29:36,32.313,Base Oficial Ergast Motor Racing Database / FIA Timing Sheets
2021,15,raikkonen,1,15,15:29:28,30.102,Base Oficial Ergast Motor Racing Database / FIA Timing Sheets
2021,15,raikkonen,2,47,16:23:59,30.131,Base Oficial Ergast Motor Racing Database / FIA Timing Sheets
2021,15,ricciardo,1,22,15:41:11,33.617,Base Oficial Ergast Motor Racing Database / FIA Timing Sheets
2021,15,ricciardo,2,48,16:25:35,31.016,Base Oficial Ergast Motor Racing Database / FIA Timing Sheets
2021,15,russell,1,13,15:25:55,30.665,Base Oficial Ergast Motor Racing Database / FIA Timing Sheets
2021,15,russell,2,47,16:23:56,32.081,Base Oficial Ergast Motor Racing Database / FIA Timing Sheets
2021,15,sainz,1,14,15:27:33,30.715,Base Oficial Ergast Motor Racing Database / FIA Timing Sheets
2021,15,sainz,2,48,16:25:33,30.677,Base Oficial Ergast Motor Racing Database / FIA Timing Sheets
2021,15,stroll,1,12,15:24:13,30.241,Base Oficial Ergast Motor Racing Database / FIA Timing Sheets
2021,15,stroll,2,48,16:26:01,43.124,Base Oficial Ergast Motor Racing Database / FIA Timing Sheets
2021,15,tsunoda,1,13,15:26:28,30.112,Base Oficial Ergast Motor Racing Database / FIA Timing Sheets
2021,15,tsunoda,2,47,16:24:44,30.98,Base Oficial Ergast Motor Racing Database / FIA Timing Sheets
2021,15,tsunoda,3,49,16:29:31,30.972,Base Oficial Ergast Motor Racing Database / FIA Timing Sheets
2021,15,vettel,1,26,15:48:09,29.242,Base Oficial Ergast Motor Racing Database / FIA Timing Sheets
2021,15,vettel,2,50,16:30:10,32.128,Base Oficial Ergast Motor Racing Database / FIA Timing Sheets
2021,16,alonso,1,30,15:51:43,29.116,Base Oficial Ergast Motor Racing Database / FIA Timing Sheets
2021,16,bottas,1,37,16:01:20,22.962,Base Oficial Ergast Motor Racing Database / FIA Timing Sheets
2021,16,gasly,1,39,16:05:01,29.31,Base Oficial Ergast Motor Racing Database / FIA Timing Sheets
2021,16,giovinazzi,1,40,16:07:22,23.15,Base Oficial Ergast Motor Racing Database / FIA Timing Sheets
2021,16,hamilton,1,50,16:22:19,22.684,Base Oficial Ergast Motor Racing Database / FIA Timing Sheets
2021,16,latifi,1,34,15:58:22,24.104,Base Oficial Ergast Motor Racing Database / FIA Timing Sheets
2021,16,leclerc,1,47,16:17:27,23.646,Base Oficial Ergast Motor Racing Database / FIA Timing Sheets
2021,16,max_verstappen,1,36,15:59:52,22.442,Base Oficial Ergast Motor Racing Database / FIA Timing Sheets
2021,16,mazepin,1,35,16:00:40,23.829,Base Oficial Ergast Motor Racing Database / FIA Timing Sheets
2021,16,mick_schumacher,1,39,16:07:05,23.892,Base Oficial Ergast Motor Racing Database / FIA Timing Sheets
2021,16,norris,1,34,15:57:20,23.239,Base Oficial Ergast Motor Racing Database / FIA Timing Sheets
2021,16,perez,1,37,16:01:47,22.463,Base Oficial Ergast Motor Racing Database / FIA Timing Sheets
2021,16,raikkonen,1,37,16:02:50,23.164,Base Oficial Ergast Motor Racing Database / FIA Timing Sheets
2021,16,ricciardo,1,21,15:37:18,23.028,Base Oficial Ergast Motor Racing Database / FIA Timing Sheets
2021,16,russell,1,35,15:59:42,23.551,Base Oficial Ergast Motor Racing Database / FIA Timing Sheets
2021,16,sainz,1,36,16:00:33,28.353,Base Oficial Ergast Motor Racing Database / FIA Timing Sheets
2021,16,stroll,1,39,16:05:17,35.509,Base Oficial Ergast Motor Racing Database / FIA Timing Sheets
2021,16,tsunoda,1,35,15:59:39,23.329,Base Oficial Ergast Motor Racing Database / FIA Timing Sheets
2021,16,vettel,1,36,16:00:56,23.5,Base Oficial Ergast Motor Racing Database / FIA Timing Sheets
2021,16,vettel,2,37,16:03:36,23.514,Base Oficial Ergast Motor Racing Database / FIA Timing Sheets
2021,17,alonso,1,7,14:16:03,23.576,Base Oficial Ergast Motor Racing Database / FIA Timing Sheets
2021,17,alonso,2,28,14:52:44,23.844,Base Oficial Ergast Motor Racing Database / FIA Timing Sheets
2021,17,alonso,3,39,15:11:40,23.314,Base Oficial Ergast Motor Racing Database / FIA Timing Sheets
2021,17,bottas,1,15,14:29:44,24.444,Base Oficial Ergast Motor Racing Database / FIA Timing Sheets
2021,17,bottas,2,34,15:02:17,23.619,Base Oficial Ergast Motor Racing Database / FIA Timing Sheets
2021,17,gasly,1,10,14:21:07,23.745,Base Oficial Ergast Motor Racing Database / FIA Timing Sheets
2021,17,giovinazzi,1,8,14:17:44,23.993,Base Oficial Ergast Motor Racing Database / FIA Timing Sheets
2021,17,giovinazzi,2,26,14:49:12,23.502,Base Oficial Ergast Motor Racing Database / FIA Timing Sheets
2021,17,hamilton,1,13,14:25:41,24.481,Base Oficial Ergast Motor Racing Database / FIA Timing Sheets
2021,17,hamilton,2,37,15:06:30,23.676,Base Oficial Ergast Motor Racing Database / FIA Timing Sheets
2021,17,latifi,1,5,14:12:39,32.61,Base Oficial Ergast Motor Racing Database / FIA Timing Sheets
2021,17,latifi,2,25,14:47:47,23.653,Base Oficial Ergast Motor Racing Database / FIA Timing Sheets
2021,17,leclerc,1,12,14:24:15,24.011,Base Oficial Ergast Motor Racing Database / FIA Timing Sheets
2021,17,leclerc,2,32,14:58:34,23.805,Base Oficial Ergast Motor Racing Database / FIA Timing Sheets
2021,17,max_verstappen,1,10,14:20:36,23.727,Base Oficial Ergast Motor Racing Database / FIA Timing Sheets
2021,17,max_verstappen,2,29,14:52:59,24.052,Base Oficial Ergast Motor Racing Database / FIA Timing Sheets
2021,17,mazepin,1,1,14:05:35,30.673,Base Oficial Ergast Motor Racing Database / FIA Timing Sheets
2021,17,mazepin,2,24,14:46:40,24.611,Base Oficial Ergast Motor Racing Database / FIA Timing Sheets
2021,17,mazepin,3,37,15:09:52,24.169,Base Oficial Ergast Motor Racing Database / FIA Timing Sheets
2021,17,mick_schumacher,1,11,14:23:10,24.293,Base Oficial Ergast Motor Racing Database / FIA Timing Sheets
2021,17,mick_schumacher,2,34,15:03:41,24.247,Base Oficial Ergast Motor Racing Database / FIA Timing Sheets
2021,17,norris,1,10,14:21:01,24.385,Base Oficial Ergast Motor Racing Database / FIA Timing Sheets
2021,17,norris,2,30,14:55:31,25.548,Base Oficial Ergast Motor Racing Database / FIA Timing Sheets
2021,17,ocon,1,3,14:09:03,40.8,Base Oficial Ergast Motor Racing Database / FIA Timing Sheets
2021,17,ocon,2,25,14:47:50,23.919,Base Oficial Ergast Motor Racing Database / FIA Timing Sheets
2021,17,perez,1,12,14:24:06,25.018,Base Oficial Ergast Motor Racing Database / FIA Timing Sheets
2021,17,perez,2,30,14:55:02,23.604,Base Oficial Ergast Motor Racing Database / FIA Timing Sheets
2021,17,raikkonen,1,12,14:24:38,24.191,Base Oficial Ergast Motor Racing Database / FIA Timing Sheets
2021,17,raikkonen,2,31,14:57:43,24.09,Base Oficial Ergast Motor Racing Database / FIA Timing Sheets
2021,17,ricciardo,1,11,14:22:38,24.176,Base Oficial Ergast Motor Racing Database / FIA Timing Sheets
2021,17,ricciardo,2,30,14:55:23,24.036,Base Oficial Ergast Motor Racing Database / FIA Timing Sheets
2021,17,russell,1,9,14:19:32,23.572,Base Oficial Ergast Motor Racing Database / FIA Timing Sheets
2021,17,russell,2,31,14:58:07,24.98,Base Oficial Ergast Motor Racing Database / FIA Timing Sheets
2021,17,sainz,1,11,14:22:41,23.414,Base Oficial Ergast Motor Racing Database / FIA Timing Sheets
2021,17,sainz,2,29,14:53:43,26.866,Base Oficial Ergast Motor Racing Database / FIA Timing Sheets
2021,17,stroll,1,18,14:35:13,23.827,Base Oficial Ergast Motor Racing Database / FIA Timing Sheets
2021,17,stroll,2,34,15:03:12,23.455,Base Oficial Ergast Motor Racing Database / FIA Timing Sheets
2021,17,tsunoda,1,9,14:19:23,23.802,Base Oficial Ergast Motor Racing Database / FIA Timing Sheets
2021,17,tsunoda,2,32,14:59:23,23.529,Base Oficial Ergast Motor Racing Database / FIA Timing Sheets
2021,17,vettel,1,17,14:33:24,24.977,Base Oficial Ergast Motor Racing Database / FIA Timing Sheets
2021,17,vettel,2,38,15:09:49,23.849,Base Oficial Ergast Motor Racing Database / FIA Timing Sheets
2021,18,alonso,1,39,13:59:43,23.985,Base Oficial Ergast Motor Racing Database / FIA Timing Sheets
2021,18,bottas,1,1,13:05:16,22.463,Base Oficial Ergast Motor Racing Database / FIA Timing Sheets
2021,18,bottas,2,40,14:01:30,31.664,Base Oficial Ergast Motor Racing Database / FIA Timing Sheets
2021,18,bottas,3,63,14:33:17,22.68,Base Oficial Ergast Motor Racing Database / FIA Timing Sheets
2021,18,bottas,4,67,14:39:06,26.443,Base Oficial Ergast Motor Racing Database / FIA Timing Sheets
2021,18,gasly,1,31,13:48:20,22.549,Base Oficial Ergast Motor Racing Database / FIA Timing Sheets
2021,18,giovinazzi,1,16,13:28:00,22.205,Base Oficial Ergast Motor Racing Database / FIA Timing Sheets
2021,18,hamilton,1,29,13:45:17,22.373,Base Oficial Ergast Motor Racing Database / FIA Timing Sheets
2021,18,latifi,1,11,13:21:22,23.681,Base Oficial Ergast Motor Racing Database / FIA Timing Sheets
2021,18,latifi,2,49,14:14:59,22.739,Base Oficial Ergast Motor Racing Database / FIA Timing Sheets
2021,18,leclerc,1,30,13:47:01,22.085,Base Oficial Ergast Motor Racing Database / FIA Timing Sheets
2021,18,max_verstappen,1,33,13:50:33,21.908,Base Oficial Ergast Motor Racing Database / FIA Timing Sheets
2021,18,mazepin,1,13,13:24:11,25.094,Base Oficial Ergast Motor Racing Database / FIA Timing Sheets
2021,18,mazepin,2,58,14:28:22,23.637,Base Oficial Ergast Motor Racing Database / FIA Timing Sheets
2021,18,norris,1,44,14:06:38,22.534,Base Oficial Ergast Motor Racing Database / FIA Timing Sheets
2021,18,ocon,1,14,13:25:30,23.1,Base Oficial Ergast Motor Racing Database / FIA Timing Sheets
2021,18,perez,1,40,14:00:14,22.114,Base Oficial Ergast Motor Racing Database / FIA Timing Sheets
2021,18,raikkonen,1,32,13:50:02,22.424,Base Oficial Ergast Motor Racing Database / FIA Timing Sheets
2021,18,ricciardo,1,1,13:05:11,38.128,Base Oficial Ergast Motor Racing Database / FIA Timing Sheets
2021,18,ricciardo,2,38,13:58:47,22.813,Base Oficial Ergast Motor Racing Database / FIA Timing Sheets
2021,18,russell,1,15,13:26:51,21.984,Base Oficial Ergast Motor Racing Database / FIA Timing Sheets
2021,18,sainz,1,42,14:03:25,22.031,Base Oficial Ergast Motor Racing Database / FIA Timing Sheets
2021,18,stroll,1,12,13:22:45,23.586,Base Oficial Ergast Motor Racing Database / FIA Timing Sheets
2021,18,stroll,2,34,13:53:37,26.056,Base Oficial Ergast Motor Racing Database / FIA Timing Sheets
2021,18,vettel,1,33,13:51:22,22.277,Base Oficial Ergast Motor Racing Database / FIA Timing Sheets
2021,19,alonso,1,7,14:12:52,17.751,Base Oficial Ergast Motor Racing Database / FIA Timing Sheets
2021,19,alonso,2,8,14:15:04,17.705,Base Oficial Ergast Motor Racing Database / FIA Timing Sheets
2021,19,alonso,3,34,14:50:16,24.375,Base Oficial Ergast Motor Racing Database / FIA Timing Sheets
2021,19,bottas,1,7,14:12:38,17.899,Base Oficial Ergast Motor Racing Database / FIA Timing Sheets
2021,19,bottas,2,8,14:14:50,17.837,Base Oficial Ergast Motor Racing Database / FIA Timing Sheets
2021,19,bottas,3,30,14:44:40,23.263,Base Oficial Ergast Motor Racing Database / FIA Timing Sheets
2021,19,bottas,4,41,14:58:30,22.856,Base Oficial Ergast Motor Racing Database / FIA Timing Sheets
2021,19,gasly,1,7,14:12:45,19.439,Base Oficial Ergast Motor Racing Database / FIA Timing Sheets
2021,19,gasly,2,8,14:14:58,18.608,Base Oficial Ergast Motor Racing Database / FIA Timing Sheets
2021,19,gasly,3,25,14:38:27,23.116,Base Oficial Ergast Motor Racing Database / FIA Timing Sheets
2021,19,gasly,4,51,15:11:27,23.039,Base Oficial Ergast Motor Racing Database / FIA Timing Sheets
2021,19,giovinazzi,1,7,14:12:55,17.713,Base Oficial Ergast Motor Racing Database / FIA Timing Sheets
2021,19,giovinazzi,2,8,14:15:07,17.929,Base Oficial Ergast Motor Racing Database / FIA Timing Sheets
2021,19,giovinazzi,3,29,14:43:50,23.618,Base Oficial Ergast Motor Racing Database / FIA Timing Sheets
2021,19,giovinazzi,4,42,15:00:49,22.83,Base Oficial Ergast Motor Racing Database / FIA Timing Sheets
2021,19,hamilton,1,7,14:12:37,17.91,Base Oficial Ergast Motor Racing Database / FIA Timing Sheets
2021,19,hamilton,2,8,14:14:49,18.66,Base Oficial Ergast Motor Racing Database / FIA Timing Sheets
2021,19,hamilton,3,26,14:39:27,22.69,Base Oficial Ergast Motor Racing Database / FIA Timing Sheets
2021,19,hamilton,4,43,15:00:52,22.664,Base Oficial Ergast Motor Racing Database / FIA Timing Sheets
2021,19,latifi,1,7,14:12:59,18.153,Base Oficial Ergast Motor Racing Database / FIA Timing Sheets
2021,19,latifi,2,8,14:15:12,18.784,Base Oficial Ergast Motor Racing Database / FIA Timing Sheets
2021,19,latifi,3,13,14:23:27,22.936,Base Oficial Ergast Motor Racing Database / FIA Timing Sheets
2021,19,latifi,4,39,14:57:10,22.958,Base Oficial Ergast Motor Racing Database / FIA Timing Sheets
2021,19,leclerc,1,7,14:12:40,17.943,Base Oficial Ergast Motor Racing Database / FIA Timing Sheets
2021,19,leclerc,2,8,14:14:52,17.771,Base Oficial Ergast Motor Racing Database / FIA Timing Sheets
2021,19,leclerc,3,27,14:40:53,22.667,Base Oficial Ergast Motor Racing Database / FIA Timing Sheets
2021,19,leclerc,4,52,15:12:32,23.064,Base Oficial Ergast Motor Racing Database / FIA Timing Sheets
2021,19,max_verstappen,1,7,14:12:32,17.916,Base Oficial Ergast Motor Racing Database / FIA Timing Sheets
2021,19,max_verstappen,2,8,14:14:46,17.807,Base Oficial Ergast Motor Racing Database / FIA Timing Sheets
2021,19,max_verstappen,3,27,14:40:38,22.722,Base Oficial Ergast Motor Racing Database / FIA Timing Sheets
2021,19,max_verstappen,4,40,14:57:11,22.766,Base Oficial Ergast Motor Racing Database / FIA Timing Sheets
2021,19,mazepin,1,7,14:12:56,17.995,Base Oficial Ergast Motor Racing Database / FIA Timing Sheets
2021,19,mazepin,2,8,14:15:10,18.467,Base Oficial Ergast Motor Racing Database / FIA Timing Sheets
2021,19,mazepin,3,34,14:50:55,23.546,Base Oficial Ergast Motor Racing Database / FIA Timing Sheets
2021,19,mick_schumacher,1,7,14:12:57,17.861,Base Oficial Ergast Motor Racing Database / FIA Timing Sheets
2021,19,mick_schumacher,2,8,14:15:11,18.588,Base Oficial Ergast Motor Racing Database / FIA Timing Sheets
2021,19,mick_schumacher,3,11,14:20:29,41.173,Base Oficial Ergast Motor Racing Database / FIA Timing Sheets
2021,19,mick_schumacher,4,29,14:44:54,25.597,Base Oficial Ergast Motor Racing Database / FIA Timing Sheets
2021,19,mick_schumacher,5,61,15:26:09,24.627,Base Oficial Ergast Motor Racing Database / FIA Timing Sheets
2021,19,norris,1,1,14:04:50,27.313,Base Oficial Ergast Motor Racing Database / FIA Timing Sheets
2021,19,norris,2,6,14:12:08,17.719,Base Oficial Ergast Motor Racing Database / FIA Timing Sheets
2021,19,norris,3,7,14:13:44,17.673,Base Oficial Ergast Motor Racing Database / FIA Timing Sheets
2021,19,norris,4,8,14:15:20,19.176,Base Oficial Ergast Motor Racing Database / FIA Timing Sheets
2021,19,norris,5,37,14:54:11,24.211,Base Oficial Ergast Motor Racing Database / FIA Timing Sheets
2021,19,ocon,1,7,14:12:46,19.285,Base Oficial Ergast Motor Racing Database / FIA Timing Sheets
2021,19,ocon,2,8,14:15:00,17.818,Base Oficial Ergast Motor Racing Database / FIA Timing Sheets
2021,19,ocon,3,30,14:45:08,23.504,Base Oficial Ergast Motor Racing Database / FIA Timing Sheets
2021,19,perez,1,7,14:12:34,18.308,Base Oficial Ergast Motor Racing Database / FIA Timing Sheets
2021,19,perez,2,8,14:14:48,18.136,Base Oficial Ergast Motor Racing Database / FIA Timing Sheets
2021,19,perez,3,28,14:42:01,23.165,Base Oficial Ergast Motor Racing Database / FIA Timing Sheets
2021,19,perez,4,42,14:59:48,22.656,Base Oficial Ergast Motor Racing Database / FIA Timing Sheets
2021,19,perez,5,69,15:33:06,22.916,Base Oficial Ergast Motor Racing Database / FIA Timing Sheets
2021,19,raikkonen,1,7,14:13:01,18.327,Base Oficial Ergast Motor Racing Database / FIA Timing Sheets
2021,19,raikkonen,2,8,14:15:15,18.763,Base Oficial Ergast Motor Racing Database / FIA Timing Sheets
2021,19,raikkonen,3,28,14:42:38,23.541,Base Oficial Ergast Motor Racing Database / FIA Timing Sheets
2021,19,raikkonen,4,52,15:13:19,22.666,Base Oficial Ergast Motor Racing Database / FIA Timing Sheets
2021,19,ricciardo,1,7,14:12:47,19.732,Base Oficial Ergast Motor Racing Database / FIA Timing Sheets
2021,19,ricciardo,2,8,14:15:01,18.347,Base Oficial Ergast Motor Racing Database / FIA Timing Sheets
2021,19,ricciardo,3,30,14:44:58,22.839,Base Oficial Ergast Motor Racing Database / FIA Timing Sheets
2021,19,russell,1,6,14:11:08,22.978,Base Oficial Ergast Motor Racing Database / FIA Timing Sheets
2021,19,russell,2,7,14:13:02,20.844,Base Oficial Ergast Motor Racing Database / FIA Timing Sheets
2021,19,russell,3,8,14:15:17,18.179,Base Oficial Ergast Motor Racing Database / FIA Timing Sheets
2021,19,russell,4,41,14:59:33,23.132,Base Oficial Ergast Motor Racing Database / FIA Timing Sheets
2021,19,sainz,1,7,14:12:42,18.46,Base Oficial Ergast Motor Racing Database / FIA Timing Sheets
2021,19,sainz,2,8,14:14:54,18.373,Base Oficial Ergast Motor Racing Database / FIA Timing Sheets
2021,19,sainz,3,26,14:39:40,23.321,Base Oficial Ergast Motor Racing Database / FIA Timing Sheets
2021,19,sainz,4,53,15:13:50,22.745,Base Oficial Ergast Motor Racing Database / FIA Timing Sheets
2021,19,stroll,1,7,14:12:53,17.948,Base Oficial Ergast Motor Racing Database / FIA Timing Sheets
2021,19,stroll,2,8,14:15:06,17.935,Base Oficial Ergast Motor Racing Database / FIA Timing Sheets
2021,19,stroll,3,22,14:34:51,24.997,Base Oficial Ergast Motor Racing Database / FIA Timing Sheets
2021,19,tsunoda,1,4,14:08:22,31.939,Base Oficial Ergast Motor Racing Database / FIA Timing Sheets
2021,19,tsunoda,2,6,14:11:57,17.758,Base Oficial Ergast Motor Racing Database / FIA Timing Sheets
2021,19,tsunoda,3,7,14:13:33,17.711,Base Oficial Ergast Motor Racing Database / FIA Timing Sheets
2021,19,tsunoda,4,8,14:15:18,18.499,Base Oficial Ergast Motor Racing Database / FIA Timing Sheets
2021,19,tsunoda,5,39,14:56:53,35.416,Base Oficial Ergast Motor Racing Database / FIA Timing Sheets
2021,19,vettel,1,7,14:12:43,18.107,Base Oficial Ergast Motor Racing Database / FIA Timing Sheets
2021,19,vettel,2,8,14:14:57,17.896,Base Oficial Ergast Motor Racing Database / FIA Timing Sheets
2021,19,vettel,3,28,14:42:22,24.464,Base Oficial Ergast Motor Racing Database / FIA Timing Sheets
2021,19,vettel,4,55,15:16:50,22.978,Base Oficial Ergast Motor Racing Database / FIA Timing Sheets
2021,20,alonso,1,23,17:38:20,25.991,Base Oficial Ergast Motor Racing Database / FIA Timing Sheets
2021,20,bottas,1,33,17:53:44,36.341,Base Oficial Ergast Motor Racing Database / FIA Timing Sheets
2021,20,gasly,1,13,17:23:37,25.63,Base Oficial Ergast Motor Racing Database / FIA Timing Sheets
2021,20,gasly,2,35,17:56:42,26.109,Base Oficial Ergast Motor Racing Database / FIA Timing Sheets
2021,20,giovinazzi,1,15,17:26:54,25.987,Base Oficial Ergast Motor Racing Database / FIA Timing Sheets
2021,20,giovinazzi,2,32,17:52:43,25.347,Base Oficial Ergast Motor Racing Database / FIA Timing Sheets
2021,20,hamilton,1,18,17:30:21,25.235,Base Oficial Ergast Motor Racing Database / FIA Timing Sheets
2021,20,hamilton,2,42,18:05:37,25.381,Base Oficial Ergast Motor Racing Database / FIA Timing Sheets
2021,20,latifi,1,18,17:31:31,25.811,Base Oficial Ergast Motor Racing Database / FIA Timing Sheets
2021,20,leclerc,1,27,17:44:46,25.799,Base Oficial Ergast Motor Racing Database / FIA Timing Sheets
2021,20,max_verstappen,1,17,17:29:03,25.3,Base Oficial Ergast Motor Racing Database / FIA Timing Sheets
2021,20,max_verstappen,2,41,18:04:20,25.175,Base Oficial Ergast Motor Racing Database / FIA Timing Sheets
2021,20,max_verstappen,3,55,18:24:59,25.465,Base Oficial Ergast Motor Racing Database / FIA Timing Sheets
2021,20,mazepin,1,31,17:51:36,26.515,Base Oficial Ergast Motor Racing Database / FIA Timing Sheets
2021,20,mick_schumacher,1,22,17:37:38,25.881,Base Oficial Ergast Motor Racing Database / FIA Timing Sheets
2021,20,norris,1,25,17:41:32,25.319,Base Oficial Ergast Motor Racing Database / FIA Timing Sheets
2021,20,norris,2,49,18:17:08,26.552,Base Oficial Ergast Motor Racing Database / FIA Timing Sheets
2021,20,ocon,1,24,17:40:07,25.517,Base Oficial Ergast Motor Racing Database / FIA Timing Sheets
2021,20,perez,1,19,17:32:28,25.419,Base Oficial Ergast Motor Racing Database / FIA Timing Sheets
2021,20,perez,2,41,18:05:15,25.42,Base Oficial Ergast Motor Racing Database / FIA Timing Sheets
2021,20,raikkonen,1,10,17:19:14,26.174,Base Oficial Ergast Motor Racing Database / FIA Timing Sheets
2021,20,raikkonen,2,30,17:49:40,25.633,Base Oficial Ergast Motor Racing Database / FIA Timing Sheets
2021,20,ricciardo,1,26,17:43:19,25.562,Base Oficial Ergast Motor Racing Database / FIA Timing Sheets
2021,20,russell,1,17,17:30:00,26.121,Base Oficial Ergast Motor Racing Database / FIA Timing Sheets
2021,20,russell,2,49,18:18:36,35.006,Base Oficial Ergast Motor Racing Database / FIA Timing Sheets
2021,20,sainz,1,27,17:44:36,25.639,Base Oficial Ergast Motor Racing Database / FIA Timing Sheets
2021,20,stroll,1,23,17:38:40,26.157,Base Oficial Ergast Motor Racing Database / FIA Timing Sheets
2021,20,tsunoda,1,9,17:17:42,25.659,Base Oficial Ergast Motor Racing Database / FIA Timing Sheets
2021,20,tsunoda,2,34,17:55:29,26.674,Base Oficial Ergast Motor Racing Database / FIA Timing Sheets
2021,20,vettel,1,26,17:43:20,25.726,Base Oficial Ergast Motor Racing Database / FIA Timing Sheets
2021,21,alonso,1,10,20:50:27,20.405,Base Oficial Ergast Motor Racing Database / FIA Timing Sheets
2021,21,alonso,2,13,20:59:01,,Base Oficial Ergast Motor Racing Database / FIA Timing Sheets
2021,21,alonso,3,15,21:22:31,,Base Oficial Ergast Motor Racing Database / FIA Timing Sheets
2021,21,alonso,4,44,22:32:14,21.097,Base Oficial Ergast Motor Racing Database / FIA Timing Sheets
2021,21,bottas,1,10,20:49:57,21.668,Base Oficial Ergast Motor Racing Database / FIA Timing Sheets
2021,21,bottas,2,13,20:58:35,,Base Oficial Ergast Motor Racing Database / FIA Timing Sheets
2021,21,bottas,3,15,21:22:07,,Base Oficial Ergast Motor Racing Database / FIA Timing Sheets
2021,21,gasly,1,13,20:58:44,,Base Oficial Ergast Motor Racing Database / FIA Timing Sheets
2021,21,gasly,2,15,21:22:09,,Base Oficial Ergast Motor Racing Database / FIA Timing Sheets
2021,21,giovinazzi,1,13,20:58:49,,Base Oficial Ergast Motor Racing Database / FIA Timing Sheets
2021,21,giovinazzi,2,15,21:22:14,,Base Oficial Ergast Motor Racing Database / FIA Timing Sheets
2021,21,hamilton,1,10,20:49:49,20.58,Base Oficial Ergast Motor Racing Database / FIA Timing Sheets
2021,21,hamilton,2,13,20:58:32,,Base Oficial Ergast Motor Racing Database / FIA Timing Sheets
2021,21,hamilton,3,15,21:22:02,,Base Oficial Ergast Motor Racing Database / FIA Timing Sheets
2021,21,latifi,1,10,20:50:43,24.22,Base Oficial Ergast Motor Racing Database / FIA Timing Sheets
2021,21,latifi,2,13,20:59:20,,Base Oficial Ergast Motor Racing Database / FIA Timing Sheets
2021,21,latifi,3,15,21:22:34,,Base Oficial Ergast Motor Racing Database / FIA Timing Sheets
2021,21,leclerc,1,10,20:50:01,20.531,Base Oficial Ergast Motor Racing Database / FIA Timing Sheets
2021,21,leclerc,2,13,20:58:42,,Base Oficial Ergast Motor Racing Database / FIA Timing Sheets
2021,21,leclerc,3,15,21:22:10,,Base Oficial Ergast Motor Racing Database / FIA Timing Sheets
2021,21,max_verstappen,1,13,20:58:28,,Base Oficial Ergast Motor Racing Database / FIA Timing Sheets
2021,21,max_verstappen,2,15,21:21:56,,Base Oficial Ergast Motor Racing Database / FIA Timing Sheets
2021,21,mazepin,1,13,20:59:05,,Base Oficial Ergast Motor Racing Database / FIA Timing Sheets
2021,21,norris,1,10,20:50:14,20.973,Base Oficial Ergast Motor Racing Database / FIA Timing Sheets
2021,21,norris,2,13,20:58:57,,Base Oficial Ergast Motor Racing Database / FIA Timing Sheets
2021,21,norris,3,15,21:22:36,,Base Oficial Ergast Motor Racing Database / FIA Timing Sheets
2021,21,ocon,1,13,20:58:37,,Base Oficial Ergast Motor Racing Database / FIA Timing Sheets
2021,21,ocon,2,15,21:21:58,,Base Oficial Ergast Motor Racing Database / FIA Timing Sheets
2021,21,perez,1,10,20:50:04,20.71,Base Oficial Ergast Motor Racing Database / FIA Timing Sheets
2021,21,perez,2,13,20:58:46,,Base Oficial Ergast Motor Racing Database / FIA Timing Sheets
2021,21,raikkonen,1,13,20:58:54,,Base Oficial Ergast Motor Racing Database / FIA Timing Sheets
2021,21,raikkonen,2,15,21:22:24,,Base Oficial Ergast Motor Racing Database / FIA Timing Sheets
2021,21,raikkonen,3,26,22:01:34,34.489,Base Oficial Ergast Motor Racing Database / FIA Timing Sheets
2021,21,ricciardo,1,13,20:58:41,,Base Oficial Ergast Motor Racing Database / FIA Timing Sheets
2021,21,ricciardo,2,15,21:22:05,,Base Oficial Ergast Motor Racing Database / FIA Timing Sheets
2021,21,russell,1,9,20:48:32,20.519,Base Oficial Ergast Motor Racing Database / FIA Timing Sheets
2021,21,russell,2,13,20:59:08,,Base Oficial Ergast Motor Racing Database / FIA Timing Sheets
2021,21,sainz,1,13,20:58:47,,Base Oficial Ergast Motor Racing Database / FIA Timing Sheets
2021,21,sainz,2,15,21:22:15,,Base Oficial Ergast Motor Racing Database / FIA Timing Sheets
2021,21,stroll,1,9,20:48:30,27.165,Base Oficial Ergast Motor Racing Database / FIA Timing Sheets
2021,21,stroll,2,13,20:59:12,,Base Oficial Ergast Motor Racing Database / FIA Timing Sheets
2021,21,stroll,3,15,21:22:33,,Base Oficial Ergast Motor Racing Database / FIA Timing Sheets
2021,21,tsunoda,1,13,20:58:51,,Base Oficial Ergast Motor Racing Database / FIA Timing Sheets
2021,21,tsunoda,2,15,21:22:26,,Base Oficial Ergast Motor Racing Database / FIA Timing Sheets
2021,21,tsunoda,3,23,21:57:04,27.874,Base Oficial Ergast Motor Racing Database / FIA Timing Sheets
2021,21,vettel,1,13,20:58:56,,Base Oficial Ergast Motor Racing Database / FIA Timing Sheets
2021,21,vettel,2,15,21:22:20,,Base Oficial Ergast Motor Racing Database / FIA Timing Sheets
2021,22,alonso,1,36,17:58:06,21.304,Base Oficial Ergast Motor Racing Database / FIA Timing Sheets
2021,22,bottas,1,30,17:48:30,21.669,Base Oficial Ergast Motor Racing Database / FIA Timing Sheets
2021,22,gasly,1,36,17:58:06,22.133,Base Oficial Ergast Motor Racing Database / FIA Timing Sheets
2021,22,gasly,2,54,18:25:56,21.92,Base Oficial Ergast Motor Racing Database / FIA Timing Sheets
2021,22,giovinazzi,1,17,17:29:20,22.283,Base Oficial Ergast Motor Racing Database / FIA Timing Sheets
2021,22,hamilton,1,14,17:24:04,21.595,Base Oficial Ergast Motor Racing Database / FIA Timing Sheets
2021,22,latifi,1,28,17:46:18,21.241,Base Oficial Ergast Motor Racing Database / FIA Timing Sheets
2021,22,leclerc,1,15,17:26:08,22.461,Base Oficial Ergast Motor Racing Database / FIA Timing Sheets
2021,22,leclerc,2,35,17:56:24,21.173,Base Oficial Ergast Motor Racing Database / FIA Timing Sheets
2021,22,max_verstappen,1,13,17:22:42,21.152,Base Oficial Ergast Motor Racing Database / FIA Timing Sheets
2021,22,max_verstappen,2,36,17:57:06,21.871,Base Oficial Ergast Motor Racing Database / FIA Timing Sheets
2021,22,max_verstappen,3,53,18:22:37,21.453,Base Oficial Ergast Motor Racing Database / FIA Timing Sheets
2021,22,mick_schumacher,1,10,17:18:55,22.124,Base Oficial Ergast Motor Racing Database / FIA Timing Sheets
2021,22,mick_schumacher,2,52,18:23:42,22.07,Base Oficial Ergast Motor Racing Database / FIA Timing Sheets
2021,22,norris,1,17,17:29:04,21.38,Base Oficial Ergast Motor Racing Database / FIA Timing Sheets
2021,22,norris,2,48,18:16:06,22.173,Base Oficial Ergast Motor Racing Database / FIA Timing Sheets
2021,22,ocon,1,15,17:26:13,21.677,Base Oficial Ergast Motor Racing Database / FIA Timing Sheets
2021,22,perez,1,21,17:34:55,21.471,Base Oficial Ergast Motor Racing Database / FIA Timing Sheets
2021,22,perez,2,36,17:57:40,21.413,Base Oficial Ergast Motor Racing Database / FIA Timing Sheets
2021,22,perez,3,53,18:23:09,21.385,Base Oficial Ergast Motor Racing Database / FIA Timing Sheets
2021,22,raikkonen,1,21,17:35:29,22.338,Base Oficial Ergast Motor Racing Database / FIA Timing Sheets
2021,22,ricciardo,1,18,17:30:47,21.449,Base Oficial Ergast Motor Racing Database / FIA Timing Sheets
2021,22,ricciardo,2,52,18:22:38,22.056,Base Oficial Ergast Motor Racing Database / FIA Timing Sheets
2021,22,sainz,1,19,17:31:59,22.213,Base Oficial Ergast Motor Racing Database / FIA Timing Sheets
2021,22,stroll,1,21,17:35:25,22.288,Base Oficial Ergast Motor Racing Database / FIA Timing Sheets
2021,22,stroll,2,52,18:22:55,22.661,Base Oficial Ergast Motor Racing Database / FIA Timing Sheets
2021,22,tsunoda,1,23,17:38:05,22.455,Base Oficial Ergast Motor Racing Database / FIA Timing Sheets
2021,22,tsunoda,2,53,18:24:01,21.909,Base Oficial Ergast Motor Racing Database / FIA Timing Sheets
2021,22,vettel,1,23,17:38:23,21.221,Base Oficial Ergast Motor Racing Database / FIA Timing Sheets
2022,1,albon,1,13,18:25:47,24.874,Base Oficial Ergast Motor Racing Database / FIA Timing Sheets
2022,1,albon,2,35,19:03:09,25.57,Base Oficial Ergast Motor Racing Database / FIA Timing Sheets
2022,1,albon,3,46,19:22:54,25.055,Base Oficial Ergast Motor Racing Database / FIA Timing Sheets
2022,1,alonso,1,11,18:22:10,25.365,Base Oficial Ergast Motor Racing Database / FIA Timing Sheets
2022,1,alonso,2,25,18:45:53,24.909,Base Oficial Ergast Motor Racing Database / FIA Timing Sheets
2022,1,alonso,3,42,19:14:26,24.508,Base Oficial Ergast Motor Racing Database / FIA Timing Sheets
2022,1,bottas,1,14,18:27:19,25.893,Base Oficial Ergast Motor Racing Database / FIA Timing Sheets
2022,1,bottas,2,36,19:04:16,25.156,Base Oficial Ergast Motor Racing Database / FIA Timing Sheets
2022,1,bottas,3,45,19:19:39,25.188,Base Oficial Ergast Motor Racing Database / FIA Timing Sheets
2022,1,gasly,1,14,18:27:08,24.575,Base Oficial Ergast Motor Racing Database / FIA Timing Sheets
2022,1,gasly,2,32,18:57:23,25.875,Base Oficial Ergast Motor Racing Database / FIA Timing Sheets
2022,1,hamilton,1,11,18:21:54,25.201,Base Oficial Ergast Motor Racing Database / FIA Timing Sheets
2022,1,hamilton,2,27,18:48:44,25.796,Base Oficial Ergast Motor Racing Database / FIA Timing Sheets
2022,1,hamilton,3,44,19:16:52,25.579,Base Oficial Ergast Motor Racing Database / FIA Timing Sheets
2022,1,hulkenberg,1,19,18:36:11,27.365,Base Oficial Ergast Motor Racing Database / FIA Timing Sheets
2022,1,hulkenberg,2,37,19:06:47,26.712,Base Oficial Ergast Motor Racing Database / FIA Timing Sheets
2022,1,hulkenberg,3,44,19:18:58,25.748,Base Oficial Ergast Motor Racing Database / FIA Timing Sheets
2022,1,kevin_magnussen,1,14,18:27:07,25.478,Base Oficial Ergast Motor Racing Database / FIA Timing Sheets
2022,1,kevin_magnussen,2,34,19:00:39,25.876,Base Oficial Ergast Motor Racing Database / FIA Timing Sheets
2022,1,kevin_magnussen,3,46,19:21:29,26.051,Base Oficial Ergast Motor Racing Database / FIA Timing Sheets
2022,1,latifi,1,14,18:27:38,24.457,Base Oficial Ergast Motor Racing Database / FIA Timing Sheets
2022,1,latifi,2,32,18:58:19,24.778,Base Oficial Ergast Motor Racing Database / FIA Timing Sheets
2022,1,latifi,3,45,19:21:07,24.658,Base Oficial Ergast Motor Racing Database / FIA Timing Sheets
2022,1,leclerc,1,15,18:28:19,25.012,Base Oficial Ergast Motor Racing Database / FIA Timing Sheets
2022,1,leclerc,2,31,18:54:52,24.527,Base Oficial Ergast Motor Racing Database / FIA Timing Sheets
2022,1,leclerc,3,46,19:19:53,24.613,Base Oficial Ergast Motor Racing Database / FIA Timing Sheets
2022,1,max_verstappen,1,14,18:26:43,24.897,Base Oficial Ergast Motor Racing Database / FIA Timing Sheets
2022,1,max_verstappen,2,30,18:53:16,24.937,Base Oficial Ergast Motor Racing Database / FIA Timing Sheets
2022,1,max_verstappen,3,43,19:14:40,24.402,Base Oficial Ergast Motor Racing Database / FIA Timing Sheets
2022,1,mick_schumacher,1,12,18:24:08,25.214,Base Oficial Ergast Motor Racing Database / FIA Timing Sheets
2022,1,mick_schumacher,2,35,19:02:58,25.586,Base Oficial Ergast Motor Racing Database / FIA Timing Sheets
2022,1,norris,1,24,18:44:41,24.568,Base Oficial Ergast Motor Racing Database / FIA Timing Sheets
2022,1,norris,2,41,19:13:23,27.367,Base Oficial Ergast Motor Racing Database / FIA Timing Sheets
2022,1,norris,3,45,19:20:59,24.975,Base Oficial Ergast Motor Racing Database / FIA Timing Sheets
2022,1,ocon,1,14,18:27:11,30.484,Base Oficial Ergast Motor Racing Database / FIA Timing Sheets
2022,1,ocon,2,30,18:54:12,25.393,Base Oficial Ergast Motor Racing Database / FIA Timing Sheets
2022,1,ocon,3,43,19:15:58,24.233,Base Oficial Ergast Motor Racing Database / FIA Timing Sheets
2022,1,perez,1,15,18:28:32,25.046,Base Oficial Ergast Motor Racing Database / FIA Timing Sheets
2022,1,perez,2,33,18:58:23,24.173,Base Oficial Ergast Motor Racing Database / FIA Timing Sheets
2022,1,perez,3,43,19:14:56,24.947,Base Oficial Ergast Motor Racing Database / FIA Timing Sheets
2022,1,ricciardo,1,17,18:32:46,24.915,Base Oficial Ergast Motor Racing Database / FIA Timing Sheets
2022,1,ricciardo,2,33,18:59:53,24.885,Base Oficial Ergast Motor Racing Database / FIA Timing Sheets
2022,1,ricciardo,3,44,19:18:41,25.139,Base Oficial Ergast Motor Racing Database / FIA Timing Sheets
2022,1,russell,1,15,18:28:38,25.888,Base Oficial Ergast Motor Racing Database / FIA Timing Sheets
2022,1,russell,2,33,18:58:45,25.334,Base Oficial Ergast Motor Racing Database / FIA Timing Sheets
2022,1,russell,3,45,19:18:53,25.574,Base Oficial Ergast Motor Racing Database / FIA Timing Sheets
2022,1,sainz,1,14,18:26:50,24.666,Base Oficial Ergast Motor Racing Database / FIA Timing Sheets
2022,1,sainz,2,33,18:58:21,24.438,Base Oficial Ergast Motor Racing Database / FIA Timing Sheets
2022,1,sainz,3,44,19:16:30,24.287,Base Oficial Ergast Motor Racing Database / FIA Timing Sheets
2022,1,stroll,1,18,18:34:18,25.739,Base Oficial Ergast Motor Racing Database / FIA Timing Sheets
2022,1,stroll,2,38,19:08:04,26.957,Base Oficial Ergast Motor Racing Database / FIA Timing Sheets
2022,1,stroll,3,45,19:20:32,25.039,Base Oficial Ergast Motor Racing Database / FIA Timing Sheets
2022,1,tsunoda,1,15,18:28:57,26.095,Base Oficial Ergast Motor Racing Database / FIA Timing Sheets
2022,1,tsunoda,2,29,18:52:37,24.35,Base Oficial Ergast Motor Racing Database / FIA Timing Sheets
2022,1,tsunoda,3,44,19:17:39,24.188,Base Oficial Ergast Motor Racing Database / FIA Timing Sheets
2022,1,zhou,1,15,18:29:03,25.428,Base Oficial Ergast Motor Racing Database / FIA Timing Sheets
2022,1,zhou,2,37,19:06:00,25.291,Base Oficial Ergast Motor Racing Database / FIA Timing Sheets
2022,1,zhou,3,45,19:19:45,28.647,Base Oficial Ergast Motor Racing Database / FIA Timing Sheets
2022,2,albon,1,13,20:24:54,20.683,Base Oficial Ergast Motor Racing Database / FIA Timing Sheets
2022,2,alonso,1,16,20:29:40,21.543,Base Oficial Ergast Motor Racing Database / FIA Timing Sheets
2022,2,bottas,1,16,20:29:43,22.561,Base Oficial Ergast Motor Racing Database / FIA Timing Sheets
2022,2,bottas,2,35,21:03:48,22.71,Base Oficial Ergast Motor Racing Database / FIA Timing Sheets
2022,2,gasly,1,15,20:27:52,22.82,Base Oficial Ergast Motor Racing Database / FIA Timing Sheets
2022,2,hamilton,1,40,21:12:59,21.788,Base Oficial Ergast Motor Racing Database / FIA Timing Sheets
2022,2,hulkenberg,1,37,21:07:16,21.425,Base Oficial Ergast Motor Racing Database / FIA Timing Sheets
2022,2,kevin_magnussen,1,37,21:06:57,22.374,Base Oficial Ergast Motor Racing Database / FIA Timing Sheets
2022,2,leclerc,1,16,20:28:55,21.038,Base Oficial Ergast Motor Racing Database / FIA Timing Sheets
2022,2,max_verstappen,1,16,20:28:58,20.731,Base Oficial Ergast Motor Racing Database / FIA Timing Sheets
2022,2,norris,1,16,20:29:54,20.383,Base Oficial Ergast Motor Racing Database / FIA Timing Sheets
2022,2,ocon,1,16,20:29:50,21.141,Base Oficial Ergast Motor Racing Database / FIA Timing Sheets
2022,2,perez,1,15,20:27:12,20.481,Base Oficial Ergast Motor Racing Database / FIA Timing Sheets
2022,2,ricciardo,1,8,20:16:37,20.65,Base Oficial Ergast Motor Racing Database / FIA Timing Sheets
2022,2,russell,1,16,20:29:21,21.415,Base Oficial Ergast Motor Racing Database / FIA Timing Sheets
2022,2,sainz,1,16,20:29:04,21.521,Base Oficial Ergast Motor Racing Database / FIA Timing Sheets
2022,2,stroll,1,13,20:24:49,22.339,Base Oficial Ergast Motor Racing Database / FIA Timing Sheets
2022,2,zhou,1,16,20:29:56,33.734,Base Oficial Ergast Motor Racing Database / FIA Timing Sheets
2022,2,zhou,2,27,20:51:18,15.103,Base Oficial Ergast Motor Racing Database / FIA Timing Sheets
2022,3,albon,1,57,16:30:33,19.845,Base Oficial Ergast Motor Racing Database / FIA Timing Sheets
2022,3,alonso,1,39,16:05:24,18.796,Base Oficial Ergast Motor Racing Database / FIA Timing Sheets
2022,3,alonso,2,53,16:25:28,18.394,Base Oficial Ergast Motor Racing Database / FIA Timing Sheets
2022,3,bottas,1,22,15:37:40,18.413,Base Oficial Ergast Motor Racing Database / FIA Timing Sheets
2022,3,gasly,1,21,15:36:15,18.926,Base Oficial Ergast Motor Racing Database / FIA Timing Sheets
2022,3,hamilton,1,22,15:37:22,17.877,Base Oficial Ergast Motor Racing Database / FIA Timing Sheets
2022,3,kevin_magnussen,1,39,16:05:30,19.111,Base Oficial Ergast Motor Racing Database / FIA Timing Sheets
2022,3,latifi,1,13,15:25:03,18.552,Base Oficial Ergast Motor Racing Database / FIA Timing Sheets
2022,3,latifi,2,23,15:40:00,17.936,Base Oficial Ergast Motor Racing Database / FIA Timing Sheets
2022,3,leclerc,1,22,15:37:04,17.973,Base Oficial Ergast Motor Racing Database / FIA Timing Sheets
2022,3,max_verstappen,1,18,15:31:37,18.281,Base Oficial Ergast Motor Racing Database / FIA Timing Sheets
2022,3,mick_schumacher,1,14,15:26:23,19.039,Base Oficial Ergast Motor Racing Database / FIA Timing Sheets
2022,3,norris,1,20,15:34:40,17.556,Base Oficial Ergast Motor Racing Database / FIA Timing Sheets
2022,3,ocon,1,17,15:30:30,19.128,Base Oficial Ergast Motor Racing Database / FIA Timing Sheets
2022,3,perez,1,20,15:34:33,17.434,Base Oficial Ergast Motor Racing Database / FIA Timing Sheets
2022,3,ricciardo,1,21,15:36:06,18.15,Base Oficial Ergast Motor Racing Database / FIA Timing Sheets
2022,3,russell,1,23,15:38:51,18.479,Base Oficial Ergast Motor Racing Database / FIA Timing Sheets
2022,3,stroll,1,3,15:08:15,18.242,Base Oficial Ergast Motor Racing Database / FIA Timing Sheets
2022,3,stroll,2,4,15:10:29,18.56,Base Oficial Ergast Motor Racing Database / FIA Timing Sheets
2022,3,stroll,3,23,15:39:30,20.402,Base Oficial Ergast Motor Racing Database / FIA Timing Sheets
2022,3,tsunoda,1,18,15:32:02,18.443,Base Oficial Ergast Motor Racing Database / FIA Timing Sheets
2022,3,zhou,1,21,15:36:22,18.38,Base Oficial Ergast Motor Racing Database / FIA Timing Sheets
2022,4,albon,1,17,15:32:41,30.793,Base Oficial Ergast Motor Racing Database / FIA Timing Sheets
2022,4,bottas,1,18,15:33:47,40.957,Base Oficial Ergast Motor Racing Database / FIA Timing Sheets
2022,4,gasly,1,17,15:32:38,30.405,Base Oficial Ergast Motor Racing Database / FIA Timing Sheets
2022,4,hamilton,1,18,15:34:07,32.74,Base Oficial Ergast Motor Racing Database / FIA Timing Sheets
2022,4,kevin_magnussen,1,18,15:33:56,33.765,Base Oficial Ergast Motor Racing Database / FIA Timing Sheets
2022,4,latifi,1,18,15:34:17,31.125,Base Oficial Ergast Motor Racing Database / FIA Timing Sheets
2022,4,leclerc,1,19,15:34:56,31.794,Base Oficial Ergast Motor Racing Database / FIA Timing Sheets
2022,4,leclerc,2,49,16:16:19,30.042,Base Oficial Ergast Motor Racing Database / FIA Timing Sheets
2022,4,leclerc,3,53,16:22:17,36.56,Base Oficial Ergast Motor Racing Database / FIA Timing Sheets
2022,4,max_verstappen,1,19,15:34:49,30.001,Base Oficial Ergast Motor Racing Database / FIA Timing Sheets
2022,4,max_verstappen,2,51,16:18:44,29.942,Base Oficial Ergast Motor Racing Database / FIA Timing Sheets
2022,4,mick_schumacher,1,18,15:34:18,31.32,Base Oficial Ergast Motor Racing Database / FIA Timing Sheets
2022,4,mick_schumacher,2,52,16:22:04,30.984,Base Oficial Ergast Motor Racing Database / FIA Timing Sheets
2022,4,norris,1,19,15:35:07,30.07,Base Oficial Ergast Motor Racing Database / FIA Timing Sheets
2022,4,ocon,1,18,15:34:08,31.409,Base Oficial Ergast Motor Racing Database / FIA Timing Sheets
2022,4,perez,1,18,15:33:26,30.366,Base Oficial Ergast Motor Racing Database / FIA Timing Sheets
2022,4,perez,2,50,16:17:38,29.627,Base Oficial Ergast Motor Racing Database / FIA Timing Sheets
2022,4,ricciardo,1,2,15:07:48,32.362,Base Oficial Ergast Motor Racing Database / FIA Timing Sheets
2022,4,ricciardo,2,16,15:31:14,30.422,Base Oficial Ergast Motor Racing Database / FIA Timing Sheets
2022,4,ricciardo,3,30,15:51:37,30.155,Base Oficial Ergast Motor Racing Database / FIA Timing Sheets
2022,4,russell,1,18,15:33:46,31.079,Base Oficial Ergast Motor Racing Database / FIA Timing Sheets
2022,4,stroll,1,18,15:34:06,32.667,Base Oficial Ergast Motor Racing Database / FIA Timing Sheets
2022,4,tsunoda,1,18,15:34:06,30.372,Base Oficial Ergast Motor Racing Database / FIA Timing Sheets
2022,4,vettel,1,17,15:32:26,30.484,Base Oficial Ergast Motor Racing Database / FIA Timing Sheets
2022,4,zhou,1,18,15:34:18,32.203,Base Oficial Ergast Motor Racing Database / FIA Timing Sheets
2022,5,albon,1,16,15:59:11,20.059,Base Oficial Ergast Motor Racing Database / FIA Timing Sheets
2022,5,alonso,1,15,15:57:23,21.638,Base Oficial Ergast Motor Racing Database / FIA Timing Sheets
2022,5,bottas,1,26,16:14:35,19.614,Base Oficial Ergast Motor Racing Database / FIA Timing Sheets
2022,5,gasly,1,16,15:58:56,19.543,Base Oficial Ergast Motor Racing Database / FIA Timing Sheets
2022,5,gasly,2,40,16:37:43,19.007,Base Oficial Ergast Motor Racing Database / FIA Timing Sheets
2022,5,hamilton,1,22,16:08:23,18.82,Base Oficial Ergast Motor Racing Database / FIA Timing Sheets
2022,5,kevin_magnussen,1,12,15:52:43,19.76,Base Oficial Ergast Motor Racing Database / FIA Timing Sheets
2022,5,kevin_magnussen,2,42,16:41:34,20.673,Base Oficial Ergast Motor Racing Database / FIA Timing Sheets
2022,5,latifi,1,34,16:28:20,19.185,Base Oficial Ergast Motor Racing Database / FIA Timing Sheets
2022,5,leclerc,1,24,16:11:03,19.697,Base Oficial Ergast Motor Racing Database / FIA Timing Sheets
2022,5,max_verstappen,1,26,16:14:04,18.798,Base Oficial Ergast Motor Racing Database / FIA Timing Sheets
2022,5,mick_schumacher,1,14,15:55:54,20.413,Base Oficial Ergast Motor Racing Database / FIA Timing Sheets
2022,5,mick_schumacher,2,54,17:03:43,32.381,Base Oficial Ergast Motor Racing Database / FIA Timing Sheets
2022,5,norris,1,18,16:02:13,19.986,Base Oficial Ergast Motor Racing Database / FIA Timing Sheets
2022,5,ocon,1,41,16:39:21,19.019,Base Oficial Ergast Motor Racing Database / FIA Timing Sheets
2022,5,perez,1,27,16:16:00,18.519,Base Oficial Ergast Motor Racing Database / FIA Timing Sheets
2022,5,perez,2,41,16:38:38,18.433,Base Oficial Ergast Motor Racing Database / FIA Timing Sheets
2022,5,ricciardo,1,30,16:21:25,19.484,Base Oficial Ergast Motor Racing Database / FIA Timing Sheets
2022,5,ricciardo,2,41,16:39:49,19.28,Base Oficial Ergast Motor Racing Database / FIA Timing Sheets
2022,5,russell,1,40,16:36:53,19.035,Base Oficial Ergast Motor Racing Database / FIA Timing Sheets
2022,5,sainz,1,27,16:15:51,22.063,Base Oficial Ergast Motor Racing Database / FIA Timing Sheets
2022,5,stroll,1,40,16:37:28,19.074,Base Oficial Ergast Motor Racing Database / FIA Timing Sheets
2022,5,tsunoda,1,11,15:51:11,18.87,Base Oficial Ergast Motor Racing Database / FIA Timing Sheets
2022,5,tsunoda,2,41,16:40:43,19.618,Base Oficial Ergast Motor Racing Database / FIA Timing Sheets
2022,5,vettel,1,41,16:39:42,19.861,Base Oficial Ergast Motor Racing Database / FIA Timing Sheets
2022,6,albon,1,11,15:20:05,23.419,Base Oficial Ergast Motor Racing Database / FIA Timing Sheets
2022,6,albon,2,25,15:41:42,22.657,Base Oficial Ergast Motor Racing Database / FIA Timing Sheets
2022,6,albon,3,45,16:12:16,23.328,Base Oficial Ergast Motor Racing Database / FIA Timing Sheets
2022,6,albon,4,54,16:26:07,23.404,Base Oficial Ergast Motor Racing Database / FIA Timing Sheets
2022,6,alonso,1,10,15:18:24,22.375,Base Oficial Ergast Motor Racing Database / FIA Timing Sheets
2022,6,alonso,2,31,15:50:10,21.914,Base Oficial Ergast Motor Racing Database / FIA Timing Sheets
2022,6,alonso,3,53,16:22:49,25.407,Base Oficial Ergast Motor Racing Database / FIA Timing Sheets
2022,6,bottas,1,14,15:24:08,22.987,Base Oficial Ergast Motor Racing Database / FIA Timing Sheets
2022,6,bottas,2,34,15:54:04,22.541,Base Oficial Ergast Motor Racing Database / FIA Timing Sheets
2022,6,gasly,1,10,15:18:27,22.008,Base Oficial Ergast Motor Racing Database / FIA Timing Sheets
2022,6,gasly,2,29,15:47:23,27.947,Base Oficial Ergast Motor Racing Database / FIA Timing Sheets
2022,6,gasly,3,46,16:13:00,21.838,Base Oficial Ergast Motor Racing Database / FIA Timing Sheets
2022,6,hamilton,1,1,15:05:05,31.054,Base Oficial Ergast Motor Racing Database / FIA Timing Sheets
2022,6,hamilton,2,22,15:36:50,22.105,Base Oficial Ergast Motor Racing Database / FIA Timing Sheets
2022,6,hamilton,3,48,16:15:01,22.241,Base Oficial Ergast Motor Racing Database / FIA Timing Sheets
2022,6,kevin_magnussen,1,1,15:05:25,29.632,Base Oficial Ergast Motor Racing Database / FIA Timing Sheets
2022,6,kevin_magnussen,2,29,15:47:59,23.878,Base Oficial Ergast Motor Racing Database / FIA Timing Sheets
2022,6,latifi,1,12,15:21:38,23.189,Base Oficial Ergast Motor Racing Database / FIA Timing Sheets
2022,6,latifi,2,26,15:43:09,22.311,Base Oficial Ergast Motor Racing Database / FIA Timing Sheets
2022,6,latifi,3,50,16:19:30,22.761,Base Oficial Ergast Motor Racing Database / FIA Timing Sheets
2022,6,leclerc,1,21,15:34:08,21.794,Base Oficial Ergast Motor Racing Database / FIA Timing Sheets
2022,6,max_verstappen,1,13,15:22:30,22.173,Base Oficial Ergast Motor Racing Database / FIA Timing Sheets
2022,6,max_verstappen,2,28,15:44:56,21.966,Base Oficial Ergast Motor Racing Database / FIA Timing Sheets
2022,6,max_verstappen,3,44,16:08:25,21.941,Base Oficial Ergast Motor Racing Database / FIA Timing Sheets
2022,6,mick_schumacher,1,12,15:21:23,23.582,Base Oficial Ergast Motor Racing Database / FIA Timing Sheets
2022,6,mick_schumacher,2,30,15:48:45,23.127,Base Oficial Ergast Motor Racing Database / FIA Timing Sheets
2022,6,norris,1,12,15:21:18,21.916,Base Oficial Ergast Motor Racing Database / FIA Timing Sheets
2022,6,norris,2,33,15:52:58,23.341,Base Oficial Ergast Motor Racing Database / FIA Timing Sheets
2022,6,norris,3,51,16:19:48,22.165,Base Oficial Ergast Motor Racing Database / FIA Timing Sheets
2022,6,ocon,1,13,15:22:43,22.137,Base Oficial Ergast Motor Racing Database / FIA Timing Sheets
2022,6,ocon,2,35,15:55:53,22.953,Base Oficial Ergast Motor Racing Database / FIA Timing Sheets
2022,6,ocon,3,52,16:21:10,22.033,Base Oficial Ergast Motor Racing Database / FIA Timing Sheets
2022,6,perez,1,17,15:28:29,22.032,Base Oficial Ergast Motor Racing Database / FIA Timing Sheets
2022,6,perez,2,37,15:58:12,21.619,Base Oficial Ergast Motor Racing Database / FIA Timing Sheets
2022,6,perez,3,53,16:21:47,21.694,Base Oficial Ergast Motor Racing Database / FIA Timing Sheets
2022,6,ricciardo,1,11,15:19:54,22.124,Base Oficial Ergast Motor Racing Database / FIA Timing Sheets
2022,6,ricciardo,2,31,15:50:18,22.399,Base Oficial Ergast Motor Racing Database / FIA Timing Sheets
2022,6,ricciardo,3,48,16:15:50,22.154,Base Oficial Ergast Motor Racing Database / FIA Timing Sheets
2022,6,russell,1,13,15:22:29,22.154,Base Oficial Ergast Motor Racing Database / FIA Timing Sheets
2022,6,russell,2,36,15:56:49,22.039,Base Oficial Ergast Motor Racing Database / FIA Timing Sheets
2022,6,russell,3,51,16:19:02,22.815,Base Oficial Ergast Motor Racing Database / FIA Timing Sheets
2022,6,sainz,1,10,15:18:23,22.341,Base Oficial Ergast Motor Racing Database / FIA Timing Sheets
2022,6,sainz,2,31,15:49:46,21.867,Base Oficial Ergast Motor Racing Database / FIA Timing Sheets
2022,6,sainz,3,45,16:10:31,22.302,Base Oficial Ergast Motor Racing Database / FIA Timing Sheets
2022,6,stroll,1,14,15:24:34,22.833,Base Oficial Ergast Motor Racing Database / FIA Timing Sheets
2022,6,stroll,2,27,15:44:33,23.394,Base Oficial Ergast Motor Racing Database / FIA Timing Sheets
2022,6,stroll,3,46,16:13:18,23.812,Base Oficial Ergast Motor Racing Database / FIA Timing Sheets
2022,6,tsunoda,1,11,15:19:52,23.083,Base Oficial Ergast Motor Racing Database / FIA Timing Sheets
2022,6,tsunoda,2,32,15:51:35,22.802,Base Oficial Ergast Motor Racing Database / FIA Timing Sheets
2022,6,tsunoda,3,52,16:21:27,22.316,Base Oficial Ergast Motor Racing Database / FIA Timing Sheets
2022,6,vettel,1,21,15:35:06,22.536,Base Oficial Ergast Motor Racing Database / FIA Timing Sheets
2022,6,vettel,2,42,16:06:42,22.456,Base Oficial Ergast Motor Racing Database / FIA Timing Sheets
2022,6,zhou,1,10,15:18:29,23.109,Base Oficial Ergast Motor Racing Database / FIA Timing Sheets
2022,7,albon,1,18,16:36:49,27.231,Base Oficial Ergast Motor Racing Database / FIA Timing Sheets
2022,7,albon,2,22,16:43:36,31.518,Base Oficial Ergast Motor Racing Database / FIA Timing Sheets
2022,7,albon,3,29,16:56:04,,Base Oficial Ergast Motor Racing Database / FIA Timing Sheets
2022,7,alonso,1,21,16:40:33,24.526,Base Oficial Ergast Motor Racing Database / FIA Timing Sheets
2022,7,alonso,2,30,16:56:01,,Base Oficial Ergast Motor Racing Database / FIA Timing Sheets
2022,7,bottas,1,20,16:39:34,25.865,Base Oficial Ergast Motor Racing Database / FIA Timing Sheets
2022,7,bottas,2,30,16:56:07,,Base Oficial Ergast Motor Racing Database / FIA Timing Sheets
2022,7,gasly,1,2,16:10:02,35.486,Base Oficial Ergast Motor Racing Database / FIA Timing Sheets
2022,7,gasly,2,22,16:42:42,28.77,Base Oficial Ergast Motor Racing Database / FIA Timing Sheets
2022,7,gasly,3,30,16:56:31,,Base Oficial Ergast Motor Racing Database / FIA Timing Sheets
2022,7,hamilton,1,15,16:31:22,24.796,Base Oficial Ergast Motor Racing Database / FIA Timing Sheets
2022,7,hamilton,2,22,16:42:19,24.507,Base Oficial Ergast Motor Racing Database / FIA Timing Sheets
2022,7,hamilton,3,30,16:56:02,,Base Oficial Ergast Motor Racing Database / FIA Timing Sheets
2022,7,latifi,1,1,16:08:10,36.773,Base Oficial Ergast Motor Racing Database / FIA Timing Sheets
2022,7,latifi,2,2,16:10:20,36.351,Base Oficial Ergast Motor Racing Database / FIA Timing Sheets
2022,7,latifi,3,19,16:38:26,26.91,Base Oficial Ergast Motor Racing Database / FIA Timing Sheets
2022,7,latifi,4,29,16:55:58,,Base Oficial Ergast Motor Racing Database / FIA Timing Sheets
2022,7,leclerc,1,18,16:35:26,25.71,Base Oficial Ergast Motor Racing Database / FIA Timing Sheets
2022,7,leclerc,2,21,16:40:08,28.034,Base Oficial Ergast Motor Racing Database / FIA Timing Sheets
2022,7,leclerc,3,30,16:55:47,,Base Oficial Ergast Motor Racing Database / FIA Timing Sheets
2022,7,max_verstappen,1,18,16:35:33,27.009,Base Oficial Ergast Motor Racing Database / FIA Timing Sheets
2022,7,max_verstappen,2,22,16:41:38,26.93,Base Oficial Ergast Motor Racing Database / FIA Timing Sheets
2022,7,max_verstappen,3,30,16:55:43,,Base Oficial Ergast Motor Racing Database / FIA Timing Sheets
2022,7,mick_schumacher,1,4,16:13:36,27.637,Base Oficial Ergast Motor Racing Database / FIA Timing Sheets
2022,7,mick_schumacher,2,17,16:35:15,36.854,Base Oficial Ergast Motor Racing Database / FIA Timing Sheets
2022,7,norris,1,17,16:34:17,24.872,Base Oficial Ergast Motor Racing Database / FIA Timing Sheets
2022,7,norris,2,22,16:41:58,24.76,Base Oficial Ergast Motor Racing Database / FIA Timing Sheets
2022,7,norris,3,30,16:55:56,,Base Oficial Ergast Motor Racing Database / FIA Timing Sheets
2022,7,norris,4,51,17:44:43,24.607,Base Oficial Ergast Motor Racing Database / FIA Timing Sheets
2022,7,ocon,1,21,16:40:50,24.875,Base Oficial Ergast Motor Racing Database / FIA Timing Sheets
2022,7,ocon,2,30,16:56:06,,Base Oficial Ergast Motor Racing Database / FIA Timing Sheets
2022,7,perez,1,16,16:32:29,24.409,Base Oficial Ergast Motor Racing Database / FIA Timing Sheets
2022,7,perez,2,22,16:41:35,24.536,Base Oficial Ergast Motor Racing Database / FIA Timing Sheets
2022,7,perez,3,30,16:55:41,,Base Oficial Ergast Motor Racing Database / FIA Timing Sheets
2022,7,ricciardo,1,19,16:38:22,26.056,Base Oficial Ergast Motor Racing Database / FIA Timing Sheets
2022,7,ricciardo,2,30,16:56:33,,Base Oficial Ergast Motor Racing Database / FIA Timing Sheets
2022,7,russell,1,21,16:40:29,25.352,Base Oficial Ergast Motor Racing Database / FIA Timing Sheets
2022,7,russell,2,30,16:55:54,,Base Oficial Ergast Motor Racing Database / FIA Timing Sheets
2022,7,sainz,1,21,16:40:05,24.666,Base Oficial Ergast Motor Racing Database / FIA Timing Sheets
2022,7,sainz,2,30,16:55:42,,Base Oficial Ergast Motor Racing Database / FIA Timing Sheets
2022,7,stroll,1,1,16:07:59,26.731,Base Oficial Ergast Motor Racing Database / FIA Timing Sheets
2022,7,stroll,2,2,16:10:09,32.75,Base Oficial Ergast Motor Racing Database / FIA Timing Sheets
2022,7,stroll,3,24,16:45:45,25.65,Base Oficial Ergast Motor Racing Database / FIA Timing Sheets
2022,7,stroll,4,29,16:55:46,,Base Oficial Ergast Motor Racing Database / FIA Timing Sheets
2022,7,tsunoda,1,6,16:17:00,25.068,Base Oficial Ergast Motor Racing Database / FIA Timing Sheets
2022,7,tsunoda,2,21,16:41:30,26.021,Base Oficial Ergast Motor Racing Database / FIA Timing Sheets
2022,7,tsunoda,3,29,16:55:51,,Base Oficial Ergast Motor Racing Database / FIA Timing Sheets
2022,7,tsunoda,4,56,17:52:23,25.266,Base Oficial Ergast Motor Racing Database / FIA Timing Sheets
2022,7,vettel,1,6,16:16:58,24.965,Base Oficial Ergast Motor Racing Database / FIA Timing Sheets
2022,7,vettel,2,23,16:44:09,25.133,Base Oficial Ergast Motor Racing Database / FIA Timing Sheets
2022,7,vettel,3,30,16:56:28,,Base Oficial Ergast Motor Racing Database / FIA Timing Sheets
2022,7,zhou,1,19,16:38:23,25.594,Base Oficial Ergast Motor Racing Database / FIA Timing Sheets
2022,7,zhou,2,29,16:55:52,,Base Oficial Ergast Motor Racing Database / FIA Timing Sheets
2022,8,albon,1,9,15:21:16,25.577,Base Oficial Ergast Motor Racing Database / FIA Timing Sheets
2022,8,albon,2,29,15:58:39,21.54,Base Oficial Ergast Motor Racing Database / FIA Timing Sheets
2022,8,alonso,1,18,15:37:59,20.571,Base Oficial Ergast Motor Racing Database / FIA Timing Sheets
2022,8,bottas,1,33,16:06:34,20.979,Base Oficial Ergast Motor Racing Database / FIA Timing Sheets
2022,8,gasly,1,9,15:20:49,22.698,Base Oficial Ergast Motor Racing Database / FIA Timing Sheets
2022,8,hamilton,1,9,15:20:54,21.47,Base Oficial Ergast Motor Racing Database / FIA Timing Sheets
2022,8,hamilton,2,33,16:05:49,20.831,Base Oficial Ergast Motor Racing Database / FIA Timing Sheets
2022,8,kevin_magnussen,1,9,15:21:11,21.555,Base Oficial Ergast Motor Racing Database / FIA Timing Sheets
2022,8,latifi,1,3,15:09:50,29.395,Base Oficial Ergast Motor Racing Database / FIA Timing Sheets
2022,8,latifi,2,17,15:37:03,22.069,Base Oficial Ergast Motor Racing Database / FIA Timing Sheets
2022,8,leclerc,1,9,15:20:26,23.212,Base Oficial Ergast Motor Racing Database / FIA Timing Sheets
2022,8,max_verstappen,1,18,15:37:17,21.468,Base Oficial Ergast Motor Racing Database / FIA Timing Sheets
2022,8,max_verstappen,2,33,16:04:40,20.722,Base Oficial Ergast Motor Racing Database / FIA Timing Sheets
2022,8,mick_schumacher,1,9,15:21:23,26.973,Base Oficial Ergast Motor Racing Database / FIA Timing Sheets
2022,8,mick_schumacher,2,23,15:47:51,22.231,Base Oficial Ergast Motor Racing Database / FIA Timing Sheets
2022,8,norris,1,20,15:41:42,21.443,Base Oficial Ergast Motor Racing Database / FIA Timing Sheets
2022,8,ocon,1,33,16:06:22,22.638,Base Oficial Ergast Motor Racing Database / FIA Timing Sheets
2022,8,perez,1,16,15:33:43,23.379,Base Oficial Ergast Motor Racing Database / FIA Timing Sheets
2022,8,perez,2,33,16:04:56,22.349,Base Oficial Ergast Motor Racing Database / FIA Timing Sheets
2022,8,ricciardo,1,33,16:06:02,21.794,Base Oficial Ergast Motor Racing Database / FIA Timing Sheets
2022,8,russell,1,9,15:20:43,20.538,Base Oficial Ergast Motor Racing Database / FIA Timing Sheets
2022,8,russell,2,33,16:05:19,20.527,Base Oficial Ergast Motor Racing Database / FIA Timing Sheets
2022,8,stroll,1,30,16:00:30,22.059,Base Oficial Ergast Motor Racing Database / FIA Timing Sheets
2022,8,tsunoda,1,9,15:20:57,23.083,Base Oficial Ergast Motor Racing Database / FIA Timing Sheets
2022,8,tsunoda,2,38,16:15:56,41.5,Base Oficial Ergast Motor Racing Database / FIA Timing Sheets
2022,8,vettel,1,9,15:20:55,20.249,Base Oficial Ergast Motor Racing Database / FIA Timing Sheets
2022,8,zhou,1,9,15:21:08,23.001,Base Oficial Ergast Motor Racing Database / FIA Timing Sheets
2022,9,albon,1,18,14:28:07,23.804,Base Oficial Ergast Motor Racing Database / FIA Timing Sheets
2022,9,albon,2,48,15:08:45,23.53,Base Oficial Ergast Motor Racing Database / FIA Timing Sheets
2022,9,alonso,1,28,14:41:26,23.779,Base Oficial Ergast Motor Racing Database / FIA Timing Sheets
2022,9,alonso,2,49,15:09:42,25.139,Base Oficial Ergast Motor Racing Database / FIA Timing Sheets
2022,9,bottas,1,49,15:09:50,26.089,Base Oficial Ergast Motor Racing Database / FIA Timing Sheets
2022,9,gasly,1,5,14:10:04,23.557,Base Oficial Ergast Motor Racing Database / FIA Timing Sheets
2022,9,gasly,2,36,14:52:35,23.613,Base Oficial Ergast Motor Racing Database / FIA Timing Sheets
2022,9,hamilton,1,9,14:15:24,23.845,Base Oficial Ergast Motor Racing Database / FIA Timing Sheets
2022,9,hamilton,2,44,15:02:06,23.841,Base Oficial Ergast Motor Racing Database / FIA Timing Sheets
2022,9,kevin_magnussen,1,7,14:12:33,38.262,Base Oficial Ergast Motor Racing Database / FIA Timing Sheets
2022,9,latifi,1,9,14:15:59,24.02,Base Oficial Ergast Motor Racing Database / FIA Timing Sheets
2022,9,latifi,2,37,14:54:22,30.034,Base Oficial Ergast Motor Racing Database / FIA Timing Sheets
2022,9,leclerc,1,41,14:58:44,26.199,Base Oficial Ergast Motor Racing Database / FIA Timing Sheets
2022,9,max_verstappen,1,9,14:15:15,24.217,Base Oficial Ergast Motor Racing Database / FIA Timing Sheets
2022,9,max_verstappen,2,43,15:00:29,23.704,Base Oficial Ergast Motor Racing Database / FIA Timing Sheets
2022,9,norris,1,19,14:29:34,43.032,Base Oficial Ergast Motor Racing Database / FIA Timing Sheets
2022,9,norris,2,42,15:00:41,24.134,Base Oficial Ergast Motor Racing Database / FIA Timing Sheets
2022,9,ocon,1,19,14:29:16,25.684,Base Oficial Ergast Motor Racing Database / FIA Timing Sheets
2022,9,ocon,2,49,15:09:34,23.945,Base Oficial Ergast Motor Racing Database / FIA Timing Sheets
2022,9,ricciardo,1,19,14:29:26,27.937,Base Oficial Ergast Motor Racing Database / FIA Timing Sheets
2022,9,ricciardo,2,49,15:10:08,24.833,Base Oficial Ergast Motor Racing Database / FIA Timing Sheets
2022,9,russell,1,19,14:29:03,23.951,Base Oficial Ergast Motor Racing Database / FIA Timing Sheets
2022,9,russell,2,45,15:03:30,24.069,Base Oficial Ergast Motor Racing Database / FIA Timing Sheets
2022,9,sainz,1,20,14:30:33,24.215,Base Oficial Ergast Motor Racing Database / FIA Timing Sheets
2022,9,sainz,2,49,15:08:24,24.881,Base Oficial Ergast Motor Racing Database / FIA Timing Sheets
2022,9,stroll,1,47,15:06:55,25.252,Base Oficial Ergast Motor Racing Database / FIA Timing Sheets
2022,9,tsunoda,1,9,14:15:50,23.248,Base Oficial Ergast Motor Racing Database / FIA Timing Sheets
2022,9,tsunoda,2,47,15:07:00,23.45,Base Oficial Ergast Motor Racing Database / FIA Timing Sheets
2022,9,vettel,1,5,14:10:02,23.406,Base Oficial Ergast Motor Racing Database / FIA Timing Sheets
2022,9,vettel,2,19,14:29:44,23.681,Base Oficial Ergast Motor Racing Database / FIA Timing Sheets
2022,9,zhou,1,19,14:29:24,24.281,Base Oficial Ergast Motor Racing Database / FIA Timing Sheets
2022,9,zhou,2,49,15:10:04,23.98,Base Oficial Ergast Motor Racing Database / FIA Timing Sheets
2022,10,alonso,1,1,15:05:41,,Base Oficial Ergast Motor Racing Database / FIA Timing Sheets
2022,10,alonso,2,33,16:48:31,28.733,Base Oficial Ergast Motor Racing Database / FIA Timing Sheets
2022,10,alonso,3,39,16:58:32,28.841,Base Oficial Ergast Motor Racing Database / FIA Timing Sheets
2022,10,bottas,1,1,15:05:50,,Base Oficial Ergast Motor Racing Database / FIA Timing Sheets
2022,10,gasly,1,1,15:05:55,,Base Oficial Ergast Motor Racing Database / FIA Timing Sheets
2022,10,gasly,2,16,16:22:13,29.632,Base Oficial Ergast Motor Racing Database / FIA Timing Sheets
2022,10,hamilton,1,1,15:05:36,,Base Oficial Ergast Motor Racing Database / FIA Timing Sheets
2022,10,hamilton,2,33,16:47:54,29.837,Base Oficial Ergast Motor Racing Database / FIA Timing Sheets
2022,10,hamilton,3,39,16:57:35,28.996,Base Oficial Ergast Motor Racing Database / FIA Timing Sheets
2022,10,kevin_magnussen,1,1,15:05:57,,Base Oficial Ergast Motor Racing Database / FIA Timing Sheets
2022,10,kevin_magnussen,2,22,16:31:40,29.473,Base Oficial Ergast Motor Racing Database / FIA Timing Sheets
2022,10,latifi,1,1,15:05:48,,Base Oficial Ergast Motor Racing Database / FIA Timing Sheets
2022,10,latifi,2,19,16:26:52,28.829,Base Oficial Ergast Motor Racing Database / FIA Timing Sheets
2022,10,latifi,3,39,16:59:24,28.438,Base Oficial Ergast Motor Racing Database / FIA Timing Sheets
2022,10,leclerc,1,1,15:05:37,,Base Oficial Ergast Motor Racing Database / FIA Timing Sheets
2022,10,leclerc,2,25,16:35:33,28.805,Base Oficial Ergast Motor Racing Database / FIA Timing Sheets
2022,10,max_verstappen,1,1,15:05:31,,Base Oficial Ergast Motor Racing Database / FIA Timing Sheets
2022,10,max_verstappen,2,12,16:15:21,29.395,Base Oficial Ergast Motor Racing Database / FIA Timing Sheets
2022,10,max_verstappen,3,23,16:33:05,29.296,Base Oficial Ergast Motor Racing Database / FIA Timing Sheets
2022,10,max_verstappen,4,39,16:59:10,28.709,Base Oficial Ergast Motor Racing Database / FIA Timing Sheets
2022,10,mick_schumacher,1,1,15:06:04,,Base Oficial Ergast Motor Racing Database / FIA Timing Sheets
2022,10,mick_schumacher,2,19,16:26:53,29.147,Base Oficial Ergast Motor Racing Database / FIA Timing Sheets
2022,10,mick_schumacher,3,39,16:59:12,30.832,Base Oficial Ergast Motor Racing Database / FIA Timing Sheets
2022,10,norris,1,1,15:05:46,,Base Oficial Ergast Motor Racing Database / FIA Timing Sheets
2022,10,norris,2,34,16:50:02,28.947,Base Oficial Ergast Motor Racing Database / FIA Timing Sheets
2022,10,norris,3,40,17:00:36,28.659,Base Oficial Ergast Motor Racing Database / FIA Timing Sheets
2022,10,ocon,1,1,15:07:49,,Base Oficial Ergast Motor Racing Database / FIA Timing Sheets
2022,10,ocon,2,22,16:31:35,30.342,Base Oficial Ergast Motor Racing Database / FIA Timing Sheets
2022,10,perez,1,1,15:05:43,,Base Oficial Ergast Motor Racing Database / FIA Timing Sheets
2022,10,perez,2,5,16:04:31,37.302,Base Oficial Ergast Motor Racing Database / FIA Timing Sheets
2022,10,perez,3,39,16:58:08,28.155,Base Oficial Ergast Motor Racing Database / FIA Timing Sheets
2022,10,ricciardo,1,1,15:05:52,,Base Oficial Ergast Motor Racing Database / FIA Timing Sheets
2022,10,ricciardo,2,20,16:28:29,30.262,Base Oficial Ergast Motor Racing Database / FIA Timing Sheets
2022,10,ricciardo,3,32,16:47:52,30.599,Base Oficial Ergast Motor Racing Database / FIA Timing Sheets
2022,10,ricciardo,4,38,16:57:44,29.345,Base Oficial Ergast Motor Racing Database / FIA Timing Sheets
2022,10,sainz,1,1,15:05:33,,Base Oficial Ergast Motor Racing Database / FIA Timing Sheets
2022,10,sainz,2,20,16:27:47,28.574,Base Oficial Ergast Motor Racing Database / FIA Timing Sheets
2022,10,sainz,3,39,16:57:33,28.435,Base Oficial Ergast Motor Racing Database / FIA Timing Sheets
2022,10,stroll,1,1,15:06:02,,Base Oficial Ergast Motor Racing Database / FIA Timing Sheets
2022,10,stroll,2,15,16:20:37,28.632,Base Oficial Ergast Motor Racing Database / FIA Timing Sheets
2022,10,stroll,3,40,17:01:33,29.78,Base Oficial Ergast Motor Racing Database / FIA Timing Sheets
2022,10,tsunoda,1,1,15:06:40,,Base Oficial Ergast Motor Racing Database / FIA Timing Sheets
2022,10,tsunoda,2,18,16:25:31,34.759,Base Oficial Ergast Motor Racing Database / FIA Timing Sheets
2022,10,tsunoda,3,38,16:58:09,29.448,Base Oficial Ergast Motor Racing Database / FIA Timing Sheets
2022,10,vettel,1,1,15:06:00,,Base Oficial Ergast Motor Racing Database / FIA Timing Sheets
2022,10,vettel,2,6,16:06:13,29.846,Base Oficial Ergast Motor Racing Database / FIA Timing Sheets
2022,10,vettel,3,39,16:59:03,28.54,Base Oficial Ergast Motor Racing Database / FIA Timing Sheets
2022,11,albon,1,11,15:16:33,22.301,Base Oficial Ergast Motor Racing Database / FIA Timing Sheets
2022,11,albon,2,41,15:52:47,22.122,Base Oficial Ergast Motor Racing Database / FIA Timing Sheets
2022,11,alonso,1,27,15:35:56,21.552,Base Oficial Ergast Motor Racing Database / FIA Timing Sheets
2022,11,alonso,2,57,16:11:50,21.827,Base Oficial Ergast Motor Racing Database / FIA Timing Sheets
2022,11,alonso,3,58,16:13:43,24.252,Base Oficial Ergast Motor Racing Database / FIA Timing Sheets
2022,11,bottas,1,6,15:10:38,24.677,Base Oficial Ergast Motor Racing Database / FIA Timing Sheets
2022,11,bottas,2,39,15:50:27,22.278,Base Oficial Ergast Motor Racing Database / FIA Timing Sheets
2022,11,gasly,1,12,15:17:45,22.724,Base Oficial Ergast Motor Racing Database / FIA Timing Sheets
2022,11,gasly,2,40,15:51:40,27.61,Base Oficial Ergast Motor Racing Database / FIA Timing Sheets
2022,11,hamilton,1,28,15:36:38,23.026,Base Oficial Ergast Motor Racing Database / FIA Timing Sheets
2022,11,hamilton,2,51,16:04:01,22.697,Base Oficial Ergast Motor Racing Database / FIA Timing Sheets
2022,11,kevin_magnussen,1,15,15:21:15,22.205,Base Oficial Ergast Motor Racing Database / FIA Timing Sheets
2022,11,kevin_magnussen,2,41,15:52:37,22.088,Base Oficial Ergast Motor Racing Database / FIA Timing Sheets
2022,11,latifi,1,12,15:17:50,21.722,Base Oficial Ergast Motor Racing Database / FIA Timing Sheets
2022,11,latifi,2,35,15:45:51,21.206,Base Oficial Ergast Motor Racing Database / FIA Timing Sheets
2022,11,leclerc,1,26,15:33:54,21.532,Base Oficial Ergast Motor Racing Database / FIA Timing Sheets
2022,11,leclerc,2,49,16:01:09,21.319,Base Oficial Ergast Motor Racing Database / FIA Timing Sheets
2022,11,leclerc,3,58,16:12:03,21.65,Base Oficial Ergast Motor Racing Database / FIA Timing Sheets
2022,11,max_verstappen,1,13,15:18:34,22.022,Base Oficial Ergast Motor Racing Database / FIA Timing Sheets
2022,11,max_verstappen,2,36,15:45:57,21.444,Base Oficial Ergast Motor Racing Database / FIA Timing Sheets
2022,11,max_verstappen,3,58,16:12:09,21.319,Base Oficial Ergast Motor Racing Database / FIA Timing Sheets
2022,11,mick_schumacher,1,16,15:22:28,22.12,Base Oficial Ergast Motor Racing Database / FIA Timing Sheets
2022,11,mick_schumacher,2,43,15:54:56,22.88,Base Oficial Ergast Motor Racing Database / FIA Timing Sheets
2022,11,norris,1,14,15:20:05,22.684,Base Oficial Ergast Motor Racing Database / FIA Timing Sheets
2022,11,norris,2,43,15:55:00,27.324,Base Oficial Ergast Motor Racing Database / FIA Timing Sheets
2022,11,ocon,1,16,15:22:24,21.755,Base Oficial Ergast Motor Racing Database / FIA Timing Sheets
2022,11,ocon,2,44,15:56:05,22.109,Base Oficial Ergast Motor Racing Database / FIA Timing Sheets
2022,11,perez,1,1,15:05:03,23.681,Base Oficial Ergast Motor Racing Database / FIA Timing Sheets
2022,11,ricciardo,1,12,15:17:44,21.356,Base Oficial Ergast Motor Racing Database / FIA Timing Sheets
2022,11,ricciardo,2,44,15:56:18,21.889,Base Oficial Ergast Motor Racing Database / FIA Timing Sheets
2022,11,russell,1,11,15:16:24,38.201,Base Oficial Ergast Motor Racing Database / FIA Timing Sheets
2022,11,russell,2,40,15:51:25,21.731,Base Oficial Ergast Motor Racing Database / FIA Timing Sheets
2022,11,sainz,1,27,15:35:10,21.212,Base Oficial Ergast Motor Racing Database / FIA Timing Sheets
2022,11,sainz,2,50,16:02:23,21.492,Base Oficial Ergast Motor Racing Database / FIA Timing Sheets
2022,11,stroll,1,29,15:38:12,21.431,Base Oficial Ergast Motor Racing Database / FIA Timing Sheets
2022,11,stroll,2,48,16:01:18,21.952,Base Oficial Ergast Motor Racing Database / FIA Timing Sheets
2022,11,tsunoda,1,26,15:34:42,21.749,Base Oficial Ergast Motor Racing Database / FIA Timing Sheets
2022,11,tsunoda,2,46,15:58:59,21.519,Base Oficial Ergast Motor Racing Database / FIA Timing Sheets
2022,11,vettel,1,20,15:27:30,22.112,Base Oficial Ergast Motor Racing Database / FIA Timing Sheets
2022,11,vettel,2,44,15:56:41,21.583,Base Oficial Ergast Motor Racing Database / FIA Timing Sheets
2022,11,zhou,1,24,15:32:20,22.704,Base Oficial Ergast Motor Racing Database / FIA Timing Sheets
2022,11,zhou,2,46,15:58:57,28.86,Base Oficial Ergast Motor Racing Database / FIA Timing Sheets
2022,12,albon,1,18,15:34:13,37.38,Base Oficial Ergast Motor Racing Database / FIA Timing Sheets
2022,12,alonso,1,18,15:33:47,36.524,Base Oficial Ergast Motor Racing Database / FIA Timing Sheets
2022,12,bottas,1,18,15:34:25,37.855,Base Oficial Ergast Motor Racing Database / FIA Timing Sheets
2022,12,bottas,2,36,16:05:53,36.52,Base Oficial Ergast Motor Racing Database / FIA Timing Sheets
2022,12,gasly,1,18,15:34:17,35.969,Base Oficial Ergast Motor Racing Database / FIA Timing Sheets
2022,12,hamilton,1,18,15:33:29,37.189,Base Oficial Ergast Motor Racing Database / FIA Timing Sheets
2022,12,kevin_magnussen,1,8,15:17:07,36.779,Base Oficial Ergast Motor Racing Database / FIA Timing Sheets
2022,12,kevin_magnussen,2,18,15:34:37,36.403,Base Oficial Ergast Motor Racing Database / FIA Timing Sheets
2022,12,latifi,1,19,15:36:38,37.497,Base Oficial Ergast Motor Racing Database / FIA Timing Sheets
2022,12,latifi,2,38,16:09:37,36.942,Base Oficial Ergast Motor Racing Database / FIA Timing Sheets
2022,12,max_verstappen,1,16,15:29:58,35.266,Base Oficial Ergast Motor Racing Database / FIA Timing Sheets
2022,12,mick_schumacher,1,9,15:18:50,36.704,Base Oficial Ergast Motor Racing Database / FIA Timing Sheets
2022,12,mick_schumacher,2,18,15:34:48,37.003,Base Oficial Ergast Motor Racing Database / FIA Timing Sheets
2022,12,norris,1,18,15:33:55,37.539,Base Oficial Ergast Motor Racing Database / FIA Timing Sheets
2022,12,ocon,1,18,15:34:00,44.747,Base Oficial Ergast Motor Racing Database / FIA Timing Sheets
2022,12,perez,1,18,15:33:34,38.061,Base Oficial Ergast Motor Racing Database / FIA Timing Sheets
2022,12,ricciardo,1,18,15:34:05,36.264,Base Oficial Ergast Motor Racing Database / FIA Timing Sheets
2022,12,russell,1,18,15:33:35,38.277,Base Oficial Ergast Motor Racing Database / FIA Timing Sheets
2022,12,sainz,1,18,15:34:02,41.458,Base Oficial Ergast Motor Racing Database / FIA Timing Sheets
2022,12,sainz,2,42,16:15:12,42.292,Base Oficial Ergast Motor Racing Database / FIA Timing Sheets
2022,12,stroll,1,18,15:34:07,39.844,Base Oficial Ergast Motor Racing Database / FIA Timing Sheets
2022,12,tsunoda,1,11,15:22:23,37.648,Base Oficial Ergast Motor Racing Database / FIA Timing Sheets
2022,12,vettel,1,19,15:36:34,36.671,Base Oficial Ergast Motor Racing Database / FIA Timing Sheets
2022,12,zhou,1,9,15:18:55,36.444,Base Oficial Ergast Motor Racing Database / FIA Timing Sheets
2022,12,zhou,2,22,15:42:44,50.79,Base Oficial Ergast Motor Racing Database / FIA Timing Sheets
2022,13,albon,1,2,15:06:40,31.224,Base Oficial Ergast Motor Racing Database / FIA Timing Sheets
2022,13,albon,2,21,15:34:22,21.816,Base Oficial Ergast Motor Racing Database / FIA Timing Sheets
2022,13,albon,3,40,16:01:49,24.298,Base Oficial Ergast Motor Racing Database / FIA Timing Sheets
2022,13,alonso,1,21,15:33:45,22.083,Base Oficial Ergast Motor Racing Database / FIA Timing Sheets
2022,13,bottas,1,26,15:41:08,22.272,Base Oficial Ergast Motor Racing Database / FIA Timing Sheets
2022,13,gasly,1,16,15:26:55,21.675,Base Oficial Ergast Motor Racing Database / FIA Timing Sheets
2022,13,gasly,2,46,16:09:48,21.489,Base Oficial Ergast Motor Racing Database / FIA Timing Sheets
2022,13,hamilton,1,19,15:30:39,21.699,Base Oficial Ergast Motor Racing Database / FIA Timing Sheets
2022,13,hamilton,2,51,16:15:42,22.095,Base Oficial Ergast Motor Racing Database / FIA Timing Sheets
2022,13,kevin_magnussen,1,6,15:12:24,29.641,Base Oficial Ergast Motor Racing Database / FIA Timing Sheets
2022,13,kevin_magnussen,2,35,15:54:34,23.21,Base Oficial Ergast Motor Racing Database / FIA Timing Sheets
2022,13,kevin_magnussen,3,67,16:40:35,23.147,Base Oficial Ergast Motor Racing Database / FIA Timing Sheets
2022,13,latifi,1,18,15:29:51,21.865,Base Oficial Ergast Motor Racing Database / FIA Timing Sheets
2022,13,latifi,2,39,16:00:11,22.452,Base Oficial Ergast Motor Racing Database / FIA Timing Sheets
2022,13,latifi,3,56,16:24:42,28.777,Base Oficial Ergast Motor Racing Database / FIA Timing Sheets
2022,13,leclerc,1,21,15:33:16,21.775,Base Oficial Ergast Motor Racing Database / FIA Timing Sheets
2022,13,leclerc,2,39,15:58:41,21.972,Base Oficial Ergast Motor Racing Database / FIA Timing Sheets
2022,13,leclerc,3,54,16:20:03,21.544,Base Oficial Ergast Motor Racing Database / FIA Timing Sheets
2022,13,max_verstappen,1,16,15:26:25,21.351,Base Oficial Ergast Motor Racing Database / FIA Timing Sheets
2022,13,max_verstappen,2,38,15:57:25,21.228,Base Oficial Ergast Motor Racing Database / FIA Timing Sheets
2022,13,mick_schumacher,1,21,15:33:58,22.953,Base Oficial Ergast Motor Racing Database / FIA Timing Sheets
2022,13,mick_schumacher,2,41,16:03:01,22.566,Base Oficial Ergast Motor Racing Database / FIA Timing Sheets
2022,13,norris,1,14,15:23:43,23.567,Base Oficial Ergast Motor Racing Database / FIA Timing Sheets
2022,13,norris,2,42,16:03:39,21.855,Base Oficial Ergast Motor Racing Database / FIA Timing Sheets
2022,13,ocon,1,23,15:36:35,23.581,Base Oficial Ergast Motor Racing Database / FIA Timing Sheets
2022,13,perez,1,18,15:29:20,21.118,Base Oficial Ergast Motor Racing Database / FIA Timing Sheets
2022,13,perez,2,42,16:03:23,21.167,Base Oficial Ergast Motor Racing Database / FIA Timing Sheets
2022,13,ricciardo,1,15,15:25:20,21.558,Base Oficial Ergast Motor Racing Database / FIA Timing Sheets
2022,13,ricciardo,2,46,16:09:35,21.521,Base Oficial Ergast Motor Racing Database / FIA Timing Sheets
2022,13,russell,1,16,15:26:14,22.763,Base Oficial Ergast Motor Racing Database / FIA Timing Sheets
2022,13,russell,2,39,15:58:47,21.743,Base Oficial Ergast Motor Racing Database / FIA Timing Sheets
2022,13,sainz,1,17,15:27:39,22.82,Base Oficial Ergast Motor Racing Database / FIA Timing Sheets
2022,13,sainz,2,47,16:10:02,23.456,Base Oficial Ergast Motor Racing Database / FIA Timing Sheets
2022,13,stroll,1,14,15:23:56,21.779,Base Oficial Ergast Motor Racing Database / FIA Timing Sheets
2022,13,stroll,2,46,16:09:36,21.615,Base Oficial Ergast Motor Racing Database / FIA Timing Sheets
2022,13,tsunoda,1,13,15:22:33,21.577,Base Oficial Ergast Motor Racing Database / FIA Timing Sheets
2022,13,tsunoda,2,33,15:51:30,22.016,Base Oficial Ergast Motor Racing Database / FIA Timing Sheets
2022,13,tsunoda,3,51,16:17:46,22.128,Base Oficial Ergast Motor Racing Database / FIA Timing Sheets
2022,13,vettel,1,15,15:25:23,21.402,Base Oficial Ergast Motor Racing Database / FIA Timing Sheets
2022,13,vettel,2,46,16:09:42,25.03,Base Oficial Ergast Motor Racing Database / FIA Timing Sheets
2022,13,zhou,1,27,15:42:36,22.321,Base Oficial Ergast Motor Racing Database / FIA Timing Sheets
2022,13,zhou,2,51,16:17:20,28.218,Base Oficial Ergast Motor Racing Database / FIA Timing Sheets
2022,14,albon,1,10,15:25:41,23.334,Base Oficial Ergast Motor Racing Database / FIA Timing Sheets
2022,14,albon,2,26,15:56:46,24.415,Base Oficial Ergast Motor Racing Database / FIA Timing Sheets
2022,14,alonso,1,11,15:27:31,22.641,Base Oficial Ergast Motor Racing Database / FIA Timing Sheets
2022,14,alonso,2,25,15:54:38,23.954,Base Oficial Ergast Motor Racing Database / FIA Timing Sheets
2022,14,gasly,1,10,15:25:49,22.857,Base Oficial Ergast Motor Racing Database / FIA Timing Sheets
2022,14,gasly,2,22,15:49:05,22.542,Base Oficial Ergast Motor Racing Database / FIA Timing Sheets
2022,14,kevin_magnussen,1,11,15:27:45,26.815,Base Oficial Ergast Motor Racing Database / FIA Timing Sheets
2022,14,kevin_magnussen,2,27,15:58:52,23.396,Base Oficial Ergast Motor Racing Database / FIA Timing Sheets
2022,14,latifi,1,3,15:11:25,35.825,Base Oficial Ergast Motor Racing Database / FIA Timing Sheets
2022,14,latifi,2,15,15:35:37,24.168,Base Oficial Ergast Motor Racing Database / FIA Timing Sheets
2022,14,latifi,3,34,16:12:36,23.414,Base Oficial Ergast Motor Racing Database / FIA Timing Sheets
2022,14,leclerc,1,3,15:11:12,24.198,Base Oficial Ergast Motor Racing Database / FIA Timing Sheets
2022,14,leclerc,2,25,15:54:29,23.189,Base Oficial Ergast Motor Racing Database / FIA Timing Sheets
2022,14,leclerc,3,42,16:26:44,23.334,Base Oficial Ergast Motor Racing Database / FIA Timing Sheets
2022,14,max_verstappen,1,15,15:34:57,22.882,Base Oficial Ergast Motor Racing Database / FIA Timing Sheets
2022,14,max_verstappen,2,30,16:03:17,22.322,Base Oficial Ergast Motor Racing Database / FIA Timing Sheets
2022,14,mick_schumacher,1,14,15:33:42,24.158,Base Oficial Ergast Motor Racing Database / FIA Timing Sheets
2022,14,mick_schumacher,2,30,16:04:45,24.982,Base Oficial Ergast Motor Racing Database / FIA Timing Sheets
2022,14,norris,1,13,15:31:34,23.036,Base Oficial Ergast Motor Racing Database / FIA Timing Sheets
2022,14,norris,2,29,16:02:33,23.56,Base Oficial Ergast Motor Racing Database / FIA Timing Sheets
2022,14,ocon,1,12,15:29:35,23.511,Base Oficial Ergast Motor Racing Database / FIA Timing Sheets
2022,14,ocon,2,32,16:08:04,23.491,Base Oficial Ergast Motor Racing Database / FIA Timing Sheets
2022,14,perez,1,14,15:33:07,22.349,Base Oficial Ergast Motor Racing Database / FIA Timing Sheets
2022,14,perez,2,27,15:57:52,22.65,Base Oficial Ergast Motor Racing Database / FIA Timing Sheets
2022,14,ricciardo,1,12,15:29:33,23.085,Base Oficial Ergast Motor Racing Database / FIA Timing Sheets
2022,14,ricciardo,2,32,16:08:17,23.146,Base Oficial Ergast Motor Racing Database / FIA Timing Sheets
2022,14,russell,1,13,15:31:15,22.825,Base Oficial Ergast Motor Racing Database / FIA Timing Sheets
2022,14,russell,2,29,16:01:48,22.977,Base Oficial Ergast Motor Racing Database / FIA Timing Sheets
2022,14,sainz,1,11,15:27:20,22.543,Base Oficial Ergast Motor Racing Database / FIA Timing Sheets
2022,14,sainz,2,25,15:54:09,22.75,Base Oficial Ergast Motor Racing Database / FIA Timing Sheets
2022,14,stroll,1,15,15:35:24,23.555,Base Oficial Ergast Motor Racing Database / FIA Timing Sheets
2022,14,stroll,2,26,15:56:48,23.349,Base Oficial Ergast Motor Racing Database / FIA Timing Sheets
2022,14,tsunoda,1,18,15:41:15,30.055,Base Oficial Ergast Motor Racing Database / FIA Timing Sheets
2022,14,tsunoda,2,30,16:04:30,24.253,Base Oficial Ergast Motor Racing Database / FIA Timing Sheets
2022,14,vettel,1,14,15:33:20,23.222,Base Oficial Ergast Motor Racing Database / FIA Timing Sheets
2022,14,vettel,2,33,16:09:55,22.833,Base Oficial Ergast Motor Racing Database / FIA Timing Sheets
2022,14,zhou,1,14,15:33:31,23.744,Base Oficial Ergast Motor Racing Database / FIA Timing Sheets
2022,14,zhou,2,28,16:00:41,23.364,Base Oficial Ergast Motor Racing Database / FIA Timing Sheets
2022,15,albon,1,21,15:30:35,19.325,Base Oficial Ergast Motor Racing Database / FIA Timing Sheets
2022,15,albon,2,42,15:58:02,19.911,Base Oficial Ergast Motor Racing Database / FIA Timing Sheets
2022,15,albon,3,55,16:16:14,20.508,Base Oficial Ergast Motor Racing Database / FIA Timing Sheets
2022,15,albon,4,56,16:18:24,14.114,Base Oficial Ergast Motor Racing Database / FIA Timing Sheets
2022,15,alonso,1,12,15:18:45,19.578,Base Oficial Ergast Motor Racing Database / FIA Timing Sheets
2022,15,alonso,2,47,16:04:12,21.501,Base Oficial Ergast Motor Racing Database / FIA Timing Sheets
2022,15,alonso,3,57,16:18:53,15.762,Base Oficial Ergast Motor Racing Database / FIA Timing Sheets
2022,15,bottas,1,16,15:24:05,19.741,Base Oficial Ergast Motor Racing Database / FIA Timing Sheets
2022,15,bottas,2,34,15:47:42,21.049,Base Oficial Ergast Motor Racing Database / FIA Timing Sheets
2022,15,gasly,1,11,15:17:31,18.789,Base Oficial Ergast Motor Racing Database / FIA Timing Sheets
2022,15,gasly,2,32,15:45:03,18.7,Base Oficial Ergast Motor Racing Database / FIA Timing Sheets
2022,15,gasly,3,56,16:17:37,18.572,Base Oficial Ergast Motor Racing Database / FIA Timing Sheets
2022,15,gasly,4,57,16:19:20,13.973,Base Oficial Ergast Motor Racing Database / FIA Timing Sheets
2022,15,hamilton,1,29,15:40:15,19.046,Base Oficial Ergast Motor Racing Database / FIA Timing Sheets
2022,15,hamilton,2,48,16:05:02,19.164,Base Oficial Ergast Motor Racing Database / FIA Timing Sheets
2022,15,hamilton,3,57,16:18:18,14.155,Base Oficial Ergast Motor Racing Database / FIA Timing Sheets
2022,15,kevin_magnussen,1,14,15:21:35,20.785,Base Oficial Ergast Motor Racing Database / FIA Timing Sheets
2022,15,kevin_magnussen,2,34,15:47:53,23.71,Base Oficial Ergast Motor Racing Database / FIA Timing Sheets
2022,15,kevin_magnussen,3,47,16:05:32,23.663,Base Oficial Ergast Motor Racing Database / FIA Timing Sheets
2022,15,kevin_magnussen,4,56,16:18:34,14.175,Base Oficial Ergast Motor Racing Database / FIA Timing Sheets
2022,15,latifi,1,13,15:20:19,20.284,Base Oficial Ergast Motor Racing Database / FIA Timing Sheets
2022,15,latifi,2,26,15:37:39,20.733,Base Oficial Ergast Motor Racing Database / FIA Timing Sheets
2022,15,latifi,3,54,16:15:44,20.051,Base Oficial Ergast Motor Racing Database / FIA Timing Sheets
2022,15,latifi,4,55,16:18:20,14.459,Base Oficial Ergast Motor Racing Database / FIA Timing Sheets
2022,15,leclerc,1,17,15:24:47,19.08,Base Oficial Ergast Motor Racing Database / FIA Timing Sheets
2022,15,leclerc,2,45,16:00:48,19.084,Base Oficial Ergast Motor Racing Database / FIA Timing Sheets
2022,15,leclerc,3,56,16:16:24,19.576,Base Oficial Ergast Motor Racing Database / FIA Timing Sheets
2022,15,leclerc,4,57,16:18:32,14.008,Base Oficial Ergast Motor Racing Database / FIA Timing Sheets
2022,15,max_verstappen,1,18,15:25:58,19.634,Base Oficial Ergast Motor Racing Database / FIA Timing Sheets
2022,15,max_verstappen,2,48,16:04:44,19.61,Base Oficial Ergast Motor Racing Database / FIA Timing Sheets
2022,15,max_verstappen,3,56,16:15:47,19.655,Base Oficial Ergast Motor Racing Database / FIA Timing Sheets
2022,15,max_verstappen,4,57,16:18:22,14.113,Base Oficial Ergast Motor Racing Database / FIA Timing Sheets
2022,15,mick_schumacher,1,13,15:20:02,26.813,Base Oficial Ergast Motor Racing Database / FIA Timing Sheets
2022,15,mick_schumacher,2,33,15:46:28,21.814,Base Oficial Ergast Motor Racing Database / FIA Timing Sheets
2022,15,mick_schumacher,3,47,16:05:28,20.283,Base Oficial Ergast Motor Racing Database / FIA Timing Sheets
2022,15,mick_schumacher,4,56,16:18:26,14.144,Base Oficial Ergast Motor Racing Database / FIA Timing Sheets
2022,15,norris,1,17,15:25:04,19.303,Base Oficial Ergast Motor Racing Database / FIA Timing Sheets
2022,15,norris,2,47,16:04:07,21.117,Base Oficial Ergast Motor Racing Database / FIA Timing Sheets
2022,15,norris,3,57,16:18:50,21.264,Base Oficial Ergast Motor Racing Database / FIA Timing Sheets
2022,15,ocon,1,18,15:26:30,19.455,Base Oficial Ergast Motor Racing Database / FIA Timing Sheets
2022,15,ocon,2,56,16:17:06,21.602,Base Oficial Ergast Motor Racing Database / FIA Timing Sheets
2022,15,ocon,3,57,16:19:10,14.041,Base Oficial Ergast Motor Racing Database / FIA Timing Sheets
2022,15,perez,1,14,15:21:05,18.835,Base Oficial Ergast Motor Racing Database / FIA Timing Sheets
2022,15,perez,2,40,15:54:40,18.738,Base Oficial Ergast Motor Racing Database / FIA Timing Sheets
2022,15,perez,3,56,16:16:29,19.25,Base Oficial Ergast Motor Racing Database / FIA Timing Sheets
2022,15,perez,4,57,16:18:36,14.113,Base Oficial Ergast Motor Racing Database / FIA Timing Sheets
2022,15,ricciardo,1,11,15:17:33,19.546,Base Oficial Ergast Motor Racing Database / FIA Timing Sheets
2022,15,ricciardo,2,27,15:38:47,19.567,Base Oficial Ergast Motor Racing Database / FIA Timing Sheets
2022,15,ricciardo,3,47,16:05:38,19.718,Base Oficial Ergast Motor Racing Database / FIA Timing Sheets
2022,15,ricciardo,4,55,16:16:52,20.295,Base Oficial Ergast Motor Racing Database / FIA Timing Sheets
2022,15,ricciardo,5,56,16:19:00,14.493,Base Oficial Ergast Motor Racing Database / FIA Timing Sheets
2022,15,russell,1,31,15:42:53,19.359,Base Oficial Ergast Motor Racing Database / FIA Timing Sheets
2022,15,russell,2,48,16:05:08,20.742,Base Oficial Ergast Motor Racing Database / FIA Timing Sheets
2022,15,russell,3,57,16:18:21,21.363,Base Oficial Ergast Motor Racing Database / FIA Timing Sheets
2022,15,sainz,1,14,15:21:02,29.705,Base Oficial Ergast Motor Racing Database / FIA Timing Sheets
2022,15,sainz,2,43,15:58:43,19.493,Base Oficial Ergast Motor Racing Database / FIA Timing Sheets
2022,15,sainz,3,57,16:18:46,21.164,Base Oficial Ergast Motor Racing Database / FIA Timing Sheets
2022,15,stroll,1,16,15:23:49,20.205,Base Oficial Ergast Motor Racing Database / FIA Timing Sheets
2022,15,stroll,2,38,15:52:27,20.214,Base Oficial Ergast Motor Racing Database / FIA Timing Sheets
2022,15,stroll,3,56,16:17:12,19.141,Base Oficial Ergast Motor Racing Database / FIA Timing Sheets
2022,15,stroll,4,57,16:19:11,14.118,Base Oficial Ergast Motor Racing Database / FIA Timing Sheets
2022,15,tsunoda,1,13,15:20:05,18.774,Base Oficial Ergast Motor Racing Database / FIA Timing Sheets
2022,15,tsunoda,2,42,15:57:54,19.293,Base Oficial Ergast Motor Racing Database / FIA Timing Sheets
2022,15,tsunoda,3,43,16:01:22,52.684,Base Oficial Ergast Motor Racing Database / FIA Timing Sheets
2022,15,vettel,1,9,15:14:56,22.391,Base Oficial Ergast Motor Racing Database / FIA Timing Sheets
2022,15,vettel,2,35,15:49:07,19.156,Base Oficial Ergast Motor Racing Database / FIA Timing Sheets
2022,15,vettel,3,48,16:07:10,18.709,Base Oficial Ergast Motor Racing Database / FIA Timing Sheets
2022,15,vettel,4,56,16:18:30,14.349,Base Oficial Ergast Motor Racing Database / FIA Timing Sheets
2022,15,zhou,1,12,15:18:49,19.548,Base Oficial Ergast Motor Racing Database / FIA Timing Sheets
2022,15,zhou,2,37,15:51:33,25.433,Base Oficial Ergast Motor Racing Database / FIA Timing Sheets
2022,15,zhou,3,55,16:16:34,20.188,Base Oficial Ergast Motor Racing Database / FIA Timing Sheets
2022,15,zhou,4,56,16:18:40,14.128,Base Oficial Ergast Motor Racing Database / FIA Timing Sheets
2022,16,bottas,1,35,15:55:18,24.758,Base Oficial Ergast Motor Racing Database / FIA Timing Sheets
2022,16,de_vries,1,19,15:31:43,24.628,Base Oficial Ergast Motor Racing Database / FIA Timing Sheets
2022,16,gasly,1,18,15:30:13,25.376,Base Oficial Ergast Motor Racing Database / FIA Timing Sheets
2022,16,hamilton,1,33,15:52:05,24.282,Base Oficial Ergast Motor Racing Database / FIA Timing Sheets
2022,16,kevin_magnussen,1,24,15:39:20,30.164,Base Oficial Ergast Motor Racing Database / FIA Timing Sheets
2022,16,kevin_magnussen,2,46,16:12:00,24.846,Base Oficial Ergast Motor Racing Database / FIA Timing Sheets
2022,16,latifi,1,15,15:26:02,26.782,Base Oficial Ergast Motor Racing Database / FIA Timing Sheets
2022,16,latifi,2,47,16:13:35,24.263,Base Oficial Ergast Motor Racing Database / FIA Timing Sheets
2022,16,leclerc,1,12,15:21:01,23.531,Base Oficial Ergast Motor Racing Database / FIA Timing Sheets
2022,16,leclerc,2,33,15:51:22,23.904,Base Oficial Ergast Motor Racing Database / FIA Timing Sheets
2022,16,leclerc,3,48,16:13:27,23.719,Base Oficial Ergast Motor Racing Database / FIA Timing Sheets
2022,16,max_verstappen,1,25,15:39:43,23.791,Base Oficial Ergast Motor Racing Database / FIA Timing Sheets
2022,16,max_verstappen,2,48,16:13:04,24.091,Base Oficial Ergast Motor Racing Database / FIA Timing Sheets
2022,16,mick_schumacher,1,33,15:52:21,24.817,Base Oficial Ergast Motor Racing Database / FIA Timing Sheets
2022,16,norris,1,35,15:54:54,26.714,Base Oficial Ergast Motor Racing Database / FIA Timing Sheets
2022,16,norris,2,47,16:12:41,24.784,Base Oficial Ergast Motor Racing Database / FIA Timing Sheets
2022,16,ocon,1,19,15:31:50,24.336,Base Oficial Ergast Motor Racing Database / FIA Timing Sheets
2022,16,perez,1,7,15:13:53,23.698,Base Oficial Ergast Motor Racing Database / FIA Timing Sheets
2022,16,perez,2,42,16:05:01,23.299,Base Oficial Ergast Motor Racing Database / FIA Timing Sheets
2022,16,ricciardo,1,19,15:31:40,25.164,Base Oficial Ergast Motor Racing Database / FIA Timing Sheets
2022,16,russell,1,23,15:37:02,25.075,Base Oficial Ergast Motor Racing Database / FIA Timing Sheets
2022,16,russell,2,47,16:11:50,24.114,Base Oficial Ergast Motor Racing Database / FIA Timing Sheets
2022,16,sainz,1,30,15:47:28,23.728,Base Oficial Ergast Motor Racing Database / FIA Timing Sheets
2022,16,sainz,2,47,16:12:01,24.525,Base Oficial Ergast Motor Racing Database / FIA Timing Sheets
2022,16,stroll,1,18,15:30:22,24.254,Base Oficial Ergast Motor Racing Database / FIA Timing Sheets
2022,16,tsunoda,1,19,15:31:51,24.009,Base Oficial Ergast Motor Racing Database / FIA Timing Sheets
2022,16,tsunoda,2,47,16:13:25,23.904,Base Oficial Ergast Motor Racing Database / FIA Timing Sheets
2022,16,zhou,1,18,15:30:16,25.366,Base Oficial Ergast Motor Racing Database / FIA Timing Sheets
2022,17,bottas,1,33,22:20:13,32.167,Base Oficial Ergast Motor Racing Database / FIA Timing Sheets
2022,17,gasly,1,33,22:19:45,29.867,Base Oficial Ergast Motor Racing Database / FIA Timing Sheets
2022,17,hamilton,1,34,22:21:36,41.019,Base Oficial Ergast Motor Racing Database / FIA Timing Sheets
2022,17,kevin_magnussen,1,7,21:23:45,39.247,Base Oficial Ergast Motor Racing Database / FIA Timing Sheets
2022,17,kevin_magnussen,2,33,22:20:17,32.603,Base Oficial Ergast Motor Racing Database / FIA Timing Sheets
2022,17,leclerc,1,34,22:20:56,32.058,Base Oficial Ergast Motor Racing Database / FIA Timing Sheets
2022,17,max_verstappen,1,35,22:23:33,29.407,Base Oficial Ergast Motor Racing Database / FIA Timing Sheets
2022,17,max_verstappen,2,40,22:36:35,29.775,Base Oficial Ergast Motor Racing Database / FIA Timing Sheets
2022,17,mick_schumacher,1,34,22:22:03,31.201,Base Oficial Ergast Motor Racing Database / FIA Timing Sheets
2022,17,mick_schumacher,2,41,22:39:34,34.722,Base Oficial Ergast Motor Racing Database / FIA Timing Sheets
2022,17,norris,1,36,22:25:51,30.528,Base Oficial Ergast Motor Racing Database / FIA Timing Sheets
2022,17,perez,1,35,22:22:51,29.55,Base Oficial Ergast Motor Racing Database / FIA Timing Sheets
2022,17,ricciardo,1,36,22:26:23,30.946,Base Oficial Ergast Motor Racing Database / FIA Timing Sheets
2022,17,russell,1,21,21:54:16,30.378,Base Oficial Ergast Motor Racing Database / FIA Timing Sheets
2022,17,russell,2,35,22:25:08,29.713,Base Oficial Ergast Motor Racing Database / FIA Timing Sheets
2022,17,russell,3,41,22:39:46,33.211,Base Oficial Ergast Motor Racing Database / FIA Timing Sheets
2022,17,russell,4,51,22:59:32,29.893,Base Oficial Ergast Motor Racing Database / FIA Timing Sheets
2022,17,sainz,1,35,22:23:17,30.603,Base Oficial Ergast Motor Racing Database / FIA Timing Sheets
2022,17,stroll,1,35,22:23:50,29.863,Base Oficial Ergast Motor Racing Database / FIA Timing Sheets
2022,17,tsunoda,1,33,22:20:11,31.293,Base Oficial Ergast Motor Racing Database / FIA Timing Sheets
2022,17,vettel,1,34,22:21:44,29.704,Base Oficial Ergast Motor Racing Database / FIA Timing Sheets
2022,18,alonso,1,2,14:08:52,,Base Oficial Ergast Motor Racing Database / FIA Timing Sheets
2022,18,alonso,2,8,16:29:28,24.106,Base Oficial Ergast Motor Racing Database / FIA Timing Sheets
2022,18,alonso,3,22,16:55:11,24.123,Base Oficial Ergast Motor Racing Database / FIA Timing Sheets
2022,18,bottas,1,2,14:09:11,,Base Oficial Ergast Motor Racing Database / FIA Timing Sheets
2022,18,bottas,2,6,16:25:56,24.869,Base Oficial Ergast Motor Racing Database / FIA Timing Sheets
2022,18,gasly,1,1,14:06:24,41.319,Base Oficial Ergast Motor Racing Database / FIA Timing Sheets
2022,18,gasly,2,2,14:09:22,,Base Oficial Ergast Motor Racing Database / FIA Timing Sheets
2022,18,gasly,3,7,16:27:52,24.966,Base Oficial Ergast Motor Racing Database / FIA Timing Sheets
2022,18,gasly,4,19,16:50:13,23.966,Base Oficial Ergast Motor Racing Database / FIA Timing Sheets
2022,18,hamilton,1,2,14:08:49,,Base Oficial Ergast Motor Racing Database / FIA Timing Sheets
2022,18,hamilton,2,7,16:27:36,25.059,Base Oficial Ergast Motor Racing Database / FIA Timing Sheets
2022,18,kevin_magnussen,1,2,14:09:08,,Base Oficial Ergast Motor Racing Database / FIA Timing Sheets
2022,18,kevin_magnussen,2,7,16:27:47,25.594,Base Oficial Ergast Motor Racing Database / FIA Timing Sheets
2022,18,latifi,1,2,14:09:14,,Base Oficial Ergast Motor Racing Database / FIA Timing Sheets
2022,18,latifi,2,5,16:23:57,24.785,Base Oficial Ergast Motor Racing Database / FIA Timing Sheets
2022,18,leclerc,1,2,14:08:41,,Base Oficial Ergast Motor Racing Database / FIA Timing Sheets
2022,18,leclerc,2,7,16:27:27,25.899,Base Oficial Ergast Motor Racing Database / FIA Timing Sheets
2022,18,max_verstappen,1,2,14:08:39,,Base Oficial Ergast Motor Racing Database / FIA Timing Sheets
2022,18,max_verstappen,2,7,16:27:26,24.308,Base Oficial Ergast Motor Racing Database / FIA Timing Sheets
2022,18,mick_schumacher,1,2,14:09:04,,Base Oficial Ergast Motor Racing Database / FIA Timing Sheets
2022,18,mick_schumacher,2,11,16:35:25,24.608,Base Oficial Ergast Motor Racing Database / FIA Timing Sheets
2022,18,norris,1,2,14:09:10,,Base Oficial Ergast Motor Racing Database / FIA Timing Sheets
2022,18,norris,2,6,16:25:53,24.595,Base Oficial Ergast Motor Racing Database / FIA Timing Sheets
2022,18,ocon,1,2,14:08:46,,Base Oficial Ergast Motor Racing Database / FIA Timing Sheets
2022,18,ocon,2,7,16:27:34,25.172,Base Oficial Ergast Motor Racing Database / FIA Timing Sheets
2022,18,perez,1,2,14:08:44,,Base Oficial Ergast Motor Racing Database / FIA Timing Sheets
2022,18,perez,2,7,16:27:32,25.322,Base Oficial Ergast Motor Racing Database / FIA Timing Sheets
2022,18,ricciardo,1,2,14:08:57,,Base Oficial Ergast Motor Racing Database / FIA Timing Sheets
2022,18,ricciardo,2,8,16:29:36,25.377,Base Oficial Ergast Motor Racing Database / FIA Timing Sheets
2022,18,russell,1,2,14:08:54,,Base Oficial Ergast Motor Racing Database / FIA Timing Sheets
2022,18,russell,2,7,16:27:40,28.728,Base Oficial Ergast Motor Racing Database / FIA Timing Sheets
2022,18,stroll,1,2,14:09:07,,Base Oficial Ergast Motor Racing Database / FIA Timing Sheets
2022,18,stroll,2,7,16:27:48,24.005,Base Oficial Ergast Motor Racing Database / FIA Timing Sheets
2022,18,stroll,3,19,16:50:04,23.87,Base Oficial Ergast Motor Racing Database / FIA Timing Sheets
2022,18,tsunoda,1,2,14:09:00,,Base Oficial Ergast Motor Racing Database / FIA Timing Sheets
2022,18,tsunoda,2,7,16:27:44,24.439,Base Oficial Ergast Motor Racing Database / FIA Timing Sheets
2022,18,tsunoda,3,20,16:51:53,23.756,Base Oficial Ergast Motor Racing Database / FIA Timing Sheets
2022,18,vettel,1,2,14:09:17,,Base Oficial Ergast Motor Racing Database / FIA Timing Sheets
2022,18,vettel,2,5,16:23:58,24.218,Base Oficial Ergast Motor Racing Database / FIA Timing Sheets
2022,18,zhou,1,2,14:09:20,,Base Oficial Ergast Motor Racing Database / FIA Timing Sheets
2022,18,zhou,2,9,16:31:37,24.563,Base Oficial Ergast Motor Racing Database / FIA Timing Sheets
2022,18,zhou,3,18,16:48:24,24.266,Base Oficial Ergast Motor Racing Database / FIA Timing Sheets
2022,19,albon,1,9,14:19:29,24.624,Base Oficial Ergast Motor Racing Database / FIA Timing Sheets
2022,19,albon,2,18,14:35:50,24.311,Base Oficial Ergast Motor Racing Database / FIA Timing Sheets
2022,19,alonso,1,18,14:35:26,23.87,Base Oficial Ergast Motor Racing Database / FIA Timing Sheets
2022,19,alonso,2,22,14:45:23,39.707,Base Oficial Ergast Motor Racing Database / FIA Timing Sheets
2022,19,bottas,1,10,14:21:08,25.013,Base Oficial Ergast Motor Racing Database / FIA Timing Sheets
2022,19,gasly,1,11,14:22:51,23.67,Base Oficial Ergast Motor Racing Database / FIA Timing Sheets
2022,19,gasly,2,32,15:05:32,28.918,Base Oficial Ergast Motor Racing Database / FIA Timing Sheets
2022,19,hamilton,1,12,14:24:13,24.362,Base Oficial Ergast Motor Racing Database / FIA Timing Sheets
2022,19,hamilton,2,34,15:08:39,24.135,Base Oficial Ergast Motor Racing Database / FIA Timing Sheets
2022,19,kevin_magnussen,1,18,14:35:42,29.039,Base Oficial Ergast Motor Racing Database / FIA Timing Sheets
2022,19,latifi,1,5,14:12:42,25.321,Base Oficial Ergast Motor Racing Database / FIA Timing Sheets
2022,19,latifi,2,18,14:36:12,24.195,Base Oficial Ergast Motor Racing Database / FIA Timing Sheets
2022,19,leclerc,1,18,14:34:58,24.314,Base Oficial Ergast Motor Racing Database / FIA Timing Sheets
2022,19,leclerc,2,35,15:10:26,23.755,Base Oficial Ergast Motor Racing Database / FIA Timing Sheets
2022,19,max_verstappen,1,13,14:25:50,23.866,Base Oficial Ergast Motor Racing Database / FIA Timing Sheets
2022,19,max_verstappen,2,35,15:10:18,32.254,Base Oficial Ergast Motor Racing Database / FIA Timing Sheets
2022,19,mick_schumacher,1,18,14:35:37,25.209,Base Oficial Ergast Motor Racing Database / FIA Timing Sheets
2022,19,mick_schumacher,2,33,15:07:18,24.651,Base Oficial Ergast Motor Racing Database / FIA Timing Sheets
2022,19,norris,1,14,14:28:05,24.026,Base Oficial Ergast Motor Racing Database / FIA Timing Sheets
2022,19,norris,2,34,15:08:59,23.702,Base Oficial Ergast Motor Racing Database / FIA Timing Sheets
2022,19,ocon,1,18,14:35:37,24.816,Base Oficial Ergast Motor Racing Database / FIA Timing Sheets
2022,19,ocon,2,45,15:28:05,24.711,Base Oficial Ergast Motor Racing Database / FIA Timing Sheets
2022,19,perez,1,14,14:27:47,23.403,Base Oficial Ergast Motor Racing Database / FIA Timing Sheets
2022,19,perez,2,38,15:15:33,24.801,Base Oficial Ergast Motor Racing Database / FIA Timing Sheets
2022,19,ricciardo,1,10,14:21:17,26.206,Base Oficial Ergast Motor Racing Database / FIA Timing Sheets
2022,19,ricciardo,2,35,15:10:56,24.436,Base Oficial Ergast Motor Racing Database / FIA Timing Sheets
2022,19,russell,1,13,14:26:03,30.038,Base Oficial Ergast Motor Racing Database / FIA Timing Sheets
2022,19,russell,2,36,15:12:10,24.509,Base Oficial Ergast Motor Racing Database / FIA Timing Sheets
2022,19,russell,3,54,15:42:52,23.947,Base Oficial Ergast Motor Racing Database / FIA Timing Sheets
2022,19,stroll,1,15,14:29:39,25.417,Base Oficial Ergast Motor Racing Database / FIA Timing Sheets
2022,19,tsunoda,1,10,14:21:14,23.688,Base Oficial Ergast Motor Racing Database / FIA Timing Sheets
2022,19,tsunoda,2,33,15:07:16,23.241,Base Oficial Ergast Motor Racing Database / FIA Timing Sheets
2022,19,vettel,1,18,14:35:06,24.307,Base Oficial Ergast Motor Racing Database / FIA Timing Sheets
2022,19,vettel,2,41,15:20:46,38.157,Base Oficial Ergast Motor Racing Database / FIA Timing Sheets
2022,19,zhou,1,9,14:19:31,27.326,Base Oficial Ergast Motor Racing Database / FIA Timing Sheets
2022,19,zhou,2,23,14:48:10,25.015,Base Oficial Ergast Motor Racing Database / FIA Timing Sheets
2022,20,albon,1,38,14:57:16,23.182,Base Oficial Ergast Motor Racing Database / FIA Timing Sheets
2022,20,alonso,1,40,14:59:30,23.159,Base Oficial Ergast Motor Racing Database / FIA Timing Sheets
2022,20,bottas,1,39,14:58:09,23.863,Base Oficial Ergast Motor Racing Database / FIA Timing Sheets
2022,20,gasly,1,40,15:00:02,29.168,Base Oficial Ergast Motor Racing Database / FIA Timing Sheets
2022,20,hamilton,1,29,14:43:26,23.194,Base Oficial Ergast Motor Racing Database / FIA Timing Sheets
2022,20,kevin_magnussen,1,38,14:57:34,23.722,Base Oficial Ergast Motor Racing Database / FIA Timing Sheets
2022,20,latifi,1,23,14:36:14,23.826,Base Oficial Ergast Motor Racing Database / FIA Timing Sheets
2022,20,latifi,2,52,15:17:55,24.039,Base Oficial Ergast Motor Racing Database / FIA Timing Sheets
2022,20,leclerc,1,28,14:42:33,22.193,Base Oficial Ergast Motor Racing Database / FIA Timing Sheets
2022,20,max_verstappen,1,25,14:37:51,22.487,Base Oficial Ergast Motor Racing Database / FIA Timing Sheets
2022,20,mick_schumacher,1,24,14:37:37,23.679,Base Oficial Ergast Motor Racing Database / FIA Timing Sheets
2022,20,norris,1,31,14:47:02,22.585,Base Oficial Ergast Motor Racing Database / FIA Timing Sheets
2022,20,ocon,1,33,14:49:47,22.343,Base Oficial Ergast Motor Racing Database / FIA Timing Sheets
2022,20,perez,1,23,14:35:10,24.892,Base Oficial Ergast Motor Racing Database / FIA Timing Sheets
2022,20,ricciardo,1,44,15:05:25,22.28,Base Oficial Ergast Motor Racing Database / FIA Timing Sheets
2022,20,russell,1,34,14:50:27,22.795,Base Oficial Ergast Motor Racing Database / FIA Timing Sheets
2022,20,russell,2,69,15:39:22,23.118,Base Oficial Ergast Motor Racing Database / FIA Timing Sheets
2022,20,sainz,1,29,14:43:52,23.469,Base Oficial Ergast Motor Racing Database / FIA Timing Sheets
2022,20,stroll,1,17,14:27:31,23.509,Base Oficial Ergast Motor Racing Database / FIA Timing Sheets
2022,20,stroll,2,40,15:00:20,23.119,Base Oficial Ergast Motor Racing Database / FIA Timing Sheets
2022,20,tsunoda,1,29,14:44:16,22.468,Base Oficial Ergast Motor Racing Database / FIA Timing Sheets
2022,20,vettel,1,38,14:57:10,22.534,Base Oficial Ergast Motor Racing Database / FIA Timing Sheets
2022,20,zhou,1,45,15:07:02,24.218,Base Oficial Ergast Motor Racing Database / FIA Timing Sheets
2022,21,albon,1,4,15:10:31,24.361,Base Oficial Ergast Motor Racing Database / FIA Timing Sheets
2022,21,albon,2,25,15:39:08,23.352,Base Oficial Ergast Motor Racing Database / FIA Timing Sheets
2022,21,albon,3,47,16:07:54,23.322,Base Oficial Ergast Motor Racing Database / FIA Timing Sheets
2022,21,alonso,1,14,15:24:40,23.478,Base Oficial Ergast Motor Racing Database / FIA Timing Sheets
2022,21,alonso,2,35,15:51:56,28.855,Base Oficial Ergast Motor Racing Database / FIA Timing Sheets
2022,21,alonso,3,52,16:13:58,23.79,Base Oficial Ergast Motor Racing Database / FIA Timing Sheets
2022,21,bottas,1,24,15:37:32,23.908,Base Oficial Ergast Motor Racing Database / FIA Timing Sheets
2022,21,bottas,2,45,16:04:45,24.616,Base Oficial Ergast Motor Racing Database / FIA Timing Sheets
2022,21,gasly,1,19,15:31:04,23.46,Base Oficial Ergast Motor Racing Database / FIA Timing Sheets
2022,21,gasly,2,35,15:52:05,23.328,Base Oficial Ergast Motor Racing Database / FIA Timing Sheets
2022,21,gasly,3,52,16:14:19,23.009,Base Oficial Ergast Motor Racing Database / FIA Timing Sheets
2022,21,hamilton,1,29,15:43:41,24.081,Base Oficial Ergast Motor Racing Database / FIA Timing Sheets
2022,21,hamilton,2,48,16:08:02,23.415,Base Oficial Ergast Motor Racing Database / FIA Timing Sheets
2022,21,latifi,1,20,15:32:40,28.807,Base Oficial Ergast Motor Racing Database / FIA Timing Sheets
2022,21,latifi,2,32,15:48:45,24.292,Base Oficial Ergast Motor Racing Database / FIA Timing Sheets
2022,21,latifi,3,52,16:15:23,23.64,Base Oficial Ergast Motor Racing Database / FIA Timing Sheets
2022,21,leclerc,1,7,15:15:42,30.08,Base Oficial Ergast Motor Racing Database / FIA Timing Sheets
2022,21,leclerc,2,21,15:34:01,23.172,Base Oficial Ergast Motor Racing Database / FIA Timing Sheets
2022,21,leclerc,3,44,16:03:38,23.124,Base Oficial Ergast Motor Racing Database / FIA Timing Sheets
2022,21,max_verstappen,1,7,15:15:34,30.942,Base Oficial Ergast Motor Racing Database / FIA Timing Sheets
2022,21,max_verstappen,2,23,15:36:31,31.682,Base Oficial Ergast Motor Racing Database / FIA Timing Sheets
2022,21,max_verstappen,3,48,16:08:48,24.102,Base Oficial Ergast Motor Racing Database / FIA Timing Sheets
2022,21,mick_schumacher,1,24,15:37:40,24.487,Base Oficial Ergast Motor Racing Database / FIA Timing Sheets
2022,21,mick_schumacher,2,46,16:06:22,25.156,Base Oficial Ergast Motor Racing Database / FIA Timing Sheets
2022,21,norris,1,24,15:37:31,29.338,Base Oficial Ergast Motor Racing Database / FIA Timing Sheets
2022,21,norris,2,45,16:04:59,24.669,Base Oficial Ergast Motor Racing Database / FIA Timing Sheets
2022,21,ocon,1,24,15:37:35,23.868,Base Oficial Ergast Motor Racing Database / FIA Timing Sheets
2022,21,ocon,2,47,16:07:25,24.445,Base Oficial Ergast Motor Racing Database / FIA Timing Sheets
2022,21,perez,1,23,15:35:54,22.869,Base Oficial Ergast Motor Racing Database / FIA Timing Sheets
2022,21,perez,2,47,16:06:49,23.152,Base Oficial Ergast Motor Racing Database / FIA Timing Sheets
2022,21,russell,1,24,15:37:06,23.521,Base Oficial Ergast Motor Racing Database / FIA Timing Sheets
2022,21,russell,2,49,16:09:08,23.48,Base Oficial Ergast Motor Racing Database / FIA Timing Sheets
2022,21,sainz,1,17,15:28:17,25.206,Base Oficial Ergast Motor Racing Database / FIA Timing Sheets
2022,21,sainz,2,36,15:52:50,23.483,Base Oficial Ergast Motor Racing Database / FIA Timing Sheets
2022,21,sainz,3,53,16:14:50,23.816,Base Oficial Ergast Motor Racing Database / FIA Timing Sheets
2022,21,stroll,1,29,15:44:14,23.469,Base Oficial Ergast Motor Racing Database / FIA Timing Sheets
2022,21,stroll,2,48,16:08:59,23.764,Base Oficial Ergast Motor Racing Database / FIA Timing Sheets
2022,21,tsunoda,1,20,15:32:36,23.287,Base Oficial Ergast Motor Racing Database / FIA Timing Sheets
2022,21,tsunoda,2,40,15:58:47,23.645,Base Oficial Ergast Motor Racing Database / FIA Timing Sheets
2022,21,tsunoda,3,54,16:18:28,23.635,Base Oficial Ergast Motor Racing Database / FIA Timing Sheets
2022,21,vettel,1,26,15:40:04,24.248,Base Oficial Ergast Motor Racing Database / FIA Timing Sheets
2022,21,vettel,2,45,16:04:49,24.028,Base Oficial Ergast Motor Racing Database / FIA Timing Sheets
2022,21,zhou,1,16,15:27:16,24.332,Base Oficial Ergast Motor Racing Database / FIA Timing Sheets
2022,21,zhou,2,37,15:54:45,25.111,Base Oficial Ergast Motor Racing Database / FIA Timing Sheets
2022,22,albon,1,12,17:21:53,21.793,Base Oficial Ergast Motor Racing Database / FIA Timing Sheets
2022,22,albon,2,35,17:57:22,21.798,Base Oficial Ergast Motor Racing Database / FIA Timing Sheets
2022,22,alonso,1,19,17:32:33,21.74,Base Oficial Ergast Motor Racing Database / FIA Timing Sheets
2022,22,bottas,1,30,17:49:54,22.573,Base Oficial Ergast Motor Racing Database / FIA Timing Sheets
2022,22,gasly,1,14,17:25:03,21.855,Base Oficial Ergast Motor Racing Database / FIA Timing Sheets
2022,22,hamilton,1,18,17:30:48,21.27,Base Oficial Ergast Motor Racing Database / FIA Timing Sheets
2022,22,kevin_magnussen,1,28,17:46:53,22.387,Base Oficial Ergast Motor Racing Database / FIA Timing Sheets
2022,22,latifi,1,15,17:26:44,22.423,Base Oficial Ergast Motor Racing Database / FIA Timing Sheets
2022,22,latifi,2,38,18:02:50,25.174,Base Oficial Ergast Motor Racing Database / FIA Timing Sheets
2022,22,leclerc,1,21,17:35:10,22.21,Base Oficial Ergast Motor Racing Database / FIA Timing Sheets
2022,22,max_verstappen,1,20,17:33:31,22.735,Base Oficial Ergast Motor Racing Database / FIA Timing Sheets
2022,22,mick_schumacher,1,14,17:24:59,22.276,Base Oficial Ergast Motor Racing Database / FIA Timing Sheets
2022,22,mick_schumacher,2,34,17:55:56,23.53,Base Oficial Ergast Motor Racing Database / FIA Timing Sheets
2022,22,norris,1,15,17:26:16,22.234,Base Oficial Ergast Motor Racing Database / FIA Timing Sheets
2022,22,norris,2,42,18:07:36,21.559,Base Oficial Ergast Motor Racing Database / FIA Timing Sheets
2022,22,ocon,1,14,17:24:48,21.895,Base Oficial Ergast Motor Racing Database / FIA Timing Sheets
2022,22,ocon,2,41,18:06:09,21.734,Base Oficial Ergast Motor Racing Database / FIA Timing Sheets
2022,22,perez,1,15,17:26:00,21.36,Base Oficial Ergast Motor Racing Database / FIA Timing Sheets
2022,22,perez,2,33,17:53:33,21.367,Base Oficial Ergast Motor Racing Database / FIA Timing Sheets
2022,22,ricciardo,1,19,17:32:38,21.893,Base Oficial Ergast Motor Racing Database / FIA Timing Sheets
2022,22,russell,1,15,17:26:08,24.243,Base Oficial Ergast Motor Racing Database / FIA Timing Sheets
2022,22,russell,2,39,18:02:44,27.931,Base Oficial Ergast Motor Racing Database / FIA Timing Sheets
2022,22,sainz,1,17,17:29:08,21.93,Base Oficial Ergast Motor Racing Database / FIA Timing Sheets
2022,22,sainz,2,39,18:02:41,21.575,Base Oficial Ergast Motor Racing Database / FIA Timing Sheets
2022,22,stroll,1,13,17:23:19,21.814,Base Oficial Ergast Motor Racing Database / FIA Timing Sheets
2022,22,stroll,2,40,18:04:44,21.802,Base Oficial Ergast Motor Racing Database / FIA Timing Sheets
2022,22,tsunoda,1,14,17:24:50,21.591,Base Oficial Ergast Motor Racing Database / FIA Timing Sheets
2022,22,tsunoda,2,38,18:01:49,22.262,Base Oficial Ergast Motor Racing Database / FIA Timing Sheets
2022,22,vettel,1,25,17:41:51,23.186,Base Oficial Ergast Motor Racing Database / FIA Timing Sheets
2022,22,zhou,1,15,17:26:28,22.435,Base Oficial Ergast Motor Racing Database / FIA Timing Sheets
2022,22,zhou,2,44,18:11:10,23.159,Base Oficial Ergast Motor Racing Database / FIA Timing Sheets
2023,1,albon,1,11,18:22:12,25.054,Base Oficial Ergast Motor Racing Database / FIA Timing Sheets
2023,1,albon,2,26,18:47:25,24.92,Base Oficial Ergast Motor Racing Database / FIA Timing Sheets
2023,1,albon,3,40,19:10:51,24.458,Base Oficial Ergast Motor Racing Database / FIA Timing Sheets
2023,1,alonso,1,14,18:27:02,25.8,Base Oficial Ergast Motor Racing Database / FIA Timing Sheets
2023,1,alonso,2,34,19:00:09,24.869,Base Oficial Ergast Motor Racing Database / FIA Timing Sheets
2023,1,bottas,1,11,18:22:06,25.399,Base Oficial Ergast Motor Racing Database / FIA Timing Sheets
2023,1,bottas,2,29,18:52:16,25.643,Base Oficial Ergast Motor Racing Database / FIA Timing Sheets
2023,1,de_vries,1,11,18:22:21,25.018,Base Oficial Ergast Motor Racing Database / FIA Timing Sheets
2023,1,de_vries,2,27,18:49:16,25.234,Base Oficial Ergast Motor Racing Database / FIA Timing Sheets
2023,1,gasly,1,9,18:18:56,25.885,Base Oficial Ergast Motor Racing Database / FIA Timing Sheets
2023,1,gasly,2,25,18:45:48,24.879,Base Oficial Ergast Motor Racing Database / FIA Timing Sheets
2023,1,gasly,3,40,19:10:52,24.736,Base Oficial Ergast Motor Racing Database / FIA Timing Sheets
2023,1,hamilton,1,12,18:23:40,24.682,Base Oficial Ergast Motor Racing Database / FIA Timing Sheets
2023,1,hamilton,2,30,18:53:36,24.69,Base Oficial Ergast Motor Racing Database / FIA Timing Sheets
2023,1,hulkenberg,1,11,18:22:21,26.075,Base Oficial Ergast Motor Racing Database / FIA Timing Sheets
2023,1,hulkenberg,2,26,18:47:41,37.769,Base Oficial Ergast Motor Racing Database / FIA Timing Sheets
2023,1,hulkenberg,3,40,19:11:26,27.08,Base Oficial Ergast Motor Racing Database / FIA Timing Sheets
2023,1,kevin_magnussen,1,15,18:29:10,25.439,Base Oficial Ergast Motor Racing Database / FIA Timing Sheets
2023,1,kevin_magnussen,2,29,18:52:40,25.344,Base Oficial Ergast Motor Racing Database / FIA Timing Sheets
2023,1,kevin_magnussen,3,40,19:11:20,25.125,Base Oficial Ergast Motor Racing Database / FIA Timing Sheets
2023,1,leclerc,1,13,18:25:06,24.345,Base Oficial Ergast Motor Racing Database / FIA Timing Sheets
2023,1,leclerc,2,33,18:58:16,24.644,Base Oficial Ergast Motor Racing Database / FIA Timing Sheets
2023,1,max_verstappen,1,14,18:26:35,24.289,Base Oficial Ergast Motor Racing Database / FIA Timing Sheets
2023,1,max_verstappen,2,36,19:02:47,24.91,Base Oficial Ergast Motor Racing Database / FIA Timing Sheets
2023,1,norris,1,10,18:20:31,32.766,Base Oficial Ergast Motor Racing Database / FIA Timing Sheets
2023,1,norris,2,17,18:32:38,33.661,Base Oficial Ergast Motor Racing Database / FIA Timing Sheets
2023,1,norris,3,27,18:49:35,33.467,Base Oficial Ergast Motor Racing Database / FIA Timing Sheets
2023,1,norris,4,37,19:06:27,33.236,Base Oficial Ergast Motor Racing Database / FIA Timing Sheets
2023,1,norris,5,47,19:23:45,30.71,Base Oficial Ergast Motor Racing Database / FIA Timing Sheets
2023,1,norris,6,54,19:35:35,31.494,Base Oficial Ergast Motor Racing Database / FIA Timing Sheets
2023,1,ocon,1,12,18:23:50,24.966,Base Oficial Ergast Motor Racing Database / FIA Timing Sheets
2023,1,ocon,2,15,18:29:11,41.462,Base Oficial Ergast Motor Racing Database / FIA Timing Sheets
2023,1,ocon,3,32,18:58:03,44.518,Base Oficial Ergast Motor Racing Database / FIA Timing Sheets
2023,1,perez,1,17,18:31:42,24.264,Base Oficial Ergast Motor Racing Database / FIA Timing Sheets
2023,1,perez,2,34,18:59:45,25.091,Base Oficial Ergast Motor Racing Database / FIA Timing Sheets
2023,1,russell,1,13,18:25:24,27.062,Base Oficial Ergast Motor Racing Database / FIA Timing Sheets
2023,1,russell,2,31,18:55:21,24.406,Base Oficial Ergast Motor Racing Database / FIA Timing Sheets
2023,1,sainz,1,13,18:25:17,24.5,Base Oficial Ergast Motor Racing Database / FIA Timing Sheets
2023,1,sainz,2,31,18:55:11,24.227,Base Oficial Ergast Motor Racing Database / FIA Timing Sheets
2023,1,sargeant,1,12,18:23:55,25.6,Base Oficial Ergast Motor Racing Database / FIA Timing Sheets
2023,1,sargeant,2,30,18:54:09,25.67,Base Oficial Ergast Motor Racing Database / FIA Timing Sheets
2023,1,sargeant,3,40,19:11:05,25.047,Base Oficial Ergast Motor Racing Database / FIA Timing Sheets
2023,1,stroll,1,15,18:28:45,25.449,Base Oficial Ergast Motor Racing Database / FIA Timing Sheets
2023,1,stroll,2,30,18:53:45,24.639,Base Oficial Ergast Motor Racing Database / FIA Timing Sheets
2023,1,tsunoda,1,10,18:20:34,25.267,Base Oficial Ergast Motor Racing Database / FIA Timing Sheets
2023,1,tsunoda,2,26,18:47:26,24.372,Base Oficial Ergast Motor Racing Database / FIA Timing Sheets
2023,1,tsunoda,3,40,19:10:53,25.818,Base Oficial Ergast Motor Racing Database / FIA Timing Sheets
2023,1,zhou,1,12,18:24:01,25.787,Base Oficial Ergast Motor Racing Database / FIA Timing Sheets
2023,1,zhou,2,32,18:57:31,25.282,Base Oficial Ergast Motor Racing Database / FIA Timing Sheets
2023,1,zhou,3,54,19:34:31,30.167,Base Oficial Ergast Motor Racing Database / FIA Timing Sheets
2023,2,albon,1,17,20:31:32,21.397,Base Oficial Ergast Motor Racing Database / FIA Timing Sheets
2023,2,alonso,1,18,20:32:54,26.879,Base Oficial Ergast Motor Racing Database / FIA Timing Sheets
2023,2,bottas,1,9,20:18:38,21.505,Base Oficial Ergast Motor Racing Database / FIA Timing Sheets
2023,2,bottas,2,17,20:32:08,22.191,Base Oficial Ergast Motor Racing Database / FIA Timing Sheets
2023,2,bottas,3,35,21:02:57,21.808,Base Oficial Ergast Motor Racing Database / FIA Timing Sheets
2023,2,de_vries,1,17,20:31:39,21.116,Base Oficial Ergast Motor Racing Database / FIA Timing Sheets
2023,2,gasly,1,14,20:26:26,20.719,Base Oficial Ergast Motor Racing Database / FIA Timing Sheets
2023,2,hamilton,1,18,20:33:24,21.102,Base Oficial Ergast Motor Racing Database / FIA Timing Sheets
2023,2,hulkenberg,1,11,20:21:43,21.567,Base Oficial Ergast Motor Racing Database / FIA Timing Sheets
2023,2,kevin_magnussen,1,8,20:16:55,20.87,Base Oficial Ergast Motor Racing Database / FIA Timing Sheets
2023,2,leclerc,1,16,20:29:29,20.026,Base Oficial Ergast Motor Racing Database / FIA Timing Sheets
2023,2,max_verstappen,1,18,20:33:15,20.824,Base Oficial Ergast Motor Racing Database / FIA Timing Sheets
2023,2,norris,1,2,20:07:18,29.444,Base Oficial Ergast Motor Racing Database / FIA Timing Sheets
2023,2,norris,2,19,20:36:25,21.352,Base Oficial Ergast Motor Racing Database / FIA Timing Sheets
2023,2,ocon,1,16,20:29:34,20.762,Base Oficial Ergast Motor Racing Database / FIA Timing Sheets
2023,2,perez,1,18,20:32:46,20.715,Base Oficial Ergast Motor Racing Database / FIA Timing Sheets
2023,2,piastri,1,1,20:05:36,31.534,Base Oficial Ergast Motor Racing Database / FIA Timing Sheets
2023,2,russell,1,18,20:33:05,20.828,Base Oficial Ergast Motor Racing Database / FIA Timing Sheets
2023,2,sainz,1,15,20:27:49,20.76,Base Oficial Ergast Motor Racing Database / FIA Timing Sheets
2023,2,sargeant,1,18,20:33:55,21.064,Base Oficial Ergast Motor Racing Database / FIA Timing Sheets
2023,2,stroll,1,13,20:24:39,21.15,Base Oficial Ergast Motor Racing Database / FIA Timing Sheets
2023,2,tsunoda,1,17,20:31:24,21.414,Base Oficial Ergast Motor Racing Database / FIA Timing Sheets
2023,2,zhou,1,11,20:21:41,21.703,Base Oficial Ergast Motor Racing Database / FIA Timing Sheets
2023,2,zhou,2,18,20:34:06,21.282,Base Oficial Ergast Motor Racing Database / FIA Timing Sheets
2023,3,alonso,1,8,15:17:48,,Base Oficial Ergast Motor Racing Database / FIA Timing Sheets
2023,3,alonso,2,55,16:41:42,,Base Oficial Ergast Motor Racing Database / FIA Timing Sheets
2023,3,alonso,3,57,17:02:27,,Base Oficial Ergast Motor Racing Database / FIA Timing Sheets
2023,3,bottas,1,1,15:05:16,21.659,Base Oficial Ergast Motor Racing Database / FIA Timing Sheets
2023,3,bottas,2,8,15:18:21,,Base Oficial Ergast Motor Racing Database / FIA Timing Sheets
2023,3,bottas,3,53,16:39:03,19.825,Base Oficial Ergast Motor Racing Database / FIA Timing Sheets
2023,3,bottas,4,54,16:41:44,,Base Oficial Ergast Motor Racing Database / FIA Timing Sheets
2023,3,bottas,5,55,16:55:40,,Base Oficial Ergast Motor Racing Database / FIA Timing Sheets
2023,3,bottas,6,57,17:02:23,,Base Oficial Ergast Motor Racing Database / FIA Timing Sheets
2023,3,de_vries,1,8,15:18:11,,Base Oficial Ergast Motor Racing Database / FIA Timing Sheets
2023,3,de_vries,2,45,16:28:14,18.08,Base Oficial Ergast Motor Racing Database / FIA Timing Sheets
2023,3,de_vries,3,54,16:42:01,,Base Oficial Ergast Motor Racing Database / FIA Timing Sheets
2023,3,de_vries,4,55,16:55:47,,Base Oficial Ergast Motor Racing Database / FIA Timing Sheets
2023,3,gasly,1,8,15:17:53,,Base Oficial Ergast Motor Racing Database / FIA Timing Sheets
2023,3,gasly,2,55,16:41:47,,Base Oficial Ergast Motor Racing Database / FIA Timing Sheets
2023,3,hamilton,1,8,15:17:43,,Base Oficial Ergast Motor Racing Database / FIA Timing Sheets
2023,3,hamilton,2,55,16:41:40,,Base Oficial Ergast Motor Racing Database / FIA Timing Sheets
2023,3,hamilton,3,57,17:02:11,,Base Oficial Ergast Motor Racing Database / FIA Timing Sheets
2023,3,hulkenberg,1,8,15:17:55,,Base Oficial Ergast Motor Racing Database / FIA Timing Sheets
2023,3,hulkenberg,2,55,16:41:58,,Base Oficial Ergast Motor Racing Database / FIA Timing Sheets
2023,3,hulkenberg,3,57,17:02:14,,Base Oficial Ergast Motor Racing Database / FIA Timing Sheets
2023,3,kevin_magnussen,1,7,15:15:21,20.789,Base Oficial Ergast Motor Racing Database / FIA Timing Sheets
2023,3,kevin_magnussen,2,8,15:18:27,,Base Oficial Ergast Motor Racing Database / FIA Timing Sheets
2023,3,max_verstappen,1,8,15:17:45,,Base Oficial Ergast Motor Racing Database / FIA Timing Sheets
2023,3,max_verstappen,2,55,16:41:38,,Base Oficial Ergast Motor Racing Database / FIA Timing Sheets
2023,3,max_verstappen,3,57,17:02:10,,Base Oficial Ergast Motor Racing Database / FIA Timing Sheets
2023,3,norris,1,8,15:18:04,,Base Oficial Ergast Motor Racing Database / FIA Timing Sheets
2023,3,norris,2,55,16:41:56,,Base Oficial Ergast Motor Racing Database / FIA Timing Sheets
2023,3,norris,3,57,17:02:17,,Base Oficial Ergast Motor Racing Database / FIA Timing Sheets
2023,3,ocon,1,1,15:05:04,18.056,Base Oficial Ergast Motor Racing Database / FIA Timing Sheets
2023,3,ocon,2,8,15:18:14,,Base Oficial Ergast Motor Racing Database / FIA Timing Sheets
2023,3,ocon,3,55,16:42:03,,Base Oficial Ergast Motor Racing Database / FIA Timing Sheets
2023,3,perez,1,1,15:05:15,17.657,Base Oficial Ergast Motor Racing Database / FIA Timing Sheets
2023,3,perez,2,2,15:07:26,17.814,Base Oficial Ergast Motor Racing Database / FIA Timing Sheets
2023,3,perez,3,8,15:18:16,,Base Oficial Ergast Motor Racing Database / FIA Timing Sheets
2023,3,perez,4,55,16:41:53,,Base Oficial Ergast Motor Racing Database / FIA Timing Sheets
2023,3,perez,5,57,17:02:25,,Base Oficial Ergast Motor Racing Database / FIA Timing Sheets
2023,3,piastri,1,8,15:18:06,,Base Oficial Ergast Motor Racing Database / FIA Timing Sheets
2023,3,piastri,2,54,16:40:06,19.442,Base Oficial Ergast Motor Racing Database / FIA Timing Sheets
2023,3,piastri,3,55,16:42:20,,Base Oficial Ergast Motor Racing Database / FIA Timing Sheets
2023,3,piastri,4,57,17:02:19,,Base Oficial Ergast Motor Racing Database / FIA Timing Sheets
2023,3,russell,1,7,15:15:01,19.146,Base Oficial Ergast Motor Racing Database / FIA Timing Sheets
2023,3,russell,2,8,15:17:59,,Base Oficial Ergast Motor Racing Database / FIA Timing Sheets
2023,3,sainz,1,7,15:15:05,18.319,Base Oficial Ergast Motor Racing Database / FIA Timing Sheets
2023,3,sainz,2,8,15:18:08,,Base Oficial Ergast Motor Racing Database / FIA Timing Sheets
2023,3,sainz,3,55,16:41:45,,Base Oficial Ergast Motor Racing Database / FIA Timing Sheets
2023,3,sainz,4,57,17:02:13,,Base Oficial Ergast Motor Racing Database / FIA Timing Sheets
2023,3,sargeant,1,1,15:05:13,18.382,Base Oficial Ergast Motor Racing Database / FIA Timing Sheets
2023,3,sargeant,2,2,15:07:25,19.158,Base Oficial Ergast Motor Racing Database / FIA Timing Sheets
2023,3,sargeant,3,8,15:18:23,,Base Oficial Ergast Motor Racing Database / FIA Timing Sheets
2023,3,sargeant,4,36,16:15:29,19.018,Base Oficial Ergast Motor Racing Database / FIA Timing Sheets
2023,3,sargeant,5,54,16:41:54,,Base Oficial Ergast Motor Racing Database / FIA Timing Sheets
2023,3,sargeant,6,55,16:55:45,,Base Oficial Ergast Motor Racing Database / FIA Timing Sheets
2023,3,stroll,1,8,15:17:51,,Base Oficial Ergast Motor Racing Database / FIA Timing Sheets
2023,3,stroll,2,55,16:41:50,,Base Oficial Ergast Motor Racing Database / FIA Timing Sheets
2023,3,stroll,3,57,17:02:29,,Base Oficial Ergast Motor Racing Database / FIA Timing Sheets
2023,3,tsunoda,1,8,15:18:02,,Base Oficial Ergast Motor Racing Database / FIA Timing Sheets
2023,3,tsunoda,2,54,16:40:36,18.258,Base Oficial Ergast Motor Racing Database / FIA Timing Sheets
2023,3,tsunoda,3,55,16:42:52,,Base Oficial Ergast Motor Racing Database / FIA Timing Sheets
2023,3,tsunoda,4,57,17:02:16,,Base Oficial Ergast Motor Racing Database / FIA Timing Sheets
2023,3,zhou,1,1,15:05:11,18.951,Base Oficial Ergast Motor Racing Database / FIA Timing Sheets
2023,3,zhou,2,8,15:18:19,,Base Oficial Ergast Motor Racing Database / FIA Timing Sheets
2023,3,zhou,3,54,16:40:31,21.881,Base Oficial Ergast Motor Racing Database / FIA Timing Sheets
2023,3,zhou,4,55,16:42:47,,Base Oficial Ergast Motor Racing Database / FIA Timing Sheets
2023,3,zhou,5,57,17:02:22,,Base Oficial Ergast Motor Racing Database / FIA Timing Sheets
2023,4,albon,1,7,15:16:57,21.103,Base Oficial Ergast Motor Racing Database / FIA Timing Sheets
2023,4,alonso,1,11,15:24:35,23.148,Base Oficial Ergast Motor Racing Database / FIA Timing Sheets
2023,4,bottas,1,6,15:15:14,20.967,Base Oficial Ergast Motor Racing Database / FIA Timing Sheets
2023,4,bottas,2,12,15:27:47,22.354,Base Oficial Ergast Motor Racing Database / FIA Timing Sheets
2023,4,bottas,3,34,16:08:14,21.012,Base Oficial Ergast Motor Racing Database / FIA Timing Sheets
2023,4,gasly,1,5,15:13:22,20.235,Base Oficial Ergast Motor Racing Database / FIA Timing Sheets
2023,4,gasly,2,23,15:48:15,21.169,Base Oficial Ergast Motor Racing Database / FIA Timing Sheets
2023,4,hamilton,1,9,15:20:23,20.324,Base Oficial Ergast Motor Racing Database / FIA Timing Sheets
2023,4,hulkenberg,1,49,16:34:47,24.748,Base Oficial Ergast Motor Racing Database / FIA Timing Sheets
2023,4,kevin_magnussen,1,10,15:22:35,30.951,Base Oficial Ergast Motor Racing Database / FIA Timing Sheets
2023,4,leclerc,1,11,15:24:25,21.126,Base Oficial Ergast Motor Racing Database / FIA Timing Sheets
2023,4,max_verstappen,1,10,15:22:00,20.707,Base Oficial Ergast Motor Racing Database / FIA Timing Sheets
2023,4,norris,1,9,15:20:27,20.346,Base Oficial Ergast Motor Racing Database / FIA Timing Sheets
2023,4,ocon,1,50,16:36:20,20.367,Base Oficial Ergast Motor Racing Database / FIA Timing Sheets
2023,4,perez,1,11,15:24:20,20.389,Base Oficial Ergast Motor Racing Database / FIA Timing Sheets
2023,4,piastri,1,8,15:18:44,20.902,Base Oficial Ergast Motor Racing Database / FIA Timing Sheets
2023,4,russell,1,11,15:24:42,20.459,Base Oficial Ergast Motor Racing Database / FIA Timing Sheets
2023,4,russell,2,49,16:34:10,21.389,Base Oficial Ergast Motor Racing Database / FIA Timing Sheets
2023,4,sainz,1,11,15:24:33,21.97,Base Oficial Ergast Motor Racing Database / FIA Timing Sheets
2023,4,sargeant,1,8,15:18:50,21.015,Base Oficial Ergast Motor Racing Database / FIA Timing Sheets
2023,4,stroll,1,11,15:24:42,23.161,Base Oficial Ergast Motor Racing Database / FIA Timing Sheets
2023,4,tsunoda,1,8,15:18:43,20.497,Base Oficial Ergast Motor Racing Database / FIA Timing Sheets
2023,4,zhou,1,11,15:25:01,22.247,Base Oficial Ergast Motor Racing Database / FIA Timing Sheets
2023,5,albon,1,22,16:08:22,22.482,Base Oficial Ergast Motor Racing Database / FIA Timing Sheets
2023,5,alonso,1,24,16:11:02,22.631,Base Oficial Ergast Motor Racing Database / FIA Timing Sheets
2023,5,bottas,1,15,15:57:23,23.158,Base Oficial Ergast Motor Racing Database / FIA Timing Sheets
2023,5,de_vries,1,15,15:57:33,23.487,Base Oficial Ergast Motor Racing Database / FIA Timing Sheets
2023,5,gasly,1,15,15:57:16,22.417,Base Oficial Ergast Motor Racing Database / FIA Timing Sheets
2023,5,hamilton,1,37,16:31:29,22.15,Base Oficial Ergast Motor Racing Database / FIA Timing Sheets
2023,5,hulkenberg,1,33,16:25:26,23.12,Base Oficial Ergast Motor Racing Database / FIA Timing Sheets
2023,5,kevin_magnussen,1,14,15:55:45,22.616,Base Oficial Ergast Motor Racing Database / FIA Timing Sheets
2023,5,leclerc,1,17,16:00:25,22.068,Base Oficial Ergast Motor Racing Database / FIA Timing Sheets
2023,5,max_verstappen,1,45,16:42:58,22.688,Base Oficial Ergast Motor Racing Database / FIA Timing Sheets
2023,5,norris,1,4,15:40:18,24.09,Base Oficial Ergast Motor Racing Database / FIA Timing Sheets
2023,5,ocon,1,39,16:34:33,21.942,Base Oficial Ergast Motor Racing Database / FIA Timing Sheets
2023,5,perez,1,20,16:04:48,21.884,Base Oficial Ergast Motor Racing Database / FIA Timing Sheets
2023,5,piastri,1,5,15:41:49,22.205,Base Oficial Ergast Motor Racing Database / FIA Timing Sheets
2023,5,russell,1,17,16:00:18,22.335,Base Oficial Ergast Motor Racing Database / FIA Timing Sheets
2023,5,sainz,1,18,16:01:46,22.278,Base Oficial Ergast Motor Racing Database / FIA Timing Sheets
2023,5,sargeant,1,2,15:37:09,48.938,Base Oficial Ergast Motor Racing Database / FIA Timing Sheets
2023,5,stroll,1,42,16:39:18,22.651,Base Oficial Ergast Motor Racing Database / FIA Timing Sheets
2023,5,tsunoda,1,36,16:30:01,22.39,Base Oficial Ergast Motor Racing Database / FIA Timing Sheets
2023,5,zhou,1,31,16:22:27,22.796,Base Oficial Ergast Motor Racing Database / FIA Timing Sheets
2023,6,albon,1,18,15:27:12,24.29,Base Oficial Ergast Motor Racing Database / FIA Timing Sheets
2023,6,albon,2,52,16:12:37,26.99,Base Oficial Ergast Motor Racing Database / FIA Timing Sheets
2023,6,alonso,1,54,16:13:32,24.414,Base Oficial Ergast Motor Racing Database / FIA Timing Sheets
2023,6,alonso,2,55,16:15:37,25.916,Base Oficial Ergast Motor Racing Database / FIA Timing Sheets
2023,6,bottas,1,51,16:10:46,30.395,Base Oficial Ergast Motor Racing Database / FIA Timing Sheets
2023,6,de_vries,1,53,16:13:47,24.539,Base Oficial Ergast Motor Racing Database / FIA Timing Sheets
2023,6,gasly,1,47,16:04:16,23.902,Base Oficial Ergast Motor Racing Database / FIA Timing Sheets
2023,6,gasly,2,54,16:14:18,29.949,Base Oficial Ergast Motor Racing Database / FIA Timing Sheets
2023,6,hamilton,1,31,15:43:34,24.594,Base Oficial Ergast Motor Racing Database / FIA Timing Sheets
2023,6,hamilton,2,54,16:14:09,26.685,Base Oficial Ergast Motor Racing Database / FIA Timing Sheets
2023,6,hulkenberg,1,1,15:04:32,32.494,Base Oficial Ergast Motor Racing Database / FIA Timing Sheets
2023,6,hulkenberg,2,54,16:16:01,34.725,Base Oficial Ergast Motor Racing Database / FIA Timing Sheets
2023,6,hulkenberg,3,59,16:25:02,25.672,Base Oficial Ergast Motor Racing Database / FIA Timing Sheets
2023,6,kevin_magnussen,1,56,16:20:26,51.052,Base Oficial Ergast Motor Racing Database / FIA Timing Sheets
2023,6,leclerc,1,44,16:00:25,24.192,Base Oficial Ergast Motor Racing Database / FIA Timing Sheets
2023,6,leclerc,2,55,16:16:03,25.713,Base Oficial Ergast Motor Racing Database / FIA Timing Sheets
2023,6,max_verstappen,1,55,16:15:17,24.798,Base Oficial Ergast Motor Racing Database / FIA Timing Sheets
2023,6,norris,1,50,16:08:48,24.663,Base Oficial Ergast Motor Racing Database / FIA Timing Sheets
2023,6,norris,2,54,16:15:20,33.428,Base Oficial Ergast Motor Racing Database / FIA Timing Sheets
2023,6,ocon,1,32,15:44:45,25.833,Base Oficial Ergast Motor Racing Database / FIA Timing Sheets
2023,6,ocon,2,54,16:14:06,24.707,Base Oficial Ergast Motor Racing Database / FIA Timing Sheets
2023,6,perez,1,1,15:04:37,24.887,Base Oficial Ergast Motor Racing Database / FIA Timing Sheets
2023,6,perez,2,34,15:48:26,32.749,Base Oficial Ergast Motor Racing Database / FIA Timing Sheets
2023,6,perez,3,53,16:14:19,24.217,Base Oficial Ergast Motor Racing Database / FIA Timing Sheets
2023,6,perez,4,57,16:21:27,29.337,Base Oficial Ergast Motor Racing Database / FIA Timing Sheets
2023,6,perez,5,70,16:43:16,25.466,Base Oficial Ergast Motor Racing Database / FIA Timing Sheets
2023,6,piastri,1,54,16:15:18,25.851,Base Oficial Ergast Motor Racing Database / FIA Timing Sheets
2023,6,russell,1,54,16:13:57,30.98,Base Oficial Ergast Motor Racing Database / FIA Timing Sheets
2023,6,sainz,1,33,15:46:05,24.252,Base Oficial Ergast Motor Racing Database / FIA Timing Sheets
2023,6,sainz,2,55,16:16:04,29.3,Base Oficial Ergast Motor Racing Database / FIA Timing Sheets
2023,6,sargeant,1,20,15:30:02,24.376,Base Oficial Ergast Motor Racing Database / FIA Timing Sheets
2023,6,sargeant,2,23,15:34:16,27.774,Base Oficial Ergast Motor Racing Database / FIA Timing Sheets
2023,6,sargeant,3,52,16:13:19,25.946,Base Oficial Ergast Motor Racing Database / FIA Timing Sheets
2023,6,stroll,1,51,16:10:52,24.656,Base Oficial Ergast Motor Racing Database / FIA Timing Sheets
2023,6,tsunoda,1,53,16:13:18,33.706,Base Oficial Ergast Motor Racing Database / FIA Timing Sheets
2023,6,zhou,1,1,15:04:37,26.141,Base Oficial Ergast Motor Racing Database / FIA Timing Sheets
2023,6,zhou,2,52,16:12:35,25.26,Base Oficial Ergast Motor Racing Database / FIA Timing Sheets
2023,7,albon,1,16,15:25:24,23.319,Base Oficial Ergast Motor Racing Database / FIA Timing Sheets
2023,7,albon,2,37,15:54:12,23.449,Base Oficial Ergast Motor Racing Database / FIA Timing Sheets
2023,7,alonso,1,19,15:29:09,22.558,Base Oficial Ergast Motor Racing Database / FIA Timing Sheets
2023,7,alonso,2,44,16:03:01,22.896,Base Oficial Ergast Motor Racing Database / FIA Timing Sheets
2023,7,bottas,1,5,15:10:18,23.691,Base Oficial Ergast Motor Racing Database / FIA Timing Sheets
2023,7,bottas,2,39,15:56:58,24.097,Base Oficial Ergast Motor Racing Database / FIA Timing Sheets
2023,7,de_vries,1,9,15:15:44,22.522,Base Oficial Ergast Motor Racing Database / FIA Timing Sheets
2023,7,de_vries,2,38,15:55:17,21.976,Base Oficial Ergast Motor Racing Database / FIA Timing Sheets
2023,7,gasly,1,19,15:29:18,23.388,Base Oficial Ergast Motor Racing Database / FIA Timing Sheets
2023,7,gasly,2,39,15:56:30,23.61,Base Oficial Ergast Motor Racing Database / FIA Timing Sheets
2023,7,hamilton,1,24,15:35:37,22.575,Base Oficial Ergast Motor Racing Database / FIA Timing Sheets
2023,7,hamilton,2,50,16:10:22,22.731,Base Oficial Ergast Motor Racing Database / FIA Timing Sheets
2023,7,hulkenberg,1,8,15:14:21,22.298,Base Oficial Ergast Motor Racing Database / FIA Timing Sheets
2023,7,hulkenberg,2,26,15:39:04,23.257,Base Oficial Ergast Motor Racing Database / FIA Timing Sheets
2023,7,hulkenberg,3,43,16:02:05,24.484,Base Oficial Ergast Motor Racing Database / FIA Timing Sheets
2023,7,kevin_magnussen,1,10,15:17:06,22.124,Base Oficial Ergast Motor Racing Database / FIA Timing Sheets
2023,7,kevin_magnussen,2,24,15:36:26,24.8,Base Oficial Ergast Motor Racing Database / FIA Timing Sheets
2023,7,kevin_magnussen,3,42,16:00:59,22.291,Base Oficial Ergast Motor Racing Database / FIA Timing Sheets
2023,7,leclerc,1,16,15:25:17,21.778,Base Oficial Ergast Motor Racing Database / FIA Timing Sheets
2023,7,leclerc,2,41,15:59:13,23.003,Base Oficial Ergast Motor Racing Database / FIA Timing Sheets
2023,7,max_verstappen,1,26,15:38:06,22.241,Base Oficial Ergast Motor Racing Database / FIA Timing Sheets
2023,7,max_verstappen,2,52,16:12:44,22.357,Base Oficial Ergast Motor Racing Database / FIA Timing Sheets
2023,7,norris,1,1,15:04:44,37.736,Base Oficial Ergast Motor Racing Database / FIA Timing Sheets
2023,7,norris,2,22,15:33:50,22.85,Base Oficial Ergast Motor Racing Database / FIA Timing Sheets
2023,7,norris,3,50,16:11:39,22.062,Base Oficial Ergast Motor Racing Database / FIA Timing Sheets
2023,7,ocon,1,13,15:21:01,22.112,Base Oficial Ergast Motor Racing Database / FIA Timing Sheets
2023,7,ocon,2,35,15:50:57,24.11,Base Oficial Ergast Motor Racing Database / FIA Timing Sheets
2023,7,perez,1,27,15:39:57,21.775,Base Oficial Ergast Motor Racing Database / FIA Timing Sheets
2023,7,perez,2,50,16:10:42,21.537,Base Oficial Ergast Motor Racing Database / FIA Timing Sheets
2023,7,piastri,1,17,15:26:32,22.37,Base Oficial Ergast Motor Racing Database / FIA Timing Sheets
2023,7,piastri,2,39,15:56:28,22.862,Base Oficial Ergast Motor Racing Database / FIA Timing Sheets
2023,7,russell,1,25,15:37:07,22.275,Base Oficial Ergast Motor Racing Database / FIA Timing Sheets
2023,7,russell,2,45,16:03:58,22.054,Base Oficial Ergast Motor Racing Database / FIA Timing Sheets
2023,7,sainz,1,15,15:23:33,22.321,Base Oficial Ergast Motor Racing Database / FIA Timing Sheets
2023,7,sainz,2,41,15:58:46,22.375,Base Oficial Ergast Motor Racing Database / FIA Timing Sheets
2023,7,sargeant,1,17,15:26:49,22.583,Base Oficial Ergast Motor Racing Database / FIA Timing Sheets
2023,7,sargeant,2,36,15:52:53,23.827,Base Oficial Ergast Motor Racing Database / FIA Timing Sheets
2023,7,stroll,1,14,15:22:19,22.355,Base Oficial Ergast Motor Racing Database / FIA Timing Sheets
2023,7,stroll,2,34,15:49:34,23.371,Base Oficial Ergast Motor Racing Database / FIA Timing Sheets
2023,7,tsunoda,1,10,15:17:01,22.176,Base Oficial Ergast Motor Racing Database / FIA Timing Sheets
2023,7,tsunoda,2,34,15:49:38,22.009,Base Oficial Ergast Motor Racing Database / FIA Timing Sheets
2023,7,zhou,1,9,15:15:38,23.43,Base Oficial Ergast Motor Racing Database / FIA Timing Sheets
2023,7,zhou,2,36,15:52:25,22.889,Base Oficial Ergast Motor Racing Database / FIA Timing Sheets
2023,8,albon,1,12,14:19:25,25.064,Base Oficial Ergast Motor Racing Database / FIA Timing Sheets
2023,8,alonso,1,12,14:19:00,24.031,Base Oficial Ergast Motor Racing Database / FIA Timing Sheets
2023,8,alonso,2,41,14:59:58,23.928,Base Oficial Ergast Motor Racing Database / FIA Timing Sheets
2023,8,bottas,1,36,14:53:58,24.038,Base Oficial Ergast Motor Racing Database / FIA Timing Sheets
2023,8,de_vries,1,11,14:17:56,24.96,Base Oficial Ergast Motor Racing Database / FIA Timing Sheets
2023,8,de_vries,2,50,15:13:30,23.786,Base Oficial Ergast Motor Racing Database / FIA Timing Sheets
2023,8,gasly,1,10,14:16:36,27.515,Base Oficial Ergast Motor Racing Database / FIA Timing Sheets
2023,8,gasly,2,33,14:50:14,24.117,Base Oficial Ergast Motor Racing Database / FIA Timing Sheets
2023,8,hamilton,1,12,14:18:59,24.339,Base Oficial Ergast Motor Racing Database / FIA Timing Sheets
2023,8,hamilton,2,40,14:58:46,23.749,Base Oficial Ergast Motor Racing Database / FIA Timing Sheets
2023,8,hulkenberg,1,11,14:17:50,24.88,Base Oficial Ergast Motor Racing Database / FIA Timing Sheets
2023,8,hulkenberg,2,31,14:47:37,24.2,Base Oficial Ergast Motor Racing Database / FIA Timing Sheets
2023,8,kevin_magnussen,1,35,14:53:34,24.909,Base Oficial Ergast Motor Racing Database / FIA Timing Sheets
2023,8,kevin_magnussen,2,53,15:17:18,24.515,Base Oficial Ergast Motor Racing Database / FIA Timing Sheets
2023,8,leclerc,1,39,14:57:32,24.343,Base Oficial Ergast Motor Racing Database / FIA Timing Sheets
2023,8,max_verstappen,1,12,14:18:49,23.644,Base Oficial Ergast Motor Racing Database / FIA Timing Sheets
2023,8,max_verstappen,2,42,15:01:10,23.91,Base Oficial Ergast Motor Racing Database / FIA Timing Sheets
2023,8,norris,1,12,14:19:24,25.862,Base Oficial Ergast Motor Racing Database / FIA Timing Sheets
2023,8,norris,2,35,14:52:42,23.57,Base Oficial Ergast Motor Racing Database / FIA Timing Sheets
2023,8,ocon,1,12,14:19:12,24.402,Base Oficial Ergast Motor Racing Database / FIA Timing Sheets
2023,8,ocon,2,36,14:53:56,23.698,Base Oficial Ergast Motor Racing Database / FIA Timing Sheets
2023,8,perez,1,37,14:55:06,23.281,Base Oficial Ergast Motor Racing Database / FIA Timing Sheets
2023,8,perez,2,68,15:34:57,23.218,Base Oficial Ergast Motor Racing Database / FIA Timing Sheets
2023,8,piastri,1,12,14:19:16,24.828,Base Oficial Ergast Motor Racing Database / FIA Timing Sheets
2023,8,piastri,2,37,14:55:21,23.436,Base Oficial Ergast Motor Racing Database / FIA Timing Sheets
2023,8,russell,1,12,14:19:55,,Base Oficial Ergast Motor Racing Database / FIA Timing Sheets
2023,8,sainz,1,38,14:56:16,24.133,Base Oficial Ergast Motor Racing Database / FIA Timing Sheets
2023,8,stroll,1,11,14:17:53,23.711,Base Oficial Ergast Motor Racing Database / FIA Timing Sheets
2023,8,stroll,2,27,14:42:23,23.839,Base Oficial Ergast Motor Racing Database / FIA Timing Sheets
2023,8,tsunoda,1,1,14:04:32,23.646,Base Oficial Ergast Motor Racing Database / FIA Timing Sheets
2023,8,tsunoda,2,34,14:51:31,27.523,Base Oficial Ergast Motor Racing Database / FIA Timing Sheets
2023,8,zhou,1,12,14:19:31,24.161,Base Oficial Ergast Motor Racing Database / FIA Timing Sheets
2023,8,zhou,2,32,14:48:55,27.509,Base Oficial Ergast Motor Racing Database / FIA Timing Sheets
2023,9,albon,1,2,15:06:13,16.737,Base Oficial Ergast Motor Racing Database / FIA Timing Sheets
2023,9,albon,2,14,15:21:22,21.562,Base Oficial Ergast Motor Racing Database / FIA Timing Sheets
2023,9,albon,3,41,15:54:04,27.683,Base Oficial Ergast Motor Racing Database / FIA Timing Sheets
2023,9,alonso,1,2,15:06:08,16.6,Base Oficial Ergast Motor Racing Database / FIA Timing Sheets
2023,9,alonso,2,15,15:22:48,22.371,Base Oficial Ergast Motor Racing Database / FIA Timing Sheets
2023,9,alonso,3,44,15:57:15,21.993,Base Oficial Ergast Motor Racing Database / FIA Timing Sheets
2023,9,bottas,1,2,15:06:27,17.13,Base Oficial Ergast Motor Racing Database / FIA Timing Sheets
2023,9,bottas,2,21,15:30:27,31.785,Base Oficial Ergast Motor Racing Database / FIA Timing Sheets
2023,9,bottas,3,40,15:53:22,21.975,Base Oficial Ergast Motor Racing Database / FIA Timing Sheets
2023,9,de_vries,1,2,15:06:28,17.033,Base Oficial Ergast Motor Racing Database / FIA Timing Sheets
2023,9,de_vries,2,12,15:19:01,21.333,Base Oficial Ergast Motor Racing Database / FIA Timing Sheets
2023,9,de_vries,3,37,15:49:41,21.074,Base Oficial Ergast Motor Racing Database / FIA Timing Sheets
2023,9,gasly,1,2,15:06:12,16.38,Base Oficial Ergast Motor Racing Database / FIA Timing Sheets
2023,9,gasly,2,14,15:21:20,21.814,Base Oficial Ergast Motor Racing Database / FIA Timing Sheets
2023,9,gasly,3,44,15:57:30,27.804,Base Oficial Ergast Motor Racing Database / FIA Timing Sheets
2023,9,hamilton,1,2,15:06:03,16.415,Base Oficial Ergast Motor Racing Database / FIA Timing Sheets
2023,9,hamilton,2,14,15:21:10,21.993,Base Oficial Ergast Motor Racing Database / FIA Timing Sheets
2023,9,hamilton,3,42,15:54:50,27.724,Base Oficial Ergast Motor Racing Database / FIA Timing Sheets
2023,9,hulkenberg,1,2,15:06:09,16.778,Base Oficial Ergast Motor Racing Database / FIA Timing Sheets
2023,9,hulkenberg,2,11,15:17:41,21.891,Base Oficial Ergast Motor Racing Database / FIA Timing Sheets
2023,9,kevin_magnussen,1,1,15:04:16,26.587,Base Oficial Ergast Motor Racing Database / FIA Timing Sheets
2023,9,kevin_magnussen,2,2,15:06:31,25.654,Base Oficial Ergast Motor Racing Database / FIA Timing Sheets
2023,9,kevin_magnussen,3,34,15:46:08,22.25,Base Oficial Ergast Motor Racing Database / FIA Timing Sheets
2023,9,leclerc,1,2,15:05:59,16.393,Base Oficial Ergast Motor Racing Database / FIA Timing Sheets
2023,9,leclerc,2,15,15:22:36,23.425,Base Oficial Ergast Motor Racing Database / FIA Timing Sheets
2023,9,leclerc,3,47,16:00:26,21.47,Base Oficial Ergast Motor Racing Database / FIA Timing Sheets
2023,9,max_verstappen,1,2,15:05:57,16.369,Base Oficial Ergast Motor Racing Database / FIA Timing Sheets
2023,9,max_verstappen,2,24,15:33:13,21.365,Base Oficial Ergast Motor Racing Database / FIA Timing Sheets
2023,9,max_verstappen,3,49,16:02:31,21.641,Base Oficial Ergast Motor Racing Database / FIA Timing Sheets
2023,9,max_verstappen,4,69,16:25:43,21.328,Base Oficial Ergast Motor Racing Database / FIA Timing Sheets
2023,9,norris,1,2,15:06:05,18.076,Base Oficial Ergast Motor Racing Database / FIA Timing Sheets
2023,9,norris,2,14,15:21:12,21.29,Base Oficial Ergast Motor Racing Database / FIA Timing Sheets
2023,9,norris,3,41,15:53:39,22.088,Base Oficial Ergast Motor Racing Database / FIA Timing Sheets
2023,9,ocon,1,2,15:06:19,18.143,Base Oficial Ergast Motor Racing Database / FIA Timing Sheets
2023,9,ocon,2,14,15:21:26,22.028,Base Oficial Ergast Motor Racing Database / FIA Timing Sheets
2023,9,ocon,3,40,15:52:55,30.427,Base Oficial Ergast Motor Racing Database / FIA Timing Sheets
2023,9,perez,1,2,15:06:20,17.428,Base Oficial Ergast Motor Racing Database / FIA Timing Sheets
2023,9,perez,2,25,15:34:47,21.655,Base Oficial Ergast Motor Racing Database / FIA Timing Sheets
2023,9,perez,3,50,16:04:07,21.267,Base Oficial Ergast Motor Racing Database / FIA Timing Sheets
2023,9,piastri,1,2,15:06:23,17.324,Base Oficial Ergast Motor Racing Database / FIA Timing Sheets
2023,9,piastri,2,14,15:21:27,22.467,Base Oficial Ergast Motor Racing Database / FIA Timing Sheets
2023,9,piastri,3,22,15:31:40,29.912,Base Oficial Ergast Motor Racing Database / FIA Timing Sheets
2023,9,piastri,4,41,15:54:36,22.313,Base Oficial Ergast Motor Racing Database / FIA Timing Sheets
2023,9,russell,1,2,15:06:17,17.946,Base Oficial Ergast Motor Racing Database / FIA Timing Sheets
2023,9,russell,2,14,15:21:23,22.262,Base Oficial Ergast Motor Racing Database / FIA Timing Sheets
2023,9,russell,3,41,15:53:57,21.702,Base Oficial Ergast Motor Racing Database / FIA Timing Sheets
2023,9,sainz,1,2,15:06:01,16.38,Base Oficial Ergast Motor Racing Database / FIA Timing Sheets
2023,9,sainz,2,15,15:22:41,26.283,Base Oficial Ergast Motor Racing Database / FIA Timing Sheets
2023,9,sainz,3,45,15:58:10,28.583,Base Oficial Ergast Motor Racing Database / FIA Timing Sheets
2023,9,sargeant,1,2,15:06:25,17.337,Base Oficial Ergast Motor Racing Database / FIA Timing Sheets
2023,9,sargeant,2,14,15:21:32,23.194,Base Oficial Ergast Motor Racing Database / FIA Timing Sheets
2023,9,sargeant,3,43,15:56:40,21.543,Base Oficial Ergast Motor Racing Database / FIA Timing Sheets
2023,9,stroll,1,2,15:06:11,16.646,Base Oficial Ergast Motor Racing Database / FIA Timing Sheets
2023,9,stroll,2,15,15:22:54,24.332,Base Oficial Ergast Motor Racing Database / FIA Timing Sheets
2023,9,stroll,3,36,15:48:10,22.05,Base Oficial Ergast Motor Racing Database / FIA Timing Sheets
2023,9,stroll,4,54,16:09:28,21.837,Base Oficial Ergast Motor Racing Database / FIA Timing Sheets
2023,9,tsunoda,1,1,15:04:31,29.691,Base Oficial Ergast Motor Racing Database / FIA Timing Sheets
2023,9,tsunoda,2,2,15:06:33,16.246,Base Oficial Ergast Motor Racing Database / FIA Timing Sheets
2023,9,tsunoda,3,23,15:32:50,27.286,Base Oficial Ergast Motor Racing Database / FIA Timing Sheets
2023,9,tsunoda,4,43,15:56:56,21.392,Base Oficial Ergast Motor Racing Database / FIA Timing Sheets
2023,9,zhou,1,2,15:06:22,17.467,Base Oficial Ergast Motor Racing Database / FIA Timing Sheets
2023,9,zhou,2,8,15:14:10,24.374,Base Oficial Ergast Motor Racing Database / FIA Timing Sheets
2023,9,zhou,3,38,15:50:48,21.91,Base Oficial Ergast Motor Racing Database / FIA Timing Sheets
2023,10,albon,1,32,15:53:10,29.634,Base Oficial Ergast Motor Racing Database / FIA Timing Sheets
2023,10,alonso,1,33,15:55:09,28.679,Base Oficial Ergast Motor Racing Database / FIA Timing Sheets
2023,10,bottas,1,32,15:53:38,29.662,Base Oficial Ergast Motor Racing Database / FIA Timing Sheets
2023,10,de_vries,1,27,15:45:34,28.242,Base Oficial Ergast Motor Racing Database / FIA Timing Sheets
2023,10,de_vries,2,32,15:53:55,28.413,Base Oficial Ergast Motor Racing Database / FIA Timing Sheets
2023,10,gasly,1,31,15:51:30,28.458,Base Oficial Ergast Motor Racing Database / FIA Timing Sheets
2023,10,hamilton,1,33,15:54:58,29.169,Base Oficial Ergast Motor Racing Database / FIA Timing Sheets
2023,10,hulkenberg,1,7,15:14:17,41.972,Base Oficial Ergast Motor Racing Database / FIA Timing Sheets
2023,10,hulkenberg,2,32,15:54:11,30.003,Base Oficial Ergast Motor Racing Database / FIA Timing Sheets
2023,10,leclerc,1,18,15:31:08,28.244,Base Oficial Ergast Motor Racing Database / FIA Timing Sheets
2023,10,leclerc,2,32,15:53:11,28.805,Base Oficial Ergast Motor Racing Database / FIA Timing Sheets
2023,10,max_verstappen,1,33,15:54:29,29.056,Base Oficial Ergast Motor Racing Database / FIA Timing Sheets
2023,10,norris,1,33,15:54:43,28.438,Base Oficial Ergast Motor Racing Database / FIA Timing Sheets
2023,10,perez,1,28,15:46:50,28.06,Base Oficial Ergast Motor Racing Database / FIA Timing Sheets
2023,10,piastri,1,29,15:48:05,28.655,Base Oficial Ergast Motor Racing Database / FIA Timing Sheets
2023,10,russell,1,28,15:46:37,29.455,Base Oficial Ergast Motor Racing Database / FIA Timing Sheets
2023,10,sainz,1,26,15:43:36,28.869,Base Oficial Ergast Motor Racing Database / FIA Timing Sheets
2023,10,sargeant,1,29,15:48:37,28.847,Base Oficial Ergast Motor Racing Database / FIA Timing Sheets
2023,10,stroll,1,31,15:51:39,28.561,Base Oficial Ergast Motor Racing Database / FIA Timing Sheets
2023,10,tsunoda,1,14,15:25:15,28.353,Base Oficial Ergast Motor Racing Database / FIA Timing Sheets
2023,10,tsunoda,2,32,15:53:48,28.603,Base Oficial Ergast Motor Racing Database / FIA Timing Sheets
2023,10,zhou,1,24,15:40:56,29.177,Base Oficial Ergast Motor Racing Database / FIA Timing Sheets
2023,10,zhou,2,33,15:56:08,28.709,Base Oficial Ergast Motor Racing Database / FIA Timing Sheets
2023,10,zhou,3,36,16:02:39,34.374,Base Oficial Ergast Motor Racing Database / FIA Timing Sheets
2023,11,albon,1,8,15:14:47,22.076,Base Oficial Ergast Motor Racing Database / FIA Timing Sheets
2023,11,albon,2,31,15:47:54,21.762,Base Oficial Ergast Motor Racing Database / FIA Timing Sheets
2023,11,alonso,1,20,15:31:46,22.916,Base Oficial Ergast Motor Racing Database / FIA Timing Sheets
2023,11,alonso,2,43,16:04:39,24.152,Base Oficial Ergast Motor Racing Database / FIA Timing Sheets
2023,11,bottas,1,9,15:16:11,22.114,Base Oficial Ergast Motor Racing Database / FIA Timing Sheets
2023,11,bottas,2,40,16:00:39,23.242,Base Oficial Ergast Motor Racing Database / FIA Timing Sheets
2023,11,hamilton,1,16,15:25:56,21.974,Base Oficial Ergast Motor Racing Database / FIA Timing Sheets
2023,11,hamilton,2,49,16:12:41,21.728,Base Oficial Ergast Motor Racing Database / FIA Timing Sheets
2023,11,hulkenberg,1,16,15:26:11,22.922,Base Oficial Ergast Motor Racing Database / FIA Timing Sheets
2023,11,hulkenberg,2,38,15:57:58,21.955,Base Oficial Ergast Motor Racing Database / FIA Timing Sheets
2023,11,kevin_magnussen,1,14,15:23:24,22.753,Base Oficial Ergast Motor Racing Database / FIA Timing Sheets
2023,11,kevin_magnussen,2,41,16:02:32,22.152,Base Oficial Ergast Motor Racing Database / FIA Timing Sheets
2023,11,leclerc,1,17,15:27:23,28.404,Base Oficial Ergast Motor Racing Database / FIA Timing Sheets
2023,11,leclerc,2,43,16:04:31,21.452,Base Oficial Ergast Motor Racing Database / FIA Timing Sheets
2023,11,max_verstappen,1,23,15:35:32,21.407,Base Oficial Ergast Motor Racing Database / FIA Timing Sheets
2023,11,max_verstappen,2,51,16:14:53,21.68,Base Oficial Ergast Motor Racing Database / FIA Timing Sheets
2023,11,norris,1,17,15:27:16,21.541,Base Oficial Ergast Motor Racing Database / FIA Timing Sheets
2023,11,norris,2,44,16:05:28,21.43,Base Oficial Ergast Motor Racing Database / FIA Timing Sheets
2023,11,perez,1,24,15:37:20,21.862,Base Oficial Ergast Motor Racing Database / FIA Timing Sheets
2023,11,perez,2,42,16:02:51,20.88,Base Oficial Ergast Motor Racing Database / FIA Timing Sheets
2023,11,piastri,1,18,15:28:39,21.171,Base Oficial Ergast Motor Racing Database / FIA Timing Sheets
2023,11,piastri,2,42,16:02:48,22.03,Base Oficial Ergast Motor Racing Database / FIA Timing Sheets
2023,11,ricciardo,1,18,15:29:10,21.958,Base Oficial Ergast Motor Racing Database / FIA Timing Sheets
2023,11,ricciardo,2,29,15:45:13,22.203,Base Oficial Ergast Motor Racing Database / FIA Timing Sheets
2023,11,russell,1,28,15:43:20,21.886,Base Oficial Ergast Motor Racing Database / FIA Timing Sheets
2023,11,russell,2,46,16:08:49,21.675,Base Oficial Ergast Motor Racing Database / FIA Timing Sheets
2023,11,sainz,1,15,15:24:37,21.402,Base Oficial Ergast Motor Racing Database / FIA Timing Sheets
2023,11,sainz,2,44,16:05:56,22.051,Base Oficial Ergast Motor Racing Database / FIA Timing Sheets
2023,11,sargeant,1,13,15:21:59,24.001,Base Oficial Ergast Motor Racing Database / FIA Timing Sheets
2023,11,sargeant,2,34,15:52:24,22.197,Base Oficial Ergast Motor Racing Database / FIA Timing Sheets
2023,11,stroll,1,9,15:16:10,21.91,Base Oficial Ergast Motor Racing Database / FIA Timing Sheets
2023,11,stroll,2,34,15:52:02,22.403,Base Oficial Ergast Motor Racing Database / FIA Timing Sheets
2023,11,tsunoda,1,9,15:16:10,26.17,Base Oficial Ergast Motor Racing Database / FIA Timing Sheets
2023,11,tsunoda,2,44,16:06:33,21.181,Base Oficial Ergast Motor Racing Database / FIA Timing Sheets
2023,11,zhou,1,10,15:17:40,29.211,Base Oficial Ergast Motor Racing Database / FIA Timing Sheets
2023,11,zhou,2,38,15:58:02,22.853,Base Oficial Ergast Motor Racing Database / FIA Timing Sheets
2023,12,albon,1,7,15:17:14,25.015,Base Oficial Ergast Motor Racing Database / FIA Timing Sheets
2023,12,albon,2,23,15:48:02,23.596,Base Oficial Ergast Motor Racing Database / FIA Timing Sheets
2023,12,albon,3,33,16:07:06,23.529,Base Oficial Ergast Motor Racing Database / FIA Timing Sheets
2023,12,alonso,1,10,15:22:48,23.085,Base Oficial Ergast Motor Racing Database / FIA Timing Sheets
2023,12,alonso,2,29,15:59:01,23.798,Base Oficial Ergast Motor Racing Database / FIA Timing Sheets
2023,12,bottas,1,6,15:15:24,23.362,Base Oficial Ergast Motor Racing Database / FIA Timing Sheets
2023,12,bottas,2,24,15:50:02,23.786,Base Oficial Ergast Motor Racing Database / FIA Timing Sheets
2023,12,gasly,1,23,15:48:00,25.664,Base Oficial Ergast Motor Racing Database / FIA Timing Sheets
2023,12,hamilton,1,12,15:26:27,23.09,Base Oficial Ergast Motor Racing Database / FIA Timing Sheets
2023,12,hamilton,2,27,15:55:00,23.023,Base Oficial Ergast Motor Racing Database / FIA Timing Sheets
2023,12,hamilton,3,42,16:23:05,23.156,Base Oficial Ergast Motor Racing Database / FIA Timing Sheets
2023,12,hulkenberg,1,12,15:26:56,24.571,Base Oficial Ergast Motor Racing Database / FIA Timing Sheets
2023,12,hulkenberg,2,24,15:50:04,25.238,Base Oficial Ergast Motor Racing Database / FIA Timing Sheets
2023,12,kevin_magnussen,1,5,15:13:30,23.638,Base Oficial Ergast Motor Racing Database / FIA Timing Sheets
2023,12,kevin_magnussen,2,25,15:51:55,23.572,Base Oficial Ergast Motor Racing Database / FIA Timing Sheets
2023,12,leclerc,1,13,15:28:16,23.224,Base Oficial Ergast Motor Racing Database / FIA Timing Sheets
2023,12,leclerc,2,28,15:56:48,23.148,Base Oficial Ergast Motor Racing Database / FIA Timing Sheets
2023,12,max_verstappen,1,14,15:30:04,22.887,Base Oficial Ergast Motor Racing Database / FIA Timing Sheets
2023,12,max_verstappen,2,30,16:00:16,23.012,Base Oficial Ergast Motor Racing Database / FIA Timing Sheets
2023,12,norris,1,5,15:13:27,25.012,Base Oficial Ergast Motor Racing Database / FIA Timing Sheets
2023,12,norris,2,17,15:36:37,23.744,Base Oficial Ergast Motor Racing Database / FIA Timing Sheets
2023,12,ocon,1,6,15:15:23,23.085,Base Oficial Ergast Motor Racing Database / FIA Timing Sheets
2023,12,ocon,2,25,15:51:50,23.339,Base Oficial Ergast Motor Racing Database / FIA Timing Sheets
2023,12,perez,1,13,15:28:09,23.684,Base Oficial Ergast Motor Racing Database / FIA Timing Sheets
2023,12,perez,2,29,15:58:34,22.71,Base Oficial Ergast Motor Racing Database / FIA Timing Sheets
2023,12,ricciardo,1,5,15:13:31,22.843,Base Oficial Ergast Motor Racing Database / FIA Timing Sheets
2023,12,ricciardo,2,22,15:46:18,23.29,Base Oficial Ergast Motor Racing Database / FIA Timing Sheets
2023,12,russell,1,22,15:46:00,23.837,Base Oficial Ergast Motor Racing Database / FIA Timing Sheets
2023,12,sainz,1,7,15:17:20,23.303,Base Oficial Ergast Motor Racing Database / FIA Timing Sheets
2023,12,sargeant,1,8,15:19:14,23.57,Base Oficial Ergast Motor Racing Database / FIA Timing Sheets
2023,12,sargeant,2,24,15:50:09,23.938,Base Oficial Ergast Motor Racing Database / FIA Timing Sheets
2023,12,sargeant,3,34,16:09:09,23.109,Base Oficial Ergast Motor Racing Database / FIA Timing Sheets
2023,12,stroll,1,20,15:42:12,25.397,Base Oficial Ergast Motor Racing Database / FIA Timing Sheets
2023,12,tsunoda,1,9,15:20:59,22.61,Base Oficial Ergast Motor Racing Database / FIA Timing Sheets
2023,12,tsunoda,2,24,15:49:52,22.737,Base Oficial Ergast Motor Racing Database / FIA Timing Sheets
2023,12,zhou,1,7,15:17:21,24.449,Base Oficial Ergast Motor Racing Database / FIA Timing Sheets
2023,12,zhou,2,25,15:52:01,24.045,Base Oficial Ergast Motor Racing Database / FIA Timing Sheets
2023,13,albon,1,44,16:06:01,19.667,Base Oficial Ergast Motor Racing Database / FIA Timing Sheets
2023,13,albon,2,61,16:27:57,21.3,Base Oficial Ergast Motor Racing Database / FIA Timing Sheets
2023,13,albon,3,63,16:31:37,,Base Oficial Ergast Motor Racing Database / FIA Timing Sheets
2023,13,albon,4,64,17:14:02,39.234,Base Oficial Ergast Motor Racing Database / FIA Timing Sheets
2023,13,alonso,1,2,15:06:26,20.647,Base Oficial Ergast Motor Racing Database / FIA Timing Sheets
2023,13,alonso,2,10,15:18:10,20.109,Base Oficial Ergast Motor Racing Database / FIA Timing Sheets
2023,13,alonso,3,48,16:10:51,25.147,Base Oficial Ergast Motor Racing Database / FIA Timing Sheets
2023,13,alonso,4,61,16:27:35,20.655,Base Oficial Ergast Motor Racing Database / FIA Timing Sheets
2023,13,alonso,5,64,16:33:22,,Base Oficial Ergast Motor Racing Database / FIA Timing Sheets
2023,13,bottas,1,16,15:27:09,20.187,Base Oficial Ergast Motor Racing Database / FIA Timing Sheets
2023,13,bottas,2,47,16:10:17,20.213,Base Oficial Ergast Motor Racing Database / FIA Timing Sheets
2023,13,bottas,3,59,16:25:45,19.735,Base Oficial Ergast Motor Racing Database / FIA Timing Sheets
2023,13,bottas,4,63,16:32:29,,Base Oficial Ergast Motor Racing Database / FIA Timing Sheets
2023,13,bottas,5,64,17:14:22,32.518,Base Oficial Ergast Motor Racing Database / FIA Timing Sheets
2023,13,gasly,1,1,15:04:47,28.469,Base Oficial Ergast Motor Racing Database / FIA Timing Sheets
2023,13,gasly,2,11,15:19:34,19.518,Base Oficial Ergast Motor Racing Database / FIA Timing Sheets
2023,13,gasly,3,46,16:08:21,25.404,Base Oficial Ergast Motor Racing Database / FIA Timing Sheets
2023,13,gasly,4,60,16:26:21,20.417,Base Oficial Ergast Motor Racing Database / FIA Timing Sheets
2023,13,gasly,5,64,16:33:40,,Base Oficial Ergast Motor Racing Database / FIA Timing Sheets
2023,13,hamilton,1,3,15:08:35,20.266,Base Oficial Ergast Motor Racing Database / FIA Timing Sheets
2023,13,hamilton,2,9,15:17:26,19.97,Base Oficial Ergast Motor Racing Database / FIA Timing Sheets
2023,13,hamilton,3,45,16:07:26,19.327,Base Oficial Ergast Motor Racing Database / FIA Timing Sheets
2023,13,hamilton,4,60,16:26:30,20.779,Base Oficial Ergast Motor Racing Database / FIA Timing Sheets
2023,13,hamilton,5,64,16:33:59,,Base Oficial Ergast Motor Racing Database / FIA Timing Sheets
2023,13,hulkenberg,1,16,15:27:10,20.438,Base Oficial Ergast Motor Racing Database / FIA Timing Sheets
2023,13,hulkenberg,2,48,16:11:31,19.713,Base Oficial Ergast Motor Racing Database / FIA Timing Sheets
2023,13,hulkenberg,3,60,16:26:58,23.582,Base Oficial Ergast Motor Racing Database / FIA Timing Sheets
2023,13,hulkenberg,4,63,16:32:22,,Base Oficial Ergast Motor Racing Database / FIA Timing Sheets
2023,13,hulkenberg,5,64,17:14:19,32.884,Base Oficial Ergast Motor Racing Database / FIA Timing Sheets
2023,13,kevin_magnussen,1,1,15:04:55,31.341,Base Oficial Ergast Motor Racing Database / FIA Timing Sheets
2023,13,kevin_magnussen,2,9,15:16:59,20.137,Base Oficial Ergast Motor Racing Database / FIA Timing Sheets
2023,13,kevin_magnussen,3,35,15:54:48,20.51,Base Oficial Ergast Motor Racing Database / FIA Timing Sheets
2023,13,kevin_magnussen,4,60,16:27:09,23.584,Base Oficial Ergast Motor Racing Database / FIA Timing Sheets
2023,13,kevin_magnussen,5,63,16:32:48,,Base Oficial Ergast Motor Racing Database / FIA Timing Sheets
2023,13,kevin_magnussen,6,64,17:14:31,30.628,Base Oficial Ergast Motor Racing Database / FIA Timing Sheets
2023,13,lawson,1,1,15:04:53,42.641,Base Oficial Ergast Motor Racing Database / FIA Timing Sheets
2023,13,lawson,2,10,15:18:37,30.836,Base Oficial Ergast Motor Racing Database / FIA Timing Sheets
2023,13,lawson,3,17,15:29:22,19.6,Base Oficial Ergast Motor Racing Database / FIA Timing Sheets
2023,13,lawson,4,46,16:09:09,19.192,Base Oficial Ergast Motor Racing Database / FIA Timing Sheets
2023,13,lawson,5,59,16:25:48,19.307,Base Oficial Ergast Motor Racing Database / FIA Timing Sheets
2023,13,lawson,6,63,16:32:43,,Base Oficial Ergast Motor Racing Database / FIA Timing Sheets
2023,13,lawson,7,64,17:14:27,31.306,Base Oficial Ergast Motor Racing Database / FIA Timing Sheets
2023,13,leclerc,1,1,15:04:46,32.686,Base Oficial Ergast Motor Racing Database / FIA Timing Sheets
2023,13,leclerc,2,11,15:19:46,27.202,Base Oficial Ergast Motor Racing Database / FIA Timing Sheets
2023,13,max_verstappen,1,2,15:06:25,20.379,Base Oficial Ergast Motor Racing Database / FIA Timing Sheets
2023,13,max_verstappen,2,11,15:19:24,19.289,Base Oficial Ergast Motor Racing Database / FIA Timing Sheets
2023,13,max_verstappen,3,49,16:11:52,18.706,Base Oficial Ergast Motor Racing Database / FIA Timing Sheets
2023,13,max_verstappen,4,61,16:27:10,19.429,Base Oficial Ergast Motor Racing Database / FIA Timing Sheets
2023,13,max_verstappen,5,63,16:30:26,20.402,Base Oficial Ergast Motor Racing Database / FIA Timing Sheets
2023,13,max_verstappen,6,64,16:32:50,,Base Oficial Ergast Motor Racing Database / FIA Timing Sheets
2023,13,norris,1,3,15:08:18,20.17,Base Oficial Ergast Motor Racing Database / FIA Timing Sheets
2023,13,norris,2,10,15:18:33,20.395,Base Oficial Ergast Motor Racing Database / FIA Timing Sheets
2023,13,norris,3,42,16:03:37,18.878,Base Oficial Ergast Motor Racing Database / FIA Timing Sheets
2023,13,norris,4,60,16:26:35,19.871,Base Oficial Ergast Motor Racing Database / FIA Timing Sheets
2023,13,norris,5,63,16:31:28,,Base Oficial Ergast Motor Racing Database / FIA Timing Sheets
2023,13,norris,6,64,17:13:49,44.272,Base Oficial Ergast Motor Racing Database / FIA Timing Sheets
2023,13,ocon,1,2,15:06:39,22.534,Base Oficial Ergast Motor Racing Database / FIA Timing Sheets
2023,13,ocon,2,10,15:18:26,19.795,Base Oficial Ergast Motor Racing Database / FIA Timing Sheets
2023,13,ocon,3,43,16:04:50,19.024,Base Oficial Ergast Motor Racing Database / FIA Timing Sheets
2023,13,ocon,4,61,16:28:03,22.096,Base Oficial Ergast Motor Racing Database / FIA Timing Sheets
2023,13,ocon,5,63,16:31:53,,Base Oficial Ergast Motor Racing Database / FIA Timing Sheets
2023,13,ocon,6,64,17:14:09,37.037,Base Oficial Ergast Motor Racing Database / FIA Timing Sheets
2023,13,perez,1,1,15:04:43,22.666,Base Oficial Ergast Motor Racing Database / FIA Timing Sheets
2023,13,perez,2,12,15:20:46,19.46,Base Oficial Ergast Motor Racing Database / FIA Timing Sheets
2023,13,perez,3,45,16:06:58,18.789,Base Oficial Ergast Motor Racing Database / FIA Timing Sheets
2023,13,perez,4,60,16:26:00,27.596,Base Oficial Ergast Motor Racing Database / FIA Timing Sheets
2023,13,perez,5,63,16:31:04,,Base Oficial Ergast Motor Racing Database / FIA Timing Sheets
2023,13,perez,6,64,17:13:46,35.592,Base Oficial Ergast Motor Racing Database / FIA Timing Sheets
2023,13,piastri,1,15,15:25:18,18.979,Base Oficial Ergast Motor Racing Database / FIA Timing Sheets
2023,13,piastri,2,46,16:08:46,19.12,Base Oficial Ergast Motor Racing Database / FIA Timing Sheets
2023,13,piastri,3,60,16:26:40,22.376,Base Oficial Ergast Motor Racing Database / FIA Timing Sheets
2023,13,piastri,4,63,16:31:49,,Base Oficial Ergast Motor Racing Database / FIA Timing Sheets
2023,13,piastri,5,64,17:14:06,38.453,Base Oficial Ergast Motor Racing Database / FIA Timing Sheets
2023,13,russell,1,4,15:10:00,21.201,Base Oficial Ergast Motor Racing Database / FIA Timing Sheets
2023,13,russell,2,10,15:18:55,20.148,Base Oficial Ergast Motor Racing Database / FIA Timing Sheets
2023,13,russell,3,16,15:27:30,19.607,Base Oficial Ergast Motor Racing Database / FIA Timing Sheets
2023,13,russell,4,60,16:26:34,24.019,Base Oficial Ergast Motor Racing Database / FIA Timing Sheets
2023,13,russell,5,63,16:31:31,,Base Oficial Ergast Motor Racing Database / FIA Timing Sheets
2023,13,russell,6,64,17:13:59,39.845,Base Oficial Ergast Motor Racing Database / FIA Timing Sheets
2023,13,russell,7,67,17:20:51,22.379,Base Oficial Ergast Motor Racing Database / FIA Timing Sheets
2023,13,sainz,1,2,15:06:31,20.973,Base Oficial Ergast Motor Racing Database / FIA Timing Sheets
2023,13,sainz,2,10,15:18:16,19.511,Base Oficial Ergast Motor Racing Database / FIA Timing Sheets
2023,13,sainz,3,41,16:02:07,19.398,Base Oficial Ergast Motor Racing Database / FIA Timing Sheets
2023,13,sainz,4,60,16:26:22,19.838,Base Oficial Ergast Motor Racing Database / FIA Timing Sheets
2023,13,sainz,5,64,16:33:44,,Base Oficial Ergast Motor Racing Database / FIA Timing Sheets
2023,13,stroll,1,4,15:10:16,20.036,Base Oficial Ergast Motor Racing Database / FIA Timing Sheets
2023,13,stroll,2,9,15:17:44,20.208,Base Oficial Ergast Motor Racing Database / FIA Timing Sheets
2023,13,stroll,3,16,15:27:53,19.653,Base Oficial Ergast Motor Racing Database / FIA Timing Sheets
2023,13,stroll,4,34,15:53:38,19.923,Base Oficial Ergast Motor Racing Database / FIA Timing Sheets
2023,13,stroll,5,60,16:26:58,21.532,Base Oficial Ergast Motor Racing Database / FIA Timing Sheets
2023,13,stroll,6,63,16:32:20,,Base Oficial Ergast Motor Racing Database / FIA Timing Sheets
2023,13,stroll,7,64,17:14:17,33.553,Base Oficial Ergast Motor Racing Database / FIA Timing Sheets
2023,13,tsunoda,1,1,15:04:50,32.321,Base Oficial Ergast Motor Racing Database / FIA Timing Sheets
2023,13,tsunoda,2,10,15:18:24,18.904,Base Oficial Ergast Motor Racing Database / FIA Timing Sheets
2023,13,tsunoda,3,60,16:26:50,20.602,Base Oficial Ergast Motor Racing Database / FIA Timing Sheets
2023,13,tsunoda,4,63,16:32:13,,Base Oficial Ergast Motor Racing Database / FIA Timing Sheets
2023,13,tsunoda,5,64,17:14:14,34.901,Base Oficial Ergast Motor Racing Database / FIA Timing Sheets
2023,13,zhou,1,1,15:04:49,23.088,Base Oficial Ergast Motor Racing Database / FIA Timing Sheets
2023,13,zhou,2,10,15:18:09,20.231,Base Oficial Ergast Motor Racing Database / FIA Timing Sheets
2023,13,zhou,3,37,15:57:19,20.469,Base Oficial Ergast Motor Racing Database / FIA Timing Sheets
2023,13,zhou,4,60,16:26:53,21.439,Base Oficial Ergast Motor Racing Database / FIA Timing Sheets
2023,14,albon,1,15,15:45:13,24.538,Base Oficial Ergast Motor Racing Database / FIA Timing Sheets
2023,14,alonso,1,21,15:54:03,24.798,Base Oficial Ergast Motor Racing Database / FIA Timing Sheets
2023,14,bottas,1,25,16:00:06,24.658,Base Oficial Ergast Motor Racing Database / FIA Timing Sheets
2023,14,gasly,1,10,15:38:07,27.376,Base Oficial Ergast Motor Racing Database / FIA Timing Sheets
2023,14,gasly,2,31,16:09:08,24.686,Base Oficial Ergast Motor Racing Database / FIA Timing Sheets
2023,14,hamilton,1,27,16:02:46,24.255,Base Oficial Ergast Motor Racing Database / FIA Timing Sheets
2023,14,hulkenberg,1,14,15:43:56,26.095,Base Oficial Ergast Motor Racing Database / FIA Timing Sheets
2023,14,hulkenberg,2,39,16:20:52,24.328,Base Oficial Ergast Motor Racing Database / FIA Timing Sheets
2023,14,kevin_magnussen,1,12,15:41:12,24.66,Base Oficial Ergast Motor Racing Database / FIA Timing Sheets
2023,14,kevin_magnussen,2,33,16:12:15,24.765,Base Oficial Ergast Motor Racing Database / FIA Timing Sheets
2023,14,lawson,1,13,15:42:27,24.212,Base Oficial Ergast Motor Racing Database / FIA Timing Sheets
2023,14,lawson,2,33,16:11:56,24.281,Base Oficial Ergast Motor Racing Database / FIA Timing Sheets
2023,14,leclerc,1,20,15:52:19,23.931,Base Oficial Ergast Motor Racing Database / FIA Timing Sheets
2023,14,max_verstappen,1,20,15:52:13,24.228,Base Oficial Ergast Motor Racing Database / FIA Timing Sheets
2023,14,norris,1,22,15:55:26,23.727,Base Oficial Ergast Motor Racing Database / FIA Timing Sheets
2023,14,ocon,1,24,15:58:45,24.249,Base Oficial Ergast Motor Racing Database / FIA Timing Sheets
2023,14,perez,1,21,15:53:46,23.819,Base Oficial Ergast Motor Racing Database / FIA Timing Sheets
2023,14,piastri,1,23,15:56:53,24.133,Base Oficial Ergast Motor Racing Database / FIA Timing Sheets
2023,14,piastri,2,41,16:23:21,31.799,Base Oficial Ergast Motor Racing Database / FIA Timing Sheets
2023,14,russell,1,19,15:50:56,24.215,Base Oficial Ergast Motor Racing Database / FIA Timing Sheets
2023,14,sainz,1,19,15:50:52,25.183,Base Oficial Ergast Motor Racing Database / FIA Timing Sheets
2023,14,sargeant,1,14,15:43:57,24.779,Base Oficial Ergast Motor Racing Database / FIA Timing Sheets
2023,14,stroll,1,20,15:52:50,25.667,Base Oficial Ergast Motor Racing Database / FIA Timing Sheets
2023,14,zhou,1,11,15:39:33,24.396,Base Oficial Ergast Motor Racing Database / FIA Timing Sheets
2023,14,zhou,2,33,16:11:58,25.959,Base Oficial Ergast Motor Racing Database / FIA Timing Sheets
2023,15,albon,1,20,20:37:59,30.138,Base Oficial Ergast Motor Racing Database / FIA Timing Sheets
2023,15,albon,2,43,21:18:51,29.787,Base Oficial Ergast Motor Racing Database / FIA Timing Sheets
2023,15,alonso,1,20,20:37:39,30.67,Base Oficial Ergast Motor Racing Database / FIA Timing Sheets
2023,15,alonso,2,44,21:20:59,52.708,Base Oficial Ergast Motor Racing Database / FIA Timing Sheets
2023,15,bottas,1,40,21:13:47,30.487,Base Oficial Ergast Motor Racing Database / FIA Timing Sheets
2023,15,gasly,1,20,20:37:54,31.802,Base Oficial Ergast Motor Racing Database / FIA Timing Sheets
2023,15,hamilton,1,20,20:37:33,32.631,Base Oficial Ergast Motor Racing Database / FIA Timing Sheets
2023,15,hamilton,2,44,21:20:24,33.581,Base Oficial Ergast Motor Racing Database / FIA Timing Sheets
2023,15,hulkenberg,1,20,20:37:53,35.497,Base Oficial Ergast Motor Racing Database / FIA Timing Sheets
2023,15,kevin_magnussen,1,20,20:37:50,31.475,Base Oficial Ergast Motor Racing Database / FIA Timing Sheets
2023,15,kevin_magnussen,2,43,21:19:04,33.078,Base Oficial Ergast Motor Racing Database / FIA Timing Sheets
2023,15,lawson,1,20,20:37:55,32.348,Base Oficial Ergast Motor Racing Database / FIA Timing Sheets
2023,15,leclerc,1,20,20:37:28,32.888,Base Oficial Ergast Motor Racing Database / FIA Timing Sheets
2023,15,max_verstappen,1,40,21:13:21,29.698,Base Oficial Ergast Motor Racing Database / FIA Timing Sheets
2023,15,norris,1,20,20:37:31,29.485,Base Oficial Ergast Motor Racing Database / FIA Timing Sheets
2023,15,ocon,1,20,20:37:43,29.755,Base Oficial Ergast Motor Racing Database / FIA Timing Sheets
2023,15,perez,1,39,21:11:53,28.977,Base Oficial Ergast Motor Racing Database / FIA Timing Sheets
2023,15,piastri,1,20,20:37:58,29.369,Base Oficial Ergast Motor Racing Database / FIA Timing Sheets
2023,15,russell,1,20,20:37:29,29.976,Base Oficial Ergast Motor Racing Database / FIA Timing Sheets
2023,15,russell,2,44,21:20:21,30.039,Base Oficial Ergast Motor Racing Database / FIA Timing Sheets
2023,15,sainz,1,20,20:37:19,29.499,Base Oficial Ergast Motor Racing Database / FIA Timing Sheets
2023,15,sargeant,1,19,20:36:42,,Base Oficial Ergast Motor Racing Database / FIA Timing Sheets
2023,15,sargeant,2,43,21:19:17,31.018,Base Oficial Ergast Motor Racing Database / FIA Timing Sheets
2023,15,zhou,1,2,20:07:21,30.032,Base Oficial Ergast Motor Racing Database / FIA Timing Sheets
2023,15,zhou,2,20,20:38:30,30.637,Base Oficial Ergast Motor Racing Database / FIA Timing Sheets
2023,16,albon,1,1,14:06:29,50.143,Base Oficial Ergast Motor Racing Database / FIA Timing Sheets
2023,16,albon,2,13,14:29:58,52.165,Base Oficial Ergast Motor Racing Database / FIA Timing Sheets
2023,16,alonso,1,11,14:26:10,24.086,Base Oficial Ergast Motor Racing Database / FIA Timing Sheets
2023,16,alonso,2,25,14:50:07,24.294,Base Oficial Ergast Motor Racing Database / FIA Timing Sheets
2023,16,bottas,1,1,14:06:58,55.802,Base Oficial Ergast Motor Racing Database / FIA Timing Sheets
2023,16,bottas,2,6,14:18:28,53.512,Base Oficial Ergast Motor Racing Database / FIA Timing Sheets
2023,16,gasly,1,18,14:38:20,24.488,Base Oficial Ergast Motor Racing Database / FIA Timing Sheets
2023,16,gasly,2,34,15:05:03,24.651,Base Oficial Ergast Motor Racing Database / FIA Timing Sheets
2023,16,hamilton,1,16,14:34:49,24.841,Base Oficial Ergast Motor Racing Database / FIA Timing Sheets
2023,16,hamilton,2,34,15:04:43,23.631,Base Oficial Ergast Motor Racing Database / FIA Timing Sheets
2023,16,hulkenberg,1,8,14:21:18,23.52,Base Oficial Ergast Motor Racing Database / FIA Timing Sheets
2023,16,hulkenberg,2,21,14:43:39,23.66,Base Oficial Ergast Motor Racing Database / FIA Timing Sheets
2023,16,hulkenberg,3,37,15:10:23,23.338,Base Oficial Ergast Motor Racing Database / FIA Timing Sheets
2023,16,kevin_magnussen,1,12,14:28:23,23.816,Base Oficial Ergast Motor Racing Database / FIA Timing Sheets
2023,16,kevin_magnussen,2,31,15:00:39,23.858,Base Oficial Ergast Motor Racing Database / FIA Timing Sheets
2023,16,lawson,1,10,14:24:35,23.136,Base Oficial Ergast Motor Racing Database / FIA Timing Sheets
2023,16,lawson,2,25,14:50:20,23.671,Base Oficial Ergast Motor Racing Database / FIA Timing Sheets
2023,16,leclerc,1,17,14:36:23,23.197,Base Oficial Ergast Motor Racing Database / FIA Timing Sheets
2023,16,leclerc,2,34,15:04:38,22.926,Base Oficial Ergast Motor Racing Database / FIA Timing Sheets
2023,16,max_verstappen,1,16,14:34:31,24.382,Base Oficial Ergast Motor Racing Database / FIA Timing Sheets
2023,16,max_verstappen,2,37,15:09:05,23.696,Base Oficial Ergast Motor Racing Database / FIA Timing Sheets
2023,16,norris,1,17,14:36:20,23.523,Base Oficial Ergast Motor Racing Database / FIA Timing Sheets
2023,16,norris,2,36,15:07:43,23.182,Base Oficial Ergast Motor Racing Database / FIA Timing Sheets
2023,16,ocon,1,1,14:06:45,27.056,Base Oficial Ergast Motor Racing Database / FIA Timing Sheets
2023,16,ocon,2,28,14:55:08,23.789,Base Oficial Ergast Motor Racing Database / FIA Timing Sheets
2023,16,perez,1,2,14:08:56,32.45,Base Oficial Ergast Motor Racing Database / FIA Timing Sheets
2023,16,perez,2,12,14:28:22,41.499,Base Oficial Ergast Motor Racing Database / FIA Timing Sheets
2023,16,perez,3,13,14:31:50,,Base Oficial Ergast Motor Racing Database / FIA Timing Sheets
2023,16,perez,4,14,15:14:59,30.651,Base Oficial Ergast Motor Racing Database / FIA Timing Sheets
2023,16,piastri,1,13,14:29:24,24.455,Base Oficial Ergast Motor Racing Database / FIA Timing Sheets
2023,16,piastri,2,35,15:06:11,23.198,Base Oficial Ergast Motor Racing Database / FIA Timing Sheets
2023,16,russell,1,24,14:48:05,24.034,Base Oficial Ergast Motor Racing Database / FIA Timing Sheets
2023,16,sainz,1,18,14:38:04,23.075,Base Oficial Ergast Motor Racing Database / FIA Timing Sheets
2023,16,sainz,2,38,15:11:15,23.374,Base Oficial Ergast Motor Racing Database / FIA Timing Sheets
2023,16,sargeant,1,2,14:09:11,32.715,Base Oficial Ergast Motor Racing Database / FIA Timing Sheets
2023,16,sargeant,2,5,14:16:24,43.868,Base Oficial Ergast Motor Racing Database / FIA Timing Sheets
2023,16,sargeant,3,21,14:44:16,35.182,Base Oficial Ergast Motor Racing Database / FIA Timing Sheets
2023,16,stroll,1,14,14:31:37,23.441,Base Oficial Ergast Motor Racing Database / FIA Timing Sheets
2023,16,tsunoda,1,9,14:22:56,22.944,Base Oficial Ergast Motor Racing Database / FIA Timing Sheets
2023,16,tsunoda,2,30,14:58:41,23.327,Base Oficial Ergast Motor Racing Database / FIA Timing Sheets
2023,16,zhou,1,1,14:06:34,41.041,Base Oficial Ergast Motor Racing Database / FIA Timing Sheets
2023,16,zhou,2,10,14:24:44,24.091,Base Oficial Ergast Motor Racing Database / FIA Timing Sheets
2023,16,zhou,3,29,14:57:06,24.116,Base Oficial Ergast Motor Racing Database / FIA Timing Sheets
2023,17,albon,1,18,20:33:58,29.253,Base Oficial Ergast Motor Racing Database / FIA Timing Sheets
2023,17,albon,2,31,20:53:43,28.747,Base Oficial Ergast Motor Racing Database / FIA Timing Sheets
2023,17,albon,3,44,21:13:12,28.981,Base Oficial Ergast Motor Racing Database / FIA Timing Sheets
2023,17,alonso,1,11,20:23:19,28.373,Base Oficial Ergast Motor Racing Database / FIA Timing Sheets
2023,17,alonso,2,26,20:46:01,28.432,Base Oficial Ergast Motor Racing Database / FIA Timing Sheets
2023,17,alonso,3,44,21:12:50,28.393,Base Oficial Ergast Motor Racing Database / FIA Timing Sheets
2023,17,bottas,1,3,20:10:22,29.977,Base Oficial Ergast Motor Racing Database / FIA Timing Sheets
2023,17,bottas,2,21,20:38:42,29.387,Base Oficial Ergast Motor Racing Database / FIA Timing Sheets
2023,17,bottas,3,39,21:05:42,28.946,Base Oficial Ergast Motor Racing Database / FIA Timing Sheets
2023,17,gasly,1,11,20:23:25,28.429,Base Oficial Ergast Motor Racing Database / FIA Timing Sheets
2023,17,gasly,2,26,20:46:12,30.192,Base Oficial Ergast Motor Racing Database / FIA Timing Sheets
2023,17,gasly,3,44,21:12:58,34.856,Base Oficial Ergast Motor Racing Database / FIA Timing Sheets
2023,17,hulkenberg,1,13,20:26:32,39.879,Base Oficial Ergast Motor Racing Database / FIA Timing Sheets
2023,17,hulkenberg,2,27,20:47:58,28.274,Base Oficial Ergast Motor Racing Database / FIA Timing Sheets
2023,17,hulkenberg,3,39,21:06:08,28.591,Base Oficial Ergast Motor Racing Database / FIA Timing Sheets
2023,17,kevin_magnussen,1,3,20:10:26,28.743,Base Oficial Ergast Motor Racing Database / FIA Timing Sheets
2023,17,kevin_magnussen,2,21,20:38:52,28.948,Base Oficial Ergast Motor Racing Database / FIA Timing Sheets
2023,17,kevin_magnussen,3,39,21:05:53,30.331,Base Oficial Ergast Motor Racing Database / FIA Timing Sheets
2023,17,lawson,1,3,20:10:28,29.33,Base Oficial Ergast Motor Racing Database / FIA Timing Sheets
2023,17,lawson,2,21,20:38:54,28.665,Base Oficial Ergast Motor Racing Database / FIA Timing Sheets
2023,17,lawson,3,39,21:06:05,28.171,Base Oficial Ergast Motor Racing Database / FIA Timing Sheets
2023,17,leclerc,1,12,20:24:49,28.228,Base Oficial Ergast Motor Racing Database / FIA Timing Sheets
2023,17,leclerc,2,25,20:44:40,27.873,Base Oficial Ergast Motor Racing Database / FIA Timing Sheets
2023,17,leclerc,3,43,21:11:17,27.513,Base Oficial Ergast Motor Racing Database / FIA Timing Sheets
2023,17,max_verstappen,1,17,20:32:05,28.233,Base Oficial Ergast Motor Racing Database / FIA Timing Sheets
2023,17,max_verstappen,2,34,20:57:24,28.103,Base Oficial Ergast Motor Racing Database / FIA Timing Sheets
2023,17,max_verstappen,3,51,21:22:13,29.726,Base Oficial Ergast Motor Racing Database / FIA Timing Sheets
2023,17,norris,1,13,20:26:21,28.134,Base Oficial Ergast Motor Racing Database / FIA Timing Sheets
2023,17,norris,2,27,20:47:29,27.611,Base Oficial Ergast Motor Racing Database / FIA Timing Sheets
2023,17,norris,3,44,21:12:24,27.677,Base Oficial Ergast Motor Racing Database / FIA Timing Sheets
2023,17,ocon,1,10,20:21:53,28.961,Base Oficial Ergast Motor Racing Database / FIA Timing Sheets
2023,17,ocon,2,25,20:44:42,28.969,Base Oficial Ergast Motor Racing Database / FIA Timing Sheets
2023,17,ocon,3,43,21:11:27,29.169,Base Oficial Ergast Motor Racing Database / FIA Timing Sheets
2023,17,perez,1,17,20:32:32,27.808,Base Oficial Ergast Motor Racing Database / FIA Timing Sheets
2023,17,perez,2,31,20:53:34,33.246,Base Oficial Ergast Motor Racing Database / FIA Timing Sheets
2023,17,perez,3,43,21:11:35,33.165,Base Oficial Ergast Motor Racing Database / FIA Timing Sheets
2023,17,piastri,1,12,20:24:45,28.875,Base Oficial Ergast Motor Racing Database / FIA Timing Sheets
2023,17,piastri,2,25,20:44:26,27.868,Base Oficial Ergast Motor Racing Database / FIA Timing Sheets
2023,17,piastri,3,43,21:10:55,27.489,Base Oficial Ergast Motor Racing Database / FIA Timing Sheets
2023,17,russell,1,1,20:05:46,39.686,Base Oficial Ergast Motor Racing Database / FIA Timing Sheets
2023,17,russell,2,14,20:27:57,28.542,Base Oficial Ergast Motor Racing Database / FIA Timing Sheets
2023,17,russell,3,32,20:54:52,28.314,Base Oficial Ergast Motor Racing Database / FIA Timing Sheets
2023,17,russell,4,50,21:21:11,28.191,Base Oficial Ergast Motor Racing Database / FIA Timing Sheets
2023,17,sargeant,1,13,20:26:35,29.436,Base Oficial Ergast Motor Racing Database / FIA Timing Sheets
2023,17,sargeant,2,26,20:46:27,29.373,Base Oficial Ergast Motor Racing Database / FIA Timing Sheets
2023,17,stroll,1,3,20:10:27,28.886,Base Oficial Ergast Motor Racing Database / FIA Timing Sheets
2023,17,stroll,2,21,20:38:45,28.156,Base Oficial Ergast Motor Racing Database / FIA Timing Sheets
2023,17,stroll,3,39,21:05:45,29.399,Base Oficial Ergast Motor Racing Database / FIA Timing Sheets
2023,17,tsunoda,1,9,20:20:28,27.781,Base Oficial Ergast Motor Racing Database / FIA Timing Sheets
2023,17,tsunoda,2,22,20:40:25,27.596,Base Oficial Ergast Motor Racing Database / FIA Timing Sheets
2023,17,tsunoda,3,40,21:07:30,27.809,Base Oficial Ergast Motor Racing Database / FIA Timing Sheets
2023,17,zhou,1,18,20:34:06,28.984,Base Oficial Ergast Motor Racing Database / FIA Timing Sheets
2023,17,zhou,2,35,20:59:41,28.854,Base Oficial Ergast Motor Racing Database / FIA Timing Sheets
2023,17,zhou,3,52,21:24:48,28.815,Base Oficial Ergast Motor Racing Database / FIA Timing Sheets
2023,18,albon,1,10,14:21:07,24.563,Base Oficial Ergast Motor Racing Database / FIA Timing Sheets
2023,18,albon,2,29,14:54:08,24.354,Base Oficial Ergast Motor Racing Database / FIA Timing Sheets
2023,18,alonso,1,19,14:36:41,25.055,Base Oficial Ergast Motor Racing Database / FIA Timing Sheets
2023,18,alonso,2,42,15:16:00,24.823,Base Oficial Ergast Motor Racing Database / FIA Timing Sheets
2023,18,bottas,1,10,14:21:09,24.783,Base Oficial Ergast Motor Racing Database / FIA Timing Sheets
2023,18,bottas,2,28,14:52:29,25.02,Base Oficial Ergast Motor Racing Database / FIA Timing Sheets
2023,18,gasly,1,18,14:34:46,23.9,Base Oficial Ergast Motor Racing Database / FIA Timing Sheets
2023,18,gasly,2,37,15:07:28,24.88,Base Oficial Ergast Motor Racing Database / FIA Timing Sheets
2023,18,hamilton,1,20,14:37:53,24.916,Base Oficial Ergast Motor Racing Database / FIA Timing Sheets
2023,18,hamilton,2,38,15:08:41,24.648,Base Oficial Ergast Motor Racing Database / FIA Timing Sheets
2023,18,hulkenberg,1,19,14:36:48,26.573,Base Oficial Ergast Motor Racing Database / FIA Timing Sheets
2023,18,hulkenberg,2,34,15:02:47,24.308,Base Oficial Ergast Motor Racing Database / FIA Timing Sheets
2023,18,kevin_magnussen,1,10,14:21:11,25.067,Base Oficial Ergast Motor Racing Database / FIA Timing Sheets
2023,18,kevin_magnussen,2,29,14:54:24,24.745,Base Oficial Ergast Motor Racing Database / FIA Timing Sheets
2023,18,leclerc,1,23,14:43:10,23.963,Base Oficial Ergast Motor Racing Database / FIA Timing Sheets
2023,18,max_verstappen,1,16,14:31:06,23.756,Base Oficial Ergast Motor Racing Database / FIA Timing Sheets
2023,18,max_verstappen,2,35,15:03:31,24.974,Base Oficial Ergast Motor Racing Database / FIA Timing Sheets
2023,18,norris,1,17,14:32:42,24.155,Base Oficial Ergast Motor Racing Database / FIA Timing Sheets
2023,18,norris,2,34,15:01:53,23.361,Base Oficial Ergast Motor Racing Database / FIA Timing Sheets
2023,18,perez,1,17,14:32:58,24.245,Base Oficial Ergast Motor Racing Database / FIA Timing Sheets
2023,18,perez,2,37,15:07:07,23.747,Base Oficial Ergast Motor Racing Database / FIA Timing Sheets
2023,18,ricciardo,1,23,14:43:10,23.963,Base Oficial Ergast Motor Racing Database / FIA Timing Sheets
2023,18,ricciardo,2,47,15:25:15,26.513,Base Oficial Ergast Motor Racing Database / FIA Timing Sheets
2023,18,russell,1,21,14:39:49,24.357,Base Oficial Ergast Motor Racing Database / FIA Timing Sheets
2023,18,russell,2,39,15:10:47,23.969,Base Oficial Ergast Motor Racing Database / FIA Timing Sheets
2023,18,sainz,1,17,14:32:54,23.668,Base Oficial Ergast Motor Racing Database / FIA Timing Sheets
2023,18,sainz,2,35,15:03:42,23.673,Base Oficial Ergast Motor Racing Database / FIA Timing Sheets
2023,18,sargeant,1,11,14:22:55,24.99,Base Oficial Ergast Motor Racing Database / FIA Timing Sheets
2023,18,sargeant,2,32,14:59:24,25.547,Base Oficial Ergast Motor Racing Database / FIA Timing Sheets
2023,18,stroll,1,20,14:38:28,24.457,Base Oficial Ergast Motor Racing Database / FIA Timing Sheets
2023,18,stroll,2,40,15:12:45,23.955,Base Oficial Ergast Motor Racing Database / FIA Timing Sheets
2023,18,tsunoda,1,17,14:33:06,24.354,Base Oficial Ergast Motor Racing Database / FIA Timing Sheets
2023,18,tsunoda,2,34,15:02:26,24.125,Base Oficial Ergast Motor Racing Database / FIA Timing Sheets
2023,18,tsunoda,3,54,15:36:35,23.472,Base Oficial Ergast Motor Racing Database / FIA Timing Sheets
2023,18,zhou,1,9,14:19:22,25.636,Base Oficial Ergast Motor Racing Database / FIA Timing Sheets
2023,18,zhou,2,27,14:50:48,24.717,Base Oficial Ergast Motor Racing Database / FIA Timing Sheets
2023,19,albon,1,33,14:50:54,23.68,Base Oficial Ergast Motor Racing Database / FIA Timing Sheets
2023,19,albon,2,34,14:53:22,,Base Oficial Ergast Motor Racing Database / FIA Timing Sheets
2023,19,alonso,1,29,14:45:06,22.844,Base Oficial Ergast Motor Racing Database / FIA Timing Sheets
2023,19,alonso,2,34,14:53:42,,Base Oficial Ergast Motor Racing Database / FIA Timing Sheets
2023,19,bottas,1,31,14:47:48,23.638,Base Oficial Ergast Motor Racing Database / FIA Timing Sheets
2023,19,bottas,2,34,14:53:35,,Base Oficial Ergast Motor Racing Database / FIA Timing Sheets
2023,19,gasly,1,28,14:43:24,22.627,Base Oficial Ergast Motor Racing Database / FIA Timing Sheets
2023,19,gasly,2,34,14:53:20,,Base Oficial Ergast Motor Racing Database / FIA Timing Sheets
2023,19,hamilton,1,24,14:37:21,22.21,Base Oficial Ergast Motor Racing Database / FIA Timing Sheets
2023,19,hamilton,2,34,14:52:59,,Base Oficial Ergast Motor Racing Database / FIA Timing Sheets
2023,19,hulkenberg,1,23,14:36:19,23.144,Base Oficial Ergast Motor Racing Database / FIA Timing Sheets
2023,19,hulkenberg,2,34,14:53:15,,Base Oficial Ergast Motor Racing Database / FIA Timing Sheets
2023,19,kevin_magnussen,1,23,14:36:27,23.642,Base Oficial Ergast Motor Racing Database / FIA Timing Sheets
2023,19,leclerc,1,31,14:47:01,22.248,Base Oficial Ergast Motor Racing Database / FIA Timing Sheets
2023,19,leclerc,2,34,14:52:57,,Base Oficial Ergast Motor Racing Database / FIA Timing Sheets
2023,19,max_verstappen,1,19,14:30:10,22.427,Base Oficial Ergast Motor Racing Database / FIA Timing Sheets
2023,19,max_verstappen,2,33,14:50:02,22.372,Base Oficial Ergast Motor Racing Database / FIA Timing Sheets
2023,19,max_verstappen,3,34,14:52:56,,Base Oficial Ergast Motor Racing Database / FIA Timing Sheets
2023,19,norris,1,11,14:19:23,23.408,Base Oficial Ergast Motor Racing Database / FIA Timing Sheets
2023,19,norris,2,33,14:50:50,22.563,Base Oficial Ergast Motor Racing Database / FIA Timing Sheets
2023,19,norris,3,34,14:53:17,,Base Oficial Ergast Motor Racing Database / FIA Timing Sheets
2023,19,ocon,1,34,14:53:30,,Base Oficial Ergast Motor Racing Database / FIA Timing Sheets
2023,19,piastri,1,25,14:38:53,23.734,Base Oficial Ergast Motor Racing Database / FIA Timing Sheets
2023,19,piastri,2,34,14:53:04,,Base Oficial Ergast Motor Racing Database / FIA Timing Sheets
2023,19,ricciardo,1,27,14:41:39,22.406,Base Oficial Ergast Motor Racing Database / FIA Timing Sheets
2023,19,ricciardo,2,34,14:53:02,,Base Oficial Ergast Motor Racing Database / FIA Timing Sheets
2023,19,russell,1,26,14:40:18,22.311,Base Oficial Ergast Motor Racing Database / FIA Timing Sheets
2023,19,russell,2,34,14:53:10,,Base Oficial Ergast Motor Racing Database / FIA Timing Sheets
2023,19,sainz,1,30,14:45:46,22.067,Base Oficial Ergast Motor Racing Database / FIA Timing Sheets
2023,19,sainz,2,34,14:53:00,,Base Oficial Ergast Motor Racing Database / FIA Timing Sheets
2023,19,sargeant,1,22,14:35:03,23.945,Base Oficial Ergast Motor Racing Database / FIA Timing Sheets
2023,19,sargeant,2,34,14:53:33,,Base Oficial Ergast Motor Racing Database / FIA Timing Sheets
2023,19,stroll,1,30,14:46:28,22.582,Base Oficial Ergast Motor Racing Database / FIA Timing Sheets
2023,19,stroll,2,34,14:53:38,,Base Oficial Ergast Motor Racing Database / FIA Timing Sheets
2023,19,tsunoda,1,9,14:16:34,30.121,Base Oficial Ergast Motor Racing Database / FIA Timing Sheets
2023,19,tsunoda,2,34,14:53:13,,Base Oficial Ergast Motor Racing Database / FIA Timing Sheets
2023,19,zhou,1,21,14:33:34,22.817,Base Oficial Ergast Motor Racing Database / FIA Timing Sheets
2023,19,zhou,2,34,14:53:24,,Base Oficial Ergast Motor Racing Database / FIA Timing Sheets
2023,20,alonso,1,1,14:05:26,18.487,Base Oficial Ergast Motor Racing Database / FIA Timing Sheets
2023,20,alonso,2,2,14:07:47,,Base Oficial Ergast Motor Racing Database / FIA Timing Sheets
2023,20,alonso,3,25,15:02:12,24.204,Base Oficial Ergast Motor Racing Database / FIA Timing Sheets
2023,20,alonso,4,47,15:30:25,23.83,Base Oficial Ergast Motor Racing Database / FIA Timing Sheets
2023,20,bottas,1,1,14:05:41,20.732,Base Oficial Ergast Motor Racing Database / FIA Timing Sheets
2023,20,bottas,2,2,14:08:05,,Base Oficial Ergast Motor Racing Database / FIA Timing Sheets
2023,20,bottas,3,18,14:53:31,24.077,Base Oficial Ergast Motor Racing Database / FIA Timing Sheets
2023,20,gasly,1,1,14:05:40,20.523,Base Oficial Ergast Motor Racing Database / FIA Timing Sheets
2023,20,gasly,2,2,14:08:04,,Base Oficial Ergast Motor Racing Database / FIA Timing Sheets
2023,20,gasly,3,26,15:03:46,25.295,Base Oficial Ergast Motor Racing Database / FIA Timing Sheets
2023,20,gasly,4,46,15:29:32,23.583,Base Oficial Ergast Motor Racing Database / FIA Timing Sheets
2023,20,hamilton,1,1,14:05:24,18.521,Base Oficial Ergast Motor Racing Database / FIA Timing Sheets
2023,20,hamilton,2,2,14:07:46,,Base Oficial Ergast Motor Racing Database / FIA Timing Sheets
2023,20,hamilton,3,18,14:53:23,23.571,Base Oficial Ergast Motor Racing Database / FIA Timing Sheets
2023,20,hamilton,4,46,15:29:28,24.074,Base Oficial Ergast Motor Racing Database / FIA Timing Sheets
2023,20,hulkenberg,1,1,14:05:49,34.261,Base Oficial Ergast Motor Racing Database / FIA Timing Sheets
2023,20,hulkenberg,2,2,14:08:14,,Base Oficial Ergast Motor Racing Database / FIA Timing Sheets
2023,20,hulkenberg,3,21,14:57:33,24.401,Base Oficial Ergast Motor Racing Database / FIA Timing Sheets
2023,20,hulkenberg,4,46,15:30:00,23.841,Base Oficial Ergast Motor Racing Database / FIA Timing Sheets
2023,20,max_verstappen,1,1,14:05:19,18.535,Base Oficial Ergast Motor Racing Database / FIA Timing Sheets
2023,20,max_verstappen,2,2,14:07:42,,Base Oficial Ergast Motor Racing Database / FIA Timing Sheets
2023,20,max_verstappen,3,27,15:04:35,22.994,Base Oficial Ergast Motor Racing Database / FIA Timing Sheets
2023,20,max_verstappen,4,56,15:41:21,23.397,Base Oficial Ergast Motor Racing Database / FIA Timing Sheets
2023,20,norris,1,1,14:05:21,19.386,Base Oficial Ergast Motor Racing Database / FIA Timing Sheets
2023,20,norris,2,2,14:07:44,,Base Oficial Ergast Motor Racing Database / FIA Timing Sheets
2023,20,norris,3,27,15:04:39,23.806,Base Oficial Ergast Motor Racing Database / FIA Timing Sheets
2023,20,norris,4,59,15:45:16,23.664,Base Oficial Ergast Motor Racing Database / FIA Timing Sheets
2023,20,ocon,1,1,14:05:35,22.209,Base Oficial Ergast Motor Racing Database / FIA Timing Sheets
2023,20,ocon,2,2,14:07:59,,Base Oficial Ergast Motor Racing Database / FIA Timing Sheets
2023,20,ocon,3,14,14:48:20,24.037,Base Oficial Ergast Motor Racing Database / FIA Timing Sheets
2023,20,ocon,4,31,15:10:28,24.406,Base Oficial Ergast Motor Racing Database / FIA Timing Sheets
2023,20,ocon,5,51,15:36:12,23.599,Base Oficial Ergast Motor Racing Database / FIA Timing Sheets
2023,20,perez,1,1,14:05:32,20.811,Base Oficial Ergast Motor Racing Database / FIA Timing Sheets
2023,20,perez,2,2,14:07:55,,Base Oficial Ergast Motor Racing Database / FIA Timing Sheets
2023,20,perez,3,20,14:55:57,23.164,Base Oficial Ergast Motor Racing Database / FIA Timing Sheets
2023,20,perez,4,46,15:29:13,23.522,Base Oficial Ergast Motor Racing Database / FIA Timing Sheets
2023,20,piastri,1,1,14:05:36,,Base Oficial Ergast Motor Racing Database / FIA Timing Sheets
2023,20,piastri,2,2,14:33:41,38.489,Base Oficial Ergast Motor Racing Database / FIA Timing Sheets
2023,20,piastri,3,24,15:02:38,23.536,Base Oficial Ergast Motor Racing Database / FIA Timing Sheets
2023,20,piastri,4,52,15:38:37,23.338,Base Oficial Ergast Motor Racing Database / FIA Timing Sheets
2023,20,ricciardo,1,1,14:05:47,,Base Oficial Ergast Motor Racing Database / FIA Timing Sheets
2023,20,ricciardo,2,2,14:33:47,32.77,Base Oficial Ergast Motor Racing Database / FIA Timing Sheets
2023,20,ricciardo,3,26,15:05:07,23.955,Base Oficial Ergast Motor Racing Database / FIA Timing Sheets
2023,20,ricciardo,4,55,15:42:16,23.508,Base Oficial Ergast Motor Racing Database / FIA Timing Sheets
2023,20,russell,1,1,14:05:30,20.449,Base Oficial Ergast Motor Racing Database / FIA Timing Sheets
2023,20,russell,2,2,14:07:53,,Base Oficial Ergast Motor Racing Database / FIA Timing Sheets
2023,20,russell,3,19,14:54:41,23.73,Base Oficial Ergast Motor Racing Database / FIA Timing Sheets
2023,20,russell,4,45,15:28:17,23.962,Base Oficial Ergast Motor Racing Database / FIA Timing Sheets
2023,20,sainz,1,1,14:05:33,23.03,Base Oficial Ergast Motor Racing Database / FIA Timing Sheets
2023,20,sainz,2,2,14:07:57,,Base Oficial Ergast Motor Racing Database / FIA Timing Sheets
2023,20,sainz,3,26,15:03:43,23.557,Base Oficial Ergast Motor Racing Database / FIA Timing Sheets
2023,20,sainz,4,51,15:35:44,23.704,Base Oficial Ergast Motor Racing Database / FIA Timing Sheets
2023,20,sargeant,1,1,14:05:46,27.472,Base Oficial Ergast Motor Racing Database / FIA Timing Sheets
2023,20,sargeant,2,2,14:08:10,,Base Oficial Ergast Motor Racing Database / FIA Timing Sheets
2023,20,sargeant,3,17,14:52:18,24.367,Base Oficial Ergast Motor Racing Database / FIA Timing Sheets
2023,20,sargeant,4,44,15:27:16,24.137,Base Oficial Ergast Motor Racing Database / FIA Timing Sheets
2023,20,stroll,1,1,14:05:28,18.504,Base Oficial Ergast Motor Racing Database / FIA Timing Sheets
2023,20,stroll,2,2,14:07:50,,Base Oficial Ergast Motor Racing Database / FIA Timing Sheets
2023,20,stroll,3,22,14:58:34,23.558,Base Oficial Ergast Motor Racing Database / FIA Timing Sheets
2023,20,stroll,4,52,15:36:55,25.294,Base Oficial Ergast Motor Racing Database / FIA Timing Sheets
2023,20,tsunoda,1,1,14:05:39,20.969,Base Oficial Ergast Motor Racing Database / FIA Timing Sheets
2023,20,tsunoda,2,2,14:08:02,,Base Oficial Ergast Motor Racing Database / FIA Timing Sheets
2023,20,tsunoda,3,26,15:03:48,27.114,Base Oficial Ergast Motor Racing Database / FIA Timing Sheets
2023,20,tsunoda,4,55,15:41:00,23.453,Base Oficial Ergast Motor Racing Database / FIA Timing Sheets
2023,20,zhou,1,1,14:05:45,21.256,Base Oficial Ergast Motor Racing Database / FIA Timing Sheets
2023,20,zhou,2,2,14:08:09,,Base Oficial Ergast Motor Racing Database / FIA Timing Sheets
2023,20,zhou,3,15,14:49:40,23.953,Base Oficial Ergast Motor Racing Database / FIA Timing Sheets
2023,21,albon,1,16,22:35:17,21.242,Base Oficial Ergast Motor Racing Database / FIA Timing Sheets
2023,21,alonso,1,1,22:06:26,29.304,Base Oficial Ergast Motor Racing Database / FIA Timing Sheets
2023,21,alonso,2,26,22:52:17,23.214,Base Oficial Ergast Motor Racing Database / FIA Timing Sheets
2023,21,bottas,1,1,22:06:30,43.914,Base Oficial Ergast Motor Racing Database / FIA Timing Sheets
2023,21,bottas,2,24,22:49:10,21.575,Base Oficial Ergast Motor Racing Database / FIA Timing Sheets
2023,21,gasly,1,17,22:36:53,22.262,Base Oficial Ergast Motor Racing Database / FIA Timing Sheets
2023,21,hamilton,1,17,22:37:11,25.047,Base Oficial Ergast Motor Racing Database / FIA Timing Sheets
2023,21,hamilton,2,26,22:52:49,22.508,Base Oficial Ergast Motor Racing Database / FIA Timing Sheets
2023,21,hulkenberg,1,12,22:28:45,22.154,Base Oficial Ergast Motor Racing Database / FIA Timing Sheets
2023,21,hulkenberg,2,26,22:52:42,25.453,Base Oficial Ergast Motor Racing Database / FIA Timing Sheets
2023,21,kevin_magnussen,1,14,22:32:02,21.611,Base Oficial Ergast Motor Racing Database / FIA Timing Sheets
2023,21,kevin_magnussen,2,26,22:52:38,21.868,Base Oficial Ergast Motor Racing Database / FIA Timing Sheets
2023,21,leclerc,1,21,22:43:18,22.559,Base Oficial Ergast Motor Racing Database / FIA Timing Sheets
2023,21,max_verstappen,1,16,22:35:04,26.686,Base Oficial Ergast Motor Racing Database / FIA Timing Sheets
2023,21,max_verstappen,2,26,22:52:08,21.323,Base Oficial Ergast Motor Racing Database / FIA Timing Sheets
2023,21,ocon,1,20,22:41:58,21.763,Base Oficial Ergast Motor Racing Database / FIA Timing Sheets
2023,21,perez,1,1,22:06:05,33.599,Base Oficial Ergast Motor Racing Database / FIA Timing Sheets
2023,21,perez,2,26,22:51:52,21.568,Base Oficial Ergast Motor Racing Database / FIA Timing Sheets
2023,21,piastri,1,16,22:35:19,23.269,Base Oficial Ergast Motor Racing Database / FIA Timing Sheets
2023,21,piastri,2,43,23:22:11,20.535,Base Oficial Ergast Motor Racing Database / FIA Timing Sheets
2023,21,ricciardo,1,17,22:37:13,22.242,Base Oficial Ergast Motor Racing Database / FIA Timing Sheets
2023,21,russell,1,15,22:33:29,21.257,Base Oficial Ergast Motor Racing Database / FIA Timing Sheets
2023,21,russell,2,26,22:52:11,21.952,Base Oficial Ergast Motor Racing Database / FIA Timing Sheets
2023,21,sainz,1,3,22:10:19,21.261,Base Oficial Ergast Motor Racing Database / FIA Timing Sheets
2023,21,sainz,2,26,22:52:13,22.63,Base Oficial Ergast Motor Racing Database / FIA Timing Sheets
2023,21,sargeant,1,15,22:33:40,21.367,Base Oficial Ergast Motor Racing Database / FIA Timing Sheets
2023,21,stroll,1,3,22:10:06,22.222,Base Oficial Ergast Motor Racing Database / FIA Timing Sheets
2023,21,stroll,2,26,22:52:07,22.57,Base Oficial Ergast Motor Racing Database / FIA Timing Sheets
2023,21,tsunoda,1,10,22:25:26,20.619,Base Oficial Ergast Motor Racing Database / FIA Timing Sheets
2023,21,tsunoda,2,21,22:44:16,20.894,Base Oficial Ergast Motor Racing Database / FIA Timing Sheets
2023,21,zhou,1,26,22:52:26,22.155,Base Oficial Ergast Motor Racing Database / FIA Timing Sheets
2023,22,albon,1,16,17:28:04,22.17,Base Oficial Ergast Motor Racing Database / FIA Timing Sheets
2023,22,albon,2,43,18:09:09,21.919,Base Oficial Ergast Motor Racing Database / FIA Timing Sheets
2023,22,alonso,1,12,17:21:44,22.462,Base Oficial Ergast Motor Racing Database / FIA Timing Sheets
2023,22,alonso,2,36,17:58:11,21.841,Base Oficial Ergast Motor Racing Database / FIA Timing Sheets
2023,22,bottas,1,29,17:48:01,22.665,Base Oficial Ergast Motor Racing Database / FIA Timing Sheets
2023,22,gasly,1,17,17:29:26,23.091,Base Oficial Ergast Motor Racing Database / FIA Timing Sheets
2023,22,gasly,2,32,17:52:26,23.478,Base Oficial Ergast Motor Racing Database / FIA Timing Sheets
2023,22,hamilton,1,15,17:26:21,22.195,Base Oficial Ergast Motor Racing Database / FIA Timing Sheets
2023,22,hamilton,2,35,17:56:42,22.045,Base Oficial Ergast Motor Racing Database / FIA Timing Sheets
2023,22,hulkenberg,1,13,17:23:25,21.861,Base Oficial Ergast Motor Racing Database / FIA Timing Sheets
2023,22,hulkenberg,2,33,17:54:04,22.081,Base Oficial Ergast Motor Racing Database / FIA Timing Sheets
2023,22,kevin_magnussen,1,5,17:11:16,22.764,Base Oficial Ergast Motor Racing Database / FIA Timing Sheets
2023,22,kevin_magnussen,2,22,17:37:30,22.163,Base Oficial Ergast Motor Racing Database / FIA Timing Sheets
2023,22,leclerc,1,17,17:29:09,21.919,Base Oficial Ergast Motor Racing Database / FIA Timing Sheets
2023,22,leclerc,2,35,17:56:25,21.246,Base Oficial Ergast Motor Racing Database / FIA Timing Sheets
2023,22,max_verstappen,1,16,17:27:36,21.662,Base Oficial Ergast Motor Racing Database / FIA Timing Sheets
2023,22,max_verstappen,2,43,18:08:09,21.275,Base Oficial Ergast Motor Racing Database / FIA Timing Sheets
2023,22,norris,1,14,17:24:40,24.061,Base Oficial Ergast Motor Racing Database / FIA Timing Sheets
2023,22,norris,2,33,17:53:31,21.432,Base Oficial Ergast Motor Racing Database / FIA Timing Sheets
2023,22,ocon,1,15,17:26:22,22.16,Base Oficial Ergast Motor Racing Database / FIA Timing Sheets
2023,22,perez,1,17,17:29:21,21.446,Base Oficial Ergast Motor Racing Database / FIA Timing Sheets
2023,22,perez,2,42,18:06:56,21.274,Base Oficial Ergast Motor Racing Database / FIA Timing Sheets
2023,22,piastri,1,13,17:23:13,21.697,Base Oficial Ergast Motor Racing Database / FIA Timing Sheets
2023,22,piastri,2,36,17:58:08,21.156,Base Oficial Ergast Motor Racing Database / FIA Timing Sheets
2023,22,ricciardo,1,7,17:14:15,21.692,Base Oficial Ergast Motor Racing Database / FIA Timing Sheets
2023,22,ricciardo,2,31,17:50:51,21.74,Base Oficial Ergast Motor Racing Database / FIA Timing Sheets
2023,22,russell,1,14,17:24:42,21.65,Base Oficial Ergast Motor Racing Database / FIA Timing Sheets
2023,22,russell,2,34,17:54:57,22.084,Base Oficial Ergast Motor Racing Database / FIA Timing Sheets
2023,22,sainz,1,23,17:38:36,21.229,Base Oficial Ergast Motor Racing Database / FIA Timing Sheets
2023,22,sainz,2,56,18:28:24,21.564,Base Oficial Ergast Motor Racing Database / FIA Timing Sheets
2023,22,sargeant,1,15,17:26:35,22.124,Base Oficial Ergast Motor Racing Database / FIA Timing Sheets
2023,22,sargeant,2,41,18:06:20,21.88,Base Oficial Ergast Motor Racing Database / FIA Timing Sheets
2023,22,stroll,1,22,17:36:59,21.866,Base Oficial Ergast Motor Racing Database / FIA Timing Sheets
2023,22,stroll,2,42,18:07:20,21.667,Base Oficial Ergast Motor Racing Database / FIA Timing Sheets
2023,22,tsunoda,1,22,17:36:54,21.486,Base Oficial Ergast Motor Racing Database / FIA Timing Sheets
2023,22,zhou,1,13,17:23:27,22.867,Base Oficial Ergast Motor Racing Database / FIA Timing Sheets
2023,22,zhou,2,37,18:00:12,22.345,Base Oficial Ergast Motor Racing Database / FIA Timing Sheets
2024,1,albon,1,15,18:28:29,24.681,Base Oficial Ergast Motor Racing Database / FIA Timing Sheets
2024,1,albon,2,36,19:03:09,24.61,Base Oficial Ergast Motor Racing Database / FIA Timing Sheets
2024,1,alonso,1,15,18:28:24,24.786,Base Oficial Ergast Motor Racing Database / FIA Timing Sheets
2024,1,alonso,2,41,19:10:58,25.109,Base Oficial Ergast Motor Racing Database / FIA Timing Sheets
2024,1,bottas,1,12,18:23:42,26.42,Base Oficial Ergast Motor Racing Database / FIA Timing Sheets
2024,1,bottas,2,30,18:53:32,,Base Oficial Ergast Motor Racing Database / FIA Timing Sheets
2024,1,gasly,1,12,18:23:38,29.98,Base Oficial Ergast Motor Racing Database / FIA Timing Sheets
2024,1,gasly,2,31,18:55:10,26.462,Base Oficial Ergast Motor Racing Database / FIA Timing Sheets
2024,1,gasly,3,43,19:14:55,25.24,Base Oficial Ergast Motor Racing Database / FIA Timing Sheets
2024,1,hamilton,1,12,18:23:26,25.087,Base Oficial Ergast Motor Racing Database / FIA Timing Sheets
2024,1,hamilton,2,33,18:57:45,24.094,Base Oficial Ergast Motor Racing Database / FIA Timing Sheets
2024,1,hulkenberg,1,1,18:05:33,36.604,Base Oficial Ergast Motor Racing Database / FIA Timing Sheets
2024,1,hulkenberg,2,20,18:37:08,24.768,Base Oficial Ergast Motor Racing Database / FIA Timing Sheets
2024,1,hulkenberg,3,41,19:11:29,24.387,Base Oficial Ergast Motor Racing Database / FIA Timing Sheets
2024,1,kevin_magnussen,1,11,18:21:55,25.951,Base Oficial Ergast Motor Racing Database / FIA Timing Sheets
2024,1,kevin_magnussen,2,32,18:56:37,24.446,Base Oficial Ergast Motor Racing Database / FIA Timing Sheets
2024,1,leclerc,1,11,18:21:41,24.069,Base Oficial Ergast Motor Racing Database / FIA Timing Sheets
2024,1,leclerc,2,34,18:59:13,24.136,Base Oficial Ergast Motor Racing Database / FIA Timing Sheets
2024,1,max_verstappen,1,17,18:31:12,25.064,Base Oficial Ergast Motor Racing Database / FIA Timing Sheets
2024,1,max_verstappen,2,37,19:03:29,24.209,Base Oficial Ergast Motor Racing Database / FIA Timing Sheets
2024,1,norris,1,13,18:25:00,24.205,Base Oficial Ergast Motor Racing Database / FIA Timing Sheets
2024,1,norris,2,33,18:57:39,24.705,Base Oficial Ergast Motor Racing Database / FIA Timing Sheets
2024,1,ocon,1,10,18:20:20,24.877,Base Oficial Ergast Motor Racing Database / FIA Timing Sheets
2024,1,ocon,2,30,18:53:30,25.145,Base Oficial Ergast Motor Racing Database / FIA Timing Sheets
2024,1,perez,1,12,18:23:16,24.516,Base Oficial Ergast Motor Racing Database / FIA Timing Sheets
2024,1,perez,2,36,19:02:12,24.563,Base Oficial Ergast Motor Racing Database / FIA Timing Sheets
2024,1,piastri,1,12,18:23:24,25.45,Base Oficial Ergast Motor Racing Database / FIA Timing Sheets
2024,1,piastri,2,34,18:59:20,24.852,Base Oficial Ergast Motor Racing Database / FIA Timing Sheets
2024,1,ricciardo,1,13,18:25:17,24.988,Base Oficial Ergast Motor Racing Database / FIA Timing Sheets
2024,1,ricciardo,2,35,19:01:34,24.856,Base Oficial Ergast Motor Racing Database / FIA Timing Sheets
2024,1,russell,1,11,18:21:38,24.778,Base Oficial Ergast Motor Racing Database / FIA Timing Sheets
2024,1,russell,2,31,18:54:21,24.866,Base Oficial Ergast Motor Racing Database / FIA Timing Sheets
2024,1,sainz,1,14,18:26:32,24.474,Base Oficial Ergast Motor Racing Database / FIA Timing Sheets
2024,1,sainz,2,35,19:00:38,23.866,Base Oficial Ergast Motor Racing Database / FIA Timing Sheets
2024,1,sargeant,1,10,18:21:19,35.729,Base Oficial Ergast Motor Racing Database / FIA Timing Sheets
2024,1,sargeant,2,28,18:51:33,25.07,Base Oficial Ergast Motor Racing Database / FIA Timing Sheets
2024,1,sargeant,3,40,19:11:22,25.346,Base Oficial Ergast Motor Racing Database / FIA Timing Sheets
2024,1,stroll,1,9,18:18:42,24.418,Base Oficial Ergast Motor Racing Database / FIA Timing Sheets
2024,1,stroll,2,27,18:48:25,24.545,Base Oficial Ergast Motor Racing Database / FIA Timing Sheets
2024,1,tsunoda,1,14,18:26:47,24.724,Base Oficial Ergast Motor Racing Database / FIA Timing Sheets
2024,1,tsunoda,2,34,18:59:47,24.324,Base Oficial Ergast Motor Racing Database / FIA Timing Sheets
2024,1,zhou,1,9,18:18:39,25.208,Base Oficial Ergast Motor Racing Database / FIA Timing Sheets
2024,1,zhou,2,28,18:49:59,25.094,Base Oficial Ergast Motor Racing Database / FIA Timing Sheets
2024,2,albon,1,7,20:15:53,21.723,Base Oficial Ergast Motor Racing Database / FIA Timing Sheets
2024,2,alonso,1,7,20:15:37,22.129,Base Oficial Ergast Motor Racing Database / FIA Timing Sheets
2024,2,bearman,1,7,20:15:51,22.457,Base Oficial Ergast Motor Racing Database / FIA Timing Sheets
2024,2,bottas,1,7,20:16:00,22.795,Base Oficial Ergast Motor Racing Database / FIA Timing Sheets
2024,2,bottas,2,35,21:02:58,23.281,Base Oficial Ergast Motor Racing Database / FIA Timing Sheets
2024,2,hamilton,1,36,21:03:38,20.17,Base Oficial Ergast Motor Racing Database / FIA Timing Sheets
2024,2,hulkenberg,1,33,20:59:21,21.035,Base Oficial Ergast Motor Racing Database / FIA Timing Sheets
2024,2,kevin_magnussen,1,7,20:15:53,21.46,Base Oficial Ergast Motor Racing Database / FIA Timing Sheets
2024,2,leclerc,1,7,20:15:31,23.419,Base Oficial Ergast Motor Racing Database / FIA Timing Sheets
2024,2,max_verstappen,1,7,20:15:25,20.607,Base Oficial Ergast Motor Racing Database / FIA Timing Sheets
2024,2,norris,1,37,21:05:08,22.211,Base Oficial Ergast Motor Racing Database / FIA Timing Sheets
2024,2,ocon,1,7,20:15:59,22.502,Base Oficial Ergast Motor Racing Database / FIA Timing Sheets
2024,2,perez,1,7,20:15:30,22.196,Base Oficial Ergast Motor Racing Database / FIA Timing Sheets
2024,2,piastri,1,7,20:15:36,21.427,Base Oficial Ergast Motor Racing Database / FIA Timing Sheets
2024,2,ricciardo,1,7,20:15:57,,Base Oficial Ergast Motor Racing Database / FIA Timing Sheets
2024,2,russell,1,7,20:15:42,21.013,Base Oficial Ergast Motor Racing Database / FIA Timing Sheets
2024,2,sargeant,1,7,20:16:01,23.645,Base Oficial Ergast Motor Racing Database / FIA Timing Sheets
2024,2,tsunoda,1,7,20:15:51,21.694,Base Oficial Ergast Motor Racing Database / FIA Timing Sheets
2024,2,zhou,1,41,21:12:03,46.381,Base Oficial Ergast Motor Racing Database / FIA Timing Sheets
2024,3,albon,1,6,15:11:45,17.755,Base Oficial Ergast Motor Racing Database / FIA Timing Sheets
2024,3,albon,2,27,15:41:35,17.745,Base Oficial Ergast Motor Racing Database / FIA Timing Sheets
2024,3,alonso,1,17,15:27:06,18.16,Base Oficial Ergast Motor Racing Database / FIA Timing Sheets
2024,3,alonso,2,41,16:00:37,17.995,Base Oficial Ergast Motor Racing Database / FIA Timing Sheets
2024,3,bottas,1,8,15:14:30,46.969,Base Oficial Ergast Motor Racing Database / FIA Timing Sheets
2024,3,bottas,2,36,15:54:30,18.938,Base Oficial Ergast Motor Racing Database / FIA Timing Sheets
2024,3,gasly,1,17,15:27:32,20.316,Base Oficial Ergast Motor Racing Database / FIA Timing Sheets
2024,3,gasly,2,41,16:01:21,17.682,Base Oficial Ergast Motor Racing Database / FIA Timing Sheets
2024,3,hamilton,1,7,15:13:04,17.596,Base Oficial Ergast Motor Racing Database / FIA Timing Sheets
2024,3,hulkenberg,1,17,15:27:28,18.32,Base Oficial Ergast Motor Racing Database / FIA Timing Sheets
2024,3,hulkenberg,2,35,15:52:40,18.145,Base Oficial Ergast Motor Racing Database / FIA Timing Sheets
2024,3,kevin_magnussen,1,7,15:13:08,18.301,Base Oficial Ergast Motor Racing Database / FIA Timing Sheets
2024,3,kevin_magnussen,2,33,15:49:58,18.151,Base Oficial Ergast Motor Racing Database / FIA Timing Sheets
2024,3,leclerc,1,9,15:15:42,17.409,Base Oficial Ergast Motor Racing Database / FIA Timing Sheets
2024,3,leclerc,2,34,15:50:35,17.308,Base Oficial Ergast Motor Racing Database / FIA Timing Sheets
2024,3,norris,1,14,15:22:37,17.776,Base Oficial Ergast Motor Racing Database / FIA Timing Sheets
2024,3,norris,2,40,15:58:46,17.653,Base Oficial Ergast Motor Racing Database / FIA Timing Sheets
2024,3,ocon,1,9,15:15:55,18.287,Base Oficial Ergast Motor Racing Database / FIA Timing Sheets
2024,3,ocon,2,16,15:25:58,30.626,Base Oficial Ergast Motor Racing Database / FIA Timing Sheets
2024,3,ocon,3,42,16:02:51,18.007,Base Oficial Ergast Motor Racing Database / FIA Timing Sheets
2024,3,perez,1,14,15:22:45,18.112,Base Oficial Ergast Motor Racing Database / FIA Timing Sheets
2024,3,perez,2,35,15:52:18,17.222,Base Oficial Ergast Motor Racing Database / FIA Timing Sheets
2024,3,piastri,1,9,15:15:43,17.573,Base Oficial Ergast Motor Racing Database / FIA Timing Sheets
2024,3,piastri,2,39,15:57:32,18.533,Base Oficial Ergast Motor Racing Database / FIA Timing Sheets
2024,3,ricciardo,1,5,15:10:25,18.265,Base Oficial Ergast Motor Racing Database / FIA Timing Sheets
2024,3,ricciardo,2,29,15:44:29,17.751,Base Oficial Ergast Motor Racing Database / FIA Timing Sheets
2024,3,russell,1,8,15:14:23,18.046,Base Oficial Ergast Motor Racing Database / FIA Timing Sheets
2024,3,russell,2,45,16:06:07,17.964,Base Oficial Ergast Motor Racing Database / FIA Timing Sheets
2024,3,sainz,1,16,15:25:14,17.599,Base Oficial Ergast Motor Racing Database / FIA Timing Sheets
2024,3,sainz,2,41,15:59:57,17.74,Base Oficial Ergast Motor Racing Database / FIA Timing Sheets
2024,3,stroll,1,8,15:14:26,17.901,Base Oficial Ergast Motor Racing Database / FIA Timing Sheets
2024,3,stroll,2,37,15:55:19,17.977,Base Oficial Ergast Motor Racing Database / FIA Timing Sheets
2024,3,tsunoda,1,9,15:15:50,18.523,Base Oficial Ergast Motor Racing Database / FIA Timing Sheets
2024,3,tsunoda,2,36,15:53:59,17.535,Base Oficial Ergast Motor Racing Database / FIA Timing Sheets
2024,3,zhou,1,6,15:11:49,19.032,Base Oficial Ergast Motor Racing Database / FIA Timing Sheets
2024,3,zhou,2,35,15:52:50,36.866,Base Oficial Ergast Motor Racing Database / FIA Timing Sheets
2024,4,alonso,1,1,14:06:00,,Base Oficial Ergast Motor Racing Database / FIA Timing Sheets
2024,4,alonso,2,13,14:53:43,22.998,Base Oficial Ergast Motor Racing Database / FIA Timing Sheets
2024,4,alonso,3,33,15:26:33,23.157,Base Oficial Ergast Motor Racing Database / FIA Timing Sheets
2024,4,bottas,1,1,14:06:22,,Base Oficial Ergast Motor Racing Database / FIA Timing Sheets
2024,4,bottas,2,6,14:42:21,24.824,Base Oficial Ergast Motor Racing Database / FIA Timing Sheets
2024,4,bottas,3,22,15:09:04,25.946,Base Oficial Ergast Motor Racing Database / FIA Timing Sheets
2024,4,gasly,1,1,14:06:30,,Base Oficial Ergast Motor Racing Database / FIA Timing Sheets
2024,4,gasly,2,16,14:59:18,23.844,Base Oficial Ergast Motor Racing Database / FIA Timing Sheets
2024,4,gasly,3,32,15:26:03,23.102,Base Oficial Ergast Motor Racing Database / FIA Timing Sheets
2024,4,hamilton,1,1,14:06:12,,Base Oficial Ergast Motor Racing Database / FIA Timing Sheets
2024,4,hamilton,2,23,15:10:21,23.333,Base Oficial Ergast Motor Racing Database / FIA Timing Sheets
2024,4,hamilton,3,39,15:36:25,23.956,Base Oficial Ergast Motor Racing Database / FIA Timing Sheets
2024,4,hulkenberg,1,1,14:06:21,,Base Oficial Ergast Motor Racing Database / FIA Timing Sheets
2024,4,hulkenberg,2,5,14:40:46,23.622,Base Oficial Ergast Motor Racing Database / FIA Timing Sheets
2024,4,hulkenberg,3,33,15:27:22,23.993,Base Oficial Ergast Motor Racing Database / FIA Timing Sheets
2024,4,kevin_magnussen,1,1,14:06:40,,Base Oficial Ergast Motor Racing Database / FIA Timing Sheets
2024,4,kevin_magnussen,2,22,15:09:03,26.198,Base Oficial Ergast Motor Racing Database / FIA Timing Sheets
2024,4,leclerc,1,1,14:06:13,,Base Oficial Ergast Motor Racing Database / FIA Timing Sheets
2024,4,leclerc,2,26,15:15:01,23.285,Base Oficial Ergast Motor Racing Database / FIA Timing Sheets
2024,4,max_verstappen,1,1,14:05:50,,Base Oficial Ergast Motor Racing Database / FIA Timing Sheets
2024,4,max_verstappen,2,16,14:58:23,23.177,Base Oficial Ergast Motor Racing Database / FIA Timing Sheets
2024,4,max_verstappen,3,34,15:27:43,23.234,Base Oficial Ergast Motor Racing Database / FIA Timing Sheets
2024,4,norris,1,1,14:05:54,,Base Oficial Ergast Motor Racing Database / FIA Timing Sheets
2024,4,norris,2,11,14:50:21,23.049,Base Oficial Ergast Motor Racing Database / FIA Timing Sheets
2024,4,norris,3,26,15:15:02,23.232,Base Oficial Ergast Motor Racing Database / FIA Timing Sheets
2024,4,ocon,1,1,14:06:28,,Base Oficial Ergast Motor Racing Database / FIA Timing Sheets
2024,4,ocon,2,19,15:04:11,23.394,Base Oficial Ergast Motor Racing Database / FIA Timing Sheets
2024,4,ocon,3,33,15:27:33,24.181,Base Oficial Ergast Motor Racing Database / FIA Timing Sheets
2024,4,perez,1,1,14:05:52,,Base Oficial Ergast Motor Racing Database / FIA Timing Sheets
2024,4,perez,2,15,14:56:51,22.99,Base Oficial Ergast Motor Racing Database / FIA Timing Sheets
2024,4,perez,3,33,15:26:18,22.956,Base Oficial Ergast Motor Racing Database / FIA Timing Sheets
2024,4,piastri,1,1,14:06:03,,Base Oficial Ergast Motor Racing Database / FIA Timing Sheets
2024,4,piastri,2,12,14:52:06,23.42,Base Oficial Ergast Motor Racing Database / FIA Timing Sheets
2024,4,piastri,3,32,15:25:00,22.848,Base Oficial Ergast Motor Racing Database / FIA Timing Sheets
2024,4,russell,1,1,14:06:18,,Base Oficial Ergast Motor Racing Database / FIA Timing Sheets
2024,4,russell,2,22,15:08:39,23.577,Base Oficial Ergast Motor Racing Database / FIA Timing Sheets
2024,4,russell,3,37,15:33:07,22.991,Base Oficial Ergast Motor Racing Database / FIA Timing Sheets
2024,4,sainz,1,1,14:05:57,,Base Oficial Ergast Motor Racing Database / FIA Timing Sheets
2024,4,sainz,2,15,14:56:55,23.136,Base Oficial Ergast Motor Racing Database / FIA Timing Sheets
2024,4,sainz,3,36,15:31:14,23.591,Base Oficial Ergast Motor Racing Database / FIA Timing Sheets
2024,4,sargeant,1,1,14:06:43,,Base Oficial Ergast Motor Racing Database / FIA Timing Sheets
2024,4,sargeant,2,22,15:09:04,25.53,Base Oficial Ergast Motor Racing Database / FIA Timing Sheets
2024,4,sargeant,3,34,15:29:04,24.22,Base Oficial Ergast Motor Racing Database / FIA Timing Sheets
2024,4,sargeant,4,41,15:41:24,23.287,Base Oficial Ergast Motor Racing Database / FIA Timing Sheets
2024,4,stroll,1,1,14:06:35,,Base Oficial Ergast Motor Racing Database / FIA Timing Sheets
2024,4,stroll,2,12,14:52:17,23.358,Base Oficial Ergast Motor Racing Database / FIA Timing Sheets
2024,4,stroll,3,22,15:09:06,23.238,Base Oficial Ergast Motor Racing Database / FIA Timing Sheets
2024,4,stroll,4,34,15:28:58,22.911,Base Oficial Ergast Motor Racing Database / FIA Timing Sheets
2024,4,tsunoda,1,1,14:06:25,,Base Oficial Ergast Motor Racing Database / FIA Timing Sheets
2024,4,tsunoda,2,7,14:43:59,23.358,Base Oficial Ergast Motor Racing Database / FIA Timing Sheets
2024,4,tsunoda,3,22,15:09:05,23.486,Base Oficial Ergast Motor Racing Database / FIA Timing Sheets
2024,4,zhou,1,1,14:06:50,,Base Oficial Ergast Motor Racing Database / FIA Timing Sheets
2024,4,zhou,2,7,14:44:07,23.91,Base Oficial Ergast Motor Racing Database / FIA Timing Sheets
2024,4,zhou,3,11,14:51:01,26.653,Base Oficial Ergast Motor Racing Database / FIA Timing Sheets
2024,5,albon,1,9,15:19:15,23.273,Base Oficial Ergast Motor Racing Database / FIA Timing Sheets
2024,5,albon,2,23,15:44:57,23.6,Base Oficial Ergast Motor Racing Database / FIA Timing Sheets
2024,5,alonso,1,11,15:22:28,23.049,Base Oficial Ergast Motor Racing Database / FIA Timing Sheets
2024,5,alonso,2,23,15:44:21,22.687,Base Oficial Ergast Motor Racing Database / FIA Timing Sheets
2024,5,alonso,3,43,16:23:18,23.179,Base Oficial Ergast Motor Racing Database / FIA Timing Sheets
2024,5,bottas,1,9,15:19:12,22.949,Base Oficial Ergast Motor Racing Database / FIA Timing Sheets
2024,5,gasly,1,11,15:22:43,39.712,Base Oficial Ergast Motor Racing Database / FIA Timing Sheets
2024,5,gasly,2,23,15:45:12,23.987,Base Oficial Ergast Motor Racing Database / FIA Timing Sheets
2024,5,gasly,3,38,16:15:11,22.836,Base Oficial Ergast Motor Racing Database / FIA Timing Sheets
2024,5,hamilton,1,9,15:19:19,22.518,Base Oficial Ergast Motor Racing Database / FIA Timing Sheets
2024,5,hamilton,2,21,15:40:23,22.662,Base Oficial Ergast Motor Racing Database / FIA Timing Sheets
2024,5,hulkenberg,1,8,15:17:30,23.004,Base Oficial Ergast Motor Racing Database / FIA Timing Sheets
2024,5,hulkenberg,2,23,15:44:41,23.336,Base Oficial Ergast Motor Racing Database / FIA Timing Sheets
2024,5,kevin_magnussen,1,17,15:33:13,22.974,Base Oficial Ergast Motor Racing Database / FIA Timing Sheets
2024,5,kevin_magnussen,2,27,15:54:22,25.727,Base Oficial Ergast Motor Racing Database / FIA Timing Sheets
2024,5,leclerc,1,21,15:39:34,22.36,Base Oficial Ergast Motor Racing Database / FIA Timing Sheets
2024,5,max_verstappen,1,13,15:25:33,22.456,Base Oficial Ergast Motor Racing Database / FIA Timing Sheets
2024,5,max_verstappen,2,23,15:43:44,22.27,Base Oficial Ergast Motor Racing Database / FIA Timing Sheets
2024,5,norris,1,22,15:41:37,22.161,Base Oficial Ergast Motor Racing Database / FIA Timing Sheets
2024,5,ocon,1,9,15:19:14,23.156,Base Oficial Ergast Motor Racing Database / FIA Timing Sheets
2024,5,ocon,2,23,15:44:48,23.208,Base Oficial Ergast Motor Racing Database / FIA Timing Sheets
2024,5,perez,1,13,15:25:43,22.027,Base Oficial Ergast Motor Racing Database / FIA Timing Sheets
2024,5,perez,2,23,15:44:03,22.371,Base Oficial Ergast Motor Racing Database / FIA Timing Sheets
2024,5,piastri,1,16,15:31:03,22.673,Base Oficial Ergast Motor Racing Database / FIA Timing Sheets
2024,5,piastri,2,24,15:46:41,22.262,Base Oficial Ergast Motor Racing Database / FIA Timing Sheets
2024,5,ricciardo,1,14,15:27:53,22.598,Base Oficial Ergast Motor Racing Database / FIA Timing Sheets
2024,5,russell,1,11,15:22:32,22.415,Base Oficial Ergast Motor Racing Database / FIA Timing Sheets
2024,5,russell,2,23,15:44:25,22.707,Base Oficial Ergast Motor Racing Database / FIA Timing Sheets
2024,5,sainz,1,17,15:32:49,22.629,Base Oficial Ergast Motor Racing Database / FIA Timing Sheets
2024,5,sargeant,1,12,15:24:34,23.229,Base Oficial Ergast Motor Racing Database / FIA Timing Sheets
2024,5,sargeant,2,24,15:47:14,22.684,Base Oficial Ergast Motor Racing Database / FIA Timing Sheets
2024,5,stroll,1,9,15:19:10,23.823,Base Oficial Ergast Motor Racing Database / FIA Timing Sheets
2024,5,stroll,2,21,15:40:07,22.911,Base Oficial Ergast Motor Racing Database / FIA Timing Sheets
2024,5,stroll,3,26,15:51:46,,Base Oficial Ergast Motor Racing Database / FIA Timing Sheets
2024,5,stroll,4,35,16:10:09,34.777,Base Oficial Ergast Motor Racing Database / FIA Timing Sheets
2024,5,tsunoda,1,8,15:17:35,23.16,Base Oficial Ergast Motor Racing Database / FIA Timing Sheets
2024,5,tsunoda,2,23,15:44:54,22.387,Base Oficial Ergast Motor Racing Database / FIA Timing Sheets
2024,5,zhou,1,8,15:17:39,23.362,Base Oficial Ergast Motor Racing Database / FIA Timing Sheets
2024,5,zhou,2,23,15:45:02,25.61,Base Oficial Ergast Motor Racing Database / FIA Timing Sheets
2024,5,zhou,3,40,16:18:35,23.252,Base Oficial Ergast Motor Racing Database / FIA Timing Sheets
2024,6,albon,1,10,16:19:16,22.828,Base Oficial Ergast Motor Racing Database / FIA Timing Sheets
2024,6,albon,2,53,17:29:03,22.567,Base Oficial Ergast Motor Racing Database / FIA Timing Sheets
2024,6,alonso,1,22,16:38:11,22.374,Base Oficial Ergast Motor Racing Database / FIA Timing Sheets
2024,6,bottas,1,11,16:20:55,23.73,Base Oficial Ergast Motor Racing Database / FIA Timing Sheets
2024,6,bottas,2,29,16:50:34,22.765,Base Oficial Ergast Motor Racing Database / FIA Timing Sheets
2024,6,gasly,1,12,16:22:22,22.466,Base Oficial Ergast Motor Racing Database / FIA Timing Sheets
2024,6,hamilton,1,26,16:44:23,22.107,Base Oficial Ergast Motor Racing Database / FIA Timing Sheets
2024,6,hulkenberg,1,12,16:22:21,23.055,Base Oficial Ergast Motor Racing Database / FIA Timing Sheets
2024,6,hulkenberg,2,28,16:48:13,22.487,Base Oficial Ergast Motor Racing Database / FIA Timing Sheets
2024,6,kevin_magnussen,1,22,16:38:18,23.265,Base Oficial Ergast Motor Racing Database / FIA Timing Sheets
2024,6,kevin_magnussen,2,28,16:48:47,29.727,Base Oficial Ergast Motor Racing Database / FIA Timing Sheets
2024,6,kevin_magnussen,3,31,16:54:36,30.732,Base Oficial Ergast Motor Racing Database / FIA Timing Sheets
2024,6,leclerc,1,19,16:32:56,21.825,Base Oficial Ergast Motor Racing Database / FIA Timing Sheets
2024,6,max_verstappen,1,23,16:39:17,22.187,Base Oficial Ergast Motor Racing Database / FIA Timing Sheets
2024,6,norris,1,29,16:49:15,22.041,Base Oficial Ergast Motor Racing Database / FIA Timing Sheets
2024,6,ocon,1,22,16:38:08,22.663,Base Oficial Ergast Motor Racing Database / FIA Timing Sheets
2024,6,perez,1,17,16:29:57,21.695,Base Oficial Ergast Motor Racing Database / FIA Timing Sheets
2024,6,perez,2,28,16:47:40,22.396,Base Oficial Ergast Motor Racing Database / FIA Timing Sheets
2024,6,piastri,1,27,16:45:31,22.216,Base Oficial Ergast Motor Racing Database / FIA Timing Sheets
2024,6,piastri,2,40,17:08:34,30.409,Base Oficial Ergast Motor Racing Database / FIA Timing Sheets
2024,6,ricciardo,1,28,16:48:05,22.54,Base Oficial Ergast Motor Racing Database / FIA Timing Sheets
2024,6,russell,1,24,16:41:18,22.8,Base Oficial Ergast Motor Racing Database / FIA Timing Sheets
2024,6,sainz,1,27,16:45:33,22.805,Base Oficial Ergast Motor Racing Database / FIA Timing Sheets
2024,6,sargeant,1,11,16:20:52,22.611,Base Oficial Ergast Motor Racing Database / FIA Timing Sheets
2024,6,stroll,1,11,16:20:48,23.038,Base Oficial Ergast Motor Racing Database / FIA Timing Sheets
2024,6,stroll,2,28,16:48:15,22.631,Base Oficial Ergast Motor Racing Database / FIA Timing Sheets
2024,6,tsunoda,1,28,16:47:44,22.153,Base Oficial Ergast Motor Racing Database / FIA Timing Sheets
2024,6,zhou,1,28,16:48:01,23.017,Base Oficial Ergast Motor Racing Database / FIA Timing Sheets
2024,7,albon,1,8,15:14:25,30.05,Base Oficial Ergast Motor Racing Database / FIA Timing Sheets
2024,7,albon,2,9,15:17:08,33.179,Base Oficial Ergast Motor Racing Database / FIA Timing Sheets
2024,7,albon,3,23,15:36:52,38.413,Base Oficial Ergast Motor Racing Database / FIA Timing Sheets
2024,7,albon,4,28,15:44:25,31.131,Base Oficial Ergast Motor Racing Database / FIA Timing Sheets
2024,7,alonso,1,7,15:13:08,31.368,Base Oficial Ergast Motor Racing Database / FIA Timing Sheets
2024,7,alonso,2,40,15:59:03,30.483,Base Oficial Ergast Motor Racing Database / FIA Timing Sheets
2024,7,alonso,3,59,16:25:23,29.931,Base Oficial Ergast Motor Racing Database / FIA Timing Sheets
2024,7,bottas,1,8,15:14:28,30.24,Base Oficial Ergast Motor Racing Database / FIA Timing Sheets
2024,7,gasly,1,8,15:14:26,30.081,Base Oficial Ergast Motor Racing Database / FIA Timing Sheets
2024,7,gasly,2,30,15:45:06,30.654,Base Oficial Ergast Motor Racing Database / FIA Timing Sheets
2024,7,hamilton,1,27,15:40:14,29.547,Base Oficial Ergast Motor Racing Database / FIA Timing Sheets
2024,7,hulkenberg,1,13,15:21:11,29.749,Base Oficial Ergast Motor Racing Database / FIA Timing Sheets
2024,7,kevin_magnussen,1,37,15:54:36,31.302,Base Oficial Ergast Motor Racing Database / FIA Timing Sheets
2024,7,leclerc,1,25,15:37:15,30.149,Base Oficial Ergast Motor Racing Database / FIA Timing Sheets
2024,7,max_verstappen,1,24,15:35:46,30.416,Base Oficial Ergast Motor Racing Database / FIA Timing Sheets
2024,7,norris,1,22,15:33:08,29.956,Base Oficial Ergast Motor Racing Database / FIA Timing Sheets
2024,7,ocon,1,25,15:37:56,30.659,Base Oficial Ergast Motor Racing Database / FIA Timing Sheets
2024,7,perez,1,37,15:54:16,29.669,Base Oficial Ergast Motor Racing Database / FIA Timing Sheets
2024,7,piastri,1,23,15:34:37,29.77,Base Oficial Ergast Motor Racing Database / FIA Timing Sheets
2024,7,ricciardo,1,11,15:18:29,30.068,Base Oficial Ergast Motor Racing Database / FIA Timing Sheets
2024,7,russell,1,21,15:31:57,29.664,Base Oficial Ergast Motor Racing Database / FIA Timing Sheets
2024,7,russell,2,52,16:14:22,29.605,Base Oficial Ergast Motor Racing Database / FIA Timing Sheets
2024,7,sainz,1,27,15:40:03,30.508,Base Oficial Ergast Motor Racing Database / FIA Timing Sheets
2024,7,sargeant,1,31,15:46:28,31.085,Base Oficial Ergast Motor Racing Database / FIA Timing Sheets
2024,7,stroll,1,37,15:54:22,29.971,Base Oficial Ergast Motor Racing Database / FIA Timing Sheets
2024,7,tsunoda,1,12,15:19:49,29.628,Base Oficial Ergast Motor Racing Database / FIA Timing Sheets
2024,7,zhou,1,33,15:49:09,30.244,Base Oficial Ergast Motor Racing Database / FIA Timing Sheets
2024,8,albon,1,1,15:05:05,,Base Oficial Ergast Motor Racing Database / FIA Timing Sheets
2024,8,alonso,1,1,15:05:15,,Base Oficial Ergast Motor Racing Database / FIA Timing Sheets
2024,8,bottas,1,1,15:05:19,,Base Oficial Ergast Motor Racing Database / FIA Timing Sheets
2024,8,bottas,15,2,16:04:57,24.239,Base Oficial Ergast Motor Racing Database / FIA Timing Sheets
2024,8,gasly,1,1,15:05:07,,Base Oficial Ergast Motor Racing Database / FIA Timing Sheets
2024,8,hamilton,1,1,15:05:00,,Base Oficial Ergast Motor Racing Database / FIA Timing Sheets
2024,8,hamilton,51,2,16:52:10,24.232,Base Oficial Ergast Motor Racing Database / FIA Timing Sheets
2024,8,leclerc,1,1,15:04:50,,Base Oficial Ergast Motor Racing Database / FIA Timing Sheets
2024,8,max_verstappen,1,1,15:04:57,,Base Oficial Ergast Motor Racing Database / FIA Timing Sheets
2024,8,max_verstappen,52,2,16:53:26,23.813,Base Oficial Ergast Motor Racing Database / FIA Timing Sheets
2024,8,norris,1,1,15:04:54,,Base Oficial Ergast Motor Racing Database / FIA Timing Sheets
2024,8,piastri,1,1,15:04:52,,Base Oficial Ergast Motor Racing Database / FIA Timing Sheets
2024,8,ricciardo,1,1,15:05:13,,Base Oficial Ergast Motor Racing Database / FIA Timing Sheets
2024,8,russell,1,1,15:04:56,,Base Oficial Ergast Motor Racing Database / FIA Timing Sheets
2024,8,sainz,1,1,15:05:27,,Base Oficial Ergast Motor Racing Database / FIA Timing Sheets
2024,8,sargeant,1,1,15:05:16,,Base Oficial Ergast Motor Racing Database / FIA Timing Sheets
2024,8,sargeant,57,2,17:01:43,24.384,Base Oficial Ergast Motor Racing Database / FIA Timing Sheets
2024,8,stroll,1,1,15:05:10,,Base Oficial Ergast Motor Racing Database / FIA Timing Sheets
2024,8,stroll,42,2,16:41:05,24.132,Base Oficial Ergast Motor Racing Database / FIA Timing Sheets
2024,8,stroll,48,3,16:49:27,28.211,Base Oficial Ergast Motor Racing Database / FIA Timing Sheets
2024,8,tsunoda,1,1,15:05:02,,Base Oficial Ergast Motor Racing Database / FIA Timing Sheets
2024,8,zhou,1,1,15:05:31,,Base Oficial Ergast Motor Racing Database / FIA Timing Sheets
2024,8,zhou,70,2,17:19:04,24.367,Base Oficial Ergast Motor Racing Database / FIA Timing Sheets
2024,9,albon,1,25,14:41:54,24.753,Base Oficial Ergast Motor Racing Database / FIA Timing Sheets
2024,9,albon,2,44,15:11:34,24.804,Base Oficial Ergast Motor Racing Database / FIA Timing Sheets
2024,9,alonso,1,25,14:41:12,25.788,Base Oficial Ergast Motor Racing Database / FIA Timing Sheets
2024,9,alonso,2,44,15:11:23,24.346,Base Oficial Ergast Motor Racing Database / FIA Timing Sheets
2024,9,bottas,1,42,15:08:45,24.929,Base Oficial Ergast Motor Racing Database / FIA Timing Sheets
2024,9,gasly,1,25,14:42:06,24.911,Base Oficial Ergast Motor Racing Database / FIA Timing Sheets
2024,9,gasly,2,40,15:05:55,24.408,Base Oficial Ergast Motor Racing Database / FIA Timing Sheets
2024,9,hamilton,1,25,14:41:13,23.762,Base Oficial Ergast Motor Racing Database / FIA Timing Sheets
2024,9,hamilton,2,43,15:09:46,24.226,Base Oficial Ergast Motor Racing Database / FIA Timing Sheets
2024,9,hamilton,3,54,15:25:24,28.817,Base Oficial Ergast Motor Racing Database / FIA Timing Sheets
2024,9,hulkenberg,1,12,14:22:33,24.233,Base Oficial Ergast Motor Racing Database / FIA Timing Sheets
2024,9,hulkenberg,2,25,14:42:21,24.668,Base Oficial Ergast Motor Racing Database / FIA Timing Sheets
2024,9,hulkenberg,3,44,15:11:43,24.751,Base Oficial Ergast Motor Racing Database / FIA Timing Sheets
2024,9,kevin_magnussen,1,7,14:14:25,30.472,Base Oficial Ergast Motor Racing Database / FIA Timing Sheets
2024,9,kevin_magnussen,2,25,14:42:03,26.794,Base Oficial Ergast Motor Racing Database / FIA Timing Sheets
2024,9,kevin_magnussen,3,41,15:07:24,24.833,Base Oficial Ergast Motor Racing Database / FIA Timing Sheets
2024,9,kevin_magnussen,4,54,15:26:25,26.845,Base Oficial Ergast Motor Racing Database / FIA Timing Sheets
2024,9,leclerc,1,25,14:41:58,24.031,Base Oficial Ergast Motor Racing Database / FIA Timing Sheets
2024,9,leclerc,2,28,14:47:31,47.186,Base Oficial Ergast Motor Racing Database / FIA Timing Sheets
2024,9,leclerc,3,31,14:53:31,24.629,Base Oficial Ergast Motor Racing Database / FIA Timing Sheets
2024,9,max_verstappen,1,25,14:40:52,24.306,Base Oficial Ergast Motor Racing Database / FIA Timing Sheets
2024,9,max_verstappen,2,45,15:12:29,24.246,Base Oficial Ergast Motor Racing Database / FIA Timing Sheets
2024,9,norris,1,26,14:42:44,23.423,Base Oficial Ergast Motor Racing Database / FIA Timing Sheets
2024,9,norris,2,47,15:15:19,23.983,Base Oficial Ergast Motor Racing Database / FIA Timing Sheets
2024,9,ocon,1,44,15:11:32,24.495,Base Oficial Ergast Motor Racing Database / FIA Timing Sheets
2024,9,perez,1,25,14:42:09,33.762,Base Oficial Ergast Motor Racing Database / FIA Timing Sheets
2024,9,perez,2,43,15:10:12,24.423,Base Oficial Ergast Motor Racing Database / FIA Timing Sheets
2024,9,piastri,1,25,14:40:53,23.977,Base Oficial Ergast Motor Racing Database / FIA Timing Sheets
2024,9,piastri,2,44,15:11:10,23.476,Base Oficial Ergast Motor Racing Database / FIA Timing Sheets
2024,9,ricciardo,1,26,14:43:37,30.298,Base Oficial Ergast Motor Racing Database / FIA Timing Sheets
2024,9,ricciardo,2,43,15:10:10,23.86,Base Oficial Ergast Motor Racing Database / FIA Timing Sheets
2024,9,russell,1,25,14:40:52,24.044,Base Oficial Ergast Motor Racing Database / FIA Timing Sheets
2024,9,russell,2,45,15:12:31,25.431,Base Oficial Ergast Motor Racing Database / FIA Timing Sheets
2024,9,russell,3,54,15:25:19,28.157,Base Oficial Ergast Motor Racing Database / FIA Timing Sheets
2024,9,sainz,1,25,14:42:01,27.626,Base Oficial Ergast Motor Racing Database / FIA Timing Sheets
2024,9,sainz,2,43,15:10:12,24.125,Base Oficial Ergast Motor Racing Database / FIA Timing Sheets
2024,9,stroll,1,25,14:41:47,24.284,Base Oficial Ergast Motor Racing Database / FIA Timing Sheets
2024,9,stroll,2,44,15:11:30,25.025,Base Oficial Ergast Motor Racing Database / FIA Timing Sheets
2024,9,tsunoda,1,44,15:11:26,25.569,Base Oficial Ergast Motor Racing Database / FIA Timing Sheets
2024,9,zhou,1,24,14:40:42,25.598,Base Oficial Ergast Motor Racing Database / FIA Timing Sheets
2024,9,zhou,2,44,15:11:53,,Base Oficial Ergast Motor Racing Database / FIA Timing Sheets
2024,9,zhou,3,52,15:25:02,28.375,Base Oficial Ergast Motor Racing Database / FIA Timing Sheets
2024,10,albon,1,18,15:28:15,23.248,Base Oficial Ergast Motor Racing Database / FIA Timing Sheets
2024,10,albon,2,43,16:02:33,21.892,Base Oficial Ergast Motor Racing Database / FIA Timing Sheets
2024,10,alonso,1,19,15:29:25,21.957,Base Oficial Ergast Motor Racing Database / FIA Timing Sheets
2024,10,alonso,2,45,16:04:54,22.571,Base Oficial Ergast Motor Racing Database / FIA Timing Sheets
2024,10,bottas,1,11,15:18:28,22.744,Base Oficial Ergast Motor Racing Database / FIA Timing Sheets
2024,10,bottas,2,28,15:41:58,22.963,Base Oficial Ergast Motor Racing Database / FIA Timing Sheets
2024,10,gasly,1,14,15:22:19,26.097,Base Oficial Ergast Motor Racing Database / FIA Timing Sheets
2024,10,gasly,2,38,15:55:06,21.687,Base Oficial Ergast Motor Racing Database / FIA Timing Sheets
2024,10,hamilton,1,16,15:24:57,21.84,Base Oficial Ergast Motor Racing Database / FIA Timing Sheets
2024,10,hamilton,2,43,16:01:21,21.603,Base Oficial Ergast Motor Racing Database / FIA Timing Sheets
2024,10,hulkenberg,1,12,15:19:44,22.722,Base Oficial Ergast Motor Racing Database / FIA Timing Sheets
2024,10,hulkenberg,2,38,15:55:17,22.518,Base Oficial Ergast Motor Racing Database / FIA Timing Sheets
2024,10,kevin_magnussen,1,10,15:17:08,23.36,Base Oficial Ergast Motor Racing Database / FIA Timing Sheets
2024,10,kevin_magnussen,2,29,15:43:22,28.967,Base Oficial Ergast Motor Racing Database / FIA Timing Sheets
2024,10,leclerc,1,24,15:35:49,22.26,Base Oficial Ergast Motor Racing Database / FIA Timing Sheets
2024,10,leclerc,2,47,16:06:44,21.624,Base Oficial Ergast Motor Racing Database / FIA Timing Sheets
2024,10,max_verstappen,1,17,15:26:11,21.544,Base Oficial Ergast Motor Racing Database / FIA Timing Sheets
2024,10,max_verstappen,2,44,16:02:29,22.34,Base Oficial Ergast Motor Racing Database / FIA Timing Sheets
2024,10,norris,1,23,15:34:21,21.618,Base Oficial Ergast Motor Racing Database / FIA Timing Sheets
2024,10,norris,2,47,16:06:31,22.631,Base Oficial Ergast Motor Racing Database / FIA Timing Sheets
2024,10,ocon,1,13,15:21:03,21.834,Base Oficial Ergast Motor Racing Database / FIA Timing Sheets
2024,10,ocon,2,37,15:53:54,21.921,Base Oficial Ergast Motor Racing Database / FIA Timing Sheets
2024,10,perez,1,13,15:21:05,22.181,Base Oficial Ergast Motor Racing Database / FIA Timing Sheets
2024,10,perez,2,31,15:45:43,21.464,Base Oficial Ergast Motor Racing Database / FIA Timing Sheets
2024,10,perez,3,49,16:09:52,21.472,Base Oficial Ergast Motor Racing Database / FIA Timing Sheets
2024,10,piastri,1,21,15:31:54,22.224,Base Oficial Ergast Motor Racing Database / FIA Timing Sheets
2024,10,piastri,2,46,16:05:37,22.42,Base Oficial Ergast Motor Racing Database / FIA Timing Sheets
2024,10,ricciardo,1,16,15:25:24,22.364,Base Oficial Ergast Motor Racing Database / FIA Timing Sheets
2024,10,ricciardo,2,42,16:01:01,22.108,Base Oficial Ergast Motor Racing Database / FIA Timing Sheets
2024,10,russell,1,15,15:23:33,25.023,Base Oficial Ergast Motor Racing Database / FIA Timing Sheets
2024,10,russell,2,36,15:52:01,22.7,Base Oficial Ergast Motor Racing Database / FIA Timing Sheets
2024,10,sainz,1,15,15:23:36,22.194,Base Oficial Ergast Motor Racing Database / FIA Timing Sheets
2024,10,sainz,2,36,15:52:05,22.249,Base Oficial Ergast Motor Racing Database / FIA Timing Sheets
2024,10,sargeant,1,14,15:22:45,22.401,Base Oficial Ergast Motor Racing Database / FIA Timing Sheets
2024,10,sargeant,2,34,15:50:28,22.506,Base Oficial Ergast Motor Racing Database / FIA Timing Sheets
2024,10,stroll,1,17,15:26:39,21.88,Base Oficial Ergast Motor Racing Database / FIA Timing Sheets
2024,10,stroll,2,37,15:54:06,23.381,Base Oficial Ergast Motor Racing Database / FIA Timing Sheets
2024,10,tsunoda,1,9,15:15:48,22.064,Base Oficial Ergast Motor Racing Database / FIA Timing Sheets
2024,10,tsunoda,2,27,15:40:44,22.084,Base Oficial Ergast Motor Racing Database / FIA Timing Sheets
2024,10,tsunoda,3,44,16:04:06,22.564,Base Oficial Ergast Motor Racing Database / FIA Timing Sheets
2024,10,zhou,1,9,15:15:47,22.523,Base Oficial Ergast Motor Racing Database / FIA Timing Sheets
2024,10,zhou,2,41,15:59:31,24.253,Base Oficial Ergast Motor Racing Database / FIA Timing Sheets
2024,11,albon,1,12,15:17:30,21.878,Base Oficial Ergast Motor Racing Database / FIA Timing Sheets
2024,11,albon,2,39,15:50:11,21.692,Base Oficial Ergast Motor Racing Database / FIA Timing Sheets
2024,11,alonso,1,11,15:16:18,21.483,Base Oficial Ergast Motor Racing Database / FIA Timing Sheets
2024,11,alonso,2,35,15:45:19,33.947,Base Oficial Ergast Motor Racing Database / FIA Timing Sheets
2024,11,alonso,3,68,16:25:31,22.487,Base Oficial Ergast Motor Racing Database / FIA Timing Sheets
2024,11,bottas,1,19,15:26:01,21.918,Base Oficial Ergast Motor Racing Database / FIA Timing Sheets
2024,11,bottas,2,42,15:53:49,21.991,Base Oficial Ergast Motor Racing Database / FIA Timing Sheets
2024,11,gasly,1,20,15:27:05,21.431,Base Oficial Ergast Motor Racing Database / FIA Timing Sheets
2024,11,gasly,2,42,15:53:40,22.043,Base Oficial Ergast Motor Racing Database / FIA Timing Sheets
2024,11,hamilton,1,21,15:28:03,21.563,Base Oficial Ergast Motor Racing Database / FIA Timing Sheets
2024,11,hamilton,2,53,16:06:06,27.281,Base Oficial Ergast Motor Racing Database / FIA Timing Sheets
2024,11,hulkenberg,1,11,15:16:12,22.355,Base Oficial Ergast Motor Racing Database / FIA Timing Sheets
2024,11,hulkenberg,2,39,15:49:55,21.814,Base Oficial Ergast Motor Racing Database / FIA Timing Sheets
2024,11,kevin_magnussen,1,10,15:15:02,21.518,Base Oficial Ergast Motor Racing Database / FIA Timing Sheets
2024,11,kevin_magnussen,2,38,15:48:49,21.832,Base Oficial Ergast Motor Racing Database / FIA Timing Sheets
2024,11,leclerc,1,1,15:04:20,31.917,Base Oficial Ergast Motor Racing Database / FIA Timing Sheets
2024,11,leclerc,2,16,15:22:38,21.685,Base Oficial Ergast Motor Racing Database / FIA Timing Sheets
2024,11,leclerc,3,33,15:43:03,22.243,Base Oficial Ergast Motor Racing Database / FIA Timing Sheets
2024,11,leclerc,4,51,16:04:33,20.903,Base Oficial Ergast Motor Racing Database / FIA Timing Sheets
2024,11,max_verstappen,1,23,15:30:10,21.899,Base Oficial Ergast Motor Racing Database / FIA Timing Sheets
2024,11,max_verstappen,2,51,16:03:13,25.841,Base Oficial Ergast Motor Racing Database / FIA Timing Sheets
2024,11,max_verstappen,3,64,16:19:06,22.729,Base Oficial Ergast Motor Racing Database / FIA Timing Sheets
2024,11,norris,1,23,15:30:16,21.617,Base Oficial Ergast Motor Racing Database / FIA Timing Sheets
2024,11,norris,2,51,16:03:21,21.411,Base Oficial Ergast Motor Racing Database / FIA Timing Sheets
2024,11,ocon,1,19,15:25:51,22.291,Base Oficial Ergast Motor Racing Database / FIA Timing Sheets
2024,11,ocon,2,43,15:54:52,21.231,Base Oficial Ergast Motor Racing Database / FIA Timing Sheets
2024,11,perez,1,21,15:28:10,21.291,Base Oficial Ergast Motor Racing Database / FIA Timing Sheets
2024,11,perez,2,51,16:04:03,27.5,Base Oficial Ergast Motor Racing Database / FIA Timing Sheets
2024,11,piastri,1,25,15:32:49,20.978,Base Oficial Ergast Motor Racing Database / FIA Timing Sheets
2024,11,piastri,2,51,16:03:40,20.775,Base Oficial Ergast Motor Racing Database / FIA Timing Sheets
2024,11,ricciardo,1,10,15:15:04,21.502,Base Oficial Ergast Motor Racing Database / FIA Timing Sheets
2024,11,ricciardo,2,37,15:47:39,21.093,Base Oficial Ergast Motor Racing Database / FIA Timing Sheets
2024,11,russell,1,22,15:29:09,21.673,Base Oficial Ergast Motor Racing Database / FIA Timing Sheets
2024,11,russell,2,46,15:57:41,21.229,Base Oficial Ergast Motor Racing Database / FIA Timing Sheets
2024,11,sainz,1,22,15:29:12,21.226,Base Oficial Ergast Motor Racing Database / FIA Timing Sheets
2024,11,sainz,2,47,15:58:55,21.283,Base Oficial Ergast Motor Racing Database / FIA Timing Sheets
2024,11,sargeant,1,1,15:04:23,31.722,Base Oficial Ergast Motor Racing Database / FIA Timing Sheets
2024,11,sargeant,2,20,15:27:51,22.502,Base Oficial Ergast Motor Racing Database / FIA Timing Sheets
2024,11,sargeant,3,49,16:03:04,22.093,Base Oficial Ergast Motor Racing Database / FIA Timing Sheets
2024,11,stroll,1,20,15:27:11,21.399,Base Oficial Ergast Motor Racing Database / FIA Timing Sheets
2024,11,stroll,2,43,15:54:58,21.302,Base Oficial Ergast Motor Racing Database / FIA Timing Sheets
2024,11,tsunoda,1,21,15:28:21,21.25,Base Oficial Ergast Motor Racing Database / FIA Timing Sheets
2024,11,tsunoda,2,44,15:56:07,23.444,Base Oficial Ergast Motor Racing Database / FIA Timing Sheets
2024,11,zhou,1,28,15:37:09,23.198,Base Oficial Ergast Motor Racing Database / FIA Timing Sheets
2024,11,zhou,2,51,16:05:02,21.594,Base Oficial Ergast Motor Racing Database / FIA Timing Sheets
2024,12,albon,1,27,15:45:53,34.742,Base Oficial Ergast Motor Racing Database / FIA Timing Sheets
2024,12,albon,2,38,16:05:11,29.41,Base Oficial Ergast Motor Racing Database / FIA Timing Sheets
2024,12,alonso,1,27,15:45:51,29.341,Base Oficial Ergast Motor Racing Database / FIA Timing Sheets
2024,12,alonso,2,38,16:05:03,29.686,Base Oficial Ergast Motor Racing Database / FIA Timing Sheets
2024,12,bottas,1,26,15:44:42,30.628,Base Oficial Ergast Motor Racing Database / FIA Timing Sheets
2024,12,bottas,2,37,16:04:05,31.527,Base Oficial Ergast Motor Racing Database / FIA Timing Sheets
2024,12,hamilton,1,27,15:45:17,28.929,Base Oficial Ergast Motor Racing Database / FIA Timing Sheets
2024,12,hamilton,2,38,16:04:09,30.038,Base Oficial Ergast Motor Racing Database / FIA Timing Sheets
2024,12,hulkenberg,1,26,15:43:59,29.412,Base Oficial Ergast Motor Racing Database / FIA Timing Sheets
2024,12,hulkenberg,2,39,16:06:28,30.265,Base Oficial Ergast Motor Racing Database / FIA Timing Sheets
2024,12,kevin_magnussen,1,27,15:45:59,30.308,Base Oficial Ergast Motor Racing Database / FIA Timing Sheets
2024,12,kevin_magnussen,2,37,16:03:41,29.884,Base Oficial Ergast Motor Racing Database / FIA Timing Sheets
2024,12,leclerc,1,19,15:32:51,28.481,Base Oficial Ergast Motor Racing Database / FIA Timing Sheets
2024,12,leclerc,2,27,15:47:17,29.233,Base Oficial Ergast Motor Racing Database / FIA Timing Sheets
2024,12,leclerc,3,37,16:04:40,29.166,Base Oficial Ergast Motor Racing Database / FIA Timing Sheets
2024,12,max_verstappen,1,26,15:43:41,28.365,Base Oficial Ergast Motor Racing Database / FIA Timing Sheets
2024,12,max_verstappen,2,38,16:04:14,29.076,Base Oficial Ergast Motor Racing Database / FIA Timing Sheets
2024,12,norris,1,27,15:45:13,28.661,Base Oficial Ergast Motor Racing Database / FIA Timing Sheets
2024,12,norris,2,39,16:05:44,30.387,Base Oficial Ergast Motor Racing Database / FIA Timing Sheets
2024,12,ocon,1,19,15:33:21,28.495,Base Oficial Ergast Motor Racing Database / FIA Timing Sheets
2024,12,ocon,2,21,15:37:02,28.276,Base Oficial Ergast Motor Racing Database / FIA Timing Sheets
2024,12,ocon,3,26,15:45:57,29.289,Base Oficial Ergast Motor Racing Database / FIA Timing Sheets
2024,12,ocon,4,38,16:06:52,29.086,Base Oficial Ergast Motor Racing Database / FIA Timing Sheets
2024,12,perez,1,19,15:32:59,28.391,Base Oficial Ergast Motor Racing Database / FIA Timing Sheets
2024,12,perez,2,28,15:49:13,32.313,Base Oficial Ergast Motor Racing Database / FIA Timing Sheets
2024,12,perez,3,37,16:04:59,29.3,Base Oficial Ergast Motor Racing Database / FIA Timing Sheets
2024,12,perez,4,47,16:20:38,28.871,Base Oficial Ergast Motor Racing Database / FIA Timing Sheets
2024,12,piastri,1,28,15:47:12,29.541,Base Oficial Ergast Motor Racing Database / FIA Timing Sheets
2024,12,piastri,2,38,16:04:29,29.2,Base Oficial Ergast Motor Racing Database / FIA Timing Sheets
2024,12,ricciardo,1,26,15:44:23,28.875,Base Oficial Ergast Motor Racing Database / FIA Timing Sheets
2024,12,ricciardo,2,37,16:03:44,29.873,Base Oficial Ergast Motor Racing Database / FIA Timing Sheets
2024,12,russell,1,27,15:45:20,32.045,Base Oficial Ergast Motor Racing Database / FIA Timing Sheets
2024,12,sainz,1,26,15:43:42,29.199,Base Oficial Ergast Motor Racing Database / FIA Timing Sheets
2024,12,sainz,2,39,16:06:06,29.097,Base Oficial Ergast Motor Racing Database / FIA Timing Sheets
2024,12,sainz,3,50,16:22:59,28.706,Base Oficial Ergast Motor Racing Database / FIA Timing Sheets
2024,12,sargeant,1,27,15:46:01,32.801,Base Oficial Ergast Motor Racing Database / FIA Timing Sheets
2024,12,sargeant,2,38,16:05:23,29.444,Base Oficial Ergast Motor Racing Database / FIA Timing Sheets
2024,12,stroll,1,26,15:44:01,29.023,Base Oficial Ergast Motor Racing Database / FIA Timing Sheets
2024,12,stroll,2,39,16:06:33,29.469,Base Oficial Ergast Motor Racing Database / FIA Timing Sheets
2024,12,tsunoda,1,27,15:45:52,30.0,Base Oficial Ergast Motor Racing Database / FIA Timing Sheets
2024,12,tsunoda,2,38,16:05:07,29.658,Base Oficial Ergast Motor Racing Database / FIA Timing Sheets
2024,12,zhou,1,12,15:22:07,29.178,Base Oficial Ergast Motor Racing Database / FIA Timing Sheets
2024,12,zhou,2,19,15:33:46,29.838,Base Oficial Ergast Motor Racing Database / FIA Timing Sheets
2024,12,zhou,3,26,15:46:39,29.125,Base Oficial Ergast Motor Racing Database / FIA Timing Sheets
2024,12,zhou,4,37,16:06:00,33.083,Base Oficial Ergast Motor Racing Database / FIA Timing Sheets
2024,13,albon,1,6,15:11:43,22.091,Base Oficial Ergast Motor Racing Database / FIA Timing Sheets
2024,13,albon,2,29,15:44:46,23.41,Base Oficial Ergast Motor Racing Database / FIA Timing Sheets
2024,13,alonso,1,7,15:13:05,22.542,Base Oficial Ergast Motor Racing Database / FIA Timing Sheets
2024,13,alonso,2,37,15:55:57,21.8,Base Oficial Ergast Motor Racing Database / FIA Timing Sheets
2024,13,bottas,1,16,15:25:58,22.146,Base Oficial Ergast Motor Racing Database / FIA Timing Sheets
2024,13,bottas,2,45,16:07:35,21.981,Base Oficial Ergast Motor Racing Database / FIA Timing Sheets
2024,13,gasly,1,28,15:43:16,21.405,Base Oficial Ergast Motor Racing Database / FIA Timing Sheets
2024,13,hamilton,1,16,15:25:36,21.306,Base Oficial Ergast Motor Racing Database / FIA Timing Sheets
2024,13,hamilton,2,40,15:59:28,21.91,Base Oficial Ergast Motor Racing Database / FIA Timing Sheets
2024,13,hulkenberg,1,2,15:06:01,22.287,Base Oficial Ergast Motor Racing Database / FIA Timing Sheets
2024,13,hulkenberg,2,29,15:44:45,22.472,Base Oficial Ergast Motor Racing Database / FIA Timing Sheets
2024,13,kevin_magnussen,1,6,15:11:43,21.871,Base Oficial Ergast Motor Racing Database / FIA Timing Sheets
2024,13,kevin_magnussen,2,34,15:51:57,22.531,Base Oficial Ergast Motor Racing Database / FIA Timing Sheets
2024,13,leclerc,1,23,15:35:30,21.894,Base Oficial Ergast Motor Racing Database / FIA Timing Sheets
2024,13,leclerc,2,40,15:59:29,21.723,Base Oficial Ergast Motor Racing Database / FIA Timing Sheets
2024,13,max_verstappen,1,21,15:32:38,22.101,Base Oficial Ergast Motor Racing Database / FIA Timing Sheets
2024,13,max_verstappen,2,49,16:12:02,21.344,Base Oficial Ergast Motor Racing Database / FIA Timing Sheets
2024,13,norris,1,17,15:26:55,21.861,Base Oficial Ergast Motor Racing Database / FIA Timing Sheets
2024,13,norris,2,45,16:06:18,21.249,Base Oficial Ergast Motor Racing Database / FIA Timing Sheets
2024,13,ocon,1,6,15:11:47,21.829,Base Oficial Ergast Motor Racing Database / FIA Timing Sheets
2024,13,ocon,2,30,15:46:17,21.444,Base Oficial Ergast Motor Racing Database / FIA Timing Sheets
2024,13,ocon,3,64,16:34:46,21.33,Base Oficial Ergast Motor Racing Database / FIA Timing Sheets
2024,13,perez,1,28,15:43:04,21.395,Base Oficial Ergast Motor Racing Database / FIA Timing Sheets
2024,13,perez,2,47,16:09:46,21.056,Base Oficial Ergast Motor Racing Database / FIA Timing Sheets
2024,13,piastri,1,18,15:28:15,21.641,Base Oficial Ergast Motor Racing Database / FIA Timing Sheets
2024,13,piastri,2,47,16:09:05,21.823,Base Oficial Ergast Motor Racing Database / FIA Timing Sheets
2024,13,ricciardo,1,7,15:13:08,21.084,Base Oficial Ergast Motor Racing Database / FIA Timing Sheets
2024,13,ricciardo,2,28,15:43:23,21.378,Base Oficial Ergast Motor Racing Database / FIA Timing Sheets
2024,13,russell,1,33,15:50:09,21.369,Base Oficial Ergast Motor Racing Database / FIA Timing Sheets
2024,13,russell,2,53,16:18:05,21.328,Base Oficial Ergast Motor Racing Database / FIA Timing Sheets
2024,13,sainz,1,21,15:32:46,21.655,Base Oficial Ergast Motor Racing Database / FIA Timing Sheets
2024,13,sainz,2,47,16:09:23,21.439,Base Oficial Ergast Motor Racing Database / FIA Timing Sheets
2024,13,sargeant,1,8,15:14:38,21.757,Base Oficial Ergast Motor Racing Database / FIA Timing Sheets
2024,13,sargeant,2,33,15:50:34,21.398,Base Oficial Ergast Motor Racing Database / FIA Timing Sheets
2024,13,sargeant,3,63,16:33:22,21.908,Base Oficial Ergast Motor Racing Database / FIA Timing Sheets
2024,13,stroll,1,14,15:23:01,23.237,Base Oficial Ergast Motor Racing Database / FIA Timing Sheets
2024,13,stroll,2,45,16:07:17,22.276,Base Oficial Ergast Motor Racing Database / FIA Timing Sheets
2024,13,tsunoda,1,29,15:44:27,21.467,Base Oficial Ergast Motor Racing Database / FIA Timing Sheets
2024,13,zhou,1,7,15:13:15,21.993,Base Oficial Ergast Motor Racing Database / FIA Timing Sheets
2024,13,zhou,2,36,15:55:03,22.183,Base Oficial Ergast Motor Racing Database / FIA Timing Sheets
2024,14,albon,1,8,15:18:45,23.606,Base Oficial Ergast Motor Racing Database / FIA Timing Sheets
2024,14,albon,2,23,15:46:34,23.146,Base Oficial Ergast Motor Racing Database / FIA Timing Sheets
2024,14,alonso,1,13,15:27:58,23.075,Base Oficial Ergast Motor Racing Database / FIA Timing Sheets
2024,14,bottas,1,11,15:24:22,23.147,Base Oficial Ergast Motor Racing Database / FIA Timing Sheets
2024,14,bottas,2,35,16:08:31,22.949,Base Oficial Ergast Motor Racing Database / FIA Timing Sheets
2024,14,gasly,1,9,15:20:39,22.9,Base Oficial Ergast Motor Racing Database / FIA Timing Sheets
2024,14,gasly,2,28,15:55:46,22.844,Base Oficial Ergast Motor Racing Database / FIA Timing Sheets
2024,14,hamilton,1,11,15:24:02,23.188,Base Oficial Ergast Motor Racing Database / FIA Timing Sheets
2024,14,hamilton,2,26,15:51:24,22.704,Base Oficial Ergast Motor Racing Database / FIA Timing Sheets
2024,14,hulkenberg,1,7,15:17:00,23.562,Base Oficial Ergast Motor Racing Database / FIA Timing Sheets
2024,14,hulkenberg,2,20,15:41:12,23.268,Base Oficial Ergast Motor Racing Database / FIA Timing Sheets
2024,14,kevin_magnussen,1,17,15:35:32,23.619,Base Oficial Ergast Motor Racing Database / FIA Timing Sheets
2024,14,leclerc,1,12,15:25:53,22.942,Base Oficial Ergast Motor Racing Database / FIA Timing Sheets
2024,14,leclerc,2,25,15:49:39,23.33,Base Oficial Ergast Motor Racing Database / FIA Timing Sheets
2024,14,max_verstappen,1,10,15:22:21,23.214,Base Oficial Ergast Motor Racing Database / FIA Timing Sheets
2024,14,max_verstappen,2,28,15:55:10,22.943,Base Oficial Ergast Motor Racing Database / FIA Timing Sheets
2024,14,norris,1,15,15:31:29,22.682,Base Oficial Ergast Motor Racing Database / FIA Timing Sheets
2024,14,norris,2,29,15:56:59,22.61,Base Oficial Ergast Motor Racing Database / FIA Timing Sheets
2024,14,ocon,1,12,15:26:11,23.366,Base Oficial Ergast Motor Racing Database / FIA Timing Sheets
2024,14,ocon,2,30,15:59:14,23.546,Base Oficial Ergast Motor Racing Database / FIA Timing Sheets
2024,14,perez,1,11,15:24:06,22.692,Base Oficial Ergast Motor Racing Database / FIA Timing Sheets
2024,14,perez,2,21,15:42:34,22.648,Base Oficial Ergast Motor Racing Database / FIA Timing Sheets
2024,14,perez,3,42,16:20:40,22.632,Base Oficial Ergast Motor Racing Database / FIA Timing Sheets
2024,14,piastri,1,11,15:24:08,22.623,Base Oficial Ergast Motor Racing Database / FIA Timing Sheets
2024,14,piastri,2,30,15:58:38,24.125,Base Oficial Ergast Motor Racing Database / FIA Timing Sheets
2024,14,ricciardo,1,8,15:18:49,22.643,Base Oficial Ergast Motor Racing Database / FIA Timing Sheets
2024,14,ricciardo,2,21,15:42:55,22.328,Base Oficial Ergast Motor Racing Database / FIA Timing Sheets
2024,14,russell,1,10,15:22:19,22.686,Base Oficial Ergast Motor Racing Database / FIA Timing Sheets
2024,14,sainz,1,20,15:40:33,23.08,Base Oficial Ergast Motor Racing Database / FIA Timing Sheets
2024,14,sainz,2,28,15:55:17,23.089,Base Oficial Ergast Motor Racing Database / FIA Timing Sheets
2024,14,sargeant,1,8,15:18:55,23.338,Base Oficial Ergast Motor Racing Database / FIA Timing Sheets
2024,14,sargeant,2,24,15:48:46,23.692,Base Oficial Ergast Motor Racing Database / FIA Timing Sheets
2024,14,stroll,1,12,15:26:15,23.01,Base Oficial Ergast Motor Racing Database / FIA Timing Sheets
2024,14,tsunoda,1,15,15:31:55,23.452,Base Oficial Ergast Motor Racing Database / FIA Timing Sheets
2024,15,albon,1,12,15:18:56,21.258,Base Oficial Ergast Motor Racing Database / FIA Timing Sheets
2024,15,albon,2,54,16:13:00,21.016,Base Oficial Ergast Motor Racing Database / FIA Timing Sheets
2024,15,alonso,1,31,15:43:19,21.348,Base Oficial Ergast Motor Racing Database / FIA Timing Sheets
2024,15,bottas,1,15,15:22:50,21.095,Base Oficial Ergast Motor Racing Database / FIA Timing Sheets
2024,15,bottas,2,43,15:59:12,21.273,Base Oficial Ergast Motor Racing Database / FIA Timing Sheets
2024,15,gasly,1,32,15:44:31,22.646,Base Oficial Ergast Motor Racing Database / FIA Timing Sheets
2024,15,hamilton,1,23,15:32:56,21.168,Base Oficial Ergast Motor Racing Database / FIA Timing Sheets
2024,15,hamilton,2,48,16:04:40,21.026,Base Oficial Ergast Motor Racing Database / FIA Timing Sheets
2024,15,hulkenberg,1,14,15:21:26,21.619,Base Oficial Ergast Motor Racing Database / FIA Timing Sheets
2024,15,kevin_magnussen,1,40,15:55:10,21.403,Base Oficial Ergast Motor Racing Database / FIA Timing Sheets
2024,15,leclerc,1,24,15:33:57,20.841,Base Oficial Ergast Motor Racing Database / FIA Timing Sheets
2024,15,max_verstappen,1,27,15:37:39,20.785,Base Oficial Ergast Motor Racing Database / FIA Timing Sheets
2024,15,norris,1,28,15:38:48,21.536,Base Oficial Ergast Motor Racing Database / FIA Timing Sheets
2024,15,ocon,1,30,15:42:17,21.015,Base Oficial Ergast Motor Racing Database / FIA Timing Sheets
2024,15,perez,1,29,15:40:23,22.934,Base Oficial Ergast Motor Racing Database / FIA Timing Sheets
2024,15,piastri,1,33,15:45:22,20.969,Base Oficial Ergast Motor Racing Database / FIA Timing Sheets
2024,15,ricciardo,1,29,15:40:51,20.942,Base Oficial Ergast Motor Racing Database / FIA Timing Sheets
2024,15,russell,1,25,15:35:11,21.846,Base Oficial Ergast Motor Racing Database / FIA Timing Sheets
2024,15,russell,2,54,16:12:03,21.159,Base Oficial Ergast Motor Racing Database / FIA Timing Sheets
2024,15,sainz,1,30,15:41:41,20.84,Base Oficial Ergast Motor Racing Database / FIA Timing Sheets
2024,15,sargeant,1,22,15:32:00,22.03,Base Oficial Ergast Motor Racing Database / FIA Timing Sheets
2024,15,stroll,1,30,15:42:05,21.385,Base Oficial Ergast Motor Racing Database / FIA Timing Sheets
2024,15,tsunoda,1,14,15:21:27,21.249,Base Oficial Ergast Motor Racing Database / FIA Timing Sheets
2024,15,tsunoda,2,32,15:44:50,20.88,Base Oficial Ergast Motor Racing Database / FIA Timing Sheets
2024,15,zhou,1,18,15:26:53,21.214,Base Oficial Ergast Motor Racing Database / FIA Timing Sheets
2024,15,zhou,2,51,16:09:57,22.044,Base Oficial Ergast Motor Racing Database / FIA Timing Sheets
2024,16,albon,1,17,15:28:04,24.801,Base Oficial Ergast Motor Racing Database / FIA Timing Sheets
2024,16,alonso,1,12,15:20:54,24.866,Base Oficial Ergast Motor Racing Database / FIA Timing Sheets
2024,16,alonso,2,35,15:53:55,24.501,Base Oficial Ergast Motor Racing Database / FIA Timing Sheets
2024,16,bottas,1,33,15:51:24,24.41,Base Oficial Ergast Motor Racing Database / FIA Timing Sheets
2024,16,colapinto,1,16,15:26:50,25.147,Base Oficial Ergast Motor Racing Database / FIA Timing Sheets
2024,16,gasly,1,10,15:18:08,24.335,Base Oficial Ergast Motor Racing Database / FIA Timing Sheets
2024,16,gasly,2,30,15:47:05,24.203,Base Oficial Ergast Motor Racing Database / FIA Timing Sheets
2024,16,hamilton,1,15,15:24:58,24.469,Base Oficial Ergast Motor Racing Database / FIA Timing Sheets
2024,16,hamilton,2,37,15:56:11,24.155,Base Oficial Ergast Motor Racing Database / FIA Timing Sheets
2024,16,hulkenberg,1,5,15:10:58,38.875,Base Oficial Ergast Motor Racing Database / FIA Timing Sheets
2024,16,hulkenberg,2,32,15:50:05,36.576,Base Oficial Ergast Motor Racing Database / FIA Timing Sheets
2024,16,kevin_magnussen,1,14,15:23:48,25.672,Base Oficial Ergast Motor Racing Database / FIA Timing Sheets
2024,16,leclerc,1,15,15:24:52,24.551,Base Oficial Ergast Motor Racing Database / FIA Timing Sheets
2024,16,max_verstappen,1,22,15:34:56,28.198,Base Oficial Ergast Motor Racing Database / FIA Timing Sheets
2024,16,max_verstappen,2,41,16:01:54,24.15,Base Oficial Ergast Motor Racing Database / FIA Timing Sheets
2024,16,norris,1,14,15:23:26,24.169,Base Oficial Ergast Motor Racing Database / FIA Timing Sheets
2024,16,norris,2,32,15:48:59,24.87,Base Oficial Ergast Motor Racing Database / FIA Timing Sheets
2024,16,ocon,1,31,15:48:20,24.146,Base Oficial Ergast Motor Racing Database / FIA Timing Sheets
2024,16,perez,1,23,15:36:25,24.728,Base Oficial Ergast Motor Racing Database / FIA Timing Sheets
2024,16,perez,2,35,15:53:38,24.03,Base Oficial Ergast Motor Racing Database / FIA Timing Sheets
2024,16,piastri,1,16,15:26:13,23.793,Base Oficial Ergast Motor Racing Database / FIA Timing Sheets
2024,16,piastri,2,38,15:57:15,24.67,Base Oficial Ergast Motor Racing Database / FIA Timing Sheets
2024,16,ricciardo,1,11,15:19:31,30.317,Base Oficial Ergast Motor Racing Database / FIA Timing Sheets
2024,16,russell,1,11,15:19:22,32.696,Base Oficial Ergast Motor Racing Database / FIA Timing Sheets
2024,16,russell,2,33,15:50:51,26.297,Base Oficial Ergast Motor Racing Database / FIA Timing Sheets
2024,16,sainz,1,19,15:30:37,24.313,Base Oficial Ergast Motor Racing Database / FIA Timing Sheets
2024,16,stroll,1,19,15:31:07,24.98,Base Oficial Ergast Motor Racing Database / FIA Timing Sheets
2024,16,stroll,2,36,15:55:36,24.209,Base Oficial Ergast Motor Racing Database / FIA Timing Sheets
2024,16,stroll,3,50,16:15:41,25.269,Base Oficial Ergast Motor Racing Database / FIA Timing Sheets
2024,16,zhou,1,15,15:25:28,27.138,Base Oficial Ergast Motor Racing Database / FIA Timing Sheets
2024,17,albon,1,31,16:00:54,20.287,Base Oficial Ergast Motor Racing Database / FIA Timing Sheets
2024,17,alonso,1,11,15:24:27,20.073,Base Oficial Ergast Motor Racing Database / FIA Timing Sheets
2024,17,bearman,1,14,15:30:09,21.276,Base Oficial Ergast Motor Racing Database / FIA Timing Sheets
2024,17,bottas,1,11,15:25:01,20.045,Base Oficial Ergast Motor Racing Database / FIA Timing Sheets
2024,17,colapinto,1,10,15:22:39,20.596,Base Oficial Ergast Motor Racing Database / FIA Timing Sheets
2024,17,gasly,1,50,16:36:20,20.257,Base Oficial Ergast Motor Racing Database / FIA Timing Sheets
2024,17,hamilton,1,12,15:26:34,21.289,Base Oficial Ergast Motor Racing Database / FIA Timing Sheets
2024,17,hulkenberg,1,15,15:31:57,21.617,Base Oficial Ergast Motor Racing Database / FIA Timing Sheets
2024,17,leclerc,1,16,15:33:13,20.671,Base Oficial Ergast Motor Racing Database / FIA Timing Sheets
2024,17,max_verstappen,1,12,15:26:10,21.145,Base Oficial Ergast Motor Racing Database / FIA Timing Sheets
2024,17,max_verstappen,2,49,16:33:13,20.725,Base Oficial Ergast Motor Racing Database / FIA Timing Sheets
2024,17,norris,1,37,16:11:41,19.712,Base Oficial Ergast Motor Racing Database / FIA Timing Sheets
2024,17,ocon,1,49,16:34:42,20.634,Base Oficial Ergast Motor Racing Database / FIA Timing Sheets
2024,17,perez,1,13,15:27:51,20.63,Base Oficial Ergast Motor Racing Database / FIA Timing Sheets
2024,17,piastri,1,15,15:31:28,20.181,Base Oficial Ergast Motor Racing Database / FIA Timing Sheets
2024,17,ricciardo,1,49,16:34:12,21.984,Base Oficial Ergast Motor Racing Database / FIA Timing Sheets
2024,17,russell,1,12,15:26:14,19.954,Base Oficial Ergast Motor Racing Database / FIA Timing Sheets
2024,17,sainz,1,17,15:35:11,21.483,Base Oficial Ergast Motor Racing Database / FIA Timing Sheets
2024,17,stroll,1,1,15:06:20,21.123,Base Oficial Ergast Motor Racing Database / FIA Timing Sheets
2024,17,stroll,2,22,15:45:17,20.214,Base Oficial Ergast Motor Racing Database / FIA Timing Sheets
2024,17,tsunoda,1,12,15:26:54,20.922,Base Oficial Ergast Motor Racing Database / FIA Timing Sheets
2024,17,zhou,1,34,16:07:12,20.52,Base Oficial Ergast Motor Racing Database / FIA Timing Sheets
2024,18,albon,1,11,20:22:22,29.126,Base Oficial Ergast Motor Racing Database / FIA Timing Sheets
2024,18,alonso,1,25,20:45:21,29.251,Base Oficial Ergast Motor Racing Database / FIA Timing Sheets
2024,18,bottas,1,33,20:59:22,30.423,Base Oficial Ergast Motor Racing Database / FIA Timing Sheets
2024,18,colapinto,1,29,20:52:02,29.772,Base Oficial Ergast Motor Racing Database / FIA Timing Sheets
2024,18,gasly,1,37,21:06:04,31.509,Base Oficial Ergast Motor Racing Database / FIA Timing Sheets
2024,18,hamilton,1,17,20:31:54,29.272,Base Oficial Ergast Motor Racing Database / FIA Timing Sheets
2024,18,hulkenberg,1,29,20:52:00,29.808,Base Oficial Ergast Motor Racing Database / FIA Timing Sheets
2024,18,kevin_magnussen,1,28,20:50:47,29.707,Base Oficial Ergast Motor Racing Database / FIA Timing Sheets
2024,18,kevin_magnussen,2,49,21:26:52,31.291,Base Oficial Ergast Motor Racing Database / FIA Timing Sheets
2024,18,leclerc,1,36,21:03:29,29.042,Base Oficial Ergast Motor Racing Database / FIA Timing Sheets
2024,18,max_verstappen,1,29,20:51:28,29.655,Base Oficial Ergast Motor Racing Database / FIA Timing Sheets
2024,18,norris,1,30,20:52:44,29.091,Base Oficial Ergast Motor Racing Database / FIA Timing Sheets
2024,18,ocon,1,29,20:52:22,29.601,Base Oficial Ergast Motor Racing Database / FIA Timing Sheets
2024,18,perez,1,28,20:50:26,28.99,Base Oficial Ergast Motor Racing Database / FIA Timing Sheets
2024,18,piastri,1,38,21:06:22,29.152,Base Oficial Ergast Motor Racing Database / FIA Timing Sheets
2024,18,ricciardo,1,10,20:20:46,30.316,Base Oficial Ergast Motor Racing Database / FIA Timing Sheets
2024,18,ricciardo,2,46,21:20:58,29.066,Base Oficial Ergast Motor Racing Database / FIA Timing Sheets
2024,18,ricciardo,3,58,21:40:58,29.653,Base Oficial Ergast Motor Racing Database / FIA Timing Sheets
2024,18,russell,1,27,20:48:22,28.739,Base Oficial Ergast Motor Racing Database / FIA Timing Sheets
2024,18,sainz,1,13,20:25:37,29.385,Base Oficial Ergast Motor Racing Database / FIA Timing Sheets
2024,18,stroll,1,26,20:47:31,29.816,Base Oficial Ergast Motor Racing Database / FIA Timing Sheets
2024,18,tsunoda,1,33,20:58:54,29.662,Base Oficial Ergast Motor Racing Database / FIA Timing Sheets
2024,18,zhou,1,34,21:01:01,29.36,Base Oficial Ergast Motor Racing Database / FIA Timing Sheets
2024,19,albon,1,3,14:09:39,34.983,Base Oficial Ergast Motor Racing Database / FIA Timing Sheets
2024,19,albon,2,33,15:02:17,24.391,Base Oficial Ergast Motor Racing Database / FIA Timing Sheets
2024,19,alonso,1,26,14:50:15,24.247,Base Oficial Ergast Motor Racing Database / FIA Timing Sheets
2024,19,bottas,1,15,14:31:39,24.439,Base Oficial Ergast Motor Racing Database / FIA Timing Sheets
2024,19,colapinto,1,39,15:11:56,23.971,Base Oficial Ergast Motor Racing Database / FIA Timing Sheets
2024,19,gasly,1,18,14:36:29,28.228,Base Oficial Ergast Motor Racing Database / FIA Timing Sheets
2024,19,hulkenberg,1,27,14:51:40,24.5,Base Oficial Ergast Motor Racing Database / FIA Timing Sheets
2024,19,kevin_magnussen,1,17,14:34:50,23.966,Base Oficial Ergast Motor Racing Database / FIA Timing Sheets
2024,19,kevin_magnussen,2,38,15:10:18,24.087,Base Oficial Ergast Motor Racing Database / FIA Timing Sheets
2024,19,lawson,1,36,15:06:52,23.839,Base Oficial Ergast Motor Racing Database / FIA Timing Sheets
2024,19,leclerc,1,26,14:49:20,23.817,Base Oficial Ergast Motor Racing Database / FIA Timing Sheets
2024,19,max_verstappen,1,25,14:47:52,24.228,Base Oficial Ergast Motor Racing Database / FIA Timing Sheets
2024,19,norris,1,31,14:57:52,23.731,Base Oficial Ergast Motor Racing Database / FIA Timing Sheets
2024,19,ocon,1,31,14:58:47,24.156,Base Oficial Ergast Motor Racing Database / FIA Timing Sheets
2024,19,ocon,2,51,15:32:32,26.175,Base Oficial Ergast Motor Racing Database / FIA Timing Sheets
2024,19,perez,1,26,14:49:57,23.58,Base Oficial Ergast Motor Racing Database / FIA Timing Sheets
2024,19,piastri,1,32,14:59:38,24.107,Base Oficial Ergast Motor Racing Database / FIA Timing Sheets
2024,19,russell,1,40,15:13:16,29.327,Base Oficial Ergast Motor Racing Database / FIA Timing Sheets
2024,19,sainz,1,21,14:41:13,23.963,Base Oficial Ergast Motor Racing Database / FIA Timing Sheets
2024,19,stroll,1,27,14:52:06,26.399,Base Oficial Ergast Motor Racing Database / FIA Timing Sheets
2024,19,tsunoda,1,18,14:36:35,24.193,Base Oficial Ergast Motor Racing Database / FIA Timing Sheets
2024,19,zhou,1,13,14:28:22,24.433,Base Oficial Ergast Motor Racing Database / FIA Timing Sheets
2024,19,zhou,2,35,15:05:59,24.89,Base Oficial Ergast Motor Racing Database / FIA Timing Sheets
2024,20,bottas,1,49,15:16:16,22.505,Base Oficial Ergast Motor Racing Database / FIA Timing Sheets
2024,20,colapinto,1,47,15:13:22,23.895,Base Oficial Ergast Motor Racing Database / FIA Timing Sheets
2024,20,gasly,1,28,14:46:56,23.204,Base Oficial Ergast Motor Racing Database / FIA Timing Sheets
2024,20,hamilton,1,28,14:46:42,22.538,Base Oficial Ergast Motor Racing Database / FIA Timing Sheets
2024,20,hulkenberg,1,29,14:48:15,23.077,Base Oficial Ergast Motor Racing Database / FIA Timing Sheets
2024,20,kevin_magnussen,1,30,14:49:36,23.332,Base Oficial Ergast Motor Racing Database / FIA Timing Sheets
2024,20,lawson,1,39,15:02:15,22.586,Base Oficial Ergast Motor Racing Database / FIA Timing Sheets
2024,20,lawson,2,65,15:38:15,30.299,Base Oficial Ergast Motor Racing Database / FIA Timing Sheets
2024,20,leclerc,1,31,14:50:30,22.86,Base Oficial Ergast Motor Racing Database / FIA Timing Sheets
2024,20,leclerc,2,69,15:42:04,22.69,Base Oficial Ergast Motor Racing Database / FIA Timing Sheets
2024,20,max_verstappen,1,26,14:43:43,43.73,Base Oficial Ergast Motor Racing Database / FIA Timing Sheets
2024,20,norris,1,30,14:49:15,22.111,Base Oficial Ergast Motor Racing Database / FIA Timing Sheets
2024,20,ocon,1,48,15:14:59,23.245,Base Oficial Ergast Motor Racing Database / FIA Timing Sheets
2024,20,perez,1,20,14:35:55,27.73,Base Oficial Ergast Motor Racing Database / FIA Timing Sheets
2024,20,perez,2,43,15:08:13,22.174,Base Oficial Ergast Motor Racing Database / FIA Timing Sheets
2024,20,perez,3,68,15:42:41,21.92,Base Oficial Ergast Motor Racing Database / FIA Timing Sheets
2024,20,piastri,1,39,15:02:09,21.825,Base Oficial Ergast Motor Racing Database / FIA Timing Sheets
2024,20,russell,1,31,14:50:44,22.462,Base Oficial Ergast Motor Racing Database / FIA Timing Sheets
2024,20,sainz,1,32,14:51:43,22.249,Base Oficial Ergast Motor Racing Database / FIA Timing Sheets
2024,20,stroll,1,26,14:44:17,22.592,Base Oficial Ergast Motor Racing Database / FIA Timing Sheets
2024,20,zhou,1,43,15:08:09,22.935,Base Oficial Ergast Motor Racing Database / FIA Timing Sheets
2024,21,alonso,1,27,13:28:41,25.107,Base Oficial Ergast Motor Racing Database / FIA Timing Sheets
2024,21,alonso,2,32,13:39:00,,Base Oficial Ergast Motor Racing Database / FIA Timing Sheets
2024,21,bearman,1,27,13:28:52,35.755,Base Oficial Ergast Motor Racing Database / FIA Timing Sheets
2024,21,bearman,2,32,13:39:16,,Base Oficial Ergast Motor Racing Database / FIA Timing Sheets
2024,21,bottas,1,32,13:39:10,,Base Oficial Ergast Motor Racing Database / FIA Timing Sheets
2024,21,colapinto,1,26,13:27:23,25.287,Base Oficial Ergast Motor Racing Database / FIA Timing Sheets
2024,21,colapinto,2,30,13:35:02,25.239,Base Oficial Ergast Motor Racing Database / FIA Timing Sheets
2024,21,gasly,1,32,13:38:45,,Base Oficial Ergast Motor Racing Database / FIA Timing Sheets
2024,21,hamilton,1,27,13:28:55,25.205,Base Oficial Ergast Motor Racing Database / FIA Timing Sheets
2024,21,hamilton,2,32,13:39:05,,Base Oficial Ergast Motor Racing Database / FIA Timing Sheets
2024,21,hulkenberg,1,25,13:25:44,25.369,Base Oficial Ergast Motor Racing Database / FIA Timing Sheets
2024,21,hulkenberg,2,27,13:31:21,58.984,Base Oficial Ergast Motor Racing Database / FIA Timing Sheets
2024,21,hulkenberg,3,29,13:36:17,28.59,Base Oficial Ergast Motor Racing Database / FIA Timing Sheets
2024,21,lawson,1,28,13:30:35,28.167,Base Oficial Ergast Motor Racing Database / FIA Timing Sheets
2024,21,lawson,2,32,13:39:03,,Base Oficial Ergast Motor Racing Database / FIA Timing Sheets
2024,21,leclerc,1,24,13:24:06,24.573,Base Oficial Ergast Motor Racing Database / FIA Timing Sheets
2024,21,leclerc,2,32,13:38:55,,Base Oficial Ergast Motor Racing Database / FIA Timing Sheets
2024,21,max_verstappen,1,32,13:38:39,,Base Oficial Ergast Motor Racing Database / FIA Timing Sheets
2024,21,norris,1,28,13:30:01,24.764,Base Oficial Ergast Motor Racing Database / FIA Timing Sheets
2024,21,norris,2,32,13:38:46,,Base Oficial Ergast Motor Racing Database / FIA Timing Sheets
2024,21,ocon,1,32,13:38:37,,Base Oficial Ergast Motor Racing Database / FIA Timing Sheets
2024,21,perez,1,27,13:29:04,26.692,Base Oficial Ergast Motor Racing Database / FIA Timing Sheets
2024,21,perez,2,32,13:39:13,,Base Oficial Ergast Motor Racing Database / FIA Timing Sheets
2024,21,piastri,1,27,13:28:37,26.05,Base Oficial Ergast Motor Racing Database / FIA Timing Sheets
2024,21,piastri,2,32,13:38:58,,Base Oficial Ergast Motor Racing Database / FIA Timing Sheets
2024,21,russell,1,28,13:29:59,25.698,Base Oficial Ergast Motor Racing Database / FIA Timing Sheets
2024,21,russell,2,32,13:38:51,,Base Oficial Ergast Motor Racing Database / FIA Timing Sheets
2024,21,sainz,1,27,13:29:01,25.92,Base Oficial Ergast Motor Racing Database / FIA Timing Sheets
2024,21,sainz,2,32,13:39:11,,Base Oficial Ergast Motor Racing Database / FIA Timing Sheets
2024,21,tsunoda,1,28,13:30:16,25.431,Base Oficial Ergast Motor Racing Database / FIA Timing Sheets
2024,21,tsunoda,2,32,13:38:53,,Base Oficial Ergast Motor Racing Database / FIA Timing Sheets
2024,21,zhou,1,27,13:29:32,25.248,Base Oficial Ergast Motor Racing Database / FIA Timing Sheets
2024,21,zhou,2,28,13:31:38,27.067,Base Oficial Ergast Motor Racing Database / FIA Timing Sheets
2024,21,zhou,3,31,13:38:42,,Base Oficial Ergast Motor Racing Database / FIA Timing Sheets
2024,21,zhou,4,32,14:01:55,,Base Oficial Ergast Motor Racing Database / FIA Timing Sheets
2024,22,albon,1,9,22:18:56,22.012,Base Oficial Ergast Motor Racing Database / FIA Timing Sheets
2024,22,alonso,1,4,22:10:35,21.407,Base Oficial Ergast Motor Racing Database / FIA Timing Sheets
2024,22,alonso,2,24,22:44:09,21.407,Base Oficial Ergast Motor Racing Database / FIA Timing Sheets
2024,22,bottas,1,17,22:32:34,21.623,Base Oficial Ergast Motor Racing Database / FIA Timing Sheets
2024,22,bottas,2,35,23:02:48,22.821,Base Oficial Ergast Motor Racing Database / FIA Timing Sheets
2024,22,colapinto,1,16,22:30:50,21.17,Base Oficial Ergast Motor Racing Database / FIA Timing Sheets
2024,22,colapinto,2,26,22:47:34,21.221,Base Oficial Ergast Motor Racing Database / FIA Timing Sheets
2024,22,gasly,1,10,22:20:28,22.179,Base Oficial Ergast Motor Racing Database / FIA Timing Sheets
2024,22,hamilton,1,13,22:25:24,21.067,Base Oficial Ergast Motor Racing Database / FIA Timing Sheets
2024,22,hamilton,2,27,22:48:34,21.355,Base Oficial Ergast Motor Racing Database / FIA Timing Sheets
2024,22,hulkenberg,1,14,22:27:15,21.511,Base Oficial Ergast Motor Racing Database / FIA Timing Sheets
2024,22,hulkenberg,2,33,22:58:49,21.702,Base Oficial Ergast Motor Racing Database / FIA Timing Sheets
2024,22,kevin_magnussen,1,17,22:32:31,21.963,Base Oficial Ergast Motor Racing Database / FIA Timing Sheets
2024,22,lawson,1,11,22:22:17,21.049,Base Oficial Ergast Motor Racing Database / FIA Timing Sheets
2024,22,lawson,2,38,23:07:28,20.642,Base Oficial Ergast Motor Racing Database / FIA Timing Sheets
2024,22,leclerc,1,9,22:18:44,21.329,Base Oficial Ergast Motor Racing Database / FIA Timing Sheets
2024,22,leclerc,2,31,22:55:05,21.585,Base Oficial Ergast Motor Racing Database / FIA Timing Sheets
2024,22,max_verstappen,1,11,22:21:59,20.697,Base Oficial Ergast Motor Racing Database / FIA Timing Sheets
2024,22,max_verstappen,2,27,22:48:30,22.254,Base Oficial Ergast Motor Racing Database / FIA Timing Sheets
2024,22,norris,1,9,22:18:45,21.194,Base Oficial Ergast Motor Racing Database / FIA Timing Sheets
2024,22,norris,2,30,22:53:40,20.668,Base Oficial Ergast Motor Racing Database / FIA Timing Sheets
2024,22,norris,3,48,23:22:59,21.059,Base Oficial Ergast Motor Racing Database / FIA Timing Sheets
2024,22,ocon,1,11,22:22:13,15.79,Base Oficial Ergast Motor Racing Database / FIA Timing Sheets
2024,22,ocon,2,12,22:24:07,21.142,Base Oficial Ergast Motor Racing Database / FIA Timing Sheets
2024,22,ocon,3,45,23:18:59,21.858,Base Oficial Ergast Motor Racing Database / FIA Timing Sheets
2024,22,perez,1,17,22:32:20,21.294,Base Oficial Ergast Motor Racing Database / FIA Timing Sheets
2024,22,perez,2,32,22:57:18,21.034,Base Oficial Ergast Motor Racing Database / FIA Timing Sheets
2024,22,piastri,1,10,22:20:30,27.732,Base Oficial Ergast Motor Racing Database / FIA Timing Sheets
2024,22,piastri,2,25,22:45:37,21.082,Base Oficial Ergast Motor Racing Database / FIA Timing Sheets
2024,22,russell,1,12,22:23:29,21.072,Base Oficial Ergast Motor Racing Database / FIA Timing Sheets
2024,22,russell,2,32,22:56:26,20.975,Base Oficial Ergast Motor Racing Database / FIA Timing Sheets
2024,22,sainz,1,10,22:20:21,21.048,Base Oficial Ergast Motor Racing Database / FIA Timing Sheets
2024,22,sainz,2,28,22:50:14,20.879,Base Oficial Ergast Motor Racing Database / FIA Timing Sheets
2024,22,stroll,1,9,22:18:57,34.863,Base Oficial Ergast Motor Racing Database / FIA Timing Sheets
2024,22,stroll,2,28,22:50:55,21.588,Base Oficial Ergast Motor Racing Database / FIA Timing Sheets
2024,22,tsunoda,1,10,22:20:29,21.168,Base Oficial Ergast Motor Racing Database / FIA Timing Sheets
2024,22,tsunoda,2,29,22:52:13,21.208,Base Oficial Ergast Motor Racing Database / FIA Timing Sheets
2024,22,zhou,1,11,22:22:14,22.96,Base Oficial Ergast Motor Racing Database / FIA Timing Sheets
2024,22,zhou,2,34,23:00:44,21.761,Base Oficial Ergast Motor Racing Database / FIA Timing Sheets
2024,23,albon,1,35,19:58:26,29.179,Base Oficial Ergast Motor Racing Database / FIA Timing Sheets
2024,23,albon,2,36,20:00:48,22.71,Base Oficial Ergast Motor Racing Database / FIA Timing Sheets
2024,23,albon,3,37,20:02:46,36.548,Base Oficial Ergast Motor Racing Database / FIA Timing Sheets
2024,23,albon,4,55,20:32:43,39.687,Base Oficial Ergast Motor Racing Database / FIA Timing Sheets
2024,23,alonso,1,35,19:58:01,28.628,Base Oficial Ergast Motor Racing Database / FIA Timing Sheets
2024,23,alonso,2,36,20:00:27,28.592,Base Oficial Ergast Motor Racing Database / FIA Timing Sheets
2024,23,alonso,3,37,20:02:41,32.811,Base Oficial Ergast Motor Racing Database / FIA Timing Sheets
2024,23,bottas,1,24,19:41:56,29.034,Base Oficial Ergast Motor Racing Database / FIA Timing Sheets
2024,23,bottas,2,35,19:59:35,28.968,Base Oficial Ergast Motor Racing Database / FIA Timing Sheets
2024,23,bottas,3,36,20:02:25,28.14,Base Oficial Ergast Motor Racing Database / FIA Timing Sheets
2024,23,gasly,1,35,19:57:50,28.792,Base Oficial Ergast Motor Racing Database / FIA Timing Sheets
2024,23,gasly,2,36,20:00:12,22.717,Base Oficial Ergast Motor Racing Database / FIA Timing Sheets
2024,23,gasly,3,37,20:02:33,30.488,Base Oficial Ergast Motor Racing Database / FIA Timing Sheets
2024,23,hamilton,1,34,19:56:36,37.915,Base Oficial Ergast Motor Racing Database / FIA Timing Sheets
2024,23,hamilton,2,35,19:59:34,23.412,Base Oficial Ergast Motor Racing Database / FIA Timing Sheets
2024,23,hamilton,3,36,20:02:23,26.815,Base Oficial Ergast Motor Racing Database / FIA Timing Sheets
2024,23,hamilton,4,47,20:21:04,22.705,Base Oficial Ergast Motor Racing Database / FIA Timing Sheets
2024,23,hulkenberg,1,1,19:06:14,32.957,Base Oficial Ergast Motor Racing Database / FIA Timing Sheets
2024,23,hulkenberg,2,31,19:52:08,28.343,Base Oficial Ergast Motor Racing Database / FIA Timing Sheets
2024,23,hulkenberg,3,36,20:00:50,23.81,Base Oficial Ergast Motor Racing Database / FIA Timing Sheets
2024,23,hulkenberg,4,37,20:02:48,37.692,Base Oficial Ergast Motor Racing Database / FIA Timing Sheets
2024,23,kevin_magnussen,1,27,19:46:04,28.543,Base Oficial Ergast Motor Racing Database / FIA Timing Sheets
2024,23,kevin_magnussen,2,36,20:00:33,22.696,Base Oficial Ergast Motor Racing Database / FIA Timing Sheets
2024,23,kevin_magnussen,3,37,20:02:42,33.363,Base Oficial Ergast Motor Racing Database / FIA Timing Sheets
2024,23,lawson,1,35,19:58:28,45.049,Base Oficial Ergast Motor Racing Database / FIA Timing Sheets
2024,23,lawson,2,36,20:01:08,22.737,Base Oficial Ergast Motor Racing Database / FIA Timing Sheets
2024,23,lawson,3,37,20:03:03,26.79,Base Oficial Ergast Motor Racing Database / FIA Timing Sheets
2024,23,lawson,4,40,20:09:24,34.655,Base Oficial Ergast Motor Racing Database / FIA Timing Sheets
2024,23,leclerc,1,35,19:57:03,28.46,Base Oficial Ergast Motor Racing Database / FIA Timing Sheets
2024,23,leclerc,2,36,19:59:40,25.675,Base Oficial Ergast Motor Racing Database / FIA Timing Sheets
2024,23,leclerc,3,37,20:02:26,28.983,Base Oficial Ergast Motor Racing Database / FIA Timing Sheets
2024,23,max_verstappen,1,35,19:56:43,28.303,Base Oficial Ergast Motor Racing Database / FIA Timing Sheets
2024,23,max_verstappen,2,36,19:59:32,23.884,Base Oficial Ergast Motor Racing Database / FIA Timing Sheets
2024,23,max_verstappen,3,37,20:02:21,22.703,Base Oficial Ergast Motor Racing Database / FIA Timing Sheets
2024,23,norris,1,35,19:56:47,28.024,Base Oficial Ergast Motor Racing Database / FIA Timing Sheets
2024,23,norris,2,36,19:59:37,25.592,Base Oficial Ergast Motor Racing Database / FIA Timing Sheets
2024,23,norris,3,37,20:02:24,28.746,Base Oficial Ergast Motor Racing Database / FIA Timing Sheets
2024,23,norris,4,45,20:17:59,36.069,Base Oficial Ergast Motor Racing Database / FIA Timing Sheets
2024,23,perez,1,35,19:57:29,28.088,Base Oficial Ergast Motor Racing Database / FIA Timing Sheets
2024,23,perez,2,36,19:59:53,22.705,Base Oficial Ergast Motor Racing Database / FIA Timing Sheets
2024,23,perez,3,37,20:02:30,29.459,Base Oficial Ergast Motor Racing Database / FIA Timing Sheets
2024,23,piastri,1,34,19:55:28,27.818,Base Oficial Ergast Motor Racing Database / FIA Timing Sheets
2024,23,piastri,2,36,19:59:44,22.867,Base Oficial Ergast Motor Racing Database / FIA Timing Sheets
2024,23,piastri,3,37,20:02:28,29.326,Base Oficial Ergast Motor Racing Database / FIA Timing Sheets
2024,23,russell,1,23,19:39:53,32.309,Base Oficial Ergast Motor Racing Database / FIA Timing Sheets
2024,23,russell,2,35,19:57:59,27.87,Base Oficial Ergast Motor Racing Database / FIA Timing Sheets
2024,23,russell,3,36,20:00:22,22.763,Base Oficial Ergast Motor Racing Database / FIA Timing Sheets
2024,23,russell,4,37,20:02:34,34.037,Base Oficial Ergast Motor Racing Database / FIA Timing Sheets
2024,23,sainz,1,34,19:55:52,36.143,Base Oficial Ergast Motor Racing Database / FIA Timing Sheets
2024,23,sainz,2,36,20:00:24,22.776,Base Oficial Ergast Motor Racing Database / FIA Timing Sheets
2024,23,sainz,3,37,20:02:35,34.356,Base Oficial Ergast Motor Racing Database / FIA Timing Sheets
2024,23,stroll,1,1,19:05:45,29.783,Base Oficial Ergast Motor Racing Database / FIA Timing Sheets
2024,23,stroll,2,7,19:17:19,41.674,Base Oficial Ergast Motor Racing Database / FIA Timing Sheets
2024,23,tsunoda,1,35,19:58:23,29.024,Base Oficial Ergast Motor Racing Database / FIA Timing Sheets
2024,23,tsunoda,2,36,20:00:47,22.714,Base Oficial Ergast Motor Racing Database / FIA Timing Sheets
2024,23,tsunoda,3,37,20:02:45,35.849,Base Oficial Ergast Motor Racing Database / FIA Timing Sheets
2024,23,tsunoda,4,40,20:09:21,29.271,Base Oficial Ergast Motor Racing Database / FIA Timing Sheets
2024,23,zhou,1,35,19:58:03,29.085,Base Oficial Ergast Motor Racing Database / FIA Timing Sheets
2024,23,zhou,2,36,20:00:29,23.228,Base Oficial Ergast Motor Racing Database / FIA Timing Sheets
2024,23,zhou,3,37,20:02:37,34.818,Base Oficial Ergast Motor Racing Database / FIA Timing Sheets
2024,24,albon,1,12,17:22:27,22.065,Base Oficial Ergast Motor Racing Database / FIA Timing Sheets
2024,24,alonso,1,13,17:23:49,23.326,Base Oficial Ergast Motor Racing Database / FIA Timing Sheets
2024,24,alonso,2,37,18:00:10,22.437,Base Oficial Ergast Motor Racing Database / FIA Timing Sheets
2024,24,bottas,1,6,17:13:23,41.144,Base Oficial Ergast Motor Racing Database / FIA Timing Sheets
2024,24,colapinto,1,3,17:09:29,24.941,Base Oficial Ergast Motor Racing Database / FIA Timing Sheets
2024,24,doohan,1,22,17:37:42,22.08,Base Oficial Ergast Motor Racing Database / FIA Timing Sheets
2024,24,gasly,1,14,17:25:11,22.059,Base Oficial Ergast Motor Racing Database / FIA Timing Sheets
2024,24,hamilton,1,34,17:55:17,21.694,Base Oficial Ergast Motor Racing Database / FIA Timing Sheets
2024,24,hulkenberg,1,13,17:23:45,21.53,Base Oficial Ergast Motor Racing Database / FIA Timing Sheets
2024,24,kevin_magnussen,1,12,17:22:19,26.363,Base Oficial Ergast Motor Racing Database / FIA Timing Sheets
2024,24,kevin_magnussen,2,29,17:48:18,21.678,Base Oficial Ergast Motor Racing Database / FIA Timing Sheets
2024,24,kevin_magnussen,3,30,17:50:20,22.815,Base Oficial Ergast Motor Racing Database / FIA Timing Sheets
2024,24,kevin_magnussen,4,55,18:28:06,22.09,Base Oficial Ergast Motor Racing Database / FIA Timing Sheets
2024,24,lawson,1,23,17:39:04,23.415,Base Oficial Ergast Motor Racing Database / FIA Timing Sheets
2024,24,lawson,2,24,17:41:00,22.565,Base Oficial Ergast Motor Racing Database / FIA Timing Sheets
2024,24,lawson,3,29,17:48:52,32.317,Base Oficial Ergast Motor Racing Database / FIA Timing Sheets
2024,24,leclerc,1,20,17:34:12,21.869,Base Oficial Ergast Motor Racing Database / FIA Timing Sheets
2024,24,max_verstappen,1,29,17:47:46,32.652,Base Oficial Ergast Motor Racing Database / FIA Timing Sheets
2024,24,norris,1,26,17:42:49,21.276,Base Oficial Ergast Motor Racing Database / FIA Timing Sheets
2024,24,piastri,1,4,17:10:26,23.582,Base Oficial Ergast Motor Racing Database / FIA Timing Sheets
2024,24,piastri,2,32,17:52:42,32.774,Base Oficial Ergast Motor Racing Database / FIA Timing Sheets
2024,24,russell,1,26,17:43:11,21.656,Base Oficial Ergast Motor Racing Database / FIA Timing Sheets
2024,24,sainz,1,25,17:41:22,21.28,Base Oficial Ergast Motor Racing Database / FIA Timing Sheets
2024,24,stroll,1,11,17:20:50,23.266,Base Oficial Ergast Motor Racing Database / FIA Timing Sheets
2024,24,stroll,2,32,17:52:48,22.053,Base Oficial Ergast Motor Racing Database / FIA Timing Sheets
2024,24,tsunoda,1,22,17:37:40,21.869,Base Oficial Ergast Motor Racing Database / FIA Timing Sheets
2024,24,zhou,1,12,17:22:26,23.024,Base Oficial Ergast Motor Racing Database / FIA Timing Sheets
2024,24,zhou,2,39,18:03:21,28.765,Base Oficial Ergast Motor Racing Database / FIA Timing Sheets
2025,1,albon,1,2,15:23:10,15.02,Base Oficial Ergast Motor Racing Database / FIA Timing Sheets
2025,1,albon,2,3,15:25:53,16.993,Base Oficial Ergast Motor Racing Database / FIA Timing Sheets
2025,1,albon,3,4,15:28:29,14.285,Base Oficial Ergast Motor Racing Database / FIA Timing Sheets
2025,1,albon,4,33,16:15:36,18.573,Base Oficial Ergast Motor Racing Database / FIA Timing Sheets
2025,1,albon,5,44,16:37:03,18.952,Base Oficial Ergast Motor Racing Database / FIA Timing Sheets
2025,1,alonso,1,2,15:23:16,15.535,Base Oficial Ergast Motor Racing Database / FIA Timing Sheets
2025,1,alonso,2,3,15:25:59,16.241,Base Oficial Ergast Motor Racing Database / FIA Timing Sheets
2025,1,alonso,3,4,15:28:36,15.034,Base Oficial Ergast Motor Racing Database / FIA Timing Sheets
2025,1,antonelli,1,2,15:23:23,14.658,Base Oficial Ergast Motor Racing Database / FIA Timing Sheets
2025,1,antonelli,2,3,15:26:05,16.374,Base Oficial Ergast Motor Racing Database / FIA Timing Sheets
2025,1,antonelli,3,4,15:28:43,13.975,Base Oficial Ergast Motor Racing Database / FIA Timing Sheets
2025,1,antonelli,4,33,16:15:45,18.912,Base Oficial Ergast Motor Racing Database / FIA Timing Sheets
2025,1,antonelli,5,44,16:37:06,21.946,Base Oficial Ergast Motor Racing Database / FIA Timing Sheets
2025,1,bearman,1,2,15:23:30,14.605,Base Oficial Ergast Motor Racing Database / FIA Timing Sheets
2025,1,bearman,2,3,15:26:13,16.347,Base Oficial Ergast Motor Racing Database / FIA Timing Sheets
2025,1,bearman,3,4,15:28:52,22.494,Base Oficial Ergast Motor Racing Database / FIA Timing Sheets
2025,1,bearman,4,39,16:30:04,22.441,Base Oficial Ergast Motor Racing Database / FIA Timing Sheets
2025,1,bearman,5,44,16:38:32,19.37,Base Oficial Ergast Motor Racing Database / FIA Timing Sheets
2025,1,bortoleto,1,2,15:23:25,14.432,Base Oficial Ergast Motor Racing Database / FIA Timing Sheets
2025,1,bortoleto,2,3,15:26:07,16.363,Base Oficial Ergast Motor Racing Database / FIA Timing Sheets
2025,1,bortoleto,3,4,15:28:45,14.206,Base Oficial Ergast Motor Racing Database / FIA Timing Sheets
2025,1,bortoleto,4,33,16:16:21,24.073,Base Oficial Ergast Motor Racing Database / FIA Timing Sheets
2025,1,bortoleto,5,44,16:37:17,26.214,Base Oficial Ergast Motor Racing Database / FIA Timing Sheets
2025,1,gasly,1,2,15:23:15,15.104,Base Oficial Ergast Motor Racing Database / FIA Timing Sheets
2025,1,gasly,2,3,15:25:58,15.744,Base Oficial Ergast Motor Racing Database / FIA Timing Sheets
2025,1,gasly,3,4,15:28:34,14.71,Base Oficial Ergast Motor Racing Database / FIA Timing Sheets
2025,1,gasly,4,33,16:15:40,19.589,Base Oficial Ergast Motor Racing Database / FIA Timing Sheets
2025,1,gasly,5,46,16:40:17,19.482,Base Oficial Ergast Motor Racing Database / FIA Timing Sheets
2025,1,hamilton,1,2,15:23:13,15.002,Base Oficial Ergast Motor Racing Database / FIA Timing Sheets
2025,1,hamilton,2,3,15:25:56,16.191,Base Oficial Ergast Motor Racing Database / FIA Timing Sheets
2025,1,hamilton,3,4,15:28:31,14.789,Base Oficial Ergast Motor Racing Database / FIA Timing Sheets
2025,1,hamilton,4,33,16:15:38,18.526,Base Oficial Ergast Motor Racing Database / FIA Timing Sheets
2025,1,hamilton,5,47,16:42:26,20.802,Base Oficial Ergast Motor Racing Database / FIA Timing Sheets
2025,1,hulkenberg,1,2,15:23:21,15.13,Base Oficial Ergast Motor Racing Database / FIA Timing Sheets
2025,1,hulkenberg,2,3,15:26:03,15.971,Base Oficial Ergast Motor Racing Database / FIA Timing Sheets
2025,1,hulkenberg,3,4,15:28:41,14.198,Base Oficial Ergast Motor Racing Database / FIA Timing Sheets
2025,1,hulkenberg,4,33,16:16:15,21.123,Base Oficial Ergast Motor Racing Database / FIA Timing Sheets
2025,1,hulkenberg,5,44,16:37:08,20.209,Base Oficial Ergast Motor Racing Database / FIA Timing Sheets
2025,1,lawson,1,2,15:23:29,14.79,Base Oficial Ergast Motor Racing Database / FIA Timing Sheets
2025,1,lawson,2,3,15:26:12,16.309,Base Oficial Ergast Motor Racing Database / FIA Timing Sheets
2025,1,lawson,3,4,15:28:49,18.88,Base Oficial Ergast Motor Racing Database / FIA Timing Sheets
2025,1,lawson,4,33,16:16:32,20.067,Base Oficial Ergast Motor Racing Database / FIA Timing Sheets
2025,1,leclerc,1,2,15:23:06,14.182,Base Oficial Ergast Motor Racing Database / FIA Timing Sheets
2025,1,leclerc,2,3,15:25:48,14.621,Base Oficial Ergast Motor Racing Database / FIA Timing Sheets
2025,1,leclerc,3,4,15:28:24,14.129,Base Oficial Ergast Motor Racing Database / FIA Timing Sheets
2025,1,leclerc,4,34,16:17:17,18.154,Base Oficial Ergast Motor Racing Database / FIA Timing Sheets
2025,1,leclerc,5,47,16:42:28,24.528,Base Oficial Ergast Motor Racing Database / FIA Timing Sheets
2025,1,max_verstappen,1,2,15:23:00,13.416,Base Oficial Ergast Motor Racing Database / FIA Timing Sheets
2025,1,max_verstappen,2,3,15:25:42,13.74,Base Oficial Ergast Motor Racing Database / FIA Timing Sheets
2025,1,max_verstappen,3,4,15:28:18,12.938,Base Oficial Ergast Motor Racing Database / FIA Timing Sheets
2025,1,max_verstappen,4,34,16:16:46,18.7,Base Oficial Ergast Motor Racing Database / FIA Timing Sheets
2025,1,max_verstappen,5,46,16:40:05,18.721,Base Oficial Ergast Motor Racing Database / FIA Timing Sheets
2025,1,norris,1,2,15:22:58,13.341,Base Oficial Ergast Motor Racing Database / FIA Timing Sheets
2025,1,norris,2,3,15:25:40,12.91,Base Oficial Ergast Motor Racing Database / FIA Timing Sheets
2025,1,norris,3,4,15:28:16,12.804,Base Oficial Ergast Motor Racing Database / FIA Timing Sheets
2025,1,norris,4,34,16:16:22,18.464,Base Oficial Ergast Motor Racing Database / FIA Timing Sheets
2025,1,norris,5,44,16:36:55,18.031,Base Oficial Ergast Motor Racing Database / FIA Timing Sheets
2025,1,ocon,1,2,15:23:27,14.395,Base Oficial Ergast Motor Racing Database / FIA Timing Sheets
2025,1,ocon,2,3,15:26:09,16.477,Base Oficial Ergast Motor Racing Database / FIA Timing Sheets
2025,1,ocon,3,4,15:28:48,19.649,Base Oficial Ergast Motor Racing Database / FIA Timing Sheets
2025,1,ocon,4,39,16:29:59,18.778,Base Oficial Ergast Motor Racing Database / FIA Timing Sheets
2025,1,ocon,5,46,16:41:36,19.858,Base Oficial Ergast Motor Racing Database / FIA Timing Sheets
2025,1,piastri,1,2,15:23:02,13.078,Base Oficial Ergast Motor Racing Database / FIA Timing Sheets
2025,1,piastri,2,3,15:25:43,13.838,Base Oficial Ergast Motor Racing Database / FIA Timing Sheets
2025,1,piastri,3,4,15:28:20,12.816,Base Oficial Ergast Motor Racing Database / FIA Timing Sheets
2025,1,piastri,4,34,16:16:29,19.719,Base Oficial Ergast Motor Racing Database / FIA Timing Sheets
2025,1,piastri,5,44,16:38:21,19.85,Base Oficial Ergast Motor Racing Database / FIA Timing Sheets
2025,1,russell,1,2,15:23:03,13.672,Base Oficial Ergast Motor Racing Database / FIA Timing Sheets
2025,1,russell,2,3,15:25:45,14.104,Base Oficial Ergast Motor Racing Database / FIA Timing Sheets
2025,1,russell,3,4,15:28:22,13.696,Base Oficial Ergast Motor Racing Database / FIA Timing Sheets
2025,1,russell,4,34,16:17:08,19.125,Base Oficial Ergast Motor Racing Database / FIA Timing Sheets
2025,1,russell,5,44,16:37:02,19.378,Base Oficial Ergast Motor Racing Database / FIA Timing Sheets
2025,1,stroll,1,2,15:23:19,15.505,Base Oficial Ergast Motor Racing Database / FIA Timing Sheets
2025,1,stroll,2,3,15:26:02,16.014,Base Oficial Ergast Motor Racing Database / FIA Timing Sheets
2025,1,stroll,3,4,15:28:39,14.451,Base Oficial Ergast Motor Racing Database / FIA Timing Sheets
2025,1,stroll,4,33,16:16:06,18.802,Base Oficial Ergast Motor Racing Database / FIA Timing Sheets
2025,1,stroll,5,44,16:37:07,18.901,Base Oficial Ergast Motor Racing Database / FIA Timing Sheets
2025,1,tsunoda,1,2,15:23:08,14.957,Base Oficial Ergast Motor Racing Database / FIA Timing Sheets
2025,1,tsunoda,2,3,15:25:51,15.223,Base Oficial Ergast Motor Racing Database / FIA Timing Sheets
2025,1,tsunoda,3,4,15:28:28,13.605,Base Oficial Ergast Motor Racing Database / FIA Timing Sheets
2025,1,tsunoda,4,33,16:15:35,18.997,Base Oficial Ergast Motor Racing Database / FIA Timing Sheets
2025,1,tsunoda,5,47,16:42:35,19.312,Base Oficial Ergast Motor Racing Database / FIA Timing Sheets
2025,2,albon,1,20,15:36:47,23.362,Base Oficial Ergast Motor Racing Database / FIA Timing Sheets
2025,2,antonelli,1,12,15:23:33,22.675,Base Oficial Ergast Motor Racing Database / FIA Timing Sheets
2025,2,bearman,1,26,15:46:48,22.808,Base Oficial Ergast Motor Racing Database / FIA Timing Sheets
2025,2,bortoleto,1,1,15:05:40,23.385,Base Oficial Ergast Motor Racing Database / FIA Timing Sheets
2025,2,bortoleto,2,26,15:47:23,22.79,Base Oficial Ergast Motor Racing Database / FIA Timing Sheets
2025,2,doohan,1,11,15:22:03,22.793,Base Oficial Ergast Motor Racing Database / FIA Timing Sheets
2025,2,gasly,1,10,15:20:20,23.138,Base Oficial Ergast Motor Racing Database / FIA Timing Sheets
2025,2,hadjar,1,12,15:23:35,22.896,Base Oficial Ergast Motor Racing Database / FIA Timing Sheets
2025,2,hadjar,2,33,15:58:23,22.234,Base Oficial Ergast Motor Racing Database / FIA Timing Sheets
2025,2,hamilton,1,13,15:25:02,22.388,Base Oficial Ergast Motor Racing Database / FIA Timing Sheets
2025,2,hamilton,2,37,16:04:25,22.364,Base Oficial Ergast Motor Racing Database / FIA Timing Sheets
2025,2,hulkenberg,1,20,15:37:16,22.959,Base Oficial Ergast Motor Racing Database / FIA Timing Sheets
2025,2,lawson,1,18,15:33:41,22.536,Base Oficial Ergast Motor Racing Database / FIA Timing Sheets
2025,2,lawson,2,30,15:53:39,22.355,Base Oficial Ergast Motor Racing Database / FIA Timing Sheets
2025,2,leclerc,1,15,15:28:19,22.151,Base Oficial Ergast Motor Racing Database / FIA Timing Sheets
2025,2,max_verstappen,1,13,15:25:08,22.454,Base Oficial Ergast Motor Racing Database / FIA Timing Sheets
2025,2,norris,1,15,15:28:14,22.213,Base Oficial Ergast Motor Racing Database / FIA Timing Sheets
2025,2,ocon,1,11,15:21:57,23.114,Base Oficial Ergast Motor Racing Database / FIA Timing Sheets
2025,2,piastri,1,14,15:26:32,23.938,Base Oficial Ergast Motor Racing Database / FIA Timing Sheets
2025,2,russell,1,14,15:26:38,22.324,Base Oficial Ergast Motor Racing Database / FIA Timing Sheets
2025,2,sainz,1,17,15:31:57,22.721,Base Oficial Ergast Motor Racing Database / FIA Timing Sheets
2025,2,stroll,1,36,16:03:08,22.995,Base Oficial Ergast Motor Racing Database / FIA Timing Sheets
2025,2,tsunoda,1,11,15:21:55,22.519,Base Oficial Ergast Motor Racing Database / FIA Timing Sheets
2025,2,tsunoda,2,35,16:01:33,22.583,Base Oficial Ergast Motor Racing Database / FIA Timing Sheets
2025,2,tsunoda,3,46,16:19:46,38.102,Base Oficial Ergast Motor Racing Database / FIA Timing Sheets
2025,3,albon,1,24,14:41:36,23.093,Base Oficial Ergast Motor Racing Database / FIA Timing Sheets
2025,3,alonso,1,24,14:41:45,25.708,Base Oficial Ergast Motor Racing Database / FIA Timing Sheets
2025,3,antonelli,1,31,14:52:16,24.38,Base Oficial Ergast Motor Racing Database / FIA Timing Sheets
2025,3,bearman,1,23,14:40:07,24.834,Base Oficial Ergast Motor Racing Database / FIA Timing Sheets
2025,3,bortoleto,1,31,14:52:58,23.419,Base Oficial Ergast Motor Racing Database / FIA Timing Sheets
2025,3,doohan,1,15,14:27:46,23.382,Base Oficial Ergast Motor Racing Database / FIA Timing Sheets
2025,3,gasly,1,24,14:41:48,26.041,Base Oficial Ergast Motor Racing Database / FIA Timing Sheets
2025,3,hadjar,1,25,14:43:05,23.333,Base Oficial Ergast Motor Racing Database / FIA Timing Sheets
2025,3,hamilton,1,30,14:50:48,22.937,Base Oficial Ergast Motor Racing Database / FIA Timing Sheets
2025,3,hulkenberg,1,22,14:38:44,23.515,Base Oficial Ergast Motor Racing Database / FIA Timing Sheets
2025,3,lawson,1,33,14:56:01,23.662,Base Oficial Ergast Motor Racing Database / FIA Timing Sheets
2025,3,leclerc,1,21,14:36:40,23.346,Base Oficial Ergast Motor Racing Database / FIA Timing Sheets
2025,3,max_verstappen,1,21,14:36:32,24.397,Base Oficial Ergast Motor Racing Database / FIA Timing Sheets
2025,3,norris,1,21,14:36:33,23.222,Base Oficial Ergast Motor Racing Database / FIA Timing Sheets
2025,3,ocon,1,32,14:54:29,24.464,Base Oficial Ergast Motor Racing Database / FIA Timing Sheets
2025,3,piastri,1,20,14:35:03,23.037,Base Oficial Ergast Motor Racing Database / FIA Timing Sheets
2025,3,russell,1,19,14:33:35,23.184,Base Oficial Ergast Motor Racing Database / FIA Timing Sheets
2025,3,sainz,1,33,14:56:03,23.337,Base Oficial Ergast Motor Racing Database / FIA Timing Sheets
2025,3,stroll,1,9,14:18:18,23.724,Base Oficial Ergast Motor Racing Database / FIA Timing Sheets
2025,3,stroll,2,30,14:51:42,23.608,Base Oficial Ergast Motor Racing Database / FIA Timing Sheets
2025,3,tsunoda,1,23,14:40:13,24.181,Base Oficial Ergast Motor Racing Database / FIA Timing Sheets
2025,4,albon,1,16,18:30:32,25.394,Base Oficial Ergast Motor Racing Database / FIA Timing Sheets
2025,4,albon,2,32,18:57:37,25.99,Base Oficial Ergast Motor Racing Database / FIA Timing Sheets
2025,4,alonso,1,16,18:30:38,24.826,Base Oficial Ergast Motor Racing Database / FIA Timing Sheets
2025,4,alonso,2,32,18:57:44,24.846,Base Oficial Ergast Motor Racing Database / FIA Timing Sheets
2025,4,antonelli,1,12,18:23:41,24.807,Base Oficial Ergast Motor Racing Database / FIA Timing Sheets
2025,4,antonelli,2,27,18:48:46,24.506,Base Oficial Ergast Motor Racing Database / FIA Timing Sheets
2025,4,antonelli,3,32,18:57:41,24.693,Base Oficial Ergast Motor Racing Database / FIA Timing Sheets
2025,4,bearman,1,14,18:27:13,24.562,Base Oficial Ergast Motor Racing Database / FIA Timing Sheets
2025,4,bearman,2,32,18:57:37,24.895,Base Oficial Ergast Motor Racing Database / FIA Timing Sheets
2025,4,bortoleto,1,13,18:25:42,24.143,Base Oficial Ergast Motor Racing Database / FIA Timing Sheets
2025,4,bortoleto,2,32,18:58:04,25.396,Base Oficial Ergast Motor Racing Database / FIA Timing Sheets
2025,4,doohan,1,9,18:18:50,24.791,Base Oficial Ergast Motor Racing Database / FIA Timing Sheets
2025,4,doohan,2,28,18:50:30,25.093,Base Oficial Ergast Motor Racing Database / FIA Timing Sheets
2025,4,gasly,1,10,18:20:24,25.033,Base Oficial Ergast Motor Racing Database / FIA Timing Sheets
2025,4,gasly,2,28,18:50:18,24.958,Base Oficial Ergast Motor Racing Database / FIA Timing Sheets
2025,4,hadjar,1,6,18:13:56,25.265,Base Oficial Ergast Motor Racing Database / FIA Timing Sheets
2025,4,hadjar,2,28,18:50:42,24.64,Base Oficial Ergast Motor Racing Database / FIA Timing Sheets
2025,4,hamilton,1,17,18:32:01,24.34,Base Oficial Ergast Motor Racing Database / FIA Timing Sheets
2025,4,hamilton,2,32,18:57:05,24.35,Base Oficial Ergast Motor Racing Database / FIA Timing Sheets
2025,4,hulkenberg,1,5,18:12:19,24.229,Base Oficial Ergast Motor Racing Database / FIA Timing Sheets
2025,4,hulkenberg,2,27,18:49:07,24.291,Base Oficial Ergast Motor Racing Database / FIA Timing Sheets
2025,4,lawson,1,14,18:27:19,25.242,Base Oficial Ergast Motor Racing Database / FIA Timing Sheets
2025,4,lawson,2,32,18:57:56,24.191,Base Oficial Ergast Motor Racing Database / FIA Timing Sheets
2025,4,leclerc,1,17,18:31:51,24.802,Base Oficial Ergast Motor Racing Database / FIA Timing Sheets
2025,4,leclerc,2,32,18:56:49,24.241,Base Oficial Ergast Motor Racing Database / FIA Timing Sheets
2025,4,max_verstappen,1,10,18:20:25,26.518,Base Oficial Ergast Motor Racing Database / FIA Timing Sheets
2025,4,max_verstappen,2,26,18:47:10,28.067,Base Oficial Ergast Motor Racing Database / FIA Timing Sheets
2025,4,norris,1,10,18:20:17,29.822,Base Oficial Ergast Motor Racing Database / FIA Timing Sheets
2025,4,norris,2,32,18:56:52,24.035,Base Oficial Ergast Motor Racing Database / FIA Timing Sheets
2025,4,ocon,1,8,18:17:10,24.876,Base Oficial Ergast Motor Racing Database / FIA Timing Sheets
2025,4,ocon,2,27,18:48:45,24.832,Base Oficial Ergast Motor Racing Database / FIA Timing Sheets
2025,4,piastri,1,14,18:26:48,24.498,Base Oficial Ergast Motor Racing Database / FIA Timing Sheets
2025,4,piastri,2,32,18:56:38,24.9,Base Oficial Ergast Motor Racing Database / FIA Timing Sheets
2025,4,russell,1,13,18:25:13,24.044,Base Oficial Ergast Motor Racing Database / FIA Timing Sheets
2025,4,russell,2,32,18:56:48,24.1,Base Oficial Ergast Motor Racing Database / FIA Timing Sheets
2025,4,sainz,1,14,18:27:10,24.6,Base Oficial Ergast Motor Racing Database / FIA Timing Sheets
2025,4,sainz,2,32,18:57:31,24.315,Base Oficial Ergast Motor Racing Database / FIA Timing Sheets
2025,4,sainz,3,44,19:19:11,37.116,Base Oficial Ergast Motor Racing Database / FIA Timing Sheets
2025,4,stroll,1,12,18:23:59,24.611,Base Oficial Ergast Motor Racing Database / FIA Timing Sheets
2025,4,stroll,2,32,18:57:57,24.592,Base Oficial Ergast Motor Racing Database / FIA Timing Sheets
2025,4,tsunoda,1,11,18:22:08,26.493,Base Oficial Ergast Motor Racing Database / FIA Timing Sheets
2025,4,tsunoda,2,32,18:57:32,24.771,Base Oficial Ergast Motor Racing Database / FIA Timing Sheets
2025,5,albon,1,22,20:41:56,22.135,Base Oficial Ergast Motor Racing Database / FIA Timing Sheets
2025,5,alonso,1,19,20:37:16,21.891,Base Oficial Ergast Motor Racing Database / FIA Timing Sheets
2025,5,antonelli,1,19,20:36:59,20.399,Base Oficial Ergast Motor Racing Database / FIA Timing Sheets
2025,5,bearman,1,18,20:35:43,22.095,Base Oficial Ergast Motor Racing Database / FIA Timing Sheets
2025,5,bortoleto,1,1,20:06:24,21.854,Base Oficial Ergast Motor Racing Database / FIA Timing Sheets
2025,5,doohan,1,1,20:06:22,20.571,Base Oficial Ergast Motor Racing Database / FIA Timing Sheets
2025,5,doohan,2,32,20:58:15,21.521,Base Oficial Ergast Motor Racing Database / FIA Timing Sheets
2025,5,hadjar,1,34,21:00:52,20.827,Base Oficial Ergast Motor Racing Database / FIA Timing Sheets
2025,5,hamilton,1,23,20:43:22,20.144,Base Oficial Ergast Motor Racing Database / FIA Timing Sheets
2025,5,hulkenberg,1,33,20:59:42,20.441,Base Oficial Ergast Motor Racing Database / FIA Timing Sheets
2025,5,lawson,1,20,20:38:49,20.534,Base Oficial Ergast Motor Racing Database / FIA Timing Sheets
2025,5,leclerc,1,29,20:52:29,20.131,Base Oficial Ergast Motor Racing Database / FIA Timing Sheets
2025,5,max_verstappen,1,21,20:39:49,26.03,Base Oficial Ergast Motor Racing Database / FIA Timing Sheets
2025,5,norris,1,34,21:00:17,20.427,Base Oficial Ergast Motor Racing Database / FIA Timing Sheets
2025,5,ocon,1,1,20:06:23,21.512,Base Oficial Ergast Motor Racing Database / FIA Timing Sheets
2025,5,piastri,1,19,20:36:44,21.388,Base Oficial Ergast Motor Racing Database / FIA Timing Sheets
2025,5,russell,1,20,20:38:24,20.329,Base Oficial Ergast Motor Racing Database / FIA Timing Sheets
2025,5,sainz,1,21,20:40:17,24.148,Base Oficial Ergast Motor Racing Database / FIA Timing Sheets
2025,5,stroll,1,39,21:09:12,20.487,Base Oficial Ergast Motor Racing Database / FIA Timing Sheets
2025,6,albon,1,26,16:44:52,21.906,Base Oficial Ergast Motor Racing Database / FIA Timing Sheets
2025,6,alonso,1,28,16:48:38,23.602,Base Oficial Ergast Motor Racing Database / FIA Timing Sheets
2025,6,antonelli,1,25,16:43:18,24.383,Base Oficial Ergast Motor Racing Database / FIA Timing Sheets
2025,6,bortoleto,1,19,16:34:21,22.188,Base Oficial Ergast Motor Racing Database / FIA Timing Sheets
2025,6,gasly,1,32,16:55:15,22.06,Base Oficial Ergast Motor Racing Database / FIA Timing Sheets
2025,6,hadjar,1,22,16:38:57,22.115,Base Oficial Ergast Motor Racing Database / FIA Timing Sheets
2025,6,hamilton,1,28,16:48:14,23.104,Base Oficial Ergast Motor Racing Database / FIA Timing Sheets
2025,6,hulkenberg,1,36,17:01:48,22.108,Base Oficial Ergast Motor Racing Database / FIA Timing Sheets
2025,6,lawson,1,28,16:49:13,22.439,Base Oficial Ergast Motor Racing Database / FIA Timing Sheets
2025,6,leclerc,1,29,16:50:09,22.183,Base Oficial Ergast Motor Racing Database / FIA Timing Sheets
2025,6,max_verstappen,1,26,16:44:48,22.501,Base Oficial Ergast Motor Racing Database / FIA Timing Sheets
2025,6,norris,1,29,16:49:39,22.044,Base Oficial Ergast Motor Racing Database / FIA Timing Sheets
2025,6,ocon,1,23,16:40:29,23.162,Base Oficial Ergast Motor Racing Database / FIA Timing Sheets
2025,6,piastri,1,29,16:49:28,22.106,Base Oficial Ergast Motor Racing Database / FIA Timing Sheets
2025,6,russell,1,29,16:49:59,24.257,Base Oficial Ergast Motor Racing Database / FIA Timing Sheets
2025,6,sainz,1,25,16:43:24,22.415,Base Oficial Ergast Motor Racing Database / FIA Timing Sheets
2025,6,stroll,1,20,16:35:58,22.317,Base Oficial Ergast Motor Racing Database / FIA Timing Sheets
2025,6,tsunoda,1,27,16:46:33,22.56,Base Oficial Ergast Motor Racing Database / FIA Timing Sheets
2025,7,albon,1,29,15:43:33,30.471,Base Oficial Ergast Motor Racing Database / FIA Timing Sheets
2025,7,albon,2,47,16:09:46,29.786,Base Oficial Ergast Motor Racing Database / FIA Timing Sheets
2025,7,alonso,1,12,15:20:01,30.163,Base Oficial Ergast Motor Racing Database / FIA Timing Sheets
2025,7,alonso,2,46,16:08:46,30.886,Base Oficial Ergast Motor Racing Database / FIA Timing Sheets
2025,7,antonelli,1,29,15:43:46,30.051,Base Oficial Ergast Motor Racing Database / FIA Timing Sheets
2025,7,bearman,1,29,15:43:58,31.414,Base Oficial Ergast Motor Racing Database / FIA Timing Sheets
2025,7,bearman,2,31,15:47:40,56.757,Base Oficial Ergast Motor Racing Database / FIA Timing Sheets
2025,7,bortoleto,1,12,15:20:08,30.906,Base Oficial Ergast Motor Racing Database / FIA Timing Sheets
2025,7,bortoleto,2,29,15:44:25,30.605,Base Oficial Ergast Motor Racing Database / FIA Timing Sheets
2025,7,bortoleto,3,46,16:09:00,29.917,Base Oficial Ergast Motor Racing Database / FIA Timing Sheets
2025,7,colapinto,1,22,15:34:00,30.317,Base Oficial Ergast Motor Racing Database / FIA Timing Sheets
2025,7,colapinto,2,46,16:08:56,31.107,Base Oficial Ergast Motor Racing Database / FIA Timing Sheets
2025,7,gasly,1,9,15:16:01,31.488,Base Oficial Ergast Motor Racing Database / FIA Timing Sheets
2025,7,gasly,2,29,15:44:19,32.003,Base Oficial Ergast Motor Racing Database / FIA Timing Sheets
2025,7,hadjar,1,29,15:43:45,30.123,Base Oficial Ergast Motor Racing Database / FIA Timing Sheets
2025,7,hadjar,2,46,16:08:11,30.096,Base Oficial Ergast Motor Racing Database / FIA Timing Sheets
2025,7,hamilton,1,29,15:43:46,29.949,Base Oficial Ergast Motor Racing Database / FIA Timing Sheets
2025,7,hamilton,2,46,16:08:01,29.95,Base Oficial Ergast Motor Racing Database / FIA Timing Sheets
2025,7,hulkenberg,1,29,15:43:56,30.184,Base Oficial Ergast Motor Racing Database / FIA Timing Sheets
2025,7,lawson,1,10,15:17:24,29.695,Base Oficial Ergast Motor Racing Database / FIA Timing Sheets
2025,7,lawson,2,29,15:44:23,30.291,Base Oficial Ergast Motor Racing Database / FIA Timing Sheets
2025,7,leclerc,1,10,15:17:18,29.634,Base Oficial Ergast Motor Racing Database / FIA Timing Sheets
2025,7,leclerc,2,29,15:43:51,31.898,Base Oficial Ergast Motor Racing Database / FIA Timing Sheets
2025,7,max_verstappen,1,29,15:42:57,29.991,Base Oficial Ergast Motor Racing Database / FIA Timing Sheets
2025,7,max_verstappen,2,46,16:07:01,29.657,Base Oficial Ergast Motor Racing Database / FIA Timing Sheets
2025,7,norris,1,28,15:41:39,29.513,Base Oficial Ergast Motor Racing Database / FIA Timing Sheets
2025,7,norris,2,46,16:07:27,31.675,Base Oficial Ergast Motor Racing Database / FIA Timing Sheets
2025,7,ocon,1,1,15:05:04,30.506,Base Oficial Ergast Motor Racing Database / FIA Timing Sheets
2025,7,piastri,1,13,15:21:14,30.973,Base Oficial Ergast Motor Racing Database / FIA Timing Sheets
2025,7,piastri,2,30,15:45:35,30.609,Base Oficial Ergast Motor Racing Database / FIA Timing Sheets
2025,7,russell,1,11,15:18:39,29.784,Base Oficial Ergast Motor Racing Database / FIA Timing Sheets
2025,7,russell,2,29,15:43:59,30.754,Base Oficial Ergast Motor Racing Database / FIA Timing Sheets
2025,7,sainz,1,11,15:18:40,30.08,Base Oficial Ergast Motor Racing Database / FIA Timing Sheets
2025,7,sainz,2,29,15:44:06,30.635,Base Oficial Ergast Motor Racing Database / FIA Timing Sheets
2025,7,stroll,1,14,15:22:49,31.218,Base Oficial Ergast Motor Racing Database / FIA Timing Sheets
2025,7,stroll,2,46,16:08:49,34.496,Base Oficial Ergast Motor Racing Database / FIA Timing Sheets
2025,7,tsunoda,1,29,15:44:05,29.807,Base Oficial Ergast Motor Racing Database / FIA Timing Sheets
2025,8,albon,1,32,15:46:40,23.927,Base Oficial Ergast Motor Racing Database / FIA Timing Sheets
2025,8,albon,2,40,15:57:14,24.19,Base Oficial Ergast Motor Racing Database / FIA Timing Sheets
2025,8,alonso,1,16,15:25:28,25.375,Base Oficial Ergast Motor Racing Database / FIA Timing Sheets
2025,8,antonelli,1,69,16:35:35,24.457,Base Oficial Ergast Motor Racing Database / FIA Timing Sheets
2025,8,antonelli,2,71,16:38:26,24.837,Base Oficial Ergast Motor Racing Database / FIA Timing Sheets
2025,8,bearman,1,1,15:04:39,50.191,Base Oficial Ergast Motor Racing Database / FIA Timing Sheets
2025,8,bearman,2,17,15:27:23,24.58,Base Oficial Ergast Motor Racing Database / FIA Timing Sheets
2025,8,bortoleto,1,1,15:04:58,37.243,Base Oficial Ergast Motor Racing Database / FIA Timing Sheets
2025,8,bortoleto,2,26,15:39:08,24.483,Base Oficial Ergast Motor Racing Database / FIA Timing Sheets
2025,8,bortoleto,3,35,15:51:07,24.246,Base Oficial Ergast Motor Racing Database / FIA Timing Sheets
2025,8,colapinto,1,13,15:22:01,24.355,Base Oficial Ergast Motor Racing Database / FIA Timing Sheets
2025,8,colapinto,2,26,15:39:09,24.497,Base Oficial Ergast Motor Racing Database / FIA Timing Sheets
2025,8,gasly,1,1,15:04:37,24.376,Base Oficial Ergast Motor Racing Database / FIA Timing Sheets
2025,8,hadjar,1,14,15:22:54,24.311,Base Oficial Ergast Motor Racing Database / FIA Timing Sheets
2025,8,hadjar,2,19,15:29:37,24.031,Base Oficial Ergast Motor Racing Database / FIA Timing Sheets
2025,8,hamilton,1,18,15:28:01,23.565,Base Oficial Ergast Motor Racing Database / FIA Timing Sheets
2025,8,hamilton,2,56,16:16:16,24.256,Base Oficial Ergast Motor Racing Database / FIA Timing Sheets
2025,8,hulkenberg,1,12,15:20:40,24.065,Base Oficial Ergast Motor Racing Database / FIA Timing Sheets
2025,8,hulkenberg,2,44,16:02:51,24.397,Base Oficial Ergast Motor Racing Database / FIA Timing Sheets
2025,8,lawson,1,31,15:45:22,24.206,Base Oficial Ergast Motor Racing Database / FIA Timing Sheets
2025,8,lawson,2,40,15:57:12,24.32,Base Oficial Ergast Motor Racing Database / FIA Timing Sheets
2025,8,leclerc,1,22,15:32:50,23.576,Base Oficial Ergast Motor Racing Database / FIA Timing Sheets
2025,8,leclerc,2,49,16:06:52,23.678,Base Oficial Ergast Motor Racing Database / FIA Timing Sheets
2025,8,max_verstappen,1,28,15:40:29,24.114,Base Oficial Ergast Motor Racing Database / FIA Timing Sheets
2025,8,max_verstappen,2,77,16:42:22,23.95,Base Oficial Ergast Motor Racing Database / FIA Timing Sheets
2025,8,norris,1,19,15:29:00,24.545,Base Oficial Ergast Motor Racing Database / FIA Timing Sheets
2025,8,norris,2,50,16:08:02,23.704,Base Oficial Ergast Motor Racing Database / FIA Timing Sheets
2025,8,ocon,1,16,15:25:33,25.575,Base Oficial Ergast Motor Racing Database / FIA Timing Sheets
2025,8,ocon,2,28,15:41:19,24.773,Base Oficial Ergast Motor Racing Database / FIA Timing Sheets
2025,8,piastri,1,20,15:30:22,25.756,Base Oficial Ergast Motor Racing Database / FIA Timing Sheets
2025,8,piastri,2,48,16:05:45,23.908,Base Oficial Ergast Motor Racing Database / FIA Timing Sheets
2025,8,russell,1,53,16:14:27,19.482,Base Oficial Ergast Motor Racing Database / FIA Timing Sheets
2025,8,russell,2,62,16:26:12,25.063,Base Oficial Ergast Motor Racing Database / FIA Timing Sheets
2025,8,russell,3,68,16:33:57,24.025,Base Oficial Ergast Motor Racing Database / FIA Timing Sheets
2025,8,sainz,1,48,16:07:45,24.498,Base Oficial Ergast Motor Racing Database / FIA Timing Sheets
2025,8,sainz,2,53,16:14:21,24.049,Base Oficial Ergast Motor Racing Database / FIA Timing Sheets
2025,8,stroll,1,17,15:27:21,23.978,Base Oficial Ergast Motor Racing Database / FIA Timing Sheets
2025,8,stroll,2,64,16:29:13,25.916,Base Oficial Ergast Motor Racing Database / FIA Timing Sheets
2025,8,tsunoda,1,1,15:04:35,24.525,Base Oficial Ergast Motor Racing Database / FIA Timing Sheets
2025,8,tsunoda,2,73,16:40:41,24.086,Base Oficial Ergast Motor Racing Database / FIA Timing Sheets
2025,9,albon,1,6,15:11:42,30.823,Base Oficial Ergast Motor Racing Database / FIA Timing Sheets
2025,9,albon,2,26,15:39:35,37.674,Base Oficial Ergast Motor Racing Database / FIA Timing Sheets
2025,9,alonso,1,15,15:24:11,22.782,Base Oficial Ergast Motor Racing Database / FIA Timing Sheets
2025,9,alonso,2,42,16:01:17,22.242,Base Oficial Ergast Motor Racing Database / FIA Timing Sheets
2025,9,alonso,3,54,16:17:56,22.216,Base Oficial Ergast Motor Racing Database / FIA Timing Sheets
2025,9,antonelli,1,21,15:32:05,22.234,Base Oficial Ergast Motor Racing Database / FIA Timing Sheets
2025,9,antonelli,2,49,16:10:08,23.457,Base Oficial Ergast Motor Racing Database / FIA Timing Sheets
2025,9,bearman,1,8,15:14:27,22.009,Base Oficial Ergast Motor Racing Database / FIA Timing Sheets
2025,9,bearman,2,35,15:51:44,22.27,Base Oficial Ergast Motor Racing Database / FIA Timing Sheets
2025,9,bearman,3,54,16:18:00,22.765,Base Oficial Ergast Motor Racing Database / FIA Timing Sheets
2025,9,bortoleto,1,19,15:29:42,22.041,Base Oficial Ergast Motor Racing Database / FIA Timing Sheets
2025,9,bortoleto,2,49,16:10:54,22.953,Base Oficial Ergast Motor Racing Database / FIA Timing Sheets
2025,9,colapinto,1,14,15:22:49,22.491,Base Oficial Ergast Motor Racing Database / FIA Timing Sheets
2025,9,colapinto,2,39,15:57:43,22.119,Base Oficial Ergast Motor Racing Database / FIA Timing Sheets
2025,9,colapinto,3,54,16:18:38,21.874,Base Oficial Ergast Motor Racing Database / FIA Timing Sheets
2025,9,gasly,1,10,15:17:04,22.224,Base Oficial Ergast Motor Racing Database / FIA Timing Sheets
2025,9,gasly,2,31,15:46:11,22.006,Base Oficial Ergast Motor Racing Database / FIA Timing Sheets
2025,9,gasly,3,55,16:19:42,22.818,Base Oficial Ergast Motor Racing Database / FIA Timing Sheets
2025,9,hadjar,1,19,15:29:26,21.769,Base Oficial Ergast Motor Racing Database / FIA Timing Sheets
2025,9,hadjar,2,48,16:08:57,22.019,Base Oficial Ergast Motor Racing Database / FIA Timing Sheets
2025,9,hadjar,3,55,16:19:13,21.841,Base Oficial Ergast Motor Racing Database / FIA Timing Sheets
2025,9,hamilton,1,16,15:25:09,21.957,Base Oficial Ergast Motor Racing Database / FIA Timing Sheets
2025,9,hamilton,2,46,16:05:51,24.416,Base Oficial Ergast Motor Racing Database / FIA Timing Sheets
2025,9,hamilton,3,55,16:18:27,22.83,Base Oficial Ergast Motor Racing Database / FIA Timing Sheets
2025,9,hulkenberg,1,9,15:15:44,22.233,Base Oficial Ergast Motor Racing Database / FIA Timing Sheets
2025,9,hulkenberg,2,45,16:05:07,21.849,Base Oficial Ergast Motor Racing Database / FIA Timing Sheets
2025,9,hulkenberg,3,56,16:21:05,21.904,Base Oficial Ergast Motor Racing Database / FIA Timing Sheets
2025,9,lawson,1,18,15:28:12,22.039,Base Oficial Ergast Motor Racing Database / FIA Timing Sheets
2025,9,lawson,2,44,16:03:53,22.127,Base Oficial Ergast Motor Racing Database / FIA Timing Sheets
2025,9,leclerc,1,17,15:26:25,21.863,Base Oficial Ergast Motor Racing Database / FIA Timing Sheets
2025,9,leclerc,2,40,15:57:36,21.893,Base Oficial Ergast Motor Racing Database / FIA Timing Sheets
2025,9,leclerc,3,55,16:18:11,22.383,Base Oficial Ergast Motor Racing Database / FIA Timing Sheets
2025,9,max_verstappen,1,13,15:20:54,21.869,Base Oficial Ergast Motor Racing Database / FIA Timing Sheets
2025,9,max_verstappen,2,29,15:42:36,21.933,Base Oficial Ergast Motor Racing Database / FIA Timing Sheets
2025,9,max_verstappen,3,47,16:06:47,21.802,Base Oficial Ergast Motor Racing Database / FIA Timing Sheets
2025,9,max_verstappen,4,55,16:17:48,22.197,Base Oficial Ergast Motor Racing Database / FIA Timing Sheets
2025,9,norris,1,21,15:31:41,22.454,Base Oficial Ergast Motor Racing Database / FIA Timing Sheets
2025,9,norris,2,48,16:08:03,21.863,Base Oficial Ergast Motor Racing Database / FIA Timing Sheets
2025,9,norris,3,55,16:17:44,23.562,Base Oficial Ergast Motor Racing Database / FIA Timing Sheets
2025,9,ocon,1,20,15:31:09,22.554,Base Oficial Ergast Motor Racing Database / FIA Timing Sheets
2025,9,ocon,2,43,16:02:48,22.468,Base Oficial Ergast Motor Racing Database / FIA Timing Sheets
2025,9,piastri,1,22,15:32:57,21.858,Base Oficial Ergast Motor Racing Database / FIA Timing Sheets
2025,9,piastri,2,49,16:09:17,21.838,Base Oficial Ergast Motor Racing Database / FIA Timing Sheets
2025,9,piastri,3,55,16:17:39,22.748,Base Oficial Ergast Motor Racing Database / FIA Timing Sheets
2025,9,russell,1,20,15:30:38,21.739,Base Oficial Ergast Motor Racing Database / FIA Timing Sheets
2025,9,russell,2,41,15:59:07,21.752,Base Oficial Ergast Motor Racing Database / FIA Timing Sheets
2025,9,russell,3,55,16:18:15,23.167,Base Oficial Ergast Motor Racing Database / FIA Timing Sheets
2025,9,sainz,1,9,15:15:53,30.547,Base Oficial Ergast Motor Racing Database / FIA Timing Sheets
2025,9,sainz,2,34,15:50:30,22.346,Base Oficial Ergast Motor Racing Database / FIA Timing Sheets
2025,9,sainz,3,55,16:20:10,21.984,Base Oficial Ergast Motor Racing Database / FIA Timing Sheets
2025,9,tsunoda,1,8,15:14:32,21.868,Base Oficial Ergast Motor Racing Database / FIA Timing Sheets
2025,9,tsunoda,2,24,15:36:42,22.056,Base Oficial Ergast Motor Racing Database / FIA Timing Sheets
2025,9,tsunoda,3,44,16:04:10,21.822,Base Oficial Ergast Motor Racing Database / FIA Timing Sheets
2025,9,tsunoda,4,54,16:18:04,22.283,Base Oficial Ergast Motor Racing Database / FIA Timing Sheets
2025,10,albon,1,23,14:33:09,23.898,Base Oficial Ergast Motor Racing Database / FIA Timing Sheets
2025,10,alonso,1,15,14:22:29,24.021,Base Oficial Ergast Motor Racing Database / FIA Timing Sheets
2025,10,alonso,2,50,15:07:35,23.409,Base Oficial Ergast Motor Racing Database / FIA Timing Sheets
2025,10,alonso,3,66,15:28:14,18.2,Base Oficial Ergast Motor Racing Database / FIA Timing Sheets
2025,10,alonso,4,67,15:30:08,18.199,Base Oficial Ergast Motor Racing Database / FIA Timing Sheets
2025,10,alonso,5,68,15:31:47,18.226,Base Oficial Ergast Motor Racing Database / FIA Timing Sheets
2025,10,alonso,6,69,15:33:24,18.228,Base Oficial Ergast Motor Racing Database / FIA Timing Sheets
2025,10,antonelli,1,14,14:20:58,23.32,Base Oficial Ergast Motor Racing Database / FIA Timing Sheets
2025,10,antonelli,2,38,14:51:36,23.416,Base Oficial Ergast Motor Racing Database / FIA Timing Sheets
2025,10,antonelli,3,67,15:28:28,18.275,Base Oficial Ergast Motor Racing Database / FIA Timing Sheets
2025,10,antonelli,4,68,15:30:30,18.991,Base Oficial Ergast Motor Racing Database / FIA Timing Sheets
2025,10,antonelli,5,69,15:32:35,18.284,Base Oficial Ergast Motor Racing Database / FIA Timing Sheets
2025,10,bearman,1,18,14:26:36,23.562,Base Oficial Ergast Motor Racing Database / FIA Timing Sheets
2025,10,bearman,2,66,15:28:48,27.985,Base Oficial Ergast Motor Racing Database / FIA Timing Sheets
2025,10,bearman,3,67,15:30:54,18.255,Base Oficial Ergast Motor Racing Database / FIA Timing Sheets
2025,10,bearman,4,68,15:32:41,18.257,Base Oficial Ergast Motor Racing Database / FIA Timing Sheets
2025,10,bortoleto,1,49,15:06:43,23.715,Base Oficial Ergast Motor Racing Database / FIA Timing Sheets
2025,10,bortoleto,2,66,15:29:03,18.23,Base Oficial Ergast Motor Racing Database / FIA Timing Sheets
2025,10,bortoleto,3,67,15:31:01,18.249,Base Oficial Ergast Motor Racing Database / FIA Timing Sheets
2025,10,bortoleto,4,68,15:32:47,18.243,Base Oficial Ergast Motor Racing Database / FIA Timing Sheets
2025,10,colapinto,1,14,14:21:17,24.735,Base Oficial Ergast Motor Racing Database / FIA Timing Sheets
2025,10,colapinto,2,66,15:29:03,18.19,Base Oficial Ergast Motor Racing Database / FIA Timing Sheets
2025,10,colapinto,3,67,15:30:59,18.193,Base Oficial Ergast Motor Racing Database / FIA Timing Sheets
2025,10,colapinto,4,68,15:32:45,18.195,Base Oficial Ergast Motor Racing Database / FIA Timing Sheets
2025,10,gasly,1,53,15:11:54,23.987,Base Oficial Ergast Motor Racing Database / FIA Timing Sheets
2025,10,gasly,2,66,15:29:07,18.211,Base Oficial Ergast Motor Racing Database / FIA Timing Sheets
2025,10,gasly,3,67,15:31:02,18.217,Base Oficial Ergast Motor Racing Database / FIA Timing Sheets
2025,10,gasly,4,68,15:32:49,18.212,Base Oficial Ergast Motor Racing Database / FIA Timing Sheets
2025,10,hadjar,1,13,14:20:03,24.13,Base Oficial Ergast Motor Racing Database / FIA Timing Sheets
2025,10,hadjar,2,66,15:29:08,23.693,Base Oficial Ergast Motor Racing Database / FIA Timing Sheets
2025,10,hadjar,3,67,15:31:09,18.284,Base Oficial Ergast Motor Racing Database / FIA Timing Sheets
2025,10,hadjar,4,68,15:32:52,18.273,Base Oficial Ergast Motor Racing Database / FIA Timing Sheets
2025,10,hamilton,1,15,14:22:21,23.604,Base Oficial Ergast Motor Racing Database / FIA Timing Sheets
2025,10,hamilton,2,45,15:00:52,23.338,Base Oficial Ergast Motor Racing Database / FIA Timing Sheets
2025,10,hamilton,3,67,15:29:27,18.24,Base Oficial Ergast Motor Racing Database / FIA Timing Sheets
2025,10,hamilton,4,68,15:31:17,18.246,Base Oficial Ergast Motor Racing Database / FIA Timing Sheets
2025,10,hamilton,5,69,15:32:55,18.244,Base Oficial Ergast Motor Racing Database / FIA Timing Sheets
2025,10,hulkenberg,1,19,14:27:44,23.476,Base Oficial Ergast Motor Racing Database / FIA Timing Sheets
2025,10,hulkenberg,2,66,15:28:18,18.298,Base Oficial Ergast Motor Racing Database / FIA Timing Sheets
2025,10,hulkenberg,3,67,15:30:11,18.299,Base Oficial Ergast Motor Racing Database / FIA Timing Sheets
2025,10,hulkenberg,4,68,15:31:50,18.306,Base Oficial Ergast Motor Racing Database / FIA Timing Sheets
2025,10,hulkenberg,5,69,15:33:27,18.306,Base Oficial Ergast Motor Racing Database / FIA Timing Sheets
2025,10,lawson,1,38,14:52:35,23.28,Base Oficial Ergast Motor Racing Database / FIA Timing Sheets
2025,10,leclerc,1,28,14:38:55,23.36,Base Oficial Ergast Motor Racing Database / FIA Timing Sheets
2025,10,leclerc,2,53,15:10:38,23.859,Base Oficial Ergast Motor Racing Database / FIA Timing Sheets
2025,10,leclerc,3,67,15:28:55,18.331,Base Oficial Ergast Motor Racing Database / FIA Timing Sheets
2025,10,leclerc,4,68,15:30:50,18.265,Base Oficial Ergast Motor Racing Database / FIA Timing Sheets
2025,10,leclerc,5,69,15:32:40,18.284,Base Oficial Ergast Motor Racing Database / FIA Timing Sheets
2025,10,max_verstappen,1,12,14:18:22,23.604,Base Oficial Ergast Motor Racing Database / FIA Timing Sheets
2025,10,max_verstappen,2,37,14:50:20,23.121,Base Oficial Ergast Motor Racing Database / FIA Timing Sheets
2025,10,max_verstappen,3,67,15:28:24,18.294,Base Oficial Ergast Motor Racing Database / FIA Timing Sheets
2025,10,max_verstappen,4,68,15:30:29,19.204,Base Oficial Ergast Motor Racing Database / FIA Timing Sheets
2025,10,max_verstappen,5,69,15:32:33,18.309,Base Oficial Ergast Motor Racing Database / FIA Timing Sheets
2025,10,norris,1,29,14:40:08,23.223,Base Oficial Ergast Motor Racing Database / FIA Timing Sheets
2025,10,norris,2,47,15:03:01,23.471,Base Oficial Ergast Motor Racing Database / FIA Timing Sheets
2025,10,ocon,1,57,15:16:38,24.452,Base Oficial Ergast Motor Racing Database / FIA Timing Sheets
2025,10,ocon,2,66,15:28:35,18.244,Base Oficial Ergast Motor Racing Database / FIA Timing Sheets
2025,10,ocon,3,67,15:30:33,18.24,Base Oficial Ergast Motor Racing Database / FIA Timing Sheets
2025,10,ocon,4,68,15:32:36,18.245,Base Oficial Ergast Motor Racing Database / FIA Timing Sheets
2025,10,piastri,1,16,14:23:33,23.245,Base Oficial Ergast Motor Racing Database / FIA Timing Sheets
2025,10,piastri,2,45,15:00:27,23.174,Base Oficial Ergast Motor Racing Database / FIA Timing Sheets
2025,10,piastri,3,67,15:28:29,26.385,Base Oficial Ergast Motor Racing Database / FIA Timing Sheets
2025,10,piastri,4,68,15:30:35,18.25,Base Oficial Ergast Motor Racing Database / FIA Timing Sheets
2025,10,piastri,5,69,15:32:39,18.276,Base Oficial Ergast Motor Racing Database / FIA Timing Sheets
2025,10,russell,1,13,14:19:36,23.231,Base Oficial Ergast Motor Racing Database / FIA Timing Sheets
2025,10,russell,2,42,14:56:32,24.262,Base Oficial Ergast Motor Racing Database / FIA Timing Sheets
2025,10,russell,3,67,15:28:22,18.265,Base Oficial Ergast Motor Racing Database / FIA Timing Sheets
2025,10,russell,4,68,15:30:28,19.449,Base Oficial Ergast Motor Racing Database / FIA Timing Sheets
2025,10,russell,5,69,15:32:32,18.288,Base Oficial Ergast Motor Racing Database / FIA Timing Sheets
2025,10,sainz,1,57,15:16:43,23.269,Base Oficial Ergast Motor Racing Database / FIA Timing Sheets
2025,10,sainz,2,66,15:28:36,18.288,Base Oficial Ergast Motor Racing Database / FIA Timing Sheets
2025,10,sainz,3,67,15:30:34,18.195,Base Oficial Ergast Motor Racing Database / FIA Timing Sheets
2025,10,sainz,4,68,15:32:37,18.196,Base Oficial Ergast Motor Racing Database / FIA Timing Sheets
2025,10,stroll,1,24,14:34:26,23.742,Base Oficial Ergast Motor Racing Database / FIA Timing Sheets
2025,10,stroll,2,51,15:09:20,34.742,Base Oficial Ergast Motor Racing Database / FIA Timing Sheets
2025,10,stroll,3,66,15:29:10,23.772,Base Oficial Ergast Motor Racing Database / FIA Timing Sheets
2025,10,stroll,4,67,15:31:12,18.237,Base Oficial Ergast Motor Racing Database / FIA Timing Sheets
2025,10,stroll,5,68,15:32:54,18.225,Base Oficial Ergast Motor Racing Database / FIA Timing Sheets
2025,10,tsunoda,1,56,15:15:31,25.178,Base Oficial Ergast Motor Racing Database / FIA Timing Sheets
2025,10,tsunoda,2,66,15:29:00,18.251,Base Oficial Ergast Motor Racing Database / FIA Timing Sheets
2025,10,tsunoda,3,67,15:30:57,18.26,Base Oficial Ergast Motor Racing Database / FIA Timing Sheets
2025,10,tsunoda,4,68,15:32:44,18.24,Base Oficial Ergast Motor Racing Database / FIA Timing Sheets
2025,11,albon,1,13,15:35:11,21.21,Base Oficial Ergast Motor Racing Database / FIA Timing Sheets
2025,11,alonso,1,33,15:59:13,21.865,Base Oficial Ergast Motor Racing Database / FIA Timing Sheets
2025,11,bearman,1,11,15:32:52,21.91,Base Oficial Ergast Motor Racing Database / FIA Timing Sheets
2025,11,bearman,2,39,16:06:33,21.771,Base Oficial Ergast Motor Racing Database / FIA Timing Sheets
2025,11,bortoleto,1,21,15:44:46,21.676,Base Oficial Ergast Motor Racing Database / FIA Timing Sheets
2025,11,bortoleto,2,49,16:18:10,21.286,Base Oficial Ergast Motor Racing Database / FIA Timing Sheets
2025,11,colapinto,1,13,15:35:19,23.038,Base Oficial Ergast Motor Racing Database / FIA Timing Sheets
2025,11,colapinto,2,39,16:06:47,21.087,Base Oficial Ergast Motor Racing Database / FIA Timing Sheets
2025,11,gasly,1,12,15:34:03,21.959,Base Oficial Ergast Motor Racing Database / FIA Timing Sheets
2025,11,gasly,2,38,16:05:25,22.105,Base Oficial Ergast Motor Racing Database / FIA Timing Sheets
2025,11,hadjar,1,2,15:21:36,21.297,Base Oficial Ergast Motor Racing Database / FIA Timing Sheets
2025,11,hadjar,2,28,15:53:23,21.68,Base Oficial Ergast Motor Racing Database / FIA Timing Sheets
2025,11,hamilton,1,26,15:50:30,21.287,Base Oficial Ergast Motor Racing Database / FIA Timing Sheets
2025,11,hamilton,2,50,16:18:54,21.158,Base Oficial Ergast Motor Racing Database / FIA Timing Sheets
2025,11,hulkenberg,1,12,15:34:08,21.236,Base Oficial Ergast Motor Racing Database / FIA Timing Sheets
2025,11,hulkenberg,2,42,16:09:58,21.045,Base Oficial Ergast Motor Racing Database / FIA Timing Sheets
2025,11,lawson,1,32,15:57:59,21.434,Base Oficial Ergast Motor Racing Database / FIA Timing Sheets
2025,11,leclerc,1,25,15:49:16,21.308,Base Oficial Ergast Motor Racing Database / FIA Timing Sheets
2025,11,leclerc,2,49,16:17:34,21.536,Base Oficial Ergast Motor Racing Database / FIA Timing Sheets
2025,11,norris,1,20,15:43:12,22.131,Base Oficial Ergast Motor Racing Database / FIA Timing Sheets
2025,11,norris,2,52,16:20:48,21.427,Base Oficial Ergast Motor Racing Database / FIA Timing Sheets
2025,11,ocon,1,19,15:42:29,23.188,Base Oficial Ergast Motor Racing Database / FIA Timing Sheets
2025,11,ocon,2,50,16:19:27,22.284,Base Oficial Ergast Motor Racing Database / FIA Timing Sheets
2025,11,piastri,1,24,15:47:58,22.599,Base Oficial Ergast Motor Racing Database / FIA Timing Sheets
2025,11,piastri,2,53,16:22:01,21.033,Base Oficial Ergast Motor Racing Database / FIA Timing Sheets
2025,11,russell,1,18,15:41:08,21.344,Base Oficial Ergast Motor Racing Database / FIA Timing Sheets
2025,11,russell,2,45,16:13:22,21.854,Base Oficial Ergast Motor Racing Database / FIA Timing Sheets
2025,11,stroll,1,26,15:51:04,22.907,Base Oficial Ergast Motor Racing Database / FIA Timing Sheets
2025,11,stroll,2,53,16:23:25,21.763,Base Oficial Ergast Motor Racing Database / FIA Timing Sheets
2025,11,tsunoda,1,18,15:41:20,21.492,Base Oficial Ergast Motor Racing Database / FIA Timing Sheets
2025,11,tsunoda,2,30,15:55:58,30.0,Base Oficial Ergast Motor Racing Database / FIA Timing Sheets
2025,11,tsunoda,3,60,16:31:51,32.643,Base Oficial Ergast Motor Racing Database / FIA Timing Sheets
2025,12,albon,1,12,15:27:11,29.251,Base Oficial Ergast Motor Racing Database / FIA Timing Sheets
2025,12,albon,2,42,16:26:14,29.292,Base Oficial Ergast Motor Racing Database / FIA Timing Sheets
2025,12,alonso,1,11,15:25:15,28.707,Base Oficial Ergast Motor Racing Database / FIA Timing Sheets
2025,12,alonso,2,37,16:17:34,28.534,Base Oficial Ergast Motor Racing Database / FIA Timing Sheets
2025,12,antonelli,1,2,15:07:48,28.721,Base Oficial Ergast Motor Racing Database / FIA Timing Sheets
2025,12,antonelli,2,9,15:21:54,28.707,Base Oficial Ergast Motor Racing Database / FIA Timing Sheets
2025,12,antonelli,3,20,15:47:05,29.728,Base Oficial Ergast Motor Racing Database / FIA Timing Sheets
2025,12,bearman,1,10,15:23:44,29.201,Base Oficial Ergast Motor Racing Database / FIA Timing Sheets
2025,12,bearman,2,41,16:24:34,29.09,Base Oficial Ergast Motor Racing Database / FIA Timing Sheets
2025,12,gasly,1,11,15:25:14,28.912,Base Oficial Ergast Motor Racing Database / FIA Timing Sheets
2025,12,gasly,2,41,16:24:23,28.469,Base Oficial Ergast Motor Racing Database / FIA Timing Sheets
2025,12,hadjar,1,10,15:23:42,28.523,Base Oficial Ergast Motor Racing Database / FIA Timing Sheets
2025,12,hamilton,1,11,15:25:12,28.917,Base Oficial Ergast Motor Racing Database / FIA Timing Sheets
2025,12,hamilton,2,41,16:24:05,29.127,Base Oficial Ergast Motor Racing Database / FIA Timing Sheets
2025,12,hulkenberg,1,9,15:21:40,29.736,Base Oficial Ergast Motor Racing Database / FIA Timing Sheets
2025,12,hulkenberg,2,42,16:25:42,29.952,Base Oficial Ergast Motor Racing Database / FIA Timing Sheets
2025,12,leclerc,1,10,15:23:36,29.089,Base Oficial Ergast Motor Racing Database / FIA Timing Sheets
2025,12,leclerc,2,42,16:26:10,28.84,Base Oficial Ergast Motor Racing Database / FIA Timing Sheets
2025,12,max_verstappen,1,11,15:25:04,28.182,Base Oficial Ergast Motor Racing Database / FIA Timing Sheets
2025,12,max_verstappen,2,41,16:24:21,29.689,Base Oficial Ergast Motor Racing Database / FIA Timing Sheets
2025,12,norris,1,11,15:25:02,30.63,Base Oficial Ergast Motor Racing Database / FIA Timing Sheets
2025,12,norris,2,44,16:28:28,28.214,Base Oficial Ergast Motor Racing Database / FIA Timing Sheets
2025,12,ocon,1,18,15:41:45,29.562,Base Oficial Ergast Motor Racing Database / FIA Timing Sheets
2025,12,ocon,2,42,16:26:16,28.646,Base Oficial Ergast Motor Racing Database / FIA Timing Sheets
2025,12,piastri,1,11,15:24:55,29.491,Base Oficial Ergast Motor Racing Database / FIA Timing Sheets
2025,12,piastri,2,43,16:26:46,40.28,Base Oficial Ergast Motor Racing Database / FIA Timing Sheets
2025,12,russell,1,10,15:23:30,28.647,Base Oficial Ergast Motor Racing Database / FIA Timing Sheets
2025,12,russell,2,38,16:19:16,28.205,Base Oficial Ergast Motor Racing Database / FIA Timing Sheets
2025,12,sainz,1,11,15:25:16,29.554,Base Oficial Ergast Motor Racing Database / FIA Timing Sheets
2025,12,sainz,2,41,16:24:32,28.655,Base Oficial Ergast Motor Racing Database / FIA Timing Sheets
2025,12,stroll,1,6,15:16:03,29.125,Base Oficial Ergast Motor Racing Database / FIA Timing Sheets
2025,12,stroll,2,10,15:23:24,28.853,Base Oficial Ergast Motor Racing Database / FIA Timing Sheets
2025,12,stroll,3,41,16:24:17,28.553,Base Oficial Ergast Motor Racing Database / FIA Timing Sheets
2025,12,tsunoda,1,11,15:25:24,28.544,Base Oficial Ergast Motor Racing Database / FIA Timing Sheets
2025,12,tsunoda,2,41,16:24:58,40.145,Base Oficial Ergast Motor Racing Database / FIA Timing Sheets
2025,13,albon,1,12,16:48:15,24.029,Base Oficial Ergast Motor Racing Database / FIA Timing Sheets
2025,13,alonso,1,11,16:46:34,23.404,Base Oficial Ergast Motor Racing Database / FIA Timing Sheets
2025,13,alonso,2,29,17:19:46,23.692,Base Oficial Ergast Motor Racing Database / FIA Timing Sheets
2025,13,antonelli,1,12,16:48:37,23.609,Base Oficial Ergast Motor Racing Database / FIA Timing Sheets
2025,13,antonelli,2,30,17:21:33,23.059,Base Oficial Ergast Motor Racing Database / FIA Timing Sheets
2025,13,bearman,1,12,16:48:25,24.13,Base Oficial Ergast Motor Racing Database / FIA Timing Sheets
2025,13,bortoleto,1,12,16:48:24,23.274,Base Oficial Ergast Motor Racing Database / FIA Timing Sheets
2025,13,colapinto,1,12,16:48:34,23.665,Base Oficial Ergast Motor Racing Database / FIA Timing Sheets
2025,13,colapinto,2,28,17:18:07,23.449,Base Oficial Ergast Motor Racing Database / FIA Timing Sheets
2025,13,gasly,1,11,16:46:30,26.825,Base Oficial Ergast Motor Racing Database / FIA Timing Sheets
2025,13,hadjar,1,13,16:50:24,23.58,Base Oficial Ergast Motor Racing Database / FIA Timing Sheets
2025,13,hadjar,2,20,17:03:41,23.376,Base Oficial Ergast Motor Racing Database / FIA Timing Sheets
2025,13,hamilton,1,11,16:46:27,23.284,Base Oficial Ergast Motor Racing Database / FIA Timing Sheets
2025,13,hulkenberg,1,11,16:46:31,23.599,Base Oficial Ergast Motor Racing Database / FIA Timing Sheets
2025,13,hulkenberg,2,32,17:25:01,23.89,Base Oficial Ergast Motor Racing Database / FIA Timing Sheets
2025,13,lawson,1,12,16:48:22,23.269,Base Oficial Ergast Motor Racing Database / FIA Timing Sheets
2025,13,leclerc,1,12,16:48:09,23.806,Base Oficial Ergast Motor Racing Database / FIA Timing Sheets
2025,13,max_verstappen,1,12,16:48:10,25.913,Base Oficial Ergast Motor Racing Database / FIA Timing Sheets
2025,13,norris,1,13,16:49:58,24.376,Base Oficial Ergast Motor Racing Database / FIA Timing Sheets
2025,13,ocon,1,13,16:50:34,23.802,Base Oficial Ergast Motor Racing Database / FIA Timing Sheets
2025,13,piastri,1,12,16:47:59,23.844,Base Oficial Ergast Motor Racing Database / FIA Timing Sheets
2025,13,russell,1,12,16:48:14,23.635,Base Oficial Ergast Motor Racing Database / FIA Timing Sheets
2025,13,sainz,1,12,16:48:35,27.528,Base Oficial Ergast Motor Racing Database / FIA Timing Sheets
2025,13,sainz,2,26,17:14:31,23.77,Base Oficial Ergast Motor Racing Database / FIA Timing Sheets
2025,13,stroll,1,12,16:48:37,23.787,Base Oficial Ergast Motor Racing Database / FIA Timing Sheets
2025,13,tsunoda,1,13,16:50:22,23.33,Base Oficial Ergast Motor Racing Database / FIA Timing Sheets
2025,14,albon,1,14,15:22:52,21.345,Base Oficial Ergast Motor Racing Database / FIA Timing Sheets
2025,14,albon,2,38,15:56:23,22.726,Base Oficial Ergast Motor Racing Database / FIA Timing Sheets
2025,14,alonso,1,39,15:57:13,22.204,Base Oficial Ergast Motor Racing Database / FIA Timing Sheets
2025,14,antonelli,1,21,15:32:35,22.328,Base Oficial Ergast Motor Racing Database / FIA Timing Sheets
2025,14,bearman,1,30,15:45:09,21.754,Base Oficial Ergast Motor Racing Database / FIA Timing Sheets
2025,14,bortoleto,1,40,15:58:41,21.773,Base Oficial Ergast Motor Racing Database / FIA Timing Sheets
2025,14,colapinto,1,13,15:21:30,30.248,Base Oficial Ergast Motor Racing Database / FIA Timing Sheets
2025,14,colapinto,2,35,15:52:16,26.28,Base Oficial Ergast Motor Racing Database / FIA Timing Sheets
2025,14,gasly,1,32,15:48:01,21.699,Base Oficial Ergast Motor Racing Database / FIA Timing Sheets
2025,14,hadjar,1,33,15:49:21,21.096,Base Oficial Ergast Motor Racing Database / FIA Timing Sheets
2025,14,hamilton,1,42,16:01:45,21.15,Base Oficial Ergast Motor Racing Database / FIA Timing Sheets
2025,14,hulkenberg,1,5,15:10:20,21.594,Base Oficial Ergast Motor Racing Database / FIA Timing Sheets
2025,14,hulkenberg,2,41,16:00:27,28.777,Base Oficial Ergast Motor Racing Database / FIA Timing Sheets
2025,14,lawson,1,40,15:58:47,22.136,Base Oficial Ergast Motor Racing Database / FIA Timing Sheets
2025,14,leclerc,1,19,15:29:12,21.13,Base Oficial Ergast Motor Racing Database / FIA Timing Sheets
2025,14,leclerc,2,40,15:58:00,21.136,Base Oficial Ergast Motor Racing Database / FIA Timing Sheets
2025,14,max_verstappen,1,17,15:26:53,21.433,Base Oficial Ergast Motor Racing Database / FIA Timing Sheets
2025,14,max_verstappen,2,48,16:09:43,21.258,Base Oficial Ergast Motor Racing Database / FIA Timing Sheets
2025,14,norris,1,31,15:45:46,20.94,Base Oficial Ergast Motor Racing Database / FIA Timing Sheets
2025,14,ocon,1,14,15:22:52,22.444,Base Oficial Ergast Motor Racing Database / FIA Timing Sheets
2025,14,piastri,1,18,15:27:53,21.145,Base Oficial Ergast Motor Racing Database / FIA Timing Sheets
2025,14,piastri,2,45,16:04:49,20.94,Base Oficial Ergast Motor Racing Database / FIA Timing Sheets
2025,14,russell,1,19,15:29:19,21.703,Base Oficial Ergast Motor Racing Database / FIA Timing Sheets
2025,14,russell,2,43,16:02:16,21.45,Base Oficial Ergast Motor Racing Database / FIA Timing Sheets
2025,14,sainz,1,15,15:24:13,21.67,Base Oficial Ergast Motor Racing Database / FIA Timing Sheets
2025,14,sainz,2,51,16:14:18,21.423,Base Oficial Ergast Motor Racing Database / FIA Timing Sheets
2025,14,stroll,1,36,15:53:16,21.464,Base Oficial Ergast Motor Racing Database / FIA Timing Sheets
2025,14,tsunoda,1,20,15:31:19,21.295,Base Oficial Ergast Motor Racing Database / FIA Timing Sheets
2025,14,tsunoda,2,37,15:55:04,21.541,Base Oficial Ergast Motor Racing Database / FIA Timing Sheets
2025,15,albon,1,23,15:33:16,19.692,Base Oficial Ergast Motor Racing Database / FIA Timing Sheets
2025,15,albon,2,53,16:13:22,17.84,Base Oficial Ergast Motor Racing Database / FIA Timing Sheets
2025,15,alonso,1,18,15:26:36,17.417,Base Oficial Ergast Motor Racing Database / FIA Timing Sheets
2025,15,alonso,2,40,15:56:55,17.949,Base Oficial Ergast Motor Racing Database / FIA Timing Sheets
2025,15,antonelli,1,23,15:33:20,17.476,Base Oficial Ergast Motor Racing Database / FIA Timing Sheets
2025,15,antonelli,2,51,16:10:23,17.365,Base Oficial Ergast Motor Racing Database / FIA Timing Sheets
2025,15,antonelli,3,53,16:13:37,21.36,Base Oficial Ergast Motor Racing Database / FIA Timing Sheets
2025,15,bearman,1,53,16:13:53,18.622,Base Oficial Ergast Motor Racing Database / FIA Timing Sheets
2025,15,bortoleto,1,22,15:31:53,17.908,Base Oficial Ergast Motor Racing Database / FIA Timing Sheets
2025,15,bortoleto,2,60,16:24:57,17.491,Base Oficial Ergast Motor Racing Database / FIA Timing Sheets
2025,15,colapinto,1,19,15:27:56,17.986,Base Oficial Ergast Motor Racing Database / FIA Timing Sheets
2025,15,colapinto,2,53,16:14:04,17.586,Base Oficial Ergast Motor Racing Database / FIA Timing Sheets
2025,15,colapinto,3,65,16:31:30,18.077,Base Oficial Ergast Motor Racing Database / FIA Timing Sheets
2025,15,gasly,1,23,15:33:26,19.223,Base Oficial Ergast Motor Racing Database / FIA Timing Sheets
2025,15,hadjar,1,23,15:32:52,17.414,Base Oficial Ergast Motor Racing Database / FIA Timing Sheets
2025,15,hadjar,2,53,16:12:59,18.535,Base Oficial Ergast Motor Racing Database / FIA Timing Sheets
2025,15,hulkenberg,1,19,15:27:57,17.602,Base Oficial Ergast Motor Racing Database / FIA Timing Sheets
2025,15,hulkenberg,2,53,16:14:05,17.944,Base Oficial Ergast Motor Racing Database / FIA Timing Sheets
2025,15,lawson,1,23,15:33:08,17.549,Base Oficial Ergast Motor Racing Database / FIA Timing Sheets
2025,15,lawson,2,27,15:40:41,22.209,Base Oficial Ergast Motor Racing Database / FIA Timing Sheets
2025,15,lawson,3,52,16:13:38,18.552,Base Oficial Ergast Motor Racing Database / FIA Timing Sheets
2025,15,leclerc,1,22,15:31:24,17.081,Base Oficial Ergast Motor Racing Database / FIA Timing Sheets
2025,15,leclerc,2,52,16:11:36,17.042,Base Oficial Ergast Motor Racing Database / FIA Timing Sheets
2025,15,max_verstappen,1,23,15:32:49,18.74,Base Oficial Ergast Motor Racing Database / FIA Timing Sheets
2025,15,max_verstappen,2,53,16:12:55,18.261,Base Oficial Ergast Motor Racing Database / FIA Timing Sheets
2025,15,norris,1,23,15:32:30,20.042,Base Oficial Ergast Motor Racing Database / FIA Timing Sheets
2025,15,norris,2,53,16:12:42,22.608,Base Oficial Ergast Motor Racing Database / FIA Timing Sheets
2025,15,ocon,1,52,16:12:12,18.27,Base Oficial Ergast Motor Racing Database / FIA Timing Sheets
2025,15,piastri,1,23,15:32:24,17.375,Base Oficial Ergast Motor Racing Database / FIA Timing Sheets
2025,15,piastri,2,53,16:12:38,18.589,Base Oficial Ergast Motor Racing Database / FIA Timing Sheets
2025,15,russell,1,23,15:32:56,18.832,Base Oficial Ergast Motor Racing Database / FIA Timing Sheets
2025,15,russell,2,53,16:13:18,17.344,Base Oficial Ergast Motor Racing Database / FIA Timing Sheets
2025,15,sainz,1,23,15:33:09,17.67,Base Oficial Ergast Motor Racing Database / FIA Timing Sheets
2025,15,sainz,2,27,15:40:40,29.443,Base Oficial Ergast Motor Racing Database / FIA Timing Sheets
2025,15,sainz,3,51,16:11:56,30.34,Base Oficial Ergast Motor Racing Database / FIA Timing Sheets
2025,15,sainz,4,65,16:31:49,18.043,Base Oficial Ergast Motor Racing Database / FIA Timing Sheets
2025,15,stroll,1,8,15:13:50,17.561,Base Oficial Ergast Motor Racing Database / FIA Timing Sheets
2025,15,stroll,2,52,16:12:10,17.598,Base Oficial Ergast Motor Racing Database / FIA Timing Sheets
2025,15,tsunoda,1,19,15:27:52,18.348,Base Oficial Ergast Motor Racing Database / FIA Timing Sheets
2025,15,tsunoda,2,53,16:13:54,18.147,Base Oficial Ergast Motor Racing Database / FIA Timing Sheets
2025,16,albon,1,41,16:01:01,24.717,Base Oficial Ergast Motor Racing Database / FIA Timing Sheets
2025,16,alonso,1,20,15:31:51,25.16,Base Oficial Ergast Motor Racing Database / FIA Timing Sheets
2025,16,antonelli,1,28,15:43:02,24.916,Base Oficial Ergast Motor Racing Database / FIA Timing Sheets
2025,16,bearman,1,18,15:29:07,25.372,Base Oficial Ergast Motor Racing Database / FIA Timing Sheets
2025,16,bortoleto,1,20,15:31:51,26.143,Base Oficial Ergast Motor Racing Database / FIA Timing Sheets
2025,16,colapinto,1,33,15:50:20,24.971,Base Oficial Ergast Motor Racing Database / FIA Timing Sheets
2025,16,gasly,1,49,16:12:32,25.012,Base Oficial Ergast Motor Racing Database / FIA Timing Sheets
2025,16,hadjar,1,32,15:48:45,24.326,Base Oficial Ergast Motor Racing Database / FIA Timing Sheets
2025,16,hamilton,1,38,15:56:43,23.971,Base Oficial Ergast Motor Racing Database / FIA Timing Sheets
2025,16,lawson,1,9,15:16:28,24.156,Base Oficial Ergast Motor Racing Database / FIA Timing Sheets
2025,16,leclerc,1,33,15:49:40,24.235,Base Oficial Ergast Motor Racing Database / FIA Timing Sheets
2025,16,max_verstappen,1,37,15:54:52,24.545,Base Oficial Ergast Motor Racing Database / FIA Timing Sheets
2025,16,norris,1,46,16:07:22,27.498,Base Oficial Ergast Motor Racing Database / FIA Timing Sheets
2025,16,ocon,1,51,16:15:06,30.754,Base Oficial Ergast Motor Racing Database / FIA Timing Sheets
2025,16,piastri,1,45,16:06:02,23.602,Base Oficial Ergast Motor Racing Database / FIA Timing Sheets
2025,16,russell,1,27,15:41:27,25.021,Base Oficial Ergast Motor Racing Database / FIA Timing Sheets
2025,16,sainz,1,30,15:45:54,24.605,Base Oficial Ergast Motor Racing Database / FIA Timing Sheets
2025,16,stroll,1,49,16:12:23,38.418,Base Oficial Ergast Motor Racing Database / FIA Timing Sheets
2025,16,tsunoda,1,19,15:30:30,24.372,Base Oficial Ergast Motor Racing Database / FIA Timing Sheets
2025,17,albon,1,1,15:06:28,20.758,Base Oficial Ergast Motor Racing Database / FIA Timing Sheets
2025,17,albon,2,15,15:34:40,20.489,Base Oficial Ergast Motor Racing Database / FIA Timing Sheets
2025,17,alonso,1,21,15:45:13,25.768,Base Oficial Ergast Motor Racing Database / FIA Timing Sheets
2025,17,antonelli,1,18,15:39:36,20.669,Base Oficial Ergast Motor Racing Database / FIA Timing Sheets
2025,17,bearman,1,28,15:57:54,21.194,Base Oficial Ergast Motor Racing Database / FIA Timing Sheets
2025,17,bortoleto,1,26,15:54:05,20.845,Base Oficial Ergast Motor Racing Database / FIA Timing Sheets
2025,17,colapinto,1,16,15:36:25,21.088,Base Oficial Ergast Motor Racing Database / FIA Timing Sheets
2025,17,gasly,1,35,16:10:30,21.5,Base Oficial Ergast Motor Racing Database / FIA Timing Sheets
2025,17,hadjar,1,29,15:59:19,20.294,Base Oficial Ergast Motor Racing Database / FIA Timing Sheets
2025,17,hamilton,1,36,16:11:29,20.062,Base Oficial Ergast Motor Racing Database / FIA Timing Sheets
2025,17,hulkenberg,1,36,16:12:10,19.97,Base Oficial Ergast Motor Racing Database / FIA Timing Sheets
2025,17,lawson,1,20,15:43:09,20.283,Base Oficial Ergast Motor Racing Database / FIA Timing Sheets
2025,17,leclerc,1,19,15:41:27,20.542,Base Oficial Ergast Motor Racing Database / FIA Timing Sheets
2025,17,max_verstappen,1,40,16:17:58,20.221,Base Oficial Ergast Motor Racing Database / FIA Timing Sheets
2025,17,norris,1,37,16:13:07,21.975,Base Oficial Ergast Motor Racing Database / FIA Timing Sheets
2025,17,ocon,1,1,15:06:25,20.691,Base Oficial Ergast Motor Racing Database / FIA Timing Sheets
2025,17,ocon,2,2,15:09:12,20.759,Base Oficial Ergast Motor Racing Database / FIA Timing Sheets
2025,17,russell,1,39,16:16:26,19.809,Base Oficial Ergast Motor Racing Database / FIA Timing Sheets
2025,17,sainz,1,27,15:55:25,20.508,Base Oficial Ergast Motor Racing Database / FIA Timing Sheets
2025,17,stroll,1,37,16:13:54,21.82,Base Oficial Ergast Motor Racing Database / FIA Timing Sheets
2025,17,tsunoda,1,38,16:14:50,20.323,Base Oficial Ergast Motor Racing Database / FIA Timing Sheets
2025,18,albon,1,42,21:13:06,25.732,Base Oficial Ergast Motor Racing Database / FIA Timing Sheets
2025,18,alonso,1,27,20:48:02,30.749,Base Oficial Ergast Motor Racing Database / FIA Timing Sheets
2025,18,antonelli,1,25,20:44:27,23.806,Base Oficial Ergast Motor Racing Database / FIA Timing Sheets
2025,18,bearman,1,23,20:41:33,23.979,Base Oficial Ergast Motor Racing Database / FIA Timing Sheets
2025,18,bortoleto,1,13,20:25:18,32.856,Base Oficial Ergast Motor Racing Database / FIA Timing Sheets
2025,18,colapinto,1,14,20:26:53,24.04,Base Oficial Ergast Motor Racing Database / FIA Timing Sheets
2025,18,gasly,1,24,20:43:30,25.583,Base Oficial Ergast Motor Racing Database / FIA Timing Sheets
2025,18,gasly,2,51,21:28:14,25.188,Base Oficial Ergast Motor Racing Database / FIA Timing Sheets
2025,18,hadjar,1,20,20:36:38,23.827,Base Oficial Ergast Motor Racing Database / FIA Timing Sheets
2025,18,hamilton,1,24,20:42:55,24.794,Base Oficial Ergast Motor Racing Database / FIA Timing Sheets
2025,18,hamilton,2,46,21:18:37,23.344,Base Oficial Ergast Motor Racing Database / FIA Timing Sheets
2025,18,hulkenberg,1,25,20:44:54,24.193,Base Oficial Ergast Motor Racing Database / FIA Timing Sheets
2025,18,hulkenberg,2,44,21:16:50,31.894,Base Oficial Ergast Motor Racing Database / FIA Timing Sheets
2025,18,lawson,1,48,21:22:53,24.027,Base Oficial Ergast Motor Racing Database / FIA Timing Sheets
2025,18,leclerc,1,21,20:37:58,23.63,Base Oficial Ergast Motor Racing Database / FIA Timing Sheets
2025,18,max_verstappen,1,19,20:34:32,24.008,Base Oficial Ergast Motor Racing Database / FIA Timing Sheets
2025,18,norris,1,26,20:45:51,23.314,Base Oficial Ergast Motor Racing Database / FIA Timing Sheets
2025,18,ocon,1,30,20:53:14,25.078,Base Oficial Ergast Motor Racing Database / FIA Timing Sheets
2025,18,piastri,1,27,20:47:33,26.637,Base Oficial Ergast Motor Racing Database / FIA Timing Sheets
2025,18,russell,1,25,20:44:06,23.966,Base Oficial Ergast Motor Racing Database / FIA Timing Sheets
2025,18,sainz,1,50,21:26:10,24.075,Base Oficial Ergast Motor Racing Database / FIA Timing Sheets
2025,18,stroll,1,38,21:06:26,24.012,Base Oficial Ergast Motor Racing Database / FIA Timing Sheets
2025,18,tsunoda,1,13,20:25:21,24.61,Base Oficial Ergast Motor Racing Database / FIA Timing Sheets
2025,19,albon,1,7,14:16:15,23.763,Base Oficial Ergast Motor Racing Database / FIA Timing Sheets
2025,19,albon,2,36,15:05:34,24.582,Base Oficial Ergast Motor Racing Database / FIA Timing Sheets
2025,19,alonso,1,30,14:55:19,24.054,Base Oficial Ergast Motor Racing Database / FIA Timing Sheets
2025,19,antonelli,1,31,14:57:10,23.949,Base Oficial Ergast Motor Racing Database / FIA Timing Sheets
2025,19,bearman,1,30,14:55:07,24.11,Base Oficial Ergast Motor Racing Database / FIA Timing Sheets
2025,19,bortoleto,1,14,14:28:26,25.567,Base Oficial Ergast Motor Racing Database / FIA Timing Sheets
2025,19,bortoleto,2,36,15:05:47,24.007,Base Oficial Ergast Motor Racing Database / FIA Timing Sheets
2025,19,colapinto,1,32,14:58:59,24.045,Base Oficial Ergast Motor Racing Database / FIA Timing Sheets
2025,19,gasly,1,27,14:50:26,26.631,Base Oficial Ergast Motor Racing Database / FIA Timing Sheets
2025,19,hadjar,1,28,14:52:17,23.831,Base Oficial Ergast Motor Racing Database / FIA Timing Sheets
2025,19,hamilton,1,31,14:56:32,23.937,Base Oficial Ergast Motor Racing Database / FIA Timing Sheets
2025,19,hulkenberg,1,33,15:00:10,23.753,Base Oficial Ergast Motor Racing Database / FIA Timing Sheets
2025,19,lawson,1,30,14:55:22,23.681,Base Oficial Ergast Motor Racing Database / FIA Timing Sheets
2025,19,leclerc,1,22,14:41:28,23.718,Base Oficial Ergast Motor Racing Database / FIA Timing Sheets
2025,19,max_verstappen,1,33,14:59:34,23.987,Base Oficial Ergast Motor Racing Database / FIA Timing Sheets
2025,19,norris,1,32,14:58:04,24.58,Base Oficial Ergast Motor Racing Database / FIA Timing Sheets
2025,19,ocon,1,24,14:45:28,25.06,Base Oficial Ergast Motor Racing Database / FIA Timing Sheets
2025,19,piastri,1,30,14:54:56,23.452,Base Oficial Ergast Motor Racing Database / FIA Timing Sheets
2025,19,russell,1,33,15:00:00,23.555,Base Oficial Ergast Motor Racing Database / FIA Timing Sheets
2025,19,stroll,1,28,14:52:04,24.192,Base Oficial Ergast Motor Racing Database / FIA Timing Sheets
2025,19,tsunoda,1,29,14:53:25,24.539,Base Oficial Ergast Motor Racing Database / FIA Timing Sheets
2025,20,albon,1,41,15:00:56,22.04,Base Oficial Ergast Motor Racing Database / FIA Timing Sheets
2025,20,alonso,1,20,14:31:29,26.816,Base Oficial Ergast Motor Racing Database / FIA Timing Sheets
2025,20,antonelli,1,22,14:33:56,22.476,Base Oficial Ergast Motor Racing Database / FIA Timing Sheets
2025,20,antonelli,2,47,15:08:41,24.523,Base Oficial Ergast Motor Racing Database / FIA Timing Sheets
2025,20,bearman,1,24,14:36:39,22.647,Base Oficial Ergast Motor Racing Database / FIA Timing Sheets
2025,20,bearman,2,48,15:09:59,22.174,Base Oficial Ergast Motor Racing Database / FIA Timing Sheets
2025,20,bortoleto,1,37,14:55:13,22.41,Base Oficial Ergast Motor Racing Database / FIA Timing Sheets
2025,20,colapinto,1,48,15:11:05,22.789,Base Oficial Ergast Motor Racing Database / FIA Timing Sheets
2025,20,gasly,1,33,14:50:02,22.834,Base Oficial Ergast Motor Racing Database / FIA Timing Sheets
2025,20,hadjar,1,34,14:51:00,22.196,Base Oficial Ergast Motor Racing Database / FIA Timing Sheets
2025,20,hamilton,1,23,14:35:15,33.308,Base Oficial Ergast Motor Racing Database / FIA Timing Sheets
2025,20,hamilton,2,47,15:08:45,23.342,Base Oficial Ergast Motor Racing Database / FIA Timing Sheets
2025,20,lawson,1,2,14:06:17,34.212,Base Oficial Ergast Motor Racing Database / FIA Timing Sheets
2025,20,leclerc,1,31,14:46:14,22.215,Base Oficial Ergast Motor Racing Database / FIA Timing Sheets
2025,20,max_verstappen,1,37,14:54:47,22.762,Base Oficial Ergast Motor Racing Database / FIA Timing Sheets
2025,20,norris,1,34,14:50:05,22.567,Base Oficial Ergast Motor Racing Database / FIA Timing Sheets
2025,20,ocon,1,27,14:41:07,23.203,Base Oficial Ergast Motor Racing Database / FIA Timing Sheets
2025,20,piastri,1,24,14:36:46,23.211,Base Oficial Ergast Motor Racing Database / FIA Timing Sheets
2025,20,piastri,2,47,15:08:42,22.159,Base Oficial Ergast Motor Racing Database / FIA Timing Sheets
2025,20,russell,1,25,14:38:08,22.347,Base Oficial Ergast Motor Racing Database / FIA Timing Sheets
2025,20,russell,2,48,15:10:01,22.47,Base Oficial Ergast Motor Racing Database / FIA Timing Sheets
2025,20,sainz,1,17,14:27:14,22.502,Base Oficial Ergast Motor Racing Database / FIA Timing Sheets
2025,20,sainz,2,46,15:07:34,30.546,Base Oficial Ergast Motor Racing Database / FIA Timing Sheets
2025,20,sainz,3,56,15:21:35,17.969,Base Oficial Ergast Motor Racing Database / FIA Timing Sheets
2025,20,stroll,1,26,14:39:51,22.071,Base Oficial Ergast Motor Racing Database / FIA Timing Sheets
2025,20,stroll,2,43,15:03:36,23.713,Base Oficial Ergast Motor Racing Database / FIA Timing Sheets
2025,20,tsunoda,1,36,14:53:42,31.63,Base Oficial Ergast Motor Racing Database / FIA Timing Sheets
2025,21,albon,1,35,14:50:54,23.061,Base Oficial Ergast Motor Racing Database / FIA Timing Sheets
2025,21,albon,2,55,15:16:08,23.112,Base Oficial Ergast Motor Racing Database / FIA Timing Sheets
2025,21,alonso,1,28,14:42:06,23.942,Base Oficial Ergast Motor Racing Database / FIA Timing Sheets
2025,21,alonso,2,46,15:04:57,23.563,Base Oficial Ergast Motor Racing Database / FIA Timing Sheets
2025,21,antonelli,1,21,14:32:56,23.356,Base Oficial Ergast Motor Racing Database / FIA Timing Sheets
2025,21,antonelli,2,47,15:05:36,23.401,Base Oficial Ergast Motor Racing Database / FIA Timing Sheets
2025,21,bearman,1,17,14:28:03,23.748,Base Oficial Ergast Motor Racing Database / FIA Timing Sheets
2025,21,bearman,2,42,14:59:34,24.654,Base Oficial Ergast Motor Racing Database / FIA Timing Sheets
2025,21,colapinto,1,29,14:43:24,23.71,Base Oficial Ergast Motor Racing Database / FIA Timing Sheets
2025,21,colapinto,2,43,15:01:14,26.124,Base Oficial Ergast Motor Racing Database / FIA Timing Sheets
2025,21,gasly,1,18,14:29:21,23.673,Base Oficial Ergast Motor Racing Database / FIA Timing Sheets
2025,21,gasly,2,39,14:55:57,23.648,Base Oficial Ergast Motor Racing Database / FIA Timing Sheets
2025,21,hadjar,1,18,14:29:18,23.708,Base Oficial Ergast Motor Racing Database / FIA Timing Sheets
2025,21,hadjar,2,37,14:53:26,23.46,Base Oficial Ergast Motor Racing Database / FIA Timing Sheets
2025,21,hamilton,1,2,14:06:43,40.076,Base Oficial Ergast Motor Racing Database / FIA Timing Sheets
2025,21,hamilton,2,14,14:24:23,23.426,Base Oficial Ergast Motor Racing Database / FIA Timing Sheets
2025,21,hamilton,3,32,14:47:24,30.752,Base Oficial Ergast Motor Racing Database / FIA Timing Sheets
2025,21,hulkenberg,1,36,14:52:06,23.086,Base Oficial Ergast Motor Racing Database / FIA Timing Sheets
2025,21,lawson,1,19,14:30:36,22.899,Base Oficial Ergast Motor Racing Database / FIA Timing Sheets
2025,21,max_verstappen,1,7,14:15:08,23.197,Base Oficial Ergast Motor Racing Database / FIA Timing Sheets
2025,21,max_verstappen,2,34,14:49:25,23.058,Base Oficial Ergast Motor Racing Database / FIA Timing Sheets
2025,21,max_verstappen,3,54,15:14:21,23.311,Base Oficial Ergast Motor Racing Database / FIA Timing Sheets
2025,21,norris,1,30,14:44:02,23.49,Base Oficial Ergast Motor Racing Database / FIA Timing Sheets
2025,21,norris,2,50,15:09:11,23.238,Base Oficial Ergast Motor Racing Database / FIA Timing Sheets
2025,21,ocon,1,8,14:16:48,24.204,Base Oficial Ergast Motor Racing Database / FIA Timing Sheets
2025,21,ocon,2,47,15:06:07,24.177,Base Oficial Ergast Motor Racing Database / FIA Timing Sheets
2025,21,piastri,1,38,14:54:12,34.644,Base Oficial Ergast Motor Racing Database / FIA Timing Sheets
2025,21,piastri,2,51,15:10:43,23.113,Base Oficial Ergast Motor Racing Database / FIA Timing Sheets
2025,21,russell,1,34,14:49:18,23.358,Base Oficial Ergast Motor Racing Database / FIA Timing Sheets
2025,21,russell,2,48,15:06:54,23.128,Base Oficial Ergast Motor Racing Database / FIA Timing Sheets
2025,21,sainz,1,17,14:28:07,26.064,Base Oficial Ergast Motor Racing Database / FIA Timing Sheets
2025,21,sainz,2,38,14:54:46,23.234,Base Oficial Ergast Motor Racing Database / FIA Timing Sheets
2025,21,stroll,1,29,14:43:24,23.76,Base Oficial Ergast Motor Racing Database / FIA Timing Sheets
2025,21,stroll,2,54,15:14:59,22.968,Base Oficial Ergast Motor Racing Database / FIA Timing Sheets
2025,21,tsunoda,1,2,14:06:36,22.974,Base Oficial Ergast Motor Racing Database / FIA Timing Sheets
2025,21,tsunoda,2,24,14:37:02,34.185,Base Oficial Ergast Motor Racing Database / FIA Timing Sheets
2025,21,tsunoda,3,47,15:06:20,33.841,Base Oficial Ergast Motor Racing Database / FIA Timing Sheets
2025,22,albon,1,13,20:26:29,23.361,Base Oficial Ergast Motor Racing Database / FIA Timing Sheets
2025,22,albon,2,14,20:28:31,30.065,Base Oficial Ergast Motor Racing Database / FIA Timing Sheets
2025,22,albon,3,34,21:01:22,29.308,Base Oficial Ergast Motor Racing Database / FIA Timing Sheets
2025,22,alonso,1,16,20:31:38,21.068,Base Oficial Ergast Motor Racing Database / FIA Timing Sheets
2025,22,antonelli,1,2,20:07:58,21.968,Base Oficial Ergast Motor Racing Database / FIA Timing Sheets
2025,22,bearman,1,17,20:33:15,21.491,Base Oficial Ergast Motor Racing Database / FIA Timing Sheets
2025,22,bortoleto,1,1,20:06:15,33.23,Base Oficial Ergast Motor Racing Database / FIA Timing Sheets
2025,22,colapinto,1,25,20:46:33,22.842,Base Oficial Ergast Motor Racing Database / FIA Timing Sheets
2025,22,gasly,1,2,20:08:09,23.903,Base Oficial Ergast Motor Racing Database / FIA Timing Sheets
2025,22,hadjar,1,20,20:38:00,21.324,Base Oficial Ergast Motor Racing Database / FIA Timing Sheets
2025,22,hamilton,1,29,20:52:31,21.638,Base Oficial Ergast Motor Racing Database / FIA Timing Sheets
2025,22,hulkenberg,1,30,20:54:06,22.333,Base Oficial Ergast Motor Racing Database / FIA Timing Sheets
2025,22,lawson,1,2,20:08:08,32.736,Base Oficial Ergast Motor Racing Database / FIA Timing Sheets
2025,22,lawson,2,28,20:51:28,21.287,Base Oficial Ergast Motor Racing Database / FIA Timing Sheets
2025,22,leclerc,1,24,20:44:22,21.351,Base Oficial Ergast Motor Racing Database / FIA Timing Sheets
2025,22,max_verstappen,1,25,20:45:37,21.708,Base Oficial Ergast Motor Racing Database / FIA Timing Sheets
2025,22,norris,1,22,20:40:53,21.049,Base Oficial Ergast Motor Racing Database / FIA Timing Sheets
2025,22,ocon,1,27,20:49:26,22.389,Base Oficial Ergast Motor Racing Database / FIA Timing Sheets
2025,22,piastri,1,21,20:39:32,21.371,Base Oficial Ergast Motor Racing Database / FIA Timing Sheets
2025,22,russell,1,17,20:32:52,20.929,Base Oficial Ergast Motor Racing Database / FIA Timing Sheets
2025,22,sainz,1,22,20:41:08,21.164,Base Oficial Ergast Motor Racing Database / FIA Timing Sheets
2025,22,tsunoda,1,1,20:06:03,21.383,Base Oficial Ergast Motor Racing Database / FIA Timing Sheets
2025,22,tsunoda,2,27,20:49:47,20.68,Base Oficial Ergast Motor Racing Database / FIA Timing Sheets
2025,23,albon,1,7,19:14:14,28.89,Base Oficial Ergast Motor Racing Database / FIA Timing Sheets
2025,23,albon,2,32,19:53:12,29.457,Base Oficial Ergast Motor Racing Database / FIA Timing Sheets
2025,23,alonso,1,7,19:14:00,28.288,Base Oficial Ergast Motor Racing Database / FIA Timing Sheets
2025,23,alonso,2,32,19:52:57,28.935,Base Oficial Ergast Motor Racing Database / FIA Timing Sheets
2025,23,antonelli,1,7,19:13:55,32.002,Base Oficial Ergast Motor Racing Database / FIA Timing Sheets
2025,23,antonelli,2,32,19:52:51,28.544,Base Oficial Ergast Motor Racing Database / FIA Timing Sheets
2025,23,bearman,1,7,19:14:09,28.837,Base Oficial Ergast Motor Racing Database / FIA Timing Sheets
2025,23,bearman,2,32,19:53:08,45.232,Base Oficial Ergast Motor Racing Database / FIA Timing Sheets
2025,23,bearman,3,40,20:05:15,37.513,Base Oficial Ergast Motor Racing Database / FIA Timing Sheets
2025,23,bortoleto,1,7,19:14:16,28.471,Base Oficial Ergast Motor Racing Database / FIA Timing Sheets
2025,23,bortoleto,2,32,19:53:16,28.234,Base Oficial Ergast Motor Racing Database / FIA Timing Sheets
2025,23,colapinto,1,7,19:14:17,29.538,Base Oficial Ergast Motor Racing Database / FIA Timing Sheets
2025,23,colapinto,2,32,19:53:17,28.942,Base Oficial Ergast Motor Racing Database / FIA Timing Sheets
2025,23,gasly,1,7,19:14:40,31.343,Base Oficial Ergast Motor Racing Database / FIA Timing Sheets
2025,23,gasly,2,32,19:53:23,30.559,Base Oficial Ergast Motor Racing Database / FIA Timing Sheets
2025,23,hadjar,1,7,19:14:03,28.815,Base Oficial Ergast Motor Racing Database / FIA Timing Sheets
2025,23,hadjar,2,32,19:53:01,27.931,Base Oficial Ergast Motor Racing Database / FIA Timing Sheets
2025,23,hamilton,1,7,19:14:11,32.166,Base Oficial Ergast Motor Racing Database / FIA Timing Sheets
2025,23,hamilton,2,32,19:53:13,28.541,Base Oficial Ergast Motor Racing Database / FIA Timing Sheets
2025,23,lawson,1,7,19:14:11,28.993,Base Oficial Ergast Motor Racing Database / FIA Timing Sheets
2025,23,lawson,2,32,19:53:09,28.078,Base Oficial Ergast Motor Racing Database / FIA Timing Sheets
2025,23,leclerc,1,7,19:14:07,30.395,Base Oficial Ergast Motor Racing Database / FIA Timing Sheets
2025,23,leclerc,2,32,19:53:06,28.999,Base Oficial Ergast Motor Racing Database / FIA Timing Sheets
2025,23,max_verstappen,1,7,19:13:50,29.97,Base Oficial Ergast Motor Racing Database / FIA Timing Sheets
2025,23,max_verstappen,2,32,19:52:29,28.168,Base Oficial Ergast Motor Racing Database / FIA Timing Sheets
2025,23,norris,1,25,19:42:27,27.938,Base Oficial Ergast Motor Racing Database / FIA Timing Sheets
2025,23,norris,2,44,20:09:51,28.243,Base Oficial Ergast Motor Racing Database / FIA Timing Sheets
2025,23,ocon,1,8,19:16:16,34.006,Base Oficial Ergast Motor Racing Database / FIA Timing Sheets
2025,23,ocon,2,9,19:18:56,34.54,Base Oficial Ergast Motor Racing Database / FIA Timing Sheets
2025,23,ocon,3,34,19:56:13,30.469,Base Oficial Ergast Motor Racing Database / FIA Timing Sheets
2025,23,piastri,1,24,19:40:58,29.047,Base Oficial Ergast Motor Racing Database / FIA Timing Sheets
2025,23,piastri,2,42,20:06:54,27.853,Base Oficial Ergast Motor Racing Database / FIA Timing Sheets
2025,23,russell,1,7,19:14:01,33.241,Base Oficial Ergast Motor Racing Database / FIA Timing Sheets
2025,23,russell,2,32,19:53:03,29.077,Base Oficial Ergast Motor Racing Database / FIA Timing Sheets
2025,23,sainz,1,7,19:13:58,28.56,Base Oficial Ergast Motor Racing Database / FIA Timing Sheets
2025,23,sainz,2,32,19:52:47,28.181,Base Oficial Ergast Motor Racing Database / FIA Timing Sheets
2025,23,stroll,1,7,19:14:17,28.124,Base Oficial Ergast Motor Racing Database / FIA Timing Sheets
2025,23,stroll,2,24,19:41:37,28.064,Base Oficial Ergast Motor Racing Database / FIA Timing Sheets
2025,23,stroll,3,49,20:17:51,35.671,Base Oficial Ergast Motor Racing Database / FIA Timing Sheets
2025,23,tsunoda,1,7,19:14:13,29.188,Base Oficial Ergast Motor Racing Database / FIA Timing Sheets
2025,23,tsunoda,2,32,19:53:11,28.33,Base Oficial Ergast Motor Racing Database / FIA Timing Sheets
2025,24,albon,1,8,17:15:41,21.551,Base Oficial Ergast Motor Racing Database / FIA Timing Sheets
2025,24,albon,2,33,17:53:36,21.495,Base Oficial Ergast Motor Racing Database / FIA Timing Sheets
2025,24,alonso,1,16,17:27:35,23.267,Base Oficial Ergast Motor Racing Database / FIA Timing Sheets
2025,24,antonelli,1,32,17:52:04,22.155,Base Oficial Ergast Motor Racing Database / FIA Timing Sheets
2025,24,bearman,1,14,17:24:45,22.263,Base Oficial Ergast Motor Racing Database / FIA Timing Sheets
2025,24,bortoleto,1,15,17:26:07,22.121,Base Oficial Ergast Motor Racing Database / FIA Timing Sheets
2025,24,colapinto,1,15,17:26:25,21.953,Base Oficial Ergast Motor Racing Database / FIA Timing Sheets
2025,24,colapinto,2,40,18:04:20,22.955,Base Oficial Ergast Motor Racing Database / FIA Timing Sheets
2025,24,gasly,1,13,17:23:21,22.585,Base Oficial Ergast Motor Racing Database / FIA Timing Sheets
2025,24,gasly,2,40,18:04:14,22.234,Base Oficial Ergast Motor Racing Database / FIA Timing Sheets
2025,24,hadjar,1,14,17:24:41,21.932,Base Oficial Ergast Motor Racing Database / FIA Timing Sheets
2025,24,hamilton,1,8,17:15:40,21.601,Base Oficial Ergast Motor Racing Database / FIA Timing Sheets
2025,24,hamilton,2,31,17:50:26,21.417,Base Oficial Ergast Motor Racing Database / FIA Timing Sheets
2025,24,hulkenberg,1,7,17:14:13,21.619,Base Oficial Ergast Motor Racing Database / FIA Timing Sheets
2025,24,hulkenberg,2,42,18:07:04,21.468,Base Oficial Ergast Motor Racing Database / FIA Timing Sheets
2025,24,lawson,1,21,17:35:27,28.369,Base Oficial Ergast Motor Racing Database / FIA Timing Sheets
2025,24,leclerc,1,16,17:27:30,21.692,Base Oficial Ergast Motor Racing Database / FIA Timing Sheets
2025,24,leclerc,2,39,18:01:53,20.902,Base Oficial Ergast Motor Racing Database / FIA Timing Sheets
2025,24,max_verstappen,1,23,17:37:49,21.703,Base Oficial Ergast Motor Racing Database / FIA Timing Sheets
2025,24,norris,1,16,17:27:28,21.323,Base Oficial Ergast Motor Racing Database / FIA Timing Sheets
2025,24,norris,2,40,18:03:15,21.407,Base Oficial Ergast Motor Racing Database / FIA Timing Sheets
2025,24,ocon,1,19,17:32:16,22.254,Base Oficial Ergast Motor Racing Database / FIA Timing Sheets
2025,24,piastri,1,41,18:04:39,21.565,Base Oficial Ergast Motor Racing Database / FIA Timing Sheets
2025,24,russell,1,14,17:24:34,21.979,Base Oficial Ergast Motor Racing Database / FIA Timing Sheets
2025,24,sainz,1,18,17:30:51,21.799,Base Oficial Ergast Motor Racing Database / FIA Timing Sheets
2025,24,stroll,1,42,18:06:56,21.535,Base Oficial Ergast Motor Racing Database / FIA Timing Sheets
2025,24,tsunoda,1,32,17:51:52,27.041,Base Oficial Ergast Motor Racing Database / FIA Timing Sheets
