temporada,ronda,id_piloto,nombre_piloto,constructor,posicion,q1,q2,q3,fuente
2018,1,hamilton,Lewis Hamilton,Mercedes,1,1:22.824,1:22.051,1:21.164,Base Oficial Ergast Motor Racing Database / FIA Qualifying Classification
2018,1,raikkonen,Kimi Raikkonen,Ferrari,2,1:23.096,1:22.507,1:21.828,Base Oficial Ergast Motor Racing Database / FIA Qualifying Classification
2018,1,vettel,Sebastian Vettel,Ferrari,3,1:23.348,1:21.944,1:21.838,Base Oficial Ergast Motor Racing Database / FIA Qualifying Classification
2018,1,max_verstappen,Max Verstappen,Red Bull,4,1:23.483,1:22.416,1:21.879,Base Oficial Ergast Motor Racing Database / FIA Qualifying Classification
2018,1,ricciardo,Daniel Ricciardo,Red Bull,5,1:23.494,1:22.897,1:22.152,Base Oficial Ergast Motor Racing Database / FIA Qualifying Classification
2018,1,kevin_magnussen,Kevin Magnussen,Haas F1 Team,6,1:23.909,1:23.300,1:23.187,Base Oficial Ergast Motor Racing Database / FIA Qualifying Classification
2018,1,grosjean,Romain Grosjean,Haas F1 Team,7,1:23.671,1:23.468,1:23.339,Base Oficial Ergast Motor Racing Database / FIA Qualifying Classification
2018,1,hulkenberg,Nico Hulkenberg,Renault,8,1:23.782,1:23.544,1:23.532,Base Oficial Ergast Motor Racing Database / FIA Qualifying Classification
2018,1,sainz,Carlos Sainz,Renault,9,1:23.529,1:23.061,1:23.577,Base Oficial Ergast Motor Racing Database / FIA Qualifying Classification
2018,1,bottas,Valtteri Bottas,Mercedes,10,1:23.686,1:22.089,,Base Oficial Ergast Motor Racing Database / FIA Qualifying Classification
2018,1,alonso,Fernando Alonso,McLaren,11,1:23.597,1:23.692,,Base Oficial Ergast Motor Racing Database / FIA Qualifying Classification
2018,1,vandoorne,Stoffel Vandoorne,McLaren,12,1:24.073,1:23.853,,Base Oficial Ergast Motor Racing Database / FIA Qualifying Classification
2018,1,perez,Sergio Perez,Force India,13,1:24.344,1:24.005,,Base Oficial Ergast Motor Racing Database / FIA Qualifying Classification
2018,1,stroll,Lance Stroll,Williams,14,1:24.464,1:24.230,,Base Oficial Ergast Motor Racing Database / FIA Qualifying Classification
2018,1,ocon,Esteban Ocon,Force India,15,1:24.503,1:24.786,,Base Oficial Ergast Motor Racing Database / FIA Qualifying Classification
2018,1,brendon_hartley,Brendon Hartley,Toro Rosso,16,1:24.532,,,Base Oficial Ergast Motor Racing Database / FIA Qualifying Classification
2018,1,ericsson,Marcus Ericsson,Sauber,17,1:24.556,,,Base Oficial Ergast Motor Racing Database / FIA Qualifying Classification
2018,1,leclerc,Charles Leclerc,Sauber,18,1:24.636,,,Base Oficial Ergast Motor Racing Database / FIA Qualifying Classification
2018,1,sirotkin,Sergey Sirotkin,Williams,19,1:24.922,,,Base Oficial Ergast Motor Racing Database / FIA Qualifying Classification
2018,1,gasly,Pierre Gasly,Toro Rosso,20,1:25.295,,,Base Oficial Ergast Motor Racing Database / FIA Qualifying Classification
2018,2,vettel,Sebastian Vettel,Ferrari,1,1:29.060,1:28.341,1:27.958,Base Oficial Ergast Motor Racing Database / FIA Qualifying Classification
2018,2,raikkonen,Kimi Raikkonen,Ferrari,2,1:28.951,1:28.515,1:28.101,Base Oficial Ergast Motor Racing Database / FIA Qualifying Classification
2018,2,bottas,Valtteri Bottas,Mercedes,3,1:29.275,1:28.794,1:28.124,Base Oficial Ergast Motor Racing Database / FIA Qualifying Classification
2018,2,hamilton,Lewis Hamilton,Mercedes,4,1:29.396,1:28.458,1:28.220,Base Oficial Ergast Motor Racing Database / FIA Qualifying Classification
2018,2,ricciardo,Daniel Ricciardo,Red Bull,5,1:29.552,1:28.962,1:28.398,Base Oficial Ergast Motor Racing Database / FIA Qualifying Classification
2018,2,gasly,Pierre Gasly,Toro Rosso,6,1:30.121,1:29.836,1:29.329,Base Oficial Ergast Motor Racing Database / FIA Qualifying Classification
2018,2,kevin_magnussen,Kevin Magnussen,Haas F1 Team,7,1:29.594,1:29.623,1:29.358,Base Oficial Ergast Motor Racing Database / FIA Qualifying Classification
2018,2,hulkenberg,Nico Hulkenberg,Renault,8,1:30.260,1:29.187,1:29.570,Base Oficial Ergast Motor Racing Database / FIA Qualifying Classification
2018,2,ocon,Esteban Ocon,Force India,9,1:30.338,1:30.009,1:29.874,Base Oficial Ergast Motor Racing Database / FIA Qualifying Classification
2018,2,sainz,Carlos Sainz,Renault,10,1:29.893,1:29.802,1:29.986,Base Oficial Ergast Motor Racing Database / FIA Qualifying Classification
2018,2,brendon_hartley,Brendon Hartley,Toro Rosso,11,1:30.412,1:30.105,,Base Oficial Ergast Motor Racing Database / FIA Qualifying Classification
2018,2,perez,Sergio Perez,Force India,12,1:30.218,1:30.156,,Base Oficial Ergast Motor Racing Database / FIA Qualifying Classification
2018,2,alonso,Fernando Alonso,McLaren,13,1:30.530,1:30.212,,Base Oficial Ergast Motor Racing Database / FIA Qualifying Classification
2018,2,vandoorne,Stoffel Vandoorne,McLaren,14,1:30.479,1:30.525,,Base Oficial Ergast Motor Racing Database / FIA Qualifying Classification
2018,2,max_verstappen,Max Verstappen,Red Bull,15,1:29.374,,,Base Oficial Ergast Motor Racing Database / FIA Qualifying Classification
2018,2,grosjean,Romain Grosjean,Haas F1 Team,16,1:30.530,,,Base Oficial Ergast Motor Racing Database / FIA Qualifying Classification
2018,2,ericsson,Marcus Ericsson,Sauber,17,1:31.063,,,Base Oficial Ergast Motor Racing Database / FIA Qualifying Classification
2018,2,sirotkin,Sergey Sirotkin,Williams,18,1:31.414,,,Base Oficial Ergast Motor Racing Database / FIA Qualifying Classification
2018,2,leclerc,Charles Leclerc,Sauber,19,1:31.420,,,Base Oficial Ergast Motor Racing Database / FIA Qualifying Classification
2018,2,stroll,Lance Stroll,Williams,20,1:31.503,,,Base Oficial Ergast Motor Racing Database / FIA Qualifying Classification
2018,3,vettel,Sebastian Vettel,Ferrari,1,1:32.171,1:32.385,1:31.095,Base Oficial Ergast Motor Racing Database / FIA Qualifying Classification
2018,3,raikkonen,Kimi Raikkonen,Ferrari,2,1:32.474,1:32.286,1:31.182,Base Oficial Ergast Motor Racing Database / FIA Qualifying Classification
2018,3,bottas,Valtteri Bottas,Mercedes,3,1:32.921,1:32.063,1:31.625,Base Oficial Ergast Motor Racing Database / FIA Qualifying Classification
2018,3,hamilton,Lewis Hamilton,Mercedes,4,1:33.283,1:31.914,1:31.675,Base Oficial Ergast Motor Racing Database / FIA Qualifying Classification
2018,3,max_verstappen,Max Verstappen,Red Bull,5,1:32.932,1:32.809,1:31.796,Base Oficial Ergast Motor Racing Database / FIA Qualifying Classification
2018,3,ricciardo,Daniel Ricciardo,Red Bull,6,1:33.877,1:32.688,1:31.948,Base Oficial Ergast Motor Racing Database / FIA Qualifying Classification
2018,3,hulkenberg,Nico Hulkenberg,Renault,7,1:33.545,1:32.494,1:32.532,Base Oficial Ergast Motor Racing Database / FIA Qualifying Classification
2018,3,perez,Sergio Perez,Force India,8,1:33.464,1:32.931,1:32.758,Base Oficial Ergast Motor Racing Database / FIA Qualifying Classification
2018,3,sainz,Carlos Sainz,Renault,9,1:33.315,1:32.970,1:32.819,Base Oficial Ergast Motor Racing Database / FIA Qualifying Classification
2018,3,grosjean,Romain Grosjean,Haas F1 Team,10,1:33.238,1:32.524,1:32.855,Base Oficial Ergast Motor Racing Database / FIA Qualifying Classification
2018,3,kevin_magnussen,Kevin Magnussen,Haas F1 Team,11,1:33.359,1:32.986,,Base Oficial Ergast Motor Racing Database / FIA Qualifying Classification
2018,3,ocon,Esteban Ocon,Force India,12,1:33.585,1:33.057,,Base Oficial Ergast Motor Racing Database / FIA Qualifying Classification
2018,3,alonso,Fernando Alonso,McLaren,13,1:33.428,1:33.232,,Base Oficial Ergast Motor Racing Database / FIA Qualifying Classification
2018,3,vandoorne,Stoffel Vandoorne,McLaren,14,1:33.824,1:33.505,,Base Oficial Ergast Motor Racing Database / FIA Qualifying Classification
2018,3,brendon_hartley,Brendon Hartley,Toro Rosso,15,1:34.013,1:33.795,,Base Oficial Ergast Motor Racing Database / FIA Qualifying Classification
2018,3,sirotkin,Sergey Sirotkin,Williams,16,1:34.062,,,Base Oficial Ergast Motor Racing Database / FIA Qualifying Classification
2018,3,gasly,Pierre Gasly,Toro Rosso,17,1:34.101,,,Base Oficial Ergast Motor Racing Database / FIA Qualifying Classification
2018,3,stroll,Lance Stroll,Williams,18,1:34.285,,,Base Oficial Ergast Motor Racing Database / FIA Qualifying Classification
2018,3,leclerc,Charles Leclerc,Sauber,19,1:34.454,,,Base Oficial Ergast Motor Racing Database / FIA Qualifying Classification
2018,3,ericsson,Marcus Ericsson,Sauber,20,1:34.914,,,Base Oficial Ergast Motor Racing Database / FIA Qualifying Classification
2018,4,vettel,Sebastian Vettel,Ferrari,1,1:42.762,1:43.015,1:41.498,Base Oficial Ergast Motor Racing Database / FIA Qualifying Classification
2018,4,hamilton,Lewis Hamilton,Mercedes,2,1:42.693,1:42.676,1:41.677,Base Oficial Ergast Motor Racing Database / FIA Qualifying Classification
2018,4,bottas,Valtteri Bottas,Mercedes,3,1:43.355,1:42.679,1:41.837,Base Oficial Ergast Motor Racing Database / FIA Qualifying Classification
2018,4,ricciardo,Daniel Ricciardo,Red Bull,4,1:42.857,1:43.482,1:41.911,Base Oficial Ergast Motor Racing Database / FIA Qualifying Classification
2018,4,max_verstappen,Max Verstappen,Red Bull,5,1:42.642,1:42.901,1:41.994,Base Oficial Ergast Motor Racing Database / FIA Qualifying Classification
2018,4,raikkonen,Kimi Raikkonen,Ferrari,6,1:42.538,1:42.510,1:42.490,Base Oficial Ergast Motor Racing Database / FIA Qualifying Classification
2018,4,ocon,Esteban Ocon,Force India,7,1:43.021,1:42.967,1:42.523,Base Oficial Ergast Motor Racing Database / FIA Qualifying Classification
2018,4,perez,Sergio Perez,Force India,8,1:43.992,1:43.366,1:42.547,Base Oficial Ergast Motor Racing Database / FIA Qualifying Classification
2018,4,hulkenberg,Nico Hulkenberg,Renault,9,1:43.746,1:43.232,1:43.066,Base Oficial Ergast Motor Racing Database / FIA Qualifying Classification
2018,4,sainz,Carlos Sainz,Renault,10,1:43.426,1:43.464,1:43.351,Base Oficial Ergast Motor Racing Database / FIA Qualifying Classification
2018,4,stroll,Lance Stroll,Williams,11,1:44.359,1:43.585,,Base Oficial Ergast Motor Racing Database / FIA Qualifying Classification
2018,4,sirotkin,Sergey Sirotkin,Williams,12,1:44.261,1:43.886,,Base Oficial Ergast Motor Racing Database / FIA Qualifying Classification
2018,4,alonso,Fernando Alonso,McLaren,13,1:44.010,1:44.019,,Base Oficial Ergast Motor Racing Database / FIA Qualifying Classification
2018,4,leclerc,Charles Leclerc,Sauber,14,1:43.752,1:44.074,,Base Oficial Ergast Motor Racing Database / FIA Qualifying Classification
2018,4,kevin_magnussen,Kevin Magnussen,Haas F1 Team,15,1:43.674,1:44.759,,Base Oficial Ergast Motor Racing Database / FIA Qualifying Classification
2018,4,vandoorne,Stoffel Vandoorne,McLaren,16,1:44.489,,,Base Oficial Ergast Motor Racing Database / FIA Qualifying Classification
2018,4,gasly,Pierre Gasly,Toro Rosso,17,1:44.496,,,Base Oficial Ergast Motor Racing Database / FIA Qualifying Classification
2018,4,ericsson,Marcus Ericsson,Sauber,18,1:45.541,,,Base Oficial Ergast Motor Racing Database / FIA Qualifying Classification
2018,4,brendon_hartley,Brendon Hartley,Toro Rosso,19,1:57.354,,,Base Oficial Ergast Motor Racing Database / FIA Qualifying Classification
2018,4,grosjean,Romain Grosjean,Haas F1 Team,20,,,,Base Oficial Ergast Motor Racing Database / FIA Qualifying Classification
2018,5,hamilton,Lewis Hamilton,Mercedes,1,1:17.633,1:17.166,1:16.173,Base Oficial Ergast Motor Racing Database / FIA Qualifying Classification
2018,5,bottas,Valtteri Bottas,Mercedes,2,1:17.674,1:17.111,1:16.213,Base Oficial Ergast Motor Racing Database / FIA Qualifying Classification
2018,5,vettel,Sebastian Vettel,Ferrari,3,1:17.031,1:16.802,1:16.305,Base Oficial Ergast Motor Racing Database / FIA Qualifying Classification
2018,5,raikkonen,Kimi Raikkonen,Ferrari,4,1:17.483,1:17.071,1:16.612,Base Oficial Ergast Motor Racing Database / FIA Qualifying Classification
2018,5,max_verstappen,Max Verstappen,Red Bull,5,1:17.411,1:17.266,1:16.816,Base Oficial Ergast Motor Racing Database / FIA Qualifying Classification
2018,5,ricciardo,Daniel Ricciardo,Red Bull,6,1:17.623,1:17.638,1:16.818,Base Oficial Ergast Motor Racing Database / FIA Qualifying Classification
2018,5,kevin_magnussen,Kevin Magnussen,Haas F1 Team,7,1:18.169,1:17.618,1:17.676,Base Oficial Ergast Motor Racing Database / FIA Qualifying Classification
2018,5,alonso,Fernando Alonso,McLaren,8,1:18.276,1:18.100,1:17.721,Base Oficial Ergast Motor Racing Database / FIA Qualifying Classification
2018,5,sainz,Carlos Sainz,Renault,9,1:18.480,1:17.803,1:17.790,Base Oficial Ergast Motor Racing Database / FIA Qualifying Classification
2018,5,grosjean,Romain Grosjean,Haas F1 Team,10,1:18.305,1:17.699,1:17.835,Base Oficial Ergast Motor Racing Database / FIA Qualifying Classification
2018,5,vandoorne,Stoffel Vandoorne,McLaren,11,1:18.885,1:18.323,,Base Oficial Ergast Motor Racing Database / FIA Qualifying Classification
2018,5,gasly,Pierre Gasly,Toro Rosso,12,1:18.550,1:18.463,,Base Oficial Ergast Motor Racing Database / FIA Qualifying Classification
2018,5,ocon,Esteban Ocon,Force India,13,1:18.813,1:18.696,,Base Oficial Ergast Motor Racing Database / FIA Qualifying Classification
2018,5,leclerc,Charles Leclerc,Sauber,14,1:18.661,1:18.910,,Base Oficial Ergast Motor Racing Database / FIA Qualifying Classification
2018,5,perez,Sergio Perez,Force India,15,1:18.740,1:19.098,,Base Oficial Ergast Motor Racing Database / FIA Qualifying Classification
2018,5,hulkenberg,Nico Hulkenberg,Renault,16,1:18.923,,,Base Oficial Ergast Motor Racing Database / FIA Qualifying Classification
2018,5,ericsson,Marcus Ericsson,Sauber,17,1:19.493,,,Base Oficial Ergast Motor Racing Database / FIA Qualifying Classification
2018,5,sirotkin,Sergey Sirotkin,Williams,18,1:19.695,,,Base Oficial Ergast Motor Racing Database / FIA Qualifying Classification
2018,5,stroll,Lance Stroll,Williams,19,1:20.225,,,Base Oficial Ergast Motor Racing Database / FIA Qualifying Classification
2018,5,brendon_hartley,Brendon Hartley,Toro Rosso,20,,,,Base Oficial Ergast Motor Racing Database / FIA Qualifying Classification
2018,6,ricciardo,Daniel Ricciardo,Red Bull,1,1:12.013,1:11.278,1:10.810,Base Oficial Ergast Motor Racing Database / FIA Qualifying Classification
2018,6,vettel,Sebastian Vettel,Ferrari,2,1:12.415,1:11.518,1:11.039,Base Oficial Ergast Motor Racing Database / FIA Qualifying Classification
2018,6,hamilton,Lewis Hamilton,Mercedes,3,1:12.460,1:11.584,1:11.232,Base Oficial Ergast Motor Racing Database / FIA Qualifying Classification
2018,6,raikkonen,Kimi Raikkonen,Ferrari,4,1:12.639,1:11.391,1:11.266,Base Oficial Ergast Motor Racing Database / FIA Qualifying Classification
2018,6,bottas,Valtteri Bottas,Mercedes,5,1:12.434,1:12.002,1:11.441,Base Oficial Ergast Motor Racing Database / FIA Qualifying Classification
2018,6,ocon,Esteban Ocon,Force India,6,1:13.028,1:12.188,1:12.061,Base Oficial Ergast Motor Racing Database / FIA Qualifying Classification
2018,6,alonso,Fernando Alonso,McLaren,7,1:12.657,1:12.269,1:12.110,Base Oficial Ergast Motor Racing Database / FIA Qualifying Classification
2018,6,sainz,Carlos Sainz,Renault,8,1:12.950,1:12.286,1:12.130,Base Oficial Ergast Motor Racing Database / FIA Qualifying Classification
2018,6,perez,Sergio Perez,Force India,9,1:12.848,1:12.194,1:12.154,Base Oficial Ergast Motor Racing Database / FIA Qualifying Classification
2018,6,gasly,Pierre Gasly,Toro Rosso,10,1:12.941,1:12.313,1:12.221,Base Oficial Ergast Motor Racing Database / FIA Qualifying Classification
2018,6,hulkenberg,Nico Hulkenberg,Renault,11,1:13.065,1:12.411,,Base Oficial Ergast Motor Racing Database / FIA Qualifying Classification
2018,6,vandoorne,Stoffel Vandoorne,McLaren,12,1:12.463,1:12.440,,Base Oficial Ergast Motor Racing Database / FIA Qualifying Classification
2018,6,sirotkin,Sergey Sirotkin,Williams,13,1:12.706,1:12.521,,Base Oficial Ergast Motor Racing Database / FIA Qualifying Classification
2018,6,leclerc,Charles Leclerc,Sauber,14,1:12.829,1:12.714,,Base Oficial Ergast Motor Racing Database / FIA Qualifying Classification
2018,6,grosjean,Romain Grosjean,Haas F1 Team,15,1:12.930,1:12.728,,Base Oficial Ergast Motor Racing Database / FIA Qualifying Classification
2018,6,brendon_hartley,Brendon Hartley,Toro Rosso,16,1:13.179,,,Base Oficial Ergast Motor Racing Database / FIA Qualifying Classification
2018,6,ericsson,Marcus Ericsson,Sauber,17,1:13.265,,,Base Oficial Ergast Motor Racing Database / FIA Qualifying Classification
2018,6,stroll,Lance Stroll,Williams,18,1:13.323,,,Base Oficial Ergast Motor Racing Database / FIA Qualifying Classification
2018,6,kevin_magnussen,Kevin Magnussen,Haas F1 Team,19,1:13.393,,,Base Oficial Ergast Motor Racing Database / FIA Qualifying Classification
2018,6,max_verstappen,Max Verstappen,Red Bull,20,,,,Base Oficial Ergast Motor Racing Database / FIA Qualifying Classification
2018,7,vettel,Sebastian Vettel,Ferrari,1,1:11.710,1:11.524,1:10.764,Base Oficial Ergast Motor Racing Database / FIA Qualifying Classification
2018,7,bottas,Valtteri Bottas,Mercedes,2,1:11.950,1:11.514,1:10.857,Base Oficial Ergast Motor Racing Database / FIA Qualifying Classification
2018,7,max_verstappen,Max Verstappen,Red Bull,3,1:12.008,1:11.472,1:10.937,Base Oficial Ergast Motor Racing Database / FIA Qualifying Classification
2018,7,hamilton,Lewis Hamilton,Mercedes,4,1:11.835,1:11.740,1:10.996,Base Oficial Ergast Motor Racing Database / FIA Qualifying Classification
2018,7,raikkonen,Kimi Raikkonen,Ferrari,5,1:11.725,1:11.620,1:11.095,Base Oficial Ergast Motor Racing Database / FIA Qualifying Classification
2018,7,ricciardo,Daniel Ricciardo,Red Bull,6,1:12.459,1:11.434,1:11.116,Base Oficial Ergast Motor Racing Database / FIA Qualifying Classification
2018,7,hulkenberg,Nico Hulkenberg,Renault,7,1:12.795,1:11.916,1:11.973,Base Oficial Ergast Motor Racing Database / FIA Qualifying Classification
2018,7,ocon,Esteban Ocon,Force India,8,1:12.577,1:12.141,1:12.084,Base Oficial Ergast Motor Racing Database / FIA Qualifying Classification
2018,7,sainz,Carlos Sainz,Renault,9,1:12.689,1:12.097,1:12.168,Base Oficial Ergast Motor Racing Database / FIA Qualifying Classification
2018,7,perez,Sergio Perez,Force India,10,1:12.702,1:12.395,1:12.671,Base Oficial Ergast Motor Racing Database / FIA Qualifying Classification
2018,7,kevin_magnussen,Kevin Magnussen,Haas F1 Team,11,1:12.680,1:12.606,,Base Oficial Ergast Motor Racing Database / FIA Qualifying Classification
2018,7,brendon_hartley,Brendon Hartley,Toro Rosso,12,1:12.587,1:12.635,,Base Oficial Ergast Motor Racing Database / FIA Qualifying Classification
2018,7,leclerc,Charles Leclerc,Sauber,13,1:12.945,1:12.661,,Base Oficial Ergast Motor Racing Database / FIA Qualifying Classification
2018,7,alonso,Fernando Alonso,McLaren,14,1:12.979,1:12.856,,Base Oficial Ergast Motor Racing Database / FIA Qualifying Classification
2018,7,vandoorne,Stoffel Vandoorne,McLaren,15,1:12.998,1:12.865,,Base Oficial Ergast Motor Racing Database / FIA Qualifying Classification
2018,7,gasly,Pierre Gasly,Toro Rosso,16,1:13.047,,,Base Oficial Ergast Motor Racing Database / FIA Qualifying Classification
2018,7,stroll,Lance Stroll,Williams,17,1:13.590,,,Base Oficial Ergast Motor Racing Database / FIA Qualifying Classification
2018,7,sirotkin,Sergey Sirotkin,Williams,18,1:13.643,,,Base Oficial Ergast Motor Racing Database / FIA Qualifying Classification
2018,7,ericsson,Marcus Ericsson,Sauber,19,1:14.593,,,Base Oficial Ergast Motor Racing Database / FIA Qualifying Classification
2018,7,grosjean,Romain Grosjean,Haas F1 Team,20,,,,Base Oficial Ergast Motor Racing Database / FIA Qualifying Classification
2018,8,hamilton,Lewis Hamilton,Mercedes,1,1:31.271,1:30.645,1:30.029,Base Oficial Ergast Motor Racing Database / FIA Qualifying Classification
2018,8,bottas,Valtteri Bottas,Mercedes,2,1:31.776,1:31.227,1:30.147,Base Oficial Ergast Motor Racing Database / FIA Qualifying Classification
2018,8,vettel,Sebastian Vettel,Ferrari,3,1:31.820,1:30.751,1:30.400,Base Oficial Ergast Motor Racing Database / FIA Qualifying Classification
2018,8,max_verstappen,Max Verstappen,Red Bull,4,1:31.531,1:30.818,1:30.705,Base Oficial Ergast Motor Racing Database / FIA Qualifying Classification
2018,8,ricciardo,Daniel Ricciardo,Red Bull,5,1:31.910,1:31.538,1:30.895,Base Oficial Ergast Motor Racing Database / FIA Qualifying Classification
2018,8,raikkonen,Kimi Raikkonen,Ferrari,6,1:31.567,1:30.772,1:31.057,Base Oficial Ergast Motor Racing Database / FIA Qualifying Classification
2018,8,sainz,Carlos Sainz,Renault,7,1:32.394,1:32.016,1:32.126,Base Oficial Ergast Motor Racing Database / FIA Qualifying Classification
2018,8,leclerc,Charles Leclerc,Sauber,8,1:32.538,1:32.055,1:32.635,Base Oficial Ergast Motor Racing Database / FIA Qualifying Classification
2018,8,kevin_magnussen,Kevin Magnussen,Haas F1 Team,9,1:32.169,1:31.510,1:32.930,Base Oficial Ergast Motor Racing Database / FIA Qualifying Classification
2018,8,grosjean,Romain Grosjean,Haas F1 Team,10,1:32.083,1:31.472,,Base Oficial Ergast Motor Racing Database / FIA Qualifying Classification
2018,8,ocon,Esteban Ocon,Force India,11,1:32.786,1:32.075,,Base Oficial Ergast Motor Racing Database / FIA Qualifying Classification
2018,8,hulkenberg,Nico Hulkenberg,Renault,12,1:32.949,1:32.115,,Base Oficial Ergast Motor Racing Database / FIA Qualifying Classification
2018,8,perez,Sergio Perez,Force India,13,1:32.692,1:32.454,,Base Oficial Ergast Motor Racing Database / FIA Qualifying Classification
2018,8,gasly,Pierre Gasly,Toro Rosso,14,1:32.447,1:32.460,,Base Oficial Ergast Motor Racing Database / FIA Qualifying Classification
2018,8,ericsson,Marcus Ericsson,Sauber,15,1:32.804,1:32.820,,Base Oficial Ergast Motor Racing Database / FIA Qualifying Classification
2018,8,alonso,Fernando Alonso,McLaren,16,1:32.976,,,Base Oficial Ergast Motor Racing Database / FIA Qualifying Classification
2018,8,brendon_hartley,Brendon Hartley,Toro Rosso,17,1:33.025,,,Base Oficial Ergast Motor Racing Database / FIA Qualifying Classification
2018,8,vandoorne,Stoffel Vandoorne,McLaren,18,1:33.162,,,Base Oficial Ergast Motor Racing Database / FIA Qualifying Classification
2018,8,sirotkin,Sergey Sirotkin,Williams,19,1:33.636,,,Base Oficial Ergast Motor Racing Database / FIA Qualifying Classification
2018,8,stroll,Lance Stroll,Williams,20,1:33.729,,,Base Oficial Ergast Motor Racing Database / FIA Qualifying Classification
2018,9,bottas,Valtteri Bottas,Mercedes,1,1:04.175,1:03.756,1:03.130,Base Oficial Ergast Motor Racing Database / FIA Qualifying Classification
2018,9,hamilton,Lewis Hamilton,Mercedes,2,1:04.080,1:03.577,1:03.149,Base Oficial Ergast Motor Racing Database / FIA Qualifying Classification
2018,9,vettel,Sebastian Vettel,Ferrari,3,1:04.347,1:03.544,1:03.464,Base Oficial Ergast Motor Racing Database / FIA Qualifying Classification
2018,9,raikkonen,Kimi Raikkonen,Ferrari,4,1:04.234,1:03.975,1:03.660,Base Oficial Ergast Motor Racing Database / FIA Qualifying Classification
2018,9,max_verstappen,Max Verstappen,Red Bull,5,1:04.273,1:04.001,1:03.840,Base Oficial Ergast Motor Racing Database / FIA Qualifying Classification
2018,9,grosjean,Romain Grosjean,Haas F1 Team,6,1:04.242,1:04.059,1:03.892,Base Oficial Ergast Motor Racing Database / FIA Qualifying Classification
2018,9,ricciardo,Daniel Ricciardo,Red Bull,7,1:04.723,1:04.403,1:03.996,Base Oficial Ergast Motor Racing Database / FIA Qualifying Classification
2018,9,kevin_magnussen,Kevin Magnussen,Haas F1 Team,8,1:04.460,1:04.291,1:04.051,Base Oficial Ergast Motor Racing Database / FIA Qualifying Classification
2018,9,sainz,Carlos Sainz,Renault,9,1:04.948,1:04.561,1:04.725,Base Oficial Ergast Motor Racing Database / FIA Qualifying Classification
2018,9,hulkenberg,Nico Hulkenberg,Renault,10,1:04.864,1:04.676,1:05.019,Base Oficial Ergast Motor Racing Database / FIA Qualifying Classification
2018,9,ocon,Esteban Ocon,Force India,11,1:05.148,1:04.845,,Base Oficial Ergast Motor Racing Database / FIA Qualifying Classification
2018,9,gasly,Pierre Gasly,Toro Rosso,12,1:05.011,1:04.874,,Base Oficial Ergast Motor Racing Database / FIA Qualifying Classification
2018,9,leclerc,Charles Leclerc,Sauber,13,1:04.967,1:04.979,,Base Oficial Ergast Motor Racing Database / FIA Qualifying Classification
2018,9,alonso,Fernando Alonso,McLaren,14,1:04.965,1:05.058,,Base Oficial Ergast Motor Racing Database / FIA Qualifying Classification
2018,9,stroll,Lance Stroll,Williams,15,1:05.264,1:05.286,,Base Oficial Ergast Motor Racing Database / FIA Qualifying Classification
2018,9,vandoorne,Stoffel Vandoorne,McLaren,16,1:05.271,,,Base Oficial Ergast Motor Racing Database / FIA Qualifying Classification
2018,9,perez,Sergio Perez,Force India,17,1:05.279,,,Base Oficial Ergast Motor Racing Database / FIA Qualifying Classification
2018,9,sirotkin,Sergey Sirotkin,Williams,18,1:05.322,,,Base Oficial Ergast Motor Racing Database / FIA Qualifying Classification
2018,9,brendon_hartley,Brendon Hartley,Toro Rosso,19,1:05.366,,,Base Oficial Ergast Motor Racing Database / FIA Qualifying Classification
2018,9,ericsson,Marcus Ericsson,Sauber,20,1:05.479,,,Base Oficial Ergast Motor Racing Database / FIA Qualifying Classification
2018,10,hamilton,Lewis Hamilton,Mercedes,1,1:26.818,1:26.256,1:25.892,Base Oficial Ergast Motor Racing Database / FIA Qualifying Classification
2018,10,vettel,Sebastian Vettel,Ferrari,2,1:26.585,1:26.372,1:25.936,Base Oficial Ergast Motor Racing Database / FIA Qualifying Classification
2018,10,raikkonen,Kimi Raikkonen,Ferrari,3,1:27.549,1:26.483,1:25.990,Base Oficial Ergast Motor Racing Database / FIA Qualifying Classification
2018,10,bottas,Valtteri Bottas,Mercedes,4,1:27.025,1:26.413,1:26.217,Base Oficial Ergast Motor Racing Database / FIA Qualifying Classification
2018,10,max_verstappen,Max Verstappen,Red Bull,5,1:27.309,1:27.013,1:26.602,Base Oficial Ergast Motor Racing Database / FIA Qualifying Classification
2018,10,ricciardo,Daniel Ricciardo,Red Bull,6,1:27.979,1:27.369,1:27.099,Base Oficial Ergast Motor Racing Database / FIA Qualifying Classification
2018,10,kevin_magnussen,Kevin Magnussen,Haas F1 Team,7,1:28.143,1:27.730,1:27.244,Base Oficial Ergast Motor Racing Database / FIA Qualifying Classification
2018,10,grosjean,Romain Grosjean,Haas F1 Team,8,1:28.086,1:27.522,1:27.455,Base Oficial Ergast Motor Racing Database / FIA Qualifying Classification
2018,10,leclerc,Charles Leclerc,Sauber,9,1:27.962,1:27.790,1:27.879,Base Oficial Ergast Motor Racing Database / FIA Qualifying Classification
2018,10,ocon,Esteban Ocon,Force India,10,1:28.279,1:27.843,1:28.194,Base Oficial Ergast Motor Racing Database / FIA Qualifying Classification
2018,10,hulkenberg,Nico Hulkenberg,Renault,11,1:28.017,1:27.901,,Base Oficial Ergast Motor Racing Database / FIA Qualifying Classification
2018,10,perez,Sergio Perez,Force India,12,1:28.210,1:27.928,,Base Oficial Ergast Motor Racing Database / FIA Qualifying Classification
2018,10,alonso,Fernando Alonso,McLaren,13,1:28.187,1:28.139,,Base Oficial Ergast Motor Racing Database / FIA Qualifying Classification
2018,10,gasly,Pierre Gasly,Toro Rosso,14,1:28.399,1:28.343,,Base Oficial Ergast Motor Racing Database / FIA Qualifying Classification
2018,10,ericsson,Marcus Ericsson,Sauber,15,1:28.249,1:28.391,,Base Oficial Ergast Motor Racing Database / FIA Qualifying Classification
2018,10,sainz,Carlos Sainz,Renault,16,1:28.456,,,Base Oficial Ergast Motor Racing Database / FIA Qualifying Classification
2018,10,vandoorne,Stoffel Vandoorne,McLaren,17,1:29.096,,,Base Oficial Ergast Motor Racing Database / FIA Qualifying Classification
2018,10,sirotkin,Sergey Sirotkin,Williams,18,1:29.252,,,Base Oficial Ergast Motor Racing Database / FIA Qualifying Classification
2018,10,stroll,Lance Stroll,Williams,19,,,,Base Oficial Ergast Motor Racing Database / FIA Qualifying Classification
2018,10,brendon_hartley,Brendon Hartley,Toro Rosso,20,,,,Base Oficial Ergast Motor Racing Database / FIA Qualifying Classification
2018,11,vettel,Sebastian Vettel,Ferrari,1,1:12.538,1:12.505,1:11.212,Base Oficial Ergast Motor Racing Database / FIA Qualifying Classification
2018,11,bottas,Valtteri Bottas,Mercedes,2,1:12.962,1:12.152,1:11.416,Base Oficial Ergast Motor Racing Database / FIA Qualifying Classification
2018,11,raikkonen,Kimi Raikkonen,Ferrari,3,1:12.505,1:12.336,1:11.547,Base Oficial Ergast Motor Racing Database / FIA Qualifying Classification
2018,11,max_verstappen,Max Verstappen,Red Bull,4,1:13.127,1:12.188,1:11.822,Base Oficial Ergast Motor Racing Database / FIA Qualifying Classification
2018,11,kevin_magnussen,Kevin Magnussen,Haas F1 Team,5,1:13.105,1:12.523,1:12.200,Base Oficial Ergast Motor Racing Database / FIA Qualifying Classification
2018,11,grosjean,Romain Grosjean,Haas F1 Team,6,1:12.986,1:12.722,1:12.544,Base Oficial Ergast Motor Racing Database / FIA Qualifying Classification
2018,11,hulkenberg,Nico Hulkenberg,Renault,7,1:13.479,1:12.946,1:12.560,Base Oficial Ergast Motor Racing Database / FIA Qualifying Classification
2018,11,sainz,Carlos Sainz,Renault,8,1:13.324,1:13.032,1:12.692,Base Oficial Ergast Motor Racing Database / FIA Qualifying Classification
2018,11,leclerc,Charles Leclerc,Sauber,9,1:13.077,1:12.995,1:12.717,Base Oficial Ergast Motor Racing Database / FIA Qualifying Classification
2018,11,perez,Sergio Perez,Force India,10,1:13.427,1:13.072,1:12.774,Base Oficial Ergast Motor Racing Database / FIA Qualifying Classification
2018,11,alonso,Fernando Alonso,McLaren,11,1:13.614,1:13.657,,Base Oficial Ergast Motor Racing Database / FIA Qualifying Classification
2018,11,sirotkin,Sergey Sirotkin,Williams,12,1:13.708,1:13.702,,Base Oficial Ergast Motor Racing Database / FIA Qualifying Classification
2018,11,ericsson,Marcus Ericsson,Sauber,13,1:13.562,1:13.736,,Base Oficial Ergast Motor Racing Database / FIA Qualifying Classification
2018,11,hamilton,Lewis Hamilton,Mercedes,14,1:13.012,,,Base Oficial Ergast Motor Racing Database / FIA Qualifying Classification
2018,11,ricciardo,Daniel Ricciardo,Red Bull,15,1:13.318,,,Base Oficial Ergast Motor Racing Database / FIA Qualifying Classification
2018,11,ocon,Esteban Ocon,Force India,16,1:13.720,,,Base Oficial Ergast Motor Racing Database / FIA Qualifying Classification
2018,11,gasly,Pierre Gasly,Toro Rosso,17,1:13.749,,,Base Oficial Ergast Motor Racing Database / FIA Qualifying Classification
2018,11,brendon_hartley,Brendon Hartley,Toro Rosso,18,1:14.045,,,Base Oficial Ergast Motor Racing Database / FIA Qualifying Classification
2018,11,stroll,Lance Stroll,Williams,19,1:14.206,,,Base Oficial Ergast Motor Racing Database / FIA Qualifying Classification
2018,11,vandoorne,Stoffel Vandoorne,McLaren,20,1:14.401,,,Base Oficial Ergast Motor Racing Database / FIA Qualifying Classification
2018,12,hamilton,Lewis Hamilton,Mercedes,1,1:17.419,1:31.242,1:35.658,Base Oficial Ergast Motor Racing Database / FIA Qualifying Classification
2018,12,bottas,Valtteri Bottas,Mercedes,2,1:17.123,1:32.081,1:35.918,Base Oficial Ergast Motor Racing Database / FIA Qualifying Classification
2018,12,raikkonen,Kimi Raikkonen,Ferrari,3,1:17.526,1:32.762,1:36.186,Base Oficial Ergast Motor Racing Database / FIA Qualifying Classification
2018,12,vettel,Sebastian Vettel,Ferrari,4,1:16.666,1:28.636,1:36.210,Base Oficial Ergast Motor Racing Database / FIA Qualifying Classification
2018,12,sainz,Carlos Sainz,Renault,5,1:17.829,1:30.771,1:36.743,Base Oficial Ergast Motor Racing Database / FIA Qualifying Classification
2018,12,gasly,Pierre Gasly,Toro Rosso,6,1:18.577,1:31.286,1:37.591,Base Oficial Ergast Motor Racing Database / FIA Qualifying Classification
2018,12,max_verstappen,Max Verstappen,Red Bull,7,1:16.940,1:31.178,1:38.032,Base Oficial Ergast Motor Racing Database / FIA Qualifying Classification
2018,12,brendon_hartley,Brendon Hartley,Toro Rosso,8,1:18.429,1:32.590,1:38.128,Base Oficial Ergast Motor Racing Database / FIA Qualifying Classification
2018,12,kevin_magnussen,Kevin Magnussen,Haas F1 Team,9,1:18.314,1:32.968,1:39.858,Base Oficial Ergast Motor Racing Database / FIA Qualifying Classification
2018,12,grosjean,Romain Grosjean,Haas F1 Team,10,1:17.901,1:33.650,1:40.593,Base Oficial Ergast Motor Racing Database / FIA Qualifying Classification
2018,12,alonso,Fernando Alonso,McLaren,11,1:18.208,1:35.214,,Base Oficial Ergast Motor Racing Database / FIA Qualifying Classification
2018,12,ricciardo,Daniel Ricciardo,Red Bull,12,1:18.540,1:36.442,,Base Oficial Ergast Motor Racing Database / FIA Qualifying Classification
2018,12,hulkenberg,Nico Hulkenberg,Renault,13,1:17.905,1:36.506,,Base Oficial Ergast Motor Racing Database / FIA Qualifying Classification
2018,12,ericsson,Marcus Ericsson,Sauber,14,1:18.641,1:37.075,,Base Oficial Ergast Motor Racing Database / FIA Qualifying Classification
2018,12,stroll,Lance Stroll,Williams,15,1:18.560,,,Base Oficial Ergast Motor Racing Database / FIA Qualifying Classification
2018,12,vandoorne,Stoffel Vandoorne,McLaren,16,1:18.782,,,Base Oficial Ergast Motor Racing Database / FIA Qualifying Classification
2018,12,leclerc,Charles Leclerc,Sauber,17,1:18.817,,,Base Oficial Ergast Motor Racing Database / FIA Qualifying Classification
2018,12,ocon,Esteban Ocon,Force India,18,1:19.142,,,Base Oficial Ergast Motor Racing Database / FIA Qualifying Classification
2018,12,perez,Sergio Perez,Force India,19,1:19.200,,,Base Oficial Ergast Motor Racing Database / FIA Qualifying Classification
2018,12,sirotkin,Sergey Sirotkin,Williams,20,1:19.301,,,Base Oficial Ergast Motor Racing Database / FIA Qualifying Classification
2018,13,hamilton,Lewis Hamilton,Mercedes,1,1:42.977,1:41.553,1:58.179,Base Oficial Ergast Motor Racing Database / FIA Qualifying Classification
2018,13,vettel,Sebastian Vettel,Ferrari,2,1:43.035,1:41.501,1:58.905,Base Oficial Ergast Motor Racing Database / FIA Qualifying Classification
2018,13,ocon,Esteban Ocon,Force India,3,1:44.003,1:43.302,2:01.851,Base Oficial Ergast Motor Racing Database / FIA Qualifying Classification
2018,13,perez,Sergio Perez,Force India,4,1:44.004,1:43.014,2:01.894,Base Oficial Ergast Motor Racing Database / FIA Qualifying Classification
2018,13,grosjean,Romain Grosjean,Haas F1 Team,5,1:43.597,1:43.042,2:02.122,Base Oficial Ergast Motor Racing Database / FIA Qualifying Classification
2018,13,raikkonen,Kimi Raikkonen,Ferrari,6,1:42.585,1:41.533,2:02.671,Base Oficial Ergast Motor Racing Database / FIA Qualifying Classification
2018,13,max_verstappen,Max Verstappen,Red Bull,7,1:43.199,1:42.554,2:02.769,Base Oficial Ergast Motor Racing Database / FIA Qualifying Classification
2018,13,ricciardo,Daniel Ricciardo,Red Bull,8,1:43.604,1:43.126,2:02.939,Base Oficial Ergast Motor Racing Database / FIA Qualifying Classification
2018,13,kevin_magnussen,Kevin Magnussen,Haas F1 Team,9,1:43.834,1:43.320,2:04.933,Base Oficial Ergast Motor Racing Database / FIA Qualifying Classification
2018,13,bottas,Valtteri Bottas,Mercedes,10,1:42.805,1:42.191,,Base Oficial Ergast Motor Racing Database / FIA Qualifying Classification
2018,13,gasly,Pierre Gasly,Toro Rosso,11,1:44.221,1:43.844,,Base Oficial Ergast Motor Racing Database / FIA Qualifying Classification
2018,13,brendon_hartley,Brendon Hartley,Toro Rosso,12,1:44.153,1:43.865,,Base Oficial Ergast Motor Racing Database / FIA Qualifying Classification
2018,13,leclerc,Charles Leclerc,Sauber,13,1:43.654,1:44.062,,Base Oficial Ergast Motor Racing Database / FIA Qualifying Classification
2018,13,ericsson,Marcus Ericsson,Sauber,14,1:43.846,1:44.301,,Base Oficial Ergast Motor Racing Database / FIA Qualifying Classification
2018,13,hulkenberg,Nico Hulkenberg,Renault,15,1:44.145,,,Base Oficial Ergast Motor Racing Database / FIA Qualifying Classification
2018,13,sainz,Carlos Sainz,Renault,16,1:44.489,,,Base Oficial Ergast Motor Racing Database / FIA Qualifying Classification
2018,13,alonso,Fernando Alonso,McLaren,17,1:44.917,,,Base Oficial Ergast Motor Racing Database / FIA Qualifying Classification
2018,13,sirotkin,Sergey Sirotkin,Williams,18,1:44.998,,,Base Oficial Ergast Motor Racing Database / FIA Qualifying Classification
2018,13,stroll,Lance Stroll,Williams,19,1:45.134,,,Base Oficial Ergast Motor Racing Database / FIA Qualifying Classification
2018,13,vandoorne,Stoffel Vandoorne,McLaren,20,1:45.307,,,Base Oficial Ergast Motor Racing Database / FIA Qualifying Classification
2018,14,raikkonen,Kimi Raikkonen,Ferrari,1,1:20.722,1:19.846,1:19.119,Base Oficial Ergast Motor Racing Database / FIA Qualifying Classification
2018,14,vettel,Sebastian Vettel,Ferrari,2,1:20.542,1:19.629,1:19.280,Base Oficial Ergast Motor Racing Database / FIA Qualifying Classification
2018,14,hamilton,Lewis Hamilton,Mercedes,3,1:20.810,1:19.798,1:19.294,Base Oficial Ergast Motor Racing Database / FIA Qualifying Classification
2018,14,bottas,Valtteri Bottas,Mercedes,4,1:21.381,1:20.427,1:19.656,Base Oficial Ergast Motor Racing Database / FIA Qualifying Classification
2018,14,max_verstappen,Max Verstappen,Red Bull,5,1:21.381,1:20.333,1:20.615,Base Oficial Ergast Motor Racing Database / FIA Qualifying Classification
2018,14,grosjean,Romain Grosjean,Haas F1 Team,6,1:21.887,1:21.239,1:20.936,Base Oficial Ergast Motor Racing Database / FIA Qualifying Classification
2018,14,sainz,Carlos Sainz,Renault,7,1:21.732,1:21.552,1:21.041,Base Oficial Ergast Motor Racing Database / FIA Qualifying Classification
2018,14,ocon,Esteban Ocon,Force India,8,1:21.570,1:21.315,1:21.099,Base Oficial Ergast Motor Racing Database / FIA Qualifying Classification
2018,14,gasly,Pierre Gasly,Toro Rosso,9,1:21.834,1:21.667,1:21.350,Base Oficial Ergast Motor Racing Database / FIA Qualifying Classification
2018,14,stroll,Lance Stroll,Williams,10,1:21.838,1:21.494,1:21.627,Base Oficial Ergast Motor Racing Database / FIA Qualifying Classification
2018,14,kevin_magnussen,Kevin Magnussen,Haas F1 Team,11,1:21.783,1:21.669,,Base Oficial Ergast Motor Racing Database / FIA Qualifying Classification
2018,14,sirotkin,Sergey Sirotkin,Williams,12,1:21.813,1:21.732,,Base Oficial Ergast Motor Racing Database / FIA Qualifying Classification
2018,14,alonso,Fernando Alonso,McLaren,13,1:21.850,1:22.568,,Base Oficial Ergast Motor Racing Database / FIA Qualifying Classification
2018,14,hulkenberg,Nico Hulkenberg,Renault,14,1:21.801,,,Base Oficial Ergast Motor Racing Database / FIA Qualifying Classification
2018,14,ricciardo,Daniel Ricciardo,Red Bull,15,1:21.280,,,Base Oficial Ergast Motor Racing Database / FIA Qualifying Classification
2018,14,perez,Sergio Perez,Force India,16,1:21.888,,,Base Oficial Ergast Motor Racing Database / FIA Qualifying Classification
2018,14,leclerc,Charles Leclerc,Sauber,17,1:21.889,,,Base Oficial Ergast Motor Racing Database / FIA Qualifying Classification
2018,14,brendon_hartley,Brendon Hartley,Toro Rosso,18,1:21.934,,,Base Oficial Ergast Motor Racing Database / FIA Qualifying Classification
2018,14,ericsson,Marcus Ericsson,Sauber,19,1:22.048,,,Base Oficial Ergast Motor Racing Database / FIA Qualifying Classification
2018,14,vandoorne,Stoffel Vandoorne,McLaren,20,1:22.085,,,Base Oficial Ergast Motor Racing Database / FIA Qualifying Classification
2018,15,hamilton,Lewis Hamilton,Mercedes,1,1:39.403,1:37.344,1:36.015,Base Oficial Ergast Motor Racing Database / FIA Qualifying Classification
2018,15,max_verstappen,Max Verstappen,Red Bull,2,1:38.751,1:37.214,1:36.334,Base Oficial Ergast Motor Racing Database / FIA Qualifying Classification
2018,15,vettel,Sebastian Vettel,Ferrari,3,1:38.218,1:37.876,1:36.628,Base Oficial Ergast Motor Racing Database / FIA Qualifying Classification
2018,15,bottas,Valtteri Bottas,Mercedes,4,1:39.291,1:37.254,1:36.702,Base Oficial Ergast Motor Racing Database / FIA Qualifying Classification
2018,15,raikkonen,Kimi Raikkonen,Ferrari,5,1:38.534,1:37.194,1:36.794,Base Oficial Ergast Motor Racing Database / FIA Qualifying Classification
2018,15,ricciardo,Daniel Ricciardo,Red Bull,6,1:38.153,1:37.406,1:36.996,Base Oficial Ergast Motor Racing Database / FIA Qualifying Classification
2018,15,perez,Sergio Perez,Force India,7,1:38.814,1:38.342,1:37.985,Base Oficial Ergast Motor Racing Database / FIA Qualifying Classification
2018,15,grosjean,Romain Grosjean,Haas F1 Team,8,1:38.685,1:38.367,1:38.320,Base Oficial Ergast Motor Racing Database / FIA Qualifying Classification
2018,15,ocon,Esteban Ocon,Force India,9,1:38.912,1:38.534,1:38.365,Base Oficial Ergast Motor Racing Database / FIA Qualifying Classification
2018,15,hulkenberg,Nico Hulkenberg,Renault,10,1:38.932,1:38.450,1:38.588,Base Oficial Ergast Motor Racing Database / FIA Qualifying Classification
2018,15,alonso,Fernando Alonso,McLaren,11,1:39.022,1:38.641,,Base Oficial Ergast Motor Racing Database / FIA Qualifying Classification
2018,15,sainz,Carlos Sainz,Renault,12,1:39.103,1:38.716,,Base Oficial Ergast Motor Racing Database / FIA Qualifying Classification
2018,15,leclerc,Charles Leclerc,Sauber,13,1:39.206,1:38.747,,Base Oficial Ergast Motor Racing Database / FIA Qualifying Classification
2018,15,ericsson,Marcus Ericsson,Sauber,14,1:39.366,1:39.453,,Base Oficial Ergast Motor Racing Database / FIA Qualifying Classification
2018,15,gasly,Pierre Gasly,Toro Rosso,15,1:39.614,1:39.691,,Base Oficial Ergast Motor Racing Database / FIA Qualifying Classification
2018,15,kevin_magnussen,Kevin Magnussen,Haas F1 Team,16,1:39.644,,,Base Oficial Ergast Motor Racing Database / FIA Qualifying Classification
2018,15,brendon_hartley,Brendon Hartley,Toro Rosso,17,1:39.809,,,Base Oficial Ergast Motor Racing Database / FIA Qualifying Classification
2018,15,vandoorne,Stoffel Vandoorne,McLaren,18,1:39.864,,,Base Oficial Ergast Motor Racing Database / FIA Qualifying Classification
2018,15,sirotkin,Sergey Sirotkin,Williams,19,1:41.263,,,Base Oficial Ergast Motor Racing Database / FIA Qualifying Classification
2018,15,stroll,Lance Stroll,Williams,20,1:41.334,,,Base Oficial Ergast Motor Racing Database / FIA Qualifying Classification
2018,16,bottas,Valtteri Bottas,Mercedes,1,1:32.964,1:32.744,1:31.387,Base Oficial Ergast Motor Racing Database / FIA Qualifying Classification
2018,16,hamilton,Lewis Hamilton,Mercedes,2,1:32.410,1:32.595,1:31.532,Base Oficial Ergast Motor Racing Database / FIA Qualifying Classification
2018,16,vettel,Sebastian Vettel,Ferrari,3,1:33.476,1:33.045,1:31.943,Base Oficial Ergast Motor Racing Database / FIA Qualifying Classification
2018,16,raikkonen,Kimi Raikkonen,Ferrari,4,1:33.341,1:33.065,1:32.237,Base Oficial Ergast Motor Racing Database / FIA Qualifying Classification
2018,16,kevin_magnussen,Kevin Magnussen,Haas F1 Team,5,1:34.078,1:33.747,1:33.181,Base Oficial Ergast Motor Racing Database / FIA Qualifying Classification
2018,16,ocon,Esteban Ocon,Force India,6,1:34.290,1:33.596,1:33.413,Base Oficial Ergast Motor Racing Database / FIA Qualifying Classification
2018,16,leclerc,Charles Leclerc,Sauber,7,1:33.924,1:33.488,1:33.419,Base Oficial Ergast Motor Racing Database / FIA Qualifying Classification
2018,16,perez,Sergio Perez,Force India,8,1:34.084,1:33.923,1:33.563,Base Oficial Ergast Motor Racing Database / FIA Qualifying Classification
2018,16,grosjean,Romain Grosjean,Haas F1 Team,9,1:34.022,1:33.517,1:33.704,Base Oficial Ergast Motor Racing Database / FIA Qualifying Classification
2018,16,ericsson,Marcus Ericsson,Sauber,10,1:34.170,1:33.995,1:35.196,Base Oficial Ergast Motor Racing Database / FIA Qualifying Classification
2018,16,max_verstappen,Max Verstappen,Red Bull,11,1:33.048,,,Base Oficial Ergast Motor Racing Database / FIA Qualifying Classification
2018,16,ricciardo,Daniel Ricciardo,Red Bull,12,1:33.247,,,Base Oficial Ergast Motor Racing Database / FIA Qualifying Classification
2018,16,gasly,Pierre Gasly,Toro Rosso,13,1:34.383,,,Base Oficial Ergast Motor Racing Database / FIA Qualifying Classification
2018,16,sainz,Carlos Sainz,Renault,14,1:34.626,,,Base Oficial Ergast Motor Racing Database / FIA Qualifying Classification
2018,16,hulkenberg,Nico Hulkenberg,Renault,15,1:34.655,,,Base Oficial Ergast Motor Racing Database / FIA Qualifying Classification
2018,16,brendon_hartley,Brendon Hartley,Toro Rosso,16,1:35.037,,,Base Oficial Ergast Motor Racing Database / FIA Qualifying Classification
2018,16,alonso,Fernando Alonso,McLaren,17,1:35.504,,,Base Oficial Ergast Motor Racing Database / FIA Qualifying Classification
2018,16,sirotkin,Sergey Sirotkin,Williams,18,1:35.612,,,Base Oficial Ergast Motor Racing Database / FIA Qualifying Classification
2018,16,vandoorne,Stoffel Vandoorne,McLaren,19,1:35.977,,,Base Oficial Ergast Motor Racing Database / FIA Qualifying Classification
2018,16,stroll,Lance Stroll,Williams,20,1:36.437,,,Base Oficial Ergast Motor Racing Database / FIA Qualifying Classification
2018,17,hamilton,Lewis Hamilton,Mercedes,1,1:28.702,1:28.017,1:27.760,Base Oficial Ergast Motor Racing Database / FIA Qualifying Classification
2018,17,bottas,Valtteri Bottas,Mercedes,2,1:29.297,1:27.987,1:28.059,Base Oficial Ergast Motor Racing Database / FIA Qualifying Classification
2018,17,max_verstappen,Max Verstappen,Red Bull,3,1:29.480,1:28.849,1:29.057,Base Oficial Ergast Motor Racing Database / FIA Qualifying Classification
2018,17,raikkonen,Kimi Raikkonen,Ferrari,4,1:29.631,1:28.595,1:29.521,Base Oficial Ergast Motor Racing Database / FIA Qualifying Classification
2018,17,grosjean,Romain Grosjean,Haas F1 Team,5,1:29.724,1:29.678,1:29.761,Base Oficial Ergast Motor Racing Database / FIA Qualifying Classification
2018,17,brendon_hartley,Brendon Hartley,Toro Rosso,6,1:30.248,1:29.848,1:30.023,Base Oficial Ergast Motor Racing Database / FIA Qualifying Classification
2018,17,gasly,Pierre Gasly,Toro Rosso,7,1:30.137,1:29.810,1:30.093,Base Oficial Ergast Motor Racing Database / FIA Qualifying Classification
2018,17,ocon,Esteban Ocon,Force India,8,1:29.899,1:29.538,1:30.126,Base Oficial Ergast Motor Racing Database / FIA Qualifying Classification
2018,17,vettel,Sebastian Vettel,Ferrari,9,1:29.049,1:28.279,1:32.192,Base Oficial Ergast Motor Racing Database / FIA Qualifying Classification
2018,17,perez,Sergio Perez,Force India,10,1:30.247,1:29.567,1:37.229,Base Oficial Ergast Motor Racing Database / FIA Qualifying Classification
2018,17,leclerc,Charles Leclerc,Sauber,11,1:29.706,1:29.864,,Base Oficial Ergast Motor Racing Database / FIA Qualifying Classification
2018,17,kevin_magnussen,Kevin Magnussen,Haas F1 Team,12,1:30.219,1:30.226,,Base Oficial Ergast Motor Racing Database / FIA Qualifying Classification
2018,17,sainz,Carlos Sainz,Renault,13,1:30.236,1:30.490,,Base Oficial Ergast Motor Racing Database / FIA Qualifying Classification
2018,17,stroll,Lance Stroll,Williams,14,1:30.317,1:30.714,,Base Oficial Ergast Motor Racing Database / FIA Qualifying Classification
2018,17,ricciardo,Daniel Ricciardo,Red Bull,15,1:29.806,,,Base Oficial Ergast Motor Racing Database / FIA Qualifying Classification
2018,17,hulkenberg,Nico Hulkenberg,Renault,16,1:30.361,,,Base Oficial Ergast Motor Racing Database / FIA Qualifying Classification
2018,17,sirotkin,Sergey Sirotkin,Williams,17,1:30.372,,,Base Oficial Ergast Motor Racing Database / FIA Qualifying Classification
2018,17,alonso,Fernando Alonso,McLaren,18,1:30.573,,,Base Oficial Ergast Motor Racing Database / FIA Qualifying Classification
2018,17,vandoorne,Stoffel Vandoorne,McLaren,19,1:31.041,,,Base Oficial Ergast Motor Racing Database / FIA Qualifying Classification
2018,17,ericsson,Marcus Ericsson,Sauber,20,1:31.213,,,Base Oficial Ergast Motor Racing Database / FIA Qualifying Classification
2018,18,hamilton,Lewis Hamilton,Mercedes,1,1:34.130,1:33.480,1:32.237,Base Oficial Ergast Motor Racing Database / FIA Qualifying Classification
2018,18,vettel,Sebastian Vettel,Ferrari,2,1:34.569,1:33.079,1:32.298,Base Oficial Ergast Motor Racing Database / FIA Qualifying Classification
2018,18,raikkonen,Kimi Raikkonen,Ferrari,3,1:34.703,1:32.884,1:32.307,Base Oficial Ergast Motor Racing Database / FIA Qualifying Classification
2018,18,bottas,Valtteri Bottas,Mercedes,4,1:34.518,1:33.702,1:32.616,Base Oficial Ergast Motor Racing Database / FIA Qualifying Classification
2018,18,ricciardo,Daniel Ricciardo,Red Bull,5,1:34.755,1:34.185,1:33.494,Base Oficial Ergast Motor Racing Database / FIA Qualifying Classification
2018,18,ocon,Esteban Ocon,Force India,6,1:34.876,1:34.522,1:34.145,Base Oficial Ergast Motor Racing Database / FIA Qualifying Classification
2018,18,hulkenberg,Nico Hulkenberg,Renault,7,1:34.932,1:34.564,1:34.215,Base Oficial Ergast Motor Racing Database / FIA Qualifying Classification
2018,18,grosjean,Romain Grosjean,Haas F1 Team,8,1:34.892,1:34.419,1:34.250,Base Oficial Ergast Motor Racing Database / FIA Qualifying Classification
2018,18,leclerc,Charles Leclerc,Sauber,9,1:35.069,1:34.255,1:34.420,Base Oficial Ergast Motor Racing Database / FIA Qualifying Classification
2018,18,perez,Sergio Perez,Force India,10,1:35.193,1:34.525,1:34.594,Base Oficial Ergast Motor Racing Database / FIA Qualifying Classification
2018,18,sainz,Carlos Sainz,Renault,11,1:34.891,1:34.566,,Base Oficial Ergast Motor Racing Database / FIA Qualifying Classification
2018,18,kevin_magnussen,Kevin Magnussen,Haas F1 Team,12,1:34.972,1:34.732,,Base Oficial Ergast Motor Racing Database / FIA Qualifying Classification
2018,18,gasly,Pierre Gasly,Toro Rosso,13,1:34.850,,,Base Oficial Ergast Motor Racing Database / FIA Qualifying Classification
2018,18,brendon_hartley,Brendon Hartley,Toro Rosso,14,1:35.206,,,Base Oficial Ergast Motor Racing Database / FIA Qualifying Classification
2018,18,max_verstappen,Max Verstappen,Red Bull,15,1:34.766,,,Base Oficial Ergast Motor Racing Database / FIA Qualifying Classification
2018,18,alonso,Fernando Alonso,McLaren,16,1:35.294,,,Base Oficial Ergast Motor Racing Database / FIA Qualifying Classification
2018,18,sirotkin,Sergey Sirotkin,Williams,17,1:35.362,,,Base Oficial Ergast Motor Racing Database / FIA Qualifying Classification
2018,18,stroll,Lance Stroll,Williams,18,1:35.480,,,Base Oficial Ergast Motor Racing Database / FIA Qualifying Classification
2018,18,ericsson,Marcus Ericsson,Sauber,19,1:35.536,,,Base Oficial Ergast Motor Racing Database / FIA Qualifying Classification
2018,18,vandoorne,Stoffel Vandoorne,McLaren,20,1:35.735,,,Base Oficial Ergast Motor Racing Database / FIA Qualifying Classification
2018,19,ricciardo,Daniel Ricciardo,Red Bull,1,1:15.866,1:15.845,1:14.759,Base Oficial Ergast Motor Racing Database / FIA Qualifying Classification
2018,19,max_verstappen,Max Verstappen,Red Bull,2,1:15.756,1:15.640,1:14.785,Base Oficial Ergast Motor Racing Database / FIA Qualifying Classification
2018,19,hamilton,Lewis Hamilton,Mercedes,3,1:15.673,1:15.644,1:14.894,Base Oficial Ergast Motor Racing Database / FIA Qualifying Classification
2018,19,vettel,Sebastian Vettel,Ferrari,4,1:16.089,1:15.715,1:14.970,Base Oficial Ergast Motor Racing Database / FIA Qualifying Classification
2018,19,bottas,Valtteri Bottas,Mercedes,5,1:15.580,1:15.923,1:15.160,Base Oficial Ergast Motor Racing Database / FIA Qualifying Classification
2018,19,raikkonen,Kimi Raikkonen,Ferrari,6,1:16.446,1:15.996,1:15.330,Base Oficial Ergast Motor Racing Database / FIA Qualifying Classification
2018,19,hulkenberg,Nico Hulkenberg,Renault,7,1:16.498,1:16.126,1:15.827,Base Oficial Ergast Motor Racing Database / FIA Qualifying Classification
2018,19,sainz,Carlos Sainz,Renault,8,1:16.813,1:16.188,1:16.084,Base Oficial Ergast Motor Racing Database / FIA Qualifying Classification
2018,19,leclerc,Charles Leclerc,Sauber,9,1:16.862,1:16.320,1:16.189,Base Oficial Ergast Motor Racing Database / FIA Qualifying Classification
2018,19,ericsson,Marcus Ericsson,Sauber,10,1:16.701,1:16.633,1:16.513,Base Oficial Ergast Motor Racing Database / FIA Qualifying Classification
2018,19,ocon,Esteban Ocon,Force India,11,1:16.252,1:16.844,,Base Oficial Ergast Motor Racing Database / FIA Qualifying Classification
2018,19,alonso,Fernando Alonso,McLaren,12,1:16.857,1:16.871,,Base Oficial Ergast Motor Racing Database / FIA Qualifying Classification
2018,19,perez,Sergio Perez,Force India,13,1:16.242,1:17.167,,Base Oficial Ergast Motor Racing Database / FIA Qualifying Classification
2018,19,brendon_hartley,Brendon Hartley,Toro Rosso,14,1:16.682,1:17.184,,Base Oficial Ergast Motor Racing Database / FIA Qualifying Classification
2018,19,gasly,Pierre Gasly,Toro Rosso,15,1:16.828,,,Base Oficial Ergast Motor Racing Database / FIA Qualifying Classification
2018,19,grosjean,Romain Grosjean,Haas F1 Team,16,1:16.911,,,Base Oficial Ergast Motor Racing Database / FIA Qualifying Classification
2018,19,vandoorne,Stoffel Vandoorne,McLaren,17,1:16.966,,,Base Oficial Ergast Motor Racing Database / FIA Qualifying Classification
2018,19,kevin_magnussen,Kevin Magnussen,Haas F1 Team,18,1:17.599,,,Base Oficial Ergast Motor Racing Database / FIA Qualifying Classification
2018,19,stroll,Lance Stroll,Williams,19,1:17.689,,,Base Oficial Ergast Motor Racing Database / FIA Qualifying Classification
2018,19,sirotkin,Sergey Sirotkin,Williams,20,1:17.886,,,Base Oficial Ergast Motor Racing Database / FIA Qualifying Classification
2018,20,hamilton,Lewis Hamilton,Mercedes,1,1:08.464,1:07.795,1:07.281,Base Oficial Ergast Motor Racing Database / FIA Qualifying Classification
2018,20,vettel,Sebastian Vettel,Ferrari,2,1:08.452,1:07.776,1:07.374,Base Oficial Ergast Motor Racing Database / FIA Qualifying Classification
2018,20,bottas,Valtteri Bottas,Mercedes,3,1:08.492,1:07.727,1:07.441,Base Oficial Ergast Motor Racing Database / FIA Qualifying Classification
2018,20,raikkonen,Kimi Raikkonen,Ferrari,4,1:08.452,1:08.028,1:07.456,Base Oficial Ergast Motor Racing Database / FIA Qualifying Classification
2018,20,max_verstappen,Max Verstappen,Red Bull,5,1:08.205,1:08.017,1:07.778,Base Oficial Ergast Motor Racing Database / FIA Qualifying Classification
2018,20,ricciardo,Daniel Ricciardo,Red Bull,6,1:08.544,1:08.055,1:07.780,Base Oficial Ergast Motor Racing Database / FIA Qualifying Classification
2018,20,ericsson,Marcus Ericsson,Sauber,7,1:08.754,1:08.579,1:08.296,Base Oficial Ergast Motor Racing Database / FIA Qualifying Classification
2018,20,leclerc,Charles Leclerc,Sauber,8,1:08.667,1:08.335,1:08.492,Base Oficial Ergast Motor Racing Database / FIA Qualifying Classification
2018,20,grosjean,Romain Grosjean,Haas F1 Team,9,1:08.735,1:08.239,1:08.517,Base Oficial Ergast Motor Racing Database / FIA Qualifying Classification
2018,20,gasly,Pierre Gasly,Toro Rosso,10,1:09.046,1:08.616,1:09.029,Base Oficial Ergast Motor Racing Database / FIA Qualifying Classification
2018,20,kevin_magnussen,Kevin Magnussen,Haas F1 Team,11,1:08.474,1:08.659,,Base Oficial Ergast Motor Racing Database / FIA Qualifying Classification
2018,20,perez,Sergio Perez,Force India,12,1:09.217,1:08.741,,Base Oficial Ergast Motor Racing Database / FIA Qualifying Classification
2018,20,ocon,Esteban Ocon,Force India,13,1:09.264,1:08.770,,Base Oficial Ergast Motor Racing Database / FIA Qualifying Classification
2018,20,hulkenberg,Nico Hulkenberg,Renault,14,1:09.009,1:08.834,,Base Oficial Ergast Motor Racing Database / FIA Qualifying Classification
2018,20,sirotkin,Sergey Sirotkin,Williams,15,1:09.259,1:10.381,,Base Oficial Ergast Motor Racing Database / FIA Qualifying Classification
2018,20,sainz,Carlos Sainz,Renault,16,1:09.269,,,Base Oficial Ergast Motor Racing Database / FIA Qualifying Classification
2018,20,brendon_hartley,Brendon Hartley,Toro Rosso,17,1:09.280,,,Base Oficial Ergast Motor Racing Database / FIA Qualifying Classification
2018,20,alonso,Fernando Alonso,McLaren,18,1:09.402,,,Base Oficial Ergast Motor Racing Database / FIA Qualifying Classification
2018,20,stroll,Lance Stroll,Williams,19,1:09.441,,,Base Oficial Ergast Motor Racing Database / FIA Qualifying Classification
2018,20,vandoorne,Stoffel Vandoorne,McLaren,20,1:09.601,,,Base Oficial Ergast Motor Racing Database / FIA Qualifying Classification
2018,21,hamilton,Lewis Hamilton,Mercedes,1,1:36.828,1:35.693,1:34.794,Base Oficial Ergast Motor Racing Database / FIA Qualifying Classification
2018,21,bottas,Valtteri Bottas,Mercedes,2,1:36.789,1:36.392,1:34.956,Base Oficial Ergast Motor Racing Database / FIA Qualifying Classification
2018,21,vettel,Sebastian Vettel,Ferrari,3,1:36.775,1:36.345,1:35.125,Base Oficial Ergast Motor Racing Database / FIA Qualifying Classification
2018,21,raikkonen,Kimi Raikkonen,Ferrari,4,1:37.010,1:36.735,1:35.365,Base Oficial Ergast Motor Racing Database / FIA Qualifying Classification
2018,21,ricciardo,Daniel Ricciardo,Red Bull,5,1:37.117,1:36.964,1:35.401,Base Oficial Ergast Motor Racing Database / FIA Qualifying Classification
2018,21,max_verstappen,Max Verstappen,Red Bull,6,1:37.195,1:36.144,1:35.589,Base Oficial Ergast Motor Racing Database / FIA Qualifying Classification
2018,21,grosjean,Romain Grosjean,Haas F1 Team,7,1:37.575,1:36.732,1:36.192,Base Oficial Ergast Motor Racing Database / FIA Qualifying Classification
2018,21,leclerc,Charles Leclerc,Sauber,8,1:37.124,1:36.580,1:36.237,Base Oficial Ergast Motor Racing Database / FIA Qualifying Classification
2018,21,ocon,Esteban Ocon,Force India,9,1:36.936,1:36.814,1:36.540,Base Oficial Ergast Motor Racing Database / FIA Qualifying Classification
2018,21,hulkenberg,Nico Hulkenberg,Renault,10,1:37.569,1:36.630,1:36.542,Base Oficial Ergast Motor Racing Database / FIA Qualifying Classification
2018,21,sainz,Carlos Sainz,Renault,11,1:37.757,1:36.982,,Base Oficial Ergast Motor Racing Database / FIA Qualifying Classification
2018,21,ericsson,Marcus Ericsson,Sauber,12,1:37.619,1:37.132,,Base Oficial Ergast Motor Racing Database / FIA Qualifying Classification
2018,21,kevin_magnussen,Kevin Magnussen,Haas F1 Team,13,1:37.934,1:37.309,,Base Oficial Ergast Motor Racing Database / FIA Qualifying Classification
2018,21,perez,Sergio Perez,Force India,14,1:37.255,1:37.541,,Base Oficial Ergast Motor Racing Database / FIA Qualifying Classification
2018,21,alonso,Fernando Alonso,McLaren,15,1:37.890,1:37.743,,Base Oficial Ergast Motor Racing Database / FIA Qualifying Classification
2018,21,brendon_hartley,Brendon Hartley,Toro Rosso,16,1:37.994,,,Base Oficial Ergast Motor Racing Database / FIA Qualifying Classification
2018,21,gasly,Pierre Gasly,Toro Rosso,17,1:38.166,,,Base Oficial Ergast Motor Racing Database / FIA Qualifying Classification
2018,21,vandoorne,Stoffel Vandoorne,McLaren,18,1:38.577,,,Base Oficial Ergast Motor Racing Database / FIA Qualifying Classification
2018,21,sirotkin,Sergey Sirotkin,Williams,19,1:38.635,,,Base Oficial Ergast Motor Racing Database / FIA Qualifying Classification
2018,21,stroll,Lance Stroll,Williams,20,1:38.682,,,Base Oficial Ergast Motor Racing Database / FIA Qualifying Classification
2019,1,hamilton,Lewis Hamilton,Mercedes,1,1:22.043,1:21.014,1:20.486,Base Oficial Ergast Motor Racing Database / FIA Qualifying Classification
2019,1,bottas,Valtteri Bottas,Mercedes,2,1:22.367,1:21.193,1:20.598,Base Oficial Ergast Motor Racing Database / FIA Qualifying Classification
2019,1,vettel,Sebastian Vettel,Ferrari,3,1:22.885,1:21.912,1:21.190,Base Oficial Ergast Motor Racing Database / FIA Qualifying Classification
2019,1,max_verstappen,Max Verstappen,Red Bull,4,1:22.876,1:21.678,1:21.320,Base Oficial Ergast Motor Racing Database / FIA Qualifying Classification
2019,1,leclerc,Charles Leclerc,Ferrari,5,1:22.017,1:21.739,1:21.442,Base Oficial Ergast Motor Racing Database / FIA Qualifying Classification
2019,1,grosjean,Romain Grosjean,Haas F1 Team,6,1:22.959,1:21.870,1:21.826,Base Oficial Ergast Motor Racing Database / FIA Qualifying Classification
2019,1,kevin_magnussen,Kevin Magnussen,Haas F1 Team,7,1:22.519,1:22.221,1:22.099,Base Oficial Ergast Motor Racing Database / FIA Qualifying Classification
2019,1,norris,Lando Norris,McLaren,8,1:22.702,1:22.423,1:22.304,Base Oficial Ergast Motor Racing Database / FIA Qualifying Classification
2019,1,raikkonen,Kimi Raikkonen,Alfa Romeo,9,1:22.966,1:22.349,1:22.314,Base Oficial Ergast Motor Racing Database / FIA Qualifying Classification
2019,1,perez,Sergio Perez,Racing Point,10,1:22.908,1:22.532,1:22.781,Base Oficial Ergast Motor Racing Database / FIA Qualifying Classification
2019,1,hulkenberg,Nico Hulkenberg,Renault,11,1:22.540,1:22.562,,Base Oficial Ergast Motor Racing Database / FIA Qualifying Classification
2019,1,ricciardo,Daniel Ricciardo,Renault,12,1:22.921,1:22.570,,Base Oficial Ergast Motor Racing Database / FIA Qualifying Classification
2019,1,albon,Alexander Albon,Toro Rosso,13,1:22.757,1:22.636,,Base Oficial Ergast Motor Racing Database / FIA Qualifying Classification
2019,1,giovinazzi,Antonio Giovinazzi,Alfa Romeo,14,1:22.431,1:22.714,,Base Oficial Ergast Motor Racing Database / FIA Qualifying Classification
2019,1,kvyat,Daniil Kvyat,Toro Rosso,15,1:22.511,1:22.774,,Base Oficial Ergast Motor Racing Database / FIA Qualifying Classification
2019,1,stroll,Lance Stroll,Racing Point,16,1:23.017,,,Base Oficial Ergast Motor Racing Database / FIA Qualifying Classification
2019,1,gasly,Pierre Gasly,Red Bull,17,1:23.020,,,Base Oficial Ergast Motor Racing Database / FIA Qualifying Classification
2019,1,sainz,Carlos Sainz,McLaren,18,1:23.084,,,Base Oficial Ergast Motor Racing Database / FIA Qualifying Classification
2019,1,russell,George Russell,Williams,19,1:24.360,,,Base Oficial Ergast Motor Racing Database / FIA Qualifying Classification
2019,1,kubica,Robert Kubica,Williams,20,1:26.067,,,Base Oficial Ergast Motor Racing Database / FIA Qualifying Classification
2019,2,leclerc,Charles Leclerc,Ferrari,1,1:28.495,1:28.046,1:27.866,Base Oficial Ergast Motor Racing Database / FIA Qualifying Classification
2019,2,vettel,Sebastian Vettel,Ferrari,2,1:28.733,1:28.356,1:28.160,Base Oficial Ergast Motor Racing Database / FIA Qualifying Classification
2019,2,hamilton,Lewis Hamilton,Mercedes,3,1:29.262,1:28.578,1:28.190,Base Oficial Ergast Motor Racing Database / FIA Qualifying Classification
2019,2,bottas,Valtteri Bottas,Mercedes,4,1:29.498,1:28.830,1:28.256,Base Oficial Ergast Motor Racing Database / FIA Qualifying Classification
2019,2,max_verstappen,Max Verstappen,Red Bull,5,1:29.579,1:29.109,1:28.752,Base Oficial Ergast Motor Racing Database / FIA Qualifying Classification
2019,2,kevin_magnussen,Kevin Magnussen,Haas F1 Team,6,1:29.532,1:29.017,1:28.757,Base Oficial Ergast Motor Racing Database / FIA Qualifying Classification
2019,2,sainz,Carlos Sainz,McLaren,7,1:29.528,1:29.055,1:28.813,Base Oficial Ergast Motor Racing Database / FIA Qualifying Classification
2019,2,grosjean,Romain Grosjean,Haas F1 Team,8,1:29.688,1:29.249,1:29.015,Base Oficial Ergast Motor Racing Database / FIA Qualifying Classification
2019,2,raikkonen,Kimi Raikkonen,Alfa Romeo,9,1:29.959,1:29.471,1:29.022,Base Oficial Ergast Motor Racing Database / FIA Qualifying Classification
2019,2,norris,Lando Norris,McLaren,10,1:29.381,1:29.258,1:29.043,Base Oficial Ergast Motor Racing Database / FIA Qualifying Classification
2019,2,ricciardo,Daniel Ricciardo,Renault,11,1:29.859,1:29.488,,Base Oficial Ergast Motor Racing Database / FIA Qualifying Classification
2019,2,albon,Alexander Albon,Toro Rosso,12,1:29.514,1:29.513,,Base Oficial Ergast Motor Racing Database / FIA Qualifying Classification
2019,2,gasly,Pierre Gasly,Red Bull,13,1:29.900,1:29.526,,Base Oficial Ergast Motor Racing Database / FIA Qualifying Classification
2019,2,perez,Sergio Perez,Racing Point,14,1:29.893,1:29.756,,Base Oficial Ergast Motor Racing Database / FIA Qualifying Classification
2019,2,kvyat,Daniil Kvyat,Toro Rosso,15,1:29.876,1:29.854,,Base Oficial Ergast Motor Racing Database / FIA Qualifying Classification
2019,2,giovinazzi,Antonio Giovinazzi,Alfa Romeo,16,1:30.026,,,Base Oficial Ergast Motor Racing Database / FIA Qualifying Classification
2019,2,hulkenberg,Nico Hulkenberg,Renault,17,1:30.034,,,Base Oficial Ergast Motor Racing Database / FIA Qualifying Classification
2019,2,stroll,Lance Stroll,Racing Point,18,1:30.217,,,Base Oficial Ergast Motor Racing Database / FIA Qualifying Classification
2019,2,russell,George Russell,Williams,19,1:31.759,,,Base Oficial Ergast Motor Racing Database / FIA Qualifying Classification
2019,2,kubica,Robert Kubica,Williams,20,1:31.799,,,Base Oficial Ergast Motor Racing Database / FIA Qualifying Classification
2019,3,bottas,Valtteri Bottas,Mercedes,1,1:32.658,1:31.728,1:31.547,Base Oficial Ergast Motor Racing Database / FIA Qualifying Classification
2019,3,hamilton,Lewis Hamilton,Mercedes,2,1:33.115,1:31.637,1:31.570,Base Oficial Ergast Motor Racing Database / FIA Qualifying Classification
2019,3,vettel,Sebastian Vettel,Ferrari,3,1:33.557,1:32.232,1:31.848,Base Oficial Ergast Motor Racing Database / FIA Qualifying Classification
2019,3,leclerc,Charles Leclerc,Ferrari,4,1:32.712,1:32.324,1:31.865,Base Oficial Ergast Motor Racing Database / FIA Qualifying Classification
2019,3,max_verstappen,Max Verstappen,Red Bull,5,1:33.274,1:32.369,1:32.089,Base Oficial Ergast Motor Racing Database / FIA Qualifying Classification
2019,3,gasly,Pierre Gasly,Red Bull,6,1:33.863,1:32.948,1:32.930,Base Oficial Ergast Motor Racing Database / FIA Qualifying Classification
2019,3,ricciardo,Daniel Ricciardo,Renault,7,1:33.709,1:33.214,1:32.958,Base Oficial Ergast Motor Racing Database / FIA Qualifying Classification
2019,3,hulkenberg,Nico Hulkenberg,Renault,8,1:33.644,1:33.968,1:32.962,Base Oficial Ergast Motor Racing Database / FIA Qualifying Classification
2019,3,kevin_magnussen,Kevin Magnussen,Haas F1 Team,9,1:34.036,1:33.150,,Base Oficial Ergast Motor Racing Database / FIA Qualifying Classification
2019,3,grosjean,Romain Grosjean,Haas F1 Team,10,1:33.752,1:33.156,,Base Oficial Ergast Motor Racing Database / FIA Qualifying Classification
2019,3,kvyat,Daniil Kvyat,Toro Rosso,11,1:33.783,1:33.236,,Base Oficial Ergast Motor Racing Database / FIA Qualifying Classification
2019,3,perez,Sergio Perez,Racing Point,12,1:34.026,1:33.299,,Base Oficial Ergast Motor Racing Database / FIA Qualifying Classification
2019,3,raikkonen,Kimi Raikkonen,Alfa Romeo,13,1:34.125,1:33.419,,Base Oficial Ergast Motor Racing Database / FIA Qualifying Classification
2019,3,sainz,Carlos Sainz,McLaren,14,1:33.686,1:33.523,,Base Oficial Ergast Motor Racing Database / FIA Qualifying Classification
2019,3,norris,Lando Norris,McLaren,15,1:34.148,1:33.967,,Base Oficial Ergast Motor Racing Database / FIA Qualifying Classification
2019,3,stroll,Lance Stroll,Racing Point,16,1:34.292,,,Base Oficial Ergast Motor Racing Database / FIA Qualifying Classification
2019,3,russell,George Russell,Williams,17,1:35.253,,,Base Oficial Ergast Motor Racing Database / FIA Qualifying Classification
2019,3,kubica,Robert Kubica,Williams,18,1:35.281,,,Base Oficial Ergast Motor Racing Database / FIA Qualifying Classification
2019,4,bottas,Valtteri Bottas,Mercedes,1,1:42.026,1:41.500,1:40.495,Base Oficial Ergast Motor Racing Database / FIA Qualifying Classification
2019,4,hamilton,Lewis Hamilton,Mercedes,2,1:41.614,1:41.580,1:40.554,Base Oficial Ergast Motor Racing Database / FIA Qualifying Classification
2019,4,vettel,Sebastian Vettel,Ferrari,3,1:42.042,1:41.889,1:40.797,Base Oficial Ergast Motor Racing Database / FIA Qualifying Classification
2019,4,max_verstappen,Max Verstappen,Red Bull,4,1:41.727,1:41.388,1:41.069,Base Oficial Ergast Motor Racing Database / FIA Qualifying Classification
2019,4,perez,Sergio Perez,Racing Point,5,1:42.249,1:41.870,1:41.593,Base Oficial Ergast Motor Racing Database / FIA Qualifying Classification
2019,4,kvyat,Daniil Kvyat,Toro Rosso,6,1:42.324,1:42.221,1:41.681,Base Oficial Ergast Motor Racing Database / FIA Qualifying Classification
2019,4,norris,Lando Norris,McLaren,7,1:42.371,1:42.084,1:41.886,Base Oficial Ergast Motor Racing Database / FIA Qualifying Classification
2019,4,giovinazzi,Antonio Giovinazzi,Alfa Romeo,8,1:42.140,1:42.381,1:42.424,Base Oficial Ergast Motor Racing Database / FIA Qualifying Classification
2019,4,leclerc,Charles Leclerc,Ferrari,9,1:41.426,1:41.995,,Base Oficial Ergast Motor Racing Database / FIA Qualifying Classification
2019,4,sainz,Carlos Sainz,McLaren,10,1:41.936,1:42.398,,Base Oficial Ergast Motor Racing Database / FIA Qualifying Classification
2019,4,ricciardo,Daniel Ricciardo,Renault,11,1:42.486,1:42.477,,Base Oficial Ergast Motor Racing Database / FIA Qualifying Classification
2019,4,albon,Alexander Albon,Toro Rosso,12,1:42.154,1:42.494,,Base Oficial Ergast Motor Racing Database / FIA Qualifying Classification
2019,4,kevin_magnussen,Kevin Magnussen,Haas F1 Team,13,1:42.382,1:42.699,,Base Oficial Ergast Motor Racing Database / FIA Qualifying Classification
2019,4,stroll,Lance Stroll,Racing Point,14,1:42.630,,,Base Oficial Ergast Motor Racing Database / FIA Qualifying Classification
2019,4,grosjean,Romain Grosjean,Haas F1 Team,15,1:43.407,,,Base Oficial Ergast Motor Racing Database / FIA Qualifying Classification
2019,4,hulkenberg,Nico Hulkenberg,Renault,16,1:43.427,,,Base Oficial Ergast Motor Racing Database / FIA Qualifying Classification
2019,4,russell,George Russell,Williams,17,1:45.062,,,Base Oficial Ergast Motor Racing Database / FIA Qualifying Classification
2019,4,kubica,Robert Kubica,Williams,18,1:45.455,,,Base Oficial Ergast Motor Racing Database / FIA Qualifying Classification
2019,4,raikkonen,Kimi Raikkonen,Alfa Romeo,19,,,,Base Oficial Ergast Motor Racing Database / FIA Qualifying Classification
2019,4,gasly,Pierre Gasly,Red Bull,20,,,,Base Oficial Ergast Motor Racing Database / FIA Qualifying Classification
2019,5,bottas,Valtteri Bottas,Mercedes,1,1:16.979,1:15.924,1:15.406,Base Oficial Ergast Motor Racing Database / FIA Qualifying Classification
2019,5,hamilton,Lewis Hamilton,Mercedes,2,1:17.292,1:16.038,1:16.040,Base Oficial Ergast Motor Racing Database / FIA Qualifying Classification
2019,5,vettel,Sebastian Vettel,Ferrari,3,1:17.425,1:16.667,1:16.272,Base Oficial Ergast Motor Racing Database / FIA Qualifying Classification
2019,5,max_verstappen,Max Verstappen,Red Bull,4,1:17.244,1:16.726,1:16.357,Base Oficial Ergast Motor Racing Database / FIA Qualifying Classification
2019,5,leclerc,Charles Leclerc,Ferrari,5,1:17.388,1:16.714,1:16.588,Base Oficial Ergast Motor Racing Database / FIA Qualifying Classification
2019,5,gasly,Pierre Gasly,Red Bull,6,1:17.862,1:16.932,1:16.708,Base Oficial Ergast Motor Racing Database / FIA Qualifying Classification
2019,5,grosjean,Romain Grosjean,Haas F1 Team,7,1:18.042,1:17.066,1:16.911,Base Oficial Ergast Motor Racing Database / FIA Qualifying Classification
2019,5,kevin_magnussen,Kevin Magnussen,Haas F1 Team,8,1:17.669,1:17.272,1:16.922,Base Oficial Ergast Motor Racing Database / FIA Qualifying Classification
2019,5,kvyat,Daniil Kvyat,Toro Rosso,9,1:17.914,1:17.243,1:17.573,Base Oficial Ergast Motor Racing Database / FIA Qualifying Classification
2019,5,ricciardo,Daniel Ricciardo,Renault,10,1:18.385,1:17.299,1:18.106,Base Oficial Ergast Motor Racing Database / FIA Qualifying Classification
2019,5,norris,Lando Norris,McLaren,11,1:17.611,1:17.338,,Base Oficial Ergast Motor Racing Database / FIA Qualifying Classification
2019,5,albon,Alexander Albon,Toro Rosso,12,1:17.796,1:17.445,,Base Oficial Ergast Motor Racing Database / FIA Qualifying Classification
2019,5,sainz,Carlos Sainz,McLaren,13,1:17.760,1:17.599,,Base Oficial Ergast Motor Racing Database / FIA Qualifying Classification
2019,5,raikkonen,Kimi Raikkonen,Alfa Romeo,14,1:18.132,1:17.788,,Base Oficial Ergast Motor Racing Database / FIA Qualifying Classification
2019,5,perez,Sergio Perez,Racing Point,15,1:18.286,1:17.886,,Base Oficial Ergast Motor Racing Database / FIA Qualifying Classification
2019,5,hulkenberg,Nico Hulkenberg,Renault,16,1:18.404,,,Base Oficial Ergast Motor Racing Database / FIA Qualifying Classification
2019,5,stroll,Lance Stroll,Racing Point,17,1:18.471,,,Base Oficial Ergast Motor Racing Database / FIA Qualifying Classification
2019,5,giovinazzi,Antonio Giovinazzi,Alfa Romeo,18,1:18.664,,,Base Oficial Ergast Motor Racing Database / FIA Qualifying Classification
2019,5,russell,George Russell,Williams,19,1:19.072,,,Base Oficial Ergast Motor Racing Database / FIA Qualifying Classification
2019,5,kubica,Robert Kubica,Williams,20,1:20.254,,,Base Oficial Ergast Motor Racing Database / FIA Qualifying Classification
2019,6,hamilton,Lewis Hamilton,Mercedes,1,1:11.542,1:10.835,1:10.166,Base Oficial Ergast Motor Racing Database / FIA Qualifying Classification
2019,6,bottas,Valtteri Bottas,Mercedes,2,1:11.562,1:10.701,1:10.252,Base Oficial Ergast Motor Racing Database / FIA Qualifying Classification
2019,6,max_verstappen,Max Verstappen,Red Bull,3,1:11.597,1:10.618,1:10.641,Base Oficial Ergast Motor Racing Database / FIA Qualifying Classification
2019,6,vettel,Sebastian Vettel,Ferrari,4,1:11.434,1:11.227,1:10.947,Base Oficial Ergast Motor Racing Database / FIA Qualifying Classification
2019,6,gasly,Pierre Gasly,Red Bull,5,1:11.740,1:11.457,1:11.041,Base Oficial Ergast Motor Racing Database / FIA Qualifying Classification
2019,6,kevin_magnussen,Kevin Magnussen,Haas F1 Team,6,1:11.865,1:11.363,1:11.109,Base Oficial Ergast Motor Racing Database / FIA Qualifying Classification
2019,6,ricciardo,Daniel Ricciardo,Renault,7,1:11.767,1:11.543,1:11.218,Base Oficial Ergast Motor Racing Database / FIA Qualifying Classification
2019,6,kvyat,Daniil Kvyat,Toro Rosso,8,1:11.602,1:11.412,1:11.271,Base Oficial Ergast Motor Racing Database / FIA Qualifying Classification
2019,6,sainz,Carlos Sainz,McLaren,9,1:11.872,1:11.608,1:11.417,Base Oficial Ergast Motor Racing Database / FIA Qualifying Classification
2019,6,albon,Alexander Albon,Toro Rosso,10,1:12.007,1:11.429,1:11.653,Base Oficial Ergast Motor Racing Database / FIA Qualifying Classification
2019,6,hulkenberg,Nico Hulkenberg,Renault,11,1:12.097,1:11.670,,Base Oficial Ergast Motor Racing Database / FIA Qualifying Classification
2019,6,norris,Lando Norris,McLaren,12,1:11.845,1:11.724,,Base Oficial Ergast Motor Racing Database / FIA Qualifying Classification
2019,6,grosjean,Romain Grosjean,Haas F1 Team,13,1:11.837,1:12.027,,Base Oficial Ergast Motor Racing Database / FIA Qualifying Classification
2019,6,raikkonen,Kimi Raikkonen,Alfa Romeo,14,1:11.993,1:12.115,,Base Oficial Ergast Motor Racing Database / FIA Qualifying Classification
2019,6,giovinazzi,Antonio Giovinazzi,Alfa Romeo,15,1:11.976,1:12.185,,Base Oficial Ergast Motor Racing Database / FIA Qualifying Classification
2019,6,leclerc,Charles Leclerc,Ferrari,16,1:12.149,,,Base Oficial Ergast Motor Racing Database / FIA Qualifying Classification
2019,6,perez,Sergio Perez,Racing Point,17,1:12.233,,,Base Oficial Ergast Motor Racing Database / FIA Qualifying Classification
2019,6,stroll,Lance Stroll,Racing Point,18,1:12.846,,,Base Oficial Ergast Motor Racing Database / FIA Qualifying Classification
2019,6,russell,George Russell,Williams,19,1:13.477,,,Base Oficial Ergast Motor Racing Database / FIA Qualifying Classification
2019,6,kubica,Robert Kubica,Williams,20,1:13.751,,,Base Oficial Ergast Motor Racing Database / FIA Qualifying Classification
2019,7,vettel,Sebastian Vettel,Ferrari,1,1:11.200,1:11.142,1:10.240,Base Oficial Ergast Motor Racing Database / FIA Qualifying Classification
2019,7,hamilton,Lewis Hamilton,Mercedes,2,1:11.518,1:11.010,1:10.446,Base Oficial Ergast Motor Racing Database / FIA Qualifying Classification
2019,7,leclerc,Charles Leclerc,Ferrari,3,1:11.214,1:11.205,1:10.920,Base Oficial Ergast Motor Racing Database / FIA Qualifying Classification
2019,7,ricciardo,Daniel Ricciardo,Renault,4,1:11.837,1:11.532,1:11.071,Base Oficial Ergast Motor Racing Database / FIA Qualifying Classification
2019,7,gasly,Pierre Gasly,Red Bull,5,1:12.023,1:11.196,1:11.079,Base Oficial Ergast Motor Racing Database / FIA Qualifying Classification
2019,7,bottas,Valtteri Bottas,Mercedes,6,1:11.229,1:11.095,1:11.101,Base Oficial Ergast Motor Racing Database / FIA Qualifying Classification
2019,7,hulkenberg,Nico Hulkenberg,Renault,7,1:11.720,1:11.553,1:11.324,Base Oficial Ergast Motor Racing Database / FIA Qualifying Classification
2019,7,norris,Lando Norris,McLaren,8,1:11.780,1:11.735,1:11.863,Base Oficial Ergast Motor Racing Database / FIA Qualifying Classification
2019,7,sainz,Carlos Sainz,McLaren,9,1:11.750,1:11.572,1:13.981,Base Oficial Ergast Motor Racing Database / FIA Qualifying Classification
2019,7,kevin_magnussen,Kevin Magnussen,Haas F1 Team,10,1:12.107,1:11.786,,Base Oficial Ergast Motor Racing Database / FIA Qualifying Classification
2019,7,max_verstappen,Max Verstappen,Red Bull,11,1:11.619,1:11.800,,Base Oficial Ergast Motor Racing Database / FIA Qualifying Classification
2019,7,kvyat,Daniil Kvyat,Toro Rosso,12,1:11.965,1:11.921,,Base Oficial Ergast Motor Racing Database / FIA Qualifying Classification
2019,7,giovinazzi,Antonio Giovinazzi,Alfa Romeo,13,1:12.122,1:12.136,,Base Oficial Ergast Motor Racing Database / FIA Qualifying Classification
2019,7,albon,Alexander Albon,Toro Rosso,14,1:12.020,1:12.193,,Base Oficial Ergast Motor Racing Database / FIA Qualifying Classification
2019,7,grosjean,Romain Grosjean,Haas F1 Team,15,1:12.109,,,Base Oficial Ergast Motor Racing Database / FIA Qualifying Classification
2019,7,perez,Sergio Perez,Racing Point,16,1:12.197,,,Base Oficial Ergast Motor Racing Database / FIA Qualifying Classification
2019,7,raikkonen,Kimi Raikkonen,Alfa Romeo,17,1:12.230,,,Base Oficial Ergast Motor Racing Database / FIA Qualifying Classification
2019,7,stroll,Lance Stroll,Racing Point,18,1:12.266,,,Base Oficial Ergast Motor Racing Database / FIA Qualifying Classification
2019,7,russell,George Russell,Williams,19,1:13.617,,,Base Oficial Ergast Motor Racing Database / FIA Qualifying Classification
2019,7,kubica,Robert Kubica,Williams,20,1:14.393,,,Base Oficial Ergast Motor Racing Database / FIA Qualifying Classification
2019,8,hamilton,Lewis Hamilton,Mercedes,1,1:30.609,1:29.520,1:28.319,Base Oficial Ergast Motor Racing Database / FIA Qualifying Classification
2019,8,bottas,Valtteri Bottas,Mercedes,2,1:30.550,1:29.437,1:28.605,Base Oficial Ergast Motor Racing Database / FIA Qualifying Classification
2019,8,leclerc,Charles Leclerc,Ferrari,3,1:30.647,1:29.699,1:28.965,Base Oficial Ergast Motor Racing Database / FIA Qualifying Classification
2019,8,max_verstappen,Max Verstappen,Red Bull,4,1:31.327,1:30.099,1:29.409,Base Oficial Ergast Motor Racing Database / FIA Qualifying Classification
2019,8,norris,Lando Norris,McLaren,5,1:30.989,1:30.019,1:29.418,Base Oficial Ergast Motor Racing Database / FIA Qualifying Classification
2019,8,sainz,Carlos Sainz,McLaren,6,1:31.073,1:30.319,1:29.522,Base Oficial Ergast Motor Racing Database / FIA Qualifying Classification
2019,8,vettel,Sebastian Vettel,Ferrari,7,1:31.075,1:29.506,1:29.799,Base Oficial Ergast Motor Racing Database / FIA Qualifying Classification
2019,8,ricciardo,Daniel Ricciardo,Renault,8,1:30.954,1:30.369,1:29.918,Base Oficial Ergast Motor Racing Database / FIA Qualifying Classification
2019,8,gasly,Pierre Gasly,Red Bull,9,1:31.152,1:30.421,1:30.184,Base Oficial Ergast Motor Racing Database / FIA Qualifying Classification
2019,8,giovinazzi,Antonio Giovinazzi,Alfa Romeo,10,1:31.180,1:30.408,1:33.420,Base Oficial Ergast Motor Racing Database / FIA Qualifying Classification
2019,8,albon,Alexander Albon,Toro Rosso,11,1:31.445,1:30.461,,Base Oficial Ergast Motor Racing Database / FIA Qualifying Classification
2019,8,raikkonen,Kimi Raikkonen,Alfa Romeo,12,1:30.972,1:30.533,,Base Oficial Ergast Motor Racing Database / FIA Qualifying Classification
2019,8,hulkenberg,Nico Hulkenberg,Renault,13,1:30.865,1:30.544,,Base Oficial Ergast Motor Racing Database / FIA Qualifying Classification
2019,8,perez,Sergio Perez,Racing Point,14,1:30.964,1:30.738,,Base Oficial Ergast Motor Racing Database / FIA Qualifying Classification
2019,8,kevin_magnussen,Kevin Magnussen,Haas F1 Team,15,1:31.166,1:31.440,,Base Oficial Ergast Motor Racing Database / FIA Qualifying Classification
2019,8,kvyat,Daniil Kvyat,Toro Rosso,16,1:31.564,,,Base Oficial Ergast Motor Racing Database / FIA Qualifying Classification
2019,8,grosjean,Romain Grosjean,Haas F1 Team,17,1:31.626,,,Base Oficial Ergast Motor Racing Database / FIA Qualifying Classification
2019,8,stroll,Lance Stroll,Racing Point,18,1:31.726,,,Base Oficial Ergast Motor Racing Database / FIA Qualifying Classification
2019,8,russell,George Russell,Williams,19,1:32.789,,,Base Oficial Ergast Motor Racing Database / FIA Qualifying Classification
2019,8,kubica,Robert Kubica,Williams,20,1:33.205,,,Base Oficial Ergast Motor Racing Database / FIA Qualifying Classification
2019,9,leclerc,Charles Leclerc,Ferrari,1,1:04.138,1:03.378,1:03.003,Base Oficial Ergast Motor Racing Database / FIA Qualifying Classification
2019,9,hamilton,Lewis Hamilton,Mercedes,2,1:03.818,1:03.803,1:03.262,Base Oficial Ergast Motor Racing Database / FIA Qualifying Classification
2019,9,max_verstappen,Max Verstappen,Red Bull,3,1:03.807,1:03.835,1:03.439,Base Oficial Ergast Motor Racing Database / FIA Qualifying Classification
2019,9,bottas,Valtteri Bottas,Mercedes,4,1:04.084,1:03.863,1:03.537,Base Oficial Ergast Motor Racing Database / FIA Qualifying Classification
2019,9,kevin_magnussen,Kevin Magnussen,Haas F1 Team,5,1:04.778,1:04.466,1:04.072,Base Oficial Ergast Motor Racing Database / FIA Qualifying Classification
2019,9,norris,Lando Norris,McLaren,6,1:04.361,1:04.211,1:04.099,Base Oficial Ergast Motor Racing Database / FIA Qualifying Classification
2019,9,raikkonen,Kimi Raikkonen,Alfa Romeo,7,1:04.615,1:04.056,1:04.166,Base Oficial Ergast Motor Racing Database / FIA Qualifying Classification
2019,9,giovinazzi,Antonio Giovinazzi,Alfa Romeo,8,1:04.450,1:04.194,1:04.179,Base Oficial Ergast Motor Racing Database / FIA Qualifying Classification
2019,9,gasly,Pierre Gasly,Red Bull,9,1:04.412,1:03.988,1:04.199,Base Oficial Ergast Motor Racing Database / FIA Qualifying Classification
2019,9,vettel,Sebastian Vettel,Ferrari,10,1:04.430,1:03.667,,Base Oficial Ergast Motor Racing Database / FIA Qualifying Classification
2019,9,grosjean,Romain Grosjean,Haas F1 Team,11,1:04.552,1:04.490,,Base Oficial Ergast Motor Racing Database / FIA Qualifying Classification
2019,9,hulkenberg,Nico Hulkenberg,Renault,12,1:04.733,1:04.516,,Base Oficial Ergast Motor Racing Database / FIA Qualifying Classification
2019,9,albon,Alexander Albon,Toro Rosso,13,1:04.708,1:04.665,,Base Oficial Ergast Motor Racing Database / FIA Qualifying Classification
2019,9,ricciardo,Daniel Ricciardo,Renault,14,1:04.647,1:04.790,,Base Oficial Ergast Motor Racing Database / FIA Qualifying Classification
2019,9,sainz,Carlos Sainz,McLaren,15,1:04.453,1:13.601,,Base Oficial Ergast Motor Racing Database / FIA Qualifying Classification
2019,9,perez,Sergio Perez,Racing Point,16,1:04.789,,,Base Oficial Ergast Motor Racing Database / FIA Qualifying Classification
2019,9,stroll,Lance Stroll,Racing Point,17,1:04.832,,,Base Oficial Ergast Motor Racing Database / FIA Qualifying Classification
2019,9,kvyat,Daniil Kvyat,Toro Rosso,18,1:05.324,,,Base Oficial Ergast Motor Racing Database / FIA Qualifying Classification
2019,9,russell,George Russell,Williams,19,1:05.904,,,Base Oficial Ergast Motor Racing Database / FIA Qualifying Classification
2019,9,kubica,Robert Kubica,Williams,20,1:06.206,,,Base Oficial Ergast Motor Racing Database / FIA Qualifying Classification
2019,10,bottas,Valtteri Bottas,Mercedes,1,1:25.750,1:25.672,1:25.093,Base Oficial Ergast Motor Racing Database / FIA Qualifying Classification
2019,10,hamilton,Lewis Hamilton,Mercedes,2,1:25.513,1:25.840,1:25.099,Base Oficial Ergast Motor Racing Database / FIA Qualifying Classification
2019,10,leclerc,Charles Leclerc,Ferrari,3,1:25.533,1:25.546,1:25.172,Base Oficial Ergast Motor Racing Database / FIA Qualifying Classification
2019,10,max_verstappen,Max Verstappen,Red Bull,4,1:25.700,1:25.848,1:25.276,Base Oficial Ergast Motor Racing Database / FIA Qualifying Classification
2019,10,gasly,Pierre Gasly,Red Bull,5,1:26.273,1:26.038,1:25.590,Base Oficial Ergast Motor Racing Database / FIA Qualifying Classification
2019,10,vettel,Sebastian Vettel,Ferrari,6,1:25.898,1:26.023,1:25.787,Base Oficial Ergast Motor Racing Database / FIA Qualifying Classification
2019,10,ricciardo,Daniel Ricciardo,Renault,7,1:26.428,1:26.283,1:26.182,Base Oficial Ergast Motor Racing Database / FIA Qualifying Classification
2019,10,norris,Lando Norris,McLaren,8,1:26.079,1:26.385,1:26.224,Base Oficial Ergast Motor Racing Database / FIA Qualifying Classification
2019,10,albon,Alexander Albon,Toro Rosso,9,1:26.482,1:26.403,1:26.345,Base Oficial Ergast Motor Racing Database / FIA Qualifying Classification
2019,10,hulkenberg,Nico Hulkenberg,Renault,10,1:26.568,1:26.397,1:26.386,Base Oficial Ergast Motor Racing Database / FIA Qualifying Classification
2019,10,giovinazzi,Antonio Giovinazzi,Alfa Romeo,11,1:26.449,1:26.519,,Base Oficial Ergast Motor Racing Database / FIA Qualifying Classification
2019,10,raikkonen,Kimi Raikkonen,Alfa Romeo,12,1:26.558,1:26.546,,Base Oficial Ergast Motor Racing Database / FIA Qualifying Classification
2019,10,sainz,Carlos Sainz,McLaren,13,1:26.203,1:26.578,,Base Oficial Ergast Motor Racing Database / FIA Qualifying Classification
2019,10,grosjean,Romain Grosjean,Haas F1 Team,14,1:26.347,1:26.757,,Base Oficial Ergast Motor Racing Database / FIA Qualifying Classification
2019,10,perez,Sergio Perez,Racing Point,15,1:26.649,1:26.928,,Base Oficial Ergast Motor Racing Database / FIA Qualifying Classification
2019,10,kevin_magnussen,Kevin Magnussen,Haas F1 Team,16,1:26.662,,,Base Oficial Ergast Motor Racing Database / FIA Qualifying Classification
2019,10,kvyat,Daniil Kvyat,Toro Rosso,17,1:26.721,,,Base Oficial Ergast Motor Racing Database / FIA Qualifying Classification
2019,10,stroll,Lance Stroll,Racing Point,18,1:26.762,,,Base Oficial Ergast Motor Racing Database / FIA Qualifying Classification
2019,10,russell,George Russell,Williams,19,1:27.789,,,Base Oficial Ergast Motor Racing Database / FIA Qualifying Classification
2019,10,kubica,Robert Kubica,Williams,20,1:28.257,,,Base Oficial Ergast Motor Racing Database / FIA Qualifying Classification
2019,11,hamilton,Lewis Hamilton,Mercedes,1,1:12.852,1:12.149,1:11.767,Base Oficial Ergast Motor Racing Database / FIA Qualifying Classification
2019,11,max_verstappen,Max Verstappen,Red Bull,2,1:12.593,1:12.427,1:12.113,Base Oficial Ergast Motor Racing Database / FIA Qualifying Classification
2019,11,bottas,Valtteri Bottas,Mercedes,3,1:13.075,1:12.424,1:12.129,Base Oficial Ergast Motor Racing Database / FIA Qualifying Classification
2019,11,gasly,Pierre Gasly,Red Bull,4,1:12.991,1:12.385,1:12.522,Base Oficial Ergast Motor Racing Database / FIA Qualifying Classification
2019,11,raikkonen,Kimi Raikkonen,Alfa Romeo,5,1:13.066,1:12.519,1:12.538,Base Oficial Ergast Motor Racing Database / FIA Qualifying Classification
2019,11,grosjean,Romain Grosjean,Haas F1 Team,6,1:13.146,1:12.769,1:12.851,Base Oficial Ergast Motor Racing Database / FIA Qualifying Classification
2019,11,sainz,Carlos Sainz,McLaren,7,1:13.221,1:12.632,1:12.897,Base Oficial Ergast Motor Racing Database / FIA Qualifying Classification
2019,11,perez,Sergio Perez,Racing Point,8,1:13.194,1:12.776,1:13.065,Base Oficial Ergast Motor Racing Database / FIA Qualifying Classification
2019,11,hulkenberg,Nico Hulkenberg,Renault,9,1:13.186,1:12.766,1:13.126,Base Oficial Ergast Motor Racing Database / FIA Qualifying Classification
2019,11,leclerc,Charles Leclerc,Ferrari,10,1:12.229,1:12.344,,Base Oficial Ergast Motor Racing Database / FIA Qualifying Classification
2019,11,giovinazzi,Antonio Giovinazzi,Alfa Romeo,11,1:13.170,1:12.786,,Base Oficial Ergast Motor Racing Database / FIA Qualifying Classification
2019,11,kevin_magnussen,Kevin Magnussen,Haas F1 Team,12,1:13.103,1:12.789,,Base Oficial Ergast Motor Racing Database / FIA Qualifying Classification
2019,11,ricciardo,Daniel Ricciardo,Renault,13,1:13.131,1:12.799,,Base Oficial Ergast Motor Racing Database / FIA Qualifying Classification
2019,11,kvyat,Daniil Kvyat,Toro Rosso,14,1:13.278,1:13.135,,Base Oficial Ergast Motor Racing Database / FIA Qualifying Classification
2019,11,stroll,Lance Stroll,Racing Point,15,1:13.256,1:13.450,,Base Oficial Ergast Motor Racing Database / FIA Qualifying Classification
2019,11,norris,Lando Norris,McLaren,16,1:13.333,,,Base Oficial Ergast Motor Racing Database / FIA Qualifying Classification
2019,11,albon,Alexander Albon,Toro Rosso,17,1:13.461,,,Base Oficial Ergast Motor Racing Database / FIA Qualifying Classification
2019,11,russell,George Russell,Williams,18,1:14.721,,,Base Oficial Ergast Motor Racing Database / FIA Qualifying Classification
2019,11,kubica,Robert Kubica,Williams,19,1:14.839,,,Base Oficial Ergast Motor Racing Database / FIA Qualifying Classification
2019,11,vettel,Sebastian Vettel,Ferrari,20,,,,Base Oficial Ergast Motor Racing Database / FIA Qualifying Classification
2019,12,max_verstappen,Max Verstappen,Red Bull,1,1:15.817,1:15.573,1:14.572,Base Oficial Ergast Motor Racing Database / FIA Qualifying Classification
2019,12,bottas,Valtteri Bottas,Mercedes,2,1:16.078,1:15.669,1:14.590,Base Oficial Ergast Motor Racing Database / FIA Qualifying Classification
2019,12,hamilton,Lewis Hamilton,Mercedes,3,1:16.068,1:15.548,1:14.769,Base Oficial Ergast Motor Racing Database / FIA Qualifying Classification
2019,12,leclerc,Charles Leclerc,Ferrari,4,1:16.337,1:15.792,1:15.043,Base Oficial Ergast Motor Racing Database / FIA Qualifying Classification
2019,12,vettel,Sebastian Vettel,Ferrari,5,1:16.452,1:15.885,1:15.071,Base Oficial Ergast Motor Racing Database / FIA Qualifying Classification
2019,12,gasly,Pierre Gasly,Red Bull,6,1:16.716,1:16.393,1:15.450,Base Oficial Ergast Motor Racing Database / FIA Qualifying Classification
2019,12,norris,Lando Norris,McLaren,7,1:16.697,1:16.060,1:15.800,Base Oficial Ergast Motor Racing Database / FIA Qualifying Classification
2019,12,sainz,Carlos Sainz,McLaren,8,1:16.493,1:16.308,1:15.852,Base Oficial Ergast Motor Racing Database / FIA Qualifying Classification
2019,12,grosjean,Romain Grosjean,Haas F1 Team,9,1:16.978,1:16.319,1:16.013,Base Oficial Ergast Motor Racing Database / FIA Qualifying Classification
2019,12,raikkonen,Kimi Raikkonen,Alfa Romeo,10,1:16.506,1:16.518,1:16.041,Base Oficial Ergast Motor Racing Database / FIA Qualifying Classification
2019,12,hulkenberg,Nico Hulkenberg,Renault,11,1:16.790,1:16.565,,Base Oficial Ergast Motor Racing Database / FIA Qualifying Classification
2019,12,albon,Alexander Albon,Toro Rosso,12,1:16.912,1:16.687,,Base Oficial Ergast Motor Racing Database / FIA Qualifying Classification
2019,12,kvyat,Daniil Kvyat,Toro Rosso,13,1:16.750,1:16.692,,Base Oficial Ergast Motor Racing Database / FIA Qualifying Classification
2019,12,giovinazzi,Antonio Giovinazzi,Alfa Romeo,14,1:16.894,1:16.804,,Base Oficial Ergast Motor Racing Database / FIA Qualifying Classification
2019,12,kevin_magnussen,Kevin Magnussen,Haas F1 Team,15,1:16.122,1:17.081,,Base Oficial Ergast Motor Racing Database / FIA Qualifying Classification
2019,12,russell,George Russell,Williams,16,1:17.031,,,Base Oficial Ergast Motor Racing Database / FIA Qualifying Classification
2019,12,perez,Sergio Perez,Racing Point,17,1:17.109,,,Base Oficial Ergast Motor Racing Database / FIA Qualifying Classification
2019,12,ricciardo,Daniel Ricciardo,Renault,18,1:17.257,,,Base Oficial Ergast Motor Racing Database / FIA Qualifying Classification
2019,12,stroll,Lance Stroll,Racing Point,19,1:17.542,,,Base Oficial Ergast Motor Racing Database / FIA Qualifying Classification
2019,12,kubica,Robert Kubica,Williams,20,1:18.324,,,Base Oficial Ergast Motor Racing Database / FIA Qualifying Classification
2019,13,leclerc,Charles Leclerc,Ferrari,1,1:43.587,1:42.938,1:42.519,Base Oficial Ergast Motor Racing Database / FIA Qualifying Classification
2019,13,vettel,Sebastian Vettel,Ferrari,2,1:44.109,1:43.037,1:43.267,Base Oficial Ergast Motor Racing Database / FIA Qualifying Classification
2019,13,hamilton,Lewis Hamilton,Mercedes,3,1:45.260,1:43.592,1:43.282,Base Oficial Ergast Motor Racing Database / FIA Qualifying Classification
2019,13,bottas,Valtteri Bottas,Mercedes,4,1:45.141,1:43.980,1:43.415,Base Oficial Ergast Motor Racing Database / FIA Qualifying Classification
2019,13,max_verstappen,Max Verstappen,Red Bull,5,1:44.622,1:44.132,1:43.690,Base Oficial Ergast Motor Racing Database / FIA Qualifying Classification
2019,13,ricciardo,Daniel Ricciardo,Renault,6,1:45.560,1:44.103,1:44.257,Base Oficial Ergast Motor Racing Database / FIA Qualifying Classification
2019,13,hulkenberg,Nico Hulkenberg,Renault,7,1:45.899,1:44.549,1:44.542,Base Oficial Ergast Motor Racing Database / FIA Qualifying Classification
2019,13,raikkonen,Kimi Raikkonen,Alfa Romeo,8,1:45.842,1:44.140,1:44.557,Base Oficial Ergast Motor Racing Database / FIA Qualifying Classification
2019,13,perez,Sergio Perez,Racing Point,9,1:45.732,1:44.707,1:44.706,Base Oficial Ergast Motor Racing Database / FIA Qualifying Classification
2019,13,kevin_magnussen,Kevin Magnussen,Haas F1 Team,10,1:45.839,1:44.738,1:45.086,Base Oficial Ergast Motor Racing Database / FIA Qualifying Classification
2019,13,grosjean,Romain Grosjean,Haas F1 Team,11,1:45.694,1:44.797,,Base Oficial Ergast Motor Racing Database / FIA Qualifying Classification
2019,13,norris,Lando Norris,McLaren,12,1:46.154,1:44.847,,Base Oficial Ergast Motor Racing Database / FIA Qualifying Classification
2019,13,stroll,Lance Stroll,Racing Point,13,1:46.000,1:45.047,,Base Oficial Ergast Motor Racing Database / FIA Qualifying Classification
2019,13,albon,Alexander Albon,Red Bull,14,1:45.528,1:45.799,,Base Oficial Ergast Motor Racing Database / FIA Qualifying Classification
2019,13,giovinazzi,Antonio Giovinazzi,Alfa Romeo,15,1:45.637,,,Base Oficial Ergast Motor Racing Database / FIA Qualifying Classification
2019,13,gasly,Pierre Gasly,Toro Rosso,16,1:46.435,,,Base Oficial Ergast Motor Racing Database / FIA Qualifying Classification
2019,13,sainz,Carlos Sainz,McLaren,17,1:46.507,,,Base Oficial Ergast Motor Racing Database / FIA Qualifying Classification
2019,13,kvyat,Daniil Kvyat,Toro Rosso,18,1:46.518,,,Base Oficial Ergast Motor Racing Database / FIA Qualifying Classification
2019,13,russell,George Russell,Williams,19,1:47.548,,,Base Oficial Ergast Motor Racing Database / FIA Qualifying Classification
2019,13,kubica,Robert Kubica,Williams,20,,,,Base Oficial Ergast Motor Racing Database / FIA Qualifying Classification
2019,14,leclerc,Charles Leclerc,Ferrari,1,1:20.126,1:19.553,1:19.307,Base Oficial Ergast Motor Racing Database / FIA Qualifying Classification
2019,14,hamilton,Lewis Hamilton,Mercedes,2,1:20.272,1:19.464,1:19.346,Base Oficial Ergast Motor Racing Database / FIA Qualifying Classification
2019,14,bottas,Valtteri Bottas,Mercedes,3,1:20.156,1:20.018,1:19.354,Base Oficial Ergast Motor Racing Database / FIA Qualifying Classification
2019,14,vettel,Sebastian Vettel,Ferrari,4,1:20.378,1:19.715,1:19.457,Base Oficial Ergast Motor Racing Database / FIA Qualifying Classification
2019,14,ricciardo,Daniel Ricciardo,Renault,5,1:20.374,1:19.833,1:19.839,Base Oficial Ergast Motor Racing Database / FIA Qualifying Classification
2019,14,hulkenberg,Nico Hulkenberg,Renault,6,1:20.155,1:20.275,1:20.049,Base Oficial Ergast Motor Racing Database / FIA Qualifying Classification
2019,14,sainz,Carlos Sainz,McLaren,7,1:20.413,1:20.202,1:20.455,Base Oficial Ergast Motor Racing Database / FIA Qualifying Classification
2019,14,albon,Alexander Albon,Red Bull,8,1:20.382,1:20.021,,Base Oficial Ergast Motor Racing Database / FIA Qualifying Classification
2019,14,stroll,Lance Stroll,Racing Point,9,1:20.643,1:20.498,,Base Oficial Ergast Motor Racing Database / FIA Qualifying Classification
2019,14,raikkonen,Kimi Raikkonen,Alfa Romeo,10,1:20.634,1:20.515,,Base Oficial Ergast Motor Racing Database / FIA Qualifying Classification
2019,14,giovinazzi,Antonio Giovinazzi,Alfa Romeo,11,1:20.657,1:20.517,,Base Oficial Ergast Motor Racing Database / FIA Qualifying Classification
2019,14,kevin_magnussen,Kevin Magnussen,Haas F1 Team,12,1:20.616,1:20.615,,Base Oficial Ergast Motor Racing Database / FIA Qualifying Classification
2019,14,kvyat,Daniil Kvyat,Toro Rosso,13,1:20.723,1:20.630,,Base Oficial Ergast Motor Racing Database / FIA Qualifying Classification
2019,14,norris,Lando Norris,McLaren,14,1:20.646,1:21.068,,Base Oficial Ergast Motor Racing Database / FIA Qualifying Classification
2019,14,gasly,Pierre Gasly,Toro Rosso,15,1:20.508,1:21.125,,Base Oficial Ergast Motor Racing Database / FIA Qualifying Classification
2019,14,grosjean,Romain Grosjean,Haas F1 Team,16,1:20.784,,,Base Oficial Ergast Motor Racing Database / FIA Qualifying Classification
2019,14,perez,Sergio Perez,Racing Point,17,1:21.291,,,Base Oficial Ergast Motor Racing Database / FIA Qualifying Classification
2019,14,russell,George Russell,Williams,18,1:21.800,,,Base Oficial Ergast Motor Racing Database / FIA Qualifying Classification
2019,14,kubica,Robert Kubica,Williams,19,1:22.356,,,Base Oficial Ergast Motor Racing Database / FIA Qualifying Classification
2019,14,max_verstappen,Max Verstappen,Red Bull,20,,,,Base Oficial Ergast Motor Racing Database / FIA Qualifying Classification
2019,15,leclerc,Charles Leclerc,Ferrari,1,1:38.014,1:36.650,1:36.217,Base Oficial Ergast Motor Racing Database / FIA Qualifying Classification
2019,15,hamilton,Lewis Hamilton,Mercedes,2,1:37.565,1:36.933,1:36.408,Base Oficial Ergast Motor Racing Database / FIA Qualifying Classification
2019,15,vettel,Sebastian Vettel,Ferrari,3,1:38.374,1:36.720,1:36.437,Base Oficial Ergast Motor Racing Database / FIA Qualifying Classification
2019,15,max_verstappen,Max Verstappen,Red Bull,4,1:38.540,1:37.089,1:36.813,Base Oficial Ergast Motor Racing Database / FIA Qualifying Classification
2019,15,bottas,Valtteri Bottas,Mercedes,5,1:37.317,1:37.142,1:37.146,Base Oficial Ergast Motor Racing Database / FIA Qualifying Classification
2019,15,albon,Alexander Albon,Red Bull,6,1:39.106,1:37.865,1:37.411,Base Oficial Ergast Motor Racing Database / FIA Qualifying Classification
2019,15,sainz,Carlos Sainz,McLaren,7,1:38.882,1:37.982,1:37.818,Base Oficial Ergast Motor Racing Database / FIA Qualifying Classification
2019,15,hulkenberg,Nico Hulkenberg,Renault,8,1:39.001,1:38.580,1:38.264,Base Oficial Ergast Motor Racing Database / FIA Qualifying Classification
2019,15,norris,Lando Norris,McLaren,9,1:38.606,1:37.572,1:38.329,Base Oficial Ergast Motor Racing Database / FIA Qualifying Classification
2019,15,perez,Sergio Perez,Racing Point,10,1:39.909,1:38.520,,Base Oficial Ergast Motor Racing Database / FIA Qualifying Classification
2019,15,giovinazzi,Antonio Giovinazzi,Alfa Romeo,11,1:39.272,1:38.697,,Base Oficial Ergast Motor Racing Database / FIA Qualifying Classification
2019,15,gasly,Pierre Gasly,Toro Rosso,12,1:39.085,1:38.699,,Base Oficial Ergast Motor Racing Database / FIA Qualifying Classification
2019,15,raikkonen,Kimi Raikkonen,Alfa Romeo,13,1:39.454,1:38.858,,Base Oficial Ergast Motor Racing Database / FIA Qualifying Classification
2019,15,kevin_magnussen,Kevin Magnussen,Haas F1 Team,14,1:39.942,1:39.650,,Base Oficial Ergast Motor Racing Database / FIA Qualifying Classification
2019,15,kvyat,Daniil Kvyat,Toro Rosso,15,1:39.957,,,Base Oficial Ergast Motor Racing Database / FIA Qualifying Classification
2019,15,stroll,Lance Stroll,Racing Point,16,1:39.979,,,Base Oficial Ergast Motor Racing Database / FIA Qualifying Classification
2019,15,grosjean,Romain Grosjean,Haas F1 Team,17,1:40.277,,,Base Oficial Ergast Motor Racing Database / FIA Qualifying Classification
2019,15,russell,George Russell,Williams,18,1:40.867,,,Base Oficial Ergast Motor Racing Database / FIA Qualifying Classification
2019,15,kubica,Robert Kubica,Williams,19,1:41.186,,,Base Oficial Ergast Motor Racing Database / FIA Qualifying Classification
2019,15,ricciardo,Daniel Ricciardo,Renault,20,,,,Base Oficial Ergast Motor Racing Database / FIA Qualifying Classification
2019,16,leclerc,Charles Leclerc,Ferrari,1,1:33.613,1:32.434,1:31.628,Base Oficial Ergast Motor Racing Database / FIA Qualifying Classification
2019,16,hamilton,Lewis Hamilton,Mercedes,2,1:33.230,1:33.134,1:32.030,Base Oficial Ergast Motor Racing Database / FIA Qualifying Classification
2019,16,vettel,Sebastian Vettel,Ferrari,3,1:33.032,1:32.536,1:32.053,Base Oficial Ergast Motor Racing Database / FIA Qualifying Classification
2019,16,max_verstappen,Max Verstappen,Red Bull,4,1:33.368,1:32.634,1:32.310,Base Oficial Ergast Motor Racing Database / FIA Qualifying Classification
2019,16,bottas,Valtteri Bottas,Mercedes,5,1:33.413,1:33.281,1:32.632,Base Oficial Ergast Motor Racing Database / FIA Qualifying Classification
2019,16,sainz,Carlos Sainz,McLaren,6,1:34.184,1:33.807,1:33.222,Base Oficial Ergast Motor Racing Database / FIA Qualifying Classification
2019,16,hulkenberg,Nico Hulkenberg,Renault,7,1:34.236,1:33.898,1:33.289,Base Oficial Ergast Motor Racing Database / FIA Qualifying Classification
2019,16,norris,Lando Norris,McLaren,8,1:34.201,1:33.725,1:33.301,Base Oficial Ergast Motor Racing Database / FIA Qualifying Classification
2019,16,grosjean,Romain Grosjean,Haas F1 Team,9,1:34.283,1:33.643,1:33.517,Base Oficial Ergast Motor Racing Database / FIA Qualifying Classification
2019,16,ricciardo,Daniel Ricciardo,Renault,10,1:34.138,1:33.862,1:33.661,Base Oficial Ergast Motor Racing Database / FIA Qualifying Classification
2019,16,gasly,Pierre Gasly,Toro Rosso,11,1:34.456,1:33.950,,Base Oficial Ergast Motor Racing Database / FIA Qualifying Classification
2019,16,perez,Sergio Perez,Racing Point,12,1:34.336,1:33.958,,Base Oficial Ergast Motor Racing Database / FIA Qualifying Classification
2019,16,giovinazzi,Antonio Giovinazzi,Alfa Romeo,13,1:34.755,1:34.037,,Base Oficial Ergast Motor Racing Database / FIA Qualifying Classification
2019,16,kevin_magnussen,Kevin Magnussen,Haas F1 Team,14,1:33.889,1:34.082,,Base Oficial Ergast Motor Racing Database / FIA Qualifying Classification
2019,16,stroll,Lance Stroll,Racing Point,15,1:34.287,1:34.233,,Base Oficial Ergast Motor Racing Database / FIA Qualifying Classification
2019,16,raikkonen,Kimi Raikkonen,Alfa Romeo,16,1:34.840,,,Base Oficial Ergast Motor Racing Database / FIA Qualifying Classification
2019,16,russell,George Russell,Williams,17,1:35.356,,,Base Oficial Ergast Motor Racing Database / FIA Qualifying Classification
2019,16,kubica,Robert Kubica,Williams,18,1:36.474,,,Base Oficial Ergast Motor Racing Database / FIA Qualifying Classification
2019,16,albon,Alexander Albon,Red Bull,19,1:39.197,,,Base Oficial Ergast Motor Racing Database / FIA Qualifying Classification
2019,16,kvyat,Daniil Kvyat,Toro Rosso,20,1:39.544,,,Base Oficial Ergast Motor Racing Database / FIA Qualifying Classification
2019,17,vettel,Sebastian Vettel,Ferrari,1,1:28.988,1:28.174,1:27.064,Base Oficial Ergast Motor Racing Database / FIA Qualifying Classification
2019,17,leclerc,Charles Leclerc,Ferrari,2,1:28.405,1:28.179,1:27.253,Base Oficial Ergast Motor Racing Database / FIA Qualifying Classification
2019,17,bottas,Valtteri Bottas,Mercedes,3,1:28.896,1:27.688,1:27.293,Base Oficial Ergast Motor Racing Database / FIA Qualifying Classification
2019,17,hamilton,Lewis Hamilton,Mercedes,4,1:28.735,1:27.826,1:27.302,Base Oficial Ergast Motor Racing Database / FIA Qualifying Classification
2019,17,max_verstappen,Max Verstappen,Red Bull,5,1:28.754,1:28.499,1:27.851,Base Oficial Ergast Motor Racing Database / FIA Qualifying Classification
2019,17,albon,Alexander Albon,Red Bull,6,1:29.351,1:28.156,1:27.851,Base Oficial Ergast Motor Racing Database / FIA Qualifying Classification
2019,17,sainz,Carlos Sainz,McLaren,7,1:29.018,1:28.577,1:28.304,Base Oficial Ergast Motor Racing Database / FIA Qualifying Classification
2019,17,norris,Lando Norris,McLaren,8,1:28.873,1:28.571,1:28.464,Base Oficial Ergast Motor Racing Database / FIA Qualifying Classification
2019,17,gasly,Pierre Gasly,Toro Rosso,9,1:29.411,1:28.779,1:28.836,Base Oficial Ergast Motor Racing Database / FIA Qualifying Classification
2019,17,grosjean,Romain Grosjean,Haas F1 Team,10,1:29.572,1:29.144,1:29.341,Base Oficial Ergast Motor Racing Database / FIA Qualifying Classification
2019,17,giovinazzi,Antonio Giovinazzi,Alfa Romeo,11,1:29.604,1:29.254,,Base Oficial Ergast Motor Racing Database / FIA Qualifying Classification
2019,17,stroll,Lance Stroll,Racing Point,12,1:29.594,1:29.345,,Base Oficial Ergast Motor Racing Database / FIA Qualifying Classification
2019,17,raikkonen,Kimi Raikkonen,Alfa Romeo,13,1:29.636,1:29.358,,Base Oficial Ergast Motor Racing Database / FIA Qualifying Classification
2019,17,kvyat,Daniil Kvyat,Toro Rosso,14,1:29.723,1:29.563,,Base Oficial Ergast Motor Racing Database / FIA Qualifying Classification
2019,17,hulkenberg,Nico Hulkenberg,Renault,15,1:29.619,1:30.112,,Base Oficial Ergast Motor Racing Database / FIA Qualifying Classification
2019,17,ricciardo,Daniel Ricciardo,Renault,16,1:29.822,,,Base Oficial Ergast Motor Racing Database / FIA Qualifying Classification
2019,17,perez,Sergio Perez,Racing Point,17,1:30.344,,,Base Oficial Ergast Motor Racing Database / FIA Qualifying Classification
2019,17,russell,George Russell,Williams,18,1:30.364,,,Base Oficial Ergast Motor Racing Database / FIA Qualifying Classification
2019,17,kevin_magnussen,Kevin Magnussen,Haas F1 Team,19,,,,Base Oficial Ergast Motor Racing Database / FIA Qualifying Classification
2019,17,kubica,Robert Kubica,Williams,20,,,,Base Oficial Ergast Motor Racing Database / FIA Qualifying Classification
2019,18,max_verstappen,Max Verstappen,Red Bull,1,1:15.949,1:16.136,1:14.758,Base Oficial Ergast Motor Racing Database / FIA Qualifying Classification
2019,18,leclerc,Charles Leclerc,Ferrari,2,1:16.364,1:16.219,1:15.024,Base Oficial Ergast Motor Racing Database / FIA Qualifying Classification
2019,18,vettel,Sebastian Vettel,Ferrari,3,1:16.696,1:15.914,1:15.170,Base Oficial Ergast Motor Racing Database / FIA Qualifying Classification
2019,18,hamilton,Lewis Hamilton,Mercedes,4,1:16.424,1:15.721,1:15.262,Base Oficial Ergast Motor Racing Database / FIA Qualifying Classification
2019,18,albon,Alexander Albon,Red Bull,5,1:16.175,1:16.574,1:15.336,Base Oficial Ergast Motor Racing Database / FIA Qualifying Classification
2019,18,bottas,Valtteri Bottas,Mercedes,6,1:17.062,1:15.852,1:15.338,Base Oficial Ergast Motor Racing Database / FIA Qualifying Classification
2019,18,sainz,Carlos Sainz,McLaren,7,1:17.044,1:16.267,1:16.014,Base Oficial Ergast Motor Racing Database / FIA Qualifying Classification
2019,18,norris,Lando Norris,McLaren,8,1:17.092,1:16.447,1:16.322,Base Oficial Ergast Motor Racing Database / FIA Qualifying Classification
2019,18,kvyat,Daniil Kvyat,Toro Rosso,9,1:17.041,1:16.657,1:16.469,Base Oficial Ergast Motor Racing Database / FIA Qualifying Classification
2019,18,gasly,Pierre Gasly,Toro Rosso,10,1:17.065,1:16.679,1:16.586,Base Oficial Ergast Motor Racing Database / FIA Qualifying Classification
2019,18,perez,Sergio Perez,Racing Point,11,1:17.465,1:16.687,,Base Oficial Ergast Motor Racing Database / FIA Qualifying Classification
2019,18,hulkenberg,Nico Hulkenberg,Renault,12,1:17.608,1:16.885,,Base Oficial Ergast Motor Racing Database / FIA Qualifying Classification
2019,18,ricciardo,Daniel Ricciardo,Renault,13,1:17.270,1:16.933,,Base Oficial Ergast Motor Racing Database / FIA Qualifying Classification
2019,18,raikkonen,Kimi Raikkonen,Alfa Romeo,14,1:17.225,1:16.967,,Base Oficial Ergast Motor Racing Database / FIA Qualifying Classification
2019,18,giovinazzi,Antonio Giovinazzi,Alfa Romeo,15,1:17.794,1:17.269,,Base Oficial Ergast Motor Racing Database / FIA Qualifying Classification
2019,18,stroll,Lance Stroll,Racing Point,16,1:18.065,,,Base Oficial Ergast Motor Racing Database / FIA Qualifying Classification
2019,18,kevin_magnussen,Kevin Magnussen,Haas F1 Team,17,1:18.436,,,Base Oficial Ergast Motor Racing Database / FIA Qualifying Classification
2019,18,grosjean,Romain Grosjean,Haas F1 Team,18,1:18.599,,,Base Oficial Ergast Motor Racing Database / FIA Qualifying Classification
2019,18,russell,George Russell,Williams,19,1:18.823,,,Base Oficial Ergast Motor Racing Database / FIA Qualifying Classification
2019,18,kubica,Robert Kubica,Williams,20,1:20.179,,,Base Oficial Ergast Motor Racing Database / FIA Qualifying Classification
2019,19,bottas,Valtteri Bottas,Mercedes,1,1:33.750,1:33.160,1:32.029,Base Oficial Ergast Motor Racing Database / FIA Qualifying Classification
2019,19,vettel,Sebastian Vettel,Ferrari,2,1:33.766,1:33.782,1:32.041,Base Oficial Ergast Motor Racing Database / FIA Qualifying Classification
2019,19,max_verstappen,Max Verstappen,Red Bull,3,1:33.549,1:33.120,1:32.096,Base Oficial Ergast Motor Racing Database / FIA Qualifying Classification
2019,19,leclerc,Charles Leclerc,Ferrari,4,1:33.988,1:32.760,1:32.137,Base Oficial Ergast Motor Racing Database / FIA Qualifying Classification
2019,19,hamilton,Lewis Hamilton,Mercedes,5,1:33.454,1:33.045,1:32.321,Base Oficial Ergast Motor Racing Database / FIA Qualifying Classification
2019,19,albon,Alexander Albon,Red Bull,6,1:33.984,1:32.898,1:32.548,Base Oficial Ergast Motor Racing Database / FIA Qualifying Classification
2019,19,sainz,Carlos Sainz,McLaren,7,1:33.916,1:33.422,1:32.847,Base Oficial Ergast Motor Racing Database / FIA Qualifying Classification
2019,19,norris,Lando Norris,McLaren,8,1:33.353,1:33.316,1:33.175,Base Oficial Ergast Motor Racing Database / FIA Qualifying Classification
2019,19,ricciardo,Daniel Ricciardo,Renault,9,1:33.835,1:33.608,1:33.488,Base Oficial Ergast Motor Racing Database / FIA Qualifying Classification
2019,19,gasly,Pierre Gasly,Toro Rosso,10,1:33.556,1:33.715,1:33.601,Base Oficial Ergast Motor Racing Database / FIA Qualifying Classification
2019,19,hulkenberg,Nico Hulkenberg,Renault,11,1:34.092,1:33.815,,Base Oficial Ergast Motor Racing Database / FIA Qualifying Classification
2019,19,kevin_magnussen,Kevin Magnussen,Haas F1 Team,12,1:33.812,1:33.979,,Base Oficial Ergast Motor Racing Database / FIA Qualifying Classification
2019,19,kvyat,Daniil Kvyat,Toro Rosso,13,1:34.138,1:33.989,,Base Oficial Ergast Motor Racing Database / FIA Qualifying Classification
2019,19,stroll,Lance Stroll,Racing Point,14,1:33.921,1:34.100,,Base Oficial Ergast Motor Racing Database / FIA Qualifying Classification
2019,19,grosjean,Romain Grosjean,Haas F1 Team,15,1:34.161,1:34.158,,Base Oficial Ergast Motor Racing Database / FIA Qualifying Classification
2019,19,giovinazzi,Antonio Giovinazzi,Alfa Romeo,16,1:34.226,,,Base Oficial Ergast Motor Racing Database / FIA Qualifying Classification
2019,19,raikkonen,Kimi Raikkonen,Alfa Romeo,17,1:34.369,,,Base Oficial Ergast Motor Racing Database / FIA Qualifying Classification
2019,19,russell,George Russell,Williams,18,1:35.372,,,Base Oficial Ergast Motor Racing Database / FIA Qualifying Classification
2019,19,perez,Sergio Perez,Racing Point,19,1:35.808,,,Base Oficial Ergast Motor Racing Database / FIA Qualifying Classification
2019,19,kubica,Robert Kubica,Williams,20,1:35.889,,,Base Oficial Ergast Motor Racing Database / FIA Qualifying Classification
2019,20,max_verstappen,Max Verstappen,Red Bull,1,1:08.242,1:07.503,1:07.508,Base Oficial Ergast Motor Racing Database / FIA Qualifying Classification
2019,20,vettel,Sebastian Vettel,Ferrari,2,1:08.556,1:08.050,1:07.631,Base Oficial Ergast Motor Racing Database / FIA Qualifying Classification
2019,20,hamilton,Lewis Hamilton,Mercedes,3,1:08.614,1:08.088,1:07.699,Base Oficial Ergast Motor Racing Database / FIA Qualifying Classification
2019,20,leclerc,Charles Leclerc,Ferrari,4,1:08.496,1:07.888,1:07.728,Base Oficial Ergast Motor Racing Database / FIA Qualifying Classification
2019,20,bottas,Valtteri Bottas,Mercedes,5,1:08.545,1:08.232,1:07.874,Base Oficial Ergast Motor Racing Database / FIA Qualifying Classification
2019,20,albon,Alexander Albon,Red Bull,6,1:08.503,1:08.117,1:07.935,Base Oficial Ergast Motor Racing Database / FIA Qualifying Classification
2019,20,gasly,Pierre Gasly,Toro Rosso,7,1:08.909,1:08.770,1:08.837,Base Oficial Ergast Motor Racing Database / FIA Qualifying Classification
2019,20,grosjean,Romain Grosjean,Haas F1 Team,8,1:09.197,1:08.705,1:08.854,Base Oficial Ergast Motor Racing Database / FIA Qualifying Classification
2019,20,raikkonen,Kimi Raikkonen,Alfa Romeo,9,1:09.276,1:08.858,1:08.984,Base Oficial Ergast Motor Racing Database / FIA Qualifying Classification
2019,20,kevin_magnussen,Kevin Magnussen,Haas F1 Team,10,1:08.875,1:08.803,1:09.037,Base Oficial Ergast Motor Racing Database / FIA Qualifying Classification
2019,20,norris,Lando Norris,McLaren,11,1:08.891,1:08.868,,Base Oficial Ergast Motor Racing Database / FIA Qualifying Classification
2019,20,ricciardo,Daniel Ricciardo,Renault,12,1:09.086,1:08.903,,Base Oficial Ergast Motor Racing Database / FIA Qualifying Classification
2019,20,giovinazzi,Antonio Giovinazzi,Alfa Romeo,13,1:09.175,1:08.919,,Base Oficial Ergast Motor Racing Database / FIA Qualifying Classification
2019,20,hulkenberg,Nico Hulkenberg,Renault,14,1:09.050,1:08.921,,Base Oficial Ergast Motor Racing Database / FIA Qualifying Classification
2019,20,perez,Sergio Perez,Racing Point,15,1:09.288,1:09.035,,Base Oficial Ergast Motor Racing Database / FIA Qualifying Classification
2019,20,kvyat,Daniil Kvyat,Toro Rosso,16,1:09.320,,,Base Oficial Ergast Motor Racing Database / FIA Qualifying Classification
2019,20,stroll,Lance Stroll,Racing Point,17,1:09.536,,,Base Oficial Ergast Motor Racing Database / FIA Qualifying Classification
2019,20,russell,George Russell,Williams,18,1:10.126,,,Base Oficial Ergast Motor Racing Database / FIA Qualifying Classification
2019,20,kubica,Robert Kubica,Williams,19,1:10.614,,,Base Oficial Ergast Motor Racing Database / FIA Qualifying Classification
2019,20,sainz,Carlos Sainz,McLaren,20,,,,Base Oficial Ergast Motor Racing Database / FIA Qualifying Classification
2019,21,hamilton,Lewis Hamilton,Mercedes,1,1:35.851,1:35.634,1:34.779,Base Oficial Ergast Motor Racing Database / FIA Qualifying Classification
2019,21,bottas,Valtteri Bottas,Mercedes,2,1:36.200,1:35.674,1:34.973,Base Oficial Ergast Motor Racing Database / FIA Qualifying Classification
2019,21,max_verstappen,Max Verstappen,Red Bull,3,1:36.390,1:36.275,1:35.139,Base Oficial Ergast Motor Racing Database / FIA Qualifying Classification
2019,21,leclerc,Charles Leclerc,Ferrari,4,1:36.478,1:35.543,1:35.219,Base Oficial Ergast Motor Racing Database / FIA Qualifying Classification
2019,21,vettel,Sebastian Vettel,Ferrari,5,1:36.963,1:35.786,1:35.339,Base Oficial Ergast Motor Racing Database / FIA Qualifying Classification
2019,21,albon,Alexander Albon,Red Bull,6,1:36.102,1:36.718,1:35.682,Base Oficial Ergast Motor Racing Database / FIA Qualifying Classification
2019,21,norris,Lando Norris,McLaren,7,1:37.545,1:36.764,1:36.436,Base Oficial Ergast Motor Racing Database / FIA Qualifying Classification
2019,21,ricciardo,Daniel Ricciardo,Renault,8,1:37.106,1:36.785,1:36.456,Base Oficial Ergast Motor Racing Database / FIA Qualifying Classification
2019,21,sainz,Carlos Sainz,McLaren,9,1:37.358,1:36.308,1:36.459,Base Oficial Ergast Motor Racing Database / FIA Qualifying Classification
2019,21,hulkenberg,Nico Hulkenberg,Renault,10,1:37.506,1:36.859,1:36.710,Base Oficial Ergast Motor Racing Database / FIA Qualifying Classification
2019,21,perez,Sergio Perez,Racing Point,11,1:36.961,1:37.055,,Base Oficial Ergast Motor Racing Database / FIA Qualifying Classification
2019,21,gasly,Pierre Gasly,Toro Rosso,12,1:37.198,1:37.089,,Base Oficial Ergast Motor Racing Database / FIA Qualifying Classification
2019,21,stroll,Lance Stroll,Racing Point,13,1:37.528,1:37.103,,Base Oficial Ergast Motor Racing Database / FIA Qualifying Classification
2019,21,kvyat,Daniil Kvyat,Toro Rosso,14,1:37.683,1:37.141,,Base Oficial Ergast Motor Racing Database / FIA Qualifying Classification
2019,21,kevin_magnussen,Kevin Magnussen,Haas F1 Team,15,1:37.710,1:37.254,,Base Oficial Ergast Motor Racing Database / FIA Qualifying Classification
2019,21,grosjean,Romain Grosjean,Haas F1 Team,16,1:38.051,,,Base Oficial Ergast Motor Racing Database / FIA Qualifying Classification
2019,21,giovinazzi,Antonio Giovinazzi,Alfa Romeo,17,1:38.114,,,Base Oficial Ergast Motor Racing Database / FIA Qualifying Classification
2019,21,raikkonen,Kimi Raikkonen,Alfa Romeo,18,1:38.383,,,Base Oficial Ergast Motor Racing Database / FIA Qualifying Classification
2019,21,russell,George Russell,Williams,19,1:38.717,,,Base Oficial Ergast Motor Racing Database / FIA Qualifying Classification
2019,21,kubica,Robert Kubica,Williams,20,1:39.236,,,Base Oficial Ergast Motor Racing Database / FIA Qualifying Classification
2020,1,bottas,Valtteri Bottas,Mercedes,1,1:04.111,1:03.015,1:02.939,Base Oficial Ergast Motor Racing Database / FIA Qualifying Classification
2020,1,hamilton,Lewis Hamilton,Mercedes,2,1:04.198,1:03.096,1:02.951,Base Oficial Ergast Motor Racing Database / FIA Qualifying Classification
2020,1,max_verstappen,Max Verstappen,Red Bull,3,1:04.024,1:04.000,1:03.477,Base Oficial Ergast Motor Racing Database / FIA Qualifying Classification
2020,1,norris,Lando Norris,McLaren,4,1:04.606,1:03.819,1:03.626,Base Oficial Ergast Motor Racing Database / FIA Qualifying Classification
2020,1,albon,Alexander Albon,Red Bull,5,1:04.661,1:03.746,1:03.868,Base Oficial Ergast Motor Racing Database / FIA Qualifying Classification
2020,1,perez,Sergio Perez,Racing Point,6,1:04.543,1:03.860,1:03.868,Base Oficial Ergast Motor Racing Database / FIA Qualifying Classification
2020,1,leclerc,Charles Leclerc,Ferrari,7,1:04.500,1:04.041,1:03.923,Base Oficial Ergast Motor Racing Database / FIA Qualifying Classification
2020,1,sainz,Carlos Sainz,McLaren,8,1:04.537,1:03.971,1:03.971,Base Oficial Ergast Motor Racing Database / FIA Qualifying Classification
2020,1,stroll,Lance Stroll,Racing Point,9,1:04.309,1:03.955,1:04.029,Base Oficial Ergast Motor Racing Database / FIA Qualifying Classification
2020,1,ricciardo,Daniel Ricciardo,Renault,10,1:04.556,1:04.023,1:04.239,Base Oficial Ergast Motor Racing Database / FIA Qualifying Classification
2020,1,vettel,Sebastian Vettel,Ferrari,11,1:04.554,1:04.206,,Base Oficial Ergast Motor Racing Database / FIA Qualifying Classification
2020,1,gasly,Pierre Gasly,AlphaTauri,12,1:04.603,1:04.305,,Base Oficial Ergast Motor Racing Database / FIA Qualifying Classification
2020,1,kvyat,Daniil Kvyat,AlphaTauri,13,1:05.031,1:04.431,,Base Oficial Ergast Motor Racing Database / FIA Qualifying Classification
2020,1,ocon,Esteban Ocon,Renault,14,1:04.933,1:04.643,,Base Oficial Ergast Motor Racing Database / FIA Qualifying Classification
2020,1,grosjean,Romain Grosjean,Haas F1 Team,15,1:05.094,1:04.691,,Base Oficial Ergast Motor Racing Database / FIA Qualifying Classification
2020,1,kevin_magnussen,Kevin Magnussen,Haas F1 Team,16,1:05.164,,,Base Oficial Ergast Motor Racing Database / FIA Qualifying Classification
2020,1,russell,George Russell,Williams,17,1:05.167,,,Base Oficial Ergast Motor Racing Database / FIA Qualifying Classification
2020,1,giovinazzi,Antonio Giovinazzi,Alfa Romeo,18,1:05.175,,,Base Oficial Ergast Motor Racing Database / FIA Qualifying Classification
2020,1,raikkonen,Kimi Raikkonen,Alfa Romeo,19,1:05.224,,,Base Oficial Ergast Motor Racing Database / FIA Qualifying Classification
2020,1,latifi,Nicholas Latifi,Williams,20,1:05.757,,,Base Oficial Ergast Motor Racing Database / FIA Qualifying Classification
2020,2,hamilton,Lewis Hamilton,Mercedes,1,1:18.188,1:17.825,1:19.273,Base Oficial Ergast Motor Racing Database / FIA Qualifying Classification
2020,2,max_verstappen,Max Verstappen,Red Bull,2,1:18.297,1:17.938,1:20.489,Base Oficial Ergast Motor Racing Database / FIA Qualifying Classification
2020,2,sainz,Carlos Sainz,McLaren,3,1:18.590,1:18.836,1:20.671,Base Oficial Ergast Motor Racing Database / FIA Qualifying Classification
2020,2,bottas,Valtteri Bottas,Mercedes,4,1:18.791,1:18.657,1:20.701,Base Oficial Ergast Motor Racing Database / FIA Qualifying Classification
2020,2,ocon,Esteban Ocon,Renault,5,1:19.687,1:18.764,1:20.922,Base Oficial Ergast Motor Racing Database / FIA Qualifying Classification
2020,2,norris,Lando Norris,McLaren,6,1:18.504,1:18.448,1:20.925,Base Oficial Ergast Motor Racing Database / FIA Qualifying Classification
2020,2,albon,Alexander Albon,Red Bull,7,1:20.882,1:19.014,1:21.011,Base Oficial Ergast Motor Racing Database / FIA Qualifying Classification
2020,2,gasly,Pierre Gasly,AlphaTauri,8,1:20.192,1:18.744,1:21.028,Base Oficial Ergast Motor Racing Database / FIA Qualifying Classification
2020,2,ricciardo,Daniel Ricciardo,Renault,9,1:19.662,1:19.229,1:21.192,Base Oficial Ergast Motor Racing Database / FIA Qualifying Classification
2020,2,vettel,Sebastian Vettel,Ferrari,10,1:20.243,1:19.545,1:21.651,Base Oficial Ergast Motor Racing Database / FIA Qualifying Classification
2020,2,leclerc,Charles Leclerc,Ferrari,11,1:20.871,1:19.628,,Base Oficial Ergast Motor Racing Database / FIA Qualifying Classification
2020,2,russell,George Russell,Williams,12,1:20.382,1:19.636,,Base Oficial Ergast Motor Racing Database / FIA Qualifying Classification
2020,2,stroll,Lance Stroll,Racing Point,13,1:19.697,1:19.645,,Base Oficial Ergast Motor Racing Database / FIA Qualifying Classification
2020,2,kvyat,Daniil Kvyat,AlphaTauri,14,1:19.824,1:19.717,,Base Oficial Ergast Motor Racing Database / FIA Qualifying Classification
2020,2,kevin_magnussen,Kevin Magnussen,Haas F1 Team,15,1:21.140,1:20.211,,Base Oficial Ergast Motor Racing Database / FIA Qualifying Classification
2020,2,raikkonen,Kimi Raikkonen,Alfa Romeo,16,1:21.140,,,Base Oficial Ergast Motor Racing Database / FIA Qualifying Classification
2020,2,perez,Sergio Perez,Racing Point,17,1:21.607,,,Base Oficial Ergast Motor Racing Database / FIA Qualifying Classification
2020,2,latifi,Nicholas Latifi,Williams,18,1:21.759,,,Base Oficial Ergast Motor Racing Database / FIA Qualifying Classification
2020,2,giovinazzi,Antonio Giovinazzi,Alfa Romeo,19,1:21.831,,,Base Oficial Ergast Motor Racing Database / FIA Qualifying Classification
2020,2,grosjean,Romain Grosjean,Haas F1 Team,20,,,,Base Oficial Ergast Motor Racing Database / FIA Qualifying Classification
2020,3,hamilton,Lewis Hamilton,Mercedes,1,1:14.907,1:14.261,1:13.447,Base Oficial Ergast Motor Racing Database / FIA Qualifying Classification
2020,3,bottas,Valtteri Bottas,Mercedes,2,1:15.474,1:14.530,1:13.554,Base Oficial Ergast Motor Racing Database / FIA Qualifying Classification
2020,3,stroll,Lance Stroll,Racing Point,3,1:14.895,1:15.176,1:14.377,Base Oficial Ergast Motor Racing Database / FIA Qualifying Classification
2020,3,perez,Sergio Perez,Racing Point,4,1:14.681,1:15.394,1:14.545,Base Oficial Ergast Motor Racing Database / FIA Qualifying Classification
2020,3,vettel,Sebastian Vettel,Ferrari,5,1:15.455,1:15.131,1:14.774,Base Oficial Ergast Motor Racing Database / FIA Qualifying Classification
2020,3,leclerc,Charles Leclerc,Ferrari,6,1:15.793,1:15.006,1:14.817,Base Oficial Ergast Motor Racing Database / FIA Qualifying Classification
2020,3,max_verstappen,Max Verstappen,Red Bull,7,1:15.495,1:14.976,1:14.849,Base Oficial Ergast Motor Racing Database / FIA Qualifying Classification
2020,3,norris,Lando Norris,McLaren,8,1:15.444,1:15.085,1:14.966,Base Oficial Ergast Motor Racing Database / FIA Qualifying Classification
2020,3,sainz,Carlos Sainz,McLaren,9,1:15.281,1:15.267,1:15.027,Base Oficial Ergast Motor Racing Database / FIA Qualifying Classification
2020,3,gasly,Pierre Gasly,AlphaTauri,10,1:15.767,1:15.508,,Base Oficial Ergast Motor Racing Database / FIA Qualifying Classification
2020,3,ricciardo,Daniel Ricciardo,Renault,11,1:15.848,1:15.661,,Base Oficial Ergast Motor Racing Database / FIA Qualifying Classification
2020,3,russell,George Russell,Williams,12,1:15.585,1:15.698,,Base Oficial Ergast Motor Racing Database / FIA Qualifying Classification
2020,3,albon,Alexander Albon,Red Bull,13,1:15.722,1:15.715,,Base Oficial Ergast Motor Racing Database / FIA Qualifying Classification
2020,3,ocon,Esteban Ocon,Renault,14,1:15.719,1:15.742,,Base Oficial Ergast Motor Racing Database / FIA Qualifying Classification
2020,3,latifi,Nicholas Latifi,Williams,15,1:16.105,1:16.544,,Base Oficial Ergast Motor Racing Database / FIA Qualifying Classification
2020,3,kevin_magnussen,Kevin Magnussen,Haas F1 Team,16,1:16.152,,,Base Oficial Ergast Motor Racing Database / FIA Qualifying Classification
2020,3,kvyat,Daniil Kvyat,AlphaTauri,17,1:16.204,,,Base Oficial Ergast Motor Racing Database / FIA Qualifying Classification
2020,3,grosjean,Romain Grosjean,Haas F1 Team,18,1:16.407,,,Base Oficial Ergast Motor Racing Database / FIA Qualifying Classification
2020,3,giovinazzi,Antonio Giovinazzi,Alfa Romeo,19,1:16.506,,,Base Oficial Ergast Motor Racing Database / FIA Qualifying Classification
2020,3,raikkonen,Kimi Raikkonen,Alfa Romeo,20,1:16.614,,,Base Oficial Ergast Motor Racing Database / FIA Qualifying Classification
2020,4,hamilton,Lewis Hamilton,Mercedes,1,1:25.900,1:25.347,1:24.303,Base Oficial Ergast Motor Racing Database / FIA Qualifying Classification
2020,4,bottas,Valtteri Bottas,Mercedes,2,1:25.801,1:25.015,1:24.616,Base Oficial Ergast Motor Racing Database / FIA Qualifying Classification
2020,4,max_verstappen,Max Verstappen,Red Bull,3,1:26.115,1:26.144,1:25.325,Base Oficial Ergast Motor Racing Database / FIA Qualifying Classification
2020,4,leclerc,Charles Leclerc,Ferrari,4,1:26.550,1:26.203,1:25.427,Base Oficial Ergast Motor Racing Database / FIA Qualifying Classification
2020,4,norris,Lando Norris,McLaren,5,1:26.855,1:26.420,1:25.782,Base Oficial Ergast Motor Racing Database / FIA Qualifying Classification
2020,4,stroll,Lance Stroll,Racing Point,6,1:26.243,1:26.501,1:25.839,Base Oficial Ergast Motor Racing Database / FIA Qualifying Classification
2020,4,sainz,Carlos Sainz,McLaren,7,1:26.715,1:26.149,1:25.965,Base Oficial Ergast Motor Racing Database / FIA Qualifying Classification
2020,4,ricciardo,Daniel Ricciardo,Renault,8,1:26.677,1:26.339,1:26.009,Base Oficial Ergast Motor Racing Database / FIA Qualifying Classification
2020,4,ocon,Esteban Ocon,Renault,9,1:26.396,1:26.252,1:26.209,Base Oficial Ergast Motor Racing Database / FIA Qualifying Classification
2020,4,vettel,Sebastian Vettel,Ferrari,10,1:26.469,1:26.455,1:26.339,Base Oficial Ergast Motor Racing Database / FIA Qualifying Classification
2020,4,gasly,Pierre Gasly,AlphaTauri,11,1:26.343,1:26.501,,Base Oficial Ergast Motor Racing Database / FIA Qualifying Classification
2020,4,albon,Alexander Albon,Red Bull,12,1:26.565,1:26.545,,Base Oficial Ergast Motor Racing Database / FIA Qualifying Classification
2020,4,hulkenberg,Nico Hulkenberg,Racing Point,13,1:26.327,1:26.566,,Base Oficial Ergast Motor Racing Database / FIA Qualifying Classification
2020,4,kvyat,Daniil Kvyat,AlphaTauri,14,1:26.774,1:26.744,,Base Oficial Ergast Motor Racing Database / FIA Qualifying Classification
2020,4,russell,George Russell,Williams,15,1:26.732,1:27.092,,Base Oficial Ergast Motor Racing Database / FIA Qualifying Classification
2020,4,kevin_magnussen,Kevin Magnussen,Haas F1 Team,16,1:27.158,,,Base Oficial Ergast Motor Racing Database / FIA Qualifying Classification
2020,4,giovinazzi,Antonio Giovinazzi,Alfa Romeo,17,1:27.164,,,Base Oficial Ergast Motor Racing Database / FIA Qualifying Classification
2020,4,raikkonen,Kimi Raikkonen,Alfa Romeo,18,1:27.366,,,Base Oficial Ergast Motor Racing Database / FIA Qualifying Classification
2020,4,grosjean,Romain Grosjean,Haas F1 Team,19,1:27.643,,,Base Oficial Ergast Motor Racing Database / FIA Qualifying Classification
2020,4,latifi,Nicholas Latifi,Williams,20,1:27.705,,,Base Oficial Ergast Motor Racing Database / FIA Qualifying Classification
2020,5,bottas,Valtteri Bottas,Mercedes,1,1:26.738,1:25.785,1:25.154,Base Oficial Ergast Motor Racing Database / FIA Qualifying Classification
2020,5,hamilton,Lewis Hamilton,Mercedes,2,1:26.818,1:26.266,1:25.217,Base Oficial Ergast Motor Racing Database / FIA Qualifying Classification
2020,5,hulkenberg,Nico Hulkenberg,Racing Point,3,1:27.279,1:26.261,1:26.082,Base Oficial Ergast Motor Racing Database / FIA Qualifying Classification
2020,5,max_verstappen,Max Verstappen,Red Bull,4,1:27.154,1:26.779,1:26.176,Base Oficial Ergast Motor Racing Database / FIA Qualifying Classification
2020,5,ricciardo,Daniel Ricciardo,Renault,5,1:27.442,1:26.636,1:26.297,Base Oficial Ergast Motor Racing Database / FIA Qualifying Classification
2020,5,stroll,Lance Stroll,Racing Point,6,1:27.187,1:26.674,1:26.428,Base Oficial Ergast Motor Racing Database / FIA Qualifying Classification
2020,5,gasly,Pierre Gasly,AlphaTauri,7,1:27.154,1:26.523,1:26.534,Base Oficial Ergast Motor Racing Database / FIA Qualifying Classification
2020,5,leclerc,Charles Leclerc,Ferrari,8,1:27.427,1:26.709,1:26.614,Base Oficial Ergast Motor Racing Database / FIA Qualifying Classification
2020,5,albon,Alexander Albon,Red Bull,9,1:27.153,1:26.642,1:26.669,Base Oficial Ergast Motor Racing Database / FIA Qualifying Classification
2020,5,norris,Lando Norris,McLaren,10,1:27.217,1:26.885,1:26.778,Base Oficial Ergast Motor Racing Database / FIA Qualifying Classification
2020,5,ocon,Esteban Ocon,Renault,11,1:27.278,1:27.011,,Base Oficial Ergast Motor Racing Database / FIA Qualifying Classification
2020,5,vettel,Sebastian Vettel,Ferrari,12,1:27.612,1:27.078,,Base Oficial Ergast Motor Racing Database / FIA Qualifying Classification
2020,5,sainz,Carlos Sainz,McLaren,13,1:27.450,1:27.083,,Base Oficial Ergast Motor Racing Database / FIA Qualifying Classification
2020,5,grosjean,Romain Grosjean,Haas F1 Team,14,1:27.519,1:27.254,,Base Oficial Ergast Motor Racing Database / FIA Qualifying Classification
2020,5,russell,George Russell,Williams,15,1:27.757,1:27.455,,Base Oficial Ergast Motor Racing Database / FIA Qualifying Classification
2020,5,kvyat,Daniil Kvyat,AlphaTauri,16,1:27.882,,,Base Oficial Ergast Motor Racing Database / FIA Qualifying Classification
2020,5,kevin_magnussen,Kevin Magnussen,Haas F1 Team,17,1:28.236,,,Base Oficial Ergast Motor Racing Database / FIA Qualifying Classification
2020,5,latifi,Nicholas Latifi,Williams,18,1:28.430,,,Base Oficial Ergast Motor Racing Database / FIA Qualifying Classification
2020,5,giovinazzi,Antonio Giovinazzi,Alfa Romeo,19,1:28.433,,,Base Oficial Ergast Motor Racing Database / FIA Qualifying Classification
2020,5,raikkonen,Kimi Raikkonen,Alfa Romeo,20,1:28.493,,,Base Oficial Ergast Motor Racing Database / FIA Qualifying Classification
2020,6,hamilton,Lewis Hamilton,Mercedes,1,1:16.872,1:16.013,1:15.584,Base Oficial Ergast Motor Racing Database / FIA Qualifying Classification
2020,6,bottas,Valtteri Bottas,Mercedes,2,1:17.243,1:16.152,1:15.643,Base Oficial Ergast Motor Racing Database / FIA Qualifying Classification
2020,6,max_verstappen,Max Verstappen,Red Bull,3,1:17.213,1:16.518,1:16.292,Base Oficial Ergast Motor Racing Database / FIA Qualifying Classification
2020,6,perez,Sergio Perez,Racing Point,4,1:17.117,1:16.936,1:16.482,Base Oficial Ergast Motor Racing Database / FIA Qualifying Classification
2020,6,stroll,Lance Stroll,Racing Point,5,1:17.316,1:16.666,1:16.589,Base Oficial Ergast Motor Racing Database / FIA Qualifying Classification
2020,6,albon,Alexander Albon,Red Bull,6,1:17.419,1:17.163,1:17.029,Base Oficial Ergast Motor Racing Database / FIA Qualifying Classification
2020,6,sainz,Carlos Sainz,McLaren,7,1:17.438,1:16.876,1:17.044,Base Oficial Ergast Motor Racing Database / FIA Qualifying Classification
2020,6,norris,Lando Norris,McLaren,8,1:17.577,1:17.166,1:17.084,Base Oficial Ergast Motor Racing Database / FIA Qualifying Classification
2020,6,leclerc,Charles Leclerc,Ferrari,9,1:17.256,1:16.953,1:17.087,Base Oficial Ergast Motor Racing Database / FIA Qualifying Classification
2020,6,gasly,Pierre Gasly,AlphaTauri,10,1:17.356,1:16.800,1:17.136,Base Oficial Ergast Motor Racing Database / FIA Qualifying Classification
2020,6,vettel,Sebastian Vettel,Ferrari,11,1:17.573,1:17.168,,Base Oficial Ergast Motor Racing Database / FIA Qualifying Classification
2020,6,kvyat,Daniil Kvyat,AlphaTauri,12,1:17.676,1:17.192,,Base Oficial Ergast Motor Racing Database / FIA Qualifying Classification
2020,6,ricciardo,Daniel Ricciardo,Renault,13,1:17.667,1:17.198,,Base Oficial Ergast Motor Racing Database / FIA Qualifying Classification
2020,6,raikkonen,Kimi Raikkonen,Alfa Romeo,14,1:17.797,1:17.386,,Base Oficial Ergast Motor Racing Database / FIA Qualifying Classification
2020,6,ocon,Esteban Ocon,Renault,15,1:17.765,1:17.567,,Base Oficial Ergast Motor Racing Database / FIA Qualifying Classification
2020,6,kevin_magnussen,Kevin Magnussen,Haas F1 Team,16,1:17.908,,,Base Oficial Ergast Motor Racing Database / FIA Qualifying Classification
2020,6,grosjean,Romain Grosjean,Haas F1 Team,17,1:18.089,,,Base Oficial Ergast Motor Racing Database / FIA Qualifying Classification
2020,6,russell,George Russell,Williams,18,1:18.099,,,Base Oficial Ergast Motor Racing Database / FIA Qualifying Classification
2020,6,latifi,Nicholas Latifi,Williams,19,1:18.532,,,Base Oficial Ergast Motor Racing Database / FIA Qualifying Classification
2020,6,giovinazzi,Antonio Giovinazzi,Alfa Romeo,20,1:18.697,,,Base Oficial Ergast Motor Racing Database / FIA Qualifying Classification
2020,7,hamilton,Lewis Hamilton,Mercedes,1,1:42.323,1:42.014,1:41.252,Base Oficial Ergast Motor Racing Database / FIA Qualifying Classification
2020,7,bottas,Valtteri Bottas,Mercedes,2,1:42.534,1:42.126,1:41.763,Base Oficial Ergast Motor Racing Database / FIA Qualifying Classification
2020,7,max_verstappen,Max Verstappen,Red Bull,3,1:43.197,1:42.473,1:41.778,Base Oficial Ergast Motor Racing Database / FIA Qualifying Classification
2020,7,ricciardo,Daniel Ricciardo,Renault,4,1:43.309,1:42.487,1:42.061,Base Oficial Ergast Motor Racing Database / FIA Qualifying Classification
2020,7,albon,Alexander Albon,Red Bull,5,1:43.418,1:42.193,1:42.264,Base Oficial Ergast Motor Racing Database / FIA Qualifying Classification
2020,7,ocon,Esteban Ocon,Renault,6,1:43.505,1:42.534,1:42.396,Base Oficial Ergast Motor Racing Database / FIA Qualifying Classification
2020,7,sainz,Carlos Sainz,McLaren,7,1:43.322,1:42.478,1:42.438,Base Oficial Ergast Motor Racing Database / FIA Qualifying Classification
2020,7,perez,Sergio Perez,Racing Point,8,1:43.349,1:42.670,1:42.532,Base Oficial Ergast Motor Racing Database / FIA Qualifying Classification
2020,7,stroll,Lance Stroll,Racing Point,9,1:43.265,1:42.491,1:42.603,Base Oficial Ergast Motor Racing Database / FIA Qualifying Classification
2020,7,norris,Lando Norris,McLaren,10,1:43.514,1:42.722,1:42.657,Base Oficial Ergast Motor Racing Database / FIA Qualifying Classification
2020,7,kvyat,Daniil Kvyat,AlphaTauri,11,1:43.267,1:42.730,,Base Oficial Ergast Motor Racing Database / FIA Qualifying Classification
2020,7,gasly,Pierre Gasly,AlphaTauri,12,1:43.262,1:42.745,,Base Oficial Ergast Motor Racing Database / FIA Qualifying Classification
2020,7,leclerc,Charles Leclerc,Ferrari,13,1:43.656,1:42.996,,Base Oficial Ergast Motor Racing Database / FIA Qualifying Classification
2020,7,vettel,Sebastian Vettel,Ferrari,14,1:43.567,1:43.261,,Base Oficial Ergast Motor Racing Database / FIA Qualifying Classification
2020,7,russell,George Russell,Williams,15,1:43.630,1:43.468,,Base Oficial Ergast Motor Racing Database / FIA Qualifying Classification
2020,7,raikkonen,Kimi Raikkonen,Alfa Romeo,16,1:43.743,,,Base Oficial Ergast Motor Racing Database / FIA Qualifying Classification
2020,7,grosjean,Romain Grosjean,Haas F1 Team,17,1:43.838,,,Base Oficial Ergast Motor Racing Database / FIA Qualifying Classification
2020,7,giovinazzi,Antonio Giovinazzi,Alfa Romeo,18,1:43.950,,,Base Oficial Ergast Motor Racing Database / FIA Qualifying Classification
2020,7,latifi,Nicholas Latifi,Williams,19,1:44.138,,,Base Oficial Ergast Motor Racing Database / FIA Qualifying Classification
2020,7,kevin_magnussen,Kevin Magnussen,Haas F1 Team,20,1:44.314,,,Base Oficial Ergast Motor Racing Database / FIA Qualifying Classification
2020,8,hamilton,Lewis Hamilton,Mercedes,1,1:19.514,1:19.092,1:18.887,Base Oficial Ergast Motor Racing Database / FIA Qualifying Classification
2020,8,bottas,Valtteri Bottas,Mercedes,2,1:19.786,1:18.952,1:18.956,Base Oficial Ergast Motor Racing Database / FIA Qualifying Classification
2020,8,sainz,Carlos Sainz,McLaren,3,1:20.099,1:19.705,1:19.695,Base Oficial Ergast Motor Racing Database / FIA Qualifying Classification
2020,8,perez,Sergio Perez,Racing Point,4,1:20.048,1:19.718,1:19.720,Base Oficial Ergast Motor Racing Database / FIA Qualifying Classification
2020,8,max_verstappen,Max Verstappen,Red Bull,5,1:20.193,1:19.780,1:19.795,Base Oficial Ergast Motor Racing Database / FIA Qualifying Classification
2020,8,norris,Lando Norris,McLaren,6,1:20.344,1:19.962,1:19.820,Base Oficial Ergast Motor Racing Database / FIA Qualifying Classification
2020,8,ricciardo,Daniel Ricciardo,Renault,7,1:20.548,1:20.031,1:19.864,Base Oficial Ergast Motor Racing Database / FIA Qualifying Classification
2020,8,stroll,Lance Stroll,Racing Point,8,1:20.400,1:19.924,1:20.049,Base Oficial Ergast Motor Racing Database / FIA Qualifying Classification
2020,8,albon,Alexander Albon,Red Bull,9,1:21.104,1:20.064,1:20.090,Base Oficial Ergast Motor Racing Database / FIA Qualifying Classification
2020,8,gasly,Pierre Gasly,AlphaTauri,10,1:20.145,1:19.909,1:20.177,Base Oficial Ergast Motor Racing Database / FIA Qualifying Classification
2020,8,kvyat,Daniil Kvyat,AlphaTauri,11,1:20.307,1:20.169,,Base Oficial Ergast Motor Racing Database / FIA Qualifying Classification
2020,8,ocon,Esteban Ocon,Renault,12,1:20.747,1:20.234,,Base Oficial Ergast Motor Racing Database / FIA Qualifying Classification
2020,8,leclerc,Charles Leclerc,Ferrari,13,1:20.443,1:20.273,,Base Oficial Ergast Motor Racing Database / FIA Qualifying Classification
2020,8,raikkonen,Kimi Raikkonen,Alfa Romeo,14,1:21.010,1:20.926,,Base Oficial Ergast Motor Racing Database / FIA Qualifying Classification
2020,8,kevin_magnussen,Kevin Magnussen,Haas F1 Team,15,1:20.869,1:21.573,,Base Oficial Ergast Motor Racing Database / FIA Qualifying Classification
2020,8,grosjean,Romain Grosjean,Haas F1 Team,16,1:21.139,,,Base Oficial Ergast Motor Racing Database / FIA Qualifying Classification
2020,8,vettel,Sebastian Vettel,Ferrari,17,1:21.151,,,Base Oficial Ergast Motor Racing Database / FIA Qualifying Classification
2020,8,giovinazzi,Antonio Giovinazzi,Alfa Romeo,18,1:21.206,,,Base Oficial Ergast Motor Racing Database / FIA Qualifying Classification
2020,8,russell,George Russell,Williams,19,1:21.587,,,Base Oficial Ergast Motor Racing Database / FIA Qualifying Classification
2020,8,latifi,Nicholas Latifi,Williams,20,1:21.717,,,Base Oficial Ergast Motor Racing Database / FIA Qualifying Classification
2020,9,hamilton,Lewis Hamilton,Mercedes,1,1:15.778,1:15.309,1:15.144,Base Oficial Ergast Motor Racing Database / FIA Qualifying Classification
2020,9,bottas,Valtteri Bottas,Mercedes,2,1:15.749,1:15.322,1:15.203,Base Oficial Ergast Motor Racing Database / FIA Qualifying Classification
2020,9,max_verstappen,Max Verstappen,Red Bull,3,1:16.335,1:15.471,1:15.509,Base Oficial Ergast Motor Racing Database / FIA Qualifying Classification
2020,9,albon,Alexander Albon,Red Bull,4,1:16.527,1:15.914,1:15.954,Base Oficial Ergast Motor Racing Database / FIA Qualifying Classification
2020,9,leclerc,Charles Leclerc,Ferrari,5,1:16.698,1:16.324,1:16.270,Base Oficial Ergast Motor Racing Database / FIA Qualifying Classification
2020,9,perez,Sergio Perez,Racing Point,6,1:16.596,1:16.489,1:16.311,Base Oficial Ergast Motor Racing Database / FIA Qualifying Classification
2020,9,stroll,Lance Stroll,Racing Point,7,1:16.701,1:16.271,1:16.356,Base Oficial Ergast Motor Racing Database / FIA Qualifying Classification
2020,9,ricciardo,Daniel Ricciardo,Renault,8,1:16.981,1:16.243,1:16.543,Base Oficial Ergast Motor Racing Database / FIA Qualifying Classification
2020,9,sainz,Carlos Sainz,McLaren,9,1:16.993,1:16.522,1:17.870,Base Oficial Ergast Motor Racing Database / FIA Qualifying Classification
2020,9,ocon,Esteban Ocon,Renault,10,1:16.825,1:16.297,,Base Oficial Ergast Motor Racing Database / FIA Qualifying Classification
2020,9,norris,Lando Norris,McLaren,11,1:16.895,1:16.640,,Base Oficial Ergast Motor Racing Database / FIA Qualifying Classification
2020,9,kvyat,Daniil Kvyat,AlphaTauri,12,1:16.928,1:16.854,,Base Oficial Ergast Motor Racing Database / FIA Qualifying Classification
2020,9,raikkonen,Kimi Raikkonen,Alfa Romeo,13,1:17.059,1:16.854,,Base Oficial Ergast Motor Racing Database / FIA Qualifying Classification
2020,9,vettel,Sebastian Vettel,Ferrari,14,1:17.072,1:16.858,,Base Oficial Ergast Motor Racing Database / FIA Qualifying Classification
2020,9,grosjean,Romain Grosjean,Haas F1 Team,15,1:17.069,1:17.254,,Base Oficial Ergast Motor Racing Database / FIA Qualifying Classification
2020,9,gasly,Pierre Gasly,AlphaTauri,16,1:17.125,,,Base Oficial Ergast Motor Racing Database / FIA Qualifying Classification
2020,9,giovinazzi,Antonio Giovinazzi,Alfa Romeo,17,1:17.220,,,Base Oficial Ergast Motor Racing Database / FIA Qualifying Classification
2020,9,russell,George Russell,Williams,18,1:17.232,,,Base Oficial Ergast Motor Racing Database / FIA Qualifying Classification
2020,9,latifi,Nicholas Latifi,Williams,19,1:17.320,,,Base Oficial Ergast Motor Racing Database / FIA Qualifying Classification
2020,9,kevin_magnussen,Kevin Magnussen,Haas F1 Team,20,1:17.348,,,Base Oficial Ergast Motor Racing Database / FIA Qualifying Classification
2020,10,hamilton,Lewis Hamilton,Mercedes,1,1:32.983,1:32.835,1:31.304,Base Oficial Ergast Motor Racing Database / FIA Qualifying Classification
2020,10,max_verstappen,Max Verstappen,Red Bull,2,1:33.630,1:33.157,1:31.867,Base Oficial Ergast Motor Racing Database / FIA Qualifying Classification
2020,10,bottas,Valtteri Bottas,Mercedes,3,1:32.656,1:32.405,1:31.956,Base Oficial Ergast Motor Racing Database / FIA Qualifying Classification
2020,10,perez,Sergio Perez,Racing Point,4,1:33.704,1:33.038,1:32.317,Base Oficial Ergast Motor Racing Database / FIA Qualifying Classification
2020,10,ricciardo,Daniel Ricciardo,Renault,5,1:33.650,1:32.218,1:32.364,Base Oficial Ergast Motor Racing Database / FIA Qualifying Classification
2020,10,sainz,Carlos Sainz,McLaren,6,1:33.967,1:32.757,1:32.550,Base Oficial Ergast Motor Racing Database / FIA Qualifying Classification
2020,10,ocon,Esteban Ocon,Renault,7,1:33.557,1:33.196,1:32.624,Base Oficial Ergast Motor Racing Database / FIA Qualifying Classification
2020,10,norris,Lando Norris,McLaren,8,1:33.804,1:33.081,1:32.847,Base Oficial Ergast Motor Racing Database / FIA Qualifying Classification
2020,10,gasly,Pierre Gasly,AlphaTauri,9,1:33.734,1:33.139,1:33.000,Base Oficial Ergast Motor Racing Database / FIA Qualifying Classification
2020,10,albon,Alexander Albon,Red Bull,10,1:33.919,1:33.153,1:33.008,Base Oficial Ergast Motor Racing Database / FIA Qualifying Classification
2020,10,leclerc,Charles Leclerc,Ferrari,11,1:34.071,1:33.239,,Base Oficial Ergast Motor Racing Database / FIA Qualifying Classification
2020,10,kvyat,Daniil Kvyat,AlphaTauri,12,1:33.511,1:33.249,,Base Oficial Ergast Motor Racing Database / FIA Qualifying Classification
2020,10,stroll,Lance Stroll,Racing Point,13,1:33.852,1:33.364,,Base Oficial Ergast Motor Racing Database / FIA Qualifying Classification
2020,10,russell,George Russell,Williams,14,1:34.020,1:33.583,,Base Oficial Ergast Motor Racing Database / FIA Qualifying Classification
2020,10,vettel,Sebastian Vettel,Ferrari,15,1:34.134,1:33.609,,Base Oficial Ergast Motor Racing Database / FIA Qualifying Classification
2020,10,grosjean,Romain Grosjean,Haas F1 Team,16,1:34.592,,,Base Oficial Ergast Motor Racing Database / FIA Qualifying Classification
2020,10,giovinazzi,Antonio Giovinazzi,Alfa Romeo,17,1:34.594,,,Base Oficial Ergast Motor Racing Database / FIA Qualifying Classification
2020,10,kevin_magnussen,Kevin Magnussen,Haas F1 Team,18,1:34.681,,,Base Oficial Ergast Motor Racing Database / FIA Qualifying Classification
2020,10,latifi,Nicholas Latifi,Williams,19,1:35.066,,,Base Oficial Ergast Motor Racing Database / FIA Qualifying Classification
2020,10,raikkonen,Kimi Raikkonen,Alfa Romeo,20,1:35.267,,,Base Oficial Ergast Motor Racing Database / FIA Qualifying Classification
2020,11,bottas,Valtteri Bottas,Mercedes,1,1:26.573,1:25.971,1:25.269,Base Oficial Ergast Motor Racing Database / FIA Qualifying Classification
2020,11,hamilton,Lewis Hamilton,Mercedes,2,1:26.620,1:25.390,1:25.525,Base Oficial Ergast Motor Racing Database / FIA Qualifying Classification
2020,11,max_verstappen,Max Verstappen,Red Bull,3,1:26.319,1:25.467,1:25.562,Base Oficial Ergast Motor Racing Database / FIA Qualifying Classification
2020,11,leclerc,Charles Leclerc,Ferrari,4,1:26.857,1:26.240,1:26.035,Base Oficial Ergast Motor Racing Database / FIA Qualifying Classification
2020,11,albon,Alexander Albon,Red Bull,5,1:27.126,1:26.285,1:26.047,Base Oficial Ergast Motor Racing Database / FIA Qualifying Classification
2020,11,ricciardo,Daniel Ricciardo,Renault,6,1:26.836,1:26.096,1:26.223,Base Oficial Ergast Motor Racing Database / FIA Qualifying Classification
2020,11,ocon,Esteban Ocon,Renault,7,1:27.086,1:26.364,1:26.242,Base Oficial Ergast Motor Racing Database / FIA Qualifying Classification
2020,11,norris,Lando Norris,McLaren,8,1:26.829,1:26.316,1:26.458,Base Oficial Ergast Motor Racing Database / FIA Qualifying Classification
2020,11,perez,Sergio Perez,Racing Point,9,1:27.120,1:26.330,1:26.704,Base Oficial Ergast Motor Racing Database / FIA Qualifying Classification
2020,11,sainz,Carlos Sainz,McLaren,10,1:27.378,1:26.361,1:26.709,Base Oficial Ergast Motor Racing Database / FIA Qualifying Classification
2020,11,vettel,Sebastian Vettel,Ferrari,11,1:27.107,1:26.738,,Base Oficial Ergast Motor Racing Database / FIA Qualifying Classification
2020,11,gasly,Pierre Gasly,AlphaTauri,12,1:27.072,1:26.776,,Base Oficial Ergast Motor Racing Database / FIA Qualifying Classification
2020,11,kvyat,Daniil Kvyat,AlphaTauri,13,1:27.285,1:26.848,,Base Oficial Ergast Motor Racing Database / FIA Qualifying Classification
2020,11,giovinazzi,Antonio Giovinazzi,Alfa Romeo,14,1:27.532,1:26.936,,Base Oficial Ergast Motor Racing Database / FIA Qualifying Classification
2020,11,kevin_magnussen,Kevin Magnussen,Haas F1 Team,15,1:27.231,1:27.125,,Base Oficial Ergast Motor Racing Database / FIA Qualifying Classification
2020,11,grosjean,Romain Grosjean,Haas F1 Team,16,1:27.552,,,Base Oficial Ergast Motor Racing Database / FIA Qualifying Classification
2020,11,russell,George Russell,Williams,17,1:27.564,,,Base Oficial Ergast Motor Racing Database / FIA Qualifying Classification
2020,11,latifi,Nicholas Latifi,Williams,18,1:27.812,,,Base Oficial Ergast Motor Racing Database / FIA Qualifying Classification
2020,11,raikkonen,Kimi Raikkonen,Alfa Romeo,19,1:27.817,,,Base Oficial Ergast Motor Racing Database / FIA Qualifying Classification
2020,11,hulkenberg,Nico Hulkenberg,Racing Point,20,1:28.021,,,Base Oficial Ergast Motor Racing Database / FIA Qualifying Classification
2020,12,hamilton,Lewis Hamilton,Mercedes,1,1:16.828,1:16.824,1:16.652,Base Oficial Ergast Motor Racing Database / FIA Qualifying Classification
2020,12,bottas,Valtteri Bottas,Mercedes,2,1:16.945,1:16.466,1:16.754,Base Oficial Ergast Motor Racing Database / FIA Qualifying Classification
2020,12,max_verstappen,Max Verstappen,Red Bull,3,1:16.879,1:17.038,1:16.904,Base Oficial Ergast Motor Racing Database / FIA Qualifying Classification
2020,12,leclerc,Charles Leclerc,Ferrari,4,1:17.421,1:17.367,1:17.090,Base Oficial Ergast Motor Racing Database / FIA Qualifying Classification
2020,12,perez,Sergio Perez,Racing Point,5,1:17.370,1:17.129,1:17.223,Base Oficial Ergast Motor Racing Database / FIA Qualifying Classification
2020,12,albon,Alexander Albon,Red Bull,6,1:17.435,1:17.411,1:17.437,Base Oficial Ergast Motor Racing Database / FIA Qualifying Classification
2020,12,sainz,Carlos Sainz,McLaren,7,1:17.627,1:17.183,1:17.520,Base Oficial Ergast Motor Racing Database / FIA Qualifying Classification
2020,12,norris,Lando Norris,McLaren,8,1:17.547,1:17.321,1:17.525,Base Oficial Ergast Motor Racing Database / FIA Qualifying Classification
2020,12,gasly,Pierre Gasly,AlphaTauri,9,1:17.209,1:17.367,1:17.803,Base Oficial Ergast Motor Racing Database / FIA Qualifying Classification
2020,12,ricciardo,Daniel Ricciardo,Renault,10,1:17.621,1:17.481,,Base Oficial Ergast Motor Racing Database / FIA Qualifying Classification
2020,12,ocon,Esteban Ocon,Renault,11,1:17.775,1:17.614,,Base Oficial Ergast Motor Racing Database / FIA Qualifying Classification
2020,12,stroll,Lance Stroll,Racing Point,12,1:17.667,1:17.626,,Base Oficial Ergast Motor Racing Database / FIA Qualifying Classification
2020,12,kvyat,Daniil Kvyat,AlphaTauri,13,1:17.841,1:17.728,,Base Oficial Ergast Motor Racing Database / FIA Qualifying Classification
2020,12,russell,George Russell,Williams,14,1:17.931,1:17.788,,Base Oficial Ergast Motor Racing Database / FIA Qualifying Classification
2020,12,vettel,Sebastian Vettel,Ferrari,15,1:17.446,1:17.919,,Base Oficial Ergast Motor Racing Database / FIA Qualifying Classification
2020,12,raikkonen,Kimi Raikkonen,Alfa Romeo,16,1:18.201,,,Base Oficial Ergast Motor Racing Database / FIA Qualifying Classification
2020,12,giovinazzi,Antonio Giovinazzi,Alfa Romeo,17,1:18.323,,,Base Oficial Ergast Motor Racing Database / FIA Qualifying Classification
2020,12,grosjean,Romain Grosjean,Haas F1 Team,18,1:18.364,,,Base Oficial Ergast Motor Racing Database / FIA Qualifying Classification
2020,12,kevin_magnussen,Kevin Magnussen,Haas F1 Team,19,1:18.508,,,Base Oficial Ergast Motor Racing Database / FIA Qualifying Classification
2020,12,latifi,Nicholas Latifi,Williams,20,1:18.777,,,Base Oficial Ergast Motor Racing Database / FIA Qualifying Classification
2020,13,bottas,Valtteri Bottas,Mercedes,1,1:14.221,1:14.585,1:13.609,Base Oficial Ergast Motor Racing Database / FIA Qualifying Classification
2020,13,hamilton,Lewis Hamilton,Mercedes,2,1:14.229,1:14.643,1:13.706,Base Oficial Ergast Motor Racing Database / FIA Qualifying Classification
2020,13,max_verstappen,Max Verstappen,Red Bull,3,1:15.034,1:14.974,1:14.176,Base Oficial Ergast Motor Racing Database / FIA Qualifying Classification
2020,13,gasly,Pierre Gasly,AlphaTauri,4,1:15.183,1:14.681,1:14.502,Base Oficial Ergast Motor Racing Database / FIA Qualifying Classification
2020,13,ricciardo,Daniel Ricciardo,Renault,5,1:15.474,1:14.953,1:14.520,Base Oficial Ergast Motor Racing Database / FIA Qualifying Classification
2020,13,albon,Alexander Albon,Red Bull,6,1:15.402,1:14.745,1:14.572,Base Oficial Ergast Motor Racing Database / FIA Qualifying Classification
2020,13,leclerc,Charles Leclerc,Ferrari,7,1:15.123,1:15.017,1:14.616,Base Oficial Ergast Motor Racing Database / FIA Qualifying Classification
2020,13,kvyat,Daniil Kvyat,AlphaTauri,8,1:15.412,1:15.022,1:14.696,Base Oficial Ergast Motor Racing Database / FIA Qualifying Classification
2020,13,norris,Lando Norris,McLaren,9,1:15.274,1:15.051,1:14.814,Base Oficial Ergast Motor Racing Database / FIA Qualifying Classification
2020,13,sainz,Carlos Sainz,McLaren,10,1:15.528,1:15.027,1:14.911,Base Oficial Ergast Motor Racing Database / FIA Qualifying Classification
2020,13,perez,Sergio Perez,Racing Point,11,1:15.407,1:15.061,,Base Oficial Ergast Motor Racing Database / FIA Qualifying Classification
2020,13,ocon,Esteban Ocon,Renault,12,1:15.352,1:15.201,,Base Oficial Ergast Motor Racing Database / FIA Qualifying Classification
2020,13,russell,George Russell,Williams,13,1:15.760,1:15.323,,Base Oficial Ergast Motor Racing Database / FIA Qualifying Classification
2020,13,vettel,Sebastian Vettel,Ferrari,14,1:15.571,1:15.385,,Base Oficial Ergast Motor Racing Database / FIA Qualifying Classification
2020,13,stroll,Lance Stroll,Racing Point,15,1:15.822,1:15.494,,Base Oficial Ergast Motor Racing Database / FIA Qualifying Classification
2020,13,grosjean,Romain Grosjean,Haas F1 Team,16,1:15.918,,,Base Oficial Ergast Motor Racing Database / FIA Qualifying Classification
2020,13,kevin_magnussen,Kevin Magnussen,Haas F1 Team,17,1:15.939,,,Base Oficial Ergast Motor Racing Database / FIA Qualifying Classification
2020,13,raikkonen,Kimi Raikkonen,Alfa Romeo,18,1:15.953,,,Base Oficial Ergast Motor Racing Database / FIA Qualifying Classification
2020,13,latifi,Nicholas Latifi,Williams,19,1:15.987,,,Base Oficial Ergast Motor Racing Database / FIA Qualifying Classification
2020,13,giovinazzi,Antonio Giovinazzi,Alfa Romeo,20,1:16.208,,,Base Oficial Ergast Motor Racing Database / FIA Qualifying Classification
2020,14,stroll,Lance Stroll,Racing Point,1,2:07.467,1:53.372,1:47.765,Base Oficial Ergast Motor Racing Database / FIA Qualifying Classification
2020,14,max_verstappen,Max Verstappen,Red Bull,2,1:57.485,1:50.293,1:48.055,Base Oficial Ergast Motor Racing Database / FIA Qualifying Classification
2020,14,perez,Sergio Perez,Racing Point,3,2:07.614,1:54.097,1:49.321,Base Oficial Ergast Motor Racing Database / FIA Qualifying Classification
2020,14,albon,Alexander Albon,Red Bull,4,1:59.431,1:52.282,1:50.448,Base Oficial Ergast Motor Racing Database / FIA Qualifying Classification
2020,14,ricciardo,Daniel Ricciardo,Renault,5,2:05.598,1:54.278,1:51.595,Base Oficial Ergast Motor Racing Database / FIA Qualifying Classification
2020,14,hamilton,Lewis Hamilton,Mercedes,6,2:07.599,1:52.709,1:52.560,Base Oficial Ergast Motor Racing Database / FIA Qualifying Classification
2020,14,ocon,Esteban Ocon,Renault,7,2:06.115,1:53.657,1:52.622,Base Oficial Ergast Motor Racing Database / FIA Qualifying Classification
2020,14,raikkonen,Kimi Raikkonen,Alfa Romeo,8,2:01.249,1:53.793,1:52.745,Base Oficial Ergast Motor Racing Database / FIA Qualifying Classification
2020,14,bottas,Valtteri Bottas,Mercedes,9,2:07.001,1:53.767,1:53.258,Base Oficial Ergast Motor Racing Database / FIA Qualifying Classification
2020,14,giovinazzi,Antonio Giovinazzi,Alfa Romeo,10,2:07.341,1:53.431,1:57.226,Base Oficial Ergast Motor Racing Database / FIA Qualifying Classification
2020,14,norris,Lando Norris,McLaren,11,2:07.167,1:54.945,,Base Oficial Ergast Motor Racing Database / FIA Qualifying Classification
2020,14,vettel,Sebastian Vettel,Ferrari,12,2:03.356,1:55.169,,Base Oficial Ergast Motor Racing Database / FIA Qualifying Classification
2020,14,sainz,Carlos Sainz,McLaren,13,2:07.489,1:55.410,,Base Oficial Ergast Motor Racing Database / FIA Qualifying Classification
2020,14,leclerc,Charles Leclerc,Ferrari,14,2:04.464,1:56.696,,Base Oficial Ergast Motor Racing Database / FIA Qualifying Classification
2020,14,gasly,Pierre Gasly,AlphaTauri,15,2:05.579,1:58.556,,Base Oficial Ergast Motor Racing Database / FIA Qualifying Classification
2020,14,kevin_magnussen,Kevin Magnussen,Haas F1 Team,16,2:08.007,,,Base Oficial Ergast Motor Racing Database / FIA Qualifying Classification
2020,14,kvyat,Daniil Kvyat,AlphaTauri,17,2:09.070,,,Base Oficial Ergast Motor Racing Database / FIA Qualifying Classification
2020,14,russell,George Russell,Williams,18,2:10.017,,,Base Oficial Ergast Motor Racing Database / FIA Qualifying Classification
2020,14,grosjean,Romain Grosjean,Haas F1 Team,19,2:12.909,,,Base Oficial Ergast Motor Racing Database / FIA Qualifying Classification
2020,14,latifi,Nicholas Latifi,Williams,20,2:21.611,,,Base Oficial Ergast Motor Racing Database / FIA Qualifying Classification
2020,15,hamilton,Lewis Hamilton,Mercedes,1,1:28.343,1:27.586,1:27.264,Base Oficial Ergast Motor Racing Database / FIA Qualifying Classification
2020,15,bottas,Valtteri Bottas,Mercedes,2,1:28.767,1:28.063,1:27.553,Base Oficial Ergast Motor Racing Database / FIA Qualifying Classification
2020,15,max_verstappen,Max Verstappen,Red Bull,3,1:28.885,1:28.025,1:27.678,Base Oficial Ergast Motor Racing Database / FIA Qualifying Classification
2020,15,albon,Alexander Albon,Red Bull,4,1:28.732,1:28.749,1:28.274,Base Oficial Ergast Motor Racing Database / FIA Qualifying Classification
2020,15,perez,Sergio Perez,Racing Point,5,1:29.178,1:28.894,1:28.322,Base Oficial Ergast Motor Racing Database / FIA Qualifying Classification
2020,15,ricciardo,Daniel Ricciardo,Renault,6,1:29.005,1:28.648,1:28.417,Base Oficial Ergast Motor Racing Database / FIA Qualifying Classification
2020,15,ocon,Esteban Ocon,Renault,7,1:29.203,1:28.937,1:28.419,Base Oficial Ergast Motor Racing Database / FIA Qualifying Classification
2020,15,gasly,Pierre Gasly,AlphaTauri,8,1:28.971,1:29.008,1:28.448,Base Oficial Ergast Motor Racing Database / FIA Qualifying Classification
2020,15,norris,Lando Norris,McLaren,9,1:29.464,1:28.877,1:28.542,Base Oficial Ergast Motor Racing Database / FIA Qualifying Classification
2020,15,kvyat,Daniil Kvyat,AlphaTauri,10,1:29.158,1:28.944,1:28.618,Base Oficial Ergast Motor Racing Database / FIA Qualifying Classification
2020,15,vettel,Sebastian Vettel,Ferrari,11,1:29.142,1:29.149,,Base Oficial Ergast Motor Racing Database / FIA Qualifying Classification
2020,15,leclerc,Charles Leclerc,Ferrari,12,1:29.137,1:29.165,,Base Oficial Ergast Motor Racing Database / FIA Qualifying Classification
2020,15,stroll,Lance Stroll,Racing Point,13,1:28.679,1:29.557,,Base Oficial Ergast Motor Racing Database / FIA Qualifying Classification
2020,15,russell,George Russell,Williams,14,1:29.294,1:31.218,,Base Oficial Ergast Motor Racing Database / FIA Qualifying Classification
2020,15,sainz,Carlos Sainz,McLaren,15,1:28.975,,,Base Oficial Ergast Motor Racing Database / FIA Qualifying Classification
2020,15,giovinazzi,Antonio Giovinazzi,Alfa Romeo,16,1:29.491,,,Base Oficial Ergast Motor Racing Database / FIA Qualifying Classification
2020,15,raikkonen,Kimi Raikkonen,Alfa Romeo,17,1:29.810,,,Base Oficial Ergast Motor Racing Database / FIA Qualifying Classification
2020,15,kevin_magnussen,Kevin Magnussen,Haas F1 Team,18,1:30.111,,,Base Oficial Ergast Motor Racing Database / FIA Qualifying Classification
2020,15,grosjean,Romain Grosjean,Haas F1 Team,19,1:30.138,,,Base Oficial Ergast Motor Racing Database / FIA Qualifying Classification
2020,15,latifi,Nicholas Latifi,Williams,20,1:30.182,,,Base Oficial Ergast Motor Racing Database / FIA Qualifying Classification
2020,16,bottas,Valtteri Bottas,Mercedes,1,0:53.904,0:53.803,0:53.377,Base Oficial Ergast Motor Racing Database / FIA Qualifying Classification
2020,16,russell,George Russell,Mercedes,2,0:54.160,0:53.819,0:53.403,Base Oficial Ergast Motor Racing Database / FIA Qualifying Classification
2020,16,max_verstappen,Max Verstappen,Red Bull,3,0:54.037,0:53.647,0:53.433,Base Oficial Ergast Motor Racing Database / FIA Qualifying Classification
2020,16,leclerc,Charles Leclerc,Ferrari,4,0:54.249,0:53.825,0:53.613,Base Oficial Ergast Motor Racing Database / FIA Qualifying Classification
2020,16,perez,Sergio Perez,Racing Point,5,0:54.236,0:53.787,0:53.790,Base Oficial Ergast Motor Racing Database / FIA Qualifying Classification
2020,16,kvyat,Daniil Kvyat,AlphaTauri,6,0:54.346,0:53.856,0:53.906,Base Oficial Ergast Motor Racing Database / FIA Qualifying Classification
2020,16,ricciardo,Daniel Ricciardo,Renault,7,0:54.388,0:53.871,0:53.957,Base Oficial Ergast Motor Racing Database / FIA Qualifying Classification
2020,16,sainz,Carlos Sainz,McLaren,8,0:54.450,0:53.818,0:54.010,Base Oficial Ergast Motor Racing Database / FIA Qualifying Classification
2020,16,gasly,Pierre Gasly,AlphaTauri,9,0:54.207,0:53.941,0:54.154,Base Oficial Ergast Motor Racing Database / FIA Qualifying Classification
2020,16,stroll,Lance Stroll,Racing Point,10,0:54.595,0:53.840,0:54.200,Base Oficial Ergast Motor Racing Database / FIA Qualifying Classification
2020,16,ocon,Esteban Ocon,Renault,11,0:54.309,0:53.995,,Base Oficial Ergast Motor Racing Database / FIA Qualifying Classification
2020,16,albon,Alexander Albon,Red Bull,12,0:54.620,0:54.026,,Base Oficial Ergast Motor Racing Database / FIA Qualifying Classification
2020,16,vettel,Sebastian Vettel,Ferrari,13,0:54.301,0:54.175,,Base Oficial Ergast Motor Racing Database / FIA Qualifying Classification
2020,16,giovinazzi,Antonio Giovinazzi,Alfa Romeo,14,0:54.523,0:54.377,,Base Oficial Ergast Motor Racing Database / FIA Qualifying Classification
2020,16,norris,Lando Norris,McLaren,15,0:54.194,0:54.693,,Base Oficial Ergast Motor Racing Database / FIA Qualifying Classification
2020,16,kevin_magnussen,Kevin Magnussen,Haas F1 Team,16,0:54.705,,,Base Oficial Ergast Motor Racing Database / FIA Qualifying Classification
2020,16,latifi,Nicholas Latifi,Williams,17,0:54.796,,,Base Oficial Ergast Motor Racing Database / FIA Qualifying Classification
2020,16,aitken,Jack Aitken,Williams,18,0:54.892,,,Base Oficial Ergast Motor Racing Database / FIA Qualifying Classification
2020,16,raikkonen,Kimi Raikkonen,Alfa Romeo,19,0:54.963,,,Base Oficial Ergast Motor Racing Database / FIA Qualifying Classification
2020,16,pietro_fittipaldi,Pietro Fittipaldi,Haas F1 Team,20,0:55.426,,,Base Oficial Ergast Motor Racing Database / FIA Qualifying Classification
2020,17,max_verstappen,Max Verstappen,Red Bull,1,1:35.993,1:35.641,1:35.246,Base Oficial Ergast Motor Racing Database / FIA Qualifying Classification
2020,17,bottas,Valtteri Bottas,Mercedes,2,1:35.699,1:35.527,1:35.271,Base Oficial Ergast Motor Racing Database / FIA Qualifying Classification
2020,17,hamilton,Lewis Hamilton,Mercedes,3,1:35.528,1:35.466,1:35.332,Base Oficial Ergast Motor Racing Database / FIA Qualifying Classification
2020,17,norris,Lando Norris,McLaren,4,1:36.016,1:35.849,1:35.497,Base Oficial Ergast Motor Racing Database / FIA Qualifying Classification
2020,17,albon,Alexander Albon,Red Bull,5,1:36.106,1:35.654,1:35.571,Base Oficial Ergast Motor Racing Database / FIA Qualifying Classification
2020,17,sainz,Carlos Sainz,McLaren,6,1:36.517,1:36.192,1:35.815,Base Oficial Ergast Motor Racing Database / FIA Qualifying Classification
2020,17,kvyat,Daniil Kvyat,AlphaTauri,7,1:36.459,1:36.214,1:35.963,Base Oficial Ergast Motor Racing Database / FIA Qualifying Classification
2020,17,stroll,Lance Stroll,Racing Point,8,1:36.502,1:36.143,1:36.046,Base Oficial Ergast Motor Racing Database / FIA Qualifying Classification
2020,17,leclerc,Charles Leclerc,Ferrari,9,1:35.881,1:35.932,1:36.065,Base Oficial Ergast Motor Racing Database / FIA Qualifying Classification
2020,17,gasly,Pierre Gasly,AlphaTauri,10,1:36.545,1:36.282,1:36.242,Base Oficial Ergast Motor Racing Database / FIA Qualifying Classification
2020,17,ocon,Esteban Ocon,Renault,11,1:36.783,1:36.359,,Base Oficial Ergast Motor Racing Database / FIA Qualifying Classification
2020,17,ricciardo,Daniel Ricciardo,Renault,12,1:36.704,1:36.406,,Base Oficial Ergast Motor Racing Database / FIA Qualifying Classification
2020,17,vettel,Sebastian Vettel,Ferrari,13,1:36.655,1:36.631,,Base Oficial Ergast Motor Racing Database / FIA Qualifying Classification
2020,17,giovinazzi,Antonio Giovinazzi,Alfa Romeo,14,1:37.075,1:38.248,,Base Oficial Ergast Motor Racing Database / FIA Qualifying Classification
2020,17,perez,Sergio Perez,Racing Point,15,1:36.034,,,Base Oficial Ergast Motor Racing Database / FIA Qualifying Classification
2020,17,raikkonen,Kimi Raikkonen,Alfa Romeo,16,1:37.555,,,Base Oficial Ergast Motor Racing Database / FIA Qualifying Classification
2020,17,kevin_magnussen,Kevin Magnussen,Haas F1 Team,17,1:37.863,,,Base Oficial Ergast Motor Racing Database / FIA Qualifying Classification
2020,17,russell,George Russell,Williams,18,1:38.045,,,Base Oficial Ergast Motor Racing Database / FIA Qualifying Classification
2020,17,pietro_fittipaldi,Pietro Fittipaldi,Haas F1 Team,19,1:38.173,,,Base Oficial Ergast Motor Racing Database / FIA Qualifying Classification
2020,17,latifi,Nicholas Latifi,Williams,20,1:38.443,,,Base Oficial Ergast Motor Racing Database / FIA Qualifying Classification
2021,1,max_verstappen,Max Verstappen,Red Bull,1,1:30.499,1:30.318,1:28.997,Base Oficial Ergast Motor Racing Database / FIA Qualifying Classification
2021,1,hamilton,Lewis Hamilton,Mercedes,2,1:30.617,1:30.085,1:29.385,Base Oficial Ergast Motor Racing Database / FIA Qualifying Classification
2021,1,bottas,Valtteri Bottas,Mercedes,3,1:31.200,1:30.186,1:29.586,Base Oficial Ergast Motor Racing Database / FIA Qualifying Classification
2021,1,leclerc,Charles Leclerc,Ferrari,4,1:30.691,1:30.010,1:29.678,Base Oficial Ergast Motor Racing Database / FIA Qualifying Classification
2021,1,gasly,Pierre Gasly,AlphaTauri,5,1:30.848,1:30.513,1:29.809,Base Oficial Ergast Motor Racing Database / FIA Qualifying Classification
2021,1,ricciardo,Daniel Ricciardo,McLaren,6,1:30.795,1:30.222,1:29.927,Base Oficial Ergast Motor Racing Database / FIA Qualifying Classification
2021,1,norris,Lando Norris,McLaren,7,1:30.902,1:30.099,1:29.974,Base Oficial Ergast Motor Racing Database / FIA Qualifying Classification
2021,1,sainz,Carlos Sainz,Ferrari,8,1:31.653,1:30.009,1:30.215,Base Oficial Ergast Motor Racing Database / FIA Qualifying Classification
2021,1,alonso,Fernando Alonso,Alpine F1 Team,9,1:30.863,1:30.595,1:30.249,Base Oficial Ergast Motor Racing Database / FIA Qualifying Classification
2021,1,stroll,Lance Stroll,Aston Martin,10,1:31.261,1:30.624,1:30.601,Base Oficial Ergast Motor Racing Database / FIA Qualifying Classification
2021,1,perez,Sergio Perez,Red Bull,11,1:31.165,1:30.659,,Base Oficial Ergast Motor Racing Database / FIA Qualifying Classification
2021,1,giovinazzi,Antonio Giovinazzi,Alfa Romeo,12,1:30.998,1:30.708,,Base Oficial Ergast Motor Racing Database / FIA Qualifying Classification
2021,1,tsunoda,Yuki Tsunoda,AlphaTauri,13,1:30.607,1:31.203,,Base Oficial Ergast Motor Racing Database / FIA Qualifying Classification
2021,1,raikkonen,Kimi Raikkonen,Alfa Romeo,14,1:31.547,1:31.238,,Base Oficial Ergast Motor Racing Database / FIA Qualifying Classification
2021,1,russell,George Russell,Williams,15,1:31.316,1:33.430,,Base Oficial Ergast Motor Racing Database / FIA Qualifying Classification
2021,1,ocon,Esteban Ocon,Alpine F1 Team,16,1:31.724,,,Base Oficial Ergast Motor Racing Database / FIA Qualifying Classification
2021,1,latifi,Nicholas Latifi,Williams,17,1:31.936,,,Base Oficial Ergast Motor Racing Database / FIA Qualifying Classification
2021,1,vettel,Sebastian Vettel,Aston Martin,18,1:32.056,,,Base Oficial Ergast Motor Racing Database / FIA Qualifying Classification
2021,1,mick_schumacher,Mick Schumacher,Haas F1 Team,19,1:32.449,,,Base Oficial Ergast Motor Racing Database / FIA Qualifying Classification
2021,1,mazepin,Nikita Mazepin,Haas F1 Team,20,1:33.273,,,Base Oficial Ergast Motor Racing Database / FIA Qualifying Classification
2021,2,hamilton,Lewis Hamilton,Mercedes,1,1:14.823,1:14.817,1:14.411,Base Oficial Ergast Motor Racing Database / FIA Qualifying Classification
2021,2,perez,Sergio Perez,Red Bull,2,1:15.395,1:14.716,1:14.446,Base Oficial Ergast Motor Racing Database / FIA Qualifying Classification
2021,2,max_verstappen,Max Verstappen,Red Bull,3,1:15.109,1:14.884,1:14.498,Base Oficial Ergast Motor Racing Database / FIA Qualifying Classification
2021,2,leclerc,Charles Leclerc,Ferrari,4,1:15.413,1:14.808,1:14.740,Base Oficial Ergast Motor Racing Database / FIA Qualifying Classification
2021,2,gasly,Pierre Gasly,AlphaTauri,5,1:15.548,1:14.927,1:14.790,Base Oficial Ergast Motor Racing Database / FIA Qualifying Classification
2021,2,ricciardo,Daniel Ricciardo,McLaren,6,1:15.669,1:15.033,1:14.826,Base Oficial Ergast Motor Racing Database / FIA Qualifying Classification
2021,2,norris,Lando Norris,McLaren,7,1:15.009,1:14.718,1:14.875,Base Oficial Ergast Motor Racing Database / FIA Qualifying Classification
2021,2,bottas,Valtteri Bottas,Mercedes,8,1:14.672,1:14.905,1:14.898,Base Oficial Ergast Motor Racing Database / FIA Qualifying Classification
2021,2,ocon,Esteban Ocon,Alpine F1 Team,9,1:15.385,1:15.117,1:15.210,Base Oficial Ergast Motor Racing Database / FIA Qualifying Classification
2021,2,stroll,Lance Stroll,Aston Martin,10,1:15.522,1:15.138,,Base Oficial Ergast Motor Racing Database / FIA Qualifying Classification
2021,2,sainz,Carlos Sainz,Ferrari,11,1:15.406,1:15.199,,Base Oficial Ergast Motor Racing Database / FIA Qualifying Classification
2021,2,russell,George Russell,Williams,12,1:15.826,1:15.261,,Base Oficial Ergast Motor Racing Database / FIA Qualifying Classification
2021,2,vettel,Sebastian Vettel,Aston Martin,13,1:15.459,1:15.394,,Base Oficial Ergast Motor Racing Database / FIA Qualifying Classification
2021,2,latifi,Nicholas Latifi,Williams,14,1:15.653,1:15.593,,Base Oficial Ergast Motor Racing Database / FIA Qualifying Classification
2021,2,alonso,Fernando Alonso,Alpine F1 Team,15,1:15.832,1:15.593,,Base Oficial Ergast Motor Racing Database / FIA Qualifying Classification
2021,2,raikkonen,Kimi Raikkonen,Alfa Romeo,16,1:15.974,,,Base Oficial Ergast Motor Racing Database / FIA Qualifying Classification
2021,2,giovinazzi,Antonio Giovinazzi,Alfa Romeo,17,1:16.122,,,Base Oficial Ergast Motor Racing Database / FIA Qualifying Classification
2021,2,mick_schumacher,Mick Schumacher,Haas F1 Team,18,1:16.279,,,Base Oficial Ergast Motor Racing Database / FIA Qualifying Classification
2021,2,mazepin,Nikita Mazepin,Haas F1 Team,19,1:16.797,,,Base Oficial Ergast Motor Racing Database / FIA Qualifying Classification
2021,2,tsunoda,Yuki Tsunoda,AlphaTauri,20,,,,Base Oficial Ergast Motor Racing Database / FIA Qualifying Classification
2021,3,bottas,Valtteri Bottas,Mercedes,1,1:18.722,1:18.458,1:18.348,Base Oficial Ergast Motor Racing Database / FIA Qualifying Classification
2021,3,hamilton,Lewis Hamilton,Mercedes,2,1:18.857,1:17.968,1:18.355,Base Oficial Ergast Motor Racing Database / FIA Qualifying Classification
2021,3,max_verstappen,Max Verstappen,Red Bull,3,1:19.485,1:18.650,1:18.746,Base Oficial Ergast Motor Racing Database / FIA Qualifying Classification
2021,3,perez,Sergio Perez,Red Bull,4,1:19.337,1:18.845,1:18.890,Base Oficial Ergast Motor Racing Database / FIA Qualifying Classification
2021,3,sainz,Carlos Sainz,Ferrari,5,1:19.309,1:18.813,1:19.039,Base Oficial Ergast Motor Racing Database / FIA Qualifying Classification
2021,3,ocon,Esteban Ocon,Alpine F1 Team,6,1:19.092,1:18.586,1:19.042,Base Oficial Ergast Motor Racing Database / FIA Qualifying Classification
2021,3,norris,Lando Norris,McLaren,7,1:18.794,1:18.481,1:19.116,Base Oficial Ergast Motor Racing Database / FIA Qualifying Classification
2021,3,leclerc,Charles Leclerc,Ferrari,8,1:19.373,1:18.769,1:19.306,Base Oficial Ergast Motor Racing Database / FIA Qualifying Classification
2021,3,gasly,Pierre Gasly,AlphaTauri,9,1:19.464,1:19.052,1:19.475,Base Oficial Ergast Motor Racing Database / FIA Qualifying Classification
2021,3,vettel,Sebastian Vettel,Aston Martin,10,1:19.403,1:18.970,1:19.659,Base Oficial Ergast Motor Racing Database / FIA Qualifying Classification
2021,3,russell,George Russell,Williams,11,1:19.797,1:19.109,,Base Oficial Ergast Motor Racing Database / FIA Qualifying Classification
2021,3,giovinazzi,Antonio Giovinazzi,Alfa Romeo,12,1:19.410,1:19.216,,Base Oficial Ergast Motor Racing Database / FIA Qualifying Classification
2021,3,alonso,Fernando Alonso,Alpine F1 Team,13,1:19.728,1:19.456,,Base Oficial Ergast Motor Racing Database / FIA Qualifying Classification
2021,3,tsunoda,Yuki Tsunoda,AlphaTauri,14,1:19.684,1:19.463,,Base Oficial Ergast Motor Racing Database / FIA Qualifying Classification
2021,3,raikkonen,Kimi Raikkonen,Alfa Romeo,15,1:19.748,1:19.812,,Base Oficial Ergast Motor Racing Database / FIA Qualifying Classification
2021,3,ricciardo,Daniel Ricciardo,McLaren,16,1:19.839,,,Base Oficial Ergast Motor Racing Database / FIA Qualifying Classification
2021,3,stroll,Lance Stroll,Aston Martin,17,1:19.913,,,Base Oficial Ergast Motor Racing Database / FIA Qualifying Classification
2021,3,latifi,Nicholas Latifi,Williams,18,1:20.285,,,Base Oficial Ergast Motor Racing Database / FIA Qualifying Classification
2021,3,mick_schumacher,Mick Schumacher,Haas F1 Team,19,1:20.452,,,Base Oficial Ergast Motor Racing Database / FIA Qualifying Classification
2021,3,mazepin,Nikita Mazepin,Haas F1 Team,20,1:20.912,,,Base Oficial Ergast Motor Racing Database / FIA Qualifying Classification
2021,4,hamilton,Lewis Hamilton,Mercedes,1,1:18.245,1:17.166,1:16.741,Base Oficial Ergast Motor Racing Database / FIA Qualifying Classification
2021,4,max_verstappen,Max Verstappen,Red Bull,2,1:18.090,1:16.922,1:16.777,Base Oficial Ergast Motor Racing Database / FIA Qualifying Classification
2021,4,bottas,Valtteri Bottas,Mercedes,3,1:18.005,1:17.142,1:16.873,Base Oficial Ergast Motor Racing Database / FIA Qualifying Classification
2021,4,leclerc,Charles Leclerc,Ferrari,4,1:18.041,1:17.717,1:17.510,Base Oficial Ergast Motor Racing Database / FIA Qualifying Classification
2021,4,ocon,Esteban Ocon,Alpine F1 Team,5,1:18.281,1:17.743,1:17.580,Base Oficial Ergast Motor Racing Database / FIA Qualifying Classification
2021,4,sainz,Carlos Sainz,Ferrari,6,1:18.205,1:17.656,1:17.620,Base Oficial Ergast Motor Racing Database / FIA Qualifying Classification
2021,4,ricciardo,Daniel Ricciardo,McLaren,7,1:18.264,1:17.719,1:17.622,Base Oficial Ergast Motor Racing Database / FIA Qualifying Classification
2021,4,perez,Sergio Perez,Red Bull,8,1:18.203,1:17.669,1:17.701,Base Oficial Ergast Motor Racing Database / FIA Qualifying Classification
2021,4,norris,Lando Norris,McLaren,9,1:17.821,1:17.696,1:18.010,Base Oficial Ergast Motor Racing Database / FIA Qualifying Classification
2021,4,alonso,Fernando Alonso,Alpine F1 Team,10,1:18.281,1:17.966,1:18.147,Base Oficial Ergast Motor Racing Database / FIA Qualifying Classification
2021,4,stroll,Lance Stroll,Aston Martin,11,1:18.241,1:17.974,,Base Oficial Ergast Motor Racing Database / FIA Qualifying Classification
2021,4,gasly,Pierre Gasly,AlphaTauri,12,1:18.190,1:17.982,,Base Oficial Ergast Motor Racing Database / FIA Qualifying Classification
2021,4,vettel,Sebastian Vettel,Aston Martin,13,1:18.289,1:18.079,,Base Oficial Ergast Motor Racing Database / FIA Qualifying Classification
2021,4,giovinazzi,Antonio Giovinazzi,Alfa Romeo,14,1:18.549,1:18.356,,Base Oficial Ergast Motor Racing Database / FIA Qualifying Classification
2021,4,russell,George Russell,Williams,15,1:18.445,1:19.154,,Base Oficial Ergast Motor Racing Database / FIA Qualifying Classification
2021,4,tsunoda,Yuki Tsunoda,AlphaTauri,16,1:18.556,,,Base Oficial Ergast Motor Racing Database / FIA Qualifying Classification
2021,4,raikkonen,Kimi Raikkonen,Alfa Romeo,17,1:18.917,,,Base Oficial Ergast Motor Racing Database / FIA Qualifying Classification
2021,4,mick_schumacher,Mick Schumacher,Haas F1 Team,18,1:19.117,,,Base Oficial Ergast Motor Racing Database / FIA Qualifying Classification
2021,4,latifi,Nicholas Latifi,Williams,19,1:19.219,,,Base Oficial Ergast Motor Racing Database / FIA Qualifying Classification
2021,4,mazepin,Nikita Mazepin,Haas F1 Team,20,1:19.807,,,Base Oficial Ergast Motor Racing Database / FIA Qualifying Classification
2021,5,leclerc,Charles Leclerc,Ferrari,1,1:11.113,1:10.597,1:10.346,Base Oficial Ergast Motor Racing Database / FIA Qualifying Classification
2021,5,max_verstappen,Max Verstappen,Red Bull,2,1:11.124,1:10.650,1:10.576,Base Oficial Ergast Motor Racing Database / FIA Qualifying Classification
2021,5,bottas,Valtteri Bottas,Mercedes,3,1:10.938,1:10.695,1:10.601,Base Oficial Ergast Motor Racing Database / FIA Qualifying Classification
2021,5,sainz,Carlos Sainz,Ferrari,4,1:11.324,1:10.806,1:10.611,Base Oficial Ergast Motor Racing Database / FIA Qualifying Classification
2021,5,norris,Lando Norris,McLaren,5,1:11.321,1:11.031,1:10.620,Base Oficial Ergast Motor Racing Database / FIA Qualifying Classification
2021,5,gasly,Pierre Gasly,AlphaTauri,6,1:11.560,1:11.179,1:10.900,Base Oficial Ergast Motor Racing Database / FIA Qualifying Classification
2021,5,hamilton,Lewis Hamilton,Mercedes,7,1:11.622,1:11.116,1:11.095,Base Oficial Ergast Motor Racing Database / FIA Qualifying Classification
2021,5,vettel,Sebastian Vettel,Aston Martin,8,1:12.078,1:11.309,1:11.419,Base Oficial Ergast Motor Racing Database / FIA Qualifying Classification
2021,5,perez,Sergio Perez,Red Bull,9,1:11.644,1:11.019,1:11.573,Base Oficial Ergast Motor Racing Database / FIA Qualifying Classification
2021,5,giovinazzi,Antonio Giovinazzi,Alfa Romeo,10,1:11.658,1:11.409,1:11.779,Base Oficial Ergast Motor Racing Database / FIA Qualifying Classification
2021,5,ocon,Esteban Ocon,Alpine F1 Team,11,1:11.740,1:11.486,,Base Oficial Ergast Motor Racing Database / FIA Qualifying Classification
2021,5,ricciardo,Daniel Ricciardo,McLaren,12,1:11.747,1:11.598,,Base Oficial Ergast Motor Racing Database / FIA Qualifying Classification
2021,5,stroll,Lance Stroll,Aston Martin,13,1:11.979,1:11.600,,Base Oficial Ergast Motor Racing Database / FIA Qualifying Classification
2021,5,raikkonen,Kimi Raikkonen,Alfa Romeo,14,1:11.899,1:11.642,,Base Oficial Ergast Motor Racing Database / FIA Qualifying Classification
2021,5,russell,George Russell,Williams,15,1:12.016,1:11.830,,Base Oficial Ergast Motor Racing Database / FIA Qualifying Classification
2021,5,tsunoda,Yuki Tsunoda,AlphaTauri,16,1:12.096,,,Base Oficial Ergast Motor Racing Database / FIA Qualifying Classification
2021,5,alonso,Fernando Alonso,Alpine F1 Team,17,1:12.205,,,Base Oficial Ergast Motor Racing Database / FIA Qualifying Classification
2021,5,latifi,Nicholas Latifi,Williams,18,1:12.366,,,Base Oficial Ergast Motor Racing Database / FIA Qualifying Classification
2021,5,mazepin,Nikita Mazepin,Haas F1 Team,19,1:12.958,,,Base Oficial Ergast Motor Racing Database / FIA Qualifying Classification
2021,6,leclerc,Charles Leclerc,Ferrari,1,1:42.241,1:41.659,1:41.218,Base Oficial Ergast Motor Racing Database / FIA Qualifying Classification
2021,6,hamilton,Lewis Hamilton,Mercedes,2,1:41.545,1:41.634,1:41.450,Base Oficial Ergast Motor Racing Database / FIA Qualifying Classification
2021,6,max_verstappen,Max Verstappen,Red Bull,3,1:41.760,1:41.625,1:41.563,Base Oficial Ergast Motor Racing Database / FIA Qualifying Classification
2021,6,gasly,Pierre Gasly,AlphaTauri,4,1:42.288,1:41.932,1:41.565,Base Oficial Ergast Motor Racing Database / FIA Qualifying Classification
2021,6,sainz,Carlos Sainz,Ferrari,5,1:42.121,1:41.740,1:41.576,Base Oficial Ergast Motor Racing Database / FIA Qualifying Classification
2021,6,norris,Lando Norris,McLaren,6,1:42.167,1:41.813,1:41.747,Base Oficial Ergast Motor Racing Database / FIA Qualifying Classification
2021,6,perez,Sergio Perez,Red Bull,7,1:41.968,1:41.630,1:41.917,Base Oficial Ergast Motor Racing Database / FIA Qualifying Classification
2021,6,tsunoda,Yuki Tsunoda,AlphaTauri,8,1:42.521,1:41.654,1:42.211,Base Oficial Ergast Motor Racing Database / FIA Qualifying Classification
2021,6,alonso,Fernando Alonso,Alpine F1 Team,9,1:42.934,1:42.195,1:42.327,Base Oficial Ergast Motor Racing Database / FIA Qualifying Classification
2021,6,bottas,Valtteri Bottas,Mercedes,10,1:42.701,1:42.106,1:42.659,Base Oficial Ergast Motor Racing Database / FIA Qualifying Classification
2021,6,vettel,Sebastian Vettel,Aston Martin,11,1:42.460,1:42.224,,Base Oficial Ergast Motor Racing Database / FIA Qualifying Classification
2021,6,ocon,Esteban Ocon,Alpine F1 Team,12,1:42.426,1:42.273,,Base Oficial Ergast Motor Racing Database / FIA Qualifying Classification
2021,6,ricciardo,Daniel Ricciardo,McLaren,13,1:42.304,1:42.558,,Base Oficial Ergast Motor Racing Database / FIA Qualifying Classification
2021,6,raikkonen,Kimi Raikkonen,Alfa Romeo,14,1:42.923,1:42.587,,Base Oficial Ergast Motor Racing Database / FIA Qualifying Classification
2021,6,russell,George Russell,Williams,15,1:42.728,1:42.758,,Base Oficial Ergast Motor Racing Database / FIA Qualifying Classification
2021,6,latifi,Nicholas Latifi,Williams,16,1:43.128,,,Base Oficial Ergast Motor Racing Database / FIA Qualifying Classification
2021,6,mick_schumacher,Mick Schumacher,Haas F1 Team,17,1:44.158,,,Base Oficial Ergast Motor Racing Database / FIA Qualifying Classification
2021,6,mazepin,Nikita Mazepin,Haas F1 Team,18,1:44.238,,,Base Oficial Ergast Motor Racing Database / FIA Qualifying Classification
2021,6,stroll,Lance Stroll,Aston Martin,19,,,,Base Oficial Ergast Motor Racing Database / FIA Qualifying Classification
2021,6,giovinazzi,Antonio Giovinazzi,Alfa Romeo,20,,,,Base Oficial Ergast Motor Racing Database / FIA Qualifying Classification
2021,7,max_verstappen,Max Verstappen,Red Bull,1,1:31.001,1:31.080,1:29.990,Base Oficial Ergast Motor Racing Database / FIA Qualifying Classification
2021,7,hamilton,Lewis Hamilton,Mercedes,2,1:31.237,1:30.788,1:30.248,Base Oficial Ergast Motor Racing Database / FIA Qualifying Classification
2021,7,bottas,Valtteri Bottas,Mercedes,3,1:31.669,1:30.735,1:30.376,Base Oficial Ergast Motor Racing Database / FIA Qualifying Classification
2021,7,perez,Sergio Perez,Red Bull,4,1:31.560,1:30.971,1:30.445,Base Oficial Ergast Motor Racing Database / FIA Qualifying Classification
2021,7,sainz,Carlos Sainz,Ferrari,5,1:32.079,1:31.146,1:30.840,Base Oficial Ergast Motor Racing Database / FIA Qualifying Classification
2021,7,gasly,Pierre Gasly,AlphaTauri,6,1:31.898,1:31.353,1:30.868,Base Oficial Ergast Motor Racing Database / FIA Qualifying Classification
2021,7,leclerc,Charles Leclerc,Ferrari,7,1:32.209,1:31.567,1:30.987,Base Oficial Ergast Motor Racing Database / FIA Qualifying Classification
2021,7,norris,Lando Norris,McLaren,8,1:31.733,1:31.542,1:31.252,Base Oficial Ergast Motor Racing Database / FIA Qualifying Classification
2021,7,alonso,Fernando Alonso,Alpine F1 Team,9,1:32.158,1:31.549,1:31.340,Base Oficial Ergast Motor Racing Database / FIA Qualifying Classification
2021,7,ricciardo,Daniel Ricciardo,McLaren,10,1:32.181,1:31.615,1:31.382,Base Oficial Ergast Motor Racing Database / FIA Qualifying Classification
2021,7,ocon,Esteban Ocon,Alpine F1 Team,11,1:32.139,1:31.736,,Base Oficial Ergast Motor Racing Database / FIA Qualifying Classification
2021,7,vettel,Sebastian Vettel,Aston Martin,12,1:32.132,1:31.767,,Base Oficial Ergast Motor Racing Database / FIA Qualifying Classification
2021,7,giovinazzi,Antonio Giovinazzi,Alfa Romeo,13,1:32.722,1:31.813,,Base Oficial Ergast Motor Racing Database / FIA Qualifying Classification
2021,7,russell,George Russell,Williams,14,1:33.060,1:32.065,,Base Oficial Ergast Motor Racing Database / FIA Qualifying Classification
2021,7,mick_schumacher,Mick Schumacher,Haas F1 Team,15,1:32.942,,,Base Oficial Ergast Motor Racing Database / FIA Qualifying Classification
2021,7,latifi,Nicholas Latifi,Williams,16,1:33.062,,,Base Oficial Ergast Motor Racing Database / FIA Qualifying Classification
2021,7,raikkonen,Kimi Raikkonen,Alfa Romeo,17,1:33.354,,,Base Oficial Ergast Motor Racing Database / FIA Qualifying Classification
2021,7,mazepin,Nikita Mazepin,Haas F1 Team,18,1:33.554,,,Base Oficial Ergast Motor Racing Database / FIA Qualifying Classification
2021,7,stroll,Lance Stroll,Aston Martin,19,,,,Base Oficial Ergast Motor Racing Database / FIA Qualifying Classification
2021,7,tsunoda,Yuki Tsunoda,AlphaTauri,20,,,,Base Oficial Ergast Motor Racing Database / FIA Qualifying Classification
2021,8,max_verstappen,Max Verstappen,Red Bull,1,1:04.489,1:04.433,1:03.841,Base Oficial Ergast Motor Racing Database / FIA Qualifying Classification
2021,8,bottas,Valtteri Bottas,Mercedes,2,1:04.537,1:04.443,1:04.035,Base Oficial Ergast Motor Racing Database / FIA Qualifying Classification
2021,8,hamilton,Lewis Hamilton,Mercedes,3,1:04.672,1:04.512,1:04.067,Base Oficial Ergast Motor Racing Database / FIA Qualifying Classification
2021,8,norris,Lando Norris,McLaren,4,1:04.584,1:04.298,1:04.120,Base Oficial Ergast Motor Racing Database / FIA Qualifying Classification
2021,8,perez,Sergio Perez,Red Bull,5,1:04.638,1:04.197,1:04.168,Base Oficial Ergast Motor Racing Database / FIA Qualifying Classification
2021,8,gasly,Pierre Gasly,AlphaTauri,6,1:04.765,1:04.429,1:04.236,Base Oficial Ergast Motor Racing Database / FIA Qualifying Classification
2021,8,leclerc,Charles Leclerc,Ferrari,7,1:04.745,1:04.646,1:04.472,Base Oficial Ergast Motor Racing Database / FIA Qualifying Classification
2021,8,tsunoda,Yuki Tsunoda,AlphaTauri,8,1:04.608,1:04.631,1:04.514,Base Oficial Ergast Motor Racing Database / FIA Qualifying Classification
2021,8,alonso,Fernando Alonso,Alpine F1 Team,9,1:04.971,1:04.582,1:04.574,Base Oficial Ergast Motor Racing Database / FIA Qualifying Classification
2021,8,stroll,Lance Stroll,Aston Martin,10,1:04.821,1:04.663,1:04.708,Base Oficial Ergast Motor Racing Database / FIA Qualifying Classification
2021,8,russell,George Russell,Williams,11,1:05.033,1:04.671,,Base Oficial Ergast Motor Racing Database / FIA Qualifying Classification
2021,8,sainz,Carlos Sainz,Ferrari,12,1:04.859,1:04.800,,Base Oficial Ergast Motor Racing Database / FIA Qualifying Classification
2021,8,ricciardo,Daniel Ricciardo,McLaren,13,1:05.142,1:04.808,,Base Oficial Ergast Motor Racing Database / FIA Qualifying Classification
2021,8,vettel,Sebastian Vettel,Aston Martin,14,1:05.051,1:04.875,,Base Oficial Ergast Motor Racing Database / FIA Qualifying Classification
2021,8,giovinazzi,Antonio Giovinazzi,Alfa Romeo,15,1:05.092,1:04.913,,Base Oficial Ergast Motor Racing Database / FIA Qualifying Classification
2021,8,latifi,Nicholas Latifi,Williams,16,1:05.175,,,Base Oficial Ergast Motor Racing Database / FIA Qualifying Classification
2021,8,ocon,Esteban Ocon,Alpine F1 Team,17,1:05.217,,,Base Oficial Ergast Motor Racing Database / FIA Qualifying Classification
2021,8,raikkonen,Kimi Raikkonen,Alfa Romeo,18,1:05.429,,,Base Oficial Ergast Motor Racing Database / FIA Qualifying Classification
2021,8,mick_schumacher,Mick Schumacher,Haas F1 Team,19,1:06.041,,,Base Oficial Ergast Motor Racing Database / FIA Qualifying Classification
2021,8,mazepin,Nikita Mazepin,Haas F1 Team,20,1:06.192,,,Base Oficial Ergast Motor Racing Database / FIA Qualifying Classification
2021,9,max_verstappen,Max Verstappen,Red Bull,1,1:04.249,1:03.927,1:03.720,Base Oficial Ergast Motor Racing Database / FIA Qualifying Classification
2021,9,norris,Lando Norris,McLaren,2,1:04.345,1:04.415,1:03.768,Base Oficial Ergast Motor Racing Database / FIA Qualifying Classification
2021,9,perez,Sergio Perez,Red Bull,3,1:04.833,1:04.483,1:03.990,Base Oficial Ergast Motor Racing Database / FIA Qualifying Classification
2021,9,hamilton,Lewis Hamilton,Mercedes,4,1:04.506,1:04.258,1:04.014,Base Oficial Ergast Motor Racing Database / FIA Qualifying Classification
2021,9,bottas,Valtteri Bottas,Mercedes,5,1:04.563,1:04.376,1:04.049,Base Oficial Ergast Motor Racing Database / FIA Qualifying Classification
2021,9,gasly,Pierre Gasly,AlphaTauri,6,1:04.841,1:04.412,1:04.107,Base Oficial Ergast Motor Racing Database / FIA Qualifying Classification
2021,9,tsunoda,Yuki Tsunoda,AlphaTauri,7,1:04.967,1:04.518,1:04.273,Base Oficial Ergast Motor Racing Database / FIA Qualifying Classification
2021,9,vettel,Sebastian Vettel,Aston Martin,8,1:04.846,1:04.493,1:04.570,Base Oficial Ergast Motor Racing Database / FIA Qualifying Classification
2021,9,russell,George Russell,Williams,9,1:04.907,1:04.553,1:04.591,Base Oficial Ergast Motor Racing Database / FIA Qualifying Classification
2021,9,stroll,Lance Stroll,Aston Martin,10,1:04.927,1:04.547,1:04.618,Base Oficial Ergast Motor Racing Database / FIA Qualifying Classification
2021,9,sainz,Carlos Sainz,Ferrari,11,1:04.596,1:04.559,,Base Oficial Ergast Motor Racing Database / FIA Qualifying Classification
2021,9,leclerc,Charles Leclerc,Ferrari,12,1:04.906,1:04.600,,Base Oficial Ergast Motor Racing Database / FIA Qualifying Classification
2021,9,ricciardo,Daniel Ricciardo,McLaren,13,1:04.977,1:04.719,,Base Oficial Ergast Motor Racing Database / FIA Qualifying Classification
2021,9,alonso,Fernando Alonso,Alpine F1 Team,14,1:04.472,1:04.856,,Base Oficial Ergast Motor Racing Database / FIA Qualifying Classification
2021,9,giovinazzi,Antonio Giovinazzi,Alfa Romeo,15,1:04.782,1:05.083,,Base Oficial Ergast Motor Racing Database / FIA Qualifying Classification
2021,9,raikkonen,Kimi Raikkonen,Alfa Romeo,16,1:05.009,,,Base Oficial Ergast Motor Racing Database / FIA Qualifying Classification
2021,9,ocon,Esteban Ocon,Alpine F1 Team,17,1:05.051,,,Base Oficial Ergast Motor Racing Database / FIA Qualifying Classification
2021,9,latifi,Nicholas Latifi,Williams,18,1:05.195,,,Base Oficial Ergast Motor Racing Database / FIA Qualifying Classification
2021,9,mick_schumacher,Mick Schumacher,Haas F1 Team,19,1:05.427,,,Base Oficial Ergast Motor Racing Database / FIA Qualifying Classification
2021,9,mazepin,Nikita Mazepin,Haas F1 Team,20,1:05.951,,,Base Oficial Ergast Motor Racing Database / FIA Qualifying Classification
2021,10,hamilton,Lewis Hamilton,Mercedes,1,1:26.786,1:26.023,1:26.134,Base Oficial Ergast Motor Racing Database / FIA Qualifying Classification
2021,10,max_verstappen,Max Verstappen,Red Bull,2,1:26.751,1:26.315,1:26.209,Base Oficial Ergast Motor Racing Database / FIA Qualifying Classification
2021,10,bottas,Valtteri Bottas,Mercedes,3,1:27.487,1:26.764,1:26.328,Base Oficial Ergast Motor Racing Database / FIA Qualifying Classification
2021,10,leclerc,Charles Leclerc,Ferrari,4,1:27.051,1:26.919,1:26.828,Base Oficial Ergast Motor Racing Database / FIA Qualifying Classification
2021,10,perez,Sergio Perez,Red Bull,5,1:27.121,1:27.073,1:26.844,Base Oficial Ergast Motor Racing Database / FIA Qualifying Classification
2021,10,norris,Lando Norris,McLaren,6,1:27.444,1:27.220,1:26.897,Base Oficial Ergast Motor Racing Database / FIA Qualifying Classification
2021,10,ricciardo,Daniel Ricciardo,McLaren,7,1:27.323,1:27.125,1:26.899,Base Oficial Ergast Motor Racing Database / FIA Qualifying Classification
2021,10,russell,George Russell,Williams,8,1:27.671,1:27.080,1:26.971,Base Oficial Ergast Motor Racing Database / FIA Qualifying Classification
2021,10,sainz,Carlos Sainz,Ferrari,9,1:27.337,1:26.848,1:27.007,Base Oficial Ergast Motor Racing Database / FIA Qualifying Classification
2021,10,vettel,Sebastian Vettel,Aston Martin,10,1:27.493,1:27.103,1:27.179,Base Oficial Ergast Motor Racing Database / FIA Qualifying Classification
2021,10,alonso,Fernando Alonso,Alpine F1 Team,11,1:27.580,1:27.245,,Base Oficial Ergast Motor Racing Database / FIA Qualifying Classification
2021,10,gasly,Pierre Gasly,AlphaTauri,12,1:27.600,1:27.273,,Base Oficial Ergast Motor Racing Database / FIA Qualifying Classification
2021,10,ocon,Esteban Ocon,Alpine F1 Team,13,1:27.415,1:27.340,,Base Oficial Ergast Motor Racing Database / FIA Qualifying Classification
2021,10,giovinazzi,Antonio Giovinazzi,Alfa Romeo,14,1:27.595,1:27.617,,Base Oficial Ergast Motor Racing Database / FIA Qualifying Classification
2021,10,stroll,Lance Stroll,Aston Martin,15,1:28.017,1:27.665,,Base Oficial Ergast Motor Racing Database / FIA Qualifying Classification
2021,10,tsunoda,Yuki Tsunoda,AlphaTauri,16,1:28.043,,,Base Oficial Ergast Motor Racing Database / FIA Qualifying Classification
2021,10,raikkonen,Kimi Raikkonen,Alfa Romeo,17,1:28.062,,,Base Oficial Ergast Motor Racing Database / FIA Qualifying Classification
2021,10,latifi,Nicholas Latifi,Williams,18,1:28.254,,,Base Oficial Ergast Motor Racing Database / FIA Qualifying Classification
2021,10,mick_schumacher,Mick Schumacher,Haas F1 Team,19,1:28.738,,,Base Oficial Ergast Motor Racing Database / FIA Qualifying Classification
2021,10,mazepin,Nikita Mazepin,Haas F1 Team,20,1:29.051,,,Base Oficial Ergast Motor Racing Database / FIA Qualifying Classification
2021,11,hamilton,Lewis Hamilton,Mercedes,1,1:16.424,1:16.553,1:15.419,Base Oficial Ergast Motor Racing Database / FIA Qualifying Classification
2021,11,bottas,Valtteri Bottas,Mercedes,2,1:16.569,1:16.702,1:15.734,Base Oficial Ergast Motor Racing Database / FIA Qualifying Classification
2021,11,max_verstappen,Max Verstappen,Red Bull,3,1:16.214,1:15.650,1:15.840,Base Oficial Ergast Motor Racing Database / FIA Qualifying Classification
2021,11,perez,Sergio Perez,Red Bull,4,1:17.233,1:16.443,1:16.421,Base Oficial Ergast Motor Racing Database / FIA Qualifying Classification
2021,11,gasly,Pierre Gasly,AlphaTauri,5,1:16.874,1:16.394,1:16.483,Base Oficial Ergast Motor Racing Database / FIA Qualifying Classification
2021,11,norris,Lando Norris,McLaren,6,1:17.081,1:16.385,1:16.489,Base Oficial Ergast Motor Racing Database / FIA Qualifying Classification
2021,11,leclerc,Charles Leclerc,Ferrari,7,1:17.084,1:16.574,1:16.496,Base Oficial Ergast Motor Racing Database / FIA Qualifying Classification
2021,11,ocon,Esteban Ocon,Alpine F1 Team,8,1:17.367,1:16.766,1:16.653,Base Oficial Ergast Motor Racing Database / FIA Qualifying Classification
2021,11,alonso,Fernando Alonso,Alpine F1 Team,9,1:17.123,1:16.541,1:16.715,Base Oficial Ergast Motor Racing Database / FIA Qualifying Classification
2021,11,vettel,Sebastian Vettel,Aston Martin,10,1:17.105,1:16.794,1:16.750,Base Oficial Ergast Motor Racing Database / FIA Qualifying Classification
2021,11,ricciardo,Daniel Ricciardo,McLaren,11,1:17.664,1:16.871,,Base Oficial Ergast Motor Racing Database / FIA Qualifying Classification
2021,11,stroll,Lance Stroll,Aston Martin,12,1:17.038,1:16.893,,Base Oficial Ergast Motor Racing Database / FIA Qualifying Classification
2021,11,raikkonen,Kimi Raikkonen,Alfa Romeo,13,1:17.553,1:17.564,,Base Oficial Ergast Motor Racing Database / FIA Qualifying Classification
2021,11,giovinazzi,Antonio Giovinazzi,Alfa Romeo,14,1:17.776,1:17.583,,Base Oficial Ergast Motor Racing Database / FIA Qualifying Classification
2021,11,sainz,Carlos Sainz,Ferrari,15,1:16.649,,,Base Oficial Ergast Motor Racing Database / FIA Qualifying Classification
2021,11,tsunoda,Yuki Tsunoda,AlphaTauri,16,1:17.919,,,Base Oficial Ergast Motor Racing Database / FIA Qualifying Classification
2021,11,russell,George Russell,Williams,17,1:17.944,,,Base Oficial Ergast Motor Racing Database / FIA Qualifying Classification
2021,11,latifi,Nicholas Latifi,Williams,18,1:18.036,,,Base Oficial Ergast Motor Racing Database / FIA Qualifying Classification
2021,11,mazepin,Nikita Mazepin,Haas F1 Team,19,1:18.922,,,Base Oficial Ergast Motor Racing Database / FIA Qualifying Classification
2021,11,mick_schumacher,Mick Schumacher,Haas F1 Team,20,,,,Base Oficial Ergast Motor Racing Database / FIA Qualifying Classification
2021,12,max_verstappen,Max Verstappen,Red Bull,1,1:58.717,1:56.559,1:59.765,Base Oficial Ergast Motor Racing Database / FIA Qualifying Classification
2021,12,russell,George Russell,Williams,2,1:59.864,1:56.950,2:00.086,Base Oficial Ergast Motor Racing Database / FIA Qualifying Classification
2021,12,hamilton,Lewis Hamilton,Mercedes,3,1:59.218,1:56.229,2:00.099,Base Oficial Ergast Motor Racing Database / FIA Qualifying Classification
2021,12,ricciardo,Daniel Ricciardo,McLaren,4,2:01.583,1:57.127,2:00.864,Base Oficial Ergast Motor Racing Database / FIA Qualifying Classification
2021,12,vettel,Sebastian Vettel,Aston Martin,5,2:00.175,1:56.814,2:00.935,Base Oficial Ergast Motor Racing Database / FIA Qualifying Classification
2021,12,gasly,Pierre Gasly,AlphaTauri,6,2:00.387,1:56.440,2:01.164,Base Oficial Ergast Motor Racing Database / FIA Qualifying Classification
2021,12,perez,Sergio Perez,Red Bull,7,1:59.334,1:56.886,2:02.112,Base Oficial Ergast Motor Racing Database / FIA Qualifying Classification
2021,12,bottas,Valtteri Bottas,Mercedes,8,1:59.870,1:56.295,2:02.502,Base Oficial Ergast Motor Racing Database / FIA Qualifying Classification
2021,12,ocon,Esteban Ocon,Alpine F1 Team,9,2:01.824,1:57.354,2:03.513,Base Oficial Ergast Motor Racing Database / FIA Qualifying Classification
2021,12,norris,Lando Norris,McLaren,10,1:58.301,1:56.025,,Base Oficial Ergast Motor Racing Database / FIA Qualifying Classification
2021,12,leclerc,Charles Leclerc,Ferrari,11,2:00.728,1:57.721,,Base Oficial Ergast Motor Racing Database / FIA Qualifying Classification
2021,12,latifi,Nicholas Latifi,Williams,12,2:00.966,1:58.056,,Base Oficial Ergast Motor Racing Database / FIA Qualifying Classification
2021,12,sainz,Carlos Sainz,Ferrari,13,2:01.184,1:58.137,,Base Oficial Ergast Motor Racing Database / FIA Qualifying Classification
2021,12,alonso,Fernando Alonso,Alpine F1 Team,14,2:01.653,1:58.205,,Base Oficial Ergast Motor Racing Database / FIA Qualifying Classification
2021,12,stroll,Lance Stroll,Aston Martin,15,2:01.597,1:58.231,,Base Oficial Ergast Motor Racing Database / FIA Qualifying Classification
2021,12,giovinazzi,Antonio Giovinazzi,Alfa Romeo,16,2:02.306,,,Base Oficial Ergast Motor Racing Database / FIA Qualifying Classification
2021,12,tsunoda,Yuki Tsunoda,AlphaTauri,17,2:02.413,,,Base Oficial Ergast Motor Racing Database / FIA Qualifying Classification
2021,12,mick_schumacher,Mick Schumacher,Haas F1 Team,18,2:03.973,,,Base Oficial Ergast Motor Racing Database / FIA Qualifying Classification
2021,12,raikkonen,Kimi Raikkonen,Alfa Romeo,19,2:04.452,,,Base Oficial Ergast Motor Racing Database / FIA Qualifying Classification
2021,12,mazepin,Nikita Mazepin,Haas F1 Team,20,2:04.939,,,Base Oficial Ergast Motor Racing Database / FIA Qualifying Classification
2021,13,max_verstappen,Max Verstappen,Red Bull,1,1:10.036,1:09.071,1:08.885,Base Oficial Ergast Motor Racing Database / FIA Qualifying Classification
2021,13,hamilton,Lewis Hamilton,Mercedes,2,1:10.114,1:09.726,1:08.923,Base Oficial Ergast Motor Racing Database / FIA Qualifying Classification
2021,13,bottas,Valtteri Bottas,Mercedes,3,1:10.219,1:09.769,1:09.222,Base Oficial Ergast Motor Racing Database / FIA Qualifying Classification
2021,13,gasly,Pierre Gasly,AlphaTauri,4,1:10.274,1:09.541,1:09.478,Base Oficial Ergast Motor Racing Database / FIA Qualifying Classification
2021,13,leclerc,Charles Leclerc,Ferrari,5,1:09.829,1:09.437,1:09.527,Base Oficial Ergast Motor Racing Database / FIA Qualifying Classification
2021,13,sainz,Carlos Sainz,Ferrari,6,1:10.022,1:09.870,1:09.537,Base Oficial Ergast Motor Racing Database / FIA Qualifying Classification
2021,13,giovinazzi,Antonio Giovinazzi,Alfa Romeo,7,1:10.050,1:10.033,1:09.590,Base Oficial Ergast Motor Racing Database / FIA Qualifying Classification
2021,13,ocon,Esteban Ocon,Alpine F1 Team,8,1:10.179,1:09.919,1:09.933,Base Oficial Ergast Motor Racing Database / FIA Qualifying Classification
2021,13,alonso,Fernando Alonso,Alpine F1 Team,9,1:10.435,1:10.020,1:09.956,Base Oficial Ergast Motor Racing Database / FIA Qualifying Classification
2021,13,ricciardo,Daniel Ricciardo,McLaren,10,1:10.255,1:09.865,1:10.166,Base Oficial Ergast Motor Racing Database / FIA Qualifying Classification
2021,13,russell,George Russell,Williams,11,1:10.382,1:10.332,,Base Oficial Ergast Motor Racing Database / FIA Qualifying Classification
2021,13,stroll,Lance Stroll,Aston Martin,12,1:10.438,1:10.367,,Base Oficial Ergast Motor Racing Database / FIA Qualifying Classification
2021,13,norris,Lando Norris,McLaren,13,1:10.489,1:10.406,,Base Oficial Ergast Motor Racing Database / FIA Qualifying Classification
2021,13,latifi,Nicholas Latifi,Williams,14,1:10.093,1:11.161,,Base Oficial Ergast Motor Racing Database / FIA Qualifying Classification
2021,13,tsunoda,Yuki Tsunoda,AlphaTauri,15,1:10.462,1:11.314,,Base Oficial Ergast Motor Racing Database / FIA Qualifying Classification
2021,13,perez,Sergio Perez,Red Bull,16,1:10.530,,,Base Oficial Ergast Motor Racing Database / FIA Qualifying Classification
2021,13,vettel,Sebastian Vettel,Aston Martin,17,1:10.731,,,Base Oficial Ergast Motor Racing Database / FIA Qualifying Classification
2021,13,kubica,Robert Kubica,Alfa Romeo,18,1:11.301,,,Base Oficial Ergast Motor Racing Database / FIA Qualifying Classification
2021,13,mick_schumacher,Mick Schumacher,Haas F1 Team,19,1:11.387,,,Base Oficial Ergast Motor Racing Database / FIA Qualifying Classification
2021,13,mazepin,Nikita Mazepin,Haas F1 Team,20,1:11.875,,,Base Oficial Ergast Motor Racing Database / FIA Qualifying Classification
2021,14,bottas,Valtteri Bottas,Mercedes,1,1:20.685,1:20.032,1:19.555,Base Oficial Ergast Motor Racing Database / FIA Qualifying Classification
2021,14,hamilton,Lewis Hamilton,Mercedes,2,1:20.543,1:19.936,1:19.651,Base Oficial Ergast Motor Racing Database / FIA Qualifying Classification
2021,14,max_verstappen,Max Verstappen,Red Bull,3,1:21.035,1:20.229,1:19.966,Base Oficial Ergast Motor Racing Database / FIA Qualifying Classification
2021,14,norris,Lando Norris,McLaren,4,1:20.916,1:20.059,1:19.989,Base Oficial Ergast Motor Racing Database / FIA Qualifying Classification
2021,14,ricciardo,Daniel Ricciardo,McLaren,5,1:21.292,1:20.435,1:19.995,Base Oficial Ergast Motor Racing Database / FIA Qualifying Classification
2021,14,gasly,Pierre Gasly,AlphaTauri,6,1:21.440,1:20.556,1:20.260,Base Oficial Ergast Motor Racing Database / FIA Qualifying Classification
2021,14,sainz,Carlos Sainz,Ferrari,7,1:21.118,1:20.750,1:20.462,Base Oficial Ergast Motor Racing Database / FIA Qualifying Classification
2021,14,leclerc,Charles Leclerc,Ferrari,8,1:21.219,1:20.767,1:20.510,Base Oficial Ergast Motor Racing Database / FIA Qualifying Classification
2021,14,perez,Sergio Perez,Red Bull,9,1:21.308,1:20.882,1:20.611,Base Oficial Ergast Motor Racing Database / FIA Qualifying Classification
2021,14,giovinazzi,Antonio Giovinazzi,Alfa Romeo,10,1:21.197,1:20.726,1:20.808,Base Oficial Ergast Motor Racing Database / FIA Qualifying Classification
2021,14,vettel,Sebastian Vettel,Aston Martin,11,1:21.394,1:20.913,,Base Oficial Ergast Motor Racing Database / FIA Qualifying Classification
2021,14,stroll,Lance Stroll,Aston Martin,12,1:21.415,1:21.020,,Base Oficial Ergast Motor Racing Database / FIA Qualifying Classification
2021,14,alonso,Fernando Alonso,Alpine F1 Team,13,1:21.487,1:21.069,,Base Oficial Ergast Motor Racing Database / FIA Qualifying Classification
2021,14,ocon,Esteban Ocon,Alpine F1 Team,14,1:21.500,1:21.103,,Base Oficial Ergast Motor Racing Database / FIA Qualifying Classification
2021,14,russell,George Russell,Williams,15,1:21.890,1:21.392,,Base Oficial Ergast Motor Racing Database / FIA Qualifying Classification
2021,14,latifi,Nicholas Latifi,Williams,16,1:21.925,,,Base Oficial Ergast Motor Racing Database / FIA Qualifying Classification
2021,14,tsunoda,Yuki Tsunoda,AlphaTauri,17,1:21.973,,,Base Oficial Ergast Motor Racing Database / FIA Qualifying Classification
2021,14,mick_schumacher,Mick Schumacher,Haas F1 Team,18,1:22.248,,,Base Oficial Ergast Motor Racing Database / FIA Qualifying Classification
2021,14,kubica,Robert Kubica,Alfa Romeo,19,1:22.530,,,Base Oficial Ergast Motor Racing Database / FIA Qualifying Classification
2021,14,mazepin,Nikita Mazepin,Haas F1 Team,20,1:22.716,,,Base Oficial Ergast Motor Racing Database / FIA Qualifying Classification
2021,15,norris,Lando Norris,McLaren,1,1:47.238,1:45.827,1:41.993,Base Oficial Ergast Motor Racing Database / FIA Qualifying Classification
2021,15,sainz,Carlos Sainz,Ferrari,2,1:47.924,1:46.521,1:42.510,Base Oficial Ergast Motor Racing Database / FIA Qualifying Classification
2021,15,russell,George Russell,Williams,3,1:48.303,1:46.435,1:42.983,Base Oficial Ergast Motor Racing Database / FIA Qualifying Classification
2021,15,hamilton,Lewis Hamilton,Mercedes,4,1:45.992,1:45.129,1:44.050,Base Oficial Ergast Motor Racing Database / FIA Qualifying Classification
2021,15,ricciardo,Daniel Ricciardo,McLaren,5,1:48.345,1:46.361,1:44.156,Base Oficial Ergast Motor Racing Database / FIA Qualifying Classification
2021,15,alonso,Fernando Alonso,Alpine F1 Team,6,1:47.877,1:45.514,1:44.204,Base Oficial Ergast Motor Racing Database / FIA Qualifying Classification
2021,15,bottas,Valtteri Bottas,Mercedes,7,1:46.396,1:45.306,1:44.710,Base Oficial Ergast Motor Racing Database / FIA Qualifying Classification
2021,15,stroll,Lance Stroll,Aston Martin,8,1:48.322,1:46.360,1:44.956,Base Oficial Ergast Motor Racing Database / FIA Qualifying Classification
2021,15,perez,Sergio Perez,Red Bull,9,1:46.455,1:45.834,1:45.337,Base Oficial Ergast Motor Racing Database / FIA Qualifying Classification
2021,15,ocon,Esteban Ocon,Alpine F1 Team,10,1:48.099,1:46.070,1:45.865,Base Oficial Ergast Motor Racing Database / FIA Qualifying Classification
2021,15,vettel,Sebastian Vettel,Aston Martin,11,1:47.205,1:46.573,,Base Oficial Ergast Motor Racing Database / FIA Qualifying Classification
2021,15,gasly,Pierre Gasly,AlphaTauri,12,1:47.828,1:46.641,,Base Oficial Ergast Motor Racing Database / FIA Qualifying Classification
2021,15,tsunoda,Yuki Tsunoda,AlphaTauri,13,1:48.854,1:46.751,,Base Oficial Ergast Motor Racing Database / FIA Qualifying Classification
2021,15,latifi,Nicholas Latifi,Williams,14,1:48.252,,,Base Oficial Ergast Motor Racing Database / FIA Qualifying Classification
2021,15,leclerc,Charles Leclerc,Ferrari,15,1:48.470,,,Base Oficial Ergast Motor Racing Database / FIA Qualifying Classification
2021,15,raikkonen,Kimi Raikkonen,Alfa Romeo,16,1:49.586,,,Base Oficial Ergast Motor Racing Database / FIA Qualifying Classification
2021,15,mick_schumacher,Mick Schumacher,Haas F1 Team,17,1:49.830,,,Base Oficial Ergast Motor Racing Database / FIA Qualifying Classification
2021,15,giovinazzi,Antonio Giovinazzi,Alfa Romeo,18,1:51.023,,,Base Oficial Ergast Motor Racing Database / FIA Qualifying Classification
2021,15,mazepin,Nikita Mazepin,Haas F1 Team,19,1:53.764,,,Base Oficial Ergast Motor Racing Database / FIA Qualifying Classification
2021,15,max_verstappen,Max Verstappen,Red Bull,20,,,,Base Oficial Ergast Motor Racing Database / FIA Qualifying Classification
2021,16,hamilton,Lewis Hamilton,Mercedes,1,1:24.585,1:23.082,1:22.868,Base Oficial Ergast Motor Racing Database / FIA Qualifying Classification
2021,16,bottas,Valtteri Bottas,Mercedes,2,1:25.047,1:23.579,1:22.998,Base Oficial Ergast Motor Racing Database / FIA Qualifying Classification
2021,16,max_verstappen,Max Verstappen,Red Bull,3,1:24.592,1:23.732,1:23.196,Base Oficial Ergast Motor Racing Database / FIA Qualifying Classification
2021,16,leclerc,Charles Leclerc,Ferrari,4,1:24.869,1:24.015,1:23.265,Base Oficial Ergast Motor Racing Database / FIA Qualifying Classification
2021,16,gasly,Pierre Gasly,AlphaTauri,5,1:24.704,1:23.817,1:23.326,Base Oficial Ergast Motor Racing Database / FIA Qualifying Classification
2021,16,alonso,Fernando Alonso,Alpine F1 Team,6,1:25.174,1:23.914,1:23.477,Base Oficial Ergast Motor Racing Database / FIA Qualifying Classification
2021,16,perez,Sergio Perez,Red Bull,7,1:24.963,1:23.961,1:23.706,Base Oficial Ergast Motor Racing Database / FIA Qualifying Classification
2021,16,norris,Lando Norris,McLaren,8,1:25.138,1:24.642,1:23.954,Base Oficial Ergast Motor Racing Database / FIA Qualifying Classification
2021,16,stroll,Lance Stroll,Aston Martin,9,1:25.511,1:24.601,1:24.305,Base Oficial Ergast Motor Racing Database / FIA Qualifying Classification
2021,16,tsunoda,Yuki Tsunoda,AlphaTauri,10,1:25.409,1:24.054,1:24.368,Base Oficial Ergast Motor Racing Database / FIA Qualifying Classification
2021,16,vettel,Sebastian Vettel,Aston Martin,11,1:25.787,1:24.795,,Base Oficial Ergast Motor Racing Database / FIA Qualifying Classification
2021,16,ocon,Esteban Ocon,Alpine F1 Team,12,1:25.422,1:24.842,,Base Oficial Ergast Motor Racing Database / FIA Qualifying Classification
2021,16,russell,George Russell,Williams,13,1:25.417,1:25.007,,Base Oficial Ergast Motor Racing Database / FIA Qualifying Classification
2021,16,mick_schumacher,Mick Schumacher,Haas F1 Team,14,1:25.555,1:25.200,,Base Oficial Ergast Motor Racing Database / FIA Qualifying Classification
2021,16,sainz,Carlos Sainz,Ferrari,15,1:25.177,,,Base Oficial Ergast Motor Racing Database / FIA Qualifying Classification
2021,16,ricciardo,Daniel Ricciardo,McLaren,16,1:25.881,,,Base Oficial Ergast Motor Racing Database / FIA Qualifying Classification
2021,16,latifi,Nicholas Latifi,Williams,17,1:26.086,,,Base Oficial Ergast Motor Racing Database / FIA Qualifying Classification
2021,16,giovinazzi,Antonio Giovinazzi,Alfa Romeo,18,1:26.430,,,Base Oficial Ergast Motor Racing Database / FIA Qualifying Classification
2021,16,raikkonen,Kimi Raikkonen,Alfa Romeo,19,1:27.525,,,Base Oficial Ergast Motor Racing Database / FIA Qualifying Classification
2021,16,mazepin,Nikita Mazepin,Haas F1 Team,20,1:28.449,,,Base Oficial Ergast Motor Racing Database / FIA Qualifying Classification
2021,17,max_verstappen,Max Verstappen,Red Bull,1,1:34.352,1:33.464,1:32.910,Base Oficial Ergast Motor Racing Database / FIA Qualifying Classification
2021,17,hamilton,Lewis Hamilton,Mercedes,2,1:34.579,1:33.797,1:33.119,Base Oficial Ergast Motor Racing Database / FIA Qualifying Classification
2021,17,perez,Sergio Perez,Red Bull,3,1:34.369,1:34.178,1:33.134,Base Oficial Ergast Motor Racing Database / FIA Qualifying Classification
2021,17,bottas,Valtteri Bottas,Mercedes,4,1:34.590,1:33.959,1:33.475,Base Oficial Ergast Motor Racing Database / FIA Qualifying Classification
2021,17,leclerc,Charles Leclerc,Ferrari,5,1:34.153,1:33.928,1:33.606,Base Oficial Ergast Motor Racing Database / FIA Qualifying Classification
2021,17,sainz,Carlos Sainz,Ferrari,6,1:34.558,1:34.126,1:33.792,Base Oficial Ergast Motor Racing Database / FIA Qualifying Classification
2021,17,ricciardo,Daniel Ricciardo,McLaren,7,1:34.407,1:34.643,1:33.808,Base Oficial Ergast Motor Racing Database / FIA Qualifying Classification
2021,17,norris,Lando Norris,McLaren,8,1:34.551,1:33.880,1:33.887,Base Oficial Ergast Motor Racing Database / FIA Qualifying Classification
2021,17,gasly,Pierre Gasly,AlphaTauri,9,1:34.567,1:34.583,1:34.118,Base Oficial Ergast Motor Racing Database / FIA Qualifying Classification
2021,17,tsunoda,Yuki Tsunoda,AlphaTauri,10,1:35.360,1:35.137,1:34.918,Base Oficial Ergast Motor Racing Database / FIA Qualifying Classification
2021,17,ocon,Esteban Ocon,Alpine F1 Team,11,1:35.747,1:35.377,,Base Oficial Ergast Motor Racing Database / FIA Qualifying Classification
2021,17,vettel,Sebastian Vettel,Aston Martin,12,1:35.281,1:35.500,,Base Oficial Ergast Motor Racing Database / FIA Qualifying Classification
2021,17,giovinazzi,Antonio Giovinazzi,Alfa Romeo,13,1:35.920,1:35.794,,Base Oficial Ergast Motor Racing Database / FIA Qualifying Classification
2021,17,alonso,Fernando Alonso,Alpine F1 Team,14,1:35.756,1:44.549,,Base Oficial Ergast Motor Racing Database / FIA Qualifying Classification
2021,17,russell,George Russell,Williams,15,1:35.746,,,Base Oficial Ergast Motor Racing Database / FIA Qualifying Classification
2021,17,stroll,Lance Stroll,Aston Martin,16,1:35.983,,,Base Oficial Ergast Motor Racing Database / FIA Qualifying Classification
2021,17,latifi,Nicholas Latifi,Williams,17,1:35.995,,,Base Oficial Ergast Motor Racing Database / FIA Qualifying Classification
2021,17,raikkonen,Kimi Raikkonen,Alfa Romeo,18,1:36.311,,,Base Oficial Ergast Motor Racing Database / FIA Qualifying Classification
2021,17,mick_schumacher,Mick Schumacher,Haas F1 Team,19,1:36.499,,,Base Oficial Ergast Motor Racing Database / FIA Qualifying Classification
2021,17,mazepin,Nikita Mazepin,Haas F1 Team,20,1:36.796,,,Base Oficial Ergast Motor Racing Database / FIA Qualifying Classification
2021,18,bottas,Valtteri Bottas,Mercedes,1,1:16.727,1:16.864,1:15.875,Base Oficial Ergast Motor Racing Database / FIA Qualifying Classification
2021,18,hamilton,Lewis Hamilton,Mercedes,2,1:17.207,1:16.474,1:16.020,Base Oficial Ergast Motor Racing Database / FIA Qualifying Classification
2021,18,max_verstappen,Max Verstappen,Red Bull,3,1:16.788,1:16.483,1:16.225,Base Oficial Ergast Motor Racing Database / FIA Qualifying Classification
2021,18,perez,Sergio Perez,Red Bull,4,1:17.003,1:17.055,1:16.342,Base Oficial Ergast Motor Racing Database / FIA Qualifying Classification
2021,18,gasly,Pierre Gasly,AlphaTauri,5,1:16.908,1:16.955,1:16.456,Base Oficial Ergast Motor Racing Database / FIA Qualifying Classification
2021,18,sainz,Carlos Sainz,Ferrari,6,1:17.517,1:17.248,1:16.761,Base Oficial Ergast Motor Racing Database / FIA Qualifying Classification
2021,18,ricciardo,Daniel Ricciardo,McLaren,7,1:17.719,1:17.092,1:16.763,Base Oficial Ergast Motor Racing Database / FIA Qualifying Classification
2021,18,leclerc,Charles Leclerc,Ferrari,8,1:16.748,1:17.034,1:16.837,Base Oficial Ergast Motor Racing Database / FIA Qualifying Classification
2021,18,tsunoda,Yuki Tsunoda,AlphaTauri,9,1:17.330,1:16.701,1:17.158,Base Oficial Ergast Motor Racing Database / FIA Qualifying Classification
2021,18,norris,Lando Norris,McLaren,10,1:17.569,1:17.473,1:36.830,Base Oficial Ergast Motor Racing Database / FIA Qualifying Classification
2021,18,vettel,Sebastian Vettel,Aston Martin,11,1:17.502,1:17.746,,Base Oficial Ergast Motor Racing Database / FIA Qualifying Classification
2021,18,raikkonen,Kimi Raikkonen,Alfa Romeo,12,1:17.606,1:17.958,,Base Oficial Ergast Motor Racing Database / FIA Qualifying Classification
2021,18,russell,George Russell,Williams,13,1:17.958,1:18.172,,Base Oficial Ergast Motor Racing Database / FIA Qualifying Classification
2021,18,giovinazzi,Antonio Giovinazzi,Alfa Romeo,14,1:17.897,1:18.290,,Base Oficial Ergast Motor Racing Database / FIA Qualifying Classification
2021,18,ocon,Esteban Ocon,Alpine F1 Team,15,1:18.126,1:18.405,,Base Oficial Ergast Motor Racing Database / FIA Qualifying Classification
2021,18,alonso,Fernando Alonso,Alpine F1 Team,16,1:18.452,,,Base Oficial Ergast Motor Racing Database / FIA Qualifying Classification
2021,18,latifi,Nicholas Latifi,Williams,17,1:18.756,,,Base Oficial Ergast Motor Racing Database / FIA Qualifying Classification
2021,18,mick_schumacher,Mick Schumacher,Haas F1 Team,18,1:18.858,,,Base Oficial Ergast Motor Racing Database / FIA Qualifying Classification
2021,18,mazepin,Nikita Mazepin,Haas F1 Team,19,1:19.303,,,Base Oficial Ergast Motor Racing Database / FIA Qualifying Classification
2021,18,stroll,Lance Stroll,Aston Martin,20,1:20.873,,,Base Oficial Ergast Motor Racing Database / FIA Qualifying Classification
2021,19,hamilton,Lewis Hamilton,Mercedes,1,1:08.733,1:08.068,1:07.934,Base Oficial Ergast Motor Racing Database / FIA Qualifying Classification
2021,19,max_verstappen,Max Verstappen,Red Bull,2,1:09.329,1:08.499,1:08.372,Base Oficial Ergast Motor Racing Database / FIA Qualifying Classification
2021,19,bottas,Valtteri Bottas,Mercedes,3,1:09.040,1:08.426,1:08.469,Base Oficial Ergast Motor Racing Database / FIA Qualifying Classification
2021,19,perez,Sergio Perez,Red Bull,4,1:09.172,1:08.973,1:08.483,Base Oficial Ergast Motor Racing Database / FIA Qualifying Classification
2021,19,gasly,Pierre Gasly,AlphaTauri,5,1:09.347,1:08.903,1:08.777,Base Oficial Ergast Motor Racing Database / FIA Qualifying Classification
2021,19,sainz,Carlos Sainz,Ferrari,6,1:09.046,1:09.031,1:08.826,Base Oficial Ergast Motor Racing Database / FIA Qualifying Classification
2021,19,leclerc,Charles Leclerc,Ferrari,7,1:09.155,1:08.859,1:08.960,Base Oficial Ergast Motor Racing Database / FIA Qualifying Classification
2021,19,norris,Lando Norris,McLaren,8,1:09.365,1:09.030,1:08.980,Base Oficial Ergast Motor Racing Database / FIA Qualifying Classification
2021,19,ricciardo,Daniel Ricciardo,McLaren,9,1:09.374,1:09.093,1:09.039,Base Oficial Ergast Motor Racing Database / FIA Qualifying Classification
2021,19,alonso,Fernando Alonso,Alpine F1 Team,10,1:09.391,1:09.137,1:09.113,Base Oficial Ergast Motor Racing Database / FIA Qualifying Classification
2021,19,ocon,Esteban Ocon,Alpine F1 Team,11,1:09.430,1:09.189,,Base Oficial Ergast Motor Racing Database / FIA Qualifying Classification
2021,19,vettel,Sebastian Vettel,Aston Martin,12,1:09.451,1:09.399,,Base Oficial Ergast Motor Racing Database / FIA Qualifying Classification
2021,19,tsunoda,Yuki Tsunoda,AlphaTauri,13,1:09.350,1:09.483,,Base Oficial Ergast Motor Racing Database / FIA Qualifying Classification
2021,19,raikkonen,Kimi Raikkonen,Alfa Romeo,14,1:09.598,1:09.503,,Base Oficial Ergast Motor Racing Database / FIA Qualifying Classification
2021,19,giovinazzi,Antonio Giovinazzi,Alfa Romeo,15,1:09.342,1:10.227,,Base Oficial Ergast Motor Racing Database / FIA Qualifying Classification
2021,19,stroll,Lance Stroll,Aston Martin,16,1:09.663,,,Base Oficial Ergast Motor Racing Database / FIA Qualifying Classification
2021,19,latifi,Nicholas Latifi,Williams,17,1:09.897,,,Base Oficial Ergast Motor Racing Database / FIA Qualifying Classification
2021,19,russell,George Russell,Williams,18,1:09.953,,,Base Oficial Ergast Motor Racing Database / FIA Qualifying Classification
2021,19,mick_schumacher,Mick Schumacher,Haas F1 Team,19,1:10.329,,,Base Oficial Ergast Motor Racing Database / FIA Qualifying Classification
2021,19,mazepin,Nikita Mazepin,Haas F1 Team,20,1:10.589,,,Base Oficial Ergast Motor Racing Database / FIA Qualifying Classification
2021,20,hamilton,Lewis Hamilton,Mercedes,1,1:21.901,1:21.682,1:20.827,Base Oficial Ergast Motor Racing Database / FIA Qualifying Classification
2021,20,max_verstappen,Max Verstappen,Red Bull,2,1:21.996,1:21.984,1:21.282,Base Oficial Ergast Motor Racing Database / FIA Qualifying Classification
2021,20,bottas,Valtteri Bottas,Mercedes,3,1:22.016,1:21.991,1:21.478,Base Oficial Ergast Motor Racing Database / FIA Qualifying Classification
2021,20,gasly,Pierre Gasly,AlphaTauri,4,1:22.535,1:21.728,1:21.640,Base Oficial Ergast Motor Racing Database / FIA Qualifying Classification
2021,20,alonso,Fernando Alonso,Alpine F1 Team,5,1:22.422,1:21.894,1:21.670,Base Oficial Ergast Motor Racing Database / FIA Qualifying Classification
2021,20,norris,Lando Norris,McLaren,6,1:22.839,1:22.216,1:21.731,Base Oficial Ergast Motor Racing Database / FIA Qualifying Classification
2021,20,sainz,Carlos Sainz,Ferrari,7,1:22.304,1:22.241,1:21.840,Base Oficial Ergast Motor Racing Database / FIA Qualifying Classification
2021,20,tsunoda,Yuki Tsunoda,AlphaTauri,8,1:22.458,1:22.058,1:21.881,Base Oficial Ergast Motor Racing Database / FIA Qualifying Classification
2021,20,ocon,Esteban Ocon,Alpine F1 Team,9,1:22.565,1:22.012,1:22.028,Base Oficial Ergast Motor Racing Database / FIA Qualifying Classification
2021,20,vettel,Sebastian Vettel,Aston Martin,10,1:22.549,1:22.146,1:22.785,Base Oficial Ergast Motor Racing Database / FIA Qualifying Classification
2021,20,perez,Sergio Perez,Red Bull,11,1:22.398,1:22.346,,Base Oficial Ergast Motor Racing Database / FIA Qualifying Classification
2021,20,stroll,Lance Stroll,Aston Martin,12,1:22.551,1:22.460,,Base Oficial Ergast Motor Racing Database / FIA Qualifying Classification
2021,20,leclerc,Charles Leclerc,Ferrari,13,1:22.742,1:22.463,,Base Oficial Ergast Motor Racing Database / FIA Qualifying Classification
2021,20,ricciardo,Daniel Ricciardo,McLaren,14,1:22.688,1:22.597,,Base Oficial Ergast Motor Racing Database / FIA Qualifying Classification
2021,20,russell,George Russell,Williams,15,1:22.863,1:22.756,,Base Oficial Ergast Motor Racing Database / FIA Qualifying Classification
2021,20,raikkonen,Kimi Raikkonen,Alfa Romeo,16,1:23.156,,,Base Oficial Ergast Motor Racing Database / FIA Qualifying Classification
2021,20,latifi,Nicholas Latifi,Williams,17,1:23.213,,,Base Oficial Ergast Motor Racing Database / FIA Qualifying Classification
2021,20,giovinazzi,Antonio Giovinazzi,Alfa Romeo,18,1:23.262,,,Base Oficial Ergast Motor Racing Database / FIA Qualifying Classification
2021,20,mick_schumacher,Mick Schumacher,Haas F1 Team,19,1:23.407,,,Base Oficial Ergast Motor Racing Database / FIA Qualifying Classification
2021,20,mazepin,Nikita Mazepin,Haas F1 Team,20,1:25.859,,,Base Oficial Ergast Motor Racing Database / FIA Qualifying Classification
2021,21,hamilton,Lewis Hamilton,Mercedes,1,1:28.466,1:27.712,1:27.511,Base Oficial Ergast Motor Racing Database / FIA Qualifying Classification
2021,21,bottas,Valtteri Bottas,Mercedes,2,1:28.057,1:28.054,1:27.622,Base Oficial Ergast Motor Racing Database / FIA Qualifying Classification
2021,21,max_verstappen,Max Verstappen,Red Bull,3,1:28.285,1:27.953,1:27.653,Base Oficial Ergast Motor Racing Database / FIA Qualifying Classification
2021,21,leclerc,Charles Leclerc,Ferrari,4,1:28.310,1:28.459,1:28.054,Base Oficial Ergast Motor Racing Database / FIA Qualifying Classification
2021,21,perez,Sergio Perez,Red Bull,5,1:28.021,1:27.946,1:28.123,Base Oficial Ergast Motor Racing Database / FIA Qualifying Classification
2021,21,gasly,Pierre Gasly,AlphaTauri,6,1:28.401,1:28.314,1:28.125,Base Oficial Ergast Motor Racing Database / FIA Qualifying Classification
2021,21,norris,Lando Norris,McLaren,7,1:28.338,1:28.344,1:28.180,Base Oficial Ergast Motor Racing Database / FIA Qualifying Classification
2021,21,tsunoda,Yuki Tsunoda,AlphaTauri,8,1:28.503,1:28.222,1:28.442,Base Oficial Ergast Motor Racing Database / FIA Qualifying Classification
2021,21,ocon,Esteban Ocon,Alpine F1 Team,9,1:28.752,1:28.574,1:28.647,Base Oficial Ergast Motor Racing Database / FIA Qualifying Classification
2021,21,giovinazzi,Antonio Giovinazzi,Alfa Romeo,10,1:28.899,1:28.616,1:28.754,Base Oficial Ergast Motor Racing Database / FIA Qualifying Classification
2021,21,ricciardo,Daniel Ricciardo,McLaren,11,1:28.216,1:28.668,,Base Oficial Ergast Motor Racing Database / FIA Qualifying Classification
2021,21,raikkonen,Kimi Raikkonen,Alfa Romeo,12,1:28.856,1:28.885,,Base Oficial Ergast Motor Racing Database / FIA Qualifying Classification
2021,21,alonso,Fernando Alonso,Alpine F1 Team,13,1:28.944,1:28.920,,Base Oficial Ergast Motor Racing Database / FIA Qualifying Classification
2021,21,russell,George Russell,Williams,14,1:28.926,1:29.054,,Base Oficial Ergast Motor Racing Database / FIA Qualifying Classification
2021,21,sainz,Carlos Sainz,Ferrari,15,1:28.237,1:53.652,,Base Oficial Ergast Motor Racing Database / FIA Qualifying Classification
2021,21,latifi,Nicholas Latifi,Williams,16,1:29.177,,,Base Oficial Ergast Motor Racing Database / FIA Qualifying Classification
2021,21,vettel,Sebastian Vettel,Aston Martin,17,1:29.198,,,Base Oficial Ergast Motor Racing Database / FIA Qualifying Classification
2021,21,stroll,Lance Stroll,Aston Martin,18,1:29.368,,,Base Oficial Ergast Motor Racing Database / FIA Qualifying Classification
2021,21,mick_schumacher,Mick Schumacher,Haas F1 Team,19,1:29.464,,,Base Oficial Ergast Motor Racing Database / FIA Qualifying Classification
2021,21,mazepin,Nikita Mazepin,Haas F1 Team,20,1:30.473,,,Base Oficial Ergast Motor Racing Database / FIA Qualifying Classification
2021,22,max_verstappen,Max Verstappen,Red Bull,1,1:23.322,1:22.800,1:22.109,Base Oficial Ergast Motor Racing Database / FIA Qualifying Classification
2021,22,hamilton,Lewis Hamilton,Mercedes,2,1:22.845,1:23.145,1:22.480,Base Oficial Ergast Motor Racing Database / FIA Qualifying Classification
2021,22,norris,Lando Norris,McLaren,3,1:23.553,1:23.256,1:22.931,Base Oficial Ergast Motor Racing Database / FIA Qualifying Classification
2021,22,perez,Sergio Perez,Red Bull,4,1:23.350,1:23.135,1:22.947,Base Oficial Ergast Motor Racing Database / FIA Qualifying Classification
2021,22,sainz,Carlos Sainz,Ferrari,5,1:23.624,1:23.174,1:22.992,Base Oficial Ergast Motor Racing Database / FIA Qualifying Classification
2021,22,bottas,Valtteri Bottas,Mercedes,6,1:23.117,1:23.246,1:23.036,Base Oficial Ergast Motor Racing Database / FIA Qualifying Classification
2021,22,leclerc,Charles Leclerc,Ferrari,7,1:23.467,1:23.202,1:23.122,Base Oficial Ergast Motor Racing Database / FIA Qualifying Classification
2021,22,tsunoda,Yuki Tsunoda,AlphaTauri,8,1:23.428,1:23.404,1:23.220,Base Oficial Ergast Motor Racing Database / FIA Qualifying Classification
2021,22,ocon,Esteban Ocon,Alpine F1 Team,9,1:23.764,1:23.420,1:23.389,Base Oficial Ergast Motor Racing Database / FIA Qualifying Classification
2021,22,ricciardo,Daniel Ricciardo,McLaren,10,1:23.829,1:23.448,1:23.409,Base Oficial Ergast Motor Racing Database / FIA Qualifying Classification
2021,22,alonso,Fernando Alonso,Alpine F1 Team,11,1:23.846,1:23.460,,Base Oficial Ergast Motor Racing Database / FIA Qualifying Classification
2021,22,gasly,Pierre Gasly,AlphaTauri,12,1:23.489,1:24.043,,Base Oficial Ergast Motor Racing Database / FIA Qualifying Classification
2021,22,stroll,Lance Stroll,Aston Martin,13,1:24.061,1:24.066,,Base Oficial Ergast Motor Racing Database / FIA Qualifying Classification
2021,22,giovinazzi,Antonio Giovinazzi,Alfa Romeo,14,1:24.118,1:24.251,,Base Oficial Ergast Motor Racing Database / FIA Qualifying Classification
2021,22,vettel,Sebastian Vettel,Aston Martin,15,1:24.225,1:24.305,,Base Oficial Ergast Motor Racing Database / FIA Qualifying Classification
2021,22,latifi,Nicholas Latifi,Williams,16,1:24.338,,,Base Oficial Ergast Motor Racing Database / FIA Qualifying Classification
2021,22,russell,George Russell,Williams,17,1:24.423,,,Base Oficial Ergast Motor Racing Database / FIA Qualifying Classification
2021,22,raikkonen,Kimi Raikkonen,Alfa Romeo,18,1:24.779,,,Base Oficial Ergast Motor Racing Database / FIA Qualifying Classification
2021,22,mick_schumacher,Mick Schumacher,Haas F1 Team,19,1:24.906,,,Base Oficial Ergast Motor Racing Database / FIA Qualifying Classification
2021,22,mazepin,Nikita Mazepin,Haas F1 Team,20,1:25.685,,,Base Oficial Ergast Motor Racing Database / FIA Qualifying Classification
2022,1,leclerc,Charles Leclerc,Ferrari,1,1:31.471,1:30.932,1:30.558,Base Oficial Ergast Motor Racing Database / FIA Qualifying Classification
2022,1,max_verstappen,Max Verstappen,Red Bull,2,1:31.785,1:30.757,1:30.681,Base Oficial Ergast Motor Racing Database / FIA Qualifying Classification
2022,1,sainz,Carlos Sainz,Ferrari,3,1:31.567,1:30.787,1:30.687,Base Oficial Ergast Motor Racing Database / FIA Qualifying Classification
2022,1,perez,Sergio Perez,Red Bull,4,1:32.311,1:31.008,1:30.921,Base Oficial Ergast Motor Racing Database / FIA Qualifying Classification
2022,1,hamilton,Lewis Hamilton,Mercedes,5,1:32.285,1:31.048,1:31.238,Base Oficial Ergast Motor Racing Database / FIA Qualifying Classification
2022,1,bottas,Valtteri Bottas,Alfa Romeo,6,1:31.919,1:31.717,1:31.560,Base Oficial Ergast Motor Racing Database / FIA Qualifying Classification
2022,1,kevin_magnussen,Kevin Magnussen,Haas F1 Team,7,1:31.955,1:31.461,1:31.808,Base Oficial Ergast Motor Racing Database / FIA Qualifying Classification
2022,1,alonso,Fernando Alonso,Alpine F1 Team,8,1:32.346,1:31.621,1:32.195,Base Oficial Ergast Motor Racing Database / FIA Qualifying Classification
2022,1,russell,George Russell,Mercedes,9,1:32.269,1:31.252,1:32.216,Base Oficial Ergast Motor Racing Database / FIA Qualifying Classification
2022,1,gasly,Pierre Gasly,AlphaTauri,10,1:32.096,1:31.635,1:32.338,Base Oficial Ergast Motor Racing Database / FIA Qualifying Classification
2022,1,ocon,Esteban Ocon,Alpine F1 Team,11,1:32.041,1:31.782,,Base Oficial Ergast Motor Racing Database / FIA Qualifying Classification
2022,1,mick_schumacher,Mick Schumacher,Haas F1 Team,12,1:32.380,1:31.998,,Base Oficial Ergast Motor Racing Database / FIA Qualifying Classification
2022,1,norris,Lando Norris,McLaren,13,1:32.239,1:32.008,,Base Oficial Ergast Motor Racing Database / FIA Qualifying Classification
2022,1,albon,Alexander Albon,Williams,14,1:32.726,1:32.664,,Base Oficial Ergast Motor Racing Database / FIA Qualifying Classification
2022,1,zhou,Guanyu Zhou,Alfa Romeo,15,1:32.493,1:33.543,,Base Oficial Ergast Motor Racing Database / FIA Qualifying Classification
2022,1,tsunoda,Yuki Tsunoda,AlphaTauri,16,1:32.750,,,Base Oficial Ergast Motor Racing Database / FIA Qualifying Classification
2022,1,hulkenberg,Nico Hulkenberg,Aston Martin,17,1:32.777,,,Base Oficial Ergast Motor Racing Database / FIA Qualifying Classification
2022,1,ricciardo,Daniel Ricciardo,McLaren,18,1:32.945,,,Base Oficial Ergast Motor Racing Database / FIA Qualifying Classification
2022,1,stroll,Lance Stroll,Aston Martin,19,1:33.032,,,Base Oficial Ergast Motor Racing Database / FIA Qualifying Classification
2022,1,latifi,Nicholas Latifi,Williams,20,1:33.634,,,Base Oficial Ergast Motor Racing Database / FIA Qualifying Classification
2022,2,perez,Sergio Perez,Red Bull,1,1:29.705,1:28.924,1:28.200,Base Oficial Ergast Motor Racing Database / FIA Qualifying Classification
2022,2,leclerc,Charles Leclerc,Ferrari,2,1:29.039,1:28.780,1:28.225,Base Oficial Ergast Motor Racing Database / FIA Qualifying Classification
2022,2,sainz,Carlos Sainz,Ferrari,3,1:28.855,1:28.686,1:28.402,Base Oficial Ergast Motor Racing Database / FIA Qualifying Classification
2022,2,max_verstappen,Max Verstappen,Red Bull,4,1:28.928,1:28.945,1:28.461,Base Oficial Ergast Motor Racing Database / FIA Qualifying Classification
2022,2,ocon,Esteban Ocon,Alpine F1 Team,5,1:30.093,1:29.584,1:29.068,Base Oficial Ergast Motor Racing Database / FIA Qualifying Classification
2022,2,russell,George Russell,Mercedes,6,1:29.680,1:29.618,1:29.104,Base Oficial Ergast Motor Racing Database / FIA Qualifying Classification
2022,2,alonso,Fernando Alonso,Alpine F1 Team,7,1:29.978,1:29.295,1:29.147,Base Oficial Ergast Motor Racing Database / FIA Qualifying Classification
2022,2,bottas,Valtteri Bottas,Alfa Romeo,8,1:29.683,1:29.404,1:29.183,Base Oficial Ergast Motor Racing Database / FIA Qualifying Classification
2022,2,gasly,Pierre Gasly,AlphaTauri,9,1:29.891,1:29.418,1:29.254,Base Oficial Ergast Motor Racing Database / FIA Qualifying Classification
2022,2,kevin_magnussen,Kevin Magnussen,Haas F1 Team,10,1:29.831,1:29.546,1:29.588,Base Oficial Ergast Motor Racing Database / FIA Qualifying Classification
2022,2,norris,Lando Norris,McLaren,11,1:29.957,1:29.651,,Base Oficial Ergast Motor Racing Database / FIA Qualifying Classification
2022,2,ricciardo,Daniel Ricciardo,McLaren,12,1:30.009,1:29.773,,Base Oficial Ergast Motor Racing Database / FIA Qualifying Classification
2022,2,zhou,Guanyu Zhou,Alfa Romeo,13,1:29.978,1:29.819,,Base Oficial Ergast Motor Racing Database / FIA Qualifying Classification
2022,2,mick_schumacher,Mick Schumacher,Haas F1 Team,14,1:30.167,1:29.920,,Base Oficial Ergast Motor Racing Database / FIA Qualifying Classification
2022,2,stroll,Lance Stroll,Aston Martin,15,1:30.256,1:31.009,,Base Oficial Ergast Motor Racing Database / FIA Qualifying Classification
2022,2,hamilton,Lewis Hamilton,Mercedes,16,1:30.343,,,Base Oficial Ergast Motor Racing Database / FIA Qualifying Classification
2022,2,albon,Alexander Albon,Williams,17,1:30.492,,,Base Oficial Ergast Motor Racing Database / FIA Qualifying Classification
2022,2,hulkenberg,Nico Hulkenberg,Aston Martin,18,1:30.543,,,Base Oficial Ergast Motor Racing Database / FIA Qualifying Classification
2022,2,latifi,Nicholas Latifi,Williams,19,1:31.817,,,Base Oficial Ergast Motor Racing Database / FIA Qualifying Classification
2022,2,tsunoda,Yuki Tsunoda,AlphaTauri,20,,,,Base Oficial Ergast Motor Racing Database / FIA Qualifying Classification
2022,3,leclerc,Charles Leclerc,Ferrari,1,1:18.881,1:18.606,1:17.868,Base Oficial Ergast Motor Racing Database / FIA Qualifying Classification
2022,3,max_verstappen,Max Verstappen,Red Bull,2,1:18.580,1:18.611,1:18.154,Base Oficial Ergast Motor Racing Database / FIA Qualifying Classification
2022,3,perez,Sergio Perez,Red Bull,3,1:18.834,1:18.340,1:18.240,Base Oficial Ergast Motor Racing Database / FIA Qualifying Classification
2022,3,norris,Lando Norris,McLaren,4,1:19.280,1:19.066,1:18.703,Base Oficial Ergast Motor Racing Database / FIA Qualifying Classification
2022,3,hamilton,Lewis Hamilton,Mercedes,5,1:19.401,1:19.106,1:18.825,Base Oficial Ergast Motor Racing Database / FIA Qualifying Classification
2022,3,russell,George Russell,Mercedes,6,1:19.405,1:19.076,1:18.933,Base Oficial Ergast Motor Racing Database / FIA Qualifying Classification
2022,3,ricciardo,Daniel Ricciardo,McLaren,7,1:19.665,1:19.130,1:19.032,Base Oficial Ergast Motor Racing Database / FIA Qualifying Classification
2022,3,ocon,Esteban Ocon,Alpine F1 Team,8,1:19.605,1:19.136,1:19.061,Base Oficial Ergast Motor Racing Database / FIA Qualifying Classification
2022,3,sainz,Carlos Sainz,Ferrari,9,1:18.983,1:18.469,1:19.408,Base Oficial Ergast Motor Racing Database / FIA Qualifying Classification
2022,3,alonso,Fernando Alonso,Alpine F1 Team,10,1:19.192,1:18.815,,Base Oficial Ergast Motor Racing Database / FIA Qualifying Classification
2022,3,gasly,Pierre Gasly,AlphaTauri,11,1:19.580,1:19.226,,Base Oficial Ergast Motor Racing Database / FIA Qualifying Classification
2022,3,bottas,Valtteri Bottas,Alfa Romeo,12,1:19.251,1:19.410,,Base Oficial Ergast Motor Racing Database / FIA Qualifying Classification
2022,3,tsunoda,Yuki Tsunoda,AlphaTauri,13,1:19.742,1:19.424,,Base Oficial Ergast Motor Racing Database / FIA Qualifying Classification
2022,3,zhou,Guanyu Zhou,Alfa Romeo,14,1:19.910,1:20.155,,Base Oficial Ergast Motor Racing Database / FIA Qualifying Classification
2022,3,mick_schumacher,Mick Schumacher,Haas F1 Team,15,1:20.104,1:20.465,,Base Oficial Ergast Motor Racing Database / FIA Qualifying Classification
2022,3,albon,Alexander Albon,Williams,16,1:20.135,,,Base Oficial Ergast Motor Racing Database / FIA Qualifying Classification
2022,3,kevin_magnussen,Kevin Magnussen,Haas F1 Team,17,1:20.254,,,Base Oficial Ergast Motor Racing Database / FIA Qualifying Classification
2022,3,vettel,Sebastian Vettel,Aston Martin,18,1:21.149,,,Base Oficial Ergast Motor Racing Database / FIA Qualifying Classification
2022,3,latifi,Nicholas Latifi,Williams,19,1:21.372,,,Base Oficial Ergast Motor Racing Database / FIA Qualifying Classification
2022,3,stroll,Lance Stroll,Aston Martin,20,,,,Base Oficial Ergast Motor Racing Database / FIA Qualifying Classification
2022,4,max_verstappen,Max Verstappen,Red Bull,1,1:19.295,1:18.793,1:27.999,Base Oficial Ergast Motor Racing Database / FIA Qualifying Classification
2022,4,leclerc,Charles Leclerc,Ferrari,2,1:18.796,1:19.584,1:28.778,Base Oficial Ergast Motor Racing Database / FIA Qualifying Classification
2022,4,norris,Lando Norris,McLaren,3,1:20.168,1:19.294,1:29.131,Base Oficial Ergast Motor Racing Database / FIA Qualifying Classification
2022,4,kevin_magnussen,Kevin Magnussen,Haas F1 Team,4,1:20.147,1:19.902,1:29.164,Base Oficial Ergast Motor Racing Database / FIA Qualifying Classification
2022,4,alonso,Fernando Alonso,Alpine F1 Team,5,1:20.198,1:19.595,1:29.202,Base Oficial Ergast Motor Racing Database / FIA Qualifying Classification
2022,4,ricciardo,Daniel Ricciardo,McLaren,6,1:19.980,1:20.031,1:29.742,Base Oficial Ergast Motor Racing Database / FIA Qualifying Classification
2022,4,perez,Sergio Perez,Red Bull,7,1:19.773,1:19.296,1:29.808,Base Oficial Ergast Motor Racing Database / FIA Qualifying Classification
2022,4,bottas,Valtteri Bottas,Alfa Romeo,8,1:20.419,1:20.192,1:30.439,Base Oficial Ergast Motor Racing Database / FIA Qualifying Classification
2022,4,vettel,Sebastian Vettel,Aston Martin,9,1:20.364,1:19.957,1:31.062,Base Oficial Ergast Motor Racing Database / FIA Qualifying Classification
2022,4,sainz,Carlos Sainz,Ferrari,10,1:19.305,1:18.990,,Base Oficial Ergast Motor Racing Database / FIA Qualifying Classification
2022,4,russell,George Russell,Mercedes,11,1:20.383,1:20.757,,Base Oficial Ergast Motor Racing Database / FIA Qualifying Classification
2022,4,mick_schumacher,Mick Schumacher,Haas F1 Team,12,1:20.422,1:20.916,,Base Oficial Ergast Motor Racing Database / FIA Qualifying Classification
2022,4,hamilton,Lewis Hamilton,Mercedes,13,1:20.470,1:21.138,,Base Oficial Ergast Motor Racing Database / FIA Qualifying Classification
2022,4,zhou,Guanyu Zhou,Alfa Romeo,14,1:19.730,1:21.434,,Base Oficial Ergast Motor Racing Database / FIA Qualifying Classification
2022,4,stroll,Lance Stroll,Aston Martin,15,1:20.342,1:28.119,,Base Oficial Ergast Motor Racing Database / FIA Qualifying Classification
2022,4,tsunoda,Yuki Tsunoda,AlphaTauri,16,1:20.474,,,Base Oficial Ergast Motor Racing Database / FIA Qualifying Classification
2022,4,gasly,Pierre Gasly,AlphaTauri,17,1:20.732,,,Base Oficial Ergast Motor Racing Database / FIA Qualifying Classification
2022,4,latifi,Nicholas Latifi,Williams,18,1:21.971,,,Base Oficial Ergast Motor Racing Database / FIA Qualifying Classification
2022,4,ocon,Esteban Ocon,Alpine F1 Team,19,1:22.338,,,Base Oficial Ergast Motor Racing Database / FIA Qualifying Classification
2022,4,albon,Alexander Albon,Williams,20,,,,Base Oficial Ergast Motor Racing Database / FIA Qualifying Classification
2022,5,leclerc,Charles Leclerc,Ferrari,1,1:29.474,1:29.130,1:28.796,Base Oficial Ergast Motor Racing Database / FIA Qualifying Classification
2022,5,sainz,Carlos Sainz,Ferrari,2,1:30.079,1:29.729,1:28.986,Base Oficial Ergast Motor Racing Database / FIA Qualifying Classification
2022,5,max_verstappen,Max Verstappen,Red Bull,3,1:29.836,1:29.202,1:28.991,Base Oficial Ergast Motor Racing Database / FIA Qualifying Classification
2022,5,perez,Sergio Perez,Red Bull,4,1:30.055,1:29.673,1:29.036,Base Oficial Ergast Motor Racing Database / FIA Qualifying Classification
2022,5,bottas,Valtteri Bottas,Alfa Romeo,5,1:30.845,1:29.751,1:29.475,Base Oficial Ergast Motor Racing Database / FIA Qualifying Classification
2022,5,hamilton,Lewis Hamilton,Mercedes,6,1:30.388,1:29.797,1:29.625,Base Oficial Ergast Motor Racing Database / FIA Qualifying Classification
2022,5,gasly,Pierre Gasly,AlphaTauri,7,1:30.779,1:30.128,1:29.690,Base Oficial Ergast Motor Racing Database / FIA Qualifying Classification
2022,5,norris,Lando Norris,McLaren,8,1:30.761,1:29.634,1:29.750,Base Oficial Ergast Motor Racing Database / FIA Qualifying Classification
2022,5,tsunoda,Yuki Tsunoda,AlphaTauri,9,1:30.485,1:30.031,1:29.932,Base Oficial Ergast Motor Racing Database / FIA Qualifying Classification
2022,5,stroll,Lance Stroll,Aston Martin,10,1:30.441,1:29.996,1:30.676,Base Oficial Ergast Motor Racing Database / FIA Qualifying Classification
2022,5,alonso,Fernando Alonso,Alpine F1 Team,11,1:30.407,1:30.160,,Base Oficial Ergast Motor Racing Database / FIA Qualifying Classification
2022,5,russell,George Russell,Mercedes,12,1:30.490,1:30.173,,Base Oficial Ergast Motor Racing Database / FIA Qualifying Classification
2022,5,vettel,Sebastian Vettel,Aston Martin,13,1:30.677,1:30.214,,Base Oficial Ergast Motor Racing Database / FIA Qualifying Classification
2022,5,ricciardo,Daniel Ricciardo,McLaren,14,1:30.583,1:30.310,,Base Oficial Ergast Motor Racing Database / FIA Qualifying Classification
2022,5,mick_schumacher,Mick Schumacher,Haas F1 Team,15,1:30.645,1:30.423,,Base Oficial Ergast Motor Racing Database / FIA Qualifying Classification
2022,5,kevin_magnussen,Kevin Magnussen,Haas F1 Team,16,1:30.975,,,Base Oficial Ergast Motor Racing Database / FIA Qualifying Classification
2022,5,zhou,Guanyu Zhou,Alfa Romeo,17,1:31.020,,,Base Oficial Ergast Motor Racing Database / FIA Qualifying Classification
2022,5,albon,Alexander Albon,Williams,18,1:31.266,,,Base Oficial Ergast Motor Racing Database / FIA Qualifying Classification
2022,5,latifi,Nicholas Latifi,Williams,19,1:31.325,,,Base Oficial Ergast Motor Racing Database / FIA Qualifying Classification
2022,5,ocon,Esteban Ocon,Alpine F1 Team,20,,,,Base Oficial Ergast Motor Racing Database / FIA Qualifying Classification
2022,6,leclerc,Charles Leclerc,Ferrari,1,1:19.861,1:19.969,1:18.750,Base Oficial Ergast Motor Racing Database / FIA Qualifying Classification
2022,6,max_verstappen,Max Verstappen,Red Bull,2,1:20.091,1:19.219,1:19.073,Base Oficial Ergast Motor Racing Database / FIA Qualifying Classification
2022,6,sainz,Carlos Sainz,Ferrari,3,1:19.892,1:19.453,1:19.166,Base Oficial Ergast Motor Racing Database / FIA Qualifying Classification
2022,6,russell,George Russell,Mercedes,4,1:20.218,1:19.470,1:19.393,Base Oficial Ergast Motor Racing Database / FIA Qualifying Classification
2022,6,perez,Sergio Perez,Red Bull,5,1:20.447,1:19.830,1:19.420,Base Oficial Ergast Motor Racing Database / FIA Qualifying Classification
2022,6,hamilton,Lewis Hamilton,Mercedes,6,1:20.252,1:19.794,1:19.512,Base Oficial Ergast Motor Racing Database / FIA Qualifying Classification
2022,6,bottas,Valtteri Bottas,Alfa Romeo,7,1:20.355,1:20.053,1:19.608,Base Oficial Ergast Motor Racing Database / FIA Qualifying Classification
2022,6,kevin_magnussen,Kevin Magnussen,Haas F1 Team,8,1:20.227,1:19.810,1:19.682,Base Oficial Ergast Motor Racing Database / FIA Qualifying Classification
2022,6,ricciardo,Daniel Ricciardo,McLaren,9,1:20.549,1:20.287,1:20.297,Base Oficial Ergast Motor Racing Database / FIA Qualifying Classification
2022,6,mick_schumacher,Mick Schumacher,Haas F1 Team,10,1:20.683,1:20.436,1:20.368,Base Oficial Ergast Motor Racing Database / FIA Qualifying Classification
2022,6,norris,Lando Norris,McLaren,11,1:20.838,1:20.471,,Base Oficial Ergast Motor Racing Database / FIA Qualifying Classification
2022,6,ocon,Esteban Ocon,Alpine F1 Team,12,1:20.880,1:20.638,,Base Oficial Ergast Motor Racing Database / FIA Qualifying Classification
2022,6,tsunoda,Yuki Tsunoda,AlphaTauri,13,1:20.707,1:20.639,,Base Oficial Ergast Motor Racing Database / FIA Qualifying Classification
2022,6,gasly,Pierre Gasly,AlphaTauri,14,1:20.719,1:20.861,,Base Oficial Ergast Motor Racing Database / FIA Qualifying Classification
2022,6,zhou,Guanyu Zhou,Alfa Romeo,15,1:20.476,1:21.094,,Base Oficial Ergast Motor Racing Database / FIA Qualifying Classification
2022,6,vettel,Sebastian Vettel,Aston Martin,16,1:20.954,,,Base Oficial Ergast Motor Racing Database / FIA Qualifying Classification
2022,6,alonso,Fernando Alonso,Alpine F1 Team,17,1:21.043,,,Base Oficial Ergast Motor Racing Database / FIA Qualifying Classification
2022,6,stroll,Lance Stroll,Aston Martin,18,1:21.418,,,Base Oficial Ergast Motor Racing Database / FIA Qualifying Classification
2022,6,albon,Alexander Albon,Williams,19,1:21.645,,,Base Oficial Ergast Motor Racing Database / FIA Qualifying Classification
2022,6,latifi,Nicholas Latifi,Williams,20,1:21.915,,,Base Oficial Ergast Motor Racing Database / FIA Qualifying Classification
2022,7,leclerc,Charles Leclerc,Ferrari,1,1:12.569,1:11.864,1:11.376,Base Oficial Ergast Motor Racing Database / FIA Qualifying Classification
2022,7,sainz,Carlos Sainz,Ferrari,2,1:12.616,1:12.074,1:11.601,Base Oficial Ergast Motor Racing Database / FIA Qualifying Classification
2022,7,perez,Sergio Perez,Red Bull,3,1:13.004,1:11.954,1:11.629,Base Oficial Ergast Motor Racing Database / FIA Qualifying Classification
2022,7,max_verstappen,Max Verstappen,Red Bull,4,1:12.993,1:12.117,1:11.666,Base Oficial Ergast Motor Racing Database / FIA Qualifying Classification
2022,7,norris,Lando Norris,McLaren,5,1:12.927,1:12.266,1:11.849,Base Oficial Ergast Motor Racing Database / FIA Qualifying Classification
2022,7,russell,George Russell,Mercedes,6,1:12.787,1:12.617,1:12.112,Base Oficial Ergast Motor Racing Database / FIA Qualifying Classification
2022,7,alonso,Fernando Alonso,Alpine F1 Team,7,1:13.394,1:12.688,1:12.247,Base Oficial Ergast Motor Racing Database / FIA Qualifying Classification
2022,7,hamilton,Lewis Hamilton,Mercedes,8,1:13.444,1:12.595,1:12.560,Base Oficial Ergast Motor Racing Database / FIA Qualifying Classification
2022,7,vettel,Sebastian Vettel,Aston Martin,9,1:13.313,1:12.613,1:12.732,Base Oficial Ergast Motor Racing Database / FIA Qualifying Classification
2022,7,ocon,Esteban Ocon,Alpine F1 Team,10,1:12.848,1:12.528,1:13.047,Base Oficial Ergast Motor Racing Database / FIA Qualifying Classification
2022,7,tsunoda,Yuki Tsunoda,AlphaTauri,11,1:13.110,1:12.797,,Base Oficial Ergast Motor Racing Database / FIA Qualifying Classification
2022,7,bottas,Valtteri Bottas,Alfa Romeo,12,1:13.541,1:12.909,,Base Oficial Ergast Motor Racing Database / FIA Qualifying Classification
2022,7,kevin_magnussen,Kevin Magnussen,Haas F1 Team,13,1:13.069,1:12.921,,Base Oficial Ergast Motor Racing Database / FIA Qualifying Classification
2022,7,ricciardo,Daniel Ricciardo,McLaren,14,1:13.338,1:12.964,,Base Oficial Ergast Motor Racing Database / FIA Qualifying Classification
2022,7,mick_schumacher,Mick Schumacher,Haas F1 Team,15,1:13.469,1:13.081,,Base Oficial Ergast Motor Racing Database / FIA Qualifying Classification
2022,7,albon,Alexander Albon,Williams,16,1:13.611,,,Base Oficial Ergast Motor Racing Database / FIA Qualifying Classification
2022,7,gasly,Pierre Gasly,AlphaTauri,17,1:13.660,,,Base Oficial Ergast Motor Racing Database / FIA Qualifying Classification
2022,7,stroll,Lance Stroll,Aston Martin,18,1:13.678,,,Base Oficial Ergast Motor Racing Database / FIA Qualifying Classification
2022,7,latifi,Nicholas Latifi,Williams,19,1:14.403,,,Base Oficial Ergast Motor Racing Database / FIA Qualifying Classification
2022,7,zhou,Guanyu Zhou,Alfa Romeo,20,1:15.606,,,Base Oficial Ergast Motor Racing Database / FIA Qualifying Classification
2022,8,leclerc,Charles Leclerc,Ferrari,1,1:42.865,1:42.046,1:41.359,Base Oficial Ergast Motor Racing Database / FIA Qualifying Classification
2022,8,perez,Sergio Perez,Red Bull,2,1:42.733,1:41.955,1:41.641,Base Oficial Ergast Motor Racing Database / FIA Qualifying Classification
2022,8,max_verstappen,Max Verstappen,Red Bull,3,1:42.722,1:42.227,1:41.706,Base Oficial Ergast Motor Racing Database / FIA Qualifying Classification
2022,8,sainz,Carlos Sainz,Ferrari,4,1:42.957,1:42.088,1:41.814,Base Oficial Ergast Motor Racing Database / FIA Qualifying Classification
2022,8,russell,George Russell,Mercedes,5,1:43.754,1:43.281,1:42.712,Base Oficial Ergast Motor Racing Database / FIA Qualifying Classification
2022,8,gasly,Pierre Gasly,AlphaTauri,6,1:43.268,1:43.129,1:42.845,Base Oficial Ergast Motor Racing Database / FIA Qualifying Classification
2022,8,hamilton,Lewis Hamilton,Mercedes,7,1:43.939,1:43.182,1:42.924,Base Oficial Ergast Motor Racing Database / FIA Qualifying Classification
2022,8,tsunoda,Yuki Tsunoda,AlphaTauri,8,1:43.595,1:43.376,1:43.056,Base Oficial Ergast Motor Racing Database / FIA Qualifying Classification
2022,8,vettel,Sebastian Vettel,Aston Martin,9,1:43.279,1:43.268,1:43.091,Base Oficial Ergast Motor Racing Database / FIA Qualifying Classification
2022,8,alonso,Fernando Alonso,Alpine F1 Team,10,1:44.083,1:43.360,1:43.173,Base Oficial Ergast Motor Racing Database / FIA Qualifying Classification
2022,8,norris,Lando Norris,McLaren,11,1:44.237,1:43.398,,Base Oficial Ergast Motor Racing Database / FIA Qualifying Classification
2022,8,ricciardo,Daniel Ricciardo,McLaren,12,1:44.437,1:43.574,,Base Oficial Ergast Motor Racing Database / FIA Qualifying Classification
2022,8,ocon,Esteban Ocon,Alpine F1 Team,13,1:43.903,1:43.585,,Base Oficial Ergast Motor Racing Database / FIA Qualifying Classification
2022,8,zhou,Guanyu Zhou,Alfa Romeo,14,1:43.777,1:43.790,,Base Oficial Ergast Motor Racing Database / FIA Qualifying Classification
2022,8,bottas,Valtteri Bottas,Alfa Romeo,15,1:44.478,1:44.444,,Base Oficial Ergast Motor Racing Database / FIA Qualifying Classification
2022,8,kevin_magnussen,Kevin Magnussen,Haas F1 Team,16,1:44.643,,,Base Oficial Ergast Motor Racing Database / FIA Qualifying Classification
2022,8,albon,Alexander Albon,Williams,17,1:44.719,,,Base Oficial Ergast Motor Racing Database / FIA Qualifying Classification
2022,8,latifi,Nicholas Latifi,Williams,18,1:45.367,,,Base Oficial Ergast Motor Racing Database / FIA Qualifying Classification
2022,8,stroll,Lance Stroll,Aston Martin,19,1:45.371,,,Base Oficial Ergast Motor Racing Database / FIA Qualifying Classification
2022,8,mick_schumacher,Mick Schumacher,Haas F1 Team,20,1:45.775,,,Base Oficial Ergast Motor Racing Database / FIA Qualifying Classification
2022,9,max_verstappen,Max Verstappen,Red Bull,1,1:32.219,1:23.746,1:21.299,Base Oficial Ergast Motor Racing Database / FIA Qualifying Classification
2022,9,alonso,Fernando Alonso,Alpine F1 Team,2,1:32.277,1:24.848,1:21.944,Base Oficial Ergast Motor Racing Database / FIA Qualifying Classification
2022,9,sainz,Carlos Sainz,Ferrari,3,1:32.781,1:25.197,1:22.096,Base Oficial Ergast Motor Racing Database / FIA Qualifying Classification
2022,9,hamilton,Lewis Hamilton,Mercedes,4,1:33.841,1:25.543,1:22.891,Base Oficial Ergast Motor Racing Database / FIA Qualifying Classification
2022,9,kevin_magnussen,Kevin Magnussen,Haas F1 Team,5,1:32.957,1:26.254,1:22.960,Base Oficial Ergast Motor Racing Database / FIA Qualifying Classification
2022,9,mick_schumacher,Mick Schumacher,Haas F1 Team,6,1:33.707,1:25.684,1:23.356,Base Oficial Ergast Motor Racing Database / FIA Qualifying Classification
2022,9,ocon,Esteban Ocon,Alpine F1 Team,7,1:33.012,1:26.135,1:23.529,Base Oficial Ergast Motor Racing Database / FIA Qualifying Classification
2022,9,russell,George Russell,Mercedes,8,1:33.160,1:24.950,1:23.557,Base Oficial Ergast Motor Racing Database / FIA Qualifying Classification
2022,9,ricciardo,Daniel Ricciardo,McLaren,9,1:33.636,1:26.375,1:23.749,Base Oficial Ergast Motor Racing Database / FIA Qualifying Classification
2022,9,zhou,Guanyu Zhou,Alfa Romeo,10,1:33.692,1:26.116,1:24.030,Base Oficial Ergast Motor Racing Database / FIA Qualifying Classification
2022,9,bottas,Valtteri Bottas,Alfa Romeo,11,1:33.689,1:26.788,,Base Oficial Ergast Motor Racing Database / FIA Qualifying Classification
2022,9,albon,Alexander Albon,Williams,12,1:34.047,1:26.858,,Base Oficial Ergast Motor Racing Database / FIA Qualifying Classification
2022,9,perez,Sergio Perez,Red Bull,13,1:33.929,1:33.127,,Base Oficial Ergast Motor Racing Database / FIA Qualifying Classification
2022,9,norris,Lando Norris,McLaren,14,1:34.066,,,Base Oficial Ergast Motor Racing Database / FIA Qualifying Classification
2022,9,leclerc,Charles Leclerc,Ferrari,15,1:33.008,,,Base Oficial Ergast Motor Racing Database / FIA Qualifying Classification
2022,9,gasly,Pierre Gasly,AlphaTauri,16,1:34.492,,,Base Oficial Ergast Motor Racing Database / FIA Qualifying Classification
2022,9,vettel,Sebastian Vettel,Aston Martin,17,1:34.512,,,Base Oficial Ergast Motor Racing Database / FIA Qualifying Classification
2022,9,stroll,Lance Stroll,Aston Martin,18,1:35.532,,,Base Oficial Ergast Motor Racing Database / FIA Qualifying Classification
2022,9,latifi,Nicholas Latifi,Williams,19,1:35.660,,,Base Oficial Ergast Motor Racing Database / FIA Qualifying Classification
2022,9,tsunoda,Yuki Tsunoda,AlphaTauri,20,1:36.575,,,Base Oficial Ergast Motor Racing Database / FIA Qualifying Classification
2022,10,sainz,Carlos Sainz,Ferrari,1,1:40.190,1:41.602,1:40.983,Base Oficial Ergast Motor Racing Database / FIA Qualifying Classification
2022,10,max_verstappen,Max Verstappen,Red Bull,2,1:39.129,1:40.655,1:41.055,Base Oficial Ergast Motor Racing Database / FIA Qualifying Classification
2022,10,leclerc,Charles Leclerc,Ferrari,3,1:39.846,1:41.247,1:41.298,Base Oficial Ergast Motor Racing Database / FIA Qualifying Classification
2022,10,perez,Sergio Perez,Red Bull,4,1:40.521,1:42.513,1:41.616,Base Oficial Ergast Motor Racing Database / FIA Qualifying Classification
2022,10,hamilton,Lewis Hamilton,Mercedes,5,1:40.428,1:41.062,1:41.995,Base Oficial Ergast Motor Racing Database / FIA Qualifying Classification
2022,10,norris,Lando Norris,McLaren,6,1:41.515,1:41.821,1:42.084,Base Oficial Ergast Motor Racing Database / FIA Qualifying Classification
2022,10,alonso,Fernando Alonso,Alpine F1 Team,7,1:41.598,1:42.209,1:42.116,Base Oficial Ergast Motor Racing Database / FIA Qualifying Classification
2022,10,russell,George Russell,Mercedes,8,1:40.028,1:41.725,1:42.161,Base Oficial Ergast Motor Racing Database / FIA Qualifying Classification
2022,10,zhou,Guanyu Zhou,Alfa Romeo,9,1:40.791,1:42.640,1:42.719,Base Oficial Ergast Motor Racing Database / FIA Qualifying Classification
2022,10,latifi,Nicholas Latifi,Williams,10,1:41.998,1:43.273,2:03.095,Base Oficial Ergast Motor Racing Database / FIA Qualifying Classification
2022,10,gasly,Pierre Gasly,AlphaTauri,11,1:41.680,1:43.702,,Base Oficial Ergast Motor Racing Database / FIA Qualifying Classification
2022,10,bottas,Valtteri Bottas,Alfa Romeo,12,1:41.396,1:44.232,,Base Oficial Ergast Motor Racing Database / FIA Qualifying Classification
2022,10,tsunoda,Yuki Tsunoda,AlphaTauri,13,1:41.893,1:44.311,,Base Oficial Ergast Motor Racing Database / FIA Qualifying Classification
2022,10,ricciardo,Daniel Ricciardo,McLaren,14,1:41.933,1:44.355,,Base Oficial Ergast Motor Racing Database / FIA Qualifying Classification
2022,10,ocon,Esteban Ocon,Alpine F1 Team,15,1:41.730,1:45.190,,Base Oficial Ergast Motor Racing Database / FIA Qualifying Classification
2022,10,albon,Alexander Albon,Williams,16,1:42.078,,,Base Oficial Ergast Motor Racing Database / FIA Qualifying Classification
2022,10,kevin_magnussen,Kevin Magnussen,Haas F1 Team,17,1:42.159,,,Base Oficial Ergast Motor Racing Database / FIA Qualifying Classification
2022,10,vettel,Sebastian Vettel,Aston Martin,18,1:42.666,,,Base Oficial Ergast Motor Racing Database / FIA Qualifying Classification
2022,10,mick_schumacher,Mick Schumacher,Haas F1 Team,19,1:42.708,,,Base Oficial Ergast Motor Racing Database / FIA Qualifying Classification
2022,10,stroll,Lance Stroll,Aston Martin,20,1:43.430,,,Base Oficial Ergast Motor Racing Database / FIA Qualifying Classification
2022,11,max_verstappen,Max Verstappen,Red Bull,1,1:05.852,1:05.374,1:04.984,Base Oficial Ergast Motor Racing Database / FIA Qualifying Classification
2022,11,leclerc,Charles Leclerc,Ferrari,2,1:05.419,1:05.287,1:05.013,Base Oficial Ergast Motor Racing Database / FIA Qualifying Classification
2022,11,sainz,Carlos Sainz,Ferrari,3,1:05.660,1:05.576,1:05.066,Base Oficial Ergast Motor Racing Database / FIA Qualifying Classification
2022,11,russell,George Russell,Mercedes,4,1:06.235,1:05.697,1:05.431,Base Oficial Ergast Motor Racing Database / FIA Qualifying Classification
2022,11,ocon,Esteban Ocon,Alpine F1 Team,5,1:06.468,1:05.993,1:05.726,Base Oficial Ergast Motor Racing Database / FIA Qualifying Classification
2022,11,kevin_magnussen,Kevin Magnussen,Haas F1 Team,6,1:06.366,1:05.894,1:05.879,Base Oficial Ergast Motor Racing Database / FIA Qualifying Classification
2022,11,mick_schumacher,Mick Schumacher,Haas F1 Team,7,1:06.405,1:06.151,1:06.011,Base Oficial Ergast Motor Racing Database / FIA Qualifying Classification
2022,11,alonso,Fernando Alonso,Alpine F1 Team,8,1:06.016,1:06.082,1:06.103,Base Oficial Ergast Motor Racing Database / FIA Qualifying Classification
2022,11,hamilton,Lewis Hamilton,Mercedes,9,1:06.079,1:05.475,1:13.151,Base Oficial Ergast Motor Racing Database / FIA Qualifying Classification
2022,11,gasly,Pierre Gasly,AlphaTauri,10,1:06.589,1:06.160,,Base Oficial Ergast Motor Racing Database / FIA Qualifying Classification
2022,11,albon,Alexander Albon,Williams,11,1:06.516,1:06.230,,Base Oficial Ergast Motor Racing Database / FIA Qualifying Classification
2022,11,bottas,Valtteri Bottas,Alfa Romeo,12,1:06.442,1:06.319,,Base Oficial Ergast Motor Racing Database / FIA Qualifying Classification
2022,11,perez,Sergio Perez,Red Bull,13,1:06.143,1:06.458,,Base Oficial Ergast Motor Racing Database / FIA Qualifying Classification
2022,11,tsunoda,Yuki Tsunoda,AlphaTauri,14,1:06.463,1:06.851,,Base Oficial Ergast Motor Racing Database / FIA Qualifying Classification
2022,11,norris,Lando Norris,McLaren,15,1:06.330,1:25.847,,Base Oficial Ergast Motor Racing Database / FIA Qualifying Classification
2022,11,ricciardo,Daniel Ricciardo,McLaren,16,1:06.613,,,Base Oficial Ergast Motor Racing Database / FIA Qualifying Classification
2022,11,stroll,Lance Stroll,Aston Martin,17,1:06.847,,,Base Oficial Ergast Motor Racing Database / FIA Qualifying Classification
2022,11,zhou,Guanyu Zhou,Alfa Romeo,18,1:06.901,,,Base Oficial Ergast Motor Racing Database / FIA Qualifying Classification
2022,11,latifi,Nicholas Latifi,Williams,19,1:07.003,,,Base Oficial Ergast Motor Racing Database / FIA Qualifying Classification
2022,11,vettel,Sebastian Vettel,Aston Martin,20,1:07.083,,,Base Oficial Ergast Motor Racing Database / FIA Qualifying Classification
2022,12,leclerc,Charles Leclerc,Ferrari,1,1:31.727,1:31.216,1:30.872,Base Oficial Ergast Motor Racing Database / FIA Qualifying Classification
2022,12,max_verstappen,Max Verstappen,Red Bull,2,1:31.891,1:31.990,1:31.176,Base Oficial Ergast Motor Racing Database / FIA Qualifying Classification
2022,12,perez,Sergio Perez,Red Bull,3,1:32.354,1:32.120,1:31.335,Base Oficial Ergast Motor Racing Database / FIA Qualifying Classification
2022,12,hamilton,Lewis Hamilton,Mercedes,4,1:33.041,1:32.274,1:31.765,Base Oficial Ergast Motor Racing Database / FIA Qualifying Classification
2022,12,norris,Lando Norris,McLaren,5,1:32.672,1:32.777,1:32.032,Base Oficial Ergast Motor Racing Database / FIA Qualifying Classification
2022,12,russell,George Russell,Mercedes,6,1:33.109,1:32.633,1:32.131,Base Oficial Ergast Motor Racing Database / FIA Qualifying Classification
2022,12,alonso,Fernando Alonso,Alpine F1 Team,7,1:32.819,1:32.631,1:32.552,Base Oficial Ergast Motor Racing Database / FIA Qualifying Classification
2022,12,tsunoda,Yuki Tsunoda,AlphaTauri,8,1:33.394,1:32.836,1:32.780,Base Oficial Ergast Motor Racing Database / FIA Qualifying Classification
2022,12,sainz,Carlos Sainz,Ferrari,9,1:32.297,1:31.081,,Base Oficial Ergast Motor Racing Database / FIA Qualifying Classification
2022,12,kevin_magnussen,Kevin Magnussen,Haas F1 Team,10,1:32.756,1:32.649,,Base Oficial Ergast Motor Racing Database / FIA Qualifying Classification
2022,12,ricciardo,Daniel Ricciardo,McLaren,11,1:33.404,1:32.922,,Base Oficial Ergast Motor Racing Database / FIA Qualifying Classification
2022,12,ocon,Esteban Ocon,Alpine F1 Team,12,1:33.346,1:33.048,,Base Oficial Ergast Motor Racing Database / FIA Qualifying Classification
2022,12,bottas,Valtteri Bottas,Alfa Romeo,13,1:33.034,1:33.052,,Base Oficial Ergast Motor Racing Database / FIA Qualifying Classification
2022,12,vettel,Sebastian Vettel,Aston Martin,14,1:33.285,1:33.276,,Base Oficial Ergast Motor Racing Database / FIA Qualifying Classification
2022,12,albon,Alexander Albon,Williams,15,1:33.423,1:33.307,,Base Oficial Ergast Motor Racing Database / FIA Qualifying Classification
2022,12,gasly,Pierre Gasly,AlphaTauri,16,1:33.439,,,Base Oficial Ergast Motor Racing Database / FIA Qualifying Classification
2022,12,stroll,Lance Stroll,Aston Martin,17,1:33.439,,,Base Oficial Ergast Motor Racing Database / FIA Qualifying Classification
2022,12,zhou,Guanyu Zhou,Alfa Romeo,18,1:33.674,,,Base Oficial Ergast Motor Racing Database / FIA Qualifying Classification
2022,12,mick_schumacher,Mick Schumacher,Haas F1 Team,19,1:33.701,,,Base Oficial Ergast Motor Racing Database / FIA Qualifying Classification
2022,12,latifi,Nicholas Latifi,Williams,20,1:33.794,,,Base Oficial Ergast Motor Racing Database / FIA Qualifying Classification
2022,13,russell,George Russell,Mercedes,1,1:18.407,1:18.154,1:17.377,Base Oficial Ergast Motor Racing Database / FIA Qualifying Classification
2022,13,sainz,Carlos Sainz,Ferrari,2,1:18.434,1:17.946,1:17.421,Base Oficial Ergast Motor Racing Database / FIA Qualifying Classification
2022,13,leclerc,Charles Leclerc,Ferrari,3,1:18.806,1:17.768,1:17.567,Base Oficial Ergast Motor Racing Database / FIA Qualifying Classification
2022,13,norris,Lando Norris,McLaren,4,1:18.653,1:18.121,1:17.769,Base Oficial Ergast Motor Racing Database / FIA Qualifying Classification
2022,13,ocon,Esteban Ocon,Alpine F1 Team,5,1:18.866,1:18.216,1:18.018,Base Oficial Ergast Motor Racing Database / FIA Qualifying Classification
2022,13,alonso,Fernando Alonso,Alpine F1 Team,6,1:18.716,1:17.904,1:18.078,Base Oficial Ergast Motor Racing Database / FIA Qualifying Classification
2022,13,hamilton,Lewis Hamilton,Mercedes,7,1:18.374,1:18.035,1:18.142,Base Oficial Ergast Motor Racing Database / FIA Qualifying Classification
2022,13,bottas,Valtteri Bottas,Alfa Romeo,8,1:18.935,1:18.445,1:18.157,Base Oficial Ergast Motor Racing Database / FIA Qualifying Classification
2022,13,ricciardo,Daniel Ricciardo,McLaren,9,1:18.775,1:18.198,1:18.379,Base Oficial Ergast Motor Racing Database / FIA Qualifying Classification
2022,13,max_verstappen,Max Verstappen,Red Bull,10,1:18.509,1:17.703,1:18.823,Base Oficial Ergast Motor Racing Database / FIA Qualifying Classification
2022,13,perez,Sergio Perez,Red Bull,11,1:19.118,1:18.516,,Base Oficial Ergast Motor Racing Database / FIA Qualifying Classification
2022,13,zhou,Guanyu Zhou,Alfa Romeo,12,1:18.973,1:18.573,,Base Oficial Ergast Motor Racing Database / FIA Qualifying Classification
2022,13,kevin_magnussen,Kevin Magnussen,Haas F1 Team,13,1:18.993,1:18.825,,Base Oficial Ergast Motor Racing Database / FIA Qualifying Classification
2022,13,stroll,Lance Stroll,Aston Martin,14,1:19.205,1:19.137,,Base Oficial Ergast Motor Racing Database / FIA Qualifying Classification
2022,13,mick_schumacher,Mick Schumacher,Haas F1 Team,15,1:19.164,1:19.202,,Base Oficial Ergast Motor Racing Database / FIA Qualifying Classification
2022,13,tsunoda,Yuki Tsunoda,AlphaTauri,16,1:19.240,,,Base Oficial Ergast Motor Racing Database / FIA Qualifying Classification
2022,13,albon,Alexander Albon,Williams,17,1:19.256,,,Base Oficial Ergast Motor Racing Database / FIA Qualifying Classification
2022,13,vettel,Sebastian Vettel,Aston Martin,18,1:19.273,,,Base Oficial Ergast Motor Racing Database / FIA Qualifying Classification
2022,13,gasly,Pierre Gasly,AlphaTauri,19,1:19.527,,,Base Oficial Ergast Motor Racing Database / FIA Qualifying Classification
2022,13,latifi,Nicholas Latifi,Williams,20,1:19.570,,,Base Oficial Ergast Motor Racing Database / FIA Qualifying Classification
2022,14,max_verstappen,Max Verstappen,Red Bull,1,1:44.581,1:44.723,1:43.665,Base Oficial Ergast Motor Racing Database / FIA Qualifying Classification
2022,14,sainz,Carlos Sainz,Ferrari,2,1:45.050,1:45.418,1:44.297,Base Oficial Ergast Motor Racing Database / FIA Qualifying Classification
2022,14,perez,Sergio Perez,Red Bull,3,1:45.377,1:44.794,1:44.462,Base Oficial Ergast Motor Racing Database / FIA Qualifying Classification
2022,14,leclerc,Charles Leclerc,Ferrari,4,1:45.572,1:44.551,1:44.553,Base Oficial Ergast Motor Racing Database / FIA Qualifying Classification
2022,14,ocon,Esteban Ocon,Alpine F1 Team,5,1:46.039,1:45.475,1:45.180,Base Oficial Ergast Motor Racing Database / FIA Qualifying Classification
2022,14,alonso,Fernando Alonso,Alpine F1 Team,6,1:46.075,1:45.552,1:45.368,Base Oficial Ergast Motor Racing Database / FIA Qualifying Classification
2022,14,hamilton,Lewis Hamilton,Mercedes,7,1:45.736,1:45.420,1:45.503,Base Oficial Ergast Motor Racing Database / FIA Qualifying Classification
2022,14,russell,George Russell,Mercedes,8,1:45.650,1:45.461,1:45.776,Base Oficial Ergast Motor Racing Database / FIA Qualifying Classification
2022,14,albon,Alexander Albon,Williams,9,1:45.672,1:45.675,1:45.837,Base Oficial Ergast Motor Racing Database / FIA Qualifying Classification
2022,14,norris,Lando Norris,McLaren,10,1:45.745,1:45.603,1:46.178,Base Oficial Ergast Motor Racing Database / FIA Qualifying Classification
2022,14,ricciardo,Daniel Ricciardo,McLaren,11,1:46.212,1:45.767,,Base Oficial Ergast Motor Racing Database / FIA Qualifying Classification
2022,14,gasly,Pierre Gasly,AlphaTauri,12,1:46.183,1:45.827,,Base Oficial Ergast Motor Racing Database / FIA Qualifying Classification
2022,14,zhou,Guanyu Zhou,Alfa Romeo,13,1:46.178,1:46.085,,Base Oficial Ergast Motor Racing Database / FIA Qualifying Classification
2022,14,stroll,Lance Stroll,Aston Martin,14,1:46.256,1:46.611,,Base Oficial Ergast Motor Racing Database / FIA Qualifying Classification
2022,14,mick_schumacher,Mick Schumacher,Haas F1 Team,15,1:46.342,1:47.718,,Base Oficial Ergast Motor Racing Database / FIA Qualifying Classification
2022,14,vettel,Sebastian Vettel,Aston Martin,16,1:46.344,,,Base Oficial Ergast Motor Racing Database / FIA Qualifying Classification
2022,14,latifi,Nicholas Latifi,Williams,17,1:46.401,,,Base Oficial Ergast Motor Racing Database / FIA Qualifying Classification
2022,14,kevin_magnussen,Kevin Magnussen,Haas F1 Team,18,1:46.557,,,Base Oficial Ergast Motor Racing Database / FIA Qualifying Classification
2022,14,tsunoda,Yuki Tsunoda,AlphaTauri,19,1:46.692,,,Base Oficial Ergast Motor Racing Database / FIA Qualifying Classification
2022,14,bottas,Valtteri Bottas,Alfa Romeo,20,1:47.866,,,Base Oficial Ergast Motor Racing Database / FIA Qualifying Classification
2022,15,max_verstappen,Max Verstappen,Red Bull,1,1:11.317,1:10.927,1:10.342,Base Oficial Ergast Motor Racing Database / FIA Qualifying Classification
2022,15,leclerc,Charles Leclerc,Ferrari,2,1:11.443,1:10.988,1:10.363,Base Oficial Ergast Motor Racing Database / FIA Qualifying Classification
2022,15,sainz,Carlos Sainz,Ferrari,3,1:11.767,1:10.814,1:10.434,Base Oficial Ergast Motor Racing Database / FIA Qualifying Classification
2022,15,hamilton,Lewis Hamilton,Mercedes,4,1:11.331,1:11.075,1:10.648,Base Oficial Ergast Motor Racing Database / FIA Qualifying Classification
2022,15,perez,Sergio Perez,Red Bull,5,1:11.641,1:11.314,1:11.077,Base Oficial Ergast Motor Racing Database / FIA Qualifying Classification
2022,15,russell,George Russell,Mercedes,6,1:11.561,1:10.824,1:11.147,Base Oficial Ergast Motor Racing Database / FIA Qualifying Classification
2022,15,norris,Lando Norris,McLaren,7,1:11.556,1:11.116,1:11.174,Base Oficial Ergast Motor Racing Database / FIA Qualifying Classification
2022,15,mick_schumacher,Mick Schumacher,Haas F1 Team,8,1:11.741,1:11.420,1:11.442,Base Oficial Ergast Motor Racing Database / FIA Qualifying Classification
2022,15,tsunoda,Yuki Tsunoda,AlphaTauri,9,1:11.427,1:11.428,1:12.556,Base Oficial Ergast Motor Racing Database / FIA Qualifying Classification
2022,15,stroll,Lance Stroll,Aston Martin,10,1:11.568,1:11.416,,Base Oficial Ergast Motor Racing Database / FIA Qualifying Classification
2022,15,gasly,Pierre Gasly,AlphaTauri,11,1:11.705,1:11.512,,Base Oficial Ergast Motor Racing Database / FIA Qualifying Classification
2022,15,ocon,Esteban Ocon,Alpine F1 Team,12,1:11.748,1:11.605,,Base Oficial Ergast Motor Racing Database / FIA Qualifying Classification
2022,15,alonso,Fernando Alonso,Alpine F1 Team,13,1:11.667,1:11.613,,Base Oficial Ergast Motor Racing Database / FIA Qualifying Classification
2022,15,zhou,Guanyu Zhou,Alfa Romeo,14,1:11.826,1:11.704,,Base Oficial Ergast Motor Racing Database / FIA Qualifying Classification
2022,15,albon,Alexander Albon,Williams,15,1:11.695,1:11.802,,Base Oficial Ergast Motor Racing Database / FIA Qualifying Classification
2022,15,bottas,Valtteri Bottas,Alfa Romeo,16,1:11.961,,,Base Oficial Ergast Motor Racing Database / FIA Qualifying Classification
2022,15,ricciardo,Daniel Ricciardo,McLaren,17,1:12.081,,,Base Oficial Ergast Motor Racing Database / FIA Qualifying Classification
2022,15,kevin_magnussen,Kevin Magnussen,Haas F1 Team,18,1:12.319,,,Base Oficial Ergast Motor Racing Database / FIA Qualifying Classification
2022,15,vettel,Sebastian Vettel,Aston Martin,19,1:12.391,,,Base Oficial Ergast Motor Racing Database / FIA Qualifying Classification
2022,15,latifi,Nicholas Latifi,Williams,20,1:13.353,,,Base Oficial Ergast Motor Racing Database / FIA Qualifying Classification
2022,16,leclerc,Charles Leclerc,Ferrari,1,1:21.280,1:21.208,1:20.161,Base Oficial Ergast Motor Racing Database / FIA Qualifying Classification
2022,16,max_verstappen,Max Verstappen,Red Bull,2,1:20.922,1:21.265,1:20.306,Base Oficial Ergast Motor Racing Database / FIA Qualifying Classification
2022,16,sainz,Carlos Sainz,Ferrari,3,1:21.348,1:20.878,1:20.429,Base Oficial Ergast Motor Racing Database / FIA Qualifying Classification
2022,16,perez,Sergio Perez,Red Bull,4,1:21.495,1:21.358,1:21.206,Base Oficial Ergast Motor Racing Database / FIA Qualifying Classification
2022,16,hamilton,Lewis Hamilton,Mercedes,5,1:22.048,1:21.708,1:21.524,Base Oficial Ergast Motor Racing Database / FIA Qualifying Classification
2022,16,russell,George Russell,Mercedes,6,1:21.785,1:21.747,1:21.542,Base Oficial Ergast Motor Racing Database / FIA Qualifying Classification
2022,16,norris,Lando Norris,McLaren,7,1:22.130,1:21.831,1:21.584,Base Oficial Ergast Motor Racing Database / FIA Qualifying Classification
2022,16,ricciardo,Daniel Ricciardo,McLaren,8,1:22.139,1:21.855,1:21.925,Base Oficial Ergast Motor Racing Database / FIA Qualifying Classification
2022,16,gasly,Pierre Gasly,AlphaTauri,9,1:22.010,1:22.062,1:22.648,Base Oficial Ergast Motor Racing Database / FIA Qualifying Classification
2022,16,alonso,Fernando Alonso,Alpine F1 Team,10,1:22.089,1:21.861,,Base Oficial Ergast Motor Racing Database / FIA Qualifying Classification
2022,16,ocon,Esteban Ocon,Alpine F1 Team,11,1:22.166,1:22.130,,Base Oficial Ergast Motor Racing Database / FIA Qualifying Classification
2022,16,bottas,Valtteri Bottas,Alfa Romeo,12,1:22.254,1:22.235,,Base Oficial Ergast Motor Racing Database / FIA Qualifying Classification
2022,16,de_vries,Nyck de Vries,Williams,13,1:22.567,1:22.471,,Base Oficial Ergast Motor Racing Database / FIA Qualifying Classification
2022,16,zhou,Guanyu Zhou,Alfa Romeo,14,1:22.003,1:22.577,,Base Oficial Ergast Motor Racing Database / FIA Qualifying Classification
2022,16,tsunoda,Yuki Tsunoda,AlphaTauri,15,1:22.020,,,Base Oficial Ergast Motor Racing Database / FIA Qualifying Classification
2022,16,latifi,Nicholas Latifi,Williams,16,1:22.587,,,Base Oficial Ergast Motor Racing Database / FIA Qualifying Classification
2022,16,vettel,Sebastian Vettel,Aston Martin,17,1:22.636,,,Base Oficial Ergast Motor Racing Database / FIA Qualifying Classification
2022,16,stroll,Lance Stroll,Aston Martin,18,1:22.748,,,Base Oficial Ergast Motor Racing Database / FIA Qualifying Classification
2022,16,kevin_magnussen,Kevin Magnussen,Haas F1 Team,19,1:22.908,,,Base Oficial Ergast Motor Racing Database / FIA Qualifying Classification
2022,16,mick_schumacher,Mick Schumacher,Haas F1 Team,20,1:23.005,,,Base Oficial Ergast Motor Racing Database / FIA Qualifying Classification
2022,17,leclerc,Charles Leclerc,Ferrari,1,1:54.129,1:52.343,1:49.412,Base Oficial Ergast Motor Racing Database / FIA Qualifying Classification
2022,17,perez,Sergio Perez,Red Bull,2,1:54.404,1:52.818,1:49.434,Base Oficial Ergast Motor Racing Database / FIA Qualifying Classification
2022,17,hamilton,Lewis Hamilton,Mercedes,3,1:53.161,1:52.691,1:49.466,Base Oficial Ergast Motor Racing Database / FIA Qualifying Classification
2022,17,sainz,Carlos Sainz,Ferrari,4,1:54.559,1:53.219,1:49.583,Base Oficial Ergast Motor Racing Database / FIA Qualifying Classification
2022,17,alonso,Fernando Alonso,Alpine F1 Team,5,1:55.360,1:53.127,1:49.966,Base Oficial Ergast Motor Racing Database / FIA Qualifying Classification
2022,17,norris,Lando Norris,McLaren,6,1:55.914,1:53.942,1:50.584,Base Oficial Ergast Motor Racing Database / FIA Qualifying Classification
2022,17,gasly,Pierre Gasly,AlphaTauri,7,1:55.606,1:53.546,1:51.211,Base Oficial Ergast Motor Racing Database / FIA Qualifying Classification
2022,17,max_verstappen,Max Verstappen,Red Bull,8,1:53.057,1:52.723,1:51.395,Base Oficial Ergast Motor Racing Database / FIA Qualifying Classification
2022,17,kevin_magnussen,Kevin Magnussen,Haas F1 Team,9,1:55.103,1:54.006,1:51.573,Base Oficial Ergast Motor Racing Database / FIA Qualifying Classification
2022,17,tsunoda,Yuki Tsunoda,AlphaTauri,10,1:55.314,1:53.848,1:51.983,Base Oficial Ergast Motor Racing Database / FIA Qualifying Classification
2022,17,russell,George Russell,Mercedes,11,1:54.633,1:54.012,,Base Oficial Ergast Motor Racing Database / FIA Qualifying Classification
2022,17,stroll,Lance Stroll,Aston Martin,12,1:55.629,1:54.211,,Base Oficial Ergast Motor Racing Database / FIA Qualifying Classification
2022,17,mick_schumacher,Mick Schumacher,Haas F1 Team,13,1:55.736,1:54.370,,Base Oficial Ergast Motor Racing Database / FIA Qualifying Classification
2022,17,vettel,Sebastian Vettel,Aston Martin,14,1:55.602,1:54.380,,Base Oficial Ergast Motor Racing Database / FIA Qualifying Classification
2022,17,zhou,Guanyu Zhou,Alfa Romeo,15,1:55.375,1:55.518,,Base Oficial Ergast Motor Racing Database / FIA Qualifying Classification
2022,17,bottas,Valtteri Bottas,Alfa Romeo,16,1:56.083,,,Base Oficial Ergast Motor Racing Database / FIA Qualifying Classification
2022,17,ricciardo,Daniel Ricciardo,McLaren,17,1:56.226,,,Base Oficial Ergast Motor Racing Database / FIA Qualifying Classification
2022,17,ocon,Esteban Ocon,Alpine F1 Team,18,1:56.337,,,Base Oficial Ergast Motor Racing Database / FIA Qualifying Classification
2022,17,albon,Alexander Albon,Williams,19,1:56.985,,,Base Oficial Ergast Motor Racing Database / FIA Qualifying Classification
2022,17,latifi,Nicholas Latifi,Williams,20,1:57.532,,,Base Oficial Ergast Motor Racing Database / FIA Qualifying Classification
2022,18,max_verstappen,Max Verstappen,Red Bull,1,1:30.224,1:30.346,1:29.304,Base Oficial Ergast Motor Racing Database / FIA Qualifying Classification
2022,18,leclerc,Charles Leclerc,Ferrari,2,1:30.402,1:30.486,1:29.314,Base Oficial Ergast Motor Racing Database / FIA Qualifying Classification
2022,18,sainz,Carlos Sainz,Ferrari,3,1:30.336,1:30.444,1:29.361,Base Oficial Ergast Motor Racing Database / FIA Qualifying Classification
2022,18,perez,Sergio Perez,Red Bull,4,1:30.622,1:29.925,1:29.709,Base Oficial Ergast Motor Racing Database / FIA Qualifying Classification
2022,18,ocon,Esteban Ocon,Alpine F1 Team,5,1:30.696,1:30.357,1:30.165,Base Oficial Ergast Motor Racing Database / FIA Qualifying Classification
2022,18,hamilton,Lewis Hamilton,Mercedes,6,1:30.906,1:30.443,1:30.261,Base Oficial Ergast Motor Racing Database / FIA Qualifying Classification
2022,18,alonso,Fernando Alonso,Alpine F1 Team,7,1:30.603,1:30.343,1:30.322,Base Oficial Ergast Motor Racing Database / FIA Qualifying Classification
2022,18,russell,George Russell,Mercedes,8,1:30.865,1:30.465,1:30.389,Base Oficial Ergast Motor Racing Database / FIA Qualifying Classification
2022,18,vettel,Sebastian Vettel,Aston Martin,9,1:31.256,1:30.656,1:30.554,Base Oficial Ergast Motor Racing Database / FIA Qualifying Classification
2022,18,norris,Lando Norris,McLaren,10,1:30.881,1:30.473,1:31.003,Base Oficial Ergast Motor Racing Database / FIA Qualifying Classification
2022,18,ricciardo,Daniel Ricciardo,McLaren,11,1:30.880,1:30.659,,Base Oficial Ergast Motor Racing Database / FIA Qualifying Classification
2022,18,bottas,Valtteri Bottas,Alfa Romeo,12,1:31.226,1:30.709,,Base Oficial Ergast Motor Racing Database / FIA Qualifying Classification
2022,18,tsunoda,Yuki Tsunoda,AlphaTauri,13,1:31.130,1:30.808,,Base Oficial Ergast Motor Racing Database / FIA Qualifying Classification
2022,18,zhou,Guanyu Zhou,Alfa Romeo,14,1:30.894,1:30.953,,Base Oficial Ergast Motor Racing Database / FIA Qualifying Classification
2022,18,mick_schumacher,Mick Schumacher,Haas F1 Team,15,1:31.152,1:31.439,,Base Oficial Ergast Motor Racing Database / FIA Qualifying Classification
2022,18,albon,Alexander Albon,Williams,16,1:31.311,,,Base Oficial Ergast Motor Racing Database / FIA Qualifying Classification
2022,18,gasly,Pierre Gasly,AlphaTauri,17,1:31.322,,,Base Oficial Ergast Motor Racing Database / FIA Qualifying Classification
2022,18,kevin_magnussen,Kevin Magnussen,Haas F1 Team,18,1:31.352,,,Base Oficial Ergast Motor Racing Database / FIA Qualifying Classification
2022,18,stroll,Lance Stroll,Aston Martin,19,1:31.419,,,Base Oficial Ergast Motor Racing Database / FIA Qualifying Classification
2022,18,latifi,Nicholas Latifi,Williams,20,1:31.511,,,Base Oficial Ergast Motor Racing Database / FIA Qualifying Classification
2022,19,sainz,Carlos Sainz,Ferrari,1,1:35.297,1:35.590,1:34.356,Base Oficial Ergast Motor Racing Database / FIA Qualifying Classification
2022,19,leclerc,Charles Leclerc,Ferrari,2,1:35.795,1:35.246,1:34.421,Base Oficial Ergast Motor Racing Database / FIA Qualifying Classification
2022,19,max_verstappen,Max Verstappen,Red Bull,3,1:35.864,1:35.294,1:34.448,Base Oficial Ergast Motor Racing Database / FIA Qualifying Classification
2022,19,perez,Sergio Perez,Red Bull,4,1:36.163,1:35.864,1:34.645,Base Oficial Ergast Motor Racing Database / FIA Qualifying Classification
2022,19,hamilton,Lewis Hamilton,Mercedes,5,1:36.148,1:35.732,1:34.947,Base Oficial Ergast Motor Racing Database / FIA Qualifying Classification
2022,19,russell,George Russell,Mercedes,6,1:36.195,1:35.692,1:34.988,Base Oficial Ergast Motor Racing Database / FIA Qualifying Classification
2022,19,stroll,Lance Stroll,Aston Martin,7,1:36.860,1:36.032,1:35.598,Base Oficial Ergast Motor Racing Database / FIA Qualifying Classification
2022,19,norris,Lando Norris,McLaren,8,1:36.465,1:36.341,1:35.690,Base Oficial Ergast Motor Racing Database / FIA Qualifying Classification
2022,19,alonso,Fernando Alonso,Alpine F1 Team,9,1:36.446,1:35.988,1:35.876,Base Oficial Ergast Motor Racing Database / FIA Qualifying Classification
2022,19,bottas,Valtteri Bottas,Alfa Romeo,10,1:36.746,1:36.321,1:36.319,Base Oficial Ergast Motor Racing Database / FIA Qualifying Classification
2022,19,albon,Alexander Albon,Williams,11,1:36.932,1:36.368,,Base Oficial Ergast Motor Racing Database / FIA Qualifying Classification
2022,19,vettel,Sebastian Vettel,Aston Martin,12,1:36.695,1:36.398,,Base Oficial Ergast Motor Racing Database / FIA Qualifying Classification
2022,19,gasly,Pierre Gasly,AlphaTauri,13,1:36.577,1:36.740,,Base Oficial Ergast Motor Racing Database / FIA Qualifying Classification
2022,19,zhou,Guanyu Zhou,Alfa Romeo,14,1:36.656,1:36.970,,Base Oficial Ergast Motor Racing Database / FIA Qualifying Classification
2022,19,tsunoda,Yuki Tsunoda,AlphaTauri,15,1:36.808,1:37.147,,Base Oficial Ergast Motor Racing Database / FIA Qualifying Classification
2022,19,kevin_magnussen,Kevin Magnussen,Haas F1 Team,16,1:36.949,,,Base Oficial Ergast Motor Racing Database / FIA Qualifying Classification
2022,19,ricciardo,Daniel Ricciardo,McLaren,17,1:37.046,,,Base Oficial Ergast Motor Racing Database / FIA Qualifying Classification
2022,19,ocon,Esteban Ocon,Alpine F1 Team,18,1:37.068,,,Base Oficial Ergast Motor Racing Database / FIA Qualifying Classification
2022,19,mick_schumacher,Mick Schumacher,Haas F1 Team,19,1:37.111,,,Base Oficial Ergast Motor Racing Database / FIA Qualifying Classification
2022,19,latifi,Nicholas Latifi,Williams,20,1:37.244,,,Base Oficial Ergast Motor Racing Database / FIA Qualifying Classification
2022,20,max_verstappen,Max Verstappen,Red Bull,1,1:19.222,1:18.566,1:17.775,Base Oficial Ergast Motor Racing Database / FIA Qualifying Classification
2022,20,russell,George Russell,Mercedes,2,1:19.583,1:18.565,1:18.079,Base Oficial Ergast Motor Racing Database / FIA Qualifying Classification
2022,20,hamilton,Lewis Hamilton,Mercedes,3,1:19.169,1:18.552,1:18.084,Base Oficial Ergast Motor Racing Database / FIA Qualifying Classification
2022,20,perez,Sergio Perez,Red Bull,4,1:19.706,1:18.615,1:18.128,Base Oficial Ergast Motor Racing Database / FIA Qualifying Classification
2022,20,sainz,Carlos Sainz,Ferrari,5,1:19.566,1:18.560,1:18.351,Base Oficial Ergast Motor Racing Database / FIA Qualifying Classification
2022,20,bottas,Valtteri Bottas,Alfa Romeo,6,1:19.523,1:18.762,1:18.401,Base Oficial Ergast Motor Racing Database / FIA Qualifying Classification
2022,20,leclerc,Charles Leclerc,Ferrari,7,1:19.505,1:19.109,1:18.555,Base Oficial Ergast Motor Racing Database / FIA Qualifying Classification
2022,20,norris,Lando Norris,McLaren,8,1:19.857,1:19.119,1:18.721,Base Oficial Ergast Motor Racing Database / FIA Qualifying Classification
2022,20,alonso,Fernando Alonso,Alpine F1 Team,9,1:20.006,1:19.272,1:18.939,Base Oficial Ergast Motor Racing Database / FIA Qualifying Classification
2022,20,ocon,Esteban Ocon,Alpine F1 Team,10,1:19.945,1:19.081,1:19.010,Base Oficial Ergast Motor Racing Database / FIA Qualifying Classification
2022,20,ricciardo,Daniel Ricciardo,McLaren,11,1:20.279,1:19.325,,Base Oficial Ergast Motor Racing Database / FIA Qualifying Classification
2022,20,zhou,Guanyu Zhou,Alfa Romeo,12,1:20.283,1:19.476,,Base Oficial Ergast Motor Racing Database / FIA Qualifying Classification
2022,20,tsunoda,Yuki Tsunoda,AlphaTauri,13,1:19.907,1:19.589,,Base Oficial Ergast Motor Racing Database / FIA Qualifying Classification
2022,20,gasly,Pierre Gasly,AlphaTauri,14,1:20.256,1:19.672,,Base Oficial Ergast Motor Racing Database / FIA Qualifying Classification
2022,20,kevin_magnussen,Kevin Magnussen,Haas F1 Team,15,1:20.293,1:19.833,,Base Oficial Ergast Motor Racing Database / FIA Qualifying Classification
2022,20,mick_schumacher,Mick Schumacher,Haas F1 Team,16,1:20.419,,,Base Oficial Ergast Motor Racing Database / FIA Qualifying Classification
2022,20,vettel,Sebastian Vettel,Aston Martin,17,1:20.419,,,Base Oficial Ergast Motor Racing Database / FIA Qualifying Classification
2022,20,stroll,Lance Stroll,Aston Martin,18,1:20.520,,,Base Oficial Ergast Motor Racing Database / FIA Qualifying Classification
2022,20,albon,Alexander Albon,Williams,19,1:20.859,,,Base Oficial Ergast Motor Racing Database / FIA Qualifying Classification
2022,20,latifi,Nicholas Latifi,Williams,20,1:21.167,,,Base Oficial Ergast Motor Racing Database / FIA Qualifying Classification
2022,21,kevin_magnussen,Kevin Magnussen,Haas F1 Team,1,1:13.954,1:11.410,1:11.674,Base Oficial Ergast Motor Racing Database / FIA Qualifying Classification
2022,21,max_verstappen,Max Verstappen,Red Bull,2,1:13.625,1:10.881,1:11.877,Base Oficial Ergast Motor Racing Database / FIA Qualifying Classification
2022,21,russell,George Russell,Mercedes,3,1:14.427,1:11.318,1:12.059,Base Oficial Ergast Motor Racing Database / FIA Qualifying Classification
2022,21,norris,Lando Norris,McLaren,4,1:13.106,1:11.377,1:12.263,Base Oficial Ergast Motor Racing Database / FIA Qualifying Classification
2022,21,sainz,Carlos Sainz,Ferrari,5,1:14.680,1:10.890,1:12.357,Base Oficial Ergast Motor Racing Database / FIA Qualifying Classification
2022,21,ocon,Esteban Ocon,Alpine F1 Team,6,1:14.663,1:11.587,1:12.425,Base Oficial Ergast Motor Racing Database / FIA Qualifying Classification
2022,21,alonso,Fernando Alonso,Alpine F1 Team,7,1:13.542,1:11.394,1:12.504,Base Oficial Ergast Motor Racing Database / FIA Qualifying Classification
2022,21,hamilton,Lewis Hamilton,Mercedes,8,1:13.403,1:11.539,1:12.611,Base Oficial Ergast Motor Racing Database / FIA Qualifying Classification
2022,21,perez,Sergio Perez,Red Bull,9,1:13.613,1:11.456,1:15.601,Base Oficial Ergast Motor Racing Database / FIA Qualifying Classification
2022,21,leclerc,Charles Leclerc,Ferrari,10,1:14.486,1:10.950,,Base Oficial Ergast Motor Racing Database / FIA Qualifying Classification
2022,21,albon,Alexander Albon,Williams,11,1:14.324,1:11.631,,Base Oficial Ergast Motor Racing Database / FIA Qualifying Classification
2022,21,gasly,Pierre Gasly,AlphaTauri,12,1:14.371,1:11.675,,Base Oficial Ergast Motor Racing Database / FIA Qualifying Classification
2022,21,vettel,Sebastian Vettel,Aston Martin,13,1:13.597,1:11.678,,Base Oficial Ergast Motor Racing Database / FIA Qualifying Classification
2022,21,ricciardo,Daniel Ricciardo,McLaren,14,1:14.931,1:12.140,,Base Oficial Ergast Motor Racing Database / FIA Qualifying Classification
2022,21,stroll,Lance Stroll,Aston Martin,15,1:14.398,1:12.210,,Base Oficial Ergast Motor Racing Database / FIA Qualifying Classification
2022,21,latifi,Nicholas Latifi,Williams,16,1:15.095,,,Base Oficial Ergast Motor Racing Database / FIA Qualifying Classification
2022,21,zhou,Guanyu Zhou,Alfa Romeo,17,1:15.197,,,Base Oficial Ergast Motor Racing Database / FIA Qualifying Classification
2022,21,bottas,Valtteri Bottas,Alfa Romeo,18,1:15.486,,,Base Oficial Ergast Motor Racing Database / FIA Qualifying Classification
2022,21,tsunoda,Yuki Tsunoda,AlphaTauri,19,1:16.264,,,Base Oficial Ergast Motor Racing Database / FIA Qualifying Classification
2022,21,mick_schumacher,Mick Schumacher,Haas F1 Team,20,1:16.361,,,Base Oficial Ergast Motor Racing Database / FIA Qualifying Classification
2022,22,max_verstappen,Max Verstappen,Red Bull,1,1:24.754,1:24.622,1:23.824,Base Oficial Ergast Motor Racing Database / FIA Qualifying Classification
2022,22,perez,Sergio Perez,Red Bull,2,1:24.820,1:24.419,1:24.052,Base Oficial Ergast Motor Racing Database / FIA Qualifying Classification
2022,22,leclerc,Charles Leclerc,Ferrari,3,1:25.211,1:24.517,1:24.092,Base Oficial Ergast Motor Racing Database / FIA Qualifying Classification
2022,22,sainz,Carlos Sainz,Ferrari,4,1:25.090,1:24.521,1:24.242,Base Oficial Ergast Motor Racing Database / FIA Qualifying Classification
2022,22,hamilton,Lewis Hamilton,Mercedes,5,1:25.594,1:24.774,1:24.508,Base Oficial Ergast Motor Racing Database / FIA Qualifying Classification
2022,22,russell,George Russell,Mercedes,6,1:25.545,1:24.940,1:24.511,Base Oficial Ergast Motor Racing Database / FIA Qualifying Classification
2022,22,norris,Lando Norris,McLaren,7,1:25.387,1:24.903,1:24.769,Base Oficial Ergast Motor Racing Database / FIA Qualifying Classification
2022,22,ocon,Esteban Ocon,Alpine F1 Team,8,1:25.735,1:25.007,1:24.830,Base Oficial Ergast Motor Racing Database / FIA Qualifying Classification
2022,22,vettel,Sebastian Vettel,Aston Martin,9,1:25.523,1:24.974,1:24.961,Base Oficial Ergast Motor Racing Database / FIA Qualifying Classification
2022,22,ricciardo,Daniel Ricciardo,McLaren,10,1:25.766,1:25.068,1:25.045,Base Oficial Ergast Motor Racing Database / FIA Qualifying Classification
2022,22,alonso,Fernando Alonso,Alpine F1 Team,11,1:25.782,1:25.096,,Base Oficial Ergast Motor Racing Database / FIA Qualifying Classification
2022,22,tsunoda,Yuki Tsunoda,AlphaTauri,12,1:25.630,1:25.219,,Base Oficial Ergast Motor Racing Database / FIA Qualifying Classification
2022,22,mick_schumacher,Mick Schumacher,Haas F1 Team,13,1:25.711,1:25.225,,Base Oficial Ergast Motor Racing Database / FIA Qualifying Classification
2022,22,stroll,Lance Stroll,Aston Martin,14,1:25.741,1:25.359,,Base Oficial Ergast Motor Racing Database / FIA Qualifying Classification
2022,22,zhou,Guanyu Zhou,Alfa Romeo,15,1:25.594,1:25.408,,Base Oficial Ergast Motor Racing Database / FIA Qualifying Classification
2022,22,kevin_magnussen,Kevin Magnussen,Haas F1 Team,16,1:25.834,,,Base Oficial Ergast Motor Racing Database / FIA Qualifying Classification
2022,22,gasly,Pierre Gasly,AlphaTauri,17,1:25.859,,,Base Oficial Ergast Motor Racing Database / FIA Qualifying Classification
2022,22,bottas,Valtteri Bottas,Alfa Romeo,18,1:25.892,,,Base Oficial Ergast Motor Racing Database / FIA Qualifying Classification
2022,22,albon,Alexander Albon,Williams,19,1:26.028,,,Base Oficial Ergast Motor Racing Database / FIA Qualifying Classification
2022,22,latifi,Nicholas Latifi,Williams,20,1:26.054,,,Base Oficial Ergast Motor Racing Database / FIA Qualifying Classification
2023,1,max_verstappen,Max Verstappen,Red Bull,1,1:31.295,1:30.503,1:29.708,Base Oficial Ergast Motor Racing Database / FIA Qualifying Classification
2023,1,perez,Sergio Perez,Red Bull,2,1:31.479,1:30.746,1:29.846,Base Oficial Ergast Motor Racing Database / FIA Qualifying Classification
2023,1,leclerc,Charles Leclerc,Ferrari,3,1:31.094,1:30.282,1:30.000,Base Oficial Ergast Motor Racing Database / FIA Qualifying Classification
2023,1,sainz,Carlos Sainz,Ferrari,4,1:30.993,1:30.515,1:30.154,Base Oficial Ergast Motor Racing Database / FIA Qualifying Classification
2023,1,alonso,Fernando Alonso,Aston Martin,5,1:31.158,1:30.645,1:30.336,Base Oficial Ergast Motor Racing Database / FIA Qualifying Classification
2023,1,russell,George Russell,Mercedes,6,1:31.057,1:30.507,1:30.340,Base Oficial Ergast Motor Racing Database / FIA Qualifying Classification
2023,1,hamilton,Lewis Hamilton,Mercedes,7,1:31.543,1:30.513,1:30.384,Base Oficial Ergast Motor Racing Database / FIA Qualifying Classification
2023,1,stroll,Lance Stroll,Aston Martin,8,1:31.184,1:31.127,1:30.836,Base Oficial Ergast Motor Racing Database / FIA Qualifying Classification
2023,1,ocon,Esteban Ocon,Alpine F1 Team,9,1:31.508,1:30.914,1:30.984,Base Oficial Ergast Motor Racing Database / FIA Qualifying Classification
2023,1,hulkenberg,Nico Hulkenberg,Haas F1 Team,10,1:31.204,1:30.809,,Base Oficial Ergast Motor Racing Database / FIA Qualifying Classification
2023,1,norris,Lando Norris,McLaren,11,1:31.652,1:31.381,,Base Oficial Ergast Motor Racing Database / FIA Qualifying Classification
2023,1,bottas,Valtteri Bottas,Alfa Romeo,12,1:31.504,1:31.443,,Base Oficial Ergast Motor Racing Database / FIA Qualifying Classification
2023,1,zhou,Guanyu Zhou,Alfa Romeo,13,1:31.615,1:31.473,,Base Oficial Ergast Motor Racing Database / FIA Qualifying Classification
2023,1,tsunoda,Yuki Tsunoda,AlphaTauri,14,1:31.400,1:32.510,,Base Oficial Ergast Motor Racing Database / FIA Qualifying Classification
2023,1,albon,Alexander Albon,Williams,15,1:31.461,,,Base Oficial Ergast Motor Racing Database / FIA Qualifying Classification
2023,1,sargeant,Logan Sargeant,Williams,16,1:31.652,,,Base Oficial Ergast Motor Racing Database / FIA Qualifying Classification
2023,1,kevin_magnussen,Kevin Magnussen,Haas F1 Team,17,1:31.892,,,Base Oficial Ergast Motor Racing Database / FIA Qualifying Classification
2023,1,piastri,Oscar Piastri,McLaren,18,1:32.101,,,Base Oficial Ergast Motor Racing Database / FIA Qualifying Classification
2023,1,de_vries,Nyck de Vries,AlphaTauri,19,1:32.121,,,Base Oficial Ergast Motor Racing Database / FIA Qualifying Classification
2023,1,gasly,Pierre Gasly,Alpine F1 Team,20,1:32.181,,,Base Oficial Ergast Motor Racing Database / FIA Qualifying Classification
2023,2,perez,Sergio Perez,Red Bull,1,1:29.244,1:28.635,1:28.265,Base Oficial Ergast Motor Racing Database / FIA Qualifying Classification
2023,2,leclerc,Charles Leclerc,Ferrari,2,1:29.376,1:28.903,1:28.420,Base Oficial Ergast Motor Racing Database / FIA Qualifying Classification
2023,2,alonso,Fernando Alonso,Aston Martin,3,1:29.298,1:28.757,1:28.730,Base Oficial Ergast Motor Racing Database / FIA Qualifying Classification
2023,2,russell,George Russell,Mercedes,4,1:29.592,1:29.132,1:28.857,Base Oficial Ergast Motor Racing Database / FIA Qualifying Classification
2023,2,sainz,Carlos Sainz,Ferrari,5,1:29.411,1:28.957,1:28.931,Base Oficial Ergast Motor Racing Database / FIA Qualifying Classification
2023,2,stroll,Lance Stroll,Aston Martin,6,1:29.335,1:28.962,1:28.945,Base Oficial Ergast Motor Racing Database / FIA Qualifying Classification
2023,2,ocon,Esteban Ocon,Alpine F1 Team,7,1:29.707,1:29.255,1:29.078,Base Oficial Ergast Motor Racing Database / FIA Qualifying Classification
2023,2,hamilton,Lewis Hamilton,Mercedes,8,1:29.689,1:29.374,1:29.223,Base Oficial Ergast Motor Racing Database / FIA Qualifying Classification
2023,2,piastri,Oscar Piastri,McLaren,9,1:29.706,1:29.378,1:29.243,Base Oficial Ergast Motor Racing Database / FIA Qualifying Classification
2023,2,gasly,Pierre Gasly,Alpine F1 Team,10,1:29.890,1:29.411,1:29.357,Base Oficial Ergast Motor Racing Database / FIA Qualifying Classification
2023,2,hulkenberg,Nico Hulkenberg,Haas F1 Team,11,1:29.547,1:29.451,,Base Oficial Ergast Motor Racing Database / FIA Qualifying Classification
2023,2,zhou,Guanyu Zhou,Alfa Romeo,12,1:29.654,1:29.461,,Base Oficial Ergast Motor Racing Database / FIA Qualifying Classification
2023,2,kevin_magnussen,Kevin Magnussen,Haas F1 Team,13,1:29.744,1:29.634,,Base Oficial Ergast Motor Racing Database / FIA Qualifying Classification
2023,2,bottas,Valtteri Bottas,Alfa Romeo,14,1:29.929,1:29.668,,Base Oficial Ergast Motor Racing Database / FIA Qualifying Classification
2023,2,max_verstappen,Max Verstappen,Red Bull,15,1:28.761,1:49.953,,Base Oficial Ergast Motor Racing Database / FIA Qualifying Classification
2023,2,tsunoda,Yuki Tsunoda,AlphaTauri,16,1:29.939,,,Base Oficial Ergast Motor Racing Database / FIA Qualifying Classification
2023,2,albon,Alexander Albon,Williams,17,1:29.994,,,Base Oficial Ergast Motor Racing Database / FIA Qualifying Classification
2023,2,de_vries,Nyck de Vries,AlphaTauri,18,1:30.244,,,Base Oficial Ergast Motor Racing Database / FIA Qualifying Classification
2023,2,norris,Lando Norris,McLaren,19,1:30.447,,,Base Oficial Ergast Motor Racing Database / FIA Qualifying Classification
2023,2,sargeant,Logan Sargeant,Williams,20,2:08.510,,,Base Oficial Ergast Motor Racing Database / FIA Qualifying Classification
2023,3,max_verstappen,Max Verstappen,Red Bull,1,1:17.384,1:17.056,1:16.732,Base Oficial Ergast Motor Racing Database / FIA Qualifying Classification
2023,3,russell,George Russell,Mercedes,2,1:17.654,1:17.513,1:16.968,Base Oficial Ergast Motor Racing Database / FIA Qualifying Classification
2023,3,hamilton,Lewis Hamilton,Mercedes,3,1:17.689,1:17.551,1:17.104,Base Oficial Ergast Motor Racing Database / FIA Qualifying Classification
2023,3,alonso,Fernando Alonso,Aston Martin,4,1:17.832,1:17.283,1:17.139,Base Oficial Ergast Motor Racing Database / FIA Qualifying Classification
2023,3,sainz,Carlos Sainz,Ferrari,5,1:17.928,1:17.349,1:17.270,Base Oficial Ergast Motor Racing Database / FIA Qualifying Classification
2023,3,stroll,Lance Stroll,Aston Martin,6,1:17.873,1:17.616,1:17.308,Base Oficial Ergast Motor Racing Database / FIA Qualifying Classification
2023,3,leclerc,Charles Leclerc,Ferrari,7,1:18.218,1:17.390,1:17.369,Base Oficial Ergast Motor Racing Database / FIA Qualifying Classification
2023,3,albon,Alexander Albon,Williams,8,1:17.962,1:17.761,1:17.609,Base Oficial Ergast Motor Racing Database / FIA Qualifying Classification
2023,3,gasly,Pierre Gasly,Alpine F1 Team,9,1:18.312,1:17.574,1:17.675,Base Oficial Ergast Motor Racing Database / FIA Qualifying Classification
2023,3,hulkenberg,Nico Hulkenberg,Haas F1 Team,10,1:18.029,1:17.412,1:17.735,Base Oficial Ergast Motor Racing Database / FIA Qualifying Classification
2023,3,ocon,Esteban Ocon,Alpine F1 Team,11,1:17.770,1:17.768,,Base Oficial Ergast Motor Racing Database / FIA Qualifying Classification
2023,3,tsunoda,Yuki Tsunoda,AlphaTauri,12,1:18.471,1:18.099,,Base Oficial Ergast Motor Racing Database / FIA Qualifying Classification
2023,3,norris,Lando Norris,McLaren,13,1:18.243,1:18.119,,Base Oficial Ergast Motor Racing Database / FIA Qualifying Classification
2023,3,kevin_magnussen,Kevin Magnussen,Haas F1 Team,14,1:18.159,1:18.129,,Base Oficial Ergast Motor Racing Database / FIA Qualifying Classification
2023,3,de_vries,Nyck de Vries,AlphaTauri,15,1:18.450,1:18.335,,Base Oficial Ergast Motor Racing Database / FIA Qualifying Classification
2023,3,piastri,Oscar Piastri,McLaren,16,1:18.517,,,Base Oficial Ergast Motor Racing Database / FIA Qualifying Classification
2023,3,zhou,Guanyu Zhou,Alfa Romeo,17,1:18.540,,,Base Oficial Ergast Motor Racing Database / FIA Qualifying Classification
2023,3,sargeant,Logan Sargeant,Williams,18,1:18.557,,,Base Oficial Ergast Motor Racing Database / FIA Qualifying Classification
2023,3,bottas,Valtteri Bottas,Alfa Romeo,19,1:18.714,,,Base Oficial Ergast Motor Racing Database / FIA Qualifying Classification
2023,3,perez,Sergio Perez,Red Bull,20,,,,Base Oficial Ergast Motor Racing Database / FIA Qualifying Classification
2023,4,leclerc,Charles Leclerc,Ferrari,1,1:41.269,1:41.037,1:40.203,Base Oficial Ergast Motor Racing Database / FIA Qualifying Classification
2023,4,max_verstappen,Max Verstappen,Red Bull,2,1:41.398,1:40.822,1:40.391,Base Oficial Ergast Motor Racing Database / FIA Qualifying Classification
2023,4,perez,Sergio Perez,Red Bull,3,1:41.756,1:41.131,1:40.495,Base Oficial Ergast Motor Racing Database / FIA Qualifying Classification
2023,4,sainz,Carlos Sainz,Ferrari,4,1:42.197,1:41.369,1:41.016,Base Oficial Ergast Motor Racing Database / FIA Qualifying Classification
2023,4,hamilton,Lewis Hamilton,Mercedes,5,1:42.113,1:41.650,1:41.177,Base Oficial Ergast Motor Racing Database / FIA Qualifying Classification
2023,4,alonso,Fernando Alonso,Aston Martin,6,1:41.720,1:41.370,1:41.253,Base Oficial Ergast Motor Racing Database / FIA Qualifying Classification
2023,4,norris,Lando Norris,McLaren,7,1:42.154,1:41.485,1:41.281,Base Oficial Ergast Motor Racing Database / FIA Qualifying Classification
2023,4,tsunoda,Yuki Tsunoda,AlphaTauri,8,1:42.234,1:41.569,1:41.581,Base Oficial Ergast Motor Racing Database / FIA Qualifying Classification
2023,4,stroll,Lance Stroll,Aston Martin,9,1:42.524,1:41.576,1:41.611,Base Oficial Ergast Motor Racing Database / FIA Qualifying Classification
2023,4,piastri,Oscar Piastri,McLaren,10,1:42.455,1:41.636,1:41.611,Base Oficial Ergast Motor Racing Database / FIA Qualifying Classification
2023,4,russell,George Russell,Mercedes,11,1:42.073,1:41.654,,Base Oficial Ergast Motor Racing Database / FIA Qualifying Classification
2023,4,ocon,Esteban Ocon,Alpine F1 Team,12,1:42.622,1:41.798,,Base Oficial Ergast Motor Racing Database / FIA Qualifying Classification
2023,4,albon,Alexander Albon,Williams,13,1:42.171,1:41.818,,Base Oficial Ergast Motor Racing Database / FIA Qualifying Classification
2023,4,bottas,Valtteri Bottas,Alfa Romeo,14,1:42.582,1:42.259,,Base Oficial Ergast Motor Racing Database / FIA Qualifying Classification
2023,4,sargeant,Logan Sargeant,Williams,15,1:42.242,1:42.395,,Base Oficial Ergast Motor Racing Database / FIA Qualifying Classification
2023,4,zhou,Guanyu Zhou,Alfa Romeo,16,1:42.642,,,Base Oficial Ergast Motor Racing Database / FIA Qualifying Classification
2023,4,hulkenberg,Nico Hulkenberg,Haas F1 Team,17,1:42.755,,,Base Oficial Ergast Motor Racing Database / FIA Qualifying Classification
2023,4,kevin_magnussen,Kevin Magnussen,Haas F1 Team,18,1:43.417,,,Base Oficial Ergast Motor Racing Database / FIA Qualifying Classification
2023,4,gasly,Pierre Gasly,Alpine F1 Team,19,1:44.853,,,Base Oficial Ergast Motor Racing Database / FIA Qualifying Classification
2023,4,de_vries,Nyck de Vries,AlphaTauri,20,,,,Base Oficial Ergast Motor Racing Database / FIA Qualifying Classification
2023,5,perez,Sergio Perez,Red Bull,1,1:27.713,1:27.328,1:26.841,Base Oficial Ergast Motor Racing Database / FIA Qualifying Classification
2023,5,alonso,Fernando Alonso,Aston Martin,2,1:28.179,1:27.097,1:27.202,Base Oficial Ergast Motor Racing Database / FIA Qualifying Classification
2023,5,sainz,Carlos Sainz,Ferrari,3,1:27.686,1:27.148,1:27.349,Base Oficial Ergast Motor Racing Database / FIA Qualifying Classification
2023,5,kevin_magnussen,Kevin Magnussen,Haas F1 Team,4,1:27.809,1:27.673,1:27.767,Base Oficial Ergast Motor Racing Database / FIA Qualifying Classification
2023,5,gasly,Pierre Gasly,Alpine F1 Team,5,1:28.061,1:27.612,1:27.786,Base Oficial Ergast Motor Racing Database / FIA Qualifying Classification
2023,5,russell,George Russell,Mercedes,6,1:28.086,1:27.743,1:27.804,Base Oficial Ergast Motor Racing Database / FIA Qualifying Classification
2023,5,leclerc,Charles Leclerc,Ferrari,7,1:27.713,1:26.964,1:27.861,Base Oficial Ergast Motor Racing Database / FIA Qualifying Classification
2023,5,ocon,Esteban Ocon,Alpine F1 Team,8,1:27.872,1:27.444,1:27.935,Base Oficial Ergast Motor Racing Database / FIA Qualifying Classification
2023,5,max_verstappen,Max Verstappen,Red Bull,9,1:27.363,1:26.814,,Base Oficial Ergast Motor Racing Database / FIA Qualifying Classification
2023,5,bottas,Valtteri Bottas,Alfa Romeo,10,1:27.864,1:27.564,,Base Oficial Ergast Motor Racing Database / FIA Qualifying Classification
2023,5,albon,Alexander Albon,Williams,11,1:28.234,1:27.795,,Base Oficial Ergast Motor Racing Database / FIA Qualifying Classification
2023,5,hulkenberg,Nico Hulkenberg,Haas F1 Team,12,1:27.945,1:27.903,,Base Oficial Ergast Motor Racing Database / FIA Qualifying Classification
2023,5,hamilton,Lewis Hamilton,Mercedes,13,1:27.846,1:27.975,,Base Oficial Ergast Motor Racing Database / FIA Qualifying Classification
2023,5,zhou,Guanyu Zhou,Alfa Romeo,14,1:28.180,1:28.091,,Base Oficial Ergast Motor Racing Database / FIA Qualifying Classification
2023,5,de_vries,Nyck de Vries,AlphaTauri,15,1:28.325,1:28.395,,Base Oficial Ergast Motor Racing Database / FIA Qualifying Classification
2023,5,norris,Lando Norris,McLaren,16,1:28.394,,,Base Oficial Ergast Motor Racing Database / FIA Qualifying Classification
2023,5,tsunoda,Yuki Tsunoda,AlphaTauri,17,1:28.429,,,Base Oficial Ergast Motor Racing Database / FIA Qualifying Classification
2023,5,stroll,Lance Stroll,Aston Martin,18,1:28.476,,,Base Oficial Ergast Motor Racing Database / FIA Qualifying Classification
2023,5,piastri,Oscar Piastri,McLaren,19,1:28.484,,,Base Oficial Ergast Motor Racing Database / FIA Qualifying Classification
2023,5,sargeant,Logan Sargeant,Williams,20,1:28.577,,,Base Oficial Ergast Motor Racing Database / FIA Qualifying Classification
2023,6,max_verstappen,Max Verstappen,Red Bull,1,1:12.386,1:11.908,1:11.365,Base Oficial Ergast Motor Racing Database / FIA Qualifying Classification
2023,6,alonso,Fernando Alonso,Aston Martin,2,1:12.886,1:12.107,1:11.449,Base Oficial Ergast Motor Racing Database / FIA Qualifying Classification
2023,6,leclerc,Charles Leclerc,Ferrari,3,1:12.912,1:12.103,1:11.471,Base Oficial Ergast Motor Racing Database / FIA Qualifying Classification
2023,6,ocon,Esteban Ocon,Alpine F1 Team,4,1:12.967,1:12.248,1:11.553,Base Oficial Ergast Motor Racing Database / FIA Qualifying Classification
2023,6,sainz,Carlos Sainz,Ferrari,5,1:12.717,1:12.210,1:11.630,Base Oficial Ergast Motor Racing Database / FIA Qualifying Classification
2023,6,hamilton,Lewis Hamilton,Mercedes,6,1:12.872,1:12.156,1:11.725,Base Oficial Ergast Motor Racing Database / FIA Qualifying Classification
2023,6,gasly,Pierre Gasly,Alpine F1 Team,7,1:13.033,1:12.169,1:11.933,Base Oficial Ergast Motor Racing Database / FIA Qualifying Classification
2023,6,russell,George Russell,Mercedes,8,1:12.769,1:12.151,1:11.964,Base Oficial Ergast Motor Racing Database / FIA Qualifying Classification
2023,6,tsunoda,Yuki Tsunoda,AlphaTauri,9,1:12.642,1:12.249,1:12.082,Base Oficial Ergast Motor Racing Database / FIA Qualifying Classification
2023,6,norris,Lando Norris,McLaren,10,1:12.877,1:12.377,1:12.254,Base Oficial Ergast Motor Racing Database / FIA Qualifying Classification
2023,6,piastri,Oscar Piastri,McLaren,11,1:13.006,1:12.395,,Base Oficial Ergast Motor Racing Database / FIA Qualifying Classification
2023,6,de_vries,Nyck de Vries,AlphaTauri,12,1:13.054,1:12.428,,Base Oficial Ergast Motor Racing Database / FIA Qualifying Classification
2023,6,albon,Alexander Albon,Williams,13,1:12.706,1:12.527,,Base Oficial Ergast Motor Racing Database / FIA Qualifying Classification
2023,6,stroll,Lance Stroll,Aston Martin,14,1:12.722,1:12.623,,Base Oficial Ergast Motor Racing Database / FIA Qualifying Classification
2023,6,bottas,Valtteri Bottas,Alfa Romeo,15,1:13.038,1:12.625,,Base Oficial Ergast Motor Racing Database / FIA Qualifying Classification
2023,6,sargeant,Logan Sargeant,Williams,16,1:13.113,,,Base Oficial Ergast Motor Racing Database / FIA Qualifying Classification
2023,6,kevin_magnussen,Kevin Magnussen,Haas F1 Team,17,1:13.270,,,Base Oficial Ergast Motor Racing Database / FIA Qualifying Classification
2023,6,hulkenberg,Nico Hulkenberg,Haas F1 Team,18,1:13.279,,,Base Oficial Ergast Motor Racing Database / FIA Qualifying Classification
2023,6,zhou,Guanyu Zhou,Alfa Romeo,19,1:13.523,,,Base Oficial Ergast Motor Racing Database / FIA Qualifying Classification
2023,6,perez,Sergio Perez,Red Bull,20,1:13.850,,,Base Oficial Ergast Motor Racing Database / FIA Qualifying Classification
2023,7,max_verstappen,Max Verstappen,Red Bull,1,1:13.615,1:12.760,1:12.272,Base Oficial Ergast Motor Racing Database / FIA Qualifying Classification
2023,7,sainz,Carlos Sainz,Ferrari,2,1:13.411,1:12.790,1:12.734,Base Oficial Ergast Motor Racing Database / FIA Qualifying Classification
2023,7,norris,Lando Norris,McLaren,3,1:13.295,1:12.776,1:12.792,Base Oficial Ergast Motor Racing Database / FIA Qualifying Classification
2023,7,gasly,Pierre Gasly,Alpine F1 Team,4,1:13.471,1:13.186,1:12.816,Base Oficial Ergast Motor Racing Database / FIA Qualifying Classification
2023,7,hamilton,Lewis Hamilton,Mercedes,5,1:12.937,1:12.999,1:12.818,Base Oficial Ergast Motor Racing Database / FIA Qualifying Classification
2023,7,stroll,Lance Stroll,Aston Martin,6,1:13.766,1:13.082,1:12.994,Base Oficial Ergast Motor Racing Database / FIA Qualifying Classification
2023,7,ocon,Esteban Ocon,Alpine F1 Team,7,1:13.433,1:13.001,1:13.083,Base Oficial Ergast Motor Racing Database / FIA Qualifying Classification
2023,7,hulkenberg,Nico Hulkenberg,Haas F1 Team,8,1:13.420,1:13.283,1:13.229,Base Oficial Ergast Motor Racing Database / FIA Qualifying Classification
2023,7,alonso,Fernando Alonso,Aston Martin,9,1:13.747,1:13.098,1:13.507,Base Oficial Ergast Motor Racing Database / FIA Qualifying Classification
2023,7,piastri,Oscar Piastri,McLaren,10,1:13.691,1:13.059,1:13.682,Base Oficial Ergast Motor Racing Database / FIA Qualifying Classification
2023,7,perez,Sergio Perez,Red Bull,11,1:13.874,1:13.334,,Base Oficial Ergast Motor Racing Database / FIA Qualifying Classification
2023,7,russell,George Russell,Mercedes,12,1:13.326,1:13.447,,Base Oficial Ergast Motor Racing Database / FIA Qualifying Classification
2023,7,zhou,Guanyu Zhou,Alfa Romeo,13,1:13.677,1:13.521,,Base Oficial Ergast Motor Racing Database / FIA Qualifying Classification
2023,7,de_vries,Nyck de Vries,AlphaTauri,14,1:13.581,1:14.083,,Base Oficial Ergast Motor Racing Database / FIA Qualifying Classification
2023,7,tsunoda,Yuki Tsunoda,AlphaTauri,15,1:13.862,1:14.477,,Base Oficial Ergast Motor Racing Database / FIA Qualifying Classification
2023,7,bottas,Valtteri Bottas,Alfa Romeo,16,1:13.977,,,Base Oficial Ergast Motor Racing Database / FIA Qualifying Classification
2023,7,kevin_magnussen,Kevin Magnussen,Haas F1 Team,17,1:14.042,,,Base Oficial Ergast Motor Racing Database / FIA Qualifying Classification
2023,7,albon,Alexander Albon,Williams,18,1:14.063,,,Base Oficial Ergast Motor Racing Database / FIA Qualifying Classification
2023,7,leclerc,Charles Leclerc,Ferrari,19,1:14.079,,,Base Oficial Ergast Motor Racing Database / FIA Qualifying Classification
2023,7,sargeant,Logan Sargeant,Williams,20,1:14.699,,,Base Oficial Ergast Motor Racing Database / FIA Qualifying Classification
2023,8,max_verstappen,Max Verstappen,Red Bull,1,1:20.851,1:19.092,1:25.858,Base Oficial Ergast Motor Racing Database / FIA Qualifying Classification
2023,8,hulkenberg,Nico Hulkenberg,Haas F1 Team,2,1:22.730,1:20.305,1:27.102,Base Oficial Ergast Motor Racing Database / FIA Qualifying Classification
2023,8,alonso,Fernando Alonso,Aston Martin,3,1:21.481,1:19.776,1:27.286,Base Oficial Ergast Motor Racing Database / FIA Qualifying Classification
2023,8,hamilton,Lewis Hamilton,Mercedes,4,1:21.554,1:20.426,1:27.627,Base Oficial Ergast Motor Racing Database / FIA Qualifying Classification
2023,8,russell,George Russell,Mercedes,5,1:21.798,1:20.098,1:27.893,Base Oficial Ergast Motor Racing Database / FIA Qualifying Classification
2023,8,ocon,Esteban Ocon,Alpine F1 Team,6,1:22.114,1:20.406,1:27.945,Base Oficial Ergast Motor Racing Database / FIA Qualifying Classification
2023,8,norris,Lando Norris,McLaren,7,1:21.998,1:19.347,1:28.046,Base Oficial Ergast Motor Racing Database / FIA Qualifying Classification
2023,8,sainz,Carlos Sainz,Ferrari,8,1:22.248,1:19.856,1:29.294,Base Oficial Ergast Motor Racing Database / FIA Qualifying Classification
2023,8,piastri,Oscar Piastri,McLaren,9,1:22.190,1:19.659,1:31.349,Base Oficial Ergast Motor Racing Database / FIA Qualifying Classification
2023,8,albon,Alexander Albon,Williams,10,1:21.938,1:18.725,,Base Oficial Ergast Motor Racing Database / FIA Qualifying Classification
2023,8,leclerc,Charles Leclerc,Ferrari,11,1:21.843,1:20.615,,Base Oficial Ergast Motor Racing Database / FIA Qualifying Classification
2023,8,perez,Sergio Perez,Red Bull,12,1:22.151,1:20.959,,Base Oficial Ergast Motor Racing Database / FIA Qualifying Classification
2023,8,stroll,Lance Stroll,Aston Martin,13,1:22.677,1:21.484,,Base Oficial Ergast Motor Racing Database / FIA Qualifying Classification
2023,8,kevin_magnussen,Kevin Magnussen,Haas F1 Team,14,1:22.351,1:21.678,,Base Oficial Ergast Motor Racing Database / FIA Qualifying Classification
2023,8,bottas,Valtteri Bottas,Alfa Romeo,15,1:22.332,1:21.821,,Base Oficial Ergast Motor Racing Database / FIA Qualifying Classification
2023,8,tsunoda,Yuki Tsunoda,AlphaTauri,16,1:22.746,,,Base Oficial Ergast Motor Racing Database / FIA Qualifying Classification
2023,8,gasly,Pierre Gasly,Alpine F1 Team,17,1:22.886,,,Base Oficial Ergast Motor Racing Database / FIA Qualifying Classification
2023,8,de_vries,Nyck de Vries,AlphaTauri,18,1:23.137,,,Base Oficial Ergast Motor Racing Database / FIA Qualifying Classification
2023,8,sargeant,Logan Sargeant,Williams,19,1:23.337,,,Base Oficial Ergast Motor Racing Database / FIA Qualifying Classification
2023,8,zhou,Guanyu Zhou,Alfa Romeo,20,1:23.342,,,Base Oficial Ergast Motor Racing Database / FIA Qualifying Classification
2023,9,max_verstappen,Max Verstappen,Red Bull,1,1:05.116,1:04.951,1:04.391,Base Oficial Ergast Motor Racing Database / FIA Qualifying Classification
2023,9,leclerc,Charles Leclerc,Ferrari,2,1:05.577,1:05.087,1:04.439,Base Oficial Ergast Motor Racing Database / FIA Qualifying Classification
2023,9,sainz,Carlos Sainz,Ferrari,3,1:05.339,1:04.975,1:04.581,Base Oficial Ergast Motor Racing Database / FIA Qualifying Classification
2023,9,norris,Lando Norris,McLaren,4,1:05.617,1:05.038,1:04.658,Base Oficial Ergast Motor Racing Database / FIA Qualifying Classification
2023,9,hamilton,Lewis Hamilton,Mercedes,5,1:05.673,1:05.188,1:04.819,Base Oficial Ergast Motor Racing Database / FIA Qualifying Classification
2023,9,stroll,Lance Stroll,Aston Martin,6,1:05.710,1:05.121,1:04.893,Base Oficial Ergast Motor Racing Database / FIA Qualifying Classification
2023,9,alonso,Fernando Alonso,Aston Martin,7,1:05.655,1:05.181,1:04.911,Base Oficial Ergast Motor Racing Database / FIA Qualifying Classification
2023,9,hulkenberg,Nico Hulkenberg,Haas F1 Team,8,1:05.740,1:05.362,1:05.090,Base Oficial Ergast Motor Racing Database / FIA Qualifying Classification
2023,9,gasly,Pierre Gasly,Alpine F1 Team,9,1:05.515,1:05.308,1:05.170,Base Oficial Ergast Motor Racing Database / FIA Qualifying Classification
2023,9,albon,Alexander Albon,Williams,10,1:05.673,1:05.387,1:05.823,Base Oficial Ergast Motor Racing Database / FIA Qualifying Classification
2023,9,russell,George Russell,Mercedes,11,1:05.686,1:05.428,,Base Oficial Ergast Motor Racing Database / FIA Qualifying Classification
2023,9,ocon,Esteban Ocon,Alpine F1 Team,12,1:05.729,1:05.453,,Base Oficial Ergast Motor Racing Database / FIA Qualifying Classification
2023,9,piastri,Oscar Piastri,McLaren,13,1:05.683,1:05.605,,Base Oficial Ergast Motor Racing Database / FIA Qualifying Classification
2023,9,bottas,Valtteri Bottas,Alfa Romeo,14,1:05.763,1:05.680,,Base Oficial Ergast Motor Racing Database / FIA Qualifying Classification
2023,9,perez,Sergio Perez,Red Bull,15,1:05.177,2:06.688,,Base Oficial Ergast Motor Racing Database / FIA Qualifying Classification
2023,9,tsunoda,Yuki Tsunoda,AlphaTauri,16,1:05.784,,,Base Oficial Ergast Motor Racing Database / FIA Qualifying Classification
2023,9,zhou,Guanyu Zhou,Alfa Romeo,17,1:05.818,,,Base Oficial Ergast Motor Racing Database / FIA Qualifying Classification
2023,9,sargeant,Logan Sargeant,Williams,18,1:05.948,,,Base Oficial Ergast Motor Racing Database / FIA Qualifying Classification
2023,9,kevin_magnussen,Kevin Magnussen,Haas F1 Team,19,1:05.971,,,Base Oficial Ergast Motor Racing Database / FIA Qualifying Classification
2023,9,de_vries,Nyck de Vries,AlphaTauri,20,1:05.974,,,Base Oficial Ergast Motor Racing Database / FIA Qualifying Classification
2023,10,max_verstappen,Max Verstappen,Red Bull,1,1:29.428,1:27.702,1:26.720,Base Oficial Ergast Motor Racing Database / FIA Qualifying Classification
2023,10,norris,Lando Norris,McLaren,2,1:28.917,1:28.042,1:26.961,Base Oficial Ergast Motor Racing Database / FIA Qualifying Classification
2023,10,piastri,Oscar Piastri,McLaren,3,1:29.874,1:27.845,1:27.092,Base Oficial Ergast Motor Racing Database / FIA Qualifying Classification
2023,10,leclerc,Charles Leclerc,Ferrari,4,1:29.143,1:28.361,1:27.136,Base Oficial Ergast Motor Racing Database / FIA Qualifying Classification
2023,10,sainz,Carlos Sainz,Ferrari,5,1:29.865,1:28.265,1:27.148,Base Oficial Ergast Motor Racing Database / FIA Qualifying Classification
2023,10,russell,George Russell,Mercedes,6,1:29.412,1:28.782,1:27.155,Base Oficial Ergast Motor Racing Database / FIA Qualifying Classification
2023,10,hamilton,Lewis Hamilton,Mercedes,7,1:29.415,1:28.545,1:27.211,Base Oficial Ergast Motor Racing Database / FIA Qualifying Classification
2023,10,albon,Alexander Albon,Williams,8,1:29.466,1:28.067,1:27.530,Base Oficial Ergast Motor Racing Database / FIA Qualifying Classification
2023,10,alonso,Fernando Alonso,Aston Martin,9,1:29.949,1:28.368,1:27.659,Base Oficial Ergast Motor Racing Database / FIA Qualifying Classification
2023,10,gasly,Pierre Gasly,Alpine F1 Team,10,1:29.533,1:28.751,1:27.689,Base Oficial Ergast Motor Racing Database / FIA Qualifying Classification
2023,10,hulkenberg,Nico Hulkenberg,Haas F1 Team,11,1:29.603,1:28.896,,Base Oficial Ergast Motor Racing Database / FIA Qualifying Classification
2023,10,stroll,Lance Stroll,Aston Martin,12,1:29.448,1:28.935,,Base Oficial Ergast Motor Racing Database / FIA Qualifying Classification
2023,10,ocon,Esteban Ocon,Alpine F1 Team,13,1:29.700,1:28.956,,Base Oficial Ergast Motor Racing Database / FIA Qualifying Classification
2023,10,sargeant,Logan Sargeant,Williams,14,1:29.873,1:29.031,,Base Oficial Ergast Motor Racing Database / FIA Qualifying Classification
2023,10,bottas,Valtteri Bottas,Alfa Romeo,15,1:29.798,,,Base Oficial Ergast Motor Racing Database / FIA Qualifying Classification
2023,10,perez,Sergio Perez,Red Bull,16,1:29.968,,,Base Oficial Ergast Motor Racing Database / FIA Qualifying Classification
2023,10,tsunoda,Yuki Tsunoda,AlphaTauri,17,1:30.025,,,Base Oficial Ergast Motor Racing Database / FIA Qualifying Classification
2023,10,zhou,Guanyu Zhou,Alfa Romeo,18,1:30.123,,,Base Oficial Ergast Motor Racing Database / FIA Qualifying Classification
2023,10,de_vries,Nyck de Vries,AlphaTauri,19,1:30.513,,,Base Oficial Ergast Motor Racing Database / FIA Qualifying Classification
2023,10,kevin_magnussen,Kevin Magnussen,Haas F1 Team,20,1:32.378,,,Base Oficial Ergast Motor Racing Database / FIA Qualifying Classification
2023,11,hamilton,Lewis Hamilton,Mercedes,1,1:18.577,1:17.427,1:16.609,Base Oficial Ergast Motor Racing Database / FIA Qualifying Classification
2023,11,max_verstappen,Max Verstappen,Red Bull,2,1:18.318,1:17.547,1:16.612,Base Oficial Ergast Motor Racing Database / FIA Qualifying Classification
2023,11,norris,Lando Norris,McLaren,3,1:18.697,1:17.328,1:16.694,Base Oficial Ergast Motor Racing Database / FIA Qualifying Classification
2023,11,piastri,Oscar Piastri,McLaren,4,1:18.464,1:17.571,1:16.905,Base Oficial Ergast Motor Racing Database / FIA Qualifying Classification
2023,11,zhou,Guanyu Zhou,Alfa Romeo,5,1:18.143,1:17.700,1:16.971,Base Oficial Ergast Motor Racing Database / FIA Qualifying Classification
2023,11,leclerc,Charles Leclerc,Ferrari,6,1:18.440,1:17.580,1:16.992,Base Oficial Ergast Motor Racing Database / FIA Qualifying Classification
2023,11,bottas,Valtteri Bottas,Alfa Romeo,7,1:18.775,1:17.563,1:17.034,Base Oficial Ergast Motor Racing Database / FIA Qualifying Classification
2023,11,alonso,Fernando Alonso,Aston Martin,8,1:18.580,1:17.701,1:17.035,Base Oficial Ergast Motor Racing Database / FIA Qualifying Classification
2023,11,perez,Sergio Perez,Red Bull,9,1:18.360,1:17.675,1:17.045,Base Oficial Ergast Motor Racing Database / FIA Qualifying Classification
2023,11,hulkenberg,Nico Hulkenberg,Haas F1 Team,10,1:18.695,1:17.652,1:17.186,Base Oficial Ergast Motor Racing Database / FIA Qualifying Classification
2023,11,sainz,Carlos Sainz,Ferrari,11,1:18.393,1:17.703,,Base Oficial Ergast Motor Racing Database / FIA Qualifying Classification
2023,11,ocon,Esteban Ocon,Alpine F1 Team,12,1:18.854,1:17.841,,Base Oficial Ergast Motor Racing Database / FIA Qualifying Classification
2023,11,ricciardo,Daniel Ricciardo,AlphaTauri,13,1:18.906,1:18.002,,Base Oficial Ergast Motor Racing Database / FIA Qualifying Classification
2023,11,stroll,Lance Stroll,Aston Martin,14,1:18.782,1:18.144,,Base Oficial Ergast Motor Racing Database / FIA Qualifying Classification
2023,11,gasly,Pierre Gasly,Alpine F1 Team,15,1:18.743,1:18.217,,Base Oficial Ergast Motor Racing Database / FIA Qualifying Classification
2023,11,albon,Alexander Albon,Williams,16,1:18.917,,,Base Oficial Ergast Motor Racing Database / FIA Qualifying Classification
2023,11,tsunoda,Yuki Tsunoda,AlphaTauri,17,1:18.919,,,Base Oficial Ergast Motor Racing Database / FIA Qualifying Classification
2023,11,russell,George Russell,Mercedes,18,1:19.027,,,Base Oficial Ergast Motor Racing Database / FIA Qualifying Classification
2023,11,kevin_magnussen,Kevin Magnussen,Haas F1 Team,19,1:19.206,,,Base Oficial Ergast Motor Racing Database / FIA Qualifying Classification
2023,11,sargeant,Logan Sargeant,Williams,20,1:19.248,,,Base Oficial Ergast Motor Racing Database / FIA Qualifying Classification
2023,12,max_verstappen,Max Verstappen,Red Bull,1,1:58.515,1:52.784,1:46.168,Base Oficial Ergast Motor Racing Database / FIA Qualifying Classification
2023,12,leclerc,Charles Leclerc,Ferrari,2,1:58.300,1:52.017,1:46.988,Base Oficial Ergast Motor Racing Database / FIA Qualifying Classification
2023,12,perez,Sergio Perez,Red Bull,3,1:58.899,1:52.353,1:47.045,Base Oficial Ergast Motor Racing Database / FIA Qualifying Classification
2023,12,hamilton,Lewis Hamilton,Mercedes,4,1:58.563,1:52.345,1:47.087,Base Oficial Ergast Motor Racing Database / FIA Qualifying Classification
2023,12,sainz,Carlos Sainz,Ferrari,5,1:58.688,1:51.711,1:47.152,Base Oficial Ergast Motor Racing Database / FIA Qualifying Classification
2023,12,piastri,Oscar Piastri,McLaren,6,1:58.872,1:51.534,1:47.365,Base Oficial Ergast Motor Racing Database / FIA Qualifying Classification
2023,12,norris,Lando Norris,McLaren,7,1:59.981,1:52.252,1:47.669,Base Oficial Ergast Motor Racing Database / FIA Qualifying Classification
2023,12,russell,George Russell,Mercedes,8,1:59.035,1:52.605,1:47.805,Base Oficial Ergast Motor Racing Database / FIA Qualifying Classification
2023,12,alonso,Fernando Alonso,Aston Martin,9,1:58.834,1:52.751,1:47.843,Base Oficial Ergast Motor Racing Database / FIA Qualifying Classification
2023,12,stroll,Lance Stroll,Aston Martin,10,1:59.663,1:52.193,1:48.841,Base Oficial Ergast Motor Racing Database / FIA Qualifying Classification
2023,12,tsunoda,Yuki Tsunoda,AlphaTauri,11,1:59.044,1:53.148,,Base Oficial Ergast Motor Racing Database / FIA Qualifying Classification
2023,12,gasly,Pierre Gasly,Alpine F1 Team,12,1:59.511,1:53.671,,Base Oficial Ergast Motor Racing Database / FIA Qualifying Classification
2023,12,kevin_magnussen,Kevin Magnussen,Haas F1 Team,13,2:00.020,1:54.160,,Base Oficial Ergast Motor Racing Database / FIA Qualifying Classification
2023,12,bottas,Valtteri Bottas,Alfa Romeo,14,1:59.484,1:54.694,,Base Oficial Ergast Motor Racing Database / FIA Qualifying Classification
2023,12,ocon,Esteban Ocon,Alpine F1 Team,15,1:59.634,1:56.372,,Base Oficial Ergast Motor Racing Database / FIA Qualifying Classification
2023,12,albon,Alexander Albon,Williams,16,2:00.314,,,Base Oficial Ergast Motor Racing Database / FIA Qualifying Classification
2023,12,zhou,Guanyu Zhou,Alfa Romeo,17,2:00.832,,,Base Oficial Ergast Motor Racing Database / FIA Qualifying Classification
2023,12,sargeant,Logan Sargeant,Williams,18,2:01.535,,,Base Oficial Ergast Motor Racing Database / FIA Qualifying Classification
2023,12,ricciardo,Daniel Ricciardo,AlphaTauri,19,2:02.159,,,Base Oficial Ergast Motor Racing Database / FIA Qualifying Classification
2023,12,hulkenberg,Nico Hulkenberg,Haas F1 Team,20,2:03.166,,,Base Oficial Ergast Motor Racing Database / FIA Qualifying Classification
2023,13,max_verstappen,Max Verstappen,Red Bull,1,1:20.965,1:18.856,1:10.567,Base Oficial Ergast Motor Racing Database / FIA Qualifying Classification
2023,13,norris,Lando Norris,McLaren,2,1:21.276,1:19.769,1:11.104,Base Oficial Ergast Motor Racing Database / FIA Qualifying Classification
2023,13,russell,George Russell,Mercedes,3,1:21.345,1:19.620,1:11.294,Base Oficial Ergast Motor Racing Database / FIA Qualifying Classification
2023,13,albon,Alexander Albon,Williams,4,1:20.939,1:19.399,1:11.419,Base Oficial Ergast Motor Racing Database / FIA Qualifying Classification
2023,13,alonso,Fernando Alonso,Aston Martin,5,1:21.840,1:19.429,1:11.506,Base Oficial Ergast Motor Racing Database / FIA Qualifying Classification
2023,13,sainz,Carlos Sainz,Ferrari,6,1:21.321,1:19.929,1:11.754,Base Oficial Ergast Motor Racing Database / FIA Qualifying Classification
2023,13,perez,Sergio Perez,Red Bull,7,1:21.972,1:19.856,1:11.880,Base Oficial Ergast Motor Racing Database / FIA Qualifying Classification
2023,13,piastri,Oscar Piastri,McLaren,8,1:21.231,1:19.392,1:11.938,Base Oficial Ergast Motor Racing Database / FIA Qualifying Classification
2023,13,leclerc,Charles Leclerc,Ferrari,9,1:22.019,1:19.600,1:12.665,Base Oficial Ergast Motor Racing Database / FIA Qualifying Classification
2023,13,sargeant,Logan Sargeant,Williams,10,1:22.036,1:20.067,1:16.748,Base Oficial Ergast Motor Racing Database / FIA Qualifying Classification
2023,13,stroll,Lance Stroll,Aston Martin,11,1:21.570,1:20.121,,Base Oficial Ergast Motor Racing Database / FIA Qualifying Classification
2023,13,gasly,Pierre Gasly,Alpine F1 Team,12,1:21.735,1:20.128,,Base Oficial Ergast Motor Racing Database / FIA Qualifying Classification
2023,13,hamilton,Lewis Hamilton,Mercedes,13,1:21.919,1:20.151,,Base Oficial Ergast Motor Racing Database / FIA Qualifying Classification
2023,13,tsunoda,Yuki Tsunoda,AlphaTauri,14,1:21.781,1:20.230,,Base Oficial Ergast Motor Racing Database / FIA Qualifying Classification
2023,13,hulkenberg,Nico Hulkenberg,Haas F1 Team,15,1:21.891,1:20.250,,Base Oficial Ergast Motor Racing Database / FIA Qualifying Classification
2023,13,zhou,Guanyu Zhou,Alfa Romeo,16,1:22.067,,,Base Oficial Ergast Motor Racing Database / FIA Qualifying Classification
2023,13,ocon,Esteban Ocon,Alpine F1 Team,17,1:22.110,,,Base Oficial Ergast Motor Racing Database / FIA Qualifying Classification
2023,13,kevin_magnussen,Kevin Magnussen,Haas F1 Team,18,1:22.192,,,Base Oficial Ergast Motor Racing Database / FIA Qualifying Classification
2023,13,bottas,Valtteri Bottas,Alfa Romeo,19,1:22.260,,,Base Oficial Ergast Motor Racing Database / FIA Qualifying Classification
2023,13,lawson,Liam Lawson,AlphaTauri,20,1:23.420,,,Base Oficial Ergast Motor Racing Database / FIA Qualifying Classification
2023,14,sainz,Carlos Sainz,Ferrari,1,1:21.965,1:20.991,1:20.294,Base Oficial Ergast Motor Racing Database / FIA Qualifying Classification
2023,14,max_verstappen,Max Verstappen,Red Bull,2,1:21.573,1:20.937,1:20.307,Base Oficial Ergast Motor Racing Database / FIA Qualifying Classification
2023,14,leclerc,Charles Leclerc,Ferrari,3,1:21.788,1:20.977,1:20.361,Base Oficial Ergast Motor Racing Database / FIA Qualifying Classification
2023,14,russell,George Russell,Mercedes,4,1:22.148,1:21.382,1:20.671,Base Oficial Ergast Motor Racing Database / FIA Qualifying Classification
2023,14,perez,Sergio Perez,Red Bull,5,1:21.911,1:21.240,1:20.688,Base Oficial Ergast Motor Racing Database / FIA Qualifying Classification
2023,14,albon,Alexander Albon,Williams,6,1:21.661,1:21.272,1:20.760,Base Oficial Ergast Motor Racing Database / FIA Qualifying Classification
2023,14,piastri,Oscar Piastri,McLaren,7,1:22.106,1:21.527,1:20.785,Base Oficial Ergast Motor Racing Database / FIA Qualifying Classification
2023,14,hamilton,Lewis Hamilton,Mercedes,8,1:21.977,1:21.369,1:20.820,Base Oficial Ergast Motor Racing Database / FIA Qualifying Classification
2023,14,norris,Lando Norris,McLaren,9,1:21.995,1:21.581,1:20.979,Base Oficial Ergast Motor Racing Database / FIA Qualifying Classification
2023,14,alonso,Fernando Alonso,Aston Martin,10,1:22.043,1:21.543,1:21.417,Base Oficial Ergast Motor Racing Database / FIA Qualifying Classification
2023,14,tsunoda,Yuki Tsunoda,AlphaTauri,11,1:21.852,1:21.594,,Base Oficial Ergast Motor Racing Database / FIA Qualifying Classification
2023,14,lawson,Liam Lawson,AlphaTauri,12,1:22.112,1:21.758,,Base Oficial Ergast Motor Racing Database / FIA Qualifying Classification
2023,14,hulkenberg,Nico Hulkenberg,Haas F1 Team,13,1:22.343,1:21.776,,Base Oficial Ergast Motor Racing Database / FIA Qualifying Classification
2023,14,bottas,Valtteri Bottas,Alfa Romeo,14,1:22.249,1:21.940,,Base Oficial Ergast Motor Racing Database / FIA Qualifying Classification
2023,14,sargeant,Logan Sargeant,Williams,15,1:21.930,1:21.944,,Base Oficial Ergast Motor Racing Database / FIA Qualifying Classification
2023,14,zhou,Guanyu Zhou,Alfa Romeo,16,1:22.390,,,Base Oficial Ergast Motor Racing Database / FIA Qualifying Classification
2023,14,gasly,Pierre Gasly,Alpine F1 Team,17,1:22.545,,,Base Oficial Ergast Motor Racing Database / FIA Qualifying Classification
2023,14,ocon,Esteban Ocon,Alpine F1 Team,18,1:22.548,,,Base Oficial Ergast Motor Racing Database / FIA Qualifying Classification
2023,14,kevin_magnussen,Kevin Magnussen,Haas F1 Team,19,1:22.592,,,Base Oficial Ergast Motor Racing Database / FIA Qualifying Classification
2023,14,stroll,Lance Stroll,Aston Martin,20,1:22.860,,,Base Oficial Ergast Motor Racing Database / FIA Qualifying Classification
2023,15,sainz,Carlos Sainz,Ferrari,1,1:32.339,1:31.439,1:30.984,Base Oficial Ergast Motor Racing Database / FIA Qualifying Classification
2023,15,russell,George Russell,Mercedes,2,1:32.331,1:31.743,1:31.056,Base Oficial Ergast Motor Racing Database / FIA Qualifying Classification
2023,15,leclerc,Charles Leclerc,Ferrari,3,1:32.406,1:32.012,1:31.063,Base Oficial Ergast Motor Racing Database / FIA Qualifying Classification
2023,15,norris,Lando Norris,McLaren,4,1:32.483,1:31.951,1:31.270,Base Oficial Ergast Motor Racing Database / FIA Qualifying Classification
2023,15,hamilton,Lewis Hamilton,Mercedes,5,1:32.651,1:32.019,1:31.485,Base Oficial Ergast Motor Racing Database / FIA Qualifying Classification
2023,15,kevin_magnussen,Kevin Magnussen,Haas F1 Team,6,1:32.242,1:31.892,1:31.575,Base Oficial Ergast Motor Racing Database / FIA Qualifying Classification
2023,15,alonso,Fernando Alonso,Aston Martin,7,1:32.584,1:31.835,1:31.615,Base Oficial Ergast Motor Racing Database / FIA Qualifying Classification
2023,15,ocon,Esteban Ocon,Alpine F1 Team,8,1:32.369,1:32.089,1:31.673,Base Oficial Ergast Motor Racing Database / FIA Qualifying Classification
2023,15,hulkenberg,Nico Hulkenberg,Haas F1 Team,9,1:32.100,1:31.994,1:31.808,Base Oficial Ergast Motor Racing Database / FIA Qualifying Classification
2023,15,lawson,Liam Lawson,AlphaTauri,10,1:32.215,1:32.166,1:32.268,Base Oficial Ergast Motor Racing Database / FIA Qualifying Classification
2023,15,max_verstappen,Max Verstappen,Red Bull,11,1:32.398,1:32.173,,Base Oficial Ergast Motor Racing Database / FIA Qualifying Classification
2023,15,gasly,Pierre Gasly,Alpine F1 Team,12,1:32.452,1:32.274,,Base Oficial Ergast Motor Racing Database / FIA Qualifying Classification
2023,15,perez,Sergio Perez,Red Bull,13,1:32.099,1:32.310,,Base Oficial Ergast Motor Racing Database / FIA Qualifying Classification
2023,15,albon,Alexander Albon,Williams,14,1:32.668,1:33.719,,Base Oficial Ergast Motor Racing Database / FIA Qualifying Classification
2023,15,tsunoda,Yuki Tsunoda,AlphaTauri,15,1:31.991,,,Base Oficial Ergast Motor Racing Database / FIA Qualifying Classification
2023,15,bottas,Valtteri Bottas,Alfa Romeo,16,1:32.809,,,Base Oficial Ergast Motor Racing Database / FIA Qualifying Classification
2023,15,piastri,Oscar Piastri,McLaren,17,1:32.902,,,Base Oficial Ergast Motor Racing Database / FIA Qualifying Classification
2023,15,sargeant,Logan Sargeant,Williams,18,1:33.252,,,Base Oficial Ergast Motor Racing Database / FIA Qualifying Classification
2023,15,zhou,Guanyu Zhou,Alfa Romeo,19,1:33.258,,,Base Oficial Ergast Motor Racing Database / FIA Qualifying Classification
2023,15,stroll,Lance Stroll,Aston Martin,20,1:33.397,,,Base Oficial Ergast Motor Racing Database / FIA Qualifying Classification
2023,16,max_verstappen,Max Verstappen,Red Bull,1,1:29.878,1:29.964,1:28.877,Base Oficial Ergast Motor Racing Database / FIA Qualifying Classification
2023,16,piastri,Oscar Piastri,McLaren,2,1:30.439,1:30.122,1:29.458,Base Oficial Ergast Motor Racing Database / FIA Qualifying Classification
2023,16,norris,Lando Norris,McLaren,3,1:30.063,1:30.296,1:29.493,Base Oficial Ergast Motor Racing Database / FIA Qualifying Classification
2023,16,leclerc,Charles Leclerc,Ferrari,4,1:30.393,1:29.940,1:29.542,Base Oficial Ergast Motor Racing Database / FIA Qualifying Classification
2023,16,perez,Sergio Perez,Red Bull,5,1:30.652,1:29.965,1:29.650,Base Oficial Ergast Motor Racing Database / FIA Qualifying Classification
2023,16,sainz,Carlos Sainz,Ferrari,6,1:30.651,1:30.067,1:29.850,Base Oficial Ergast Motor Racing Database / FIA Qualifying Classification
2023,16,hamilton,Lewis Hamilton,Mercedes,7,1:30.811,1:30.040,1:29.908,Base Oficial Ergast Motor Racing Database / FIA Qualifying Classification
2023,16,russell,George Russell,Mercedes,8,1:30.811,1:30.268,1:30.219,Base Oficial Ergast Motor Racing Database / FIA Qualifying Classification
2023,16,tsunoda,Yuki Tsunoda,AlphaTauri,9,1:30.733,1:30.204,1:30.303,Base Oficial Ergast Motor Racing Database / FIA Qualifying Classification
2023,16,alonso,Fernando Alonso,Aston Martin,10,1:30.971,1:30.465,1:30.560,Base Oficial Ergast Motor Racing Database / FIA Qualifying Classification
2023,16,lawson,Liam Lawson,AlphaTauri,11,1:30.425,1:30.508,,Base Oficial Ergast Motor Racing Database / FIA Qualifying Classification
2023,16,gasly,Pierre Gasly,Alpine F1 Team,12,1:30.843,1:30.509,,Base Oficial Ergast Motor Racing Database / FIA Qualifying Classification
2023,16,albon,Alexander Albon,Williams,13,1:30.941,1:30.537,,Base Oficial Ergast Motor Racing Database / FIA Qualifying Classification
2023,16,ocon,Esteban Ocon,Alpine F1 Team,14,1:30.960,1:30.586,,Base Oficial Ergast Motor Racing Database / FIA Qualifying Classification
2023,16,kevin_magnussen,Kevin Magnussen,Haas F1 Team,15,1:30.976,1:30.665,,Base Oficial Ergast Motor Racing Database / FIA Qualifying Classification
2023,16,bottas,Valtteri Bottas,Alfa Romeo,16,1:31.049,,,Base Oficial Ergast Motor Racing Database / FIA Qualifying Classification
2023,16,stroll,Lance Stroll,Aston Martin,17,1:31.181,,,Base Oficial Ergast Motor Racing Database / FIA Qualifying Classification
2023,16,hulkenberg,Nico Hulkenberg,Haas F1 Team,18,1:31.299,,,Base Oficial Ergast Motor Racing Database / FIA Qualifying Classification
2023,16,zhou,Guanyu Zhou,Alfa Romeo,19,1:31.398,,,Base Oficial Ergast Motor Racing Database / FIA Qualifying Classification
2023,16,sargeant,Logan Sargeant,Williams,20,,,,Base Oficial Ergast Motor Racing Database / FIA Qualifying Classification
2023,17,max_verstappen,Max Verstappen,Red Bull,1,1:25.007,1:24.483,1:23.778,Base Oficial Ergast Motor Racing Database / FIA Qualifying Classification
2023,17,russell,George Russell,Mercedes,2,1:25.334,1:24.827,1:24.219,Base Oficial Ergast Motor Racing Database / FIA Qualifying Classification
2023,17,hamilton,Lewis Hamilton,Mercedes,3,1:26.076,1:24.381,1:24.305,Base Oficial Ergast Motor Racing Database / FIA Qualifying Classification
2023,17,alonso,Fernando Alonso,Aston Martin,4,1:25.223,1:25.241,1:24.369,Base Oficial Ergast Motor Racing Database / FIA Qualifying Classification
2023,17,leclerc,Charles Leclerc,Ferrari,5,1:25.452,1:25.079,1:24.424,Base Oficial Ergast Motor Racing Database / FIA Qualifying Classification
2023,17,piastri,Oscar Piastri,McLaren,6,1:25.266,1:24.724,1:24.540,Base Oficial Ergast Motor Racing Database / FIA Qualifying Classification
2023,17,gasly,Pierre Gasly,Alpine F1 Team,7,1:25.566,1:24.918,1:24.553,Base Oficial Ergast Motor Racing Database / FIA Qualifying Classification
2023,17,ocon,Esteban Ocon,Alpine F1 Team,8,1:25.711,1:24.928,1:24.763,Base Oficial Ergast Motor Racing Database / FIA Qualifying Classification
2023,17,bottas,Valtteri Bottas,Alfa Romeo,9,1:26.038,1:25.297,1:25.058,Base Oficial Ergast Motor Racing Database / FIA Qualifying Classification
2023,17,norris,Lando Norris,McLaren,10,1:25.131,1:24.685,,Base Oficial Ergast Motor Racing Database / FIA Qualifying Classification
2023,17,tsunoda,Yuki Tsunoda,AlphaTauri,11,1:26.058,1:25.301,,Base Oficial Ergast Motor Racing Database / FIA Qualifying Classification
2023,17,sainz,Carlos Sainz,Ferrari,12,1:25.808,1:25.328,,Base Oficial Ergast Motor Racing Database / FIA Qualifying Classification
2023,17,perez,Sergio Perez,Red Bull,13,1:25.991,1:25.462,,Base Oficial Ergast Motor Racing Database / FIA Qualifying Classification
2023,17,albon,Alexander Albon,Williams,14,1:26.118,1:25.707,,Base Oficial Ergast Motor Racing Database / FIA Qualifying Classification
2023,17,hulkenberg,Nico Hulkenberg,Haas F1 Team,15,1:25.904,1:25.783,,Base Oficial Ergast Motor Racing Database / FIA Qualifying Classification
2023,17,sargeant,Logan Sargeant,Williams,16,1:26.210,,,Base Oficial Ergast Motor Racing Database / FIA Qualifying Classification
2023,17,stroll,Lance Stroll,Aston Martin,17,1:26.345,,,Base Oficial Ergast Motor Racing Database / FIA Qualifying Classification
2023,17,lawson,Liam Lawson,AlphaTauri,18,1:26.635,,,Base Oficial Ergast Motor Racing Database / FIA Qualifying Classification
2023,17,kevin_magnussen,Kevin Magnussen,Haas F1 Team,19,1:27.046,,,Base Oficial Ergast Motor Racing Database / FIA Qualifying Classification
2023,17,zhou,Guanyu Zhou,Alfa Romeo,20,1:27.432,,,Base Oficial Ergast Motor Racing Database / FIA Qualifying Classification
2023,18,leclerc,Charles Leclerc,Ferrari,1,1:36.061,1:35.004,1:34.723,Base Oficial Ergast Motor Racing Database / FIA Qualifying Classification
2023,18,norris,Lando Norris,McLaren,2,1:35.110,1:35.441,1:34.853,Base Oficial Ergast Motor Racing Database / FIA Qualifying Classification
2023,18,hamilton,Lewis Hamilton,Mercedes,3,1:35.091,1:35.240,1:34.862,Base Oficial Ergast Motor Racing Database / FIA Qualifying Classification
2023,18,sainz,Carlos Sainz,Ferrari,4,1:35.824,1:35.302,1:34.945,Base Oficial Ergast Motor Racing Database / FIA Qualifying Classification
2023,18,russell,George Russell,Mercedes,5,1:36.165,1:35.606,1:35.079,Base Oficial Ergast Motor Racing Database / FIA Qualifying Classification
2023,18,max_verstappen,Max Verstappen,Red Bull,6,1:35.346,1:35.008,1:35.081,Base Oficial Ergast Motor Racing Database / FIA Qualifying Classification
2023,18,gasly,Pierre Gasly,Alpine F1 Team,7,1:36.158,1:35.496,1:35.089,Base Oficial Ergast Motor Racing Database / FIA Qualifying Classification
2023,18,ocon,Esteban Ocon,Alpine F1 Team,8,1:36.131,1:35.413,1:35.154,Base Oficial Ergast Motor Racing Database / FIA Qualifying Classification
2023,18,perez,Sergio Perez,Red Bull,9,1:35.989,1:35.679,1:35.173,Base Oficial Ergast Motor Racing Database / FIA Qualifying Classification
2023,18,piastri,Oscar Piastri,McLaren,10,1:36.064,1:35.576,1:35.467,Base Oficial Ergast Motor Racing Database / FIA Qualifying Classification
2023,18,tsunoda,Yuki Tsunoda,AlphaTauri,11,1:35.913,1:35.697,,Base Oficial Ergast Motor Racing Database / FIA Qualifying Classification
2023,18,zhou,Guanyu Zhou,Alfa Romeo,12,1:36.052,1:35.698,,Base Oficial Ergast Motor Racing Database / FIA Qualifying Classification
2023,18,bottas,Valtteri Bottas,Alfa Romeo,13,1:36.082,1:35.858,,Base Oficial Ergast Motor Racing Database / FIA Qualifying Classification
2023,18,kevin_magnussen,Kevin Magnussen,Haas F1 Team,14,1:36.009,1:35.880,,Base Oficial Ergast Motor Racing Database / FIA Qualifying Classification
2023,18,ricciardo,Daniel Ricciardo,AlphaTauri,15,1:36.213,1:35.974,,Base Oficial Ergast Motor Racing Database / FIA Qualifying Classification
2023,18,hulkenberg,Nico Hulkenberg,Haas F1 Team,16,1:36.235,,,Base Oficial Ergast Motor Racing Database / FIA Qualifying Classification
2023,18,alonso,Fernando Alonso,Aston Martin,17,1:36.268,,,Base Oficial Ergast Motor Racing Database / FIA Qualifying Classification
2023,18,albon,Alexander Albon,Williams,18,1:36.315,,,Base Oficial Ergast Motor Racing Database / FIA Qualifying Classification
2023,18,stroll,Lance Stroll,Aston Martin,19,1:36.589,,,Base Oficial Ergast Motor Racing Database / FIA Qualifying Classification
2023,18,sargeant,Logan Sargeant,Williams,20,1:36.827,,,Base Oficial Ergast Motor Racing Database / FIA Qualifying Classification
2023,19,leclerc,Charles Leclerc,Ferrari,1,1:18.401,1:17.901,1:17.166,Base Oficial Ergast Motor Racing Database / FIA Qualifying Classification
2023,19,sainz,Carlos Sainz,Ferrari,2,1:18.755,1:18.382,1:17.233,Base Oficial Ergast Motor Racing Database / FIA Qualifying Classification
2023,19,max_verstappen,Max Verstappen,Red Bull,3,1:18.099,1:17.625,1:17.263,Base Oficial Ergast Motor Racing Database / FIA Qualifying Classification
2023,19,ricciardo,Daniel Ricciardo,AlphaTauri,4,1:18.341,1:17.706,1:17.382,Base Oficial Ergast Motor Racing Database / FIA Qualifying Classification
2023,19,perez,Sergio Perez,Red Bull,5,1:18.553,1:18.124,1:17.423,Base Oficial Ergast Motor Racing Database / FIA Qualifying Classification
2023,19,hamilton,Lewis Hamilton,Mercedes,6,1:18.677,1:17.571,1:17.454,Base Oficial Ergast Motor Racing Database / FIA Qualifying Classification
2023,19,piastri,Oscar Piastri,McLaren,7,1:18.241,1:17.874,1:17.623,Base Oficial Ergast Motor Racing Database / FIA Qualifying Classification
2023,19,russell,George Russell,Mercedes,8,1:18.893,1:17.673,1:17.674,Base Oficial Ergast Motor Racing Database / FIA Qualifying Classification
2023,19,bottas,Valtteri Bottas,Alfa Romeo,9,1:18.429,1:18.016,1:18.032,Base Oficial Ergast Motor Racing Database / FIA Qualifying Classification
2023,19,zhou,Guanyu Zhou,Alfa Romeo,10,1:19.016,1:18.440,1:18.050,Base Oficial Ergast Motor Racing Database / FIA Qualifying Classification
2023,19,gasly,Pierre Gasly,Alpine F1 Team,11,1:18.945,1:18.521,,Base Oficial Ergast Motor Racing Database / FIA Qualifying Classification
2023,19,hulkenberg,Nico Hulkenberg,Haas F1 Team,12,1:18.969,1:18.524,,Base Oficial Ergast Motor Racing Database / FIA Qualifying Classification
2023,19,alonso,Fernando Alonso,Aston Martin,13,1:18.848,1:18.738,,Base Oficial Ergast Motor Racing Database / FIA Qualifying Classification
2023,19,albon,Alexander Albon,Williams,14,1:18.828,1:19.147,,Base Oficial Ergast Motor Racing Database / FIA Qualifying Classification
2023,19,tsunoda,Yuki Tsunoda,AlphaTauri,15,1:18.890,,,Base Oficial Ergast Motor Racing Database / FIA Qualifying Classification
2023,19,ocon,Esteban Ocon,Alpine F1 Team,16,1:19.080,,,Base Oficial Ergast Motor Racing Database / FIA Qualifying Classification
2023,19,kevin_magnussen,Kevin Magnussen,Haas F1 Team,17,1:19.163,,,Base Oficial Ergast Motor Racing Database / FIA Qualifying Classification
2023,19,stroll,Lance Stroll,Aston Martin,18,1:19.227,,,Base Oficial Ergast Motor Racing Database / FIA Qualifying Classification
2023,19,norris,Lando Norris,McLaren,19,1:21.554,,,Base Oficial Ergast Motor Racing Database / FIA Qualifying Classification
2023,19,sargeant,Logan Sargeant,Williams,20,,,,Base Oficial Ergast Motor Racing Database / FIA Qualifying Classification
2023,20,max_verstappen,Max Verstappen,Red Bull,1,1:10.436,1:10.162,1:10.727,Base Oficial Ergast Motor Racing Database / FIA Qualifying Classification
2023,20,leclerc,Charles Leclerc,Ferrari,2,1:10.472,1:10.303,1:11.021,Base Oficial Ergast Motor Racing Database / FIA Qualifying Classification
2023,20,stroll,Lance Stroll,Aston Martin,3,1:10.551,1:10.375,1:11.344,Base Oficial Ergast Motor Racing Database / FIA Qualifying Classification
2023,20,alonso,Fernando Alonso,Aston Martin,4,1:10.557,1:10.237,1:11.387,Base Oficial Ergast Motor Racing Database / FIA Qualifying Classification
2023,20,hamilton,Lewis Hamilton,Mercedes,5,1:10.604,1:10.266,1:11.469,Base Oficial Ergast Motor Racing Database / FIA Qualifying Classification
2023,20,russell,George Russell,Mercedes,6,1:10.340,1:10.316,1:11.590,Base Oficial Ergast Motor Racing Database / FIA Qualifying Classification
2023,20,norris,Lando Norris,McLaren,7,1:10.623,1:10.021,1:11.987,Base Oficial Ergast Motor Racing Database / FIA Qualifying Classification
2023,20,sainz,Carlos Sainz,Ferrari,8,1:10.624,1:10.254,1:11.989,Base Oficial Ergast Motor Racing Database / FIA Qualifying Classification
2023,20,perez,Sergio Perez,Red Bull,9,1:10.668,1:10.219,1:12.321,Base Oficial Ergast Motor Racing Database / FIA Qualifying Classification
2023,20,piastri,Oscar Piastri,McLaren,10,1:10.519,1:10.330,,Base Oficial Ergast Motor Racing Database / FIA Qualifying Classification
2023,20,hulkenberg,Nico Hulkenberg,Haas F1 Team,11,1:10.475,1:10.547,,Base Oficial Ergast Motor Racing Database / FIA Qualifying Classification
2023,20,ocon,Esteban Ocon,Alpine F1 Team,12,1:10.763,1:10.562,,Base Oficial Ergast Motor Racing Database / FIA Qualifying Classification
2023,20,gasly,Pierre Gasly,Alpine F1 Team,13,1:10.793,1:10.567,,Base Oficial Ergast Motor Racing Database / FIA Qualifying Classification
2023,20,kevin_magnussen,Kevin Magnussen,Haas F1 Team,14,1:10.602,1:10.723,,Base Oficial Ergast Motor Racing Database / FIA Qualifying Classification
2023,20,albon,Alexander Albon,Williams,15,1:10.621,1:10.840,,Base Oficial Ergast Motor Racing Database / FIA Qualifying Classification
2023,20,tsunoda,Yuki Tsunoda,AlphaTauri,16,1:10.837,,,Base Oficial Ergast Motor Racing Database / FIA Qualifying Classification
2023,20,ricciardo,Daniel Ricciardo,AlphaTauri,17,1:10.843,,,Base Oficial Ergast Motor Racing Database / FIA Qualifying Classification
2023,20,bottas,Valtteri Bottas,Alfa Romeo,18,1:10.955,,,Base Oficial Ergast Motor Racing Database / FIA Qualifying Classification
2023,20,sargeant,Logan Sargeant,Williams,19,1:11.035,,,Base Oficial Ergast Motor Racing Database / FIA Qualifying Classification
2023,20,zhou,Guanyu Zhou,Alfa Romeo,20,1:11.275,,,Base Oficial Ergast Motor Racing Database / FIA Qualifying Classification
2023,21,leclerc,Charles Leclerc,Ferrari,1,1:33.617,1:32.775,1:32.726,Base Oficial Ergast Motor Racing Database / FIA Qualifying Classification
2023,21,sainz,Carlos Sainz,Ferrari,2,1:33.851,1:33.338,1:32.770,Base Oficial Ergast Motor Racing Database / FIA Qualifying Classification
2023,21,max_verstappen,Max Verstappen,Red Bull,3,1:34.190,1:33.572,1:33.104,Base Oficial Ergast Motor Racing Database / FIA Qualifying Classification
2023,21,russell,George Russell,Mercedes,4,1:34.137,1:33.351,1:33.112,Base Oficial Ergast Motor Racing Database / FIA Qualifying Classification
2023,21,gasly,Pierre Gasly,Alpine F1 Team,5,1:34.272,1:33.494,1:33.239,Base Oficial Ergast Motor Racing Database / FIA Qualifying Classification
2023,21,albon,Alexander Albon,Williams,6,1:34.634,1:33.588,1:33.323,Base Oficial Ergast Motor Racing Database / FIA Qualifying Classification
2023,21,sargeant,Logan Sargeant,Williams,7,1:34.525,1:33.733,1:33.513,Base Oficial Ergast Motor Racing Database / FIA Qualifying Classification
2023,21,bottas,Valtteri Bottas,Alfa Romeo,8,1:34.305,1:33.809,1:33.525,Base Oficial Ergast Motor Racing Database / FIA Qualifying Classification
2023,21,kevin_magnussen,Kevin Magnussen,Haas F1 Team,9,1:34.337,1:33.664,1:33.537,Base Oficial Ergast Motor Racing Database / FIA Qualifying Classification
2023,21,alonso,Fernando Alonso,Aston Martin,10,1:34.422,1:33.617,1:33.555,Base Oficial Ergast Motor Racing Database / FIA Qualifying Classification
2023,21,hamilton,Lewis Hamilton,Mercedes,11,1:34.307,1:33.837,,Base Oficial Ergast Motor Racing Database / FIA Qualifying Classification
2023,21,perez,Sergio Perez,Red Bull,12,1:34.574,1:33.855,,Base Oficial Ergast Motor Racing Database / FIA Qualifying Classification
2023,21,hulkenberg,Nico Hulkenberg,Haas F1 Team,13,1:34.265,1:33.979,,Base Oficial Ergast Motor Racing Database / FIA Qualifying Classification
2023,21,stroll,Lance Stroll,Aston Martin,14,1:34.504,1:34.199,,Base Oficial Ergast Motor Racing Database / FIA Qualifying Classification
2023,21,ricciardo,Daniel Ricciardo,AlphaTauri,15,1:34.683,1:34.308,,Base Oficial Ergast Motor Racing Database / FIA Qualifying Classification
2023,21,norris,Lando Norris,McLaren,16,1:34.703,,,Base Oficial Ergast Motor Racing Database / FIA Qualifying Classification
2023,21,ocon,Esteban Ocon,Alpine F1 Team,17,1:34.834,,,Base Oficial Ergast Motor Racing Database / FIA Qualifying Classification
2023,21,zhou,Guanyu Zhou,Alfa Romeo,18,1:34.849,,,Base Oficial Ergast Motor Racing Database / FIA Qualifying Classification
2023,21,piastri,Oscar Piastri,McLaren,19,1:34.850,,,Base Oficial Ergast Motor Racing Database / FIA Qualifying Classification
2023,21,tsunoda,Yuki Tsunoda,AlphaTauri,20,1:36.447,,,Base Oficial Ergast Motor Racing Database / FIA Qualifying Classification
2023,22,max_verstappen,Max Verstappen,Red Bull,1,1:24.160,1:23.740,1:23.445,Base Oficial Ergast Motor Racing Database / FIA Qualifying Classification
2023,22,leclerc,Charles Leclerc,Ferrari,2,1:24.459,1:23.969,1:23.584,Base Oficial Ergast Motor Racing Database / FIA Qualifying Classification
2023,22,piastri,Oscar Piastri,McLaren,3,1:24.487,1:24.278,1:23.782,Base Oficial Ergast Motor Racing Database / FIA Qualifying Classification
2023,22,russell,George Russell,Mercedes,4,1:24.337,1:24.013,1:23.788,Base Oficial Ergast Motor Racing Database / FIA Qualifying Classification
2023,22,norris,Lando Norris,McLaren,5,1:24.368,1:23.920,1:23.816,Base Oficial Ergast Motor Racing Database / FIA Qualifying Classification
2023,22,tsunoda,Yuki Tsunoda,AlphaTauri,6,1:24.286,1:24.207,1:23.968,Base Oficial Ergast Motor Racing Database / FIA Qualifying Classification
2023,22,alonso,Fernando Alonso,Aston Martin,7,1:24.501,1:24.131,1:24.084,Base Oficial Ergast Motor Racing Database / FIA Qualifying Classification
2023,22,hulkenberg,Nico Hulkenberg,Haas F1 Team,8,1:24.425,1:24.213,1:24.108,Base Oficial Ergast Motor Racing Database / FIA Qualifying Classification
2023,22,perez,Sergio Perez,Red Bull,9,1:24.209,1:24.116,1:24.171,Base Oficial Ergast Motor Racing Database / FIA Qualifying Classification
2023,22,gasly,Pierre Gasly,Alpine F1 Team,10,1:24.600,1:24.078,1:24.548,Base Oficial Ergast Motor Racing Database / FIA Qualifying Classification
2023,22,hamilton,Lewis Hamilton,Mercedes,11,1:24.437,1:24.359,,Base Oficial Ergast Motor Racing Database / FIA Qualifying Classification
2023,22,ocon,Esteban Ocon,Alpine F1 Team,12,1:24.565,1:24.391,,Base Oficial Ergast Motor Racing Database / FIA Qualifying Classification
2023,22,stroll,Lance Stroll,Aston Martin,13,1:24.405,1:24.422,,Base Oficial Ergast Motor Racing Database / FIA Qualifying Classification
2023,22,albon,Alexander Albon,Williams,14,1:24.298,1:24.439,,Base Oficial Ergast Motor Racing Database / FIA Qualifying Classification
2023,22,ricciardo,Daniel Ricciardo,AlphaTauri,15,1:24.461,1:24.442,,Base Oficial Ergast Motor Racing Database / FIA Qualifying Classification
2023,22,sainz,Carlos Sainz,Ferrari,16,1:24.738,,,Base Oficial Ergast Motor Racing Database / FIA Qualifying Classification
2023,22,kevin_magnussen,Kevin Magnussen,Haas F1 Team,17,1:24.764,,,Base Oficial Ergast Motor Racing Database / FIA Qualifying Classification
2023,22,bottas,Valtteri Bottas,Alfa Romeo,18,1:24.788,,,Base Oficial Ergast Motor Racing Database / FIA Qualifying Classification
2023,22,zhou,Guanyu Zhou,Alfa Romeo,19,1:25.159,,,Base Oficial Ergast Motor Racing Database / FIA Qualifying Classification
2023,22,sargeant,Logan Sargeant,Williams,20,,,,Base Oficial Ergast Motor Racing Database / FIA Qualifying Classification
2024,1,max_verstappen,Max Verstappen,Red Bull,1,1:30.031,1:29.374,1:29.179,Base Oficial Ergast Motor Racing Database / FIA Qualifying Classification
2024,1,leclerc,Charles Leclerc,Ferrari,2,1:30.243,1:29.165,1:29.407,Base Oficial Ergast Motor Racing Database / FIA Qualifying Classification
2024,1,russell,George Russell,Mercedes,3,1:30.350,1:29.922,1:29.485,Base Oficial Ergast Motor Racing Database / FIA Qualifying Classification
2024,1,sainz,Carlos Sainz,Ferrari,4,1:29.909,1:29.573,1:29.507,Base Oficial Ergast Motor Racing Database / FIA Qualifying Classification
2024,1,perez,Sergio Perez,Red Bull,5,1:30.221,1:29.932,1:29.537,Base Oficial Ergast Motor Racing Database / FIA Qualifying Classification
2024,1,alonso,Fernando Alonso,Aston Martin,6,1:30.179,1:29.801,1:29.542,Base Oficial Ergast Motor Racing Database / FIA Qualifying Classification
2024,1,norris,Lando Norris,McLaren,7,1:30.143,1:29.941,1:29.614,Base Oficial Ergast Motor Racing Database / FIA Qualifying Classification
2024,1,piastri,Oscar Piastri,McLaren,8,1:30.531,1:30.122,1:29.683,Base Oficial Ergast Motor Racing Database / FIA Qualifying Classification
2024,1,hamilton,Lewis Hamilton,Mercedes,9,1:30.451,1:29.718,1:29.710,Base Oficial Ergast Motor Racing Database / FIA Qualifying Classification
2024,1,hulkenberg,Nico Hulkenberg,Haas F1 Team,10,1:30.566,1:29.851,1:30.502,Base Oficial Ergast Motor Racing Database / FIA Qualifying Classification
2024,1,tsunoda,Yuki Tsunoda,RB F1 Team,11,1:30.481,1:30.129,,Base Oficial Ergast Motor Racing Database / FIA Qualifying Classification
2024,1,stroll,Lance Stroll,Aston Martin,12,1:29.965,1:30.200,,Base Oficial Ergast Motor Racing Database / FIA Qualifying Classification
2024,1,albon,Alexander Albon,Williams,13,1:30.397,1:30.221,,Base Oficial Ergast Motor Racing Database / FIA Qualifying Classification
2024,1,ricciardo,Daniel Ricciardo,RB F1 Team,14,1:30.562,1:30.278,,Base Oficial Ergast Motor Racing Database / FIA Qualifying Classification
2024,1,kevin_magnussen,Kevin Magnussen,Haas F1 Team,15,1:30.646,1:30.529,,Base Oficial Ergast Motor Racing Database / FIA Qualifying Classification
2024,1,bottas,Valtteri Bottas,Sauber,16,1:30.756,,,Base Oficial Ergast Motor Racing Database / FIA Qualifying Classification
2024,1,zhou,Guanyu Zhou,Sauber,17,1:30.757,,,Base Oficial Ergast Motor Racing Database / FIA Qualifying Classification
2024,1,sargeant,Logan Sargeant,Williams,18,1:30.770,,,Base Oficial Ergast Motor Racing Database / FIA Qualifying Classification
2024,1,ocon,Esteban Ocon,Alpine F1 Team,19,1:30.793,,,Base Oficial Ergast Motor Racing Database / FIA Qualifying Classification
2024,1,gasly,Pierre Gasly,Alpine F1 Team,20,1:30.948,,,Base Oficial Ergast Motor Racing Database / FIA Qualifying Classification
2024,2,max_verstappen,Max Verstappen,Red Bull,1,1:28.171,1:28.033,1:27.472,Base Oficial Ergast Motor Racing Database / FIA Qualifying Classification
2024,2,leclerc,Charles Leclerc,Ferrari,2,1:28.318,1:28.112,1:27.791,Base Oficial Ergast Motor Racing Database / FIA Qualifying Classification
2024,2,perez,Sergio Perez,Red Bull,3,1:28.638,1:28.467,1:27.807,Base Oficial Ergast Motor Racing Database / FIA Qualifying Classification
2024,2,alonso,Fernando Alonso,Aston Martin,4,1:28.706,1:28.122,1:27.846,Base Oficial Ergast Motor Racing Database / FIA Qualifying Classification
2024,2,piastri,Oscar Piastri,McLaren,5,1:28.755,1:28.343,1:28.089,Base Oficial Ergast Motor Racing Database / FIA Qualifying Classification
2024,2,norris,Lando Norris,McLaren,6,1:28.805,1:28.479,1:28.132,Base Oficial Ergast Motor Racing Database / FIA Qualifying Classification
2024,2,russell,George Russell,Mercedes,7,1:28.749,1:28.448,1:28.316,Base Oficial Ergast Motor Racing Database / FIA Qualifying Classification
2024,2,hamilton,Lewis Hamilton,Mercedes,8,1:28.994,1:28.606,1:28.460,Base Oficial Ergast Motor Racing Database / FIA Qualifying Classification
2024,2,tsunoda,Yuki Tsunoda,RB F1 Team,9,1:28.988,1:28.564,1:28.547,Base Oficial Ergast Motor Racing Database / FIA Qualifying Classification
2024,2,stroll,Lance Stroll,Aston Martin,10,1:28.250,1:28.578,1:28.572,Base Oficial Ergast Motor Racing Database / FIA Qualifying Classification
2024,2,bearman,Oliver Bearman,Ferrari,11,1:28.984,1:28.642,,Base Oficial Ergast Motor Racing Database / FIA Qualifying Classification
2024,2,albon,Alexander Albon,Williams,12,1:29.107,1:28.980,,Base Oficial Ergast Motor Racing Database / FIA Qualifying Classification
2024,2,kevin_magnussen,Kevin Magnussen,Haas F1 Team,13,1:29.069,1:29.020,,Base Oficial Ergast Motor Racing Database / FIA Qualifying Classification
2024,2,ricciardo,Daniel Ricciardo,RB F1 Team,14,1:29.065,1:29.025,,Base Oficial Ergast Motor Racing Database / FIA Qualifying Classification
2024,2,hulkenberg,Nico Hulkenberg,Haas F1 Team,15,1:29.055,,,Base Oficial Ergast Motor Racing Database / FIA Qualifying Classification
2024,2,bottas,Valtteri Bottas,Sauber,16,1:29.179,,,Base Oficial Ergast Motor Racing Database / FIA Qualifying Classification
2024,2,ocon,Esteban Ocon,Alpine F1 Team,17,1:29.475,,,Base Oficial Ergast Motor Racing Database / FIA Qualifying Classification
2024,2,gasly,Pierre Gasly,Alpine F1 Team,18,1:29.479,,,Base Oficial Ergast Motor Racing Database / FIA Qualifying Classification
2024,2,sargeant,Logan Sargeant,Williams,19,1:29.526,,,Base Oficial Ergast Motor Racing Database / FIA Qualifying Classification
2024,2,zhou,Guanyu Zhou,Sauber,20,,,,Base Oficial Ergast Motor Racing Database / FIA Qualifying Classification
2024,3,max_verstappen,Max Verstappen,Red Bull,1,1:16.819,1:16.387,1:15.915,Base Oficial Ergast Motor Racing Database / FIA Qualifying Classification
2024,3,sainz,Carlos Sainz,Ferrari,2,1:16.731,1:16.189,1:16.185,Base Oficial Ergast Motor Racing Database / FIA Qualifying Classification
2024,3,perez,Sergio Perez,Red Bull,3,1:16.805,1:16.631,1:16.274,Base Oficial Ergast Motor Racing Database / FIA Qualifying Classification
2024,3,norris,Lando Norris,McLaren,4,1:17.430,1:16.750,1:16.315,Base Oficial Ergast Motor Racing Database / FIA Qualifying Classification
2024,3,leclerc,Charles Leclerc,Ferrari,5,1:16.984,1:16.304,1:16.435,Base Oficial Ergast Motor Racing Database / FIA Qualifying Classification
2024,3,piastri,Oscar Piastri,McLaren,6,1:17.369,1:16.601,1:16.572,Base Oficial Ergast Motor Racing Database / FIA Qualifying Classification
2024,3,russell,George Russell,Mercedes,7,1:17.062,1:16.901,1:16.724,Base Oficial Ergast Motor Racing Database / FIA Qualifying Classification
2024,3,tsunoda,Yuki Tsunoda,RB F1 Team,8,1:17.356,1:16.791,1:16.788,Base Oficial Ergast Motor Racing Database / FIA Qualifying Classification
2024,3,stroll,Lance Stroll,Aston Martin,9,1:17.376,1:16.780,1:17.072,Base Oficial Ergast Motor Racing Database / FIA Qualifying Classification
2024,3,alonso,Fernando Alonso,Aston Martin,10,1:16.991,1:16.710,1:17.552,Base Oficial Ergast Motor Racing Database / FIA Qualifying Classification
2024,3,hamilton,Lewis Hamilton,Mercedes,11,1:17.499,1:16.960,,Base Oficial Ergast Motor Racing Database / FIA Qualifying Classification
2024,3,albon,Alexander Albon,Williams,12,1:17.130,1:17.167,,Base Oficial Ergast Motor Racing Database / FIA Qualifying Classification
2024,3,bottas,Valtteri Bottas,Sauber,13,1:17.543,1:17.340,,Base Oficial Ergast Motor Racing Database / FIA Qualifying Classification
2024,3,kevin_magnussen,Kevin Magnussen,Haas F1 Team,14,1:17.709,1:17.427,,Base Oficial Ergast Motor Racing Database / FIA Qualifying Classification
2024,3,ocon,Esteban Ocon,Alpine F1 Team,15,1:17.617,1:17.697,,Base Oficial Ergast Motor Racing Database / FIA Qualifying Classification
2024,3,hulkenberg,Nico Hulkenberg,Haas F1 Team,16,1:17.976,,,Base Oficial Ergast Motor Racing Database / FIA Qualifying Classification
2024,3,gasly,Pierre Gasly,Alpine F1 Team,17,1:17.982,,,Base Oficial Ergast Motor Racing Database / FIA Qualifying Classification
2024,3,ricciardo,Daniel Ricciardo,RB F1 Team,18,1:18.085,,,Base Oficial Ergast Motor Racing Database / FIA Qualifying Classification
2024,3,zhou,Guanyu Zhou,Sauber,19,1:18.188,,,Base Oficial Ergast Motor Racing Database / FIA Qualifying Classification
2024,4,max_verstappen,Max Verstappen,Red Bull,1,1:28.866,1:28.740,1:28.197,Base Oficial Ergast Motor Racing Database / FIA Qualifying Classification
2024,4,perez,Sergio Perez,Red Bull,2,1:29.303,1:28.752,1:28.263,Base Oficial Ergast Motor Racing Database / FIA Qualifying Classification
2024,4,norris,Lando Norris,McLaren,3,1:29.536,1:28.940,1:28.489,Base Oficial Ergast Motor Racing Database / FIA Qualifying Classification
2024,4,sainz,Carlos Sainz,Ferrari,4,1:29.513,1:29.099,1:28.682,Base Oficial Ergast Motor Racing Database / FIA Qualifying Classification
2024,4,alonso,Fernando Alonso,Aston Martin,5,1:29.254,1:29.082,1:28.686,Base Oficial Ergast Motor Racing Database / FIA Qualifying Classification
2024,4,piastri,Oscar Piastri,McLaren,6,1:29.425,1:29.148,1:28.760,Base Oficial Ergast Motor Racing Database / FIA Qualifying Classification
2024,4,hamilton,Lewis Hamilton,Mercedes,7,1:29.661,1:28.887,1:28.766,Base Oficial Ergast Motor Racing Database / FIA Qualifying Classification
2024,4,leclerc,Charles Leclerc,Ferrari,8,1:29.338,1:29.196,1:28.786,Base Oficial Ergast Motor Racing Database / FIA Qualifying Classification
2024,4,russell,George Russell,Mercedes,9,1:29.799,1:29.140,1:29.008,Base Oficial Ergast Motor Racing Database / FIA Qualifying Classification
2024,4,tsunoda,Yuki Tsunoda,RB F1 Team,10,1:29.775,1:29.417,1:29.413,Base Oficial Ergast Motor Racing Database / FIA Qualifying Classification
2024,4,ricciardo,Daniel Ricciardo,RB F1 Team,11,1:29.727,1:29.472,,Base Oficial Ergast Motor Racing Database / FIA Qualifying Classification
2024,4,hulkenberg,Nico Hulkenberg,Haas F1 Team,12,1:29.821,1:29.494,,Base Oficial Ergast Motor Racing Database / FIA Qualifying Classification
2024,4,bottas,Valtteri Bottas,Sauber,13,1:29.602,1:29.593,,Base Oficial Ergast Motor Racing Database / FIA Qualifying Classification
2024,4,albon,Alexander Albon,Williams,14,1:29.963,1:29.714,,Base Oficial Ergast Motor Racing Database / FIA Qualifying Classification
2024,4,ocon,Esteban Ocon,Alpine F1 Team,15,1:29.811,1:29.816,,Base Oficial Ergast Motor Racing Database / FIA Qualifying Classification
2024,4,stroll,Lance Stroll,Aston Martin,16,1:30.024,,,Base Oficial Ergast Motor Racing Database / FIA Qualifying Classification
2024,4,gasly,Pierre Gasly,Alpine F1 Team,17,1:30.119,,,Base Oficial Ergast Motor Racing Database / FIA Qualifying Classification
2024,4,kevin_magnussen,Kevin Magnussen,Haas F1 Team,18,1:30.131,,,Base Oficial Ergast Motor Racing Database / FIA Qualifying Classification
2024,4,sargeant,Logan Sargeant,Williams,19,1:30.139,,,Base Oficial Ergast Motor Racing Database / FIA Qualifying Classification
2024,4,zhou,Guanyu Zhou,Sauber,20,1:30.143,,,Base Oficial Ergast Motor Racing Database / FIA Qualifying Classification
2024,5,max_verstappen,Max Verstappen,Red Bull,1,1:34.742,1:33.794,1:33.660,Base Oficial Ergast Motor Racing Database / FIA Qualifying Classification
2024,5,perez,Sergio Perez,Red Bull,2,1:35.457,1:34.026,1:33.982,Base Oficial Ergast Motor Racing Database / FIA Qualifying Classification
2024,5,alonso,Fernando Alonso,Aston Martin,3,1:35.116,1:34.652,1:34.148,Base Oficial Ergast Motor Racing Database / FIA Qualifying Classification
2024,5,norris,Lando Norris,McLaren,4,1:34.842,1:34.460,1:34.165,Base Oficial Ergast Motor Racing Database / FIA Qualifying Classification
2024,5,piastri,Oscar Piastri,McLaren,5,1:35.014,1:34.659,1:34.273,Base Oficial Ergast Motor Racing Database / FIA Qualifying Classification
2024,5,leclerc,Charles Leclerc,Ferrari,6,1:34.797,1:34.399,1:34.289,Base Oficial Ergast Motor Racing Database / FIA Qualifying Classification
2024,5,sainz,Carlos Sainz,Ferrari,7,1:34.970,1:34.368,1:34.297,Base Oficial Ergast Motor Racing Database / FIA Qualifying Classification
2024,5,russell,George Russell,Mercedes,8,1:35.084,1:34.609,1:34.433,Base Oficial Ergast Motor Racing Database / FIA Qualifying Classification
2024,5,hulkenberg,Nico Hulkenberg,Haas F1 Team,9,1:35.068,1:34.667,1:34.604,Base Oficial Ergast Motor Racing Database / FIA Qualifying Classification
2024,5,bottas,Valtteri Bottas,Sauber,10,1:35.169,1:34.769,1:34.665,Base Oficial Ergast Motor Racing Database / FIA Qualifying Classification
2024,5,stroll,Lance Stroll,Aston Martin,11,1:35.334,1:34.838,,Base Oficial Ergast Motor Racing Database / FIA Qualifying Classification
2024,5,ricciardo,Daniel Ricciardo,RB F1 Team,12,1:35.443,1:34.934,,Base Oficial Ergast Motor Racing Database / FIA Qualifying Classification
2024,5,ocon,Esteban Ocon,Alpine F1 Team,13,1:35.356,1:35.223,,Base Oficial Ergast Motor Racing Database / FIA Qualifying Classification
2024,5,albon,Alexander Albon,Williams,14,1:35.384,1:35.241,,Base Oficial Ergast Motor Racing Database / FIA Qualifying Classification
2024,5,gasly,Pierre Gasly,Alpine F1 Team,15,1:35.287,1:35.463,,Base Oficial Ergast Motor Racing Database / FIA Qualifying Classification
2024,5,zhou,Guanyu Zhou,Sauber,16,1:35.505,,,Base Oficial Ergast Motor Racing Database / FIA Qualifying Classification
2024,5,kevin_magnussen,Kevin Magnussen,Haas F1 Team,17,1:35.516,,,Base Oficial Ergast Motor Racing Database / FIA Qualifying Classification
2024,5,hamilton,Lewis Hamilton,Mercedes,18,1:35.573,,,Base Oficial Ergast Motor Racing Database / FIA Qualifying Classification
2024,5,tsunoda,Yuki Tsunoda,RB F1 Team,19,1:35.746,,,Base Oficial Ergast Motor Racing Database / FIA Qualifying Classification
2024,5,sargeant,Logan Sargeant,Williams,20,1:36.358,,,Base Oficial Ergast Motor Racing Database / FIA Qualifying Classification
2024,6,max_verstappen,Max Verstappen,Red Bull,1,1:27.689,1:27.566,1:27.241,Base Oficial Ergast Motor Racing Database / FIA Qualifying Classification
2024,6,leclerc,Charles Leclerc,Ferrari,2,1:28.081,1:27.533,1:27.382,Base Oficial Ergast Motor Racing Database / FIA Qualifying Classification
2024,6,sainz,Carlos Sainz,Ferrari,3,1:27.937,1:27.941,1:27.455,Base Oficial Ergast Motor Racing Database / FIA Qualifying Classification
2024,6,perez,Sergio Perez,Red Bull,4,1:27.772,1:27.839,1:27.460,Base Oficial Ergast Motor Racing Database / FIA Qualifying Classification
2024,6,norris,Lando Norris,McLaren,5,1:27.913,1:27.871,1:27.594,Base Oficial Ergast Motor Racing Database / FIA Qualifying Classification
2024,6,piastri,Oscar Piastri,McLaren,6,1:28.032,1:27.721,1:27.675,Base Oficial Ergast Motor Racing Database / FIA Qualifying Classification
2024,6,russell,George Russell,Mercedes,7,1:28.159,1:28.095,1:28.067,Base Oficial Ergast Motor Racing Database / FIA Qualifying Classification
2024,6,hamilton,Lewis Hamilton,Mercedes,8,1:28.167,1:27.697,1:28.107,Base Oficial Ergast Motor Racing Database / FIA Qualifying Classification
2024,6,hulkenberg,Nico Hulkenberg,Haas F1 Team,9,1:28.383,1:28.200,1:28.146,Base Oficial Ergast Motor Racing Database / FIA Qualifying Classification
2024,6,tsunoda,Yuki Tsunoda,RB F1 Team,10,1:28.324,1:28.167,1:28.192,Base Oficial Ergast Motor Racing Database / FIA Qualifying Classification
2024,6,stroll,Lance Stroll,Aston Martin,11,1:28.177,1:28.222,,Base Oficial Ergast Motor Racing Database / FIA Qualifying Classification
2024,6,gasly,Pierre Gasly,Alpine F1 Team,12,1:27.976,1:28.324,,Base Oficial Ergast Motor Racing Database / FIA Qualifying Classification
2024,6,ocon,Esteban Ocon,Alpine F1 Team,13,1:28.209,1:28.371,,Base Oficial Ergast Motor Racing Database / FIA Qualifying Classification
2024,6,albon,Alexander Albon,Williams,14,1:28.343,1:28.413,,Base Oficial Ergast Motor Racing Database / FIA Qualifying Classification
2024,6,alonso,Fernando Alonso,Aston Martin,15,1:28.453,1:28.427,,Base Oficial Ergast Motor Racing Database / FIA Qualifying Classification
2024,6,bottas,Valtteri Bottas,Sauber,16,1:28.463,,,Base Oficial Ergast Motor Racing Database / FIA Qualifying Classification
2024,6,sargeant,Logan Sargeant,Williams,17,1:28.487,,,Base Oficial Ergast Motor Racing Database / FIA Qualifying Classification
2024,6,ricciardo,Daniel Ricciardo,RB F1 Team,18,1:28.617,,,Base Oficial Ergast Motor Racing Database / FIA Qualifying Classification
2024,6,kevin_magnussen,Kevin Magnussen,Haas F1 Team,19,1:28.619,,,Base Oficial Ergast Motor Racing Database / FIA Qualifying Classification
2024,6,zhou,Guanyu Zhou,Sauber,20,1:28.824,,,Base Oficial Ergast Motor Racing Database / FIA Qualifying Classification
2024,7,max_verstappen,Max Verstappen,Red Bull,1,1:15.762,1:15.176,1:14.746,Base Oficial Ergast Motor Racing Database / FIA Qualifying Classification
2024,7,piastri,Oscar Piastri,McLaren,2,1:15.940,1:15.407,1:14.820,Base Oficial Ergast Motor Racing Database / FIA Qualifying Classification
2024,7,norris,Lando Norris,McLaren,3,1:15.915,1:15.371,1:14.837,Base Oficial Ergast Motor Racing Database / FIA Qualifying Classification
2024,7,leclerc,Charles Leclerc,Ferrari,4,1:15.823,1:15.328,1:14.970,Base Oficial Ergast Motor Racing Database / FIA Qualifying Classification
2024,7,sainz,Carlos Sainz,Ferrari,5,1:16.015,1:15.512,1:15.233,Base Oficial Ergast Motor Racing Database / FIA Qualifying Classification
2024,7,russell,George Russell,Mercedes,6,1:16.107,1:15.671,1:15.234,Base Oficial Ergast Motor Racing Database / FIA Qualifying Classification
2024,7,tsunoda,Yuki Tsunoda,RB F1 Team,7,1:15.894,1:15.358,1:15.465,Base Oficial Ergast Motor Racing Database / FIA Qualifying Classification
2024,7,hamilton,Lewis Hamilton,Mercedes,8,1:16.604,1:15.677,1:15.504,Base Oficial Ergast Motor Racing Database / FIA Qualifying Classification
2024,7,ricciardo,Daniel Ricciardo,RB F1 Team,9,1:16.060,1:15.691,1:15.674,Base Oficial Ergast Motor Racing Database / FIA Qualifying Classification
2024,7,hulkenberg,Nico Hulkenberg,Haas F1 Team,10,1:15.841,1:15.569,1:15.980,Base Oficial Ergast Motor Racing Database / FIA Qualifying Classification
2024,7,perez,Sergio Perez,Red Bull,11,1:16.404,1:15.706,,Base Oficial Ergast Motor Racing Database / FIA Qualifying Classification
2024,7,ocon,Esteban Ocon,Alpine F1 Team,12,1:16.361,1:15.906,,Base Oficial Ergast Motor Racing Database / FIA Qualifying Classification
2024,7,stroll,Lance Stroll,Aston Martin,13,1:16.458,1:15.992,,Base Oficial Ergast Motor Racing Database / FIA Qualifying Classification
2024,7,albon,Alexander Albon,Williams,14,1:16.524,1:16.200,,Base Oficial Ergast Motor Racing Database / FIA Qualifying Classification
2024,7,gasly,Pierre Gasly,Alpine F1 Team,15,1:16.015,1:16.381,,Base Oficial Ergast Motor Racing Database / FIA Qualifying Classification
2024,7,bottas,Valtteri Bottas,Sauber,16,1:16.626,,,Base Oficial Ergast Motor Racing Database / FIA Qualifying Classification
2024,7,zhou,Guanyu Zhou,Sauber,17,1:16.834,,,Base Oficial Ergast Motor Racing Database / FIA Qualifying Classification
2024,7,kevin_magnussen,Kevin Magnussen,Haas F1 Team,18,1:16.854,,,Base Oficial Ergast Motor Racing Database / FIA Qualifying Classification
2024,7,alonso,Fernando Alonso,Aston Martin,19,1:16.917,,,Base Oficial Ergast Motor Racing Database / FIA Qualifying Classification
2024,7,sargeant,Logan Sargeant,Williams,20,,,,Base Oficial Ergast Motor Racing Database / FIA Qualifying Classification
2024,8,leclerc,Charles Leclerc,Ferrari,1,1:11.584,1:10.825,1:10.270,Base Oficial Ergast Motor Racing Database / FIA Qualifying Classification
2024,8,piastri,Oscar Piastri,McLaren,2,1:11.500,1:10.756,1:10.424,Base Oficial Ergast Motor Racing Database / FIA Qualifying Classification
2024,8,sainz,Carlos Sainz,Ferrari,3,1:11.543,1:11.075,1:10.518,Base Oficial Ergast Motor Racing Database / FIA Qualifying Classification
2024,8,norris,Lando Norris,McLaren,4,1:11.760,1:10.732,1:10.542,Base Oficial Ergast Motor Racing Database / FIA Qualifying Classification
2024,8,russell,George Russell,Mercedes,5,1:11.492,1:10.929,1:10.543,Base Oficial Ergast Motor Racing Database / FIA Qualifying Classification
2024,8,max_verstappen,Max Verstappen,Red Bull,6,1:11.711,1:10.745,1:10.567,Base Oficial Ergast Motor Racing Database / FIA Qualifying Classification
2024,8,hamilton,Lewis Hamilton,Mercedes,7,1:11.528,1:11.056,1:10.621,Base Oficial Ergast Motor Racing Database / FIA Qualifying Classification
2024,8,tsunoda,Yuki Tsunoda,RB F1 Team,8,1:11.852,1:11.106,1:10.858,Base Oficial Ergast Motor Racing Database / FIA Qualifying Classification
2024,8,albon,Alexander Albon,Williams,9,1:11.623,1:11.216,1:10.948,Base Oficial Ergast Motor Racing Database / FIA Qualifying Classification
2024,8,gasly,Pierre Gasly,Alpine F1 Team,10,1:11.714,1:10.896,1:11.311,Base Oficial Ergast Motor Racing Database / FIA Qualifying Classification
2024,8,ocon,Esteban Ocon,Alpine F1 Team,11,1:11.887,1:11.285,,Base Oficial Ergast Motor Racing Database / FIA Qualifying Classification
2024,8,hulkenberg,Nico Hulkenberg,Haas F1 Team,12,1:11.876,1:11.440,,Base Oficial Ergast Motor Racing Database / FIA Qualifying Classification
2024,8,ricciardo,Daniel Ricciardo,RB F1 Team,13,1:11.785,1:11.482,,Base Oficial Ergast Motor Racing Database / FIA Qualifying Classification
2024,8,stroll,Lance Stroll,Aston Martin,14,1:11.728,1:11.563,,Base Oficial Ergast Motor Racing Database / FIA Qualifying Classification
2024,8,kevin_magnussen,Kevin Magnussen,Haas F1 Team,15,1:11.832,1:11.725,,Base Oficial Ergast Motor Racing Database / FIA Qualifying Classification
2024,8,alonso,Fernando Alonso,Aston Martin,16,1:12.019,,,Base Oficial Ergast Motor Racing Database / FIA Qualifying Classification
2024,8,sargeant,Logan Sargeant,Williams,17,1:12.020,,,Base Oficial Ergast Motor Racing Database / FIA Qualifying Classification
2024,8,perez,Sergio Perez,Red Bull,18,1:12.060,,,Base Oficial Ergast Motor Racing Database / FIA Qualifying Classification
2024,8,bottas,Valtteri Bottas,Sauber,19,1:12.512,,,Base Oficial Ergast Motor Racing Database / FIA Qualifying Classification
2024,8,zhou,Guanyu Zhou,Sauber,20,1:13.028,,,Base Oficial Ergast Motor Racing Database / FIA Qualifying Classification
2024,9,russell,George Russell,Mercedes,1,1:13.013,1:11.742,1:12.000,Base Oficial Ergast Motor Racing Database / FIA Qualifying Classification
2024,9,max_verstappen,Max Verstappen,Red Bull,2,1:12.360,1:12.549,1:12.000,Base Oficial Ergast Motor Racing Database / FIA Qualifying Classification
2024,9,norris,Lando Norris,McLaren,3,1:12.959,1:12.201,1:12.021,Base Oficial Ergast Motor Racing Database / FIA Qualifying Classification
2024,9,piastri,Oscar Piastri,McLaren,4,1:12.907,1:12.462,1:12.103,Base Oficial Ergast Motor Racing Database / FIA Qualifying Classification
2024,9,ricciardo,Daniel Ricciardo,RB F1 Team,5,1:13.240,1:12.572,1:12.178,Base Oficial Ergast Motor Racing Database / FIA Qualifying Classification
2024,9,alonso,Fernando Alonso,Aston Martin,6,1:13.117,1:12.635,1:12.228,Base Oficial Ergast Motor Racing Database / FIA Qualifying Classification
2024,9,hamilton,Lewis Hamilton,Mercedes,7,1:12.851,1:11.979,1:12.280,Base Oficial Ergast Motor Racing Database / FIA Qualifying Classification
2024,9,tsunoda,Yuki Tsunoda,RB F1 Team,8,1:12.748,1:12.303,1:12.414,Base Oficial Ergast Motor Racing Database / FIA Qualifying Classification
2024,9,stroll,Lance Stroll,Aston Martin,9,1:13.088,1:12.659,1:12.701,Base Oficial Ergast Motor Racing Database / FIA Qualifying Classification
2024,9,albon,Alexander Albon,Williams,10,1:12.896,1:12.485,1:12.796,Base Oficial Ergast Motor Racing Database / FIA Qualifying Classification
2024,9,leclerc,Charles Leclerc,Ferrari,11,1:13.107,1:12.691,,Base Oficial Ergast Motor Racing Database / FIA Qualifying Classification
2024,9,sainz,Carlos Sainz,Ferrari,12,1:13.038,1:12.728,,Base Oficial Ergast Motor Racing Database / FIA Qualifying Classification
2024,9,sargeant,Logan Sargeant,Williams,13,1:13.063,1:12.736,,Base Oficial Ergast Motor Racing Database / FIA Qualifying Classification
2024,9,kevin_magnussen,Kevin Magnussen,Haas F1 Team,14,1:13.217,1:12.916,,Base Oficial Ergast Motor Racing Database / FIA Qualifying Classification
2024,9,gasly,Pierre Gasly,Alpine F1 Team,15,1:13.289,1:12.940,,Base Oficial Ergast Motor Racing Database / FIA Qualifying Classification
2024,9,perez,Sergio Perez,Red Bull,16,1:13.326,,,Base Oficial Ergast Motor Racing Database / FIA Qualifying Classification
2024,9,bottas,Valtteri Bottas,Sauber,17,1:13.366,,,Base Oficial Ergast Motor Racing Database / FIA Qualifying Classification
2024,9,ocon,Esteban Ocon,Alpine F1 Team,18,1:13.435,,,Base Oficial Ergast Motor Racing Database / FIA Qualifying Classification
2024,9,hulkenberg,Nico Hulkenberg,Haas F1 Team,19,1:13.978,,,Base Oficial Ergast Motor Racing Database / FIA Qualifying Classification
2024,9,zhou,Guanyu Zhou,Sauber,20,1:14.292,,,Base Oficial Ergast Motor Racing Database / FIA Qualifying Classification
2024,10,norris,Lando Norris,McLaren,1,1:12.386,1:11.872,1:11.383,Base Oficial Ergast Motor Racing Database / FIA Qualifying Classification
2024,10,max_verstappen,Max Verstappen,Red Bull,2,1:12.306,1:11.653,1:11.403,Base Oficial Ergast Motor Racing Database / FIA Qualifying Classification
2024,10,hamilton,Lewis Hamilton,Mercedes,3,1:12.143,1:11.792,1:11.701,Base Oficial Ergast Motor Racing Database / FIA Qualifying Classification
2024,10,russell,George Russell,Mercedes,4,1:12.456,1:11.812,1:11.703,Base Oficial Ergast Motor Racing Database / FIA Qualifying Classification
2024,10,leclerc,Charles Leclerc,Ferrari,5,1:12.257,1:12.038,1:11.731,Base Oficial Ergast Motor Racing Database / FIA Qualifying Classification
2024,10,sainz,Carlos Sainz,Ferrari,6,1:12.403,1:11.874,1:11.736,Base Oficial Ergast Motor Racing Database / FIA Qualifying Classification
2024,10,gasly,Pierre Gasly,Alpine F1 Team,7,1:12.651,1:12.079,1:11.857,Base Oficial Ergast Motor Racing Database / FIA Qualifying Classification
2024,10,perez,Sergio Perez,Red Bull,8,1:12.477,1:12.054,1:12.061,Base Oficial Ergast Motor Racing Database / FIA Qualifying Classification
2024,10,ocon,Esteban Ocon,Alpine F1 Team,9,1:12.691,1:12.109,1:12.125,Base Oficial Ergast Motor Racing Database / FIA Qualifying Classification
2024,10,piastri,Oscar Piastri,McLaren,10,1:12.460,1:12.011,,Base Oficial Ergast Motor Racing Database / FIA Qualifying Classification
2024,10,alonso,Fernando Alonso,Aston Martin,11,1:12.505,1:12.128,,Base Oficial Ergast Motor Racing Database / FIA Qualifying Classification
2024,10,bottas,Valtteri Bottas,Sauber,12,1:12.758,1:12.227,,Base Oficial Ergast Motor Racing Database / FIA Qualifying Classification
2024,10,hulkenberg,Nico Hulkenberg,Haas F1 Team,13,1:12.708,1:12.310,,Base Oficial Ergast Motor Racing Database / FIA Qualifying Classification
2024,10,stroll,Lance Stroll,Aston Martin,14,1:12.881,1:12.372,,Base Oficial Ergast Motor Racing Database / FIA Qualifying Classification
2024,10,zhou,Guanyu Zhou,Sauber,15,1:12.880,1:12.738,,Base Oficial Ergast Motor Racing Database / FIA Qualifying Classification
2024,10,kevin_magnussen,Kevin Magnussen,Haas F1 Team,16,1:12.937,,,Base Oficial Ergast Motor Racing Database / FIA Qualifying Classification
2024,10,tsunoda,Yuki Tsunoda,RB F1 Team,17,1:12.985,,,Base Oficial Ergast Motor Racing Database / FIA Qualifying Classification
2024,10,ricciardo,Daniel Ricciardo,RB F1 Team,18,1:13.075,,,Base Oficial Ergast Motor Racing Database / FIA Qualifying Classification
2024,10,albon,Alexander Albon,Williams,19,1:13.153,,,Base Oficial Ergast Motor Racing Database / FIA Qualifying Classification
2024,10,sargeant,Logan Sargeant,Williams,20,1:13.509,,,Base Oficial Ergast Motor Racing Database / FIA Qualifying Classification
2024,11,max_verstappen,Max Verstappen,Red Bull,1,1:05.336,1:04.469,1:04.314,Base Oficial Ergast Motor Racing Database / FIA Qualifying Classification
2024,11,norris,Lando Norris,McLaren,2,1:05.450,1:05.103,1:04.718,Base Oficial Ergast Motor Racing Database / FIA Qualifying Classification
2024,11,russell,George Russell,Mercedes,3,1:05.585,1:05.016,1:04.840,Base Oficial Ergast Motor Racing Database / FIA Qualifying Classification
2024,11,sainz,Carlos Sainz,Ferrari,4,1:05.263,1:05.016,1:04.851,Base Oficial Ergast Motor Racing Database / FIA Qualifying Classification
2024,11,hamilton,Lewis Hamilton,Mercedes,5,1:05.541,1:05.053,1:04.903,Base Oficial Ergast Motor Racing Database / FIA Qualifying Classification
2024,11,leclerc,Charles Leclerc,Ferrari,6,1:05.509,1:05.104,1:05.044,Base Oficial Ergast Motor Racing Database / FIA Qualifying Classification
2024,11,piastri,Oscar Piastri,McLaren,7,1:05.311,1:05.070,1:05.048,Base Oficial Ergast Motor Racing Database / FIA Qualifying Classification
2024,11,perez,Sergio Perez,Red Bull,8,1:05.587,1:05.144,1:05.202,Base Oficial Ergast Motor Racing Database / FIA Qualifying Classification
2024,11,hulkenberg,Nico Hulkenberg,Haas F1 Team,9,1:05.596,1:05.262,1:05.385,Base Oficial Ergast Motor Racing Database / FIA Qualifying Classification
2024,11,ocon,Esteban Ocon,Alpine F1 Team,10,1:05.574,1:05.274,1:05.883,Base Oficial Ergast Motor Racing Database / FIA Qualifying Classification
2024,11,ricciardo,Daniel Ricciardo,RB F1 Team,11,1:05.569,1:05.289,,Base Oficial Ergast Motor Racing Database / FIA Qualifying Classification
2024,11,kevin_magnussen,Kevin Magnussen,Haas F1 Team,12,1:05.508,1:05.347,,Base Oficial Ergast Motor Racing Database / FIA Qualifying Classification
2024,11,gasly,Pierre Gasly,Alpine F1 Team,13,1:05.598,1:05.359,,Base Oficial Ergast Motor Racing Database / FIA Qualifying Classification
2024,11,tsunoda,Yuki Tsunoda,RB F1 Team,14,1:05.563,1:05.412,,Base Oficial Ergast Motor Racing Database / FIA Qualifying Classification
2024,11,alonso,Fernando Alonso,Aston Martin,15,1:05.656,1:05.639,,Base Oficial Ergast Motor Racing Database / FIA Qualifying Classification
2024,11,albon,Alexander Albon,Williams,16,1:05.736,,,Base Oficial Ergast Motor Racing Database / FIA Qualifying Classification
2024,11,stroll,Lance Stroll,Aston Martin,17,1:05.819,,,Base Oficial Ergast Motor Racing Database / FIA Qualifying Classification
2024,11,bottas,Valtteri Bottas,Sauber,18,1:05.847,,,Base Oficial Ergast Motor Racing Database / FIA Qualifying Classification
2024,11,sargeant,Logan Sargeant,Williams,19,1:05.856,,,Base Oficial Ergast Motor Racing Database / FIA Qualifying Classification
2024,11,zhou,Guanyu Zhou,Sauber,20,1:06.061,,,Base Oficial Ergast Motor Racing Database / FIA Qualifying Classification
2024,12,russell,George Russell,Mercedes,1,1:30.106,1:26.723,1:25.819,Base Oficial Ergast Motor Racing Database / FIA Qualifying Classification
2024,12,hamilton,Lewis Hamilton,Mercedes,2,1:29.547,1:26.770,1:25.990,Base Oficial Ergast Motor Racing Database / FIA Qualifying Classification
2024,12,norris,Lando Norris,McLaren,3,1:31.596,1:26.559,1:26.030,Base Oficial Ergast Motor Racing Database / FIA Qualifying Classification
2024,12,max_verstappen,Max Verstappen,Red Bull,4,1:31.342,1:26.796,1:26.203,Base Oficial Ergast Motor Racing Database / FIA Qualifying Classification
2024,12,piastri,Oscar Piastri,McLaren,5,1:30.895,1:26.733,1:26.237,Base Oficial Ergast Motor Racing Database / FIA Qualifying Classification
2024,12,hulkenberg,Nico Hulkenberg,Haas F1 Team,6,1:31.929,1:26.847,1:26.338,Base Oficial Ergast Motor Racing Database / FIA Qualifying Classification
2024,12,sainz,Carlos Sainz,Ferrari,7,1:30.557,1:26.843,1:26.509,Base Oficial Ergast Motor Racing Database / FIA Qualifying Classification
2024,12,stroll,Lance Stroll,Aston Martin,8,1:31.410,1:26.938,1:26.585,Base Oficial Ergast Motor Racing Database / FIA Qualifying Classification
2024,12,albon,Alexander Albon,Williams,9,1:31.135,1:26.933,1:26.640,Base Oficial Ergast Motor Racing Database / FIA Qualifying Classification
2024,12,alonso,Fernando Alonso,Aston Martin,10,1:31.264,1:26.730,1:26.917,Base Oficial Ergast Motor Racing Database / FIA Qualifying Classification
2024,12,leclerc,Charles Leclerc,Ferrari,11,1:30.496,1:27.097,,Base Oficial Ergast Motor Racing Database / FIA Qualifying Classification
2024,12,sargeant,Logan Sargeant,Williams,12,1:31.608,1:27.175,,Base Oficial Ergast Motor Racing Database / FIA Qualifying Classification
2024,12,tsunoda,Yuki Tsunoda,RB F1 Team,13,1:30.994,1:27.269,,Base Oficial Ergast Motor Racing Database / FIA Qualifying Classification
2024,12,zhou,Guanyu Zhou,Sauber,14,1:31.190,1:27.867,,Base Oficial Ergast Motor Racing Database / FIA Qualifying Classification
2024,12,ricciardo,Daniel Ricciardo,RB F1 Team,15,1:31.291,1:27.949,,Base Oficial Ergast Motor Racing Database / FIA Qualifying Classification
2024,12,bottas,Valtteri Bottas,Sauber,16,1:32.431,,,Base Oficial Ergast Motor Racing Database / FIA Qualifying Classification
2024,12,kevin_magnussen,Kevin Magnussen,Haas F1 Team,17,1:32.905,,,Base Oficial Ergast Motor Racing Database / FIA Qualifying Classification
2024,12,ocon,Esteban Ocon,Alpine F1 Team,18,1:34.557,,,Base Oficial Ergast Motor Racing Database / FIA Qualifying Classification
2024,12,perez,Sergio Perez,Red Bull,19,1:38.348,,,Base Oficial Ergast Motor Racing Database / FIA Qualifying Classification
2024,12,gasly,Pierre Gasly,Alpine F1 Team,20,1:39.804,,,Base Oficial Ergast Motor Racing Database / FIA Qualifying Classification
2024,13,norris,Lando Norris,McLaren,1,1:17.755,1:15.540,1:15.227,Base Oficial Ergast Motor Racing Database / FIA Qualifying Classification
2024,13,piastri,Oscar Piastri,McLaren,2,1:17.504,1:15.785,1:15.249,Base Oficial Ergast Motor Racing Database / FIA Qualifying Classification
2024,13,max_verstappen,Max Verstappen,Red Bull,3,1:17.087,1:15.770,1:15.273,Base Oficial Ergast Motor Racing Database / FIA Qualifying Classification
2024,13,sainz,Carlos Sainz,Ferrari,4,1:17.244,1:15.885,1:15.696,Base Oficial Ergast Motor Racing Database / FIA Qualifying Classification
2024,13,hamilton,Lewis Hamilton,Mercedes,5,1:17.087,1:16.307,1:15.854,Base Oficial Ergast Motor Racing Database / FIA Qualifying Classification
2024,13,leclerc,Charles Leclerc,Ferrari,6,1:17.437,1:15.891,1:15.905,Base Oficial Ergast Motor Racing Database / FIA Qualifying Classification
2024,13,alonso,Fernando Alonso,Aston Martin,7,1:17.624,1:16.117,1:16.043,Base Oficial Ergast Motor Racing Database / FIA Qualifying Classification
2024,13,stroll,Lance Stroll,Aston Martin,8,1:17.405,1:16.075,1:16.244,Base Oficial Ergast Motor Racing Database / FIA Qualifying Classification
2024,13,ricciardo,Daniel Ricciardo,RB F1 Team,9,1:17.050,1:16.202,1:16.447,Base Oficial Ergast Motor Racing Database / FIA Qualifying Classification
2024,13,tsunoda,Yuki Tsunoda,RB F1 Team,10,1:17.436,1:16.121,1:16.477,Base Oficial Ergast Motor Racing Database / FIA Qualifying Classification
2024,13,hulkenberg,Nico Hulkenberg,Haas F1 Team,11,1:17.362,1:16.317,,Base Oficial Ergast Motor Racing Database / FIA Qualifying Classification
2024,13,bottas,Valtteri Bottas,Sauber,12,1:17.487,1:16.384,,Base Oficial Ergast Motor Racing Database / FIA Qualifying Classification
2024,13,albon,Alexander Albon,Williams,13,1:17.280,1:16.429,,Base Oficial Ergast Motor Racing Database / FIA Qualifying Classification
2024,13,sargeant,Logan Sargeant,Williams,14,1:17.770,1:16.543,,Base Oficial Ergast Motor Racing Database / FIA Qualifying Classification
2024,13,kevin_magnussen,Kevin Magnussen,Haas F1 Team,15,1:17.851,1:16.548,,Base Oficial Ergast Motor Racing Database / FIA Qualifying Classification
2024,13,perez,Sergio Perez,Red Bull,16,1:17.886,,,Base Oficial Ergast Motor Racing Database / FIA Qualifying Classification
2024,13,russell,George Russell,Mercedes,17,1:17.968,,,Base Oficial Ergast Motor Racing Database / FIA Qualifying Classification
2024,13,zhou,Guanyu Zhou,Sauber,18,1:18.037,,,Base Oficial Ergast Motor Racing Database / FIA Qualifying Classification
2024,13,ocon,Esteban Ocon,Alpine F1 Team,19,1:18.049,,,Base Oficial Ergast Motor Racing Database / FIA Qualifying Classification
2024,13,gasly,Pierre Gasly,Alpine F1 Team,20,1:18.166,,,Base Oficial Ergast Motor Racing Database / FIA Qualifying Classification
2024,14,max_verstappen,Max Verstappen,Red Bull,1,1:54.938,1:53.837,1:53.159,Base Oficial Ergast Motor Racing Database / FIA Qualifying Classification
2024,14,leclerc,Charles Leclerc,Ferrari,2,1:55.349,1:54.193,1:53.754,Base Oficial Ergast Motor Racing Database / FIA Qualifying Classification
2024,14,perez,Sergio Perez,Red Bull,3,1:55.139,1:54.470,1:53.765,Base Oficial Ergast Motor Racing Database / FIA Qualifying Classification
2024,14,hamilton,Lewis Hamilton,Mercedes,4,1:55.692,1:54.037,1:53.835,Base Oficial Ergast Motor Racing Database / FIA Qualifying Classification
2024,14,norris,Lando Norris,McLaren,5,1:55.582,1:54.358,1:53.981,Base Oficial Ergast Motor Racing Database / FIA Qualifying Classification
2024,14,piastri,Oscar Piastri,McLaren,6,1:54.835,1:54.136,1:54.027,Base Oficial Ergast Motor Racing Database / FIA Qualifying Classification
2024,14,russell,George Russell,Mercedes,7,1:55.353,1:54.095,1:54.184,Base Oficial Ergast Motor Racing Database / FIA Qualifying Classification
2024,14,sainz,Carlos Sainz,Ferrari,8,1:55.169,1:54.112,1:54.477,Base Oficial Ergast Motor Racing Database / FIA Qualifying Classification
2024,14,alonso,Fernando Alonso,Aston Martin,9,1:55.489,1:54.258,1:54.765,Base Oficial Ergast Motor Racing Database / FIA Qualifying Classification
2024,14,ocon,Esteban Ocon,Alpine F1 Team,10,1:55.417,1:54.460,1:54.810,Base Oficial Ergast Motor Racing Database / FIA Qualifying Classification
2024,14,albon,Alexander Albon,Williams,11,1:55.722,1:54.473,,Base Oficial Ergast Motor Racing Database / FIA Qualifying Classification
2024,14,gasly,Pierre Gasly,Alpine F1 Team,12,1:54.911,1:54.635,,Base Oficial Ergast Motor Racing Database / FIA Qualifying Classification
2024,14,ricciardo,Daniel Ricciardo,RB F1 Team,13,1:55.451,1:54.682,,Base Oficial Ergast Motor Racing Database / FIA Qualifying Classification
2024,14,bottas,Valtteri Bottas,Sauber,14,1:55.531,1:54.764,,Base Oficial Ergast Motor Racing Database / FIA Qualifying Classification
2024,14,stroll,Lance Stroll,Aston Martin,15,1:56.072,1:55.716,,Base Oficial Ergast Motor Racing Database / FIA Qualifying Classification
2024,14,hulkenberg,Nico Hulkenberg,Haas F1 Team,16,1:56.308,,,Base Oficial Ergast Motor Racing Database / FIA Qualifying Classification
2024,14,kevin_magnussen,Kevin Magnussen,Haas F1 Team,17,1:56.500,,,Base Oficial Ergast Motor Racing Database / FIA Qualifying Classification
2024,14,tsunoda,Yuki Tsunoda,RB F1 Team,18,1:56.593,,,Base Oficial Ergast Motor Racing Database / FIA Qualifying Classification
2024,14,sargeant,Logan Sargeant,Williams,19,1:57.230,,,Base Oficial Ergast Motor Racing Database / FIA Qualifying Classification
2024,14,zhou,Guanyu Zhou,Sauber,20,1:57.775,,,Base Oficial Ergast Motor Racing Database / FIA Qualifying Classification
2024,15,norris,Lando Norris,McLaren,1,1:11.377,1:10.496,1:09.673,Base Oficial Ergast Motor Racing Database / FIA Qualifying Classification
2024,15,max_verstappen,Max Verstappen,Red Bull,2,1:11.393,1:10.811,1:10.029,Base Oficial Ergast Motor Racing Database / FIA Qualifying Classification
2024,15,piastri,Oscar Piastri,McLaren,3,1:11.541,1:10.505,1:10.172,Base Oficial Ergast Motor Racing Database / FIA Qualifying Classification
2024,15,russell,George Russell,Mercedes,4,1:11.049,1:10.552,1:10.244,Base Oficial Ergast Motor Racing Database / FIA Qualifying Classification
2024,15,perez,Sergio Perez,Red Bull,5,1:11.006,1:10.678,1:10.416,Base Oficial Ergast Motor Racing Database / FIA Qualifying Classification
2024,15,leclerc,Charles Leclerc,Ferrari,6,1:11.370,1:10.689,1:10.582,Base Oficial Ergast Motor Racing Database / FIA Qualifying Classification
2024,15,alonso,Fernando Alonso,Aston Martin,7,1:11.493,1:10.845,1:10.633,Base Oficial Ergast Motor Racing Database / FIA Qualifying Classification
2024,15,stroll,Lance Stroll,Aston Martin,8,1:11.518,1:10.661,1:10.857,Base Oficial Ergast Motor Racing Database / FIA Qualifying Classification
2024,15,gasly,Pierre Gasly,Alpine F1 Team,9,1:11.718,1:10.815,1:10.977,Base Oficial Ergast Motor Racing Database / FIA Qualifying Classification
2024,15,sainz,Carlos Sainz,Ferrari,10,1:11.327,1:10.914,,Base Oficial Ergast Motor Racing Database / FIA Qualifying Classification
2024,15,hamilton,Lewis Hamilton,Mercedes,11,1:11.375,1:10.948,,Base Oficial Ergast Motor Racing Database / FIA Qualifying Classification
2024,15,tsunoda,Yuki Tsunoda,RB F1 Team,12,1:11.603,1:10.955,,Base Oficial Ergast Motor Racing Database / FIA Qualifying Classification
2024,15,hulkenberg,Nico Hulkenberg,Haas F1 Team,13,1:11.832,1:11.215,,Base Oficial Ergast Motor Racing Database / FIA Qualifying Classification
2024,15,kevin_magnussen,Kevin Magnussen,Haas F1 Team,14,1:11.630,1:11.295,,Base Oficial Ergast Motor Racing Database / FIA Qualifying Classification
2024,15,ricciardo,Daniel Ricciardo,RB F1 Team,15,1:11.943,,,Base Oficial Ergast Motor Racing Database / FIA Qualifying Classification
2024,15,ocon,Esteban Ocon,Alpine F1 Team,16,1:11.995,,,Base Oficial Ergast Motor Racing Database / FIA Qualifying Classification
2024,15,bottas,Valtteri Bottas,Sauber,17,1:12.168,,,Base Oficial Ergast Motor Racing Database / FIA Qualifying Classification
2024,15,zhou,Guanyu Zhou,Sauber,18,1:13.261,,,Base Oficial Ergast Motor Racing Database / FIA Qualifying Classification
2024,15,albon,Alexander Albon,Williams,19,,,,Base Oficial Ergast Motor Racing Database / FIA Qualifying Classification
2024,15,sargeant,Logan Sargeant,Williams,20,,,,Base Oficial Ergast Motor Racing Database / FIA Qualifying Classification
2024,16,norris,Lando Norris,McLaren,1,1:19.911,1:19.727,1:19.327,Base Oficial Ergast Motor Racing Database / FIA Qualifying Classification
2024,16,piastri,Oscar Piastri,McLaren,2,1:20.076,1:19.808,1:19.436,Base Oficial Ergast Motor Racing Database / FIA Qualifying Classification
2024,16,russell,George Russell,Mercedes,3,1:20.169,1:19.877,1:19.440,Base Oficial Ergast Motor Racing Database / FIA Qualifying Classification
2024,16,leclerc,Charles Leclerc,Ferrari,4,1:20.074,1:20.007,1:19.461,Base Oficial Ergast Motor Racing Database / FIA Qualifying Classification
2024,16,sainz,Carlos Sainz,Ferrari,5,1:20.149,1:19.799,1:19.467,Base Oficial Ergast Motor Racing Database / FIA Qualifying Classification
2024,16,hamilton,Lewis Hamilton,Mercedes,6,1:20.477,1:19.641,1:19.513,Base Oficial Ergast Motor Racing Database / FIA Qualifying Classification
2024,16,max_verstappen,Max Verstappen,Red Bull,7,1:20.226,1:19.662,1:20.022,Base Oficial Ergast Motor Racing Database / FIA Qualifying Classification
2024,16,perez,Sergio Perez,Red Bull,8,1:20.598,1:20.216,1:20.062,Base Oficial Ergast Motor Racing Database / FIA Qualifying Classification
2024,16,albon,Alexander Albon,Williams,9,1:20.542,1:20.314,1:20.299,Base Oficial Ergast Motor Racing Database / FIA Qualifying Classification
2024,16,hulkenberg,Nico Hulkenberg,Haas F1 Team,10,1:20.781,1:20.411,1:20.339,Base Oficial Ergast Motor Racing Database / FIA Qualifying Classification
2024,16,alonso,Fernando Alonso,Aston Martin,11,1:20.617,1:20.421,,Base Oficial Ergast Motor Racing Database / FIA Qualifying Classification
2024,16,ricciardo,Daniel Ricciardo,RB F1 Team,12,1:20.901,1:20.479,,Base Oficial Ergast Motor Racing Database / FIA Qualifying Classification
2024,16,kevin_magnussen,Kevin Magnussen,Haas F1 Team,13,1:20.856,1:20.698,,Base Oficial Ergast Motor Racing Database / FIA Qualifying Classification
2024,16,gasly,Pierre Gasly,Alpine F1 Team,14,1:20.748,1:20.738,,Base Oficial Ergast Motor Racing Database / FIA Qualifying Classification
2024,16,ocon,Esteban Ocon,Alpine F1 Team,15,1:20.764,1:20.766,,Base Oficial Ergast Motor Racing Database / FIA Qualifying Classification
2024,16,tsunoda,Yuki Tsunoda,RB F1 Team,16,1:20.945,,,Base Oficial Ergast Motor Racing Database / FIA Qualifying Classification
2024,16,stroll,Lance Stroll,Aston Martin,17,1:21.013,,,Base Oficial Ergast Motor Racing Database / FIA Qualifying Classification
2024,16,colapinto,Franco Colapinto,Williams,18,1:21.061,,,Base Oficial Ergast Motor Racing Database / FIA Qualifying Classification
2024,16,bottas,Valtteri Bottas,Sauber,19,1:21.101,,,Base Oficial Ergast Motor Racing Database / FIA Qualifying Classification
2024,16,zhou,Guanyu Zhou,Sauber,20,1:21.445,,,Base Oficial Ergast Motor Racing Database / FIA Qualifying Classification
2024,17,leclerc,Charles Leclerc,Ferrari,1,1:42.775,1:42.056,1:41.365,Base Oficial Ergast Motor Racing Database / FIA Qualifying Classification
2024,17,piastri,Oscar Piastri,McLaren,2,1:43.033,1:42.598,1:41.686,Base Oficial Ergast Motor Racing Database / FIA Qualifying Classification
2024,17,sainz,Carlos Sainz,Ferrari,3,1:43.357,1:42.503,1:41.805,Base Oficial Ergast Motor Racing Database / FIA Qualifying Classification
2024,17,perez,Sergio Perez,Red Bull,4,1:43.213,1:42.263,1:41.813,Base Oficial Ergast Motor Racing Database / FIA Qualifying Classification
2024,17,russell,George Russell,Mercedes,5,1:43.139,1:42.329,1:41.874,Base Oficial Ergast Motor Racing Database / FIA Qualifying Classification
2024,17,max_verstappen,Max Verstappen,Red Bull,6,1:43.097,1:42.042,1:42.023,Base Oficial Ergast Motor Racing Database / FIA Qualifying Classification
2024,17,hamilton,Lewis Hamilton,Mercedes,7,1:43.089,1:42.765,1:42.289,Base Oficial Ergast Motor Racing Database / FIA Qualifying Classification
2024,17,alonso,Fernando Alonso,Aston Martin,8,1:43.472,1:42.426,1:42.369,Base Oficial Ergast Motor Racing Database / FIA Qualifying Classification
2024,17,colapinto,Franco Colapinto,Williams,9,1:43.138,1:42.473,1:42.530,Base Oficial Ergast Motor Racing Database / FIA Qualifying Classification
2024,17,albon,Alexander Albon,Williams,10,1:42.899,1:42.840,1:42.859,Base Oficial Ergast Motor Racing Database / FIA Qualifying Classification
2024,17,bearman,Oliver Bearman,Haas F1 Team,11,1:43.471,1:42.968,,Base Oficial Ergast Motor Racing Database / FIA Qualifying Classification
2024,17,tsunoda,Yuki Tsunoda,RB F1 Team,12,1:43.337,1:43.035,,Base Oficial Ergast Motor Racing Database / FIA Qualifying Classification
2024,17,hulkenberg,Nico Hulkenberg,Haas F1 Team,13,1:43.101,1:43.191,,Base Oficial Ergast Motor Racing Database / FIA Qualifying Classification
2024,17,stroll,Lance Stroll,Aston Martin,14,1:43.370,1:43.404,,Base Oficial Ergast Motor Racing Database / FIA Qualifying Classification
2024,17,ricciardo,Daniel Ricciardo,RB F1 Team,15,1:43.547,,,Base Oficial Ergast Motor Racing Database / FIA Qualifying Classification
2024,17,norris,Lando Norris,McLaren,16,1:43.609,,,Base Oficial Ergast Motor Racing Database / FIA Qualifying Classification
2024,17,bottas,Valtteri Bottas,Sauber,17,1:43.618,,,Base Oficial Ergast Motor Racing Database / FIA Qualifying Classification
2024,17,zhou,Guanyu Zhou,Sauber,18,1:44.246,,,Base Oficial Ergast Motor Racing Database / FIA Qualifying Classification
2024,17,ocon,Esteban Ocon,Alpine F1 Team,19,1:44.504,,,Base Oficial Ergast Motor Racing Database / FIA Qualifying Classification
2024,17,gasly,Pierre Gasly,Alpine F1 Team,20,1:43.088,1:43.179,,Base Oficial Ergast Motor Racing Database / FIA Qualifying Classification
2024,18,norris,Lando Norris,McLaren,1,1:30.002,1:30.007,1:29.525,Base Oficial Ergast Motor Racing Database / FIA Qualifying Classification
2024,18,max_verstappen,Max Verstappen,Red Bull,2,1:30.157,1:29.680,1:29.728,Base Oficial Ergast Motor Racing Database / FIA Qualifying Classification
2024,18,hamilton,Lewis Hamilton,Mercedes,3,1:30.393,1:29.929,1:29.841,Base Oficial Ergast Motor Racing Database / FIA Qualifying Classification
2024,18,russell,George Russell,Mercedes,4,1:30.811,1:30.153,1:29.867,Base Oficial Ergast Motor Racing Database / FIA Qualifying Classification
2024,18,piastri,Oscar Piastri,McLaren,5,1:30.258,1:29.640,1:29.953,Base Oficial Ergast Motor Racing Database / FIA Qualifying Classification
2024,18,hulkenberg,Nico Hulkenberg,Haas F1 Team,6,1:30.724,1:30.150,1:30.115,Base Oficial Ergast Motor Racing Database / FIA Qualifying Classification
2024,18,alonso,Fernando Alonso,Aston Martin,7,1:30.684,1:30.450,1:30.214,Base Oficial Ergast Motor Racing Database / FIA Qualifying Classification
2024,18,tsunoda,Yuki Tsunoda,RB F1 Team,8,1:30.710,1:30.289,1:30.354,Base Oficial Ergast Motor Racing Database / FIA Qualifying Classification
2024,18,leclerc,Charles Leclerc,Ferrari,9,1:30.786,1:29.747,,Base Oficial Ergast Motor Racing Database / FIA Qualifying Classification
2024,18,sainz,Carlos Sainz,Ferrari,10,1:30.670,1:30.108,,Base Oficial Ergast Motor Racing Database / FIA Qualifying Classification
2024,18,albon,Alexander Albon,Williams,11,1:30.679,1:30.474,,Base Oficial Ergast Motor Racing Database / FIA Qualifying Classification
2024,18,colapinto,Franco Colapinto,Williams,12,1:30.704,1:30.481,,Base Oficial Ergast Motor Racing Database / FIA Qualifying Classification
2024,18,perez,Sergio Perez,Red Bull,13,1:30.624,1:30.579,,Base Oficial Ergast Motor Racing Database / FIA Qualifying Classification
2024,18,kevin_magnussen,Kevin Magnussen,Haas F1 Team,14,1:30.829,1:30.653,,Base Oficial Ergast Motor Racing Database / FIA Qualifying Classification
2024,18,ocon,Esteban Ocon,Alpine F1 Team,15,1:30.958,1:30.769,,Base Oficial Ergast Motor Racing Database / FIA Qualifying Classification
2024,18,ricciardo,Daniel Ricciardo,RB F1 Team,16,1:31.085,,,Base Oficial Ergast Motor Racing Database / FIA Qualifying Classification
2024,18,stroll,Lance Stroll,Aston Martin,17,1:31.094,,,Base Oficial Ergast Motor Racing Database / FIA Qualifying Classification
2024,18,gasly,Pierre Gasly,Alpine F1 Team,18,1:31.312,,,Base Oficial Ergast Motor Racing Database / FIA Qualifying Classification
2024,18,bottas,Valtteri Bottas,Sauber,19,1:31.572,,,Base Oficial Ergast Motor Racing Database / FIA Qualifying Classification
2024,18,zhou,Guanyu Zhou,Sauber,20,1:32.054,,,Base Oficial Ergast Motor Racing Database / FIA Qualifying Classification
2024,19,norris,Lando Norris,McLaren,1,1:33.616,1:32.851,1:32.330,Base Oficial Ergast Motor Racing Database / FIA Qualifying Classification
2024,19,max_verstappen,Max Verstappen,Red Bull,2,1:33.046,1:32.584,1:32.361,Base Oficial Ergast Motor Racing Database / FIA Qualifying Classification
2024,19,sainz,Carlos Sainz,Ferrari,3,1:33.556,1:32.836,1:32.652,Base Oficial Ergast Motor Racing Database / FIA Qualifying Classification
2024,19,leclerc,Charles Leclerc,Ferrari,4,1:33.241,1:32.962,1:32.740,Base Oficial Ergast Motor Racing Database / FIA Qualifying Classification
2024,19,piastri,Oscar Piastri,McLaren,5,1:33.864,1:33.057,1:32.950,Base Oficial Ergast Motor Racing Database / FIA Qualifying Classification
2024,19,russell,George Russell,Mercedes,6,1:33.536,1:33.142,1:32.974,Base Oficial Ergast Motor Racing Database / FIA Qualifying Classification
2024,19,gasly,Pierre Gasly,Alpine F1 Team,7,1:33.550,1:33.162,1:33.018,Base Oficial Ergast Motor Racing Database / FIA Qualifying Classification
2024,19,alonso,Fernando Alonso,Aston Martin,8,1:33.973,1:33.429,1:33.309,Base Oficial Ergast Motor Racing Database / FIA Qualifying Classification
2024,19,kevin_magnussen,Kevin Magnussen,Haas F1 Team,9,1:33.564,1:33.474,1:33.481,Base Oficial Ergast Motor Racing Database / FIA Qualifying Classification
2024,19,perez,Sergio Perez,Red Bull,10,1:33.611,1:33.020,,Base Oficial Ergast Motor Racing Database / FIA Qualifying Classification
2024,19,tsunoda,Yuki Tsunoda,RB F1 Team,11,1:33.795,1:33.506,,Base Oficial Ergast Motor Racing Database / FIA Qualifying Classification
2024,19,hulkenberg,Nico Hulkenberg,Haas F1 Team,12,1:33.601,1:33.544,,Base Oficial Ergast Motor Racing Database / FIA Qualifying Classification
2024,19,ocon,Esteban Ocon,Alpine F1 Team,13,1:33.986,1:33.597,,Base Oficial Ergast Motor Racing Database / FIA Qualifying Classification
2024,19,stroll,Lance Stroll,Aston Martin,14,1:34.033,1:33.759,,Base Oficial Ergast Motor Racing Database / FIA Qualifying Classification
2024,19,lawson,Liam Lawson,RB F1 Team,15,1:33.339,,,Base Oficial Ergast Motor Racing Database / FIA Qualifying Classification
2024,19,albon,Alexander Albon,Williams,16,1:34.051,,,Base Oficial Ergast Motor Racing Database / FIA Qualifying Classification
2024,19,colapinto,Franco Colapinto,Williams,17,1:34.062,,,Base Oficial Ergast Motor Racing Database / FIA Qualifying Classification
2024,19,bottas,Valtteri Bottas,Sauber,18,1:34.152,,,Base Oficial Ergast Motor Racing Database / FIA Qualifying Classification
2024,19,hamilton,Lewis Hamilton,Mercedes,19,1:34.154,,,Base Oficial Ergast Motor Racing Database / FIA Qualifying Classification
2024,19,zhou,Guanyu Zhou,Sauber,20,1:34.228,,,Base Oficial Ergast Motor Racing Database / FIA Qualifying Classification
2024,20,sainz,Carlos Sainz,Ferrari,1,1:16.778,1:16.515,1:15.946,Base Oficial Ergast Motor Racing Database / FIA Qualifying Classification
2024,20,max_verstappen,Max Verstappen,Red Bull,2,1:16.803,1:16.514,1:16.171,Base Oficial Ergast Motor Racing Database / FIA Qualifying Classification
2024,20,norris,Lando Norris,McLaren,3,1:16.505,1:16.301,1:16.260,Base Oficial Ergast Motor Racing Database / FIA Qualifying Classification
2024,20,leclerc,Charles Leclerc,Ferrari,4,1:16.972,1:16.641,1:16.265,Base Oficial Ergast Motor Racing Database / FIA Qualifying Classification
2024,20,russell,George Russell,Mercedes,5,1:17.194,1:16.937,1:16.356,Base Oficial Ergast Motor Racing Database / FIA Qualifying Classification
2024,20,hamilton,Lewis Hamilton,Mercedes,6,1:17.306,1:16.973,1:16.651,Base Oficial Ergast Motor Racing Database / FIA Qualifying Classification
2024,20,kevin_magnussen,Kevin Magnussen,Haas F1 Team,7,1:17.125,1:17.003,1:16.886,Base Oficial Ergast Motor Racing Database / FIA Qualifying Classification
2024,20,gasly,Pierre Gasly,Alpine F1 Team,8,1:17.149,1:17.048,1:16.892,Base Oficial Ergast Motor Racing Database / FIA Qualifying Classification
2024,20,albon,Alexander Albon,Williams,9,1:17.189,1:16.988,1:17.065,Base Oficial Ergast Motor Racing Database / FIA Qualifying Classification
2024,20,hulkenberg,Nico Hulkenberg,Haas F1 Team,10,1:17.186,1:16.995,1:17.365,Base Oficial Ergast Motor Racing Database / FIA Qualifying Classification
2024,20,tsunoda,Yuki Tsunoda,RB F1 Team,11,1:17.182,1:17.129,,Base Oficial Ergast Motor Racing Database / FIA Qualifying Classification
2024,20,lawson,Liam Lawson,RB F1 Team,12,1:17.380,1:17.162,,Base Oficial Ergast Motor Racing Database / FIA Qualifying Classification
2024,20,alonso,Fernando Alonso,Aston Martin,13,1:17.307,1:17.168,,Base Oficial Ergast Motor Racing Database / FIA Qualifying Classification
2024,20,stroll,Lance Stroll,Aston Martin,14,1:17.407,1:17.294,,Base Oficial Ergast Motor Racing Database / FIA Qualifying Classification
2024,20,bottas,Valtteri Bottas,Sauber,15,1:17.393,1:17.817,,Base Oficial Ergast Motor Racing Database / FIA Qualifying Classification
2024,20,colapinto,Franco Colapinto,Williams,16,1:17.558,,,Base Oficial Ergast Motor Racing Database / FIA Qualifying Classification
2024,20,piastri,Oscar Piastri,McLaren,17,1:17.597,,,Base Oficial Ergast Motor Racing Database / FIA Qualifying Classification
2024,20,perez,Sergio Perez,Red Bull,18,1:17.611,,,Base Oficial Ergast Motor Racing Database / FIA Qualifying Classification
2024,20,ocon,Esteban Ocon,Alpine F1 Team,19,1:17.617,,,Base Oficial Ergast Motor Racing Database / FIA Qualifying Classification
2024,20,zhou,Guanyu Zhou,Sauber,20,1:18.072,,,Base Oficial Ergast Motor Racing Database / FIA Qualifying Classification
2024,21,norris,Lando Norris,McLaren,1,1:30.944,1:24.844,1:23.405,Base Oficial Ergast Motor Racing Database / FIA Qualifying Classification
2024,21,russell,George Russell,Mercedes,2,1:29.121,1:26.307,1:23.578,Base Oficial Ergast Motor Racing Database / FIA Qualifying Classification
2024,21,tsunoda,Yuki Tsunoda,RB F1 Team,3,1:29.172,1:26.464,1:24.111,Base Oficial Ergast Motor Racing Database / FIA Qualifying Classification
2024,21,ocon,Esteban Ocon,Alpine F1 Team,4,1:29.171,1:26.206,1:24.475,Base Oficial Ergast Motor Racing Database / FIA Qualifying Classification
2024,21,lawson,Liam Lawson,RB F1 Team,5,1:30.758,1:25.654,1:24.484,Base Oficial Ergast Motor Racing Database / FIA Qualifying Classification
2024,21,leclerc,Charles Leclerc,Ferrari,6,1:29.839,1:26.097,1:24.525,Base Oficial Ergast Motor Racing Database / FIA Qualifying Classification
2024,21,albon,Alexander Albon,Williams,7,1:29.072,1:25.889,1:24.657,Base Oficial Ergast Motor Racing Database / FIA Qualifying Classification
2024,21,piastri,Oscar Piastri,McLaren,8,1:30.114,1:25.179,1:24.686,Base Oficial Ergast Motor Racing Database / FIA Qualifying Classification
2024,21,alonso,Fernando Alonso,Aston Martin,9,1:30.207,1:25.035,1:28.998,Base Oficial Ergast Motor Racing Database / FIA Qualifying Classification
2024,21,stroll,Lance Stroll,Aston Martin,10,1:30.580,1:26.334,,Base Oficial Ergast Motor Racing Database / FIA Qualifying Classification
2024,21,bottas,Valtteri Bottas,Sauber,11,1:30.633,1:26.472,,Base Oficial Ergast Motor Racing Database / FIA Qualifying Classification
2024,21,max_verstappen,Max Verstappen,Red Bull,12,1:28.522,1:27.771,,Base Oficial Ergast Motor Racing Database / FIA Qualifying Classification
2024,21,perez,Sergio Perez,Red Bull,13,1:30.035,1:28.158,,Base Oficial Ergast Motor Racing Database / FIA Qualifying Classification
2024,21,sainz,Carlos Sainz,Ferrari,14,1:30.303,1:29.406,,Base Oficial Ergast Motor Racing Database / FIA Qualifying Classification
2024,21,gasly,Pierre Gasly,Alpine F1 Team,15,1:29.420,1:29.614,,Base Oficial Ergast Motor Racing Database / FIA Qualifying Classification
2024,21,hamilton,Lewis Hamilton,Mercedes,16,1:31.150,,,Base Oficial Ergast Motor Racing Database / FIA Qualifying Classification
2024,21,bearman,Oliver Bearman,Haas F1 Team,17,1:31.229,,,Base Oficial Ergast Motor Racing Database / FIA Qualifying Classification
2024,21,colapinto,Franco Colapinto,Williams,18,1:31.270,,,Base Oficial Ergast Motor Racing Database / FIA Qualifying Classification
2024,21,hulkenberg,Nico Hulkenberg,Haas F1 Team,19,1:31.623,,,Base Oficial Ergast Motor Racing Database / FIA Qualifying Classification
2024,21,zhou,Guanyu Zhou,Sauber,20,1:32.263,,,Base Oficial Ergast Motor Racing Database / FIA Qualifying Classification
2024,22,russell,George Russell,Mercedes,1,1:33.186,1:32.779,1:32.312,Base Oficial Ergast Motor Racing Database / FIA Qualifying Classification
2024,22,sainz,Carlos Sainz,Ferrari,2,1:33.484,1:32.711,1:32.410,Base Oficial Ergast Motor Racing Database / FIA Qualifying Classification
2024,22,gasly,Pierre Gasly,Alpine F1 Team,3,1:33.691,1:32.879,1:32.664,Base Oficial Ergast Motor Racing Database / FIA Qualifying Classification
2024,22,leclerc,Charles Leclerc,Ferrari,4,1:33.446,1:33.016,1:32.783,Base Oficial Ergast Motor Racing Database / FIA Qualifying Classification
2024,22,max_verstappen,Max Verstappen,Red Bull,5,1:33.299,1:33.085,1:32.797,Base Oficial Ergast Motor Racing Database / FIA Qualifying Classification
2024,22,norris,Lando Norris,McLaren,6,1:33.592,1:33.099,1:33.008,Base Oficial Ergast Motor Racing Database / FIA Qualifying Classification
2024,22,tsunoda,Yuki Tsunoda,RB F1 Team,7,1:33.789,1:33.089,1:33.029,Base Oficial Ergast Motor Racing Database / FIA Qualifying Classification
2024,22,piastri,Oscar Piastri,McLaren,8,1:33.450,1:33.024,1:33.033,Base Oficial Ergast Motor Racing Database / FIA Qualifying Classification
2024,22,hulkenberg,Nico Hulkenberg,Haas F1 Team,9,1:33.920,1:33.114,1:33.062,Base Oficial Ergast Motor Racing Database / FIA Qualifying Classification
2024,22,hamilton,Lewis Hamilton,Mercedes,10,1:33.225,1:32.567,1:48.106,Base Oficial Ergast Motor Racing Database / FIA Qualifying Classification
2024,22,ocon,Esteban Ocon,Alpine F1 Team,11,1:33.968,1:33.221,,Base Oficial Ergast Motor Racing Database / FIA Qualifying Classification
2024,22,kevin_magnussen,Kevin Magnussen,Haas F1 Team,12,1:33.991,1:33.297,,Base Oficial Ergast Motor Racing Database / FIA Qualifying Classification
2024,22,zhou,Guanyu Zhou,Sauber,13,1:34.079,1:33.566,,Base Oficial Ergast Motor Racing Database / FIA Qualifying Classification
2024,22,colapinto,Franco Colapinto,Williams,14,1:33.746,1:33.749,,Base Oficial Ergast Motor Racing Database / FIA Qualifying Classification
2024,22,lawson,Liam Lawson,RB F1 Team,15,1:34.087,1:34.257,,Base Oficial Ergast Motor Racing Database / FIA Qualifying Classification
2024,22,perez,Sergio Perez,Red Bull,16,1:34.155,,,Base Oficial Ergast Motor Racing Database / FIA Qualifying Classification
2024,22,alonso,Fernando Alonso,Aston Martin,17,1:34.258,,,Base Oficial Ergast Motor Racing Database / FIA Qualifying Classification
2024,22,albon,Alexander Albon,Williams,18,1:34.425,,,Base Oficial Ergast Motor Racing Database / FIA Qualifying Classification
2024,22,bottas,Valtteri Bottas,Sauber,19,1:34.430,,,Base Oficial Ergast Motor Racing Database / FIA Qualifying Classification
2024,22,stroll,Lance Stroll,Aston Martin,20,1:34.484,,,Base Oficial Ergast Motor Racing Database / FIA Qualifying Classification
2024,23,max_verstappen,Max Verstappen,Red Bull,1,1:21.579,1:20.687,1:20.520,Base Oficial Ergast Motor Racing Database / FIA Qualifying Classification
2024,23,russell,George Russell,Mercedes,2,1:21.241,1:21.069,1:20.575,Base Oficial Ergast Motor Racing Database / FIA Qualifying Classification
2024,23,norris,Lando Norris,McLaren,3,1:21.578,1:20.983,1:20.772,Base Oficial Ergast Motor Racing Database / FIA Qualifying Classification
2024,23,piastri,Oscar Piastri,McLaren,4,1:21.821,1:21.121,1:20.829,Base Oficial Ergast Motor Racing Database / FIA Qualifying Classification
2024,23,leclerc,Charles Leclerc,Ferrari,5,1:21.278,1:21.000,1:20.852,Base Oficial Ergast Motor Racing Database / FIA Qualifying Classification
2024,23,hamilton,Lewis Hamilton,Mercedes,6,1:21.637,1:21.095,1:21.011,Base Oficial Ergast Motor Racing Database / FIA Qualifying Classification
2024,23,sainz,Carlos Sainz,Ferrari,7,1:21.447,1:21.199,1:21.041,Base Oficial Ergast Motor Racing Database / FIA Qualifying Classification
2024,23,alonso,Fernando Alonso,Aston Martin,8,1:21.608,1:21.208,1:21.251,Base Oficial Ergast Motor Racing Database / FIA Qualifying Classification
2024,23,perez,Sergio Perez,Red Bull,9,1:21.675,1:21.425,1:21.425,Base Oficial Ergast Motor Racing Database / FIA Qualifying Classification
2024,23,kevin_magnussen,Kevin Magnussen,Haas F1 Team,10,1:21.891,1:21.387,1:21.500,Base Oficial Ergast Motor Racing Database / FIA Qualifying Classification
2024,23,gasly,Pierre Gasly,Alpine F1 Team,11,1:21.843,1:21.437,,Base Oficial Ergast Motor Racing Database / FIA Qualifying Classification
2024,23,zhou,Guanyu Zhou,Sauber,12,1:22.103,1:21.501,,Base Oficial Ergast Motor Racing Database / FIA Qualifying Classification
2024,23,bottas,Valtteri Bottas,Sauber,13,1:21.927,1:21.731,,Base Oficial Ergast Motor Racing Database / FIA Qualifying Classification
2024,23,tsunoda,Yuki Tsunoda,RB F1 Team,14,1:22.364,1:21.771,,Base Oficial Ergast Motor Racing Database / FIA Qualifying Classification
2024,23,stroll,Lance Stroll,Aston Martin,15,1:22.011,1:21.911,,Base Oficial Ergast Motor Racing Database / FIA Qualifying Classification
2024,23,albon,Alexander Albon,Williams,16,1:22.390,,,Base Oficial Ergast Motor Racing Database / FIA Qualifying Classification
2024,23,lawson,Liam Lawson,RB F1 Team,17,1:22.411,,,Base Oficial Ergast Motor Racing Database / FIA Qualifying Classification
2024,23,hulkenberg,Nico Hulkenberg,Haas F1 Team,18,1:22.442,,,Base Oficial Ergast Motor Racing Database / FIA Qualifying Classification
2024,23,colapinto,Franco Colapinto,Williams,19,1:22.594,,,Base Oficial Ergast Motor Racing Database / FIA Qualifying Classification
2024,23,ocon,Esteban Ocon,Alpine F1 Team,20,1:22.714,,,Base Oficial Ergast Motor Racing Database / FIA Qualifying Classification
2024,24,norris,Lando Norris,McLaren,1,1:23.682,1:23.098,1:22.595,Base Oficial Ergast Motor Racing Database / FIA Qualifying Classification
2024,24,piastri,Oscar Piastri,McLaren,2,1:23.640,1:23.199,1:22.804,Base Oficial Ergast Motor Racing Database / FIA Qualifying Classification
2024,24,sainz,Carlos Sainz,Ferrari,3,1:23.487,1:22.985,1:22.824,Base Oficial Ergast Motor Racing Database / FIA Qualifying Classification
2024,24,hulkenberg,Nico Hulkenberg,Haas F1 Team,4,1:23.722,1:23.040,1:22.886,Base Oficial Ergast Motor Racing Database / FIA Qualifying Classification
2024,24,max_verstappen,Max Verstappen,Red Bull,5,1:23.516,1:22.998,1:22.945,Base Oficial Ergast Motor Racing Database / FIA Qualifying Classification
2024,24,gasly,Pierre Gasly,Alpine F1 Team,6,1:23.548,1:23.086,1:22.984,Base Oficial Ergast Motor Racing Database / FIA Qualifying Classification
2024,24,russell,George Russell,Mercedes,7,1:23.678,1:23.283,1:23.132,Base Oficial Ergast Motor Racing Database / FIA Qualifying Classification
2024,24,alonso,Fernando Alonso,Aston Martin,8,1:23.794,1:23.268,1:23.196,Base Oficial Ergast Motor Racing Database / FIA Qualifying Classification
2024,24,bottas,Valtteri Bottas,Sauber,9,1:23.481,1:23.341,1:23.204,Base Oficial Ergast Motor Racing Database / FIA Qualifying Classification
2024,24,perez,Sergio Perez,Red Bull,10,1:23.559,1:23.379,1:23.264,Base Oficial Ergast Motor Racing Database / FIA Qualifying Classification
2024,24,tsunoda,Yuki Tsunoda,RB F1 Team,11,1:23.735,1:23.419,,Base Oficial Ergast Motor Racing Database / FIA Qualifying Classification
2024,24,lawson,Liam Lawson,RB F1 Team,12,1:23.733,1:23.472,,Base Oficial Ergast Motor Racing Database / FIA Qualifying Classification
2024,24,stroll,Lance Stroll,Aston Martin,13,1:23.729,1:23.784,,Base Oficial Ergast Motor Racing Database / FIA Qualifying Classification
2024,24,leclerc,Charles Leclerc,Ferrari,14,1:23.302,1:23.833,,Base Oficial Ergast Motor Racing Database / FIA Qualifying Classification
2024,24,kevin_magnussen,Kevin Magnussen,Haas F1 Team,15,1:23.632,1:23.877,,Base Oficial Ergast Motor Racing Database / FIA Qualifying Classification
2024,24,albon,Alexander Albon,Williams,16,1:23.821,,,Base Oficial Ergast Motor Racing Database / FIA Qualifying Classification
2024,24,zhou,Guanyu Zhou,Sauber,17,1:23.880,,,Base Oficial Ergast Motor Racing Database / FIA Qualifying Classification
2024,24,hamilton,Lewis Hamilton,Mercedes,18,1:23.887,,,Base Oficial Ergast Motor Racing Database / FIA Qualifying Classification
2024,24,colapinto,Franco Colapinto,Williams,19,1:23.912,,,Base Oficial Ergast Motor Racing Database / FIA Qualifying Classification
2024,24,doohan,Jack Doohan,Alpine F1 Team,20,1:24.105,,,Base Oficial Ergast Motor Racing Database / FIA Qualifying Classification
2025,1,norris,Lando Norris,McLaren,1,1:15.912,1:15.415,1:15.096,Base Oficial Ergast Motor Racing Database / FIA Qualifying Classification
2025,1,piastri,Oscar Piastri,McLaren,2,1:16.062,1:15.468,1:15.180,Base Oficial Ergast Motor Racing Database / FIA Qualifying Classification
2025,1,max_verstappen,Max Verstappen,Red Bull,3,1:16.018,1:15.565,1:15.481,Base Oficial Ergast Motor Racing Database / FIA Qualifying Classification
2025,1,russell,George Russell,Mercedes,4,1:15.971,1:15.798,1:15.546,Base Oficial Ergast Motor Racing Database / FIA Qualifying Classification
2025,1,tsunoda,Yuki Tsunoda,RB F1 Team,5,1:16.225,1:16.009,1:15.670,Base Oficial Ergast Motor Racing Database / FIA Qualifying Classification
2025,1,albon,Alexander Albon,Williams,6,1:16.245,1:16.017,1:15.737,Base Oficial Ergast Motor Racing Database / FIA Qualifying Classification
2025,1,leclerc,Charles Leclerc,Ferrari,7,1:16.029,1:15.827,1:15.755,Base Oficial Ergast Motor Racing Database / FIA Qualifying Classification
2025,1,hamilton,Lewis Hamilton,Ferrari,8,1:16.213,1:15.919,1:15.973,Base Oficial Ergast Motor Racing Database / FIA Qualifying Classification
2025,1,gasly,Pierre Gasly,Alpine F1 Team,9,1:16.328,1:16.112,1:15.980,Base Oficial Ergast Motor Racing Database / FIA Qualifying Classification
2025,1,sainz,Carlos Sainz,Williams,10,1:16.360,1:15.931,1:16.062,Base Oficial Ergast Motor Racing Database / FIA Qualifying Classification
2025,1,hadjar,Isack Hadjar,RB F1 Team,11,1:16.354,1:16.175,\N,Base Oficial Ergast Motor Racing Database / FIA Qualifying Classification
2025,1,alonso,Fernando Alonso,Aston Martin,12,1:16.288,1:16.453,\N,Base Oficial Ergast Motor Racing Database / FIA Qualifying Classification
2025,1,stroll,Lance Stroll,Aston Martin,13,1:16.369,1:16.483,\N,Base Oficial Ergast Motor Racing Database / FIA Qualifying Classification
2025,1,doohan,Jack Doohan,Alpine F1 Team,14,1:16.315,1:16.863,\N,Base Oficial Ergast Motor Racing Database / FIA Qualifying Classification
2025,1,bortoleto,Gabriel Bortoleto,Sauber,15,1:16.516,1:17.520,\N,Base Oficial Ergast Motor Racing Database / FIA Qualifying Classification
2025,1,antonelli,Andrea Kimi Antonelli,Mercedes,16,1:16.525,\N,\N,Base Oficial Ergast Motor Racing Database / FIA Qualifying Classification
2025,1,hulkenberg,Nico Hulkenberg,Sauber,17,1:16.579,\N,\N,Base Oficial Ergast Motor Racing Database / FIA Qualifying Classification
2025,1,lawson,Liam Lawson,Red Bull,18,1:17.094,\N,\N,Base Oficial Ergast Motor Racing Database / FIA Qualifying Classification
2025,1,ocon,Esteban Ocon,Haas F1 Team,19,1:17.147,\N,\N,Base Oficial Ergast Motor Racing Database / FIA Qualifying Classification
2025,1,bearman,Oliver Bearman,Haas F1 Team,20,\N,\N,\N,Base Oficial Ergast Motor Racing Database / FIA Qualifying Classification
2025,2,piastri,Oscar Piastri,McLaren,1,1:31.591,1:31.200,1:30.641,Base Oficial Ergast Motor Racing Database / FIA Qualifying Classification
2025,2,russell,George Russell,Mercedes,2,1:31.295,1:31.307,1:30.723,Base Oficial Ergast Motor Racing Database / FIA Qualifying Classification
2025,2,norris,Lando Norris,McLaren,3,1:30.983,1:30.787,1:30.793,Base Oficial Ergast Motor Racing Database / FIA Qualifying Classification
2025,2,max_verstappen,Max Verstappen,Red Bull,4,1:31.424,1:31.142,1:30.817,Base Oficial Ergast Motor Racing Database / FIA Qualifying Classification
2025,2,hamilton,Lewis Hamilton,Ferrari,5,1:31.690,1:31.501,1:30.927,Base Oficial Ergast Motor Racing Database / FIA Qualifying Classification
2025,2,leclerc,Charles Leclerc,Ferrari,6,1:31.579,1:31.450,1:31.021,Base Oficial Ergast Motor Racing Database / FIA Qualifying Classification
2025,2,hadjar,Isack Hadjar,RB F1 Team,7,1:31.162,1:31.253,1:31.079,Base Oficial Ergast Motor Racing Database / FIA Qualifying Classification
2025,2,antonelli,Andrea Kimi Antonelli,Mercedes,8,1:31.676,1:31.590,1:31.103,Base Oficial Ergast Motor Racing Database / FIA Qualifying Classification
2025,2,tsunoda,Yuki Tsunoda,RB F1 Team,9,1:31.238,1:31.260,1:31.638,Base Oficial Ergast Motor Racing Database / FIA Qualifying Classification
2025,2,albon,Alexander Albon,Williams,10,1:31.503,1:31.595,1:31.706,Base Oficial Ergast Motor Racing Database / FIA Qualifying Classification
2025,2,ocon,Esteban Ocon,Haas F1 Team,11,1:31.876,1:31.625,\N,Base Oficial Ergast Motor Racing Database / FIA Qualifying Classification
2025,2,hulkenberg,Nico Hulkenberg,Sauber,12,1:31.921,1:31.632,\N,Base Oficial Ergast Motor Racing Database / FIA Qualifying Classification
2025,2,alonso,Fernando Alonso,Aston Martin,13,1:31.719,1:31.688,\N,Base Oficial Ergast Motor Racing Database / FIA Qualifying Classification
2025,2,stroll,Lance Stroll,Aston Martin,14,1:31.923,1:31.773,\N,Base Oficial Ergast Motor Racing Database / FIA Qualifying Classification
2025,2,sainz,Carlos Sainz,Williams,15,1:31.628,1:31.840,\N,Base Oficial Ergast Motor Racing Database / FIA Qualifying Classification
2025,2,gasly,Pierre Gasly,Alpine F1 Team,16,1:31.992,\N,\N,Base Oficial Ergast Motor Racing Database / FIA Qualifying Classification
2025,2,bearman,Oliver Bearman,Haas F1 Team,17,1:32.018,\N,\N,Base Oficial Ergast Motor Racing Database / FIA Qualifying Classification
2025,2,doohan,Jack Doohan,Alpine F1 Team,18,1:32.092,\N,\N,Base Oficial Ergast Motor Racing Database / FIA Qualifying Classification
2025,2,bortoleto,Gabriel Bortoleto,Sauber,19,1:32.141,\N,\N,Base Oficial Ergast Motor Racing Database / FIA Qualifying Classification
2025,2,lawson,Liam Lawson,Red Bull,20,1:32.174,\N,\N,Base Oficial Ergast Motor Racing Database / FIA Qualifying Classification
2025,3,max_verstappen,Max Verstappen,Red Bull,1,1:27.943,1:27.502,1:26.983,Base Oficial Ergast Motor Racing Database / FIA Qualifying Classification
2025,3,norris,Lando Norris,McLaren,2,1:27.845,1:27.146,1:26.995,Base Oficial Ergast Motor Racing Database / FIA Qualifying Classification
2025,3,piastri,Oscar Piastri,McLaren,3,1:27.687,1:27.507,1:27.027,Base Oficial Ergast Motor Racing Database / FIA Qualifying Classification
2025,3,leclerc,Charles Leclerc,Ferrari,4,1:27.920,1:27.555,1:27.299,Base Oficial Ergast Motor Racing Database / FIA Qualifying Classification
2025,3,russell,George Russell,Mercedes,5,1:27.843,1:27.400,1:27.318,Base Oficial Ergast Motor Racing Database / FIA Qualifying Classification
2025,3,antonelli,Andrea Kimi Antonelli,Mercedes,6,1:27.968,1:27.639,1:27.555,Base Oficial Ergast Motor Racing Database / FIA Qualifying Classification
2025,3,hadjar,Isack Hadjar,RB F1 Team,7,1:28.278,1:27.775,1:27.569,Base Oficial Ergast Motor Racing Database / FIA Qualifying Classification
2025,3,hamilton,Lewis Hamilton,Ferrari,8,1:27.942,1:27.610,1:27.610,Base Oficial Ergast Motor Racing Database / FIA Qualifying Classification
2025,3,albon,Alexander Albon,Williams,9,1:28.218,1:27.783,1:27.615,Base Oficial Ergast Motor Racing Database / FIA Qualifying Classification
2025,3,bearman,Oliver Bearman,Haas F1 Team,10,1:28.228,1:27.711,1:27.867,Base Oficial Ergast Motor Racing Database / FIA Qualifying Classification
2025,3,gasly,Pierre Gasly,Alpine F1 Team,11,1:28.186,1:27.822,\N,Base Oficial Ergast Motor Racing Database / FIA Qualifying Classification
2025,3,sainz,Carlos Sainz,Williams,12,1:28.209,1:27.836,\N,Base Oficial Ergast Motor Racing Database / FIA Qualifying Classification
2025,3,alonso,Fernando Alonso,Aston Martin,13,1:28.337,1:27.897,\N,Base Oficial Ergast Motor Racing Database / FIA Qualifying Classification
2025,3,lawson,Liam Lawson,RB F1 Team,14,1:28.554,1:27.906,\N,Base Oficial Ergast Motor Racing Database / FIA Qualifying Classification
2025,3,tsunoda,Yuki Tsunoda,Red Bull,15,1:27.967,1:28.000,\N,Base Oficial Ergast Motor Racing Database / FIA Qualifying Classification
2025,3,hulkenberg,Nico Hulkenberg,Sauber,16,1:28.570,\N,\N,Base Oficial Ergast Motor Racing Database / FIA Qualifying Classification
2025,3,bortoleto,Gabriel Bortoleto,Sauber,17,1:28.622,\N,\N,Base Oficial Ergast Motor Racing Database / FIA Qualifying Classification
2025,3,ocon,Esteban Ocon,Haas F1 Team,18,1:28.696,\N,\N,Base Oficial Ergast Motor Racing Database / FIA Qualifying Classification
2025,3,doohan,Jack Doohan,Alpine F1 Team,19,1:28.877,\N,\N,Base Oficial Ergast Motor Racing Database / FIA Qualifying Classification
2025,3,stroll,Lance Stroll,Aston Martin,20,1:29.271,\N,\N,Base Oficial Ergast Motor Racing Database / FIA Qualifying Classification
2025,4,piastri,Oscar Piastri,McLaren,1,1:31.392,1:30.454,1:29.841,Base Oficial Ergast Motor Racing Database / FIA Qualifying Classification
2025,4,russell,George Russell,Mercedes,2,1:31.494,1:30.664,1:30.009,Base Oficial Ergast Motor Racing Database / FIA Qualifying Classification
2025,4,leclerc,Charles Leclerc,Ferrari,3,1:31.454,1:30.724,1:30.175,Base Oficial Ergast Motor Racing Database / FIA Qualifying Classification
2025,4,antonelli,Andrea Kimi Antonelli,Mercedes,4,1:31.415,1:30.716,1:30.213,Base Oficial Ergast Motor Racing Database / FIA Qualifying Classification
2025,4,gasly,Pierre Gasly,Alpine F1 Team,5,1:31.462,1:30.643,1:30.216,Base Oficial Ergast Motor Racing Database / FIA Qualifying Classification
2025,4,norris,Lando Norris,McLaren,6,1:31.107,1:30.560,1:30.267,Base Oficial Ergast Motor Racing Database / FIA Qualifying Classification
2025,4,max_verstappen,Max Verstappen,Red Bull,7,1:31.303,1:31.019,1:30.423,Base Oficial Ergast Motor Racing Database / FIA Qualifying Classification
2025,4,sainz,Carlos Sainz,Williams,8,1:31.591,1:30.844,1:30.680,Base Oficial Ergast Motor Racing Database / FIA Qualifying Classification
2025,4,hamilton,Lewis Hamilton,Ferrari,9,1:31.219,1:31.009,1:30.772,Base Oficial Ergast Motor Racing Database / FIA Qualifying Classification
2025,4,tsunoda,Yuki Tsunoda,Red Bull,10,1:31.751,1:31.228,1:31.303,Base Oficial Ergast Motor Racing Database / FIA Qualifying Classification
2025,4,doohan,Jack Doohan,Alpine F1 Team,11,1:31.414,1:31.245,\N,Base Oficial Ergast Motor Racing Database / FIA Qualifying Classification
2025,4,hadjar,Isack Hadjar,RB F1 Team,12,1:31.591,1:31.271,\N,Base Oficial Ergast Motor Racing Database / FIA Qualifying Classification
2025,4,alonso,Fernando Alonso,Aston Martin,13,1:31.634,1:31.886,\N,Base Oficial Ergast Motor Racing Database / FIA Qualifying Classification
2025,4,ocon,Esteban Ocon,Haas F1 Team,14,1:31.594,\N,\N,Base Oficial Ergast Motor Racing Database / FIA Qualifying Classification
2025,4,albon,Alexander Albon,Williams,15,1:32.040,\N,\N,Base Oficial Ergast Motor Racing Database / FIA Qualifying Classification
2025,4,hulkenberg,Nico Hulkenberg,Sauber,16,1:32.067,\N,\N,Base Oficial Ergast Motor Racing Database / FIA Qualifying Classification
2025,4,lawson,Liam Lawson,RB F1 Team,17,1:32.165,\N,\N,Base Oficial Ergast Motor Racing Database / FIA Qualifying Classification
2025,4,bortoleto,Gabriel Bortoleto,Sauber,18,1:32.186,\N,\N,Base Oficial Ergast Motor Racing Database / FIA Qualifying Classification
2025,4,stroll,Lance Stroll,Aston Martin,19,1:32.283,\N,\N,Base Oficial Ergast Motor Racing Database / FIA Qualifying Classification
2025,4,bearman,Oliver Bearman,Haas F1 Team,20,1:32.373,\N,\N,Base Oficial Ergast Motor Racing Database / FIA Qualifying Classification
2025,5,max_verstappen,Max Verstappen,Red Bull,1,1:27.778,1:27.529,1:27.294,Base Oficial Ergast Motor Racing Database / FIA Qualifying Classification
2025,5,piastri,Oscar Piastri,McLaren,2,1:27.901,1:27.545,1:27.304,Base Oficial Ergast Motor Racing Database / FIA Qualifying Classification
2025,5,russell,George Russell,Mercedes,3,1:28.282,1:27.599,1:27.407,Base Oficial Ergast Motor Racing Database / FIA Qualifying Classification
2025,5,leclerc,Charles Leclerc,Ferrari,4,1:28.552,1:27.866,1:27.670,Base Oficial Ergast Motor Racing Database / FIA Qualifying Classification
2025,5,antonelli,Andrea Kimi Antonelli,Mercedes,5,1:28.128,1:27.798,1:27.866,Base Oficial Ergast Motor Racing Database / FIA Qualifying Classification
2025,5,sainz,Carlos Sainz,Williams,6,1:28.354,1:28.024,1:28.164,Base Oficial Ergast Motor Racing Database / FIA Qualifying Classification
2025,5,hamilton,Lewis Hamilton,Ferrari,7,1:28.372,1:28.102,1:28.201,Base Oficial Ergast Motor Racing Database / FIA Qualifying Classification
2025,5,tsunoda,Yuki Tsunoda,Red Bull,8,1:28.226,1:27.990,1:28.204,Base Oficial Ergast Motor Racing Database / FIA Qualifying Classification
2025,5,gasly,Pierre Gasly,Alpine F1 Team,9,1:28.421,1:28.025,1:28.367,Base Oficial Ergast Motor Racing Database / FIA Qualifying Classification
2025,5,norris,Lando Norris,McLaren,10,1:27.805,1:27.481,\N,Base Oficial Ergast Motor Racing Database / FIA Qualifying Classification
2025,5,albon,Alexander Albon,Williams,11,1:28.279,1:28.109,\N,Base Oficial Ergast Motor Racing Database / FIA Qualifying Classification
2025,5,lawson,Liam Lawson,RB F1 Team,12,1:28.561,1:28.191,\N,Base Oficial Ergast Motor Racing Database / FIA Qualifying Classification
2025,5,alonso,Fernando Alonso,Aston Martin,13,1:28.548,1:28.303,\N,Base Oficial Ergast Motor Racing Database / FIA Qualifying Classification
2025,5,hadjar,Isack Hadjar,RB F1 Team,14,1:28.571,1:28.418,\N,Base Oficial Ergast Motor Racing Database / FIA Qualifying Classification
2025,5,bearman,Oliver Bearman,Haas F1 Team,15,1:28.536,1:28.648,\N,Base Oficial Ergast Motor Racing Database / FIA Qualifying Classification
2025,5,stroll,Lance Stroll,Aston Martin,16,1:28.645,\N,\N,Base Oficial Ergast Motor Racing Database / FIA Qualifying Classification
2025,5,doohan,Jack Doohan,Alpine F1 Team,17,1:28.739,\N,\N,Base Oficial Ergast Motor Racing Database / FIA Qualifying Classification
2025,5,hulkenberg,Nico Hulkenberg,Sauber,18,1:28.782,\N,\N,Base Oficial Ergast Motor Racing Database / FIA Qualifying Classification
2025,5,ocon,Esteban Ocon,Haas F1 Team,19,1:29.092,\N,\N,Base Oficial Ergast Motor Racing Database / FIA Qualifying Classification
2025,5,bortoleto,Gabriel Bortoleto,Sauber,20,1:29.462,\N,\N,Base Oficial Ergast Motor Racing Database / FIA Qualifying Classification
2025,6,max_verstappen,Max Verstappen,Red Bull,1,1:26.870,1:26.643,1:26.204,Base Oficial Ergast Motor Racing Database / FIA Qualifying Classification
2025,6,norris,Lando Norris,McLaren,2,1:26.955,1:26.499,1:26.269,Base Oficial Ergast Motor Racing Database / FIA Qualifying Classification
2025,6,antonelli,Andrea Kimi Antonelli,Mercedes,3,1:27.077,1:26.606,1:26.271,Base Oficial Ergast Motor Racing Database / FIA Qualifying Classification
2025,6,piastri,Oscar Piastri,McLaren,4,1:27.006,1:26.269,1:26.375,Base Oficial Ergast Motor Racing Database / FIA Qualifying Classification
2025,6,russell,George Russell,Mercedes,5,1:27.014,1:26.575,1:26.385,Base Oficial Ergast Motor Racing Database / FIA Qualifying Classification
2025,6,sainz,Carlos Sainz,Williams,6,1:27.098,1:26.847,1:26.569,Base Oficial Ergast Motor Racing Database / FIA Qualifying Classification
2025,6,albon,Alexander Albon,Williams,7,1:27.042,1:26.855,1:26.682,Base Oficial Ergast Motor Racing Database / FIA Qualifying Classification
2025,6,leclerc,Charles Leclerc,Ferrari,8,1:27.417,1:26.948,1:26.754,Base Oficial Ergast Motor Racing Database / FIA Qualifying Classification
2025,6,ocon,Esteban Ocon,Haas F1 Team,9,1:27.450,1:26.967,1:26.824,Base Oficial Ergast Motor Racing Database / FIA Qualifying Classification
2025,6,tsunoda,Yuki Tsunoda,Red Bull,10,1:27.298,1:26.959,1:26.943,Base Oficial Ergast Motor Racing Database / FIA Qualifying Classification
2025,6,hadjar,Isack Hadjar,RB F1 Team,11,1:27.301,1:26.987,\N,Base Oficial Ergast Motor Racing Database / FIA Qualifying Classification
2025,6,hamilton,Lewis Hamilton,Ferrari,12,1:27.279,1:27.006,\N,Base Oficial Ergast Motor Racing Database / FIA Qualifying Classification
2025,6,bortoleto,Gabriel Bortoleto,Sauber,13,1:27.343,1:27.151,\N,Base Oficial Ergast Motor Racing Database / FIA Qualifying Classification
2025,6,doohan,Jack Doohan,Alpine F1 Team,14,1:27.422,1:27.186,\N,Base Oficial Ergast Motor Racing Database / FIA Qualifying Classification
2025,6,lawson,Liam Lawson,RB F1 Team,15,1:27.444,1:27.363,\N,Base Oficial Ergast Motor Racing Database / FIA Qualifying Classification
2025,6,hulkenberg,Nico Hulkenberg,Sauber,16,1:27.473,\N,\N,Base Oficial Ergast Motor Racing Database / FIA Qualifying Classification
2025,6,alonso,Fernando Alonso,Aston Martin,17,1:27.604,\N,\N,Base Oficial Ergast Motor Racing Database / FIA Qualifying Classification
2025,6,gasly,Pierre Gasly,Alpine F1 Team,18,1:27.710,\N,\N,Base Oficial Ergast Motor Racing Database / FIA Qualifying Classification
2025,6,stroll,Lance Stroll,Aston Martin,19,1:27.830,\N,\N,Base Oficial Ergast Motor Racing Database / FIA Qualifying Classification
2025,6,bearman,Oliver Bearman,Haas F1 Team,20,1:27.999,\N,\N,Base Oficial Ergast Motor Racing Database / FIA Qualifying Classification
2025,7,piastri,Oscar Piastri,McLaren,1,1:15.500,1:15.214,1:14.670,Base Oficial Ergast Motor Racing Database / FIA Qualifying Classification
2025,7,max_verstappen,Max Verstappen,Red Bull,2,1:15.175,1:15.394,1:14.704,Base Oficial Ergast Motor Racing Database / FIA Qualifying Classification
2025,7,russell,George Russell,Mercedes,3,1:15.852,1:15.334,1:14.807,Base Oficial Ergast Motor Racing Database / FIA Qualifying Classification
2025,7,norris,Lando Norris,McLaren,4,1:15.894,1:14.962,\N,Base Oficial Ergast Motor Racing Database / FIA Qualifying Classification
2025,7,alonso,Fernando Alonso,Aston Martin,5,1:15.695,1:15.442,1:15.431,Base Oficial Ergast Motor Racing Database / FIA Qualifying Classification
2025,7,sainz,Carlos Sainz,Williams,6,1:15.987,1:15.198,1:15.432,Base Oficial Ergast Motor Racing Database / FIA Qualifying Classification
2025,7,albon,Alexander Albon,Williams,7,1:16.123,1:15.521,1:15.473,Base Oficial Ergast Motor Racing Database / FIA Qualifying Classification
2025,7,stroll,Lance Stroll,Aston Martin,8,1:15.817,1:15.497,1:15.581,Base Oficial Ergast Motor Racing Database / FIA Qualifying Classification
2025,7,hadjar,Isack Hadjar,RB F1 Team,9,1:16.253,1:15.510,1:15.746,Base Oficial Ergast Motor Racing Database / FIA Qualifying Classification
2025,7,gasly,Pierre Gasly,Alpine F1 Team,10,1:15.937,1:15.505,1:15.787,Base Oficial Ergast Motor Racing Database / FIA Qualifying Classification
2025,7,leclerc,Charles Leclerc,Ferrari,11,1:16.108,1:15.604,\N,Base Oficial Ergast Motor Racing Database / FIA Qualifying Classification
2025,7,hamilton,Lewis Hamilton,Ferrari,12,1:16.163,1:15.765,\N,Base Oficial Ergast Motor Racing Database / FIA Qualifying Classification
2025,7,antonelli,Andrea Kimi Antonelli,Mercedes,13,1:15.943,1:15.772,\N,Base Oficial Ergast Motor Racing Database / FIA Qualifying Classification
2025,7,bortoleto,Gabriel Bortoleto,Sauber,14,1:16.340,1:16.260,\N,Base Oficial Ergast Motor Racing Database / FIA Qualifying Classification
2025,7,colapinto,Franco Colapinto,Alpine F1 Team,15,1:16.256,\N,\N,Base Oficial Ergast Motor Racing Database / FIA Qualifying Classification
2025,7,lawson,Liam Lawson,RB F1 Team,16,1:16.379,\N,\N,Base Oficial Ergast Motor Racing Database / FIA Qualifying Classification
2025,7,hulkenberg,Nico Hulkenberg,Sauber,17,1:16.518,\N,\N,Base Oficial Ergast Motor Racing Database / FIA Qualifying Classification
2025,7,ocon,Esteban Ocon,Haas F1 Team,18,1:16.613,\N,\N,Base Oficial Ergast Motor Racing Database / FIA Qualifying Classification
2025,7,bearman,Oliver Bearman,Haas F1 Team,19,1:16.918,\N,\N,Base Oficial Ergast Motor Racing Database / FIA Qualifying Classification
2025,7,tsunoda,Yuki Tsunoda,Red Bull,20,\N,\N,\N,Base Oficial Ergast Motor Racing Database / FIA Qualifying Classification
2025,8,norris,Lando Norris,McLaren,1,1:11.285,1:10.570,1:09.954,Base Oficial Ergast Motor Racing Database / FIA Qualifying Classification
2025,8,leclerc,Charles Leclerc,Ferrari,2,1:11.229,1:10.581,1:10.063,Base Oficial Ergast Motor Racing Database / FIA Qualifying Classification
2025,8,piastri,Oscar Piastri,McLaren,3,1:11.308,1:10.858,1:10.129,Base Oficial Ergast Motor Racing Database / FIA Qualifying Classification
2025,8,hamilton,Lewis Hamilton,Ferrari,4,1:11.575,1:10.883,1:10.382,Base Oficial Ergast Motor Racing Database / FIA Qualifying Classification
2025,8,max_verstappen,Max Verstappen,Red Bull,5,1:11.431,1:10.875,1:10.669,Base Oficial Ergast Motor Racing Database / FIA Qualifying Classification
2025,8,hadjar,Isack Hadjar,RB F1 Team,6,1:11.811,1:11.040,1:10.923,Base Oficial Ergast Motor Racing Database / FIA Qualifying Classification
2025,8,alonso,Fernando Alonso,Aston Martin,7,1:11.674,1:11.182,1:10.924,Base Oficial Ergast Motor Racing Database / FIA Qualifying Classification
2025,8,ocon,Esteban Ocon,Haas F1 Team,8,1:11.839,1:11.262,1:10.942,Base Oficial Ergast Motor Racing Database / FIA Qualifying Classification
2025,8,lawson,Liam Lawson,RB F1 Team,9,1:11.818,1:11.250,1:11.129,Base Oficial Ergast Motor Racing Database / FIA Qualifying Classification
2025,8,albon,Alexander Albon,Williams,10,1:11.629,1:10.732,1:11.213,Base Oficial Ergast Motor Racing Database / FIA Qualifying Classification
2025,8,sainz,Carlos Sainz,Williams,11,1:11.707,1:11.362,\N,Base Oficial Ergast Motor Racing Database / FIA Qualifying Classification
2025,8,tsunoda,Yuki Tsunoda,Red Bull,12,1:11.800,1:11.415,\N,Base Oficial Ergast Motor Racing Database / FIA Qualifying Classification
2025,8,hulkenberg,Nico Hulkenberg,Sauber,13,1:11.871,1:11.596,\N,Base Oficial Ergast Motor Racing Database / FIA Qualifying Classification
2025,8,russell,George Russell,Mercedes,14,1:11.507,\N,\N,Base Oficial Ergast Motor Racing Database / FIA Qualifying Classification
2025,8,antonelli,Andrea Kimi Antonelli,Mercedes,15,1:11.880,\N,\N,Base Oficial Ergast Motor Racing Database / FIA Qualifying Classification
2025,8,bortoleto,Gabriel Bortoleto,Sauber,16,1:11.902,\N,\N,Base Oficial Ergast Motor Racing Database / FIA Qualifying Classification
2025,8,bearman,Oliver Bearman,Haas F1 Team,17,1:11.979,\N,\N,Base Oficial Ergast Motor Racing Database / FIA Qualifying Classification
2025,8,gasly,Pierre Gasly,Alpine F1 Team,18,1:11.994,\N,\N,Base Oficial Ergast Motor Racing Database / FIA Qualifying Classification
2025,8,stroll,Lance Stroll,Aston Martin,19,1:12.563,\N,\N,Base Oficial Ergast Motor Racing Database / FIA Qualifying Classification
2025,8,colapinto,Franco Colapinto,Alpine F1 Team,20,1:12.597,\N,\N,Base Oficial Ergast Motor Racing Database / FIA Qualifying Classification
2025,9,piastri,Oscar Piastri,McLaren,1,1:12.551,1:11.998,1:11.546,Base Oficial Ergast Motor Racing Database / FIA Qualifying Classification
2025,9,norris,Lando Norris,McLaren,2,1:12.799,1:12.056,1:11.755,Base Oficial Ergast Motor Racing Database / FIA Qualifying Classification
2025,9,max_verstappen,Max Verstappen,Red Bull,3,1:12.798,1:12.358,1:11.848,Base Oficial Ergast Motor Racing Database / FIA Qualifying Classification
2025,9,russell,George Russell,Mercedes,4,1:12.806,1:12.407,1:11.848,Base Oficial Ergast Motor Racing Database / FIA Qualifying Classification
2025,9,hamilton,Lewis Hamilton,Ferrari,5,1:13.058,1:12.447,1:12.045,Base Oficial Ergast Motor Racing Database / FIA Qualifying Classification
2025,9,antonelli,Andrea Kimi Antonelli,Mercedes,6,1:12.815,1:12.585,1:12.111,Base Oficial Ergast Motor Racing Database / FIA Qualifying Classification
2025,9,leclerc,Charles Leclerc,Ferrari,7,1:13.014,1:12.495,1:12.131,Base Oficial Ergast Motor Racing Database / FIA Qualifying Classification
2025,9,gasly,Pierre Gasly,Alpine F1 Team,8,1:13.081,1:12.611,1:12.199,Base Oficial Ergast Motor Racing Database / FIA Qualifying Classification
2025,9,hadjar,Isack Hadjar,RB F1 Team,9,1:13.139,1:12.461,1:12.252,Base Oficial Ergast Motor Racing Database / FIA Qualifying Classification
2025,9,alonso,Fernando Alonso,Aston Martin,10,1:13.102,1:12.523,1:12.284,Base Oficial Ergast Motor Racing Database / FIA Qualifying Classification
2025,9,albon,Alexander Albon,Williams,11,1:13.044,1:12.641,\N,Base Oficial Ergast Motor Racing Database / FIA Qualifying Classification
2025,9,bortoleto,Gabriel Bortoleto,Sauber,12,1:13.045,1:12.756,\N,Base Oficial Ergast Motor Racing Database / FIA Qualifying Classification
2025,9,lawson,Liam Lawson,RB F1 Team,13,1:13.039,1:12.763,\N,Base Oficial Ergast Motor Racing Database / FIA Qualifying Classification
2025,9,stroll,Lance Stroll,Aston Martin,14,1:13.038,1:13.058,\N,Base Oficial Ergast Motor Racing Database / FIA Qualifying Classification
2025,9,bearman,Oliver Bearman,Haas F1 Team,15,1:13.074,1:13.315,\N,Base Oficial Ergast Motor Racing Database / FIA Qualifying Classification
2025,9,hulkenberg,Nico Hulkenberg,Sauber,16,1:13.190,\N,\N,Base Oficial Ergast Motor Racing Database / FIA Qualifying Classification
2025,9,ocon,Esteban Ocon,Haas F1 Team,17,1:13.201,\N,\N,Base Oficial Ergast Motor Racing Database / FIA Qualifying Classification
2025,9,sainz,Carlos Sainz,Williams,18,1:13.203,\N,\N,Base Oficial Ergast Motor Racing Database / FIA Qualifying Classification
2025,9,colapinto,Franco Colapinto,Alpine F1 Team,19,1:13.334,\N,\N,Base Oficial Ergast Motor Racing Database / FIA Qualifying Classification
2025,9,tsunoda,Yuki Tsunoda,Red Bull,20,1:13.385,\N,\N,Base Oficial Ergast Motor Racing Database / FIA Qualifying Classification
2025,10,russell,George Russell,Mercedes,1,1:12.075,1:11.570,1:10.899,Base Oficial Ergast Motor Racing Database / FIA Qualifying Classification
2025,10,max_verstappen,Max Verstappen,Red Bull,2,1:12.054,1:11.638,1:11.059,Base Oficial Ergast Motor Racing Database / FIA Qualifying Classification
2025,10,piastri,Oscar Piastri,McLaren,3,1:11.939,1:11.715,1:11.120,Base Oficial Ergast Motor Racing Database / FIA Qualifying Classification
2025,10,antonelli,Andrea Kimi Antonelli,Mercedes,4,1:12.279,1:11.974,1:11.391,Base Oficial Ergast Motor Racing Database / FIA Qualifying Classification
2025,10,hamilton,Lewis Hamilton,Ferrari,5,1:11.952,1:11.885,1:11.526,Base Oficial Ergast Motor Racing Database / FIA Qualifying Classification
2025,10,alonso,Fernando Alonso,Aston Martin,6,1:12.073,1:11.805,1:11.586,Base Oficial Ergast Motor Racing Database / FIA Qualifying Classification
2025,10,norris,Lando Norris,McLaren,7,1:11.826,1:11.599,1:11.625,Base Oficial Ergast Motor Racing Database / FIA Qualifying Classification
2025,10,leclerc,Charles Leclerc,Ferrari,8,1:12.038,1:11.626,1:11.682,Base Oficial Ergast Motor Racing Database / FIA Qualifying Classification
2025,10,hadjar,Isack Hadjar,RB F1 Team,9,1:12.211,1:12.003,1:11.867,Base Oficial Ergast Motor Racing Database / FIA Qualifying Classification
2025,10,albon,Alexander Albon,Williams,10,1:12.090,1:11.892,1:11.907,Base Oficial Ergast Motor Racing Database / FIA Qualifying Classification
2025,10,tsunoda,Yuki Tsunoda,Red Bull,11,1:12.334,1:12.102,\N,Base Oficial Ergast Motor Racing Database / FIA Qualifying Classification
2025,10,colapinto,Franco Colapinto,Alpine F1 Team,12,1:12.234,1:12.142,\N,Base Oficial Ergast Motor Racing Database / FIA Qualifying Classification
2025,10,hulkenberg,Nico Hulkenberg,Sauber,13,1:12.323,1:12.183,\N,Base Oficial Ergast Motor Racing Database / FIA Qualifying Classification
2025,10,bearman,Oliver Bearman,Haas F1 Team,14,1:12.306,1:12.340,\N,Base Oficial Ergast Motor Racing Database / FIA Qualifying Classification
2025,10,ocon,Esteban Ocon,Haas F1 Team,15,1:12.378,1:12.634,\N,Base Oficial Ergast Motor Racing Database / FIA Qualifying Classification
2025,10,bortoleto,Gabriel Bortoleto,Sauber,16,1:12.385,\N,\N,Base Oficial Ergast Motor Racing Database / FIA Qualifying Classification
2025,10,sainz,Carlos Sainz,Williams,17,1:12.398,\N,\N,Base Oficial Ergast Motor Racing Database / FIA Qualifying Classification
2025,10,stroll,Lance Stroll,Aston Martin,18,1:12.517,\N,\N,Base Oficial Ergast Motor Racing Database / FIA Qualifying Classification
2025,10,lawson,Liam Lawson,RB F1 Team,19,1:12.525,\N,\N,Base Oficial Ergast Motor Racing Database / FIA Qualifying Classification
2025,10,gasly,Pierre Gasly,Alpine F1 Team,20,1:12.667,\N,\N,Base Oficial Ergast Motor Racing Database / FIA Qualifying Classification
2025,11,norris,Lando Norris,McLaren,1,1:04.672,1:04.410,1:03.971,Base Oficial Ergast Motor Racing Database / FIA Qualifying Classification
2025,11,leclerc,Charles Leclerc,Ferrari,2,1:05.197,1:04.734,1:04.492,Base Oficial Ergast Motor Racing Database / FIA Qualifying Classification
2025,11,piastri,Oscar Piastri,McLaren,3,1:04.966,1:04.556,1:04.554,Base Oficial Ergast Motor Racing Database / FIA Qualifying Classification
2025,11,hamilton,Lewis Hamilton,Ferrari,4,1:05.115,1:04.896,1:04.582,Base Oficial Ergast Motor Racing Database / FIA Qualifying Classification
2025,11,russell,George Russell,Mercedes,5,1:05.189,1:04.860,1:04.763,Base Oficial Ergast Motor Racing Database / FIA Qualifying Classification
2025,11,lawson,Liam Lawson,RB F1 Team,6,1:05.017,1:05.041,1:04.926,Base Oficial Ergast Motor Racing Database / FIA Qualifying Classification
2025,11,max_verstappen,Max Verstappen,Red Bull,7,1:05.106,1:04.836,1:04.929,Base Oficial Ergast Motor Racing Database / FIA Qualifying Classification
2025,11,bortoleto,Gabriel Bortoleto,Sauber,8,1:05.123,1:04.846,1:05.132,Base Oficial Ergast Motor Racing Database / FIA Qualifying Classification
2025,11,antonelli,Andrea Kimi Antonelli,Mercedes,9,1:05.178,1:05.052,1:05.276,Base Oficial Ergast Motor Racing Database / FIA Qualifying Classification
2025,11,gasly,Pierre Gasly,Alpine F1 Team,10,1:05.054,1:04.846,1:05.649,Base Oficial Ergast Motor Racing Database / FIA Qualifying Classification
2025,11,alonso,Fernando Alonso,Aston Martin,11,1:05.197,1:05.128,\N,Base Oficial Ergast Motor Racing Database / FIA Qualifying Classification
2025,11,albon,Alexander Albon,Williams,12,1:05.143,1:05.205,\N,Base Oficial Ergast Motor Racing Database / FIA Qualifying Classification
2025,11,hadjar,Isack Hadjar,RB F1 Team,13,1:05.063,1:05.226,\N,Base Oficial Ergast Motor Racing Database / FIA Qualifying Classification
2025,11,colapinto,Franco Colapinto,Alpine F1 Team,14,1:05.278,1:05.288,\N,Base Oficial Ergast Motor Racing Database / FIA Qualifying Classification
2025,11,bearman,Oliver Bearman,Haas F1 Team,15,1:05.218,1:05.312,\N,Base Oficial Ergast Motor Racing Database / FIA Qualifying Classification
2025,11,stroll,Lance Stroll,Aston Martin,16,1:05.329,\N,\N,Base Oficial Ergast Motor Racing Database / FIA Qualifying Classification
2025,11,ocon,Esteban Ocon,Haas F1 Team,17,1:05.364,\N,\N,Base Oficial Ergast Motor Racing Database / FIA Qualifying Classification
2025,11,tsunoda,Yuki Tsunoda,Red Bull,18,1:05.369,\N,\N,Base Oficial Ergast Motor Racing Database / FIA Qualifying Classification
2025,11,sainz,Carlos Sainz,Williams,19,1:05.582,\N,\N,Base Oficial Ergast Motor Racing Database / FIA Qualifying Classification
2025,11,hulkenberg,Nico Hulkenberg,Sauber,20,1:05.606,\N,\N,Base Oficial Ergast Motor Racing Database / FIA Qualifying Classification
2025,12,max_verstappen,Max Verstappen,Red Bull,1,1:25.886,1:25.316,1:24.892,Base Oficial Ergast Motor Racing Database / FIA Qualifying Classification
2025,12,piastri,Oscar Piastri,McLaren,2,1:25.963,1:25.316,1:24.995,Base Oficial Ergast Motor Racing Database / FIA Qualifying Classification
2025,12,norris,Lando Norris,McLaren,3,1:26.123,1:25.231,1:25.010,Base Oficial Ergast Motor Racing Database / FIA Qualifying Classification
2025,12,russell,George Russell,Mercedes,4,1:26.236,1:25.637,1:25.029,Base Oficial Ergast Motor Racing Database / FIA Qualifying Classification
2025,12,hamilton,Lewis Hamilton,Ferrari,5,1:26.296,1:25.084,1:25.095,Base Oficial Ergast Motor Racing Database / FIA Qualifying Classification
2025,12,leclerc,Charles Leclerc,Ferrari,6,1:26.186,1:25.133,1:25.121,Base Oficial Ergast Motor Racing Database / FIA Qualifying Classification
2025,12,antonelli,Andrea Kimi Antonelli,Mercedes,7,1:26.265,1:25.620,1:25.374,Base Oficial Ergast Motor Racing Database / FIA Qualifying Classification
2025,12,bearman,Oliver Bearman,Haas F1 Team,8,1:26.005,1:25.534,1:25.471,Base Oficial Ergast Motor Racing Database / FIA Qualifying Classification
2025,12,alonso,Fernando Alonso,Aston Martin,9,1:26.108,1:25.593,1:25.621,Base Oficial Ergast Motor Racing Database / FIA Qualifying Classification
2025,12,gasly,Pierre Gasly,Alpine F1 Team,10,1:26.328,1:25.711,1:25.785,Base Oficial Ergast Motor Racing Database / FIA Qualifying Classification
2025,12,sainz,Carlos Sainz,Williams,11,1:26.175,1:25.746,\N,Base Oficial Ergast Motor Racing Database / FIA Qualifying Classification
2025,12,tsunoda,Yuki Tsunoda,Red Bull,12,1:26.275,1:25.826,\N,Base Oficial Ergast Motor Racing Database / FIA Qualifying Classification
2025,12,hadjar,Isack Hadjar,RB F1 Team,13,1:26.177,1:25.864,\N,Base Oficial Ergast Motor Racing Database / FIA Qualifying Classification
2025,12,albon,Alexander Albon,Williams,14,1:26.093,1:25.889,\N,Base Oficial Ergast Motor Racing Database / FIA Qualifying Classification
2025,12,ocon,Esteban Ocon,Haas F1 Team,15,1:26.136,1:25.950,\N,Base Oficial Ergast Motor Racing Database / FIA Qualifying Classification
2025,12,lawson,Liam Lawson,RB F1 Team,16,1:26.440,\N,\N,Base Oficial Ergast Motor Racing Database / FIA Qualifying Classification
2025,12,bortoleto,Gabriel Bortoleto,Sauber,17,1:26.446,\N,\N,Base Oficial Ergast Motor Racing Database / FIA Qualifying Classification
2025,12,stroll,Lance Stroll,Aston Martin,18,1:26.504,\N,\N,Base Oficial Ergast Motor Racing Database / FIA Qualifying Classification
2025,12,hulkenberg,Nico Hulkenberg,Sauber,19,1:26.574,\N,\N,Base Oficial Ergast Motor Racing Database / FIA Qualifying Classification
2025,12,colapinto,Franco Colapinto,Alpine F1 Team,20,1:27.060,\N,\N,Base Oficial Ergast Motor Racing Database / FIA Qualifying Classification
2025,13,norris,Lando Norris,McLaren,1,1:41.010,1:40.715,1:40.562,Base Oficial Ergast Motor Racing Database / FIA Qualifying Classification
2025,13,piastri,Oscar Piastri,McLaren,2,1:41.201,1:40.626,1:40.647,Base Oficial Ergast Motor Racing Database / FIA Qualifying Classification
2025,13,leclerc,Charles Leclerc,Ferrari,3,1:41.635,1:41.084,1:40.900,Base Oficial Ergast Motor Racing Database / FIA Qualifying Classification
2025,13,max_verstappen,Max Verstappen,Red Bull,4,1:41.334,1:40.951,1:40.903,Base Oficial Ergast Motor Racing Database / FIA Qualifying Classification
2025,13,albon,Alexander Albon,Williams,5,1:41.772,1:41.505,1:41.201,Base Oficial Ergast Motor Racing Database / FIA Qualifying Classification
2025,13,russell,George Russell,Mercedes,6,1:41.784,1:41.254,1:41.260,Base Oficial Ergast Motor Racing Database / FIA Qualifying Classification
2025,13,tsunoda,Yuki Tsunoda,Red Bull,7,1:41.840,1:41.245,1:41.284,Base Oficial Ergast Motor Racing Database / FIA Qualifying Classification
2025,13,hadjar,Isack Hadjar,RB F1 Team,8,1:41.572,1:41.281,1:41.310,Base Oficial Ergast Motor Racing Database / FIA Qualifying Classification
2025,13,lawson,Liam Lawson,RB F1 Team,9,1:41.748,1:41.297,1:41.328,Base Oficial Ergast Motor Racing Database / FIA Qualifying Classification
2025,13,bortoleto,Gabriel Bortoleto,Sauber,10,1:41.908,1:41.336,1:42.387,Base Oficial Ergast Motor Racing Database / FIA Qualifying Classification
2025,13,ocon,Esteban Ocon,Haas F1 Team,11,1:41.884,1:41.525,\N,Base Oficial Ergast Motor Racing Database / FIA Qualifying Classification
2025,13,bearman,Oliver Bearman,Haas F1 Team,12,1:41.617,1:41.617,\N,Base Oficial Ergast Motor Racing Database / FIA Qualifying Classification
2025,13,gasly,Pierre Gasly,Alpine F1 Team,13,1:41.800,1:41.633,\N,Base Oficial Ergast Motor Racing Database / FIA Qualifying Classification
2025,13,hulkenberg,Nico Hulkenberg,Sauber,14,1:41.844,1:41.707,\N,Base Oficial Ergast Motor Racing Database / FIA Qualifying Classification
2025,13,sainz,Carlos Sainz,Williams,15,1:41.691,1:41.758,\N,Base Oficial Ergast Motor Racing Database / FIA Qualifying Classification
2025,13,hamilton,Lewis Hamilton,Ferrari,16,1:41.939,\N,\N,Base Oficial Ergast Motor Racing Database / FIA Qualifying Classification
2025,13,colapinto,Franco Colapinto,Alpine F1 Team,17,1:42.022,\N,\N,Base Oficial Ergast Motor Racing Database / FIA Qualifying Classification
2025,13,antonelli,Andrea Kimi Antonelli,Mercedes,18,1:42.139,\N,\N,Base Oficial Ergast Motor Racing Database / FIA Qualifying Classification
2025,13,alonso,Fernando Alonso,Aston Martin,19,1:42.385,\N,\N,Base Oficial Ergast Motor Racing Database / FIA Qualifying Classification
2025,13,stroll,Lance Stroll,Aston Martin,20,1:42.502,\N,\N,Base Oficial Ergast Motor Racing Database / FIA Qualifying Classification
2025,14,leclerc,Charles Leclerc,Ferrari,1,1:15.582,1:15.455,1:15.372,Base Oficial Ergast Motor Racing Database / FIA Qualifying Classification
2025,14,piastri,Oscar Piastri,McLaren,2,1:15.211,1:14.941,1:15.398,Base Oficial Ergast Motor Racing Database / FIA Qualifying Classification
2025,14,norris,Lando Norris,McLaren,3,1:15.523,1:14.890,1:15.413,Base Oficial Ergast Motor Racing Database / FIA Qualifying Classification
2025,14,russell,George Russell,Mercedes,4,1:15.627,1:15.201,1:15.425,Base Oficial Ergast Motor Racing Database / FIA Qualifying Classification
2025,14,alonso,Fernando Alonso,Aston Martin,5,1:15.281,1:15.395,1:15.481,Base Oficial Ergast Motor Racing Database / FIA Qualifying Classification
2025,14,stroll,Lance Stroll,Aston Martin,6,1:15.673,1:15.129,1:15.498,Base Oficial Ergast Motor Racing Database / FIA Qualifying Classification
2025,14,bortoleto,Gabriel Bortoleto,Sauber,7,1:15.586,1:15.687,1:15.725,Base Oficial Ergast Motor Racing Database / FIA Qualifying Classification
2025,14,max_verstappen,Max Verstappen,Red Bull,8,1:15.736,1:15.547,1:15.728,Base Oficial Ergast Motor Racing Database / FIA Qualifying Classification
2025,14,lawson,Liam Lawson,RB F1 Team,9,1:15.849,1:15.630,1:15.821,Base Oficial Ergast Motor Racing Database / FIA Qualifying Classification
2025,14,hadjar,Isack Hadjar,RB F1 Team,10,1:15.516,1:15.469,1:15.915,Base Oficial Ergast Motor Racing Database / FIA Qualifying Classification
2025,14,bearman,Oliver Bearman,Haas F1 Team,11,1:15.750,1:15.694,\N,Base Oficial Ergast Motor Racing Database / FIA Qualifying Classification
2025,14,hamilton,Lewis Hamilton,Ferrari,12,1:15.733,1:15.702,\N,Base Oficial Ergast Motor Racing Database / FIA Qualifying Classification
2025,14,sainz,Carlos Sainz,Williams,13,1:15.652,1:15.781,\N,Base Oficial Ergast Motor Racing Database / FIA Qualifying Classification
2025,14,colapinto,Franco Colapinto,Alpine F1 Team,14,1:15.875,1:16.159,\N,Base Oficial Ergast Motor Racing Database / FIA Qualifying Classification
2025,14,antonelli,Andrea Kimi Antonelli,Mercedes,15,1:15.782,1:16.386,\N,Base Oficial Ergast Motor Racing Database / FIA Qualifying Classification
2025,14,tsunoda,Yuki Tsunoda,Red Bull,16,1:15.899,\N,\N,Base Oficial Ergast Motor Racing Database / FIA Qualifying Classification
2025,14,gasly,Pierre Gasly,Alpine F1 Team,17,1:15.966,\N,\N,Base Oficial Ergast Motor Racing Database / FIA Qualifying Classification
2025,14,ocon,Esteban Ocon,Haas F1 Team,18,1:16.023,\N,\N,Base Oficial Ergast Motor Racing Database / FIA Qualifying Classification
2025,14,hulkenberg,Nico Hulkenberg,Sauber,19,1:16.081,\N,\N,Base Oficial Ergast Motor Racing Database / FIA Qualifying Classification
2025,14,albon,Alexander Albon,Williams,20,1:16.223,\N,\N,Base Oficial Ergast Motor Racing Database / FIA Qualifying Classification
2025,15,piastri,Oscar Piastri,McLaren,1,1:09.338,1:08.964,1:08.662,Base Oficial Ergast Motor Racing Database / FIA Qualifying Classification
2025,15,norris,Lando Norris,McLaren,2,1:09.469,1:08.874,1:08.674,Base Oficial Ergast Motor Racing Database / FIA Qualifying Classification
2025,15,max_verstappen,Max Verstappen,Red Bull,3,1:09.696,1:09.122,1:08.925,Base Oficial Ergast Motor Racing Database / FIA Qualifying Classification
2025,15,hadjar,Isack Hadjar,RB F1 Team,4,1:09.966,1:09.439,1:09.208,Base Oficial Ergast Motor Racing Database / FIA Qualifying Classification
2025,15,russell,George Russell,Mercedes,5,1:09.676,1:09.313,1:09.255,Base Oficial Ergast Motor Racing Database / FIA Qualifying Classification
2025,15,leclerc,Charles Leclerc,Ferrari,6,1:09.906,1:09.304,1:09.340,Base Oficial Ergast Motor Racing Database / FIA Qualifying Classification
2025,15,hamilton,Lewis Hamilton,Ferrari,7,1:09.900,1:09.261,1:09.390,Base Oficial Ergast Motor Racing Database / FIA Qualifying Classification
2025,15,lawson,Liam Lawson,RB F1 Team,8,1:09.779,1:09.383,1:09.500,Base Oficial Ergast Motor Racing Database / FIA Qualifying Classification
2025,15,sainz,Carlos Sainz,Williams,9,1:09.980,1:09.472,1:09.505,Base Oficial Ergast Motor Racing Database / FIA Qualifying Classification
2025,15,alonso,Fernando Alonso,Aston Martin,10,1:09.950,1:09.366,1:09.630,Base Oficial Ergast Motor Racing Database / FIA Qualifying Classification
2025,15,antonelli,Andrea Kimi Antonelli,Mercedes,11,1:09.845,1:09.493,\N,Base Oficial Ergast Motor Racing Database / FIA Qualifying Classification
2025,15,tsunoda,Yuki Tsunoda,Red Bull,12,1:09.954,1:09.622,\N,Base Oficial Ergast Motor Racing Database / FIA Qualifying Classification
2025,15,bortoleto,Gabriel Bortoleto,Sauber,13,1:10.037,1:09.622,\N,Base Oficial Ergast Motor Racing Database / FIA Qualifying Classification
2025,15,gasly,Pierre Gasly,Alpine F1 Team,14,1:09.894,1:09.637,\N,Base Oficial Ergast Motor Racing Database / FIA Qualifying Classification
2025,15,albon,Alexander Albon,Williams,15,1:09.792,1:09.652,\N,Base Oficial Ergast Motor Racing Database / FIA Qualifying Classification
2025,15,colapinto,Franco Colapinto,Alpine F1 Team,16,1:10.104,\N,\N,Base Oficial Ergast Motor Racing Database / FIA Qualifying Classification
2025,15,hulkenberg,Nico Hulkenberg,Sauber,17,1:10.195,\N,\N,Base Oficial Ergast Motor Racing Database / FIA Qualifying Classification
2025,15,ocon,Esteban Ocon,Haas F1 Team,18,1:10.197,\N,\N,Base Oficial Ergast Motor Racing Database / FIA Qualifying Classification
2025,15,bearman,Oliver Bearman,Haas F1 Team,19,1:10.262,\N,\N,Base Oficial Ergast Motor Racing Database / FIA Qualifying Classification
2025,15,stroll,Lance Stroll,Aston Martin,20,\N,\N,\N,Base Oficial Ergast Motor Racing Database / FIA Qualifying Classification
2025,16,max_verstappen,Max Verstappen,Red Bull,1,1:19.455,1:19.140,1:18.792,Base Oficial Ergast Motor Racing Database / FIA Qualifying Classification
2025,16,norris,Lando Norris,McLaren,2,1:19.517,1:19.293,1:18.869,Base Oficial Ergast Motor Racing Database / FIA Qualifying Classification
2025,16,piastri,Oscar Piastri,McLaren,3,1:19.711,1:19.286,1:18.982,Base Oficial Ergast Motor Racing Database / FIA Qualifying Classification
2025,16,leclerc,Charles Leclerc,Ferrari,4,1:19.689,1:19.310,1:19.007,Base Oficial Ergast Motor Racing Database / FIA Qualifying Classification
2025,16,hamilton,Lewis Hamilton,Ferrari,5,1:19.765,1:19.371,1:19.124,Base Oficial Ergast Motor Racing Database / FIA Qualifying Classification
2025,16,russell,George Russell,Mercedes,6,1:19.414,1:19.287,1:19.157,Base Oficial Ergast Motor Racing Database / FIA Qualifying Classification
2025,16,antonelli,Andrea Kimi Antonelli,Mercedes,7,1:19.747,1:19.245,1:19.200,Base Oficial Ergast Motor Racing Database / FIA Qualifying Classification
2025,16,bortoleto,Gabriel Bortoleto,Sauber,8,1:19.688,1:19.323,1:19.390,Base Oficial Ergast Motor Racing Database / FIA Qualifying Classification
2025,16,alonso,Fernando Alonso,Aston Martin,9,1:19.658,1:19.362,1:19.424,Base Oficial Ergast Motor Racing Database / FIA Qualifying Classification
2025,16,tsunoda,Yuki Tsunoda,Red Bull,10,1:19.619,1:19.433,1:19.519,Base Oficial Ergast Motor Racing Database / FIA Qualifying Classification
2025,16,bearman,Oliver Bearman,Haas F1 Team,11,1:19.688,1:19.446,\N,Base Oficial Ergast Motor Racing Database / FIA Qualifying Classification
2025,16,hulkenberg,Nico Hulkenberg,Sauber,12,1:19.777,1:19.498,\N,Base Oficial Ergast Motor Racing Database / FIA Qualifying Classification
2025,16,sainz,Carlos Sainz,Williams,13,1:19.644,1:19.528,\N,Base Oficial Ergast Motor Racing Database / FIA Qualifying Classification
2025,16,albon,Alexander Albon,Williams,14,1:19.837,1:19.583,\N,Base Oficial Ergast Motor Racing Database / FIA Qualifying Classification
2025,16,ocon,Esteban Ocon,Haas F1 Team,15,1:19.816,1:19.707,\N,Base Oficial Ergast Motor Racing Database / FIA Qualifying Classification
2025,16,hadjar,Isack Hadjar,RB F1 Team,16,1:19.917,\N,\N,Base Oficial Ergast Motor Racing Database / FIA Qualifying Classification
2025,16,stroll,Lance Stroll,Aston Martin,17,1:19.948,\N,\N,Base Oficial Ergast Motor Racing Database / FIA Qualifying Classification
2025,16,colapinto,Franco Colapinto,Alpine F1 Team,18,1:19.992,\N,\N,Base Oficial Ergast Motor Racing Database / FIA Qualifying Classification
2025,16,gasly,Pierre Gasly,Alpine F1 Team,19,1:20.103,\N,\N,Base Oficial Ergast Motor Racing Database / FIA Qualifying Classification
2025,16,lawson,Liam Lawson,RB F1 Team,20,1:20.279,\N,\N,Base Oficial Ergast Motor Racing Database / FIA Qualifying Classification
2025,17,max_verstappen,Max Verstappen,Red Bull,1,1:41.331,1:41.255,1:41.117,Base Oficial Ergast Motor Racing Database / FIA Qualifying Classification
2025,17,sainz,Carlos Sainz,Williams,2,1:42.635,1:41.675,1:41.595,Base Oficial Ergast Motor Racing Database / FIA Qualifying Classification
2025,17,lawson,Liam Lawson,RB F1 Team,3,1:42.257,1:41.537,1:41.707,Base Oficial Ergast Motor Racing Database / FIA Qualifying Classification
2025,17,antonelli,Andrea Kimi Antonelli,Mercedes,4,1:42.247,1:41.464,1:41.717,Base Oficial Ergast Motor Racing Database / FIA Qualifying Classification
2025,17,russell,George Russell,Mercedes,5,1:41.646,1:41.455,1:42.070,Base Oficial Ergast Motor Racing Database / FIA Qualifying Classification
2025,17,tsunoda,Yuki Tsunoda,Red Bull,6,1:42.347,1:41.788,1:42.143,Base Oficial Ergast Motor Racing Database / FIA Qualifying Classification
2025,17,norris,Lando Norris,McLaren,7,1:41.322,1:41.396,1:42.239,Base Oficial Ergast Motor Racing Database / FIA Qualifying Classification
2025,17,hadjar,Isack Hadjar,RB F1 Team,8,1:41.656,1:41.647,1:42.372,Base Oficial Ergast Motor Racing Database / FIA Qualifying Classification
2025,17,piastri,Oscar Piastri,McLaren,9,1:41.839,1:41.414,\N,Base Oficial Ergast Motor Racing Database / FIA Qualifying Classification
2025,17,leclerc,Charles Leclerc,Ferrari,10,1:41.458,1:41.519,\N,Base Oficial Ergast Motor Racing Database / FIA Qualifying Classification
2025,17,alonso,Fernando Alonso,Aston Martin,11,1:42.211,1:41.857,\N,Base Oficial Ergast Motor Racing Database / FIA Qualifying Classification
2025,17,hamilton,Lewis Hamilton,Ferrari,12,1:41.821,1:42.183,\N,Base Oficial Ergast Motor Racing Database / FIA Qualifying Classification
2025,17,bortoleto,Gabriel Bortoleto,Sauber,13,1:42.511,1:42.277,\N,Base Oficial Ergast Motor Racing Database / FIA Qualifying Classification
2025,17,stroll,Lance Stroll,Aston Martin,14,1:42.101,1:43.061,\N,Base Oficial Ergast Motor Racing Database / FIA Qualifying Classification
2025,17,bearman,Oliver Bearman,Haas F1 Team,15,1:42.666,\N,\N,Base Oficial Ergast Motor Racing Database / FIA Qualifying Classification
2025,17,colapinto,Franco Colapinto,Alpine F1 Team,16,1:42.779,\N,\N,Base Oficial Ergast Motor Racing Database / FIA Qualifying Classification
2025,17,hulkenberg,Nico Hulkenberg,Sauber,17,1:42.916,\N,\N,Base Oficial Ergast Motor Racing Database / FIA Qualifying Classification
2025,17,gasly,Pierre Gasly,Alpine F1 Team,18,1:43.139,\N,\N,Base Oficial Ergast Motor Racing Database / FIA Qualifying Classification
2025,17,albon,Alexander Albon,Williams,19,1:43.778,\N,\N,Base Oficial Ergast Motor Racing Database / FIA Qualifying Classification
2025,17,ocon,Esteban Ocon,Haas F1 Team,20,\N,\N,\N,Base Oficial Ergast Motor Racing Database / FIA Qualifying Classification
2025,18,russell,George Russell,Mercedes,1,1:29.928,1:29.562,1:29.158,Base Oficial Ergast Motor Racing Database / FIA Qualifying Classification
2025,18,max_verstappen,Max Verstappen,Red Bull,2,1:30.028,1:29.572,1:29.340,Base Oficial Ergast Motor Racing Database / FIA Qualifying Classification
2025,18,piastri,Oscar Piastri,McLaren,3,1:30.313,1:29.813,1:29.524,Base Oficial Ergast Motor Racing Database / FIA Qualifying Classification
2025,18,antonelli,Andrea Kimi Antonelli,Mercedes,4,1:30.036,1:29.649,1:29.537,Base Oficial Ergast Motor Racing Database / FIA Qualifying Classification
2025,18,norris,Lando Norris,McLaren,5,1:29.932,1:29.809,1:29.586,Base Oficial Ergast Motor Racing Database / FIA Qualifying Classification
2025,18,hamilton,Lewis Hamilton,Ferrari,6,1:29.765,1:29.936,1:29.688,Base Oficial Ergast Motor Racing Database / FIA Qualifying Classification
2025,18,leclerc,Charles Leclerc,Ferrari,7,1:30.370,1:29.914,1:29.784,Base Oficial Ergast Motor Racing Database / FIA Qualifying Classification
2025,18,hadjar,Isack Hadjar,RB F1 Team,8,1:30.214,1:30.016,1:29.846,Base Oficial Ergast Motor Racing Database / FIA Qualifying Classification
2025,18,bearman,Oliver Bearman,Haas F1 Team,9,1:30.420,1:30.076,1:29.868,Base Oficial Ergast Motor Racing Database / FIA Qualifying Classification
2025,18,alonso,Fernando Alonso,Aston Martin,10,1:30.745,1:30.054,1:29.955,Base Oficial Ergast Motor Racing Database / FIA Qualifying Classification
2025,18,hulkenberg,Nico Hulkenberg,Sauber,11,1:30.715,1:30.141,\N,Base Oficial Ergast Motor Racing Database / FIA Qualifying Classification
2025,18,lawson,Liam Lawson,RB F1 Team,12,1:30.681,1:30.320,\N,Base Oficial Ergast Motor Racing Database / FIA Qualifying Classification
2025,18,albon,Alexander Albon,Williams,12,\N,1:30.202,\N,Base Oficial Ergast Motor Racing Database / FIA Qualifying Classification
2025,18,tsunoda,Yuki Tsunoda,Red Bull,13,1:30.574,1:30.353,\N,Base Oficial Ergast Motor Racing Database / FIA Qualifying Classification
2025,18,sainz,Carlos Sainz,Williams,13,\N,1:30.235,\N,Base Oficial Ergast Motor Racing Database / FIA Qualifying Classification
2025,18,bortoleto,Gabriel Bortoleto,Sauber,14,1:30.820,\N,\N,Base Oficial Ergast Motor Racing Database / FIA Qualifying Classification
2025,18,stroll,Lance Stroll,Aston Martin,15,1:30.949,\N,\N,Base Oficial Ergast Motor Racing Database / FIA Qualifying Classification
2025,18,colapinto,Franco Colapinto,Alpine F1 Team,16,1:30.982,\N,\N,Base Oficial Ergast Motor Racing Database / FIA Qualifying Classification
2025,18,ocon,Esteban Ocon,Haas F1 Team,17,1:30.989,\N,\N,Base Oficial Ergast Motor Racing Database / FIA Qualifying Classification
2025,18,gasly,Pierre Gasly,Alpine F1 Team,18,1:31.261,\N,\N,Base Oficial Ergast Motor Racing Database / FIA Qualifying Classification
2025,19,max_verstappen,Max Verstappen,Red Bull,1,1:33.207,1:32.701,1:32.510,Base Oficial Ergast Motor Racing Database / FIA Qualifying Classification
2025,19,norris,Lando Norris,McLaren,2,1:33.843,1:32.876,1:32.801,Base Oficial Ergast Motor Racing Database / FIA Qualifying Classification
2025,19,leclerc,Charles Leclerc,Ferrari,3,1:33.525,1:32.869,1:32.807,Base Oficial Ergast Motor Racing Database / FIA Qualifying Classification
2025,19,russell,George Russell,Mercedes,4,1:33.311,1:33.058,1:32.826,Base Oficial Ergast Motor Racing Database / FIA Qualifying Classification
2025,19,hamilton,Lewis Hamilton,Ferrari,5,1:33.685,1:32.914,1:32.912,Base Oficial Ergast Motor Racing Database / FIA Qualifying Classification
2025,19,piastri,Oscar Piastri,McLaren,6,1:33.746,1:33.228,1:33.084,Base Oficial Ergast Motor Racing Database / FIA Qualifying Classification
2025,19,antonelli,Andrea Kimi Antonelli,Mercedes,7,1:33.501,1:33.044,1:33.114,Base Oficial Ergast Motor Racing Database / FIA Qualifying Classification
2025,19,bearman,Oliver Bearman,Haas F1 Team,8,1:33.921,1:33.238,1:33.139,Base Oficial Ergast Motor Racing Database / FIA Qualifying Classification
2025,19,sainz,Carlos Sainz,Williams,9,1:33.739,1:33.124,1:33.150,Base Oficial Ergast Motor Racing Database / FIA Qualifying Classification
2025,19,alonso,Fernando Alonso,Aston Martin,10,1:33.741,1:33.237,1:33.160,Base Oficial Ergast Motor Racing Database / FIA Qualifying Classification
2025,19,hulkenberg,Nico Hulkenberg,Sauber,11,1:33.551,1:33.334,\N,Base Oficial Ergast Motor Racing Database / FIA Qualifying Classification
2025,19,lawson,Liam Lawson,RB F1 Team,12,1:33.549,1:33.360,\N,Base Oficial Ergast Motor Racing Database / FIA Qualifying Classification
2025,19,tsunoda,Yuki Tsunoda,Red Bull,13,1:33.935,1:33.466,\N,Base Oficial Ergast Motor Racing Database / FIA Qualifying Classification
2025,19,gasly,Pierre Gasly,Alpine F1 Team,14,1:33.599,1:33.651,\N,Base Oficial Ergast Motor Racing Database / FIA Qualifying Classification
2025,19,colapinto,Franco Colapinto,Alpine F1 Team,15,1:34.039,1:34.044,\N,Base Oficial Ergast Motor Racing Database / FIA Qualifying Classification
2025,19,bortoleto,Gabriel Bortoleto,Sauber,16,1:34.125,\N,\N,Base Oficial Ergast Motor Racing Database / FIA Qualifying Classification
2025,19,ocon,Esteban Ocon,Haas F1 Team,17,1:34.136,\N,\N,Base Oficial Ergast Motor Racing Database / FIA Qualifying Classification
2025,19,stroll,Lance Stroll,Aston Martin,18,1:34.540,\N,\N,Base Oficial Ergast Motor Racing Database / FIA Qualifying Classification
2025,19,albon,Alexander Albon,Williams,19,1:34.690,\N,\N,Base Oficial Ergast Motor Racing Database / FIA Qualifying Classification
2025,19,hadjar,Isack Hadjar,RB F1 Team,20,\N,\N,\N,Base Oficial Ergast Motor Racing Database / FIA Qualifying Classification
2025,20,norris,Lando Norris,McLaren,1,1:16.899,1:16.252,1:15.586,Base Oficial Ergast Motor Racing Database / FIA Qualifying Classification
2025,20,leclerc,Charles Leclerc,Ferrari,2,1:17.024,1:16.658,1:15.848,Base Oficial Ergast Motor Racing Database / FIA Qualifying Classification
2025,20,hamilton,Lewis Hamilton,Ferrari,3,1:16.736,1:16.458,1:15.938,Base Oficial Ergast Motor Racing Database / FIA Qualifying Classification
2025,20,russell,George Russell,Mercedes,4,1:16.895,1:16.537,1:16.034,Base Oficial Ergast Motor Racing Database / FIA Qualifying Classification
2025,20,max_verstappen,Max Verstappen,Red Bull,5,1:17.076,1:16.605,1:16.070,Base Oficial Ergast Motor Racing Database / FIA Qualifying Classification
2025,20,antonelli,Andrea Kimi Antonelli,Mercedes,6,1:17.291,1:16.773,1:16.118,Base Oficial Ergast Motor Racing Database / FIA Qualifying Classification
2025,20,sainz,Carlos Sainz,Williams,7,1:17.171,1:16.607,1:16.172,Base Oficial Ergast Motor Racing Database / FIA Qualifying Classification
2025,20,piastri,Oscar Piastri,McLaren,8,1:17.158,1:16.737,1:16.174,Base Oficial Ergast Motor Racing Database / FIA Qualifying Classification
2025,20,hadjar,Isack Hadjar,RB F1 Team,9,1:16.733,1:16.804,1:16.252,Base Oficial Ergast Motor Racing Database / FIA Qualifying Classification
2025,20,bearman,Oliver Bearman,Haas F1 Team,10,1:17.040,1:16.787,1:16.460,Base Oficial Ergast Motor Racing Database / FIA Qualifying Classification
2025,20,tsunoda,Yuki Tsunoda,Red Bull,11,1:17.234,1:16.816,\N,Base Oficial Ergast Motor Racing Database / FIA Qualifying Classification
2025,20,ocon,Esteban Ocon,Haas F1 Team,12,1:16.948,1:16.837,\N,Base Oficial Ergast Motor Racing Database / FIA Qualifying Classification
2025,20,hulkenberg,Nico Hulkenberg,Sauber,13,1:17.251,1:17.016,\N,Base Oficial Ergast Motor Racing Database / FIA Qualifying Classification
2025,20,alonso,Fernando Alonso,Aston Martin,14,1:17.232,1:17.103,\N,Base Oficial Ergast Motor Racing Database / FIA Qualifying Classification
2025,20,lawson,Liam Lawson,RB F1 Team,15,1:16.961,1:18.072,\N,Base Oficial Ergast Motor Racing Database / FIA Qualifying Classification
2025,20,bortoleto,Gabriel Bortoleto,Sauber,16,1:17.412,\N,\N,Base Oficial Ergast Motor Racing Database / FIA Qualifying Classification
2025,20,albon,Alexander Albon,Williams,17,1:17.490,\N,\N,Base Oficial Ergast Motor Racing Database / FIA Qualifying Classification
2025,20,gasly,Pierre Gasly,Alpine F1 Team,18,1:17.546,\N,\N,Base Oficial Ergast Motor Racing Database / FIA Qualifying Classification
2025,20,stroll,Lance Stroll,Aston Martin,19,1:17.606,\N,\N,Base Oficial Ergast Motor Racing Database / FIA Qualifying Classification
2025,20,colapinto,Franco Colapinto,Alpine F1 Team,20,1:17.670,\N,\N,Base Oficial Ergast Motor Racing Database / FIA Qualifying Classification
2025,21,norris,Lando Norris,McLaren,1,1:09.656,1:09.616,1:09.511,Base Oficial Ergast Motor Racing Database / FIA Qualifying Classification
2025,21,antonelli,Andrea Kimi Antonelli,Mercedes,2,1:10.192,1:09.774,1:09.685,Base Oficial Ergast Motor Racing Database / FIA Qualifying Classification
2025,21,leclerc,Charles Leclerc,Ferrari,3,1:09.934,1:09.801,1:09.805,Base Oficial Ergast Motor Racing Database / FIA Qualifying Classification
2025,21,piastri,Oscar Piastri,McLaren,4,1:09.928,1:09.835,1:09.886,Base Oficial Ergast Motor Racing Database / FIA Qualifying Classification
2025,21,hadjar,Isack Hadjar,RB F1 Team,5,1:10.083,1:09.970,1:09.931,Base Oficial Ergast Motor Racing Database / FIA Qualifying Classification
2025,21,russell,George Russell,Mercedes,6,1:09.935,1:09.880,1:09.942,Base Oficial Ergast Motor Racing Database / FIA Qualifying Classification
2025,21,lawson,Liam Lawson,RB F1 Team,7,1:10.108,1:09.950,1:09.962,Base Oficial Ergast Motor Racing Database / FIA Qualifying Classification
2025,21,bearman,Oliver Bearman,Haas F1 Team,8,1:09.891,1:09.755,1:09.977,Base Oficial Ergast Motor Racing Database / FIA Qualifying Classification
2025,21,gasly,Pierre Gasly,Alpine F1 Team,9,1:09.885,1:09.857,1:10.002,Base Oficial Ergast Motor Racing Database / FIA Qualifying Classification
2025,21,hulkenberg,Nico Hulkenberg,Sauber,10,1:10.337,1:09.985,1:10.039,Base Oficial Ergast Motor Racing Database / FIA Qualifying Classification
2025,21,alonso,Fernando Alonso,Aston Martin,11,1:10.181,1:10.001,\N,Base Oficial Ergast Motor Racing Database / FIA Qualifying Classification
2025,21,albon,Alexander Albon,Williams,12,1:10.115,1:10.053,\N,Base Oficial Ergast Motor Racing Database / FIA Qualifying Classification
2025,21,hamilton,Lewis Hamilton,Ferrari,13,1:10.016,1:10.100,\N,Base Oficial Ergast Motor Racing Database / FIA Qualifying Classification
2025,21,stroll,Lance Stroll,Aston Martin,14,1:10.041,1:10.161,\N,Base Oficial Ergast Motor Racing Database / FIA Qualifying Classification
2025,21,sainz,Carlos Sainz,Williams,15,1:10.184,1:10.472,\N,Base Oficial Ergast Motor Racing Database / FIA Qualifying Classification
2025,21,max_verstappen,Max Verstappen,Red Bull,16,1:10.403,\N,\N,Base Oficial Ergast Motor Racing Database / FIA Qualifying Classification
2025,21,ocon,Esteban Ocon,Haas F1 Team,17,1:10.438,\N,\N,Base Oficial Ergast Motor Racing Database / FIA Qualifying Classification
2025,21,colapinto,Franco Colapinto,Alpine F1 Team,18,1:10.632,\N,\N,Base Oficial Ergast Motor Racing Database / FIA Qualifying Classification
2025,21,tsunoda,Yuki Tsunoda,Red Bull,19,1:10.711,\N,\N,Base Oficial Ergast Motor Racing Database / FIA Qualifying Classification
2025,22,norris,Lando Norris,McLaren,1,1:55.473,1:51.379,1:47.934,Base Oficial Ergast Motor Racing Database / FIA Qualifying Classification
2025,22,max_verstappen,Max Verstappen,Red Bull,2,1:53.458,1:51.593,1:48.257,Base Oficial Ergast Motor Racing Database / FIA Qualifying Classification
2025,22,sainz,Carlos Sainz,Williams,3,1:54.873,1:51.144,1:48.296,Base Oficial Ergast Motor Racing Database / FIA Qualifying Classification
2025,22,russell,George Russell,Mercedes,4,1:53.144,1:50.935,1:48.803,Base Oficial Ergast Motor Racing Database / FIA Qualifying Classification
2025,22,piastri,Oscar Piastri,McLaren,5,1:54.544,1:52.126,1:48.961,Base Oficial Ergast Motor Racing Database / FIA Qualifying Classification
2025,22,lawson,Liam Lawson,RB F1 Team,6,1:54.828,1:51.621,1:49.062,Base Oficial Ergast Motor Racing Database / FIA Qualifying Classification
2025,22,alonso,Fernando Alonso,Aston Martin,7,1:53.739,1:51.865,1:49.466,Base Oficial Ergast Motor Racing Database / FIA Qualifying Classification
2025,22,hadjar,Isack Hadjar,RB F1 Team,8,1:55.613,1:51.120,1:49.554,Base Oficial Ergast Motor Racing Database / FIA Qualifying Classification
2025,22,leclerc,Charles Leclerc,Ferrari,9,1:54.814,1:51.952,1:49.872,Base Oficial Ergast Motor Racing Database / FIA Qualifying Classification
2025,22,gasly,Pierre Gasly,Alpine F1 Team,10,1:54.432,1:51.760,1:51.540,Base Oficial Ergast Motor Racing Database / FIA Qualifying Classification
2025,22,hulkenberg,Nico Hulkenberg,Sauber,11,1:54.555,1:52.781,\N,Base Oficial Ergast Motor Racing Database / FIA Qualifying Classification
2025,22,stroll,Lance Stroll,Aston Martin,12,1:54.416,1:52.850,\N,Base Oficial Ergast Motor Racing Database / FIA Qualifying Classification
2025,22,ocon,Esteban Ocon,Haas F1 Team,13,1:54.635,1:52.987,\N,Base Oficial Ergast Motor Racing Database / FIA Qualifying Classification
2025,22,bearman,Oliver Bearman,Haas F1 Team,14,1:56.016,1:53.094,\N,Base Oficial Ergast Motor Racing Database / FIA Qualifying Classification
2025,22,colapinto,Franco Colapinto,Alpine F1 Team,15,1:54.847,1:53.683,\N,Base Oficial Ergast Motor Racing Database / FIA Qualifying Classification
2025,22,albon,Alexander Albon,Williams,16,1:56.220,\N,\N,Base Oficial Ergast Motor Racing Database / FIA Qualifying Classification
2025,22,antonelli,Andrea Kimi Antonelli,Mercedes,17,1:56.314,\N,\N,Base Oficial Ergast Motor Racing Database / FIA Qualifying Classification
2025,22,bortoleto,Gabriel Bortoleto,Sauber,18,1:56.674,\N,\N,Base Oficial Ergast Motor Racing Database / FIA Qualifying Classification
2025,22,tsunoda,Yuki Tsunoda,Red Bull,19,1:56.798,\N,\N,Base Oficial Ergast Motor Racing Database / FIA Qualifying Classification
2025,22,hamilton,Lewis Hamilton,Ferrari,20,1:57.115,\N,\N,Base Oficial Ergast Motor Racing Database / FIA Qualifying Classification
2025,23,piastri,Oscar Piastri,McLaren,1,1:20.234,1:19.650,1:19.387,Base Oficial Ergast Motor Racing Database / FIA Qualifying Classification
2025,23,norris,Lando Norris,McLaren,2,1:20.157,1:19.861,1:19.495,Base Oficial Ergast Motor Racing Database / FIA Qualifying Classification
2025,23,max_verstappen,Max Verstappen,Red Bull,3,1:20.472,1:19.985,1:19.651,Base Oficial Ergast Motor Racing Database / FIA Qualifying Classification
2025,23,russell,George Russell,Mercedes,4,1:20.074,1:20.186,1:19.662,Base Oficial Ergast Motor Racing Database / FIA Qualifying Classification
2025,23,antonelli,Andrea Kimi Antonelli,Mercedes,5,1:20.576,1:20.084,1:19.846,Base Oficial Ergast Motor Racing Database / FIA Qualifying Classification
2025,23,hadjar,Isack Hadjar,RB F1 Team,6,1:20.603,1:20.350,1:20.114,Base Oficial Ergast Motor Racing Database / FIA Qualifying Classification
2025,23,sainz,Carlos Sainz,Williams,7,1:20.520,1:20.251,1:20.287,Base Oficial Ergast Motor Racing Database / FIA Qualifying Classification
2025,23,alonso,Fernando Alonso,Aston Martin,8,1:20.598,1:20.219,1:20.418,Base Oficial Ergast Motor Racing Database / FIA Qualifying Classification
2025,23,gasly,Pierre Gasly,Alpine F1 Team,9,1:20.681,1:20.324,1:20.477,Base Oficial Ergast Motor Racing Database / FIA Qualifying Classification
2025,23,leclerc,Charles Leclerc,Ferrari,10,1:20.564,1:20.343,1:20.561,Base Oficial Ergast Motor Racing Database / FIA Qualifying Classification
2025,23,hulkenberg,Nico Hulkenberg,Sauber,11,1:20.630,1:20.353,\N,Base Oficial Ergast Motor Racing Database / FIA Qualifying Classification
2025,23,lawson,Liam Lawson,RB F1 Team,12,1:20.539,1:20.433,\N,Base Oficial Ergast Motor Racing Database / FIA Qualifying Classification
2025,23,bearman,Oliver Bearman,Haas F1 Team,13,1:20.548,1:20.438,\N,Base Oficial Ergast Motor Racing Database / FIA Qualifying Classification
2025,23,bortoleto,Gabriel Bortoleto,Sauber,14,1:20.653,1:20.534,\N,Base Oficial Ergast Motor Racing Database / FIA Qualifying Classification
2025,23,albon,Alexander Albon,Williams,15,1:20.629,1:20.629,\N,Base Oficial Ergast Motor Racing Database / FIA Qualifying Classification
2025,23,tsunoda,Yuki Tsunoda,Red Bull,16,1:20.761,\N,\N,Base Oficial Ergast Motor Racing Database / FIA Qualifying Classification
2025,23,ocon,Esteban Ocon,Haas F1 Team,17,1:20.864,\N,\N,Base Oficial Ergast Motor Racing Database / FIA Qualifying Classification
2025,23,hamilton,Lewis Hamilton,Ferrari,18,1:20.907,\N,\N,Base Oficial Ergast Motor Racing Database / FIA Qualifying Classification
2025,23,stroll,Lance Stroll,Aston Martin,19,1:21.058,\N,\N,Base Oficial Ergast Motor Racing Database / FIA Qualifying Classification
2025,23,colapinto,Franco Colapinto,Alpine F1 Team,20,1:21.137,\N,\N,Base Oficial Ergast Motor Racing Database / FIA Qualifying Classification
2025,24,max_verstappen,Max Verstappen,Red Bull,1,1:22.877,1:22.752,1:22.207,Base Oficial Ergast Motor Racing Database / FIA Qualifying Classification
2025,24,norris,Lando Norris,McLaren,2,1:23.178,1:22.804,1:22.408,Base Oficial Ergast Motor Racing Database / FIA Qualifying Classification
2025,24,piastri,Oscar Piastri,McLaren,3,1:22.605,1:23.021,1:22.437,Base Oficial Ergast Motor Racing Database / FIA Qualifying Classification
2025,24,russell,George Russell,Mercedes,4,1:23.247,1:22.730,1:22.645,Base Oficial Ergast Motor Racing Database / FIA Qualifying Classification
2025,24,leclerc,Charles Leclerc,Ferrari,5,1:23.163,1:22.948,1:22.730,Base Oficial Ergast Motor Racing Database / FIA Qualifying Classification
2025,24,alonso,Fernando Alonso,Aston Martin,6,1:23.071,1:22.861,1:22.902,Base Oficial Ergast Motor Racing Database / FIA Qualifying Classification
2025,24,bortoleto,Gabriel Bortoleto,Sauber,7,1:23.374,1:22.874,1:22.904,Base Oficial Ergast Motor Racing Database / FIA Qualifying Classification
2025,24,ocon,Esteban Ocon,Haas F1 Team,8,1:23.334,1:23.023,1:22.913,Base Oficial Ergast Motor Racing Database / FIA Qualifying Classification
2025,24,hadjar,Isack Hadjar,RB F1 Team,9,1:23.373,1:22.997,1:23.072,Base Oficial Ergast Motor Racing Database / FIA Qualifying Classification
2025,24,tsunoda,Yuki Tsunoda,Red Bull,10,1:23.386,1:23.034,\N,Base Oficial Ergast Motor Racing Database / FIA Qualifying Classification
2025,24,bearman,Oliver Bearman,Haas F1 Team,11,1:23.254,1:23.041,\N,Base Oficial Ergast Motor Racing Database / FIA Qualifying Classification
2025,24,sainz,Carlos Sainz,Williams,12,1:23.187,1:23.042,\N,Base Oficial Ergast Motor Racing Database / FIA Qualifying Classification
2025,24,lawson,Liam Lawson,RB F1 Team,13,1:23.265,1:23.077,\N,Base Oficial Ergast Motor Racing Database / FIA Qualifying Classification
2025,24,antonelli,Andrea Kimi Antonelli,Mercedes,14,1:22.894,1:23.080,\N,Base Oficial Ergast Motor Racing Database / FIA Qualifying Classification
2025,24,stroll,Lance Stroll,Aston Martin,15,1:23.316,1:23.097,\N,Base Oficial Ergast Motor Racing Database / FIA Qualifying Classification
2025,24,hamilton,Lewis Hamilton,Ferrari,16,1:23.394,\N,\N,Base Oficial Ergast Motor Racing Database / FIA Qualifying Classification
2025,24,albon,Alexander Albon,Williams,17,1:23.416,\N,\N,Base Oficial Ergast Motor Racing Database / FIA Qualifying Classification
2025,24,hulkenberg,Nico Hulkenberg,Sauber,18,1:23.450,\N,\N,Base Oficial Ergast Motor Racing Database / FIA Qualifying Classification
2025,24,gasly,Pierre Gasly,Alpine F1 Team,19,1:23.468,\N,\N,Base Oficial Ergast Motor Racing Database / FIA Qualifying Classification
2025,24,colapinto,Franco Colapinto,Alpine F1 Team,20,1:23.890,\N,\N,Base Oficial Ergast Motor Racing Database / FIA Qualifying Classification
