temporada,ronda,id_piloto,nombre_piloto,constructor,posicion_largada,posicion_final,puestos_ganados,puntos_obtenidos,vueltas_completadas,estado_carrera,fuente
2018,1,vettel,Sebastian Vettel,Ferrari,3,1,2,25.0,58,FINISHED,Base Oficial Ergast Motor Racing Database / TracingInsights RaceData
2018,1,hamilton,Lewis Hamilton,Mercedes,1,2,-1,18.0,58,FINISHED,Base Oficial Ergast Motor Racing Database / TracingInsights RaceData
2018,1,raikkonen,Kimi Raikkonen,Ferrari,2,3,-1,15.0,58,FINISHED,Base Oficial Ergast Motor Racing Database / TracingInsights RaceData
2018,1,ricciardo,Daniel Ricciardo,Red Bull,8,4,4,12.0,58,FINISHED,Base Oficial Ergast Motor Racing Database / TracingInsights RaceData
2018,1,alonso,Fernando Alonso,McLaren,10,5,5,10.0,58,FINISHED,Base Oficial Ergast Motor Racing Database / TracingInsights RaceData
2018,1,max_verstappen,Max Verstappen,Red Bull,4,6,-2,8.0,58,FINISHED,Base Oficial Ergast Motor Racing Database / TracingInsights RaceData
2018,1,hulkenberg,Nico Hulkenberg,Renault,7,7,0,6.0,58,FINISHED,Base Oficial Ergast Motor Racing Database / TracingInsights RaceData
2018,1,bottas,Valtteri Bottas,Mercedes,15,8,7,4.0,58,FINISHED,Base Oficial Ergast Motor Racing Database / TracingInsights RaceData
2018,1,vandoorne,Stoffel Vandoorne,McLaren,11,9,2,2.0,58,FINISHED,Base Oficial Ergast Motor Racing Database / TracingInsights RaceData
2018,1,sainz,Carlos Sainz,Renault,9,10,-1,1.0,58,FINISHED,Base Oficial Ergast Motor Racing Database / TracingInsights RaceData
2018,1,perez,Sergio Perez,Force India,12,11,1,0.0,58,FINISHED,Base Oficial Ergast Motor Racing Database / TracingInsights RaceData
2018,1,ocon,Esteban Ocon,Force India,14,12,2,0.0,58,FINISHED,Base Oficial Ergast Motor Racing Database / TracingInsights RaceData
2018,1,leclerc,Charles Leclerc,Sauber,18,13,5,0.0,58,FINISHED,Base Oficial Ergast Motor Racing Database / TracingInsights RaceData
2018,1,stroll,Lance Stroll,Williams,13,14,-1,0.0,58,FINISHED,Base Oficial Ergast Motor Racing Database / TracingInsights RaceData
2018,1,brendon_hartley,Brendon Hartley,Toro Rosso,16,15,1,0.0,57,+1 LAP,Base Oficial Ergast Motor Racing Database / TracingInsights RaceData
2018,1,grosjean,Romain Grosjean,Haas F1 Team,6,16,-10,0.0,24,WHEEL,Base Oficial Ergast Motor Racing Database / TracingInsights RaceData
2018,1,kevin_magnussen,Kevin Magnussen,Haas F1 Team,5,17,-12,0.0,22,WHEEL,Base Oficial Ergast Motor Racing Database / TracingInsights RaceData
2018,1,gasly,Pierre Gasly,Toro Rosso,20,18,2,0.0,13,ENGINE,Base Oficial Ergast Motor Racing Database / TracingInsights RaceData
2018,1,ericsson,Marcus Ericsson,Sauber,17,19,-2,0.0,5,STEERING,Base Oficial Ergast Motor Racing Database / TracingInsights RaceData
2018,1,sirotkin,Sergey Sirotkin,Williams,19,20,-1,0.0,4,BRAKES,Base Oficial Ergast Motor Racing Database / TracingInsights RaceData
2018,2,vettel,Sebastian Vettel,Ferrari,1,1,0,25.0,57,FINISHED,Base Oficial Ergast Motor Racing Database / TracingInsights RaceData
2018,2,bottas,Valtteri Bottas,Mercedes,3,2,1,18.0,57,FINISHED,Base Oficial Ergast Motor Racing Database / TracingInsights RaceData
2018,2,hamilton,Lewis Hamilton,Mercedes,9,3,6,15.0,57,FINISHED,Base Oficial Ergast Motor Racing Database / TracingInsights RaceData
2018,2,gasly,Pierre Gasly,Toro Rosso,5,4,1,12.0,57,FINISHED,Base Oficial Ergast Motor Racing Database / TracingInsights RaceData
2018,2,kevin_magnussen,Kevin Magnussen,Haas F1 Team,6,5,1,10.0,57,FINISHED,Base Oficial Ergast Motor Racing Database / TracingInsights RaceData
2018,2,hulkenberg,Nico Hulkenberg,Renault,7,6,1,8.0,57,FINISHED,Base Oficial Ergast Motor Racing Database / TracingInsights RaceData
2018,2,alonso,Fernando Alonso,McLaren,13,7,6,6.0,56,+1 LAP,Base Oficial Ergast Motor Racing Database / TracingInsights RaceData
2018,2,vandoorne,Stoffel Vandoorne,McLaren,14,8,6,4.0,56,+1 LAP,Base Oficial Ergast Motor Racing Database / TracingInsights RaceData
2018,2,ericsson,Marcus Ericsson,Sauber,17,9,8,2.0,56,+1 LAP,Base Oficial Ergast Motor Racing Database / TracingInsights RaceData
2018,2,ocon,Esteban Ocon,Force India,8,10,-2,1.0,56,+1 LAP,Base Oficial Ergast Motor Racing Database / TracingInsights RaceData
2018,2,sainz,Carlos Sainz,Renault,10,11,-1,0.0,56,+1 LAP,Base Oficial Ergast Motor Racing Database / TracingInsights RaceData
2018,2,leclerc,Charles Leclerc,Sauber,19,12,7,0.0,56,+1 LAP,Base Oficial Ergast Motor Racing Database / TracingInsights RaceData
2018,2,grosjean,Romain Grosjean,Haas F1 Team,16,13,3,0.0,56,+1 LAP,Base Oficial Ergast Motor Racing Database / TracingInsights RaceData
2018,2,stroll,Lance Stroll,Williams,20,14,6,0.0,56,+1 LAP,Base Oficial Ergast Motor Racing Database / TracingInsights RaceData
2018,2,sirotkin,Sergey Sirotkin,Williams,18,15,3,0.0,56,+1 LAP,Base Oficial Ergast Motor Racing Database / TracingInsights RaceData
2018,2,perez,Sergio Perez,Force India,12,16,-4,0.0,56,+1 LAP,Base Oficial Ergast Motor Racing Database / TracingInsights RaceData
2018,2,brendon_hartley,Brendon Hartley,Toro Rosso,11,17,-6,0.0,56,+1 LAP,Base Oficial Ergast Motor Racing Database / TracingInsights RaceData
2018,2,raikkonen,Kimi Raikkonen,Ferrari,2,18,-16,0.0,35,WHEEL,Base Oficial Ergast Motor Racing Database / TracingInsights RaceData
2018,2,max_verstappen,Max Verstappen,Red Bull,15,19,-4,0.0,3,PUNCTURE,Base Oficial Ergast Motor Racing Database / TracingInsights RaceData
2018,2,ricciardo,Daniel Ricciardo,Red Bull,4,20,-16,0.0,1,ELECTRICAL,Base Oficial Ergast Motor Racing Database / TracingInsights RaceData
2018,3,ricciardo,Daniel Ricciardo,Red Bull,6,1,5,25.0,56,FINISHED,Base Oficial Ergast Motor Racing Database / TracingInsights RaceData
2018,3,bottas,Valtteri Bottas,Mercedes,3,2,1,18.0,56,FINISHED,Base Oficial Ergast Motor Racing Database / TracingInsights RaceData
2018,3,raikkonen,Kimi Raikkonen,Ferrari,2,3,-1,15.0,56,FINISHED,Base Oficial Ergast Motor Racing Database / TracingInsights RaceData
2018,3,hamilton,Lewis Hamilton,Mercedes,4,4,0,12.0,56,FINISHED,Base Oficial Ergast Motor Racing Database / TracingInsights RaceData
2018,3,max_verstappen,Max Verstappen,Red Bull,5,5,0,10.0,56,FINISHED,Base Oficial Ergast Motor Racing Database / TracingInsights RaceData
2018,3,hulkenberg,Nico Hulkenberg,Renault,7,6,1,8.0,56,FINISHED,Base Oficial Ergast Motor Racing Database / TracingInsights RaceData
2018,3,alonso,Fernando Alonso,McLaren,13,7,6,6.0,56,FINISHED,Base Oficial Ergast Motor Racing Database / TracingInsights RaceData
2018,3,vettel,Sebastian Vettel,Ferrari,1,8,-7,4.0,56,FINISHED,Base Oficial Ergast Motor Racing Database / TracingInsights RaceData
2018,3,sainz,Carlos Sainz,Renault,9,9,0,2.0,56,FINISHED,Base Oficial Ergast Motor Racing Database / TracingInsights RaceData
2018,3,kevin_magnussen,Kevin Magnussen,Haas F1 Team,11,10,1,1.0,56,FINISHED,Base Oficial Ergast Motor Racing Database / TracingInsights RaceData
2018,3,ocon,Esteban Ocon,Force India,12,11,1,0.0,56,FINISHED,Base Oficial Ergast Motor Racing Database / TracingInsights RaceData
2018,3,perez,Sergio Perez,Force India,8,12,-4,0.0,56,FINISHED,Base Oficial Ergast Motor Racing Database / TracingInsights RaceData
2018,3,vandoorne,Stoffel Vandoorne,McLaren,14,13,1,0.0,56,FINISHED,Base Oficial Ergast Motor Racing Database / TracingInsights RaceData
2018,3,stroll,Lance Stroll,Williams,18,14,4,0.0,56,FINISHED,Base Oficial Ergast Motor Racing Database / TracingInsights RaceData
2018,3,sirotkin,Sergey Sirotkin,Williams,16,15,1,0.0,56,FINISHED,Base Oficial Ergast Motor Racing Database / TracingInsights RaceData
2018,3,ericsson,Marcus Ericsson,Sauber,20,16,4,0.0,56,FINISHED,Base Oficial Ergast Motor Racing Database / TracingInsights RaceData
2018,3,grosjean,Romain Grosjean,Haas F1 Team,10,17,-7,0.0,56,FINISHED,Base Oficial Ergast Motor Racing Database / TracingInsights RaceData
2018,3,gasly,Pierre Gasly,Toro Rosso,17,18,-1,0.0,56,FINISHED,Base Oficial Ergast Motor Racing Database / TracingInsights RaceData
2018,3,leclerc,Charles Leclerc,Sauber,19,19,0,0.0,56,FINISHED,Base Oficial Ergast Motor Racing Database / TracingInsights RaceData
2018,3,brendon_hartley,Brendon Hartley,Toro Rosso,15,20,-5,0.0,51,COLLISION DAMAGE,Base Oficial Ergast Motor Racing Database / TracingInsights RaceData
2018,4,hamilton,Lewis Hamilton,Mercedes,2,1,1,25.0,51,FINISHED,Base Oficial Ergast Motor Racing Database / TracingInsights RaceData
2018,4,raikkonen,Kimi Raikkonen,Ferrari,6,2,4,18.0,51,FINISHED,Base Oficial Ergast Motor Racing Database / TracingInsights RaceData
2018,4,perez,Sergio Perez,Force India,8,3,5,15.0,51,FINISHED,Base Oficial Ergast Motor Racing Database / TracingInsights RaceData
2018,4,vettel,Sebastian Vettel,Ferrari,1,4,-3,12.0,51,FINISHED,Base Oficial Ergast Motor Racing Database / TracingInsights RaceData
2018,4,sainz,Carlos Sainz,Renault,9,5,4,10.0,51,FINISHED,Base Oficial Ergast Motor Racing Database / TracingInsights RaceData
2018,4,leclerc,Charles Leclerc,Sauber,13,6,7,8.0,51,FINISHED,Base Oficial Ergast Motor Racing Database / TracingInsights RaceData
2018,4,alonso,Fernando Alonso,McLaren,12,7,5,6.0,51,FINISHED,Base Oficial Ergast Motor Racing Database / TracingInsights RaceData
2018,4,stroll,Lance Stroll,Williams,10,8,2,4.0,51,FINISHED,Base Oficial Ergast Motor Racing Database / TracingInsights RaceData
2018,4,vandoorne,Stoffel Vandoorne,McLaren,16,9,7,2.0,51,FINISHED,Base Oficial Ergast Motor Racing Database / TracingInsights RaceData
2018,4,brendon_hartley,Brendon Hartley,Toro Rosso,19,10,9,1.0,51,FINISHED,Base Oficial Ergast Motor Racing Database / TracingInsights RaceData
2018,4,ericsson,Marcus Ericsson,Sauber,18,11,7,0.0,51,FINISHED,Base Oficial Ergast Motor Racing Database / TracingInsights RaceData
2018,4,gasly,Pierre Gasly,Toro Rosso,17,12,5,0.0,51,FINISHED,Base Oficial Ergast Motor Racing Database / TracingInsights RaceData
2018,4,kevin_magnussen,Kevin Magnussen,Haas F1 Team,15,13,2,0.0,51,FINISHED,Base Oficial Ergast Motor Racing Database / TracingInsights RaceData
2018,4,bottas,Valtteri Bottas,Mercedes,3,14,-11,0.0,48,PUNCTURE,Base Oficial Ergast Motor Racing Database / TracingInsights RaceData
2018,4,grosjean,Romain Grosjean,Haas F1 Team,20,15,5,0.0,42,ACCIDENT,Base Oficial Ergast Motor Racing Database / TracingInsights RaceData
2018,4,max_verstappen,Max Verstappen,Red Bull,5,16,-11,0.0,39,COLLISION,Base Oficial Ergast Motor Racing Database / TracingInsights RaceData
2018,4,ricciardo,Daniel Ricciardo,Red Bull,4,17,-13,0.0,39,COLLISION,Base Oficial Ergast Motor Racing Database / TracingInsights RaceData
2018,4,hulkenberg,Nico Hulkenberg,Renault,14,18,-4,0.0,10,ACCIDENT,Base Oficial Ergast Motor Racing Database / TracingInsights RaceData
2018,4,ocon,Esteban Ocon,Force India,7,19,-12,0.0,0,COLLISION,Base Oficial Ergast Motor Racing Database / TracingInsights RaceData
2018,4,sirotkin,Sergey Sirotkin,Williams,11,20,-9,0.0,0,COLLISION,Base Oficial Ergast Motor Racing Database / TracingInsights RaceData
2018,5,hamilton,Lewis Hamilton,Mercedes,1,1,0,25.0,66,FINISHED,Base Oficial Ergast Motor Racing Database / TracingInsights RaceData
2018,5,bottas,Valtteri Bottas,Mercedes,2,2,0,18.0,66,FINISHED,Base Oficial Ergast Motor Racing Database / TracingInsights RaceData
2018,5,max_verstappen,Max Verstappen,Red Bull,5,3,2,15.0,66,FINISHED,Base Oficial Ergast Motor Racing Database / TracingInsights RaceData
2018,5,vettel,Sebastian Vettel,Ferrari,3,4,-1,12.0,66,FINISHED,Base Oficial Ergast Motor Racing Database / TracingInsights RaceData
2018,5,ricciardo,Daniel Ricciardo,Red Bull,6,5,1,10.0,66,FINISHED,Base Oficial Ergast Motor Racing Database / TracingInsights RaceData
2018,5,kevin_magnussen,Kevin Magnussen,Haas F1 Team,7,6,1,8.0,65,+1 LAP,Base Oficial Ergast Motor Racing Database / TracingInsights RaceData
2018,5,sainz,Carlos Sainz,Renault,9,7,2,6.0,65,+1 LAP,Base Oficial Ergast Motor Racing Database / TracingInsights RaceData
2018,5,alonso,Fernando Alonso,McLaren,8,8,0,4.0,65,+1 LAP,Base Oficial Ergast Motor Racing Database / TracingInsights RaceData
2018,5,perez,Sergio Perez,Force India,15,9,6,2.0,64,+2 LAPS,Base Oficial Ergast Motor Racing Database / TracingInsights RaceData
2018,5,leclerc,Charles Leclerc,Sauber,14,10,4,1.0,64,+2 LAPS,Base Oficial Ergast Motor Racing Database / TracingInsights RaceData
2018,5,stroll,Lance Stroll,Williams,18,11,7,0.0,64,+2 LAPS,Base Oficial Ergast Motor Racing Database / TracingInsights RaceData
2018,5,brendon_hartley,Brendon Hartley,Toro Rosso,20,12,8,0.0,64,+2 LAPS,Base Oficial Ergast Motor Racing Database / TracingInsights RaceData
2018,5,ericsson,Marcus Ericsson,Sauber,17,13,4,0.0,64,+2 LAPS,Base Oficial Ergast Motor Racing Database / TracingInsights RaceData
2018,5,sirotkin,Sergey Sirotkin,Williams,19,14,5,0.0,63,+3 LAPS,Base Oficial Ergast Motor Racing Database / TracingInsights RaceData
2018,5,vandoorne,Stoffel Vandoorne,McLaren,11,15,-4,0.0,45,GEARBOX,Base Oficial Ergast Motor Racing Database / TracingInsights RaceData
2018,5,ocon,Esteban Ocon,Force India,13,16,-3,0.0,38,OIL LEAK,Base Oficial Ergast Motor Racing Database / TracingInsights RaceData
2018,5,raikkonen,Kimi Raikkonen,Ferrari,4,17,-13,0.0,25,TURBO,Base Oficial Ergast Motor Racing Database / TracingInsights RaceData
2018,5,grosjean,Romain Grosjean,Haas F1 Team,10,18,-8,0.0,0,COLLISION,Base Oficial Ergast Motor Racing Database / TracingInsights RaceData
2018,5,gasly,Pierre Gasly,Toro Rosso,12,19,-7,0.0,0,COLLISION,Base Oficial Ergast Motor Racing Database / TracingInsights RaceData
2018,5,hulkenberg,Nico Hulkenberg,Renault,16,20,-4,0.0,0,COLLISION,Base Oficial Ergast Motor Racing Database / TracingInsights RaceData
2018,6,ricciardo,Daniel Ricciardo,Red Bull,1,1,0,25.0,78,FINISHED,Base Oficial Ergast Motor Racing Database / TracingInsights RaceData
2018,6,vettel,Sebastian Vettel,Ferrari,2,2,0,18.0,78,FINISHED,Base Oficial Ergast Motor Racing Database / TracingInsights RaceData
2018,6,hamilton,Lewis Hamilton,Mercedes,3,3,0,15.0,78,FINISHED,Base Oficial Ergast Motor Racing Database / TracingInsights RaceData
2018,6,raikkonen,Kimi Raikkonen,Ferrari,4,4,0,12.0,78,FINISHED,Base Oficial Ergast Motor Racing Database / TracingInsights RaceData
2018,6,bottas,Valtteri Bottas,Mercedes,5,5,0,10.0,78,FINISHED,Base Oficial Ergast Motor Racing Database / TracingInsights RaceData
2018,6,ocon,Esteban Ocon,Force India,6,6,0,8.0,78,FINISHED,Base Oficial Ergast Motor Racing Database / TracingInsights RaceData
2018,6,gasly,Pierre Gasly,Toro Rosso,10,7,3,6.0,78,FINISHED,Base Oficial Ergast Motor Racing Database / TracingInsights RaceData
2018,6,hulkenberg,Nico Hulkenberg,Renault,11,8,3,4.0,78,FINISHED,Base Oficial Ergast Motor Racing Database / TracingInsights RaceData
2018,6,max_verstappen,Max Verstappen,Red Bull,20,9,11,2.0,78,FINISHED,Base Oficial Ergast Motor Racing Database / TracingInsights RaceData
2018,6,sainz,Carlos Sainz,Renault,8,10,-2,1.0,78,FINISHED,Base Oficial Ergast Motor Racing Database / TracingInsights RaceData
2018,6,ericsson,Marcus Ericsson,Sauber,16,11,5,0.0,78,FINISHED,Base Oficial Ergast Motor Racing Database / TracingInsights RaceData
2018,6,perez,Sergio Perez,Force India,9,12,-3,0.0,78,FINISHED,Base Oficial Ergast Motor Racing Database / TracingInsights RaceData
2018,6,kevin_magnussen,Kevin Magnussen,Haas F1 Team,19,13,6,0.0,78,FINISHED,Base Oficial Ergast Motor Racing Database / TracingInsights RaceData
2018,6,vandoorne,Stoffel Vandoorne,McLaren,12,14,-2,0.0,77,+1 LAP,Base Oficial Ergast Motor Racing Database / TracingInsights RaceData
2018,6,grosjean,Romain Grosjean,Haas F1 Team,18,15,3,0.0,77,+1 LAP,Base Oficial Ergast Motor Racing Database / TracingInsights RaceData
2018,6,sirotkin,Sergey Sirotkin,Williams,13,16,-3,0.0,77,+1 LAP,Base Oficial Ergast Motor Racing Database / TracingInsights RaceData
2018,6,stroll,Lance Stroll,Williams,17,17,0,0.0,76,+2 LAPS,Base Oficial Ergast Motor Racing Database / TracingInsights RaceData
2018,6,leclerc,Charles Leclerc,Sauber,14,18,-4,0.0,70,COLLISION,Base Oficial Ergast Motor Racing Database / TracingInsights RaceData
2018,6,brendon_hartley,Brendon Hartley,Toro Rosso,15,19,-4,0.0,70,COLLISION,Base Oficial Ergast Motor Racing Database / TracingInsights RaceData
2018,6,alonso,Fernando Alonso,McLaren,7,20,-13,0.0,52,GEARBOX,Base Oficial Ergast Motor Racing Database / TracingInsights RaceData
2018,7,vettel,Sebastian Vettel,Ferrari,1,1,0,25.0,68,FINISHED,Base Oficial Ergast Motor Racing Database / TracingInsights RaceData
2018,7,bottas,Valtteri Bottas,Mercedes,2,2,0,18.0,68,FINISHED,Base Oficial Ergast Motor Racing Database / TracingInsights RaceData
2018,7,max_verstappen,Max Verstappen,Red Bull,3,3,0,15.0,68,FINISHED,Base Oficial Ergast Motor Racing Database / TracingInsights RaceData
2018,7,ricciardo,Daniel Ricciardo,Red Bull,6,4,2,12.0,68,FINISHED,Base Oficial Ergast Motor Racing Database / TracingInsights RaceData
2018,7,hamilton,Lewis Hamilton,Mercedes,4,5,-1,10.0,68,FINISHED,Base Oficial Ergast Motor Racing Database / TracingInsights RaceData
2018,7,raikkonen,Kimi Raikkonen,Ferrari,5,6,-1,8.0,68,FINISHED,Base Oficial Ergast Motor Racing Database / TracingInsights RaceData
2018,7,hulkenberg,Nico Hulkenberg,Renault,7,7,0,6.0,67,+1 LAP,Base Oficial Ergast Motor Racing Database / TracingInsights RaceData
2018,7,sainz,Carlos Sainz,Renault,9,8,1,4.0,67,+1 LAP,Base Oficial Ergast Motor Racing Database / TracingInsights RaceData
2018,7,ocon,Esteban Ocon,Force India,8,9,-1,2.0,67,+1 LAP,Base Oficial Ergast Motor Racing Database / TracingInsights RaceData
2018,7,leclerc,Charles Leclerc,Sauber,13,10,3,1.0,67,+1 LAP,Base Oficial Ergast Motor Racing Database / TracingInsights RaceData
2018,7,gasly,Pierre Gasly,Toro Rosso,16,11,5,0.0,67,+1 LAP,Base Oficial Ergast Motor Racing Database / TracingInsights RaceData
2018,7,grosjean,Romain Grosjean,Haas F1 Team,20,12,8,0.0,67,+1 LAP,Base Oficial Ergast Motor Racing Database / TracingInsights RaceData
2018,7,kevin_magnussen,Kevin Magnussen,Haas F1 Team,11,13,-2,0.0,67,+1 LAP,Base Oficial Ergast Motor Racing Database / TracingInsights RaceData
2018,7,perez,Sergio Perez,Force India,10,14,-4,0.0,67,+1 LAP,Base Oficial Ergast Motor Racing Database / TracingInsights RaceData
2018,7,ericsson,Marcus Ericsson,Sauber,19,15,4,0.0,66,+2 LAPS,Base Oficial Ergast Motor Racing Database / TracingInsights RaceData
2018,7,vandoorne,Stoffel Vandoorne,McLaren,15,16,-1,0.0,66,+2 LAPS,Base Oficial Ergast Motor Racing Database / TracingInsights RaceData
2018,7,sirotkin,Sergey Sirotkin,Williams,18,17,1,0.0,66,+2 LAPS,Base Oficial Ergast Motor Racing Database / TracingInsights RaceData
2018,7,alonso,Fernando Alonso,McLaren,14,18,-4,0.0,40,EXHAUST,Base Oficial Ergast Motor Racing Database / TracingInsights RaceData
2018,7,brendon_hartley,Brendon Hartley,Toro Rosso,12,19,-7,0.0,0,COLLISION,Base Oficial Ergast Motor Racing Database / TracingInsights RaceData
2018,7,stroll,Lance Stroll,Williams,17,20,-3,0.0,0,COLLISION,Base Oficial Ergast Motor Racing Database / TracingInsights RaceData
2018,8,hamilton,Lewis Hamilton,Mercedes,1,1,0,25.0,53,FINISHED,Base Oficial Ergast Motor Racing Database / TracingInsights RaceData
2018,8,max_verstappen,Max Verstappen,Red Bull,4,2,2,18.0,53,FINISHED,Base Oficial Ergast Motor Racing Database / TracingInsights RaceData
2018,8,raikkonen,Kimi Raikkonen,Ferrari,6,3,3,15.0,53,FINISHED,Base Oficial Ergast Motor Racing Database / TracingInsights RaceData
2018,8,ricciardo,Daniel Ricciardo,Red Bull,5,4,1,12.0,53,FINISHED,Base Oficial Ergast Motor Racing Database / TracingInsights RaceData
2018,8,vettel,Sebastian Vettel,Ferrari,3,5,-2,10.0,53,FINISHED,Base Oficial Ergast Motor Racing Database / TracingInsights RaceData
2018,8,kevin_magnussen,Kevin Magnussen,Haas F1 Team,9,6,3,8.0,53,FINISHED,Base Oficial Ergast Motor Racing Database / TracingInsights RaceData
2018,8,bottas,Valtteri Bottas,Mercedes,2,7,-5,6.0,53,FINISHED,Base Oficial Ergast Motor Racing Database / TracingInsights RaceData
2018,8,sainz,Carlos Sainz,Renault,7,8,-1,4.0,53,FINISHED,Base Oficial Ergast Motor Racing Database / TracingInsights RaceData
2018,8,hulkenberg,Nico Hulkenberg,Renault,12,9,3,2.0,53,FINISHED,Base Oficial Ergast Motor Racing Database / TracingInsights RaceData
2018,8,leclerc,Charles Leclerc,Sauber,8,10,-2,1.0,53,FINISHED,Base Oficial Ergast Motor Racing Database / TracingInsights RaceData
2018,8,grosjean,Romain Grosjean,Haas F1 Team,10,11,-1,0.0,52,+1 LAP,Base Oficial Ergast Motor Racing Database / TracingInsights RaceData
2018,8,vandoorne,Stoffel Vandoorne,McLaren,17,12,5,0.0,52,+1 LAP,Base Oficial Ergast Motor Racing Database / TracingInsights RaceData
2018,8,ericsson,Marcus Ericsson,Sauber,15,13,2,0.0,52,+1 LAP,Base Oficial Ergast Motor Racing Database / TracingInsights RaceData
2018,8,brendon_hartley,Brendon Hartley,Toro Rosso,20,14,6,0.0,52,+1 LAP,Base Oficial Ergast Motor Racing Database / TracingInsights RaceData
2018,8,sirotkin,Sergey Sirotkin,Williams,18,15,3,0.0,52,+1 LAP,Base Oficial Ergast Motor Racing Database / TracingInsights RaceData
2018,8,alonso,Fernando Alonso,McLaren,16,16,0,0.0,50,WHEEL,Base Oficial Ergast Motor Racing Database / TracingInsights RaceData
2018,8,stroll,Lance Stroll,Williams,19,17,2,0.0,48,PUNCTURE,Base Oficial Ergast Motor Racing Database / TracingInsights RaceData
2018,8,perez,Sergio Perez,Force India,13,18,-5,0.0,27,ENGINE,Base Oficial Ergast Motor Racing Database / TracingInsights RaceData
2018,8,ocon,Esteban Ocon,Force India,11,19,-8,0.0,0,COLLISION,Base Oficial Ergast Motor Racing Database / TracingInsights RaceData
2018,8,gasly,Pierre Gasly,Toro Rosso,14,20,-6,0.0,0,COLLISION,Base Oficial Ergast Motor Racing Database / TracingInsights RaceData
2018,9,max_verstappen,Max Verstappen,Red Bull,4,1,3,25.0,71,FINISHED,Base Oficial Ergast Motor Racing Database / TracingInsights RaceData
2018,9,raikkonen,Kimi Raikkonen,Ferrari,3,2,1,18.0,71,FINISHED,Base Oficial Ergast Motor Racing Database / TracingInsights RaceData
2018,9,vettel,Sebastian Vettel,Ferrari,6,3,3,15.0,71,FINISHED,Base Oficial Ergast Motor Racing Database / TracingInsights RaceData
2018,9,grosjean,Romain Grosjean,Haas F1 Team,5,4,1,12.0,70,+1 LAP,Base Oficial Ergast Motor Racing Database / TracingInsights RaceData
2018,9,kevin_magnussen,Kevin Magnussen,Haas F1 Team,8,5,3,10.0,70,+1 LAP,Base Oficial Ergast Motor Racing Database / TracingInsights RaceData
2018,9,ocon,Esteban Ocon,Force India,11,6,5,8.0,70,+1 LAP,Base Oficial Ergast Motor Racing Database / TracingInsights RaceData
2018,9,perez,Sergio Perez,Force India,16,7,9,6.0,70,+1 LAP,Base Oficial Ergast Motor Racing Database / TracingInsights RaceData
2018,9,alonso,Fernando Alonso,McLaren,13,8,5,4.0,70,+1 LAP,Base Oficial Ergast Motor Racing Database / TracingInsights RaceData
2018,9,leclerc,Charles Leclerc,Sauber,18,9,9,2.0,70,+1 LAP,Base Oficial Ergast Motor Racing Database / TracingInsights RaceData
2018,9,ericsson,Marcus Ericsson,Sauber,20,10,10,1.0,70,+1 LAP,Base Oficial Ergast Motor Racing Database / TracingInsights RaceData
2018,9,gasly,Pierre Gasly,Toro Rosso,12,11,1,0.0,70,+1 LAP,Base Oficial Ergast Motor Racing Database / TracingInsights RaceData
2018,9,sainz,Carlos Sainz,Renault,9,12,-3,0.0,70,+1 LAP,Base Oficial Ergast Motor Racing Database / TracingInsights RaceData
2018,9,sirotkin,Sergey Sirotkin,Williams,17,13,4,0.0,69,+2 LAPS,Base Oficial Ergast Motor Racing Database / TracingInsights RaceData
2018,9,stroll,Lance Stroll,Williams,14,14,0,0.0,69,+2 LAPS,Base Oficial Ergast Motor Racing Database / TracingInsights RaceData
2018,9,vandoorne,Stoffel Vandoorne,McLaren,15,15,0,0.0,65,COLLISION DAMAGE,Base Oficial Ergast Motor Racing Database / TracingInsights RaceData
2018,9,hamilton,Lewis Hamilton,Mercedes,2,16,-14,0.0,62,FUEL PRESSURE,Base Oficial Ergast Motor Racing Database / TracingInsights RaceData
2018,9,brendon_hartley,Brendon Hartley,Toro Rosso,19,17,2,0.0,54,HYDRAULICS,Base Oficial Ergast Motor Racing Database / TracingInsights RaceData
2018,9,ricciardo,Daniel Ricciardo,Red Bull,7,18,-11,0.0,53,EXHAUST,Base Oficial Ergast Motor Racing Database / TracingInsights RaceData
2018,9,bottas,Valtteri Bottas,Mercedes,1,19,-18,0.0,13,HYDRAULICS,Base Oficial Ergast Motor Racing Database / TracingInsights RaceData
2018,9,hulkenberg,Nico Hulkenberg,Renault,10,20,-10,0.0,11,ENGINE,Base Oficial Ergast Motor Racing Database / TracingInsights RaceData
2018,10,vettel,Sebastian Vettel,Ferrari,2,1,1,25.0,52,FINISHED,Base Oficial Ergast Motor Racing Database / TracingInsights RaceData
2018,10,hamilton,Lewis Hamilton,Mercedes,1,2,-1,18.0,52,FINISHED,Base Oficial Ergast Motor Racing Database / TracingInsights RaceData
2018,10,raikkonen,Kimi Raikkonen,Ferrari,3,3,0,15.0,52,FINISHED,Base Oficial Ergast Motor Racing Database / TracingInsights RaceData
2018,10,bottas,Valtteri Bottas,Mercedes,4,4,0,12.0,52,FINISHED,Base Oficial Ergast Motor Racing Database / TracingInsights RaceData
2018,10,ricciardo,Daniel Ricciardo,Red Bull,6,5,1,10.0,52,FINISHED,Base Oficial Ergast Motor Racing Database / TracingInsights RaceData
2018,10,hulkenberg,Nico Hulkenberg,Renault,11,6,5,8.0,52,FINISHED,Base Oficial Ergast Motor Racing Database / TracingInsights RaceData
2018,10,ocon,Esteban Ocon,Force India,10,7,3,6.0,52,FINISHED,Base Oficial Ergast Motor Racing Database / TracingInsights RaceData
2018,10,alonso,Fernando Alonso,McLaren,13,8,5,4.0,52,FINISHED,Base Oficial Ergast Motor Racing Database / TracingInsights RaceData
2018,10,kevin_magnussen,Kevin Magnussen,Haas F1 Team,7,9,-2,2.0,52,FINISHED,Base Oficial Ergast Motor Racing Database / TracingInsights RaceData
2018,10,perez,Sergio Perez,Force India,12,10,2,1.0,52,FINISHED,Base Oficial Ergast Motor Racing Database / TracingInsights RaceData
2018,10,vandoorne,Stoffel Vandoorne,McLaren,17,11,6,0.0,52,FINISHED,Base Oficial Ergast Motor Racing Database / TracingInsights RaceData
2018,10,stroll,Lance Stroll,Williams,19,12,7,0.0,52,FINISHED,Base Oficial Ergast Motor Racing Database / TracingInsights RaceData
2018,10,gasly,Pierre Gasly,Toro Rosso,14,13,1,0.0,52,FINISHED,Base Oficial Ergast Motor Racing Database / TracingInsights RaceData
2018,10,sirotkin,Sergey Sirotkin,Williams,18,14,4,0.0,52,FINISHED,Base Oficial Ergast Motor Racing Database / TracingInsights RaceData
2018,10,max_verstappen,Max Verstappen,Red Bull,5,15,-10,0.0,46,BRAKES,Base Oficial Ergast Motor Racing Database / TracingInsights RaceData
2018,10,grosjean,Romain Grosjean,Haas F1 Team,8,16,-8,0.0,37,COLLISION,Base Oficial Ergast Motor Racing Database / TracingInsights RaceData
2018,10,sainz,Carlos Sainz,Renault,16,17,-1,0.0,37,COLLISION,Base Oficial Ergast Motor Racing Database / TracingInsights RaceData
2018,10,ericsson,Marcus Ericsson,Sauber,15,18,-3,0.0,31,ACCIDENT,Base Oficial Ergast Motor Racing Database / TracingInsights RaceData
2018,10,leclerc,Charles Leclerc,Sauber,9,19,-10,0.0,18,TYRE,Base Oficial Ergast Motor Racing Database / TracingInsights RaceData
2018,10,brendon_hartley,Brendon Hartley,Toro Rosso,20,20,0,0.0,1,POWER UNIT,Base Oficial Ergast Motor Racing Database / TracingInsights RaceData
2018,11,hamilton,Lewis Hamilton,Mercedes,14,1,13,25.0,67,FINISHED,Base Oficial Ergast Motor Racing Database / TracingInsights RaceData
2018,11,bottas,Valtteri Bottas,Mercedes,2,2,0,18.0,67,FINISHED,Base Oficial Ergast Motor Racing Database / TracingInsights RaceData
2018,11,raikkonen,Kimi Raikkonen,Ferrari,3,3,0,15.0,67,FINISHED,Base Oficial Ergast Motor Racing Database / TracingInsights RaceData
2018,11,max_verstappen,Max Verstappen,Red Bull,4,4,0,12.0,67,FINISHED,Base Oficial Ergast Motor Racing Database / TracingInsights RaceData
2018,11,hulkenberg,Nico Hulkenberg,Renault,7,5,2,10.0,67,FINISHED,Base Oficial Ergast Motor Racing Database / TracingInsights RaceData
2018,11,grosjean,Romain Grosjean,Haas F1 Team,6,6,0,8.0,67,FINISHED,Base Oficial Ergast Motor Racing Database / TracingInsights RaceData
2018,11,perez,Sergio Perez,Force India,10,7,3,6.0,67,FINISHED,Base Oficial Ergast Motor Racing Database / TracingInsights RaceData
2018,11,ocon,Esteban Ocon,Force India,15,8,7,4.0,67,FINISHED,Base Oficial Ergast Motor Racing Database / TracingInsights RaceData
2018,11,ericsson,Marcus Ericsson,Sauber,13,9,4,2.0,67,FINISHED,Base Oficial Ergast Motor Racing Database / TracingInsights RaceData
2018,11,brendon_hartley,Brendon Hartley,Toro Rosso,17,10,7,1.0,67,FINISHED,Base Oficial Ergast Motor Racing Database / TracingInsights RaceData
2018,11,kevin_magnussen,Kevin Magnussen,Haas F1 Team,5,11,-6,0.0,67,FINISHED,Base Oficial Ergast Motor Racing Database / TracingInsights RaceData
2018,11,sainz,Carlos Sainz,Renault,8,12,-4,0.0,67,FINISHED,Base Oficial Ergast Motor Racing Database / TracingInsights RaceData
2018,11,vandoorne,Stoffel Vandoorne,McLaren,19,13,6,0.0,67,FINISHED,Base Oficial Ergast Motor Racing Database / TracingInsights RaceData
2018,11,gasly,Pierre Gasly,Toro Rosso,16,14,2,0.0,66,+1 LAP,Base Oficial Ergast Motor Racing Database / TracingInsights RaceData
2018,11,leclerc,Charles Leclerc,Sauber,9,15,-6,0.0,66,+1 LAP,Base Oficial Ergast Motor Racing Database / TracingInsights RaceData
2018,11,alonso,Fernando Alonso,McLaren,11,16,-5,0.0,65,RETIRED,Base Oficial Ergast Motor Racing Database / TracingInsights RaceData
2018,11,stroll,Lance Stroll,Williams,18,17,1,0.0,53,ENGINE,Base Oficial Ergast Motor Racing Database / TracingInsights RaceData
2018,11,vettel,Sebastian Vettel,Ferrari,1,18,-17,0.0,51,ACCIDENT,Base Oficial Ergast Motor Racing Database / TracingInsights RaceData
2018,11,sirotkin,Sergey Sirotkin,Williams,12,19,-7,0.0,51,ENGINE,Base Oficial Ergast Motor Racing Database / TracingInsights RaceData
2018,11,ricciardo,Daniel Ricciardo,Red Bull,20,20,0,0.0,27,ENGINE,Base Oficial Ergast Motor Racing Database / TracingInsights RaceData
2018,12,hamilton,Lewis Hamilton,Mercedes,1,1,0,25.0,70,FINISHED,Base Oficial Ergast Motor Racing Database / TracingInsights RaceData
2018,12,vettel,Sebastian Vettel,Ferrari,4,2,2,18.0,70,FINISHED,Base Oficial Ergast Motor Racing Database / TracingInsights RaceData
2018,12,raikkonen,Kimi Raikkonen,Ferrari,3,3,0,15.0,70,FINISHED,Base Oficial Ergast Motor Racing Database / TracingInsights RaceData
2018,12,ricciardo,Daniel Ricciardo,Red Bull,12,4,8,12.0,70,FINISHED,Base Oficial Ergast Motor Racing Database / TracingInsights RaceData
2018,12,bottas,Valtteri Bottas,Mercedes,2,5,-3,10.0,70,FINISHED,Base Oficial Ergast Motor Racing Database / TracingInsights RaceData
2018,12,gasly,Pierre Gasly,Toro Rosso,6,6,0,8.0,70,FINISHED,Base Oficial Ergast Motor Racing Database / TracingInsights RaceData
2018,12,kevin_magnussen,Kevin Magnussen,Haas F1 Team,9,7,2,6.0,69,+1 LAP,Base Oficial Ergast Motor Racing Database / TracingInsights RaceData
2018,12,alonso,Fernando Alonso,McLaren,11,8,3,4.0,69,+1 LAP,Base Oficial Ergast Motor Racing Database / TracingInsights RaceData
2018,12,sainz,Carlos Sainz,Renault,5,9,-4,2.0,69,+1 LAP,Base Oficial Ergast Motor Racing Database / TracingInsights RaceData
2018,12,grosjean,Romain Grosjean,Haas F1 Team,10,10,0,1.0,69,+1 LAP,Base Oficial Ergast Motor Racing Database / TracingInsights RaceData
2018,12,brendon_hartley,Brendon Hartley,Toro Rosso,8,11,-3,0.0,69,+1 LAP,Base Oficial Ergast Motor Racing Database / TracingInsights RaceData
2018,12,hulkenberg,Nico Hulkenberg,Renault,13,12,1,0.0,69,+1 LAP,Base Oficial Ergast Motor Racing Database / TracingInsights RaceData
2018,12,ocon,Esteban Ocon,Force India,18,13,5,0.0,69,+1 LAP,Base Oficial Ergast Motor Racing Database / TracingInsights RaceData
2018,12,perez,Sergio Perez,Force India,19,14,5,0.0,69,+1 LAP,Base Oficial Ergast Motor Racing Database / TracingInsights RaceData
2018,12,ericsson,Marcus Ericsson,Sauber,14,15,-1,0.0,68,+2 LAPS,Base Oficial Ergast Motor Racing Database / TracingInsights RaceData
2018,12,sirotkin,Sergey Sirotkin,Williams,20,16,4,0.0,68,+2 LAPS,Base Oficial Ergast Motor Racing Database / TracingInsights RaceData
2018,12,stroll,Lance Stroll,Williams,15,17,-2,0.0,68,+2 LAPS,Base Oficial Ergast Motor Racing Database / TracingInsights RaceData
2018,12,vandoorne,Stoffel Vandoorne,McLaren,16,18,-2,0.0,49,GEARBOX,Base Oficial Ergast Motor Racing Database / TracingInsights RaceData
2018,12,max_verstappen,Max Verstappen,Red Bull,7,19,-12,0.0,5,POWER LOSS,Base Oficial Ergast Motor Racing Database / TracingInsights RaceData
2018,12,leclerc,Charles Leclerc,Sauber,17,20,-3,0.0,0,SUSPENSION,Base Oficial Ergast Motor Racing Database / TracingInsights RaceData
2018,13,vettel,Sebastian Vettel,Ferrari,2,1,1,25.0,44,FINISHED,Base Oficial Ergast Motor Racing Database / TracingInsights RaceData
2018,13,hamilton,Lewis Hamilton,Mercedes,1,2,-1,18.0,44,FINISHED,Base Oficial Ergast Motor Racing Database / TracingInsights RaceData
2018,13,max_verstappen,Max Verstappen,Red Bull,7,3,4,15.0,44,FINISHED,Base Oficial Ergast Motor Racing Database / TracingInsights RaceData
2018,13,bottas,Valtteri Bottas,Mercedes,19,4,15,12.0,44,FINISHED,Base Oficial Ergast Motor Racing Database / TracingInsights RaceData
2018,13,perez,Sergio Perez,Force India,4,5,-1,10.0,44,FINISHED,Base Oficial Ergast Motor Racing Database / TracingInsights RaceData
2018,13,ocon,Esteban Ocon,Force India,3,6,-3,8.0,44,FINISHED,Base Oficial Ergast Motor Racing Database / TracingInsights RaceData
2018,13,grosjean,Romain Grosjean,Haas F1 Team,5,7,-2,6.0,44,FINISHED,Base Oficial Ergast Motor Racing Database / TracingInsights RaceData
2018,13,kevin_magnussen,Kevin Magnussen,Haas F1 Team,9,8,1,4.0,44,FINISHED,Base Oficial Ergast Motor Racing Database / TracingInsights RaceData
2018,13,gasly,Pierre Gasly,Toro Rosso,10,9,1,2.0,44,FINISHED,Base Oficial Ergast Motor Racing Database / TracingInsights RaceData
2018,13,ericsson,Marcus Ericsson,Sauber,13,10,3,1.0,43,+1 LAP,Base Oficial Ergast Motor Racing Database / TracingInsights RaceData
2018,13,sainz,Carlos Sainz,Renault,14,11,3,0.0,43,+1 LAP,Base Oficial Ergast Motor Racing Database / TracingInsights RaceData
2018,13,sirotkin,Sergey Sirotkin,Williams,16,12,4,0.0,43,+1 LAP,Base Oficial Ergast Motor Racing Database / TracingInsights RaceData
2018,13,stroll,Lance Stroll,Williams,17,13,4,0.0,43,+1 LAP,Base Oficial Ergast Motor Racing Database / TracingInsights RaceData
2018,13,brendon_hartley,Brendon Hartley,Toro Rosso,11,14,-3,0.0,43,+1 LAP,Base Oficial Ergast Motor Racing Database / TracingInsights RaceData
2018,13,vandoorne,Stoffel Vandoorne,McLaren,18,15,3,0.0,43,+1 LAP,Base Oficial Ergast Motor Racing Database / TracingInsights RaceData
2018,13,ricciardo,Daniel Ricciardo,Red Bull,8,16,-8,0.0,28,RETIRED,Base Oficial Ergast Motor Racing Database / TracingInsights RaceData
2018,13,raikkonen,Kimi Raikkonen,Ferrari,6,17,-11,0.0,8,BRAKES,Base Oficial Ergast Motor Racing Database / TracingInsights RaceData
2018,13,leclerc,Charles Leclerc,Sauber,12,18,-6,0.0,0,ACCIDENT,Base Oficial Ergast Motor Racing Database / TracingInsights RaceData
2018,13,alonso,Fernando Alonso,McLaren,15,19,-4,0.0,0,ACCIDENT,Base Oficial Ergast Motor Racing Database / TracingInsights RaceData
2018,13,hulkenberg,Nico Hulkenberg,Renault,20,20,0,0.0,0,ACCIDENT,Base Oficial Ergast Motor Racing Database / TracingInsights RaceData
2018,14,hamilton,Lewis Hamilton,Mercedes,3,1,2,25.0,53,FINISHED,Base Oficial Ergast Motor Racing Database / TracingInsights RaceData
2018,14,raikkonen,Kimi Raikkonen,Ferrari,1,2,-1,18.0,53,FINISHED,Base Oficial Ergast Motor Racing Database / TracingInsights RaceData
2018,14,bottas,Valtteri Bottas,Mercedes,4,3,1,15.0,53,FINISHED,Base Oficial Ergast Motor Racing Database / TracingInsights RaceData
2018,14,vettel,Sebastian Vettel,Ferrari,2,4,-2,12.0,53,FINISHED,Base Oficial Ergast Motor Racing Database / TracingInsights RaceData
2018,14,max_verstappen,Max Verstappen,Red Bull,5,5,0,10.0,53,FINISHED,Base Oficial Ergast Motor Racing Database / TracingInsights RaceData
2018,14,ocon,Esteban Ocon,Force India,8,6,2,8.0,53,FINISHED,Base Oficial Ergast Motor Racing Database / TracingInsights RaceData
2018,14,perez,Sergio Perez,Force India,14,7,7,6.0,53,FINISHED,Base Oficial Ergast Motor Racing Database / TracingInsights RaceData
2018,14,sainz,Carlos Sainz,Renault,7,8,-1,4.0,53,FINISHED,Base Oficial Ergast Motor Racing Database / TracingInsights RaceData
2018,14,stroll,Lance Stroll,Williams,10,9,1,2.0,52,+1 LAP,Base Oficial Ergast Motor Racing Database / TracingInsights RaceData
2018,14,sirotkin,Sergey Sirotkin,Williams,12,10,2,1.0,52,+1 LAP,Base Oficial Ergast Motor Racing Database / TracingInsights RaceData
2018,14,leclerc,Charles Leclerc,Sauber,15,11,4,0.0,52,+1 LAP,Base Oficial Ergast Motor Racing Database / TracingInsights RaceData
2018,14,vandoorne,Stoffel Vandoorne,McLaren,17,12,5,0.0,52,+1 LAP,Base Oficial Ergast Motor Racing Database / TracingInsights RaceData
2018,14,hulkenberg,Nico Hulkenberg,Renault,20,13,7,0.0,52,+1 LAP,Base Oficial Ergast Motor Racing Database / TracingInsights RaceData
2018,14,gasly,Pierre Gasly,Toro Rosso,9,14,-5,0.0,52,+1 LAP,Base Oficial Ergast Motor Racing Database / TracingInsights RaceData
2018,14,ericsson,Marcus Ericsson,Sauber,18,15,3,0.0,52,+1 LAP,Base Oficial Ergast Motor Racing Database / TracingInsights RaceData
2018,14,kevin_magnussen,Kevin Magnussen,Haas F1 Team,11,16,-5,0.0,52,+1 LAP,Base Oficial Ergast Motor Racing Database / TracingInsights RaceData
2018,14,ricciardo,Daniel Ricciardo,Red Bull,19,17,2,0.0,23,ENGINE,Base Oficial Ergast Motor Racing Database / TracingInsights RaceData
2018,14,alonso,Fernando Alonso,McLaren,13,18,-5,0.0,9,ENGINE,Base Oficial Ergast Motor Racing Database / TracingInsights RaceData
2018,14,brendon_hartley,Brendon Hartley,Toro Rosso,16,19,-3,0.0,0,BRAKES,Base Oficial Ergast Motor Racing Database / TracingInsights RaceData
2018,14,grosjean,Romain Grosjean,Haas F1 Team,6,20,-14,0.0,53,DISQUALIFIED,Base Oficial Ergast Motor Racing Database / TracingInsights RaceData
2018,15,hamilton,Lewis Hamilton,Mercedes,1,1,0,25.0,61,FINISHED,Base Oficial Ergast Motor Racing Database / TracingInsights RaceData
2018,15,max_verstappen,Max Verstappen,Red Bull,2,2,0,18.0,61,FINISHED,Base Oficial Ergast Motor Racing Database / TracingInsights RaceData
2018,15,vettel,Sebastian Vettel,Ferrari,3,3,0,15.0,61,FINISHED,Base Oficial Ergast Motor Racing Database / TracingInsights RaceData
2018,15,bottas,Valtteri Bottas,Mercedes,4,4,0,12.0,61,FINISHED,Base Oficial Ergast Motor Racing Database / TracingInsights RaceData
2018,15,raikkonen,Kimi Raikkonen,Ferrari,5,5,0,10.0,61,FINISHED,Base Oficial Ergast Motor Racing Database / TracingInsights RaceData
2018,15,ricciardo,Daniel Ricciardo,Red Bull,6,6,0,8.0,61,FINISHED,Base Oficial Ergast Motor Racing Database / TracingInsights RaceData
2018,15,alonso,Fernando Alonso,McLaren,11,7,4,6.0,61,FINISHED,Base Oficial Ergast Motor Racing Database / TracingInsights RaceData
2018,15,sainz,Carlos Sainz,Renault,12,8,4,4.0,60,+1 LAP,Base Oficial Ergast Motor Racing Database / TracingInsights RaceData
2018,15,leclerc,Charles Leclerc,Sauber,13,9,4,2.0,60,+1 LAP,Base Oficial Ergast Motor Racing Database / TracingInsights RaceData
2018,15,hulkenberg,Nico Hulkenberg,Renault,10,10,0,1.0,60,+1 LAP,Base Oficial Ergast Motor Racing Database / TracingInsights RaceData
2018,15,ericsson,Marcus Ericsson,Sauber,14,11,3,0.0,60,+1 LAP,Base Oficial Ergast Motor Racing Database / TracingInsights RaceData
2018,15,vandoorne,Stoffel Vandoorne,McLaren,18,12,6,0.0,60,+1 LAP,Base Oficial Ergast Motor Racing Database / TracingInsights RaceData
2018,15,gasly,Pierre Gasly,Toro Rosso,15,13,2,0.0,60,+1 LAP,Base Oficial Ergast Motor Racing Database / TracingInsights RaceData
2018,15,stroll,Lance Stroll,Williams,20,14,6,0.0,60,+1 LAP,Base Oficial Ergast Motor Racing Database / TracingInsights RaceData
2018,15,grosjean,Romain Grosjean,Haas F1 Team,8,15,-7,0.0,60,+1 LAP,Base Oficial Ergast Motor Racing Database / TracingInsights RaceData
2018,15,perez,Sergio Perez,Force India,7,16,-9,0.0,60,+1 LAP,Base Oficial Ergast Motor Racing Database / TracingInsights RaceData
2018,15,brendon_hartley,Brendon Hartley,Toro Rosso,17,17,0,0.0,60,+1 LAP,Base Oficial Ergast Motor Racing Database / TracingInsights RaceData
2018,15,kevin_magnussen,Kevin Magnussen,Haas F1 Team,16,18,-2,0.0,59,+2 LAPS,Base Oficial Ergast Motor Racing Database / TracingInsights RaceData
2018,15,sirotkin,Sergey Sirotkin,Williams,19,19,0,0.0,59,+2 LAPS,Base Oficial Ergast Motor Racing Database / TracingInsights RaceData
2018,15,ocon,Esteban Ocon,Force India,9,20,-11,0.0,0,COLLISION,Base Oficial Ergast Motor Racing Database / TracingInsights RaceData
2018,16,hamilton,Lewis Hamilton,Mercedes,2,1,1,25.0,53,FINISHED,Base Oficial Ergast Motor Racing Database / TracingInsights RaceData
2018,16,bottas,Valtteri Bottas,Mercedes,1,2,-1,18.0,53,FINISHED,Base Oficial Ergast Motor Racing Database / TracingInsights RaceData
2018,16,vettel,Sebastian Vettel,Ferrari,3,3,0,15.0,53,FINISHED,Base Oficial Ergast Motor Racing Database / TracingInsights RaceData
2018,16,raikkonen,Kimi Raikkonen,Ferrari,4,4,0,12.0,53,FINISHED,Base Oficial Ergast Motor Racing Database / TracingInsights RaceData
2018,16,max_verstappen,Max Verstappen,Red Bull,19,5,14,10.0,53,FINISHED,Base Oficial Ergast Motor Racing Database / TracingInsights RaceData
2018,16,ricciardo,Daniel Ricciardo,Red Bull,18,6,12,8.0,53,FINISHED,Base Oficial Ergast Motor Racing Database / TracingInsights RaceData
2018,16,leclerc,Charles Leclerc,Sauber,7,7,0,6.0,53,FINISHED,Base Oficial Ergast Motor Racing Database / TracingInsights RaceData
2018,16,kevin_magnussen,Kevin Magnussen,Haas F1 Team,5,8,-3,4.0,52,+1 LAP,Base Oficial Ergast Motor Racing Database / TracingInsights RaceData
2018,16,ocon,Esteban Ocon,Force India,6,9,-3,2.0,52,+1 LAP,Base Oficial Ergast Motor Racing Database / TracingInsights RaceData
2018,16,perez,Sergio Perez,Force India,8,10,-2,1.0,52,+1 LAP,Base Oficial Ergast Motor Racing Database / TracingInsights RaceData
2018,16,grosjean,Romain Grosjean,Haas F1 Team,9,11,-2,0.0,52,+1 LAP,Base Oficial Ergast Motor Racing Database / TracingInsights RaceData
2018,16,hulkenberg,Nico Hulkenberg,Renault,12,12,0,0.0,52,+1 LAP,Base Oficial Ergast Motor Racing Database / TracingInsights RaceData
2018,16,ericsson,Marcus Ericsson,Sauber,10,13,-3,0.0,52,+1 LAP,Base Oficial Ergast Motor Racing Database / TracingInsights RaceData
2018,16,alonso,Fernando Alonso,McLaren,16,14,2,0.0,52,+1 LAP,Base Oficial Ergast Motor Racing Database / TracingInsights RaceData
2018,16,stroll,Lance Stroll,Williams,14,15,-1,0.0,52,+1 LAP,Base Oficial Ergast Motor Racing Database / TracingInsights RaceData
2018,16,vandoorne,Stoffel Vandoorne,McLaren,15,16,-1,0.0,51,+2 LAPS,Base Oficial Ergast Motor Racing Database / TracingInsights RaceData
2018,16,sainz,Carlos Sainz,Renault,11,17,-6,0.0,51,+2 LAPS,Base Oficial Ergast Motor Racing Database / TracingInsights RaceData
2018,16,sirotkin,Sergey Sirotkin,Williams,13,18,-5,0.0,51,+2 LAPS,Base Oficial Ergast Motor Racing Database / TracingInsights RaceData
2018,16,gasly,Pierre Gasly,Toro Rosso,17,19,-2,0.0,4,BRAKES,Base Oficial Ergast Motor Racing Database / TracingInsights RaceData
2018,16,brendon_hartley,Brendon Hartley,Toro Rosso,20,20,0,0.0,4,BRAKES,Base Oficial Ergast Motor Racing Database / TracingInsights RaceData
2018,17,hamilton,Lewis Hamilton,Mercedes,1,1,0,25.0,53,FINISHED,Base Oficial Ergast Motor Racing Database / TracingInsights RaceData
2018,17,bottas,Valtteri Bottas,Mercedes,2,2,0,18.0,53,FINISHED,Base Oficial Ergast Motor Racing Database / TracingInsights RaceData
2018,17,max_verstappen,Max Verstappen,Red Bull,3,3,0,15.0,53,FINISHED,Base Oficial Ergast Motor Racing Database / TracingInsights RaceData
2018,17,ricciardo,Daniel Ricciardo,Red Bull,15,4,11,12.0,53,FINISHED,Base Oficial Ergast Motor Racing Database / TracingInsights RaceData
2018,17,raikkonen,Kimi Raikkonen,Ferrari,4,5,-1,10.0,53,FINISHED,Base Oficial Ergast Motor Racing Database / TracingInsights RaceData
2018,17,vettel,Sebastian Vettel,Ferrari,8,6,2,8.0,53,FINISHED,Base Oficial Ergast Motor Racing Database / TracingInsights RaceData
2018,17,perez,Sergio Perez,Force India,9,7,2,6.0,53,FINISHED,Base Oficial Ergast Motor Racing Database / TracingInsights RaceData
2018,17,grosjean,Romain Grosjean,Haas F1 Team,5,8,-3,4.0,53,FINISHED,Base Oficial Ergast Motor Racing Database / TracingInsights RaceData
2018,17,ocon,Esteban Ocon,Force India,11,9,2,2.0,53,FINISHED,Base Oficial Ergast Motor Racing Database / TracingInsights RaceData
2018,17,sainz,Carlos Sainz,Renault,13,10,3,1.0,52,+1 LAP,Base Oficial Ergast Motor Racing Database / TracingInsights RaceData
2018,17,gasly,Pierre Gasly,Toro Rosso,7,11,-4,0.0,52,+1 LAP,Base Oficial Ergast Motor Racing Database / TracingInsights RaceData
2018,17,ericsson,Marcus Ericsson,Sauber,20,12,8,0.0,52,+1 LAP,Base Oficial Ergast Motor Racing Database / TracingInsights RaceData
2018,17,brendon_hartley,Brendon Hartley,Toro Rosso,6,13,-7,0.0,52,+1 LAP,Base Oficial Ergast Motor Racing Database / TracingInsights RaceData
2018,17,alonso,Fernando Alonso,McLaren,18,14,4,0.0,52,+1 LAP,Base Oficial Ergast Motor Racing Database / TracingInsights RaceData
2018,17,vandoorne,Stoffel Vandoorne,McLaren,19,15,4,0.0,52,+1 LAP,Base Oficial Ergast Motor Racing Database / TracingInsights RaceData
2018,17,sirotkin,Sergey Sirotkin,Williams,17,16,1,0.0,52,+1 LAP,Base Oficial Ergast Motor Racing Database / TracingInsights RaceData
2018,17,stroll,Lance Stroll,Williams,14,17,-3,0.0,52,+1 LAP,Base Oficial Ergast Motor Racing Database / TracingInsights RaceData
2018,17,leclerc,Charles Leclerc,Sauber,10,18,-8,0.0,38,MECHANICAL,Base Oficial Ergast Motor Racing Database / TracingInsights RaceData
2018,17,hulkenberg,Nico Hulkenberg,Renault,16,19,-3,0.0,37,ENGINE,Base Oficial Ergast Motor Racing Database / TracingInsights RaceData
2018,17,kevin_magnussen,Kevin Magnussen,Haas F1 Team,12,20,-8,0.0,8,COLLISION DAMAGE,Base Oficial Ergast Motor Racing Database / TracingInsights RaceData
2018,18,raikkonen,Kimi Raikkonen,Ferrari,2,1,1,25.0,56,FINISHED,Base Oficial Ergast Motor Racing Database / TracingInsights RaceData
2018,18,max_verstappen,Max Verstappen,Red Bull,18,2,16,18.0,56,FINISHED,Base Oficial Ergast Motor Racing Database / TracingInsights RaceData
2018,18,hamilton,Lewis Hamilton,Mercedes,1,3,-2,15.0,56,FINISHED,Base Oficial Ergast Motor Racing Database / TracingInsights RaceData
2018,18,vettel,Sebastian Vettel,Ferrari,5,4,1,12.0,56,FINISHED,Base Oficial Ergast Motor Racing Database / TracingInsights RaceData
2018,18,bottas,Valtteri Bottas,Mercedes,3,5,-2,10.0,56,FINISHED,Base Oficial Ergast Motor Racing Database / TracingInsights RaceData
2018,18,hulkenberg,Nico Hulkenberg,Renault,7,6,1,8.0,56,FINISHED,Base Oficial Ergast Motor Racing Database / TracingInsights RaceData
2018,18,sainz,Carlos Sainz,Renault,11,7,4,6.0,56,FINISHED,Base Oficial Ergast Motor Racing Database / TracingInsights RaceData
2018,18,perez,Sergio Perez,Force India,10,8,2,4.0,56,FINISHED,Base Oficial Ergast Motor Racing Database / TracingInsights RaceData
2018,18,brendon_hartley,Brendon Hartley,Toro Rosso,20,9,11,2.0,55,+1 LAP,Base Oficial Ergast Motor Racing Database / TracingInsights RaceData
2018,18,ericsson,Marcus Ericsson,Sauber,16,10,6,1.0,55,+1 LAP,Base Oficial Ergast Motor Racing Database / TracingInsights RaceData
2018,18,vandoorne,Stoffel Vandoorne,McLaren,17,11,6,0.0,55,+1 LAP,Base Oficial Ergast Motor Racing Database / TracingInsights RaceData
2018,18,gasly,Pierre Gasly,Toro Rosso,19,12,7,0.0,55,+1 LAP,Base Oficial Ergast Motor Racing Database / TracingInsights RaceData
2018,18,sirotkin,Sergey Sirotkin,Williams,14,13,1,0.0,55,+1 LAP,Base Oficial Ergast Motor Racing Database / TracingInsights RaceData
2018,18,stroll,Lance Stroll,Williams,15,14,1,0.0,54,+2 LAPS,Base Oficial Ergast Motor Racing Database / TracingInsights RaceData
2018,18,leclerc,Charles Leclerc,Sauber,9,15,-6,0.0,31,COLLISION DAMAGE,Base Oficial Ergast Motor Racing Database / TracingInsights RaceData
2018,18,ricciardo,Daniel Ricciardo,Red Bull,4,16,-12,0.0,8,BATTERY,Base Oficial Ergast Motor Racing Database / TracingInsights RaceData
2018,18,grosjean,Romain Grosjean,Haas F1 Team,8,17,-9,0.0,2,COLLISION DAMAGE,Base Oficial Ergast Motor Racing Database / TracingInsights RaceData
2018,18,alonso,Fernando Alonso,McLaren,13,18,-5,0.0,1,COLLISION,Base Oficial Ergast Motor Racing Database / TracingInsights RaceData
2018,18,ocon,Esteban Ocon,Force India,6,19,-13,0.0,56,DISQUALIFIED,Base Oficial Ergast Motor Racing Database / TracingInsights RaceData
2018,18,kevin_magnussen,Kevin Magnussen,Haas F1 Team,12,20,-8,0.0,56,DISQUALIFIED,Base Oficial Ergast Motor Racing Database / TracingInsights RaceData
2018,19,max_verstappen,Max Verstappen,Red Bull,2,1,1,25.0,71,FINISHED,Base Oficial Ergast Motor Racing Database / TracingInsights RaceData
2018,19,vettel,Sebastian Vettel,Ferrari,4,2,2,18.0,71,FINISHED,Base Oficial Ergast Motor Racing Database / TracingInsights RaceData
2018,19,raikkonen,Kimi Raikkonen,Ferrari,6,3,3,15.0,71,FINISHED,Base Oficial Ergast Motor Racing Database / TracingInsights RaceData
2018,19,hamilton,Lewis Hamilton,Mercedes,3,4,-1,12.0,71,FINISHED,Base Oficial Ergast Motor Racing Database / TracingInsights RaceData
2018,19,bottas,Valtteri Bottas,Mercedes,5,5,0,10.0,70,+1 LAP,Base Oficial Ergast Motor Racing Database / TracingInsights RaceData
2018,19,hulkenberg,Nico Hulkenberg,Renault,7,6,1,8.0,69,+2 LAPS,Base Oficial Ergast Motor Racing Database / TracingInsights RaceData
2018,19,leclerc,Charles Leclerc,Sauber,9,7,2,6.0,69,+2 LAPS,Base Oficial Ergast Motor Racing Database / TracingInsights RaceData
2018,19,vandoorne,Stoffel Vandoorne,McLaren,15,8,7,4.0,69,+2 LAPS,Base Oficial Ergast Motor Racing Database / TracingInsights RaceData
2018,19,ericsson,Marcus Ericsson,Sauber,10,9,1,2.0,69,+2 LAPS,Base Oficial Ergast Motor Racing Database / TracingInsights RaceData
2018,19,gasly,Pierre Gasly,Toro Rosso,20,10,10,1.0,69,+2 LAPS,Base Oficial Ergast Motor Racing Database / TracingInsights RaceData
2018,19,ocon,Esteban Ocon,Force India,11,11,0,0.0,69,+2 LAPS,Base Oficial Ergast Motor Racing Database / TracingInsights RaceData
2018,19,stroll,Lance Stroll,Williams,17,12,5,0.0,69,+2 LAPS,Base Oficial Ergast Motor Racing Database / TracingInsights RaceData
2018,19,sirotkin,Sergey Sirotkin,Williams,19,13,6,0.0,69,+2 LAPS,Base Oficial Ergast Motor Racing Database / TracingInsights RaceData
2018,19,brendon_hartley,Brendon Hartley,Toro Rosso,14,14,0,0.0,69,+2 LAPS,Base Oficial Ergast Motor Racing Database / TracingInsights RaceData
2018,19,kevin_magnussen,Kevin Magnussen,Haas F1 Team,16,15,1,0.0,69,+2 LAPS,Base Oficial Ergast Motor Racing Database / TracingInsights RaceData
2018,19,grosjean,Romain Grosjean,Haas F1 Team,18,16,2,0.0,68,+3 LAPS,Base Oficial Ergast Motor Racing Database / TracingInsights RaceData
2018,19,ricciardo,Daniel Ricciardo,Red Bull,1,17,-16,0.0,61,ENGINE,Base Oficial Ergast Motor Racing Database / TracingInsights RaceData
2018,19,perez,Sergio Perez,Force India,13,18,-5,0.0,38,BRAKES,Base Oficial Ergast Motor Racing Database / TracingInsights RaceData
2018,19,sainz,Carlos Sainz,Renault,8,19,-11,0.0,28,SUSPENSION,Base Oficial Ergast Motor Racing Database / TracingInsights RaceData
2018,19,alonso,Fernando Alonso,McLaren,12,20,-8,0.0,3,ENGINE,Base Oficial Ergast Motor Racing Database / TracingInsights RaceData
2018,20,hamilton,Lewis Hamilton,Mercedes,1,1,0,25.0,71,FINISHED,Base Oficial Ergast Motor Racing Database / TracingInsights RaceData
2018,20,max_verstappen,Max Verstappen,Red Bull,5,2,3,18.0,71,FINISHED,Base Oficial Ergast Motor Racing Database / TracingInsights RaceData
2018,20,raikkonen,Kimi Raikkonen,Ferrari,4,3,1,15.0,71,FINISHED,Base Oficial Ergast Motor Racing Database / TracingInsights RaceData
2018,20,ricciardo,Daniel Ricciardo,Red Bull,11,4,7,12.0,71,FINISHED,Base Oficial Ergast Motor Racing Database / TracingInsights RaceData
2018,20,bottas,Valtteri Bottas,Mercedes,3,5,-2,10.0,71,FINISHED,Base Oficial Ergast Motor Racing Database / TracingInsights RaceData
2018,20,vettel,Sebastian Vettel,Ferrari,2,6,-4,8.0,71,FINISHED,Base Oficial Ergast Motor Racing Database / TracingInsights RaceData
2018,20,leclerc,Charles Leclerc,Sauber,7,7,0,6.0,71,FINISHED,Base Oficial Ergast Motor Racing Database / TracingInsights RaceData
2018,20,grosjean,Romain Grosjean,Haas F1 Team,8,8,0,4.0,71,FINISHED,Base Oficial Ergast Motor Racing Database / TracingInsights RaceData
2018,20,kevin_magnussen,Kevin Magnussen,Haas F1 Team,10,9,1,2.0,71,FINISHED,Base Oficial Ergast Motor Racing Database / TracingInsights RaceData
2018,20,perez,Sergio Perez,Force India,12,10,2,1.0,70,+1 LAP,Base Oficial Ergast Motor Racing Database / TracingInsights RaceData
2018,20,brendon_hartley,Brendon Hartley,Toro Rosso,16,11,5,0.0,70,+1 LAP,Base Oficial Ergast Motor Racing Database / TracingInsights RaceData
2018,20,sainz,Carlos Sainz,Renault,15,12,3,0.0,70,+1 LAP,Base Oficial Ergast Motor Racing Database / TracingInsights RaceData
2018,20,gasly,Pierre Gasly,Toro Rosso,9,13,-4,0.0,70,+1 LAP,Base Oficial Ergast Motor Racing Database / TracingInsights RaceData
2018,20,vandoorne,Stoffel Vandoorne,McLaren,20,14,6,0.0,70,+1 LAP,Base Oficial Ergast Motor Racing Database / TracingInsights RaceData
2018,20,ocon,Esteban Ocon,Force India,18,15,3,0.0,70,+1 LAP,Base Oficial Ergast Motor Racing Database / TracingInsights RaceData
2018,20,sirotkin,Sergey Sirotkin,Williams,14,16,-2,0.0,69,+2 LAPS,Base Oficial Ergast Motor Racing Database / TracingInsights RaceData
2018,20,alonso,Fernando Alonso,McLaren,17,17,0,0.0,69,+2 LAPS,Base Oficial Ergast Motor Racing Database / TracingInsights RaceData
2018,20,stroll,Lance Stroll,Williams,19,18,1,0.0,69,+2 LAPS,Base Oficial Ergast Motor Racing Database / TracingInsights RaceData
2018,20,hulkenberg,Nico Hulkenberg,Renault,13,19,-6,0.0,32,OVERHEATING,Base Oficial Ergast Motor Racing Database / TracingInsights RaceData
2018,20,ericsson,Marcus Ericsson,Sauber,6,20,-14,0.0,20,COLLISION,Base Oficial Ergast Motor Racing Database / TracingInsights RaceData
2018,21,hamilton,Lewis Hamilton,Mercedes,1,1,0,25.0,55,FINISHED,Base Oficial Ergast Motor Racing Database / TracingInsights RaceData
2018,21,vettel,Sebastian Vettel,Ferrari,3,2,1,18.0,55,FINISHED,Base Oficial Ergast Motor Racing Database / TracingInsights RaceData
2018,21,max_verstappen,Max Verstappen,Red Bull,6,3,3,15.0,55,FINISHED,Base Oficial Ergast Motor Racing Database / TracingInsights RaceData
2018,21,ricciardo,Daniel Ricciardo,Red Bull,5,4,1,12.0,55,FINISHED,Base Oficial Ergast Motor Racing Database / TracingInsights RaceData
2018,21,bottas,Valtteri Bottas,Mercedes,2,5,-3,10.0,55,FINISHED,Base Oficial Ergast Motor Racing Database / TracingInsights RaceData
2018,21,sainz,Carlos Sainz,Renault,11,6,5,8.0,55,FINISHED,Base Oficial Ergast Motor Racing Database / TracingInsights RaceData
2018,21,leclerc,Charles Leclerc,Sauber,8,7,1,6.0,55,FINISHED,Base Oficial Ergast Motor Racing Database / TracingInsights RaceData
2018,21,perez,Sergio Perez,Force India,14,8,6,4.0,55,FINISHED,Base Oficial Ergast Motor Racing Database / TracingInsights RaceData
2018,21,grosjean,Romain Grosjean,Haas F1 Team,7,9,-2,2.0,54,+1 LAP,Base Oficial Ergast Motor Racing Database / TracingInsights RaceData
2018,21,kevin_magnussen,Kevin Magnussen,Haas F1 Team,13,10,3,1.0,54,+1 LAP,Base Oficial Ergast Motor Racing Database / TracingInsights RaceData
2018,21,alonso,Fernando Alonso,McLaren,15,11,4,0.0,54,+1 LAP,Base Oficial Ergast Motor Racing Database / TracingInsights RaceData
2018,21,brendon_hartley,Brendon Hartley,Toro Rosso,16,12,4,0.0,54,+1 LAP,Base Oficial Ergast Motor Racing Database / TracingInsights RaceData
2018,21,stroll,Lance Stroll,Williams,20,13,7,0.0,54,+1 LAP,Base Oficial Ergast Motor Racing Database / TracingInsights RaceData
2018,21,vandoorne,Stoffel Vandoorne,McLaren,18,14,4,0.0,54,+1 LAP,Base Oficial Ergast Motor Racing Database / TracingInsights RaceData
2018,21,sirotkin,Sergey Sirotkin,Williams,19,15,4,0.0,54,+1 LAP,Base Oficial Ergast Motor Racing Database / TracingInsights RaceData
2018,21,gasly,Pierre Gasly,Toro Rosso,17,16,1,0.0,46,ENGINE,Base Oficial Ergast Motor Racing Database / TracingInsights RaceData
2018,21,ocon,Esteban Ocon,Force India,9,17,-8,0.0,44,ENGINE,Base Oficial Ergast Motor Racing Database / TracingInsights RaceData
2018,21,ericsson,Marcus Ericsson,Sauber,12,18,-6,0.0,24,POWER LOSS,Base Oficial Ergast Motor Racing Database / TracingInsights RaceData
2018,21,raikkonen,Kimi Raikkonen,Ferrari,4,19,-15,0.0,6,POWER LOSS,Base Oficial Ergast Motor Racing Database / TracingInsights RaceData
2018,21,hulkenberg,Nico Hulkenberg,Renault,10,20,-10,0.0,0,COLLISION,Base Oficial Ergast Motor Racing Database / TracingInsights RaceData
2019,1,bottas,Valtteri Bottas,Mercedes,2,1,1,26.0,58,FINISHED,Base Oficial Ergast Motor Racing Database / TracingInsights RaceData
2019,1,hamilton,Lewis Hamilton,Mercedes,1,2,-1,18.0,58,FINISHED,Base Oficial Ergast Motor Racing Database / TracingInsights RaceData
2019,1,max_verstappen,Max Verstappen,Red Bull,4,3,1,15.0,58,FINISHED,Base Oficial Ergast Motor Racing Database / TracingInsights RaceData
2019,1,vettel,Sebastian Vettel,Ferrari,3,4,-1,12.0,58,FINISHED,Base Oficial Ergast Motor Racing Database / TracingInsights RaceData
2019,1,leclerc,Charles Leclerc,Ferrari,5,5,0,10.0,58,FINISHED,Base Oficial Ergast Motor Racing Database / TracingInsights RaceData
2019,1,kevin_magnussen,Kevin Magnussen,Haas F1 Team,7,6,1,8.0,58,FINISHED,Base Oficial Ergast Motor Racing Database / TracingInsights RaceData
2019,1,hulkenberg,Nico Hulkenberg,Renault,11,7,4,6.0,57,+1 LAP,Base Oficial Ergast Motor Racing Database / TracingInsights RaceData
2019,1,raikkonen,Kimi Raikkonen,Alfa Romeo,9,8,1,4.0,57,+1 LAP,Base Oficial Ergast Motor Racing Database / TracingInsights RaceData
2019,1,stroll,Lance Stroll,Racing Point,16,9,7,2.0,57,+1 LAP,Base Oficial Ergast Motor Racing Database / TracingInsights RaceData
2019,1,kvyat,Daniil Kvyat,Toro Rosso,15,10,5,1.0,57,+1 LAP,Base Oficial Ergast Motor Racing Database / TracingInsights RaceData
2019,1,gasly,Pierre Gasly,Red Bull,17,11,6,0.0,57,+1 LAP,Base Oficial Ergast Motor Racing Database / TracingInsights RaceData
2019,1,norris,Lando Norris,McLaren,8,12,-4,0.0,57,+1 LAP,Base Oficial Ergast Motor Racing Database / TracingInsights RaceData
2019,1,perez,Sergio Perez,Racing Point,10,13,-3,0.0,57,+1 LAP,Base Oficial Ergast Motor Racing Database / TracingInsights RaceData
2019,1,albon,Alexander Albon,Toro Rosso,13,14,-1,0.0,57,+1 LAP,Base Oficial Ergast Motor Racing Database / TracingInsights RaceData
2019,1,giovinazzi,Antonio Giovinazzi,Alfa Romeo,14,15,-1,0.0,57,+1 LAP,Base Oficial Ergast Motor Racing Database / TracingInsights RaceData
2019,1,russell,George Russell,Williams,19,16,3,0.0,56,+2 LAPS,Base Oficial Ergast Motor Racing Database / TracingInsights RaceData
2019,1,kubica,Robert Kubica,Williams,20,17,3,0.0,55,+3 LAPS,Base Oficial Ergast Motor Racing Database / TracingInsights RaceData
2019,1,grosjean,Romain Grosjean,Haas F1 Team,6,18,-12,0.0,29,WHEEL,Base Oficial Ergast Motor Racing Database / TracingInsights RaceData
2019,1,ricciardo,Daniel Ricciardo,Renault,12,19,-7,0.0,28,DAMAGE,Base Oficial Ergast Motor Racing Database / TracingInsights RaceData
2019,1,sainz,Carlos Sainz,McLaren,18,20,-2,0.0,9,ENGINE,Base Oficial Ergast Motor Racing Database / TracingInsights RaceData
2019,2,hamilton,Lewis Hamilton,Mercedes,3,1,2,25.0,57,FINISHED,Base Oficial Ergast Motor Racing Database / TracingInsights RaceData
2019,2,bottas,Valtteri Bottas,Mercedes,4,2,2,18.0,57,FINISHED,Base Oficial Ergast Motor Racing Database / TracingInsights RaceData
2019,2,leclerc,Charles Leclerc,Ferrari,1,3,-2,16.0,57,FINISHED,Base Oficial Ergast Motor Racing Database / TracingInsights RaceData
2019,2,max_verstappen,Max Verstappen,Red Bull,5,4,1,12.0,57,FINISHED,Base Oficial Ergast Motor Racing Database / TracingInsights RaceData
2019,2,vettel,Sebastian Vettel,Ferrari,2,5,-3,10.0,57,FINISHED,Base Oficial Ergast Motor Racing Database / TracingInsights RaceData
2019,2,norris,Lando Norris,McLaren,9,6,3,8.0,57,FINISHED,Base Oficial Ergast Motor Racing Database / TracingInsights RaceData
2019,2,raikkonen,Kimi Raikkonen,Alfa Romeo,8,7,1,6.0,57,FINISHED,Base Oficial Ergast Motor Racing Database / TracingInsights RaceData
2019,2,gasly,Pierre Gasly,Red Bull,13,8,5,4.0,57,FINISHED,Base Oficial Ergast Motor Racing Database / TracingInsights RaceData
2019,2,albon,Alexander Albon,Toro Rosso,12,9,3,2.0,57,FINISHED,Base Oficial Ergast Motor Racing Database / TracingInsights RaceData
2019,2,perez,Sergio Perez,Racing Point,14,10,4,1.0,57,FINISHED,Base Oficial Ergast Motor Racing Database / TracingInsights RaceData
2019,2,giovinazzi,Antonio Giovinazzi,Alfa Romeo,16,11,5,0.0,57,FINISHED,Base Oficial Ergast Motor Racing Database / TracingInsights RaceData
2019,2,kvyat,Daniil Kvyat,Toro Rosso,15,12,3,0.0,56,+1 LAP,Base Oficial Ergast Motor Racing Database / TracingInsights RaceData
2019,2,kevin_magnussen,Kevin Magnussen,Haas F1 Team,6,13,-7,0.0,56,+1 LAP,Base Oficial Ergast Motor Racing Database / TracingInsights RaceData
2019,2,stroll,Lance Stroll,Racing Point,18,14,4,0.0,56,+1 LAP,Base Oficial Ergast Motor Racing Database / TracingInsights RaceData
2019,2,russell,George Russell,Williams,19,15,4,0.0,56,+1 LAP,Base Oficial Ergast Motor Racing Database / TracingInsights RaceData
2019,2,kubica,Robert Kubica,Williams,20,16,4,0.0,55,+2 LAPS,Base Oficial Ergast Motor Racing Database / TracingInsights RaceData
2019,2,hulkenberg,Nico Hulkenberg,Renault,17,17,0,0.0,53,ENGINE,Base Oficial Ergast Motor Racing Database / TracingInsights RaceData
2019,2,ricciardo,Daniel Ricciardo,Renault,10,18,-8,0.0,53,OUT OF FUEL,Base Oficial Ergast Motor Racing Database / TracingInsights RaceData
2019,2,sainz,Carlos Sainz,McLaren,7,19,-12,0.0,53,COLLISION DAMAGE,Base Oficial Ergast Motor Racing Database / TracingInsights RaceData
2019,2,grosjean,Romain Grosjean,Haas F1 Team,11,20,-9,0.0,16,RETIRED,Base Oficial Ergast Motor Racing Database / TracingInsights RaceData
2019,3,hamilton,Lewis Hamilton,Mercedes,2,1,1,25.0,56,FINISHED,Base Oficial Ergast Motor Racing Database / TracingInsights RaceData
2019,3,bottas,Valtteri Bottas,Mercedes,1,2,-1,18.0,56,FINISHED,Base Oficial Ergast Motor Racing Database / TracingInsights RaceData
2019,3,vettel,Sebastian Vettel,Ferrari,3,3,0,15.0,56,FINISHED,Base Oficial Ergast Motor Racing Database / TracingInsights RaceData
2019,3,max_verstappen,Max Verstappen,Red Bull,5,4,1,12.0,56,FINISHED,Base Oficial Ergast Motor Racing Database / TracingInsights RaceData
2019,3,leclerc,Charles Leclerc,Ferrari,4,5,-1,10.0,56,FINISHED,Base Oficial Ergast Motor Racing Database / TracingInsights RaceData
2019,3,gasly,Pierre Gasly,Red Bull,6,6,0,9.0,56,FINISHED,Base Oficial Ergast Motor Racing Database / TracingInsights RaceData
2019,3,ricciardo,Daniel Ricciardo,Renault,7,7,0,6.0,55,+1 LAP,Base Oficial Ergast Motor Racing Database / TracingInsights RaceData
2019,3,perez,Sergio Perez,Racing Point,12,8,4,4.0,55,+1 LAP,Base Oficial Ergast Motor Racing Database / TracingInsights RaceData
2019,3,raikkonen,Kimi Raikkonen,Alfa Romeo,13,9,4,2.0,55,+1 LAP,Base Oficial Ergast Motor Racing Database / TracingInsights RaceData
2019,3,albon,Alexander Albon,Toro Rosso,20,10,10,1.0,55,+1 LAP,Base Oficial Ergast Motor Racing Database / TracingInsights RaceData
2019,3,grosjean,Romain Grosjean,Haas F1 Team,10,11,-1,0.0,55,+1 LAP,Base Oficial Ergast Motor Racing Database / TracingInsights RaceData
2019,3,stroll,Lance Stroll,Racing Point,16,12,4,0.0,55,+1 LAP,Base Oficial Ergast Motor Racing Database / TracingInsights RaceData
2019,3,kevin_magnussen,Kevin Magnussen,Haas F1 Team,9,13,-4,0.0,55,+1 LAP,Base Oficial Ergast Motor Racing Database / TracingInsights RaceData
2019,3,sainz,Carlos Sainz,McLaren,14,14,0,0.0,55,+1 LAP,Base Oficial Ergast Motor Racing Database / TracingInsights RaceData
2019,3,giovinazzi,Antonio Giovinazzi,Alfa Romeo,19,15,4,0.0,55,+1 LAP,Base Oficial Ergast Motor Racing Database / TracingInsights RaceData
2019,3,russell,George Russell,Williams,17,16,1,0.0,54,+2 LAPS,Base Oficial Ergast Motor Racing Database / TracingInsights RaceData
2019,3,kubica,Robert Kubica,Williams,18,17,1,0.0,54,+2 LAPS,Base Oficial Ergast Motor Racing Database / TracingInsights RaceData
2019,3,norris,Lando Norris,McLaren,15,18,-3,0.0,50,COLLISION,Base Oficial Ergast Motor Racing Database / TracingInsights RaceData
2019,3,kvyat,Daniil Kvyat,Toro Rosso,11,19,-8,0.0,41,COLLISION,Base Oficial Ergast Motor Racing Database / TracingInsights RaceData
2019,3,hulkenberg,Nico Hulkenberg,Renault,8,20,-12,0.0,16,POWER UNIT,Base Oficial Ergast Motor Racing Database / TracingInsights RaceData
2019,4,bottas,Valtteri Bottas,Mercedes,1,1,0,25.0,51,FINISHED,Base Oficial Ergast Motor Racing Database / TracingInsights RaceData
2019,4,hamilton,Lewis Hamilton,Mercedes,2,2,0,18.0,51,FINISHED,Base Oficial Ergast Motor Racing Database / TracingInsights RaceData
2019,4,vettel,Sebastian Vettel,Ferrari,3,3,0,15.0,51,FINISHED,Base Oficial Ergast Motor Racing Database / TracingInsights RaceData
2019,4,max_verstappen,Max Verstappen,Red Bull,4,4,0,12.0,51,FINISHED,Base Oficial Ergast Motor Racing Database / TracingInsights RaceData
2019,4,leclerc,Charles Leclerc,Ferrari,8,5,3,11.0,51,FINISHED,Base Oficial Ergast Motor Racing Database / TracingInsights RaceData
2019,4,perez,Sergio Perez,Racing Point,5,6,-1,8.0,51,FINISHED,Base Oficial Ergast Motor Racing Database / TracingInsights RaceData
2019,4,sainz,Carlos Sainz,McLaren,9,7,2,6.0,51,FINISHED,Base Oficial Ergast Motor Racing Database / TracingInsights RaceData
2019,4,norris,Lando Norris,McLaren,7,8,-1,4.0,51,FINISHED,Base Oficial Ergast Motor Racing Database / TracingInsights RaceData
2019,4,stroll,Lance Stroll,Racing Point,13,9,4,2.0,51,FINISHED,Base Oficial Ergast Motor Racing Database / TracingInsights RaceData
2019,4,raikkonen,Kimi Raikkonen,Alfa Romeo,20,10,10,1.0,50,+1 LAP,Base Oficial Ergast Motor Racing Database / TracingInsights RaceData
2019,4,albon,Alexander Albon,Toro Rosso,11,11,0,0.0,50,+1 LAP,Base Oficial Ergast Motor Racing Database / TracingInsights RaceData
2019,4,giovinazzi,Antonio Giovinazzi,Alfa Romeo,17,12,5,0.0,50,+1 LAP,Base Oficial Ergast Motor Racing Database / TracingInsights RaceData
2019,4,kevin_magnussen,Kevin Magnussen,Haas F1 Team,12,13,-1,0.0,50,+1 LAP,Base Oficial Ergast Motor Racing Database / TracingInsights RaceData
2019,4,hulkenberg,Nico Hulkenberg,Renault,15,14,1,0.0,50,+1 LAP,Base Oficial Ergast Motor Racing Database / TracingInsights RaceData
2019,4,russell,George Russell,Williams,16,15,1,0.0,49,+2 LAPS,Base Oficial Ergast Motor Racing Database / TracingInsights RaceData
2019,4,kubica,Robert Kubica,Williams,20,16,4,0.0,49,+2 LAPS,Base Oficial Ergast Motor Racing Database / TracingInsights RaceData
2019,4,gasly,Pierre Gasly,Red Bull,20,17,3,0.0,38,TRANSMISSION,Base Oficial Ergast Motor Racing Database / TracingInsights RaceData
2019,4,grosjean,Romain Grosjean,Haas F1 Team,14,18,-4,0.0,38,BRAKES,Base Oficial Ergast Motor Racing Database / TracingInsights RaceData
2019,4,kvyat,Daniil Kvyat,Toro Rosso,6,19,-13,0.0,33,COLLISION,Base Oficial Ergast Motor Racing Database / TracingInsights RaceData
2019,4,ricciardo,Daniel Ricciardo,Renault,10,20,-10,0.0,31,COLLISION,Base Oficial Ergast Motor Racing Database / TracingInsights RaceData
2019,5,hamilton,Lewis Hamilton,Mercedes,2,1,1,26.0,66,FINISHED,Base Oficial Ergast Motor Racing Database / TracingInsights RaceData
2019,5,bottas,Valtteri Bottas,Mercedes,1,2,-1,18.0,66,FINISHED,Base Oficial Ergast Motor Racing Database / TracingInsights RaceData
2019,5,max_verstappen,Max Verstappen,Red Bull,4,3,1,15.0,66,FINISHED,Base Oficial Ergast Motor Racing Database / TracingInsights RaceData
2019,5,vettel,Sebastian Vettel,Ferrari,3,4,-1,12.0,66,FINISHED,Base Oficial Ergast Motor Racing Database / TracingInsights RaceData
2019,5,leclerc,Charles Leclerc,Ferrari,5,5,0,10.0,66,FINISHED,Base Oficial Ergast Motor Racing Database / TracingInsights RaceData
2019,5,gasly,Pierre Gasly,Red Bull,6,6,0,8.0,66,FINISHED,Base Oficial Ergast Motor Racing Database / TracingInsights RaceData
2019,5,kevin_magnussen,Kevin Magnussen,Haas F1 Team,8,7,1,6.0,66,FINISHED,Base Oficial Ergast Motor Racing Database / TracingInsights RaceData
2019,5,sainz,Carlos Sainz,McLaren,12,8,4,4.0,66,FINISHED,Base Oficial Ergast Motor Racing Database / TracingInsights RaceData
2019,5,kvyat,Daniil Kvyat,Toro Rosso,9,9,0,2.0,66,FINISHED,Base Oficial Ergast Motor Racing Database / TracingInsights RaceData
2019,5,grosjean,Romain Grosjean,Haas F1 Team,7,10,-3,1.0,66,FINISHED,Base Oficial Ergast Motor Racing Database / TracingInsights RaceData
2019,5,albon,Alexander Albon,Toro Rosso,11,11,0,0.0,66,FINISHED,Base Oficial Ergast Motor Racing Database / TracingInsights RaceData
2019,5,ricciardo,Daniel Ricciardo,Renault,13,12,1,0.0,66,FINISHED,Base Oficial Ergast Motor Racing Database / TracingInsights RaceData
2019,5,hulkenberg,Nico Hulkenberg,Renault,20,13,7,0.0,66,FINISHED,Base Oficial Ergast Motor Racing Database / TracingInsights RaceData
2019,5,raikkonen,Kimi Raikkonen,Alfa Romeo,14,14,0,0.0,66,FINISHED,Base Oficial Ergast Motor Racing Database / TracingInsights RaceData
2019,5,perez,Sergio Perez,Racing Point,15,15,0,0.0,66,FINISHED,Base Oficial Ergast Motor Racing Database / TracingInsights RaceData
2019,5,giovinazzi,Antonio Giovinazzi,Alfa Romeo,18,16,2,0.0,66,FINISHED,Base Oficial Ergast Motor Racing Database / TracingInsights RaceData
2019,5,russell,George Russell,Williams,19,17,2,0.0,65,+1 LAP,Base Oficial Ergast Motor Racing Database / TracingInsights RaceData
2019,5,kubica,Robert Kubica,Williams,17,18,-1,0.0,65,+1 LAP,Base Oficial Ergast Motor Racing Database / TracingInsights RaceData
2019,5,stroll,Lance Stroll,Racing Point,16,19,-3,0.0,44,COLLISION,Base Oficial Ergast Motor Racing Database / TracingInsights RaceData
2019,5,norris,Lando Norris,McLaren,10,20,-10,0.0,44,COLLISION,Base Oficial Ergast Motor Racing Database / TracingInsights RaceData
2019,6,hamilton,Lewis Hamilton,Mercedes,1,1,0,25.0,78,FINISHED,Base Oficial Ergast Motor Racing Database / TracingInsights RaceData
2019,6,vettel,Sebastian Vettel,Ferrari,4,2,2,18.0,78,FINISHED,Base Oficial Ergast Motor Racing Database / TracingInsights RaceData
2019,6,bottas,Valtteri Bottas,Mercedes,2,3,-1,15.0,78,FINISHED,Base Oficial Ergast Motor Racing Database / TracingInsights RaceData
2019,6,max_verstappen,Max Verstappen,Red Bull,3,4,-1,12.0,78,FINISHED,Base Oficial Ergast Motor Racing Database / TracingInsights RaceData
2019,6,gasly,Pierre Gasly,Red Bull,8,5,3,11.0,78,FINISHED,Base Oficial Ergast Motor Racing Database / TracingInsights RaceData
2019,6,sainz,Carlos Sainz,McLaren,9,6,3,8.0,78,FINISHED,Base Oficial Ergast Motor Racing Database / TracingInsights RaceData
2019,6,kvyat,Daniil Kvyat,Toro Rosso,7,7,0,6.0,78,FINISHED,Base Oficial Ergast Motor Racing Database / TracingInsights RaceData
2019,6,albon,Alexander Albon,Toro Rosso,10,8,2,4.0,78,FINISHED,Base Oficial Ergast Motor Racing Database / TracingInsights RaceData
2019,6,ricciardo,Daniel Ricciardo,Renault,6,9,-3,2.0,78,FINISHED,Base Oficial Ergast Motor Racing Database / TracingInsights RaceData
2019,6,grosjean,Romain Grosjean,Haas F1 Team,13,10,3,1.0,78,FINISHED,Base Oficial Ergast Motor Racing Database / TracingInsights RaceData
2019,6,norris,Lando Norris,McLaren,12,11,1,0.0,78,FINISHED,Base Oficial Ergast Motor Racing Database / TracingInsights RaceData
2019,6,perez,Sergio Perez,Racing Point,16,12,4,0.0,77,+1 LAP,Base Oficial Ergast Motor Racing Database / TracingInsights RaceData
2019,6,hulkenberg,Nico Hulkenberg,Renault,11,13,-2,0.0,77,+1 LAP,Base Oficial Ergast Motor Racing Database / TracingInsights RaceData
2019,6,kevin_magnussen,Kevin Magnussen,Haas F1 Team,5,14,-9,0.0,77,+1 LAP,Base Oficial Ergast Motor Racing Database / TracingInsights RaceData
2019,6,russell,George Russell,Williams,19,15,4,0.0,77,+1 LAP,Base Oficial Ergast Motor Racing Database / TracingInsights RaceData
2019,6,stroll,Lance Stroll,Racing Point,17,16,1,0.0,77,+1 LAP,Base Oficial Ergast Motor Racing Database / TracingInsights RaceData
2019,6,raikkonen,Kimi Raikkonen,Alfa Romeo,14,17,-3,0.0,77,+1 LAP,Base Oficial Ergast Motor Racing Database / TracingInsights RaceData
2019,6,kubica,Robert Kubica,Williams,20,18,2,0.0,77,+1 LAP,Base Oficial Ergast Motor Racing Database / TracingInsights RaceData
2019,6,giovinazzi,Antonio Giovinazzi,Alfa Romeo,18,19,-1,0.0,76,+2 LAPS,Base Oficial Ergast Motor Racing Database / TracingInsights RaceData
2019,6,leclerc,Charles Leclerc,Ferrari,15,20,-5,0.0,16,COLLISION,Base Oficial Ergast Motor Racing Database / TracingInsights RaceData
2019,7,hamilton,Lewis Hamilton,Mercedes,2,1,1,25.0,70,FINISHED,Base Oficial Ergast Motor Racing Database / TracingInsights RaceData
2019,7,vettel,Sebastian Vettel,Ferrari,1,2,-1,18.0,70,FINISHED,Base Oficial Ergast Motor Racing Database / TracingInsights RaceData
2019,7,leclerc,Charles Leclerc,Ferrari,3,3,0,15.0,70,FINISHED,Base Oficial Ergast Motor Racing Database / TracingInsights RaceData
2019,7,bottas,Valtteri Bottas,Mercedes,6,4,2,13.0,70,FINISHED,Base Oficial Ergast Motor Racing Database / TracingInsights RaceData
2019,7,max_verstappen,Max Verstappen,Red Bull,9,5,4,10.0,70,FINISHED,Base Oficial Ergast Motor Racing Database / TracingInsights RaceData
2019,7,ricciardo,Daniel Ricciardo,Renault,4,6,-2,8.0,69,+1 LAP,Base Oficial Ergast Motor Racing Database / TracingInsights RaceData
2019,7,hulkenberg,Nico Hulkenberg,Renault,7,7,0,6.0,69,+1 LAP,Base Oficial Ergast Motor Racing Database / TracingInsights RaceData
2019,7,gasly,Pierre Gasly,Red Bull,5,8,-3,4.0,69,+1 LAP,Base Oficial Ergast Motor Racing Database / TracingInsights RaceData
2019,7,stroll,Lance Stroll,Racing Point,17,9,8,2.0,69,+1 LAP,Base Oficial Ergast Motor Racing Database / TracingInsights RaceData
2019,7,kvyat,Daniil Kvyat,Toro Rosso,10,10,0,1.0,69,+1 LAP,Base Oficial Ergast Motor Racing Database / TracingInsights RaceData
2019,7,sainz,Carlos Sainz,McLaren,11,11,0,0.0,69,+1 LAP,Base Oficial Ergast Motor Racing Database / TracingInsights RaceData
2019,7,perez,Sergio Perez,Racing Point,15,12,3,0.0,69,+1 LAP,Base Oficial Ergast Motor Racing Database / TracingInsights RaceData
2019,7,giovinazzi,Antonio Giovinazzi,Alfa Romeo,12,13,-1,0.0,69,+1 LAP,Base Oficial Ergast Motor Racing Database / TracingInsights RaceData
2019,7,grosjean,Romain Grosjean,Haas F1 Team,14,14,0,0.0,69,+1 LAP,Base Oficial Ergast Motor Racing Database / TracingInsights RaceData
2019,7,raikkonen,Kimi Raikkonen,Alfa Romeo,16,15,1,0.0,69,+1 LAP,Base Oficial Ergast Motor Racing Database / TracingInsights RaceData
2019,7,russell,George Russell,Williams,18,16,2,0.0,68,+2 LAPS,Base Oficial Ergast Motor Racing Database / TracingInsights RaceData
2019,7,kevin_magnussen,Kevin Magnussen,Haas F1 Team,20,17,3,0.0,68,+2 LAPS,Base Oficial Ergast Motor Racing Database / TracingInsights RaceData
2019,7,kubica,Robert Kubica,Williams,19,18,1,0.0,67,+3 LAPS,Base Oficial Ergast Motor Racing Database / TracingInsights RaceData
2019,7,albon,Alexander Albon,Toro Rosso,13,19,-6,0.0,59,COLLISION DAMAGE,Base Oficial Ergast Motor Racing Database / TracingInsights RaceData
2019,7,norris,Lando Norris,McLaren,8,20,-12,0.0,8,SUSPENSION,Base Oficial Ergast Motor Racing Database / TracingInsights RaceData
2019,8,hamilton,Lewis Hamilton,Mercedes,1,1,0,25.0,53,FINISHED,Base Oficial Ergast Motor Racing Database / TracingInsights RaceData
2019,8,bottas,Valtteri Bottas,Mercedes,2,2,0,18.0,53,FINISHED,Base Oficial Ergast Motor Racing Database / TracingInsights RaceData
2019,8,leclerc,Charles Leclerc,Ferrari,3,3,0,15.0,53,FINISHED,Base Oficial Ergast Motor Racing Database / TracingInsights RaceData
2019,8,max_verstappen,Max Verstappen,Red Bull,4,4,0,12.0,53,FINISHED,Base Oficial Ergast Motor Racing Database / TracingInsights RaceData
2019,8,vettel,Sebastian Vettel,Ferrari,7,5,2,11.0,53,FINISHED,Base Oficial Ergast Motor Racing Database / TracingInsights RaceData
2019,8,sainz,Carlos Sainz,McLaren,6,6,0,8.0,53,FINISHED,Base Oficial Ergast Motor Racing Database / TracingInsights RaceData
2019,8,raikkonen,Kimi Raikkonen,Alfa Romeo,12,7,5,6.0,52,+1 LAP,Base Oficial Ergast Motor Racing Database / TracingInsights RaceData
2019,8,hulkenberg,Nico Hulkenberg,Renault,13,8,5,4.0,52,+1 LAP,Base Oficial Ergast Motor Racing Database / TracingInsights RaceData
2019,8,norris,Lando Norris,McLaren,5,9,-4,2.0,52,+1 LAP,Base Oficial Ergast Motor Racing Database / TracingInsights RaceData
2019,8,gasly,Pierre Gasly,Red Bull,9,10,-1,1.0,52,+1 LAP,Base Oficial Ergast Motor Racing Database / TracingInsights RaceData
2019,8,ricciardo,Daniel Ricciardo,Renault,8,11,-3,0.0,52,+1 LAP,Base Oficial Ergast Motor Racing Database / TracingInsights RaceData
2019,8,perez,Sergio Perez,Racing Point,14,12,2,0.0,52,+1 LAP,Base Oficial Ergast Motor Racing Database / TracingInsights RaceData
2019,8,stroll,Lance Stroll,Racing Point,17,13,4,0.0,52,+1 LAP,Base Oficial Ergast Motor Racing Database / TracingInsights RaceData
2019,8,kvyat,Daniil Kvyat,Toro Rosso,19,14,5,0.0,52,+1 LAP,Base Oficial Ergast Motor Racing Database / TracingInsights RaceData
2019,8,albon,Alexander Albon,Toro Rosso,11,15,-4,0.0,52,+1 LAP,Base Oficial Ergast Motor Racing Database / TracingInsights RaceData
2019,8,giovinazzi,Antonio Giovinazzi,Alfa Romeo,10,16,-6,0.0,52,+1 LAP,Base Oficial Ergast Motor Racing Database / TracingInsights RaceData
2019,8,kevin_magnussen,Kevin Magnussen,Haas F1 Team,15,17,-2,0.0,52,+1 LAP,Base Oficial Ergast Motor Racing Database / TracingInsights RaceData
2019,8,kubica,Robert Kubica,Williams,18,18,0,0.0,51,+2 LAPS,Base Oficial Ergast Motor Racing Database / TracingInsights RaceData
2019,8,russell,George Russell,Williams,20,19,1,0.0,51,+2 LAPS,Base Oficial Ergast Motor Racing Database / TracingInsights RaceData
2019,8,grosjean,Romain Grosjean,Haas F1 Team,16,20,-4,0.0,44,RETIRED,Base Oficial Ergast Motor Racing Database / TracingInsights RaceData
2019,9,max_verstappen,Max Verstappen,Red Bull,2,1,1,26.0,71,FINISHED,Base Oficial Ergast Motor Racing Database / TracingInsights RaceData
2019,9,leclerc,Charles Leclerc,Ferrari,1,2,-1,18.0,71,FINISHED,Base Oficial Ergast Motor Racing Database / TracingInsights RaceData
2019,9,bottas,Valtteri Bottas,Mercedes,3,3,0,15.0,71,FINISHED,Base Oficial Ergast Motor Racing Database / TracingInsights RaceData
2019,9,vettel,Sebastian Vettel,Ferrari,9,4,5,12.0,71,FINISHED,Base Oficial Ergast Motor Racing Database / TracingInsights RaceData
2019,9,hamilton,Lewis Hamilton,Mercedes,4,5,-1,10.0,71,FINISHED,Base Oficial Ergast Motor Racing Database / TracingInsights RaceData
2019,9,norris,Lando Norris,McLaren,5,6,-1,8.0,70,+1 LAP,Base Oficial Ergast Motor Racing Database / TracingInsights RaceData
2019,9,gasly,Pierre Gasly,Red Bull,8,7,1,6.0,70,+1 LAP,Base Oficial Ergast Motor Racing Database / TracingInsights RaceData
2019,9,sainz,Carlos Sainz,McLaren,19,8,11,4.0,70,+1 LAP,Base Oficial Ergast Motor Racing Database / TracingInsights RaceData
2019,9,raikkonen,Kimi Raikkonen,Alfa Romeo,6,9,-3,2.0,70,+1 LAP,Base Oficial Ergast Motor Racing Database / TracingInsights RaceData
2019,9,giovinazzi,Antonio Giovinazzi,Alfa Romeo,7,10,-3,1.0,70,+1 LAP,Base Oficial Ergast Motor Racing Database / TracingInsights RaceData
2019,9,perez,Sergio Perez,Racing Point,13,11,2,0.0,70,+1 LAP,Base Oficial Ergast Motor Racing Database / TracingInsights RaceData
2019,9,ricciardo,Daniel Ricciardo,Renault,12,12,0,0.0,70,+1 LAP,Base Oficial Ergast Motor Racing Database / TracingInsights RaceData
2019,9,hulkenberg,Nico Hulkenberg,Renault,15,13,2,0.0,70,+1 LAP,Base Oficial Ergast Motor Racing Database / TracingInsights RaceData
2019,9,stroll,Lance Stroll,Racing Point,14,14,0,0.0,70,+1 LAP,Base Oficial Ergast Motor Racing Database / TracingInsights RaceData
2019,9,albon,Alexander Albon,Toro Rosso,18,15,3,0.0,70,+1 LAP,Base Oficial Ergast Motor Racing Database / TracingInsights RaceData
2019,9,grosjean,Romain Grosjean,Haas F1 Team,11,16,-5,0.0,70,+1 LAP,Base Oficial Ergast Motor Racing Database / TracingInsights RaceData
2019,9,kvyat,Daniil Kvyat,Toro Rosso,16,17,-1,0.0,70,+1 LAP,Base Oficial Ergast Motor Racing Database / TracingInsights RaceData
2019,9,russell,George Russell,Williams,20,18,2,0.0,69,+2 LAPS,Base Oficial Ergast Motor Racing Database / TracingInsights RaceData
2019,9,kevin_magnussen,Kevin Magnussen,Haas F1 Team,10,19,-9,0.0,69,+2 LAPS,Base Oficial Ergast Motor Racing Database / TracingInsights RaceData
2019,9,kubica,Robert Kubica,Williams,17,20,-3,0.0,68,+3 LAPS,Base Oficial Ergast Motor Racing Database / TracingInsights RaceData
2019,10,hamilton,Lewis Hamilton,Mercedes,2,1,1,26.0,52,FINISHED,Base Oficial Ergast Motor Racing Database / TracingInsights RaceData
2019,10,bottas,Valtteri Bottas,Mercedes,1,2,-1,18.0,52,FINISHED,Base Oficial Ergast Motor Racing Database / TracingInsights RaceData
2019,10,leclerc,Charles Leclerc,Ferrari,3,3,0,15.0,52,FINISHED,Base Oficial Ergast Motor Racing Database / TracingInsights RaceData
2019,10,gasly,Pierre Gasly,Red Bull,5,4,1,12.0,52,FINISHED,Base Oficial Ergast Motor Racing Database / TracingInsights RaceData
2019,10,max_verstappen,Max Verstappen,Red Bull,4,5,-1,10.0,52,FINISHED,Base Oficial Ergast Motor Racing Database / TracingInsights RaceData
2019,10,sainz,Carlos Sainz,McLaren,13,6,7,8.0,52,FINISHED,Base Oficial Ergast Motor Racing Database / TracingInsights RaceData
2019,10,ricciardo,Daniel Ricciardo,Renault,7,7,0,6.0,52,FINISHED,Base Oficial Ergast Motor Racing Database / TracingInsights RaceData
2019,10,raikkonen,Kimi Raikkonen,Alfa Romeo,12,8,4,4.0,52,FINISHED,Base Oficial Ergast Motor Racing Database / TracingInsights RaceData
2019,10,kvyat,Daniil Kvyat,Toro Rosso,17,9,8,2.0,52,FINISHED,Base Oficial Ergast Motor Racing Database / TracingInsights RaceData
2019,10,hulkenberg,Nico Hulkenberg,Renault,10,10,0,1.0,52,FINISHED,Base Oficial Ergast Motor Racing Database / TracingInsights RaceData
2019,10,norris,Lando Norris,McLaren,8,11,-3,0.0,52,FINISHED,Base Oficial Ergast Motor Racing Database / TracingInsights RaceData
2019,10,albon,Alexander Albon,Toro Rosso,9,12,-3,0.0,52,FINISHED,Base Oficial Ergast Motor Racing Database / TracingInsights RaceData
2019,10,stroll,Lance Stroll,Racing Point,18,13,5,0.0,52,FINISHED,Base Oficial Ergast Motor Racing Database / TracingInsights RaceData
2019,10,russell,George Russell,Williams,19,14,5,0.0,51,+1 LAP,Base Oficial Ergast Motor Racing Database / TracingInsights RaceData
2019,10,kubica,Robert Kubica,Williams,20,15,5,0.0,51,+1 LAP,Base Oficial Ergast Motor Racing Database / TracingInsights RaceData
2019,10,vettel,Sebastian Vettel,Ferrari,6,16,-10,0.0,51,+1 LAP,Base Oficial Ergast Motor Racing Database / TracingInsights RaceData
2019,10,perez,Sergio Perez,Racing Point,15,17,-2,0.0,51,+1 LAP,Base Oficial Ergast Motor Racing Database / TracingInsights RaceData
2019,10,giovinazzi,Antonio Giovinazzi,Alfa Romeo,11,18,-7,0.0,18,SPUN OFF,Base Oficial Ergast Motor Racing Database / TracingInsights RaceData
2019,10,grosjean,Romain Grosjean,Haas F1 Team,14,19,-5,0.0,9,COLLISION,Base Oficial Ergast Motor Racing Database / TracingInsights RaceData
2019,10,kevin_magnussen,Kevin Magnussen,Haas F1 Team,16,20,-4,0.0,6,COLLISION,Base Oficial Ergast Motor Racing Database / TracingInsights RaceData
2019,11,max_verstappen,Max Verstappen,Red Bull,2,1,1,26.0,64,FINISHED,Base Oficial Ergast Motor Racing Database / TracingInsights RaceData
2019,11,vettel,Sebastian Vettel,Ferrari,20,2,18,18.0,64,FINISHED,Base Oficial Ergast Motor Racing Database / TracingInsights RaceData
2019,11,kvyat,Daniil Kvyat,Toro Rosso,14,3,11,15.0,64,FINISHED,Base Oficial Ergast Motor Racing Database / TracingInsights RaceData
2019,11,stroll,Lance Stroll,Racing Point,15,4,11,12.0,64,FINISHED,Base Oficial Ergast Motor Racing Database / TracingInsights RaceData
2019,11,sainz,Carlos Sainz,McLaren,7,5,2,10.0,64,FINISHED,Base Oficial Ergast Motor Racing Database / TracingInsights RaceData
2019,11,albon,Alexander Albon,Toro Rosso,16,6,10,8.0,64,FINISHED,Base Oficial Ergast Motor Racing Database / TracingInsights RaceData
2019,11,grosjean,Romain Grosjean,Haas F1 Team,6,7,-1,6.0,64,FINISHED,Base Oficial Ergast Motor Racing Database / TracingInsights RaceData
2019,11,kevin_magnussen,Kevin Magnussen,Haas F1 Team,12,8,4,4.0,64,FINISHED,Base Oficial Ergast Motor Racing Database / TracingInsights RaceData
2019,11,hamilton,Lewis Hamilton,Mercedes,1,9,-8,2.0,64,FINISHED,Base Oficial Ergast Motor Racing Database / TracingInsights RaceData
2019,11,kubica,Robert Kubica,Williams,18,10,8,1.0,64,FINISHED,Base Oficial Ergast Motor Racing Database / TracingInsights RaceData
2019,11,russell,George Russell,Williams,17,11,6,0.0,64,FINISHED,Base Oficial Ergast Motor Racing Database / TracingInsights RaceData
2019,11,raikkonen,Kimi Raikkonen,Alfa Romeo,5,12,-7,0.0,64,FINISHED,Base Oficial Ergast Motor Racing Database / TracingInsights RaceData
2019,11,giovinazzi,Antonio Giovinazzi,Alfa Romeo,11,13,-2,0.0,64,FINISHED,Base Oficial Ergast Motor Racing Database / TracingInsights RaceData
2019,11,gasly,Pierre Gasly,Red Bull,4,14,-10,0.0,61,COLLISION,Base Oficial Ergast Motor Racing Database / TracingInsights RaceData
2019,11,bottas,Valtteri Bottas,Mercedes,3,15,-12,0.0,56,ACCIDENT,Base Oficial Ergast Motor Racing Database / TracingInsights RaceData
2019,11,hulkenberg,Nico Hulkenberg,Renault,9,16,-7,0.0,39,ACCIDENT,Base Oficial Ergast Motor Racing Database / TracingInsights RaceData
2019,11,leclerc,Charles Leclerc,Ferrari,10,17,-7,0.0,27,ACCIDENT,Base Oficial Ergast Motor Racing Database / TracingInsights RaceData
2019,11,norris,Lando Norris,McLaren,19,18,1,0.0,25,POWER LOSS,Base Oficial Ergast Motor Racing Database / TracingInsights RaceData
2019,11,ricciardo,Daniel Ricciardo,Renault,13,19,-6,0.0,13,EXHAUST,Base Oficial Ergast Motor Racing Database / TracingInsights RaceData
2019,11,perez,Sergio Perez,Racing Point,8,20,-12,0.0,1,SPUN OFF,Base Oficial Ergast Motor Racing Database / TracingInsights RaceData
2019,12,hamilton,Lewis Hamilton,Mercedes,3,1,2,25.0,70,FINISHED,Base Oficial Ergast Motor Racing Database / TracingInsights RaceData
2019,12,max_verstappen,Max Verstappen,Red Bull,1,2,-1,19.0,70,FINISHED,Base Oficial Ergast Motor Racing Database / TracingInsights RaceData
2019,12,vettel,Sebastian Vettel,Ferrari,5,3,2,15.0,70,FINISHED,Base Oficial Ergast Motor Racing Database / TracingInsights RaceData
2019,12,leclerc,Charles Leclerc,Ferrari,4,4,0,12.0,70,FINISHED,Base Oficial Ergast Motor Racing Database / TracingInsights RaceData
2019,12,sainz,Carlos Sainz,McLaren,8,5,3,10.0,69,+1 LAP,Base Oficial Ergast Motor Racing Database / TracingInsights RaceData
2019,12,gasly,Pierre Gasly,Red Bull,6,6,0,8.0,69,+1 LAP,Base Oficial Ergast Motor Racing Database / TracingInsights RaceData
2019,12,raikkonen,Kimi Raikkonen,Alfa Romeo,10,7,3,6.0,69,+1 LAP,Base Oficial Ergast Motor Racing Database / TracingInsights RaceData
2019,12,bottas,Valtteri Bottas,Mercedes,2,8,-6,4.0,69,+1 LAP,Base Oficial Ergast Motor Racing Database / TracingInsights RaceData
2019,12,norris,Lando Norris,McLaren,7,9,-2,2.0,69,+1 LAP,Base Oficial Ergast Motor Racing Database / TracingInsights RaceData
2019,12,albon,Alexander Albon,Toro Rosso,12,10,2,1.0,69,+1 LAP,Base Oficial Ergast Motor Racing Database / TracingInsights RaceData
2019,12,perez,Sergio Perez,Racing Point,16,11,5,0.0,69,+1 LAP,Base Oficial Ergast Motor Racing Database / TracingInsights RaceData
2019,12,hulkenberg,Nico Hulkenberg,Renault,11,12,-1,0.0,69,+1 LAP,Base Oficial Ergast Motor Racing Database / TracingInsights RaceData
2019,12,kevin_magnussen,Kevin Magnussen,Haas F1 Team,14,13,1,0.0,69,+1 LAP,Base Oficial Ergast Motor Racing Database / TracingInsights RaceData
2019,12,ricciardo,Daniel Ricciardo,Renault,20,14,6,0.0,69,+1 LAP,Base Oficial Ergast Motor Racing Database / TracingInsights RaceData
2019,12,kvyat,Daniil Kvyat,Toro Rosso,13,15,-2,0.0,68,+2 LAPS,Base Oficial Ergast Motor Racing Database / TracingInsights RaceData
2019,12,russell,George Russell,Williams,15,16,-1,0.0,68,+2 LAPS,Base Oficial Ergast Motor Racing Database / TracingInsights RaceData
2019,12,stroll,Lance Stroll,Racing Point,18,17,1,0.0,68,+2 LAPS,Base Oficial Ergast Motor Racing Database / TracingInsights RaceData
2019,12,giovinazzi,Antonio Giovinazzi,Alfa Romeo,17,18,-1,0.0,68,+2 LAPS,Base Oficial Ergast Motor Racing Database / TracingInsights RaceData
2019,12,kubica,Robert Kubica,Williams,19,19,0,0.0,67,+3 LAPS,Base Oficial Ergast Motor Racing Database / TracingInsights RaceData
2019,12,grosjean,Romain Grosjean,Haas F1 Team,9,20,-11,0.0,49,WATER PRESSURE,Base Oficial Ergast Motor Racing Database / TracingInsights RaceData
2019,13,leclerc,Charles Leclerc,Ferrari,1,1,0,25.0,44,FINISHED,Base Oficial Ergast Motor Racing Database / TracingInsights RaceData
2019,13,hamilton,Lewis Hamilton,Mercedes,3,2,1,18.0,44,FINISHED,Base Oficial Ergast Motor Racing Database / TracingInsights RaceData
2019,13,bottas,Valtteri Bottas,Mercedes,4,3,1,15.0,44,FINISHED,Base Oficial Ergast Motor Racing Database / TracingInsights RaceData
2019,13,vettel,Sebastian Vettel,Ferrari,2,4,-2,13.0,44,FINISHED,Base Oficial Ergast Motor Racing Database / TracingInsights RaceData
2019,13,albon,Alexander Albon,Red Bull,17,5,12,10.0,44,FINISHED,Base Oficial Ergast Motor Racing Database / TracingInsights RaceData
2019,13,perez,Sergio Perez,Racing Point,7,6,1,8.0,44,FINISHED,Base Oficial Ergast Motor Racing Database / TracingInsights RaceData
2019,13,kvyat,Daniil Kvyat,Toro Rosso,19,7,12,6.0,44,FINISHED,Base Oficial Ergast Motor Racing Database / TracingInsights RaceData
2019,13,hulkenberg,Nico Hulkenberg,Renault,12,8,4,4.0,44,FINISHED,Base Oficial Ergast Motor Racing Database / TracingInsights RaceData
2019,13,gasly,Pierre Gasly,Toro Rosso,13,9,4,2.0,44,FINISHED,Base Oficial Ergast Motor Racing Database / TracingInsights RaceData
2019,13,stroll,Lance Stroll,Racing Point,16,10,6,1.0,44,FINISHED,Base Oficial Ergast Motor Racing Database / TracingInsights RaceData
2019,13,norris,Lando Norris,McLaren,11,11,0,0.0,43,ENGINE,Base Oficial Ergast Motor Racing Database / TracingInsights RaceData
2019,13,kevin_magnussen,Kevin Magnussen,Haas F1 Team,8,12,-4,0.0,43,+1 LAP,Base Oficial Ergast Motor Racing Database / TracingInsights RaceData
2019,13,grosjean,Romain Grosjean,Haas F1 Team,9,13,-4,0.0,43,+1 LAP,Base Oficial Ergast Motor Racing Database / TracingInsights RaceData
2019,13,ricciardo,Daniel Ricciardo,Renault,10,14,-4,0.0,43,+1 LAP,Base Oficial Ergast Motor Racing Database / TracingInsights RaceData
2019,13,russell,George Russell,Williams,14,15,-1,0.0,43,+1 LAP,Base Oficial Ergast Motor Racing Database / TracingInsights RaceData
2019,13,raikkonen,Kimi Raikkonen,Alfa Romeo,6,16,-10,0.0,43,+1 LAP,Base Oficial Ergast Motor Racing Database / TracingInsights RaceData
2019,13,kubica,Robert Kubica,Williams,20,17,3,0.0,43,+1 LAP,Base Oficial Ergast Motor Racing Database / TracingInsights RaceData
2019,13,giovinazzi,Antonio Giovinazzi,Alfa Romeo,18,18,0,0.0,42,ACCIDENT,Base Oficial Ergast Motor Racing Database / TracingInsights RaceData
2019,13,sainz,Carlos Sainz,McLaren,15,19,-4,0.0,1,POWER LOSS,Base Oficial Ergast Motor Racing Database / TracingInsights RaceData
2019,13,max_verstappen,Max Verstappen,Red Bull,5,20,-15,0.0,0,ACCIDENT,Base Oficial Ergast Motor Racing Database / TracingInsights RaceData
2019,14,leclerc,Charles Leclerc,Ferrari,1,1,0,25.0,53,FINISHED,Base Oficial Ergast Motor Racing Database / TracingInsights RaceData
2019,14,bottas,Valtteri Bottas,Mercedes,3,2,1,18.0,53,FINISHED,Base Oficial Ergast Motor Racing Database / TracingInsights RaceData
2019,14,hamilton,Lewis Hamilton,Mercedes,2,3,-1,16.0,53,FINISHED,Base Oficial Ergast Motor Racing Database / TracingInsights RaceData
2019,14,ricciardo,Daniel Ricciardo,Renault,5,4,1,12.0,53,FINISHED,Base Oficial Ergast Motor Racing Database / TracingInsights RaceData
2019,14,hulkenberg,Nico Hulkenberg,Renault,6,5,1,10.0,53,FINISHED,Base Oficial Ergast Motor Racing Database / TracingInsights RaceData
2019,14,albon,Alexander Albon,Red Bull,8,6,2,8.0,53,FINISHED,Base Oficial Ergast Motor Racing Database / TracingInsights RaceData
2019,14,perez,Sergio Perez,Racing Point,18,7,11,6.0,53,FINISHED,Base Oficial Ergast Motor Racing Database / TracingInsights RaceData
2019,14,max_verstappen,Max Verstappen,Red Bull,19,8,11,4.0,53,FINISHED,Base Oficial Ergast Motor Racing Database / TracingInsights RaceData
2019,14,giovinazzi,Antonio Giovinazzi,Alfa Romeo,10,9,1,2.0,52,+1 LAP,Base Oficial Ergast Motor Racing Database / TracingInsights RaceData
2019,14,norris,Lando Norris,McLaren,16,10,6,1.0,52,+1 LAP,Base Oficial Ergast Motor Racing Database / TracingInsights RaceData
2019,14,gasly,Pierre Gasly,Toro Rosso,17,11,6,0.0,52,+1 LAP,Base Oficial Ergast Motor Racing Database / TracingInsights RaceData
2019,14,stroll,Lance Stroll,Racing Point,9,12,-3,0.0,52,+1 LAP,Base Oficial Ergast Motor Racing Database / TracingInsights RaceData
2019,14,vettel,Sebastian Vettel,Ferrari,4,13,-9,0.0,52,+1 LAP,Base Oficial Ergast Motor Racing Database / TracingInsights RaceData
2019,14,russell,George Russell,Williams,14,14,0,0.0,52,+1 LAP,Base Oficial Ergast Motor Racing Database / TracingInsights RaceData
2019,14,raikkonen,Kimi Raikkonen,Alfa Romeo,20,15,5,0.0,52,+1 LAP,Base Oficial Ergast Motor Racing Database / TracingInsights RaceData
2019,14,grosjean,Romain Grosjean,Haas F1 Team,13,16,-3,0.0,52,+1 LAP,Base Oficial Ergast Motor Racing Database / TracingInsights RaceData
2019,14,kubica,Robert Kubica,Williams,15,17,-2,0.0,51,+2 LAPS,Base Oficial Ergast Motor Racing Database / TracingInsights RaceData
2019,14,kevin_magnussen,Kevin Magnussen,Haas F1 Team,11,18,-7,0.0,43,HYDRAULICS,Base Oficial Ergast Motor Racing Database / TracingInsights RaceData
2019,14,kvyat,Daniil Kvyat,Toro Rosso,12,19,-7,0.0,29,ENGINE,Base Oficial Ergast Motor Racing Database / TracingInsights RaceData
2019,14,sainz,Carlos Sainz,McLaren,7,20,-13,0.0,27,WHEEL,Base Oficial Ergast Motor Racing Database / TracingInsights RaceData
2019,15,vettel,Sebastian Vettel,Ferrari,3,1,2,25.0,61,FINISHED,Base Oficial Ergast Motor Racing Database / TracingInsights RaceData
2019,15,leclerc,Charles Leclerc,Ferrari,1,2,-1,18.0,61,FINISHED,Base Oficial Ergast Motor Racing Database / TracingInsights RaceData
2019,15,max_verstappen,Max Verstappen,Red Bull,4,3,1,15.0,61,FINISHED,Base Oficial Ergast Motor Racing Database / TracingInsights RaceData
2019,15,hamilton,Lewis Hamilton,Mercedes,2,4,-2,12.0,61,FINISHED,Base Oficial Ergast Motor Racing Database / TracingInsights RaceData
2019,15,bottas,Valtteri Bottas,Mercedes,5,5,0,10.0,61,FINISHED,Base Oficial Ergast Motor Racing Database / TracingInsights RaceData
2019,15,albon,Alexander Albon,Red Bull,6,6,0,8.0,61,FINISHED,Base Oficial Ergast Motor Racing Database / TracingInsights RaceData
2019,15,norris,Lando Norris,McLaren,9,7,2,6.0,61,FINISHED,Base Oficial Ergast Motor Racing Database / TracingInsights RaceData
2019,15,gasly,Pierre Gasly,Toro Rosso,11,8,3,4.0,61,FINISHED,Base Oficial Ergast Motor Racing Database / TracingInsights RaceData
2019,15,hulkenberg,Nico Hulkenberg,Renault,8,9,-1,2.0,61,FINISHED,Base Oficial Ergast Motor Racing Database / TracingInsights RaceData
2019,15,giovinazzi,Antonio Giovinazzi,Alfa Romeo,10,10,0,1.0,61,FINISHED,Base Oficial Ergast Motor Racing Database / TracingInsights RaceData
2019,15,grosjean,Romain Grosjean,Haas F1 Team,17,11,6,0.0,61,FINISHED,Base Oficial Ergast Motor Racing Database / TracingInsights RaceData
2019,15,sainz,Carlos Sainz,McLaren,7,12,-5,0.0,61,FINISHED,Base Oficial Ergast Motor Racing Database / TracingInsights RaceData
2019,15,stroll,Lance Stroll,Racing Point,16,13,3,0.0,61,FINISHED,Base Oficial Ergast Motor Racing Database / TracingInsights RaceData
2019,15,ricciardo,Daniel Ricciardo,Renault,20,14,6,0.0,61,FINISHED,Base Oficial Ergast Motor Racing Database / TracingInsights RaceData
2019,15,kvyat,Daniil Kvyat,Toro Rosso,14,15,-1,0.0,61,FINISHED,Base Oficial Ergast Motor Racing Database / TracingInsights RaceData
2019,15,kubica,Robert Kubica,Williams,19,16,3,0.0,61,FINISHED,Base Oficial Ergast Motor Racing Database / TracingInsights RaceData
2019,15,kevin_magnussen,Kevin Magnussen,Haas F1 Team,13,17,-4,0.0,61,FINISHED,Base Oficial Ergast Motor Racing Database / TracingInsights RaceData
2019,15,raikkonen,Kimi Raikkonen,Alfa Romeo,12,18,-6,0.0,49,COLLISION,Base Oficial Ergast Motor Racing Database / TracingInsights RaceData
2019,15,perez,Sergio Perez,Racing Point,15,19,-4,0.0,42,ENGINE,Base Oficial Ergast Motor Racing Database / TracingInsights RaceData
2019,15,russell,George Russell,Williams,18,20,-2,0.0,34,COLLISION,Base Oficial Ergast Motor Racing Database / TracingInsights RaceData
2019,16,hamilton,Lewis Hamilton,Mercedes,2,1,1,26.0,53,FINISHED,Base Oficial Ergast Motor Racing Database / TracingInsights RaceData
2019,16,bottas,Valtteri Bottas,Mercedes,4,2,2,18.0,53,FINISHED,Base Oficial Ergast Motor Racing Database / TracingInsights RaceData
2019,16,leclerc,Charles Leclerc,Ferrari,1,3,-2,15.0,53,FINISHED,Base Oficial Ergast Motor Racing Database / TracingInsights RaceData
2019,16,max_verstappen,Max Verstappen,Red Bull,9,4,5,12.0,53,FINISHED,Base Oficial Ergast Motor Racing Database / TracingInsights RaceData
2019,16,albon,Alexander Albon,Red Bull,20,5,15,10.0,53,FINISHED,Base Oficial Ergast Motor Racing Database / TracingInsights RaceData
2019,16,sainz,Carlos Sainz,McLaren,5,6,-1,8.0,53,FINISHED,Base Oficial Ergast Motor Racing Database / TracingInsights RaceData
2019,16,perez,Sergio Perez,Racing Point,11,7,4,6.0,53,FINISHED,Base Oficial Ergast Motor Racing Database / TracingInsights RaceData
2019,16,norris,Lando Norris,McLaren,7,8,-1,4.0,53,FINISHED,Base Oficial Ergast Motor Racing Database / TracingInsights RaceData
2019,16,kevin_magnussen,Kevin Magnussen,Haas F1 Team,13,9,4,2.0,53,FINISHED,Base Oficial Ergast Motor Racing Database / TracingInsights RaceData
2019,16,hulkenberg,Nico Hulkenberg,Renault,6,10,-4,1.0,53,FINISHED,Base Oficial Ergast Motor Racing Database / TracingInsights RaceData
2019,16,stroll,Lance Stroll,Racing Point,14,11,3,0.0,53,FINISHED,Base Oficial Ergast Motor Racing Database / TracingInsights RaceData
2019,16,kvyat,Daniil Kvyat,Toro Rosso,19,12,7,0.0,53,FINISHED,Base Oficial Ergast Motor Racing Database / TracingInsights RaceData
2019,16,raikkonen,Kimi Raikkonen,Alfa Romeo,15,13,2,0.0,53,FINISHED,Base Oficial Ergast Motor Racing Database / TracingInsights RaceData
2019,16,gasly,Pierre Gasly,Toro Rosso,16,14,2,0.0,53,FINISHED,Base Oficial Ergast Motor Racing Database / TracingInsights RaceData
2019,16,giovinazzi,Antonio Giovinazzi,Alfa Romeo,12,15,-3,0.0,53,FINISHED,Base Oficial Ergast Motor Racing Database / TracingInsights RaceData
2019,16,kubica,Robert Kubica,Williams,18,16,2,0.0,28,BRAKES,Base Oficial Ergast Motor Racing Database / TracingInsights RaceData
2019,16,russell,George Russell,Williams,17,17,0,0.0,27,BRAKES,Base Oficial Ergast Motor Racing Database / TracingInsights RaceData
2019,16,vettel,Sebastian Vettel,Ferrari,3,18,-15,0.0,26,POWER LOSS,Base Oficial Ergast Motor Racing Database / TracingInsights RaceData
2019,16,ricciardo,Daniel Ricciardo,Renault,10,19,-9,0.0,24,COLLISION,Base Oficial Ergast Motor Racing Database / TracingInsights RaceData
2019,16,grosjean,Romain Grosjean,Haas F1 Team,8,20,-12,0.0,0,COLLISION,Base Oficial Ergast Motor Racing Database / TracingInsights RaceData
2019,17,bottas,Valtteri Bottas,Mercedes,3,1,2,25.0,52,FINISHED,Base Oficial Ergast Motor Racing Database / TracingInsights RaceData
2019,17,vettel,Sebastian Vettel,Ferrari,1,2,-1,18.0,52,FINISHED,Base Oficial Ergast Motor Racing Database / TracingInsights RaceData
2019,17,hamilton,Lewis Hamilton,Mercedes,4,3,1,16.0,52,FINISHED,Base Oficial Ergast Motor Racing Database / TracingInsights RaceData
2019,17,albon,Alexander Albon,Red Bull,6,4,2,12.0,52,FINISHED,Base Oficial Ergast Motor Racing Database / TracingInsights RaceData
2019,17,sainz,Carlos Sainz,McLaren,7,5,2,10.0,52,FINISHED,Base Oficial Ergast Motor Racing Database / TracingInsights RaceData
2019,17,leclerc,Charles Leclerc,Ferrari,2,6,-4,8.0,51,+1 LAP,Base Oficial Ergast Motor Racing Database / TracingInsights RaceData
2019,17,gasly,Pierre Gasly,Toro Rosso,9,7,2,6.0,51,+1 LAP,Base Oficial Ergast Motor Racing Database / TracingInsights RaceData
2019,17,perez,Sergio Perez,Racing Point,17,8,9,4.0,51,+1 LAP,Base Oficial Ergast Motor Racing Database / TracingInsights RaceData
2019,17,stroll,Lance Stroll,Racing Point,12,9,3,2.0,51,+1 LAP,Base Oficial Ergast Motor Racing Database / TracingInsights RaceData
2019,17,kvyat,Daniil Kvyat,Toro Rosso,14,10,4,1.0,51,+1 LAP,Base Oficial Ergast Motor Racing Database / TracingInsights RaceData
2019,17,norris,Lando Norris,McLaren,8,11,-3,0.0,51,+1 LAP,Base Oficial Ergast Motor Racing Database / TracingInsights RaceData
2019,17,raikkonen,Kimi Raikkonen,Alfa Romeo,13,12,1,0.0,51,+1 LAP,Base Oficial Ergast Motor Racing Database / TracingInsights RaceData
2019,17,grosjean,Romain Grosjean,Haas F1 Team,10,13,-3,0.0,51,+1 LAP,Base Oficial Ergast Motor Racing Database / TracingInsights RaceData
2019,17,giovinazzi,Antonio Giovinazzi,Alfa Romeo,11,14,-3,0.0,51,+1 LAP,Base Oficial Ergast Motor Racing Database / TracingInsights RaceData
2019,17,kevin_magnussen,Kevin Magnussen,Haas F1 Team,19,15,4,0.0,51,+1 LAP,Base Oficial Ergast Motor Racing Database / TracingInsights RaceData
2019,17,russell,George Russell,Williams,18,16,2,0.0,50,+2 LAPS,Base Oficial Ergast Motor Racing Database / TracingInsights RaceData
2019,17,kubica,Robert Kubica,Williams,20,17,3,0.0,50,+2 LAPS,Base Oficial Ergast Motor Racing Database / TracingInsights RaceData
2019,17,max_verstappen,Max Verstappen,Red Bull,5,18,-13,0.0,14,BRAKES,Base Oficial Ergast Motor Racing Database / TracingInsights RaceData
2019,17,ricciardo,Daniel Ricciardo,Renault,16,19,-3,0.0,51,DISQUALIFIED,Base Oficial Ergast Motor Racing Database / TracingInsights RaceData
2019,17,hulkenberg,Nico Hulkenberg,Renault,15,20,-5,0.0,51,DISQUALIFIED,Base Oficial Ergast Motor Racing Database / TracingInsights RaceData
2019,18,hamilton,Lewis Hamilton,Mercedes,3,1,2,25.0,71,FINISHED,Base Oficial Ergast Motor Racing Database / TracingInsights RaceData
2019,18,vettel,Sebastian Vettel,Ferrari,2,2,0,18.0,71,FINISHED,Base Oficial Ergast Motor Racing Database / TracingInsights RaceData
2019,18,bottas,Valtteri Bottas,Mercedes,6,3,3,15.0,71,FINISHED,Base Oficial Ergast Motor Racing Database / TracingInsights RaceData
2019,18,leclerc,Charles Leclerc,Ferrari,1,4,-3,13.0,71,FINISHED,Base Oficial Ergast Motor Racing Database / TracingInsights RaceData
2019,18,albon,Alexander Albon,Red Bull,5,5,0,10.0,71,FINISHED,Base Oficial Ergast Motor Racing Database / TracingInsights RaceData
2019,18,max_verstappen,Max Verstappen,Red Bull,4,6,-2,8.0,71,FINISHED,Base Oficial Ergast Motor Racing Database / TracingInsights RaceData
2019,18,perez,Sergio Perez,Racing Point,11,7,4,6.0,71,FINISHED,Base Oficial Ergast Motor Racing Database / TracingInsights RaceData
2019,18,ricciardo,Daniel Ricciardo,Renault,13,8,5,4.0,71,FINISHED,Base Oficial Ergast Motor Racing Database / TracingInsights RaceData
2019,18,gasly,Pierre Gasly,Toro Rosso,10,9,1,2.0,70,+1 LAP,Base Oficial Ergast Motor Racing Database / TracingInsights RaceData
2019,18,hulkenberg,Nico Hulkenberg,Renault,12,10,2,1.0,70,+1 LAP,Base Oficial Ergast Motor Racing Database / TracingInsights RaceData
2019,18,kvyat,Daniil Kvyat,Toro Rosso,9,11,-2,0.0,70,+1 LAP,Base Oficial Ergast Motor Racing Database / TracingInsights RaceData
2019,18,stroll,Lance Stroll,Racing Point,16,12,4,0.0,70,+1 LAP,Base Oficial Ergast Motor Racing Database / TracingInsights RaceData
2019,18,sainz,Carlos Sainz,McLaren,7,13,-6,0.0,70,+1 LAP,Base Oficial Ergast Motor Racing Database / TracingInsights RaceData
2019,18,giovinazzi,Antonio Giovinazzi,Alfa Romeo,15,14,1,0.0,70,+1 LAP,Base Oficial Ergast Motor Racing Database / TracingInsights RaceData
2019,18,kevin_magnussen,Kevin Magnussen,Haas F1 Team,17,15,2,0.0,69,+2 LAPS,Base Oficial Ergast Motor Racing Database / TracingInsights RaceData
2019,18,russell,George Russell,Williams,19,16,3,0.0,69,+2 LAPS,Base Oficial Ergast Motor Racing Database / TracingInsights RaceData
2019,18,grosjean,Romain Grosjean,Haas F1 Team,18,17,1,0.0,69,+2 LAPS,Base Oficial Ergast Motor Racing Database / TracingInsights RaceData
2019,18,kubica,Robert Kubica,Williams,20,18,2,0.0,69,+2 LAPS,Base Oficial Ergast Motor Racing Database / TracingInsights RaceData
2019,18,raikkonen,Kimi Raikkonen,Alfa Romeo,14,19,-5,0.0,58,OVERHEATING,Base Oficial Ergast Motor Racing Database / TracingInsights RaceData
2019,18,norris,Lando Norris,McLaren,8,20,-12,0.0,48,WITHDREW,Base Oficial Ergast Motor Racing Database / TracingInsights RaceData
2019,19,bottas,Valtteri Bottas,Mercedes,1,1,0,25.0,56,FINISHED,Base Oficial Ergast Motor Racing Database / TracingInsights RaceData
2019,19,hamilton,Lewis Hamilton,Mercedes,5,2,3,18.0,56,FINISHED,Base Oficial Ergast Motor Racing Database / TracingInsights RaceData
2019,19,max_verstappen,Max Verstappen,Red Bull,3,3,0,15.0,56,FINISHED,Base Oficial Ergast Motor Racing Database / TracingInsights RaceData
2019,19,leclerc,Charles Leclerc,Ferrari,4,4,0,13.0,56,FINISHED,Base Oficial Ergast Motor Racing Database / TracingInsights RaceData
2019,19,albon,Alexander Albon,Red Bull,6,5,1,10.0,56,FINISHED,Base Oficial Ergast Motor Racing Database / TracingInsights RaceData
2019,19,ricciardo,Daniel Ricciardo,Renault,9,6,3,8.0,56,FINISHED,Base Oficial Ergast Motor Racing Database / TracingInsights RaceData
2019,19,norris,Lando Norris,McLaren,8,7,1,6.0,56,FINISHED,Base Oficial Ergast Motor Racing Database / TracingInsights RaceData
2019,19,sainz,Carlos Sainz,McLaren,7,8,-1,4.0,55,+1 LAP,Base Oficial Ergast Motor Racing Database / TracingInsights RaceData
2019,19,hulkenberg,Nico Hulkenberg,Renault,11,9,2,2.0,55,+1 LAP,Base Oficial Ergast Motor Racing Database / TracingInsights RaceData
2019,19,perez,Sergio Perez,Racing Point,20,10,10,1.0,55,+1 LAP,Base Oficial Ergast Motor Racing Database / TracingInsights RaceData
2019,19,raikkonen,Kimi Raikkonen,Alfa Romeo,17,11,6,0.0,55,+1 LAP,Base Oficial Ergast Motor Racing Database / TracingInsights RaceData
2019,19,kvyat,Daniil Kvyat,Toro Rosso,13,12,1,0.0,55,+1 LAP,Base Oficial Ergast Motor Racing Database / TracingInsights RaceData
2019,19,stroll,Lance Stroll,Racing Point,14,13,1,0.0,55,+1 LAP,Base Oficial Ergast Motor Racing Database / TracingInsights RaceData
2019,19,giovinazzi,Antonio Giovinazzi,Alfa Romeo,16,14,2,0.0,55,+1 LAP,Base Oficial Ergast Motor Racing Database / TracingInsights RaceData
2019,19,grosjean,Romain Grosjean,Haas F1 Team,15,15,0,0.0,55,+1 LAP,Base Oficial Ergast Motor Racing Database / TracingInsights RaceData
2019,19,gasly,Pierre Gasly,Toro Rosso,10,16,-6,0.0,54,SUSPENSION,Base Oficial Ergast Motor Racing Database / TracingInsights RaceData
2019,19,russell,George Russell,Williams,18,17,1,0.0,54,+2 LAPS,Base Oficial Ergast Motor Racing Database / TracingInsights RaceData
2019,19,kevin_magnussen,Kevin Magnussen,Haas F1 Team,12,18,-6,0.0,52,BRAKES,Base Oficial Ergast Motor Racing Database / TracingInsights RaceData
2019,19,kubica,Robert Kubica,Williams,19,19,0,0.0,31,OIL LEAK,Base Oficial Ergast Motor Racing Database / TracingInsights RaceData
2019,19,vettel,Sebastian Vettel,Ferrari,2,20,-18,0.0,7,SUSPENSION,Base Oficial Ergast Motor Racing Database / TracingInsights RaceData
2019,20,max_verstappen,Max Verstappen,Red Bull,1,1,0,25.0,71,FINISHED,Base Oficial Ergast Motor Racing Database / TracingInsights RaceData
2019,20,gasly,Pierre Gasly,Toro Rosso,6,2,4,18.0,71,FINISHED,Base Oficial Ergast Motor Racing Database / TracingInsights RaceData
2019,20,sainz,Carlos Sainz,McLaren,20,3,17,15.0,71,FINISHED,Base Oficial Ergast Motor Racing Database / TracingInsights RaceData
2019,20,raikkonen,Kimi Raikkonen,Alfa Romeo,8,4,4,12.0,71,FINISHED,Base Oficial Ergast Motor Racing Database / TracingInsights RaceData
2019,20,giovinazzi,Antonio Giovinazzi,Alfa Romeo,12,5,7,10.0,71,FINISHED,Base Oficial Ergast Motor Racing Database / TracingInsights RaceData
2019,20,ricciardo,Daniel Ricciardo,Renault,11,6,5,8.0,71,FINISHED,Base Oficial Ergast Motor Racing Database / TracingInsights RaceData
2019,20,hamilton,Lewis Hamilton,Mercedes,3,7,-4,6.0,71,FINISHED,Base Oficial Ergast Motor Racing Database / TracingInsights RaceData
2019,20,norris,Lando Norris,McLaren,10,8,2,4.0,71,FINISHED,Base Oficial Ergast Motor Racing Database / TracingInsights RaceData
2019,20,perez,Sergio Perez,Racing Point,15,9,6,2.0,71,FINISHED,Base Oficial Ergast Motor Racing Database / TracingInsights RaceData
2019,20,kvyat,Daniil Kvyat,Toro Rosso,16,10,6,1.0,71,FINISHED,Base Oficial Ergast Motor Racing Database / TracingInsights RaceData
2019,20,kevin_magnussen,Kevin Magnussen,Haas F1 Team,9,11,-2,0.0,71,FINISHED,Base Oficial Ergast Motor Racing Database / TracingInsights RaceData
2019,20,russell,George Russell,Williams,18,12,6,0.0,71,FINISHED,Base Oficial Ergast Motor Racing Database / TracingInsights RaceData
2019,20,grosjean,Romain Grosjean,Haas F1 Team,7,13,-6,0.0,71,FINISHED,Base Oficial Ergast Motor Racing Database / TracingInsights RaceData
2019,20,albon,Alexander Albon,Red Bull,5,14,-9,0.0,71,FINISHED,Base Oficial Ergast Motor Racing Database / TracingInsights RaceData
2019,20,hulkenberg,Nico Hulkenberg,Renault,13,15,-2,0.0,71,FINISHED,Base Oficial Ergast Motor Racing Database / TracingInsights RaceData
2019,20,kubica,Robert Kubica,Williams,19,16,3,0.0,70,+1 LAP,Base Oficial Ergast Motor Racing Database / TracingInsights RaceData
2019,20,vettel,Sebastian Vettel,Ferrari,2,17,-15,0.0,65,COLLISION,Base Oficial Ergast Motor Racing Database / TracingInsights RaceData
2019,20,leclerc,Charles Leclerc,Ferrari,14,18,-4,0.0,65,COLLISION,Base Oficial Ergast Motor Racing Database / TracingInsights RaceData
2019,20,stroll,Lance Stroll,Racing Point,17,19,-2,0.0,65,SUSPENSION,Base Oficial Ergast Motor Racing Database / TracingInsights RaceData
2019,20,bottas,Valtteri Bottas,Mercedes,4,20,-16,0.0,51,POWER UNIT,Base Oficial Ergast Motor Racing Database / TracingInsights RaceData
2019,21,hamilton,Lewis Hamilton,Mercedes,1,1,0,26.0,55,FINISHED,Base Oficial Ergast Motor Racing Database / TracingInsights RaceData
2019,21,max_verstappen,Max Verstappen,Red Bull,2,2,0,18.0,55,FINISHED,Base Oficial Ergast Motor Racing Database / TracingInsights RaceData
2019,21,leclerc,Charles Leclerc,Ferrari,3,3,0,15.0,55,FINISHED,Base Oficial Ergast Motor Racing Database / TracingInsights RaceData
2019,21,bottas,Valtteri Bottas,Mercedes,20,4,16,12.0,55,FINISHED,Base Oficial Ergast Motor Racing Database / TracingInsights RaceData
2019,21,vettel,Sebastian Vettel,Ferrari,4,5,-1,10.0,55,FINISHED,Base Oficial Ergast Motor Racing Database / TracingInsights RaceData
2019,21,albon,Alexander Albon,Red Bull,5,6,-1,8.0,55,FINISHED,Base Oficial Ergast Motor Racing Database / TracingInsights RaceData
2019,21,perez,Sergio Perez,Racing Point,10,7,3,6.0,54,+1 LAP,Base Oficial Ergast Motor Racing Database / TracingInsights RaceData
2019,21,norris,Lando Norris,McLaren,6,8,-2,4.0,54,+1 LAP,Base Oficial Ergast Motor Racing Database / TracingInsights RaceData
2019,21,kvyat,Daniil Kvyat,Toro Rosso,13,9,4,2.0,54,+1 LAP,Base Oficial Ergast Motor Racing Database / TracingInsights RaceData
2019,21,sainz,Carlos Sainz,McLaren,8,10,-2,1.0,54,+1 LAP,Base Oficial Ergast Motor Racing Database / TracingInsights RaceData
2019,21,ricciardo,Daniel Ricciardo,Renault,7,11,-4,0.0,54,+1 LAP,Base Oficial Ergast Motor Racing Database / TracingInsights RaceData
2019,21,hulkenberg,Nico Hulkenberg,Renault,9,12,-3,0.0,54,+1 LAP,Base Oficial Ergast Motor Racing Database / TracingInsights RaceData
2019,21,raikkonen,Kimi Raikkonen,Alfa Romeo,17,13,4,0.0,54,+1 LAP,Base Oficial Ergast Motor Racing Database / TracingInsights RaceData
2019,21,kevin_magnussen,Kevin Magnussen,Haas F1 Team,14,14,0,0.0,54,+1 LAP,Base Oficial Ergast Motor Racing Database / TracingInsights RaceData
2019,21,grosjean,Romain Grosjean,Haas F1 Team,15,15,0,0.0,54,+1 LAP,Base Oficial Ergast Motor Racing Database / TracingInsights RaceData
2019,21,giovinazzi,Antonio Giovinazzi,Alfa Romeo,16,16,0,0.0,54,+1 LAP,Base Oficial Ergast Motor Racing Database / TracingInsights RaceData
2019,21,russell,George Russell,Williams,18,17,1,0.0,54,+1 LAP,Base Oficial Ergast Motor Racing Database / TracingInsights RaceData
2019,21,gasly,Pierre Gasly,Toro Rosso,11,18,-7,0.0,53,+2 LAPS,Base Oficial Ergast Motor Racing Database / TracingInsights RaceData
2019,21,kubica,Robert Kubica,Williams,19,19,0,0.0,53,+2 LAPS,Base Oficial Ergast Motor Racing Database / TracingInsights RaceData
2019,21,stroll,Lance Stroll,Racing Point,12,20,-8,0.0,45,BRAKES,Base Oficial Ergast Motor Racing Database / TracingInsights RaceData
2020,1,bottas,Valtteri Bottas,Mercedes,1,1,0,25.0,71,FINISHED,Base Oficial Ergast Motor Racing Database / TracingInsights RaceData
2020,1,leclerc,Charles Leclerc,Ferrari,7,2,5,18.0,71,FINISHED,Base Oficial Ergast Motor Racing Database / TracingInsights RaceData
2020,1,norris,Lando Norris,McLaren,3,3,0,16.0,71,FINISHED,Base Oficial Ergast Motor Racing Database / TracingInsights RaceData
2020,1,hamilton,Lewis Hamilton,Mercedes,5,4,1,12.0,71,FINISHED,Base Oficial Ergast Motor Racing Database / TracingInsights RaceData
2020,1,sainz,Carlos Sainz,McLaren,8,5,3,10.0,71,FINISHED,Base Oficial Ergast Motor Racing Database / TracingInsights RaceData
2020,1,perez,Sergio Perez,Racing Point,6,6,0,8.0,71,FINISHED,Base Oficial Ergast Motor Racing Database / TracingInsights RaceData
2020,1,gasly,Pierre Gasly,AlphaTauri,12,7,5,6.0,71,FINISHED,Base Oficial Ergast Motor Racing Database / TracingInsights RaceData
2020,1,ocon,Esteban Ocon,Renault,14,8,6,4.0,71,FINISHED,Base Oficial Ergast Motor Racing Database / TracingInsights RaceData
2020,1,giovinazzi,Antonio Giovinazzi,Alfa Romeo,18,9,9,2.0,71,FINISHED,Base Oficial Ergast Motor Racing Database / TracingInsights RaceData
2020,1,vettel,Sebastian Vettel,Ferrari,11,10,1,1.0,71,FINISHED,Base Oficial Ergast Motor Racing Database / TracingInsights RaceData
2020,1,latifi,Nicholas Latifi,Williams,20,11,9,0.0,71,FINISHED,Base Oficial Ergast Motor Racing Database / TracingInsights RaceData
2020,1,kvyat,Daniil Kvyat,AlphaTauri,13,12,1,0.0,69,SUSPENSION,Base Oficial Ergast Motor Racing Database / TracingInsights RaceData
2020,1,albon,Alexander Albon,Red Bull,4,13,-9,0.0,67,ELECTRONICS,Base Oficial Ergast Motor Racing Database / TracingInsights RaceData
2020,1,raikkonen,Kimi Raikkonen,Alfa Romeo,19,14,5,0.0,53,WHEEL,Base Oficial Ergast Motor Racing Database / TracingInsights RaceData
2020,1,russell,George Russell,Williams,17,15,2,0.0,49,FUEL PRESSURE,Base Oficial Ergast Motor Racing Database / TracingInsights RaceData
2020,1,grosjean,Romain Grosjean,Haas F1 Team,15,16,-1,0.0,49,BRAKES,Base Oficial Ergast Motor Racing Database / TracingInsights RaceData
2020,1,kevin_magnussen,Kevin Magnussen,Haas F1 Team,16,17,-1,0.0,24,BRAKES,Base Oficial Ergast Motor Racing Database / TracingInsights RaceData
2020,1,stroll,Lance Stroll,Racing Point,9,18,-9,0.0,20,ENGINE,Base Oficial Ergast Motor Racing Database / TracingInsights RaceData
2020,1,ricciardo,Daniel Ricciardo,Renault,10,19,-9,0.0,17,OVERHEATING,Base Oficial Ergast Motor Racing Database / TracingInsights RaceData
2020,1,max_verstappen,Max Verstappen,Red Bull,2,20,-18,0.0,11,ELECTRONICS,Base Oficial Ergast Motor Racing Database / TracingInsights RaceData
2020,2,hamilton,Lewis Hamilton,Mercedes,1,1,0,25.0,71,FINISHED,Base Oficial Ergast Motor Racing Database / TracingInsights RaceData
2020,2,bottas,Valtteri Bottas,Mercedes,4,2,2,18.0,71,FINISHED,Base Oficial Ergast Motor Racing Database / TracingInsights RaceData
2020,2,max_verstappen,Max Verstappen,Red Bull,2,3,-1,15.0,71,FINISHED,Base Oficial Ergast Motor Racing Database / TracingInsights RaceData
2020,2,albon,Alexander Albon,Red Bull,6,4,2,12.0,71,FINISHED,Base Oficial Ergast Motor Racing Database / TracingInsights RaceData
2020,2,norris,Lando Norris,McLaren,9,5,4,10.0,71,FINISHED,Base Oficial Ergast Motor Racing Database / TracingInsights RaceData
2020,2,perez,Sergio Perez,Racing Point,17,6,11,8.0,71,FINISHED,Base Oficial Ergast Motor Racing Database / TracingInsights RaceData
2020,2,stroll,Lance Stroll,Racing Point,12,7,5,6.0,71,FINISHED,Base Oficial Ergast Motor Racing Database / TracingInsights RaceData
2020,2,ricciardo,Daniel Ricciardo,Renault,8,8,0,4.0,71,FINISHED,Base Oficial Ergast Motor Racing Database / TracingInsights RaceData
2020,2,sainz,Carlos Sainz,McLaren,3,9,-6,3.0,70,+1 LAP,Base Oficial Ergast Motor Racing Database / TracingInsights RaceData
2020,2,kvyat,Daniil Kvyat,AlphaTauri,13,10,3,1.0,70,+1 LAP,Base Oficial Ergast Motor Racing Database / TracingInsights RaceData
2020,2,raikkonen,Kimi Raikkonen,Alfa Romeo,16,11,5,0.0,70,+1 LAP,Base Oficial Ergast Motor Racing Database / TracingInsights RaceData
2020,2,kevin_magnussen,Kevin Magnussen,Haas F1 Team,15,12,3,0.0,70,+1 LAP,Base Oficial Ergast Motor Racing Database / TracingInsights RaceData
2020,2,grosjean,Romain Grosjean,Haas F1 Team,20,13,7,0.0,70,+1 LAP,Base Oficial Ergast Motor Racing Database / TracingInsights RaceData
2020,2,giovinazzi,Antonio Giovinazzi,Alfa Romeo,19,14,5,0.0,70,+1 LAP,Base Oficial Ergast Motor Racing Database / TracingInsights RaceData
2020,2,gasly,Pierre Gasly,AlphaTauri,7,15,-8,0.0,70,+1 LAP,Base Oficial Ergast Motor Racing Database / TracingInsights RaceData
2020,2,russell,George Russell,Williams,11,16,-5,0.0,69,+2 LAPS,Base Oficial Ergast Motor Racing Database / TracingInsights RaceData
2020,2,latifi,Nicholas Latifi,Williams,18,17,1,0.0,69,+2 LAPS,Base Oficial Ergast Motor Racing Database / TracingInsights RaceData
2020,2,ocon,Esteban Ocon,Renault,5,18,-13,0.0,25,OVERHEATING,Base Oficial Ergast Motor Racing Database / TracingInsights RaceData
2020,2,leclerc,Charles Leclerc,Ferrari,14,19,-5,0.0,4,COLLISION DAMAGE,Base Oficial Ergast Motor Racing Database / TracingInsights RaceData
2020,2,vettel,Sebastian Vettel,Ferrari,10,20,-10,0.0,1,COLLISION DAMAGE,Base Oficial Ergast Motor Racing Database / TracingInsights RaceData
2020,3,hamilton,Lewis Hamilton,Mercedes,1,1,0,26.0,70,FINISHED,Base Oficial Ergast Motor Racing Database / TracingInsights RaceData
2020,3,max_verstappen,Max Verstappen,Red Bull,7,2,5,18.0,70,FINISHED,Base Oficial Ergast Motor Racing Database / TracingInsights RaceData
2020,3,bottas,Valtteri Bottas,Mercedes,2,3,-1,15.0,70,FINISHED,Base Oficial Ergast Motor Racing Database / TracingInsights RaceData
2020,3,stroll,Lance Stroll,Racing Point,3,4,-1,12.0,70,FINISHED,Base Oficial Ergast Motor Racing Database / TracingInsights RaceData
2020,3,albon,Alexander Albon,Red Bull,13,5,8,10.0,70,FINISHED,Base Oficial Ergast Motor Racing Database / TracingInsights RaceData
2020,3,vettel,Sebastian Vettel,Ferrari,5,6,-1,8.0,69,+1 LAP,Base Oficial Ergast Motor Racing Database / TracingInsights RaceData
2020,3,perez,Sergio Perez,Racing Point,4,7,-3,6.0,69,+1 LAP,Base Oficial Ergast Motor Racing Database / TracingInsights RaceData
2020,3,ricciardo,Daniel Ricciardo,Renault,11,8,3,4.0,69,+1 LAP,Base Oficial Ergast Motor Racing Database / TracingInsights RaceData
2020,3,sainz,Carlos Sainz,McLaren,9,9,0,2.0,69,+1 LAP,Base Oficial Ergast Motor Racing Database / TracingInsights RaceData
2020,3,kevin_magnussen,Kevin Magnussen,Haas F1 Team,20,10,10,1.0,69,+1 LAP,Base Oficial Ergast Motor Racing Database / TracingInsights RaceData
2020,3,leclerc,Charles Leclerc,Ferrari,6,11,-5,0.0,69,+1 LAP,Base Oficial Ergast Motor Racing Database / TracingInsights RaceData
2020,3,kvyat,Daniil Kvyat,AlphaTauri,17,12,5,0.0,69,+1 LAP,Base Oficial Ergast Motor Racing Database / TracingInsights RaceData
2020,3,norris,Lando Norris,McLaren,8,13,-5,0.0,69,+1 LAP,Base Oficial Ergast Motor Racing Database / TracingInsights RaceData
2020,3,ocon,Esteban Ocon,Renault,14,14,0,0.0,69,+1 LAP,Base Oficial Ergast Motor Racing Database / TracingInsights RaceData
2020,3,raikkonen,Kimi Raikkonen,Alfa Romeo,20,15,5,0.0,69,+1 LAP,Base Oficial Ergast Motor Racing Database / TracingInsights RaceData
2020,3,grosjean,Romain Grosjean,Haas F1 Team,20,16,4,0.0,69,+1 LAP,Base Oficial Ergast Motor Racing Database / TracingInsights RaceData
2020,3,giovinazzi,Antonio Giovinazzi,Alfa Romeo,19,17,2,0.0,69,+1 LAP,Base Oficial Ergast Motor Racing Database / TracingInsights RaceData
2020,3,russell,George Russell,Williams,12,18,-6,0.0,69,+1 LAP,Base Oficial Ergast Motor Racing Database / TracingInsights RaceData
2020,3,latifi,Nicholas Latifi,Williams,15,19,-4,0.0,65,+5 LAPS,Base Oficial Ergast Motor Racing Database / TracingInsights RaceData
2020,3,gasly,Pierre Gasly,AlphaTauri,10,20,-10,0.0,15,ENGINE,Base Oficial Ergast Motor Racing Database / TracingInsights RaceData
2020,4,hamilton,Lewis Hamilton,Mercedes,1,1,0,25.0,52,FINISHED,Base Oficial Ergast Motor Racing Database / TracingInsights RaceData
2020,4,max_verstappen,Max Verstappen,Red Bull,3,2,1,19.0,52,FINISHED,Base Oficial Ergast Motor Racing Database / TracingInsights RaceData
2020,4,leclerc,Charles Leclerc,Ferrari,4,3,1,15.0,52,FINISHED,Base Oficial Ergast Motor Racing Database / TracingInsights RaceData
2020,4,ricciardo,Daniel Ricciardo,Renault,8,4,4,12.0,52,FINISHED,Base Oficial Ergast Motor Racing Database / TracingInsights RaceData
2020,4,norris,Lando Norris,McLaren,5,5,0,10.0,52,FINISHED,Base Oficial Ergast Motor Racing Database / TracingInsights RaceData
2020,4,ocon,Esteban Ocon,Renault,9,6,3,8.0,52,FINISHED,Base Oficial Ergast Motor Racing Database / TracingInsights RaceData
2020,4,gasly,Pierre Gasly,AlphaTauri,11,7,4,6.0,52,FINISHED,Base Oficial Ergast Motor Racing Database / TracingInsights RaceData
2020,4,albon,Alexander Albon,Red Bull,12,8,4,4.0,52,FINISHED,Base Oficial Ergast Motor Racing Database / TracingInsights RaceData
2020,4,stroll,Lance Stroll,Racing Point,6,9,-3,2.0,52,FINISHED,Base Oficial Ergast Motor Racing Database / TracingInsights RaceData
2020,4,vettel,Sebastian Vettel,Ferrari,10,10,0,1.0,52,FINISHED,Base Oficial Ergast Motor Racing Database / TracingInsights RaceData
2020,4,bottas,Valtteri Bottas,Mercedes,2,11,-9,0.0,52,FINISHED,Base Oficial Ergast Motor Racing Database / TracingInsights RaceData
2020,4,russell,George Russell,Williams,20,12,8,0.0,52,FINISHED,Base Oficial Ergast Motor Racing Database / TracingInsights RaceData
2020,4,sainz,Carlos Sainz,McLaren,7,13,-6,0.0,52,FINISHED,Base Oficial Ergast Motor Racing Database / TracingInsights RaceData
2020,4,giovinazzi,Antonio Giovinazzi,Alfa Romeo,15,14,1,0.0,52,FINISHED,Base Oficial Ergast Motor Racing Database / TracingInsights RaceData
2020,4,latifi,Nicholas Latifi,Williams,18,15,3,0.0,52,FINISHED,Base Oficial Ergast Motor Racing Database / TracingInsights RaceData
2020,4,grosjean,Romain Grosjean,Haas F1 Team,17,16,1,0.0,52,FINISHED,Base Oficial Ergast Motor Racing Database / TracingInsights RaceData
2020,4,raikkonen,Kimi Raikkonen,Alfa Romeo,16,17,-1,0.0,51,+1 LAP,Base Oficial Ergast Motor Racing Database / TracingInsights RaceData
2020,4,kvyat,Daniil Kvyat,AlphaTauri,19,18,1,0.0,11,ACCIDENT,Base Oficial Ergast Motor Racing Database / TracingInsights RaceData
2020,4,kevin_magnussen,Kevin Magnussen,Haas F1 Team,14,19,-5,0.0,1,COLLISION,Base Oficial Ergast Motor Racing Database / TracingInsights RaceData
2020,4,hulkenberg,Nico Hulkenberg,Racing Point,13,20,-7,0.0,0,POWER UNIT,Base Oficial Ergast Motor Racing Database / TracingInsights RaceData
2020,5,max_verstappen,Max Verstappen,Red Bull,4,1,3,25.0,52,FINISHED,Base Oficial Ergast Motor Racing Database / TracingInsights RaceData
2020,5,hamilton,Lewis Hamilton,Mercedes,2,2,0,19.0,52,FINISHED,Base Oficial Ergast Motor Racing Database / TracingInsights RaceData
2020,5,bottas,Valtteri Bottas,Mercedes,1,3,-2,15.0,52,FINISHED,Base Oficial Ergast Motor Racing Database / TracingInsights RaceData
2020,5,leclerc,Charles Leclerc,Ferrari,8,4,4,12.0,52,FINISHED,Base Oficial Ergast Motor Racing Database / TracingInsights RaceData
2020,5,albon,Alexander Albon,Red Bull,9,5,4,10.0,52,FINISHED,Base Oficial Ergast Motor Racing Database / TracingInsights RaceData
2020,5,stroll,Lance Stroll,Racing Point,6,6,0,8.0,52,FINISHED,Base Oficial Ergast Motor Racing Database / TracingInsights RaceData
2020,5,hulkenberg,Nico Hulkenberg,Racing Point,3,7,-4,6.0,52,FINISHED,Base Oficial Ergast Motor Racing Database / TracingInsights RaceData
2020,5,ocon,Esteban Ocon,Renault,14,8,6,4.0,52,FINISHED,Base Oficial Ergast Motor Racing Database / TracingInsights RaceData
2020,5,norris,Lando Norris,McLaren,10,9,1,2.0,52,FINISHED,Base Oficial Ergast Motor Racing Database / TracingInsights RaceData
2020,5,kvyat,Daniil Kvyat,AlphaTauri,16,10,6,1.0,52,FINISHED,Base Oficial Ergast Motor Racing Database / TracingInsights RaceData
2020,5,gasly,Pierre Gasly,AlphaTauri,7,11,-4,0.0,52,FINISHED,Base Oficial Ergast Motor Racing Database / TracingInsights RaceData
2020,5,vettel,Sebastian Vettel,Ferrari,11,12,-1,0.0,52,FINISHED,Base Oficial Ergast Motor Racing Database / TracingInsights RaceData
2020,5,sainz,Carlos Sainz,McLaren,12,13,-1,0.0,52,FINISHED,Base Oficial Ergast Motor Racing Database / TracingInsights RaceData
2020,5,ricciardo,Daniel Ricciardo,Renault,5,14,-9,0.0,51,+1 LAP,Base Oficial Ergast Motor Racing Database / TracingInsights RaceData
2020,5,raikkonen,Kimi Raikkonen,Alfa Romeo,20,15,5,0.0,51,+1 LAP,Base Oficial Ergast Motor Racing Database / TracingInsights RaceData
2020,5,grosjean,Romain Grosjean,Haas F1 Team,13,16,-3,0.0,51,+1 LAP,Base Oficial Ergast Motor Racing Database / TracingInsights RaceData
2020,5,giovinazzi,Antonio Giovinazzi,Alfa Romeo,19,17,2,0.0,51,+1 LAP,Base Oficial Ergast Motor Racing Database / TracingInsights RaceData
2020,5,russell,George Russell,Williams,15,18,-3,0.0,51,+1 LAP,Base Oficial Ergast Motor Racing Database / TracingInsights RaceData
2020,5,latifi,Nicholas Latifi,Williams,18,19,-1,0.0,51,+1 LAP,Base Oficial Ergast Motor Racing Database / TracingInsights RaceData
2020,5,kevin_magnussen,Kevin Magnussen,Haas F1 Team,17,20,-3,0.0,43,RETIRED,Base Oficial Ergast Motor Racing Database / TracingInsights RaceData
2020,6,hamilton,Lewis Hamilton,Mercedes,1,1,0,25.0,66,FINISHED,Base Oficial Ergast Motor Racing Database / TracingInsights RaceData
2020,6,max_verstappen,Max Verstappen,Red Bull,3,2,1,18.0,66,FINISHED,Base Oficial Ergast Motor Racing Database / TracingInsights RaceData
2020,6,bottas,Valtteri Bottas,Mercedes,2,3,-1,16.0,66,FINISHED,Base Oficial Ergast Motor Racing Database / TracingInsights RaceData
2020,6,stroll,Lance Stroll,Racing Point,5,4,1,12.0,65,+1 LAP,Base Oficial Ergast Motor Racing Database / TracingInsights RaceData
2020,6,perez,Sergio Perez,Racing Point,4,5,-1,10.0,65,+1 LAP,Base Oficial Ergast Motor Racing Database / TracingInsights RaceData
2020,6,sainz,Carlos Sainz,McLaren,7,6,1,8.0,65,+1 LAP,Base Oficial Ergast Motor Racing Database / TracingInsights RaceData
2020,6,vettel,Sebastian Vettel,Ferrari,11,7,4,6.0,65,+1 LAP,Base Oficial Ergast Motor Racing Database / TracingInsights RaceData
2020,6,albon,Alexander Albon,Red Bull,6,8,-2,4.0,65,+1 LAP,Base Oficial Ergast Motor Racing Database / TracingInsights RaceData
2020,6,gasly,Pierre Gasly,AlphaTauri,10,9,1,2.0,65,+1 LAP,Base Oficial Ergast Motor Racing Database / TracingInsights RaceData
2020,6,norris,Lando Norris,McLaren,8,10,-2,1.0,65,+1 LAP,Base Oficial Ergast Motor Racing Database / TracingInsights RaceData
2020,6,ricciardo,Daniel Ricciardo,Renault,13,11,2,0.0,65,+1 LAP,Base Oficial Ergast Motor Racing Database / TracingInsights RaceData
2020,6,kvyat,Daniil Kvyat,AlphaTauri,12,12,0,0.0,65,+1 LAP,Base Oficial Ergast Motor Racing Database / TracingInsights RaceData
2020,6,ocon,Esteban Ocon,Renault,15,13,2,0.0,65,+1 LAP,Base Oficial Ergast Motor Racing Database / TracingInsights RaceData
2020,6,raikkonen,Kimi Raikkonen,Alfa Romeo,14,14,0,0.0,65,+1 LAP,Base Oficial Ergast Motor Racing Database / TracingInsights RaceData
2020,6,kevin_magnussen,Kevin Magnussen,Haas F1 Team,16,15,1,0.0,65,+1 LAP,Base Oficial Ergast Motor Racing Database / TracingInsights RaceData
2020,6,giovinazzi,Antonio Giovinazzi,Alfa Romeo,20,16,4,0.0,65,+1 LAP,Base Oficial Ergast Motor Racing Database / TracingInsights RaceData
2020,6,russell,George Russell,Williams,18,17,1,0.0,65,+1 LAP,Base Oficial Ergast Motor Racing Database / TracingInsights RaceData
2020,6,latifi,Nicholas Latifi,Williams,19,18,1,0.0,64,+2 LAPS,Base Oficial Ergast Motor Racing Database / TracingInsights RaceData
2020,6,grosjean,Romain Grosjean,Haas F1 Team,17,19,-2,0.0,64,+2 LAPS,Base Oficial Ergast Motor Racing Database / TracingInsights RaceData
2020,6,leclerc,Charles Leclerc,Ferrari,9,20,-11,0.0,38,ELECTRONICS,Base Oficial Ergast Motor Racing Database / TracingInsights RaceData
2020,7,hamilton,Lewis Hamilton,Mercedes,1,1,0,25.0,44,FINISHED,Base Oficial Ergast Motor Racing Database / TracingInsights RaceData
2020,7,bottas,Valtteri Bottas,Mercedes,2,2,0,18.0,44,FINISHED,Base Oficial Ergast Motor Racing Database / TracingInsights RaceData
2020,7,max_verstappen,Max Verstappen,Red Bull,3,3,0,15.0,44,FINISHED,Base Oficial Ergast Motor Racing Database / TracingInsights RaceData
2020,7,ricciardo,Daniel Ricciardo,Renault,4,4,0,13.0,44,FINISHED,Base Oficial Ergast Motor Racing Database / TracingInsights RaceData
2020,7,ocon,Esteban Ocon,Renault,6,5,1,10.0,44,FINISHED,Base Oficial Ergast Motor Racing Database / TracingInsights RaceData
2020,7,albon,Alexander Albon,Red Bull,5,6,-1,8.0,44,FINISHED,Base Oficial Ergast Motor Racing Database / TracingInsights RaceData
2020,7,norris,Lando Norris,McLaren,10,7,3,6.0,44,FINISHED,Base Oficial Ergast Motor Racing Database / TracingInsights RaceData
2020,7,gasly,Pierre Gasly,AlphaTauri,12,8,4,4.0,44,FINISHED,Base Oficial Ergast Motor Racing Database / TracingInsights RaceData
2020,7,stroll,Lance Stroll,Racing Point,9,9,0,2.0,44,FINISHED,Base Oficial Ergast Motor Racing Database / TracingInsights RaceData
2020,7,perez,Sergio Perez,Racing Point,8,10,-2,1.0,44,FINISHED,Base Oficial Ergast Motor Racing Database / TracingInsights RaceData
2020,7,kvyat,Daniil Kvyat,AlphaTauri,11,11,0,0.0,44,FINISHED,Base Oficial Ergast Motor Racing Database / TracingInsights RaceData
2020,7,raikkonen,Kimi Raikkonen,Alfa Romeo,16,12,4,0.0,44,FINISHED,Base Oficial Ergast Motor Racing Database / TracingInsights RaceData
2020,7,vettel,Sebastian Vettel,Ferrari,14,13,1,0.0,44,FINISHED,Base Oficial Ergast Motor Racing Database / TracingInsights RaceData
2020,7,leclerc,Charles Leclerc,Ferrari,13,14,-1,0.0,44,FINISHED,Base Oficial Ergast Motor Racing Database / TracingInsights RaceData
2020,7,grosjean,Romain Grosjean,Haas F1 Team,17,15,2,0.0,44,FINISHED,Base Oficial Ergast Motor Racing Database / TracingInsights RaceData
2020,7,latifi,Nicholas Latifi,Williams,19,16,3,0.0,44,FINISHED,Base Oficial Ergast Motor Racing Database / TracingInsights RaceData
2020,7,kevin_magnussen,Kevin Magnussen,Haas F1 Team,20,17,3,0.0,44,FINISHED,Base Oficial Ergast Motor Racing Database / TracingInsights RaceData
2020,7,giovinazzi,Antonio Giovinazzi,Alfa Romeo,18,18,0,0.0,9,ACCIDENT,Base Oficial Ergast Motor Racing Database / TracingInsights RaceData
2020,7,russell,George Russell,Williams,15,19,-4,0.0,9,DEBRIS,Base Oficial Ergast Motor Racing Database / TracingInsights RaceData
2020,7,sainz,Carlos Sainz,McLaren,7,20,-13,0.0,0,EXHAUST,Base Oficial Ergast Motor Racing Database / TracingInsights RaceData
2020,8,gasly,Pierre Gasly,AlphaTauri,10,1,9,25.0,53,FINISHED,Base Oficial Ergast Motor Racing Database / TracingInsights RaceData
2020,8,sainz,Carlos Sainz,McLaren,3,2,1,18.0,53,FINISHED,Base Oficial Ergast Motor Racing Database / TracingInsights RaceData
2020,8,stroll,Lance Stroll,Racing Point,8,3,5,15.0,53,FINISHED,Base Oficial Ergast Motor Racing Database / TracingInsights RaceData
2020,8,norris,Lando Norris,McLaren,6,4,2,12.0,53,FINISHED,Base Oficial Ergast Motor Racing Database / TracingInsights RaceData
2020,8,bottas,Valtteri Bottas,Mercedes,2,5,-3,10.0,53,FINISHED,Base Oficial Ergast Motor Racing Database / TracingInsights RaceData
2020,8,ricciardo,Daniel Ricciardo,Renault,7,6,1,8.0,53,FINISHED,Base Oficial Ergast Motor Racing Database / TracingInsights RaceData
2020,8,hamilton,Lewis Hamilton,Mercedes,1,7,-6,7.0,53,FINISHED,Base Oficial Ergast Motor Racing Database / TracingInsights RaceData
2020,8,ocon,Esteban Ocon,Renault,12,8,4,4.0,53,FINISHED,Base Oficial Ergast Motor Racing Database / TracingInsights RaceData
2020,8,kvyat,Daniil Kvyat,AlphaTauri,11,9,2,2.0,53,FINISHED,Base Oficial Ergast Motor Racing Database / TracingInsights RaceData
2020,8,perez,Sergio Perez,Racing Point,4,10,-6,1.0,53,FINISHED,Base Oficial Ergast Motor Racing Database / TracingInsights RaceData
2020,8,latifi,Nicholas Latifi,Williams,20,11,9,0.0,53,FINISHED,Base Oficial Ergast Motor Racing Database / TracingInsights RaceData
2020,8,grosjean,Romain Grosjean,Haas F1 Team,16,12,4,0.0,53,FINISHED,Base Oficial Ergast Motor Racing Database / TracingInsights RaceData
2020,8,raikkonen,Kimi Raikkonen,Alfa Romeo,14,13,1,0.0,53,FINISHED,Base Oficial Ergast Motor Racing Database / TracingInsights RaceData
2020,8,russell,George Russell,Williams,19,14,5,0.0,53,FINISHED,Base Oficial Ergast Motor Racing Database / TracingInsights RaceData
2020,8,albon,Alexander Albon,Red Bull,9,15,-6,0.0,53,FINISHED,Base Oficial Ergast Motor Racing Database / TracingInsights RaceData
2020,8,giovinazzi,Antonio Giovinazzi,Alfa Romeo,18,16,2,0.0,53,FINISHED,Base Oficial Ergast Motor Racing Database / TracingInsights RaceData
2020,8,max_verstappen,Max Verstappen,Red Bull,5,17,-12,0.0,30,POWER UNIT,Base Oficial Ergast Motor Racing Database / TracingInsights RaceData
2020,8,leclerc,Charles Leclerc,Ferrari,13,18,-5,0.0,23,ACCIDENT,Base Oficial Ergast Motor Racing Database / TracingInsights RaceData
2020,8,kevin_magnussen,Kevin Magnussen,Haas F1 Team,15,19,-4,0.0,17,POWER UNIT,Base Oficial Ergast Motor Racing Database / TracingInsights RaceData
2020,8,vettel,Sebastian Vettel,Ferrari,17,20,-3,0.0,6,BRAKES,Base Oficial Ergast Motor Racing Database / TracingInsights RaceData
2020,9,hamilton,Lewis Hamilton,Mercedes,1,1,0,26.0,59,FINISHED,Base Oficial Ergast Motor Racing Database / TracingInsights RaceData
2020,9,bottas,Valtteri Bottas,Mercedes,2,2,0,18.0,59,FINISHED,Base Oficial Ergast Motor Racing Database / TracingInsights RaceData
2020,9,albon,Alexander Albon,Red Bull,4,3,1,15.0,59,FINISHED,Base Oficial Ergast Motor Racing Database / TracingInsights RaceData
2020,9,ricciardo,Daniel Ricciardo,Renault,8,4,4,12.0,59,FINISHED,Base Oficial Ergast Motor Racing Database / TracingInsights RaceData
2020,9,perez,Sergio Perez,Racing Point,7,5,2,10.0,59,FINISHED,Base Oficial Ergast Motor Racing Database / TracingInsights RaceData
2020,9,norris,Lando Norris,McLaren,11,6,5,8.0,59,FINISHED,Base Oficial Ergast Motor Racing Database / TracingInsights RaceData
2020,9,kvyat,Daniil Kvyat,AlphaTauri,12,7,5,6.0,59,FINISHED,Base Oficial Ergast Motor Racing Database / TracingInsights RaceData
2020,9,leclerc,Charles Leclerc,Ferrari,5,8,-3,4.0,59,FINISHED,Base Oficial Ergast Motor Racing Database / TracingInsights RaceData
2020,9,raikkonen,Kimi Raikkonen,Alfa Romeo,13,9,4,2.0,59,FINISHED,Base Oficial Ergast Motor Racing Database / TracingInsights RaceData
2020,9,vettel,Sebastian Vettel,Ferrari,14,10,4,1.0,59,FINISHED,Base Oficial Ergast Motor Racing Database / TracingInsights RaceData
2020,9,russell,George Russell,Williams,18,11,7,0.0,59,FINISHED,Base Oficial Ergast Motor Racing Database / TracingInsights RaceData
2020,9,grosjean,Romain Grosjean,Haas F1 Team,15,12,3,0.0,59,FINISHED,Base Oficial Ergast Motor Racing Database / TracingInsights RaceData
2020,9,stroll,Lance Stroll,Racing Point,6,13,-7,0.0,42,PUNCTURE,Base Oficial Ergast Motor Racing Database / TracingInsights RaceData
2020,9,ocon,Esteban Ocon,Renault,10,14,-4,0.0,7,BRAKES,Base Oficial Ergast Motor Racing Database / TracingInsights RaceData
2020,9,latifi,Nicholas Latifi,Williams,19,15,4,0.0,6,COLLISION,Base Oficial Ergast Motor Racing Database / TracingInsights RaceData
2020,9,kevin_magnussen,Kevin Magnussen,Haas F1 Team,20,16,4,0.0,5,COLLISION,Base Oficial Ergast Motor Racing Database / TracingInsights RaceData
2020,9,giovinazzi,Antonio Giovinazzi,Alfa Romeo,17,17,0,0.0,5,COLLISION,Base Oficial Ergast Motor Racing Database / TracingInsights RaceData
2020,9,sainz,Carlos Sainz,McLaren,9,18,-9,0.0,5,COLLISION,Base Oficial Ergast Motor Racing Database / TracingInsights RaceData
2020,9,max_verstappen,Max Verstappen,Red Bull,3,19,-16,0.0,0,COLLISION,Base Oficial Ergast Motor Racing Database / TracingInsights RaceData
2020,9,gasly,Pierre Gasly,AlphaTauri,16,20,-4,0.0,0,COLLISION,Base Oficial Ergast Motor Racing Database / TracingInsights RaceData
2020,10,bottas,Valtteri Bottas,Mercedes,3,1,2,26.0,53,FINISHED,Base Oficial Ergast Motor Racing Database / TracingInsights RaceData
2020,10,max_verstappen,Max Verstappen,Red Bull,2,2,0,18.0,53,FINISHED,Base Oficial Ergast Motor Racing Database / TracingInsights RaceData
2020,10,hamilton,Lewis Hamilton,Mercedes,1,3,-2,15.0,53,FINISHED,Base Oficial Ergast Motor Racing Database / TracingInsights RaceData
2020,10,perez,Sergio Perez,Racing Point,4,4,0,12.0,53,FINISHED,Base Oficial Ergast Motor Racing Database / TracingInsights RaceData
2020,10,ricciardo,Daniel Ricciardo,Renault,5,5,0,10.0,53,FINISHED,Base Oficial Ergast Motor Racing Database / TracingInsights RaceData
2020,10,leclerc,Charles Leclerc,Ferrari,10,6,4,8.0,53,FINISHED,Base Oficial Ergast Motor Racing Database / TracingInsights RaceData
2020,10,ocon,Esteban Ocon,Renault,7,7,0,6.0,53,FINISHED,Base Oficial Ergast Motor Racing Database / TracingInsights RaceData
2020,10,kvyat,Daniil Kvyat,AlphaTauri,11,8,3,4.0,53,FINISHED,Base Oficial Ergast Motor Racing Database / TracingInsights RaceData
2020,10,gasly,Pierre Gasly,AlphaTauri,9,9,0,2.0,53,FINISHED,Base Oficial Ergast Motor Racing Database / TracingInsights RaceData
2020,10,albon,Alexander Albon,Red Bull,15,10,5,1.0,53,FINISHED,Base Oficial Ergast Motor Racing Database / TracingInsights RaceData
2020,10,giovinazzi,Antonio Giovinazzi,Alfa Romeo,17,11,6,0.0,52,+1 LAP,Base Oficial Ergast Motor Racing Database / TracingInsights RaceData
2020,10,kevin_magnussen,Kevin Magnussen,Haas F1 Team,18,12,6,0.0,52,+1 LAP,Base Oficial Ergast Motor Racing Database / TracingInsights RaceData
2020,10,vettel,Sebastian Vettel,Ferrari,14,13,1,0.0,52,+1 LAP,Base Oficial Ergast Motor Racing Database / TracingInsights RaceData
2020,10,raikkonen,Kimi Raikkonen,Alfa Romeo,19,14,5,0.0,52,+1 LAP,Base Oficial Ergast Motor Racing Database / TracingInsights RaceData
2020,10,norris,Lando Norris,McLaren,8,15,-7,0.0,52,+1 LAP,Base Oficial Ergast Motor Racing Database / TracingInsights RaceData
2020,10,latifi,Nicholas Latifi,Williams,20,16,4,0.0,52,+1 LAP,Base Oficial Ergast Motor Racing Database / TracingInsights RaceData
2020,10,grosjean,Romain Grosjean,Haas F1 Team,16,17,-1,0.0,52,+1 LAP,Base Oficial Ergast Motor Racing Database / TracingInsights RaceData
2020,10,russell,George Russell,Williams,13,18,-5,0.0,52,+1 LAP,Base Oficial Ergast Motor Racing Database / TracingInsights RaceData
2020,10,sainz,Carlos Sainz,McLaren,6,19,-13,0.0,0,ACCIDENT,Base Oficial Ergast Motor Racing Database / TracingInsights RaceData
2020,10,stroll,Lance Stroll,Racing Point,12,20,-8,0.0,0,COLLISION,Base Oficial Ergast Motor Racing Database / TracingInsights RaceData
2020,11,hamilton,Lewis Hamilton,Mercedes,2,1,1,25.0,60,FINISHED,Base Oficial Ergast Motor Racing Database / TracingInsights RaceData
2020,11,max_verstappen,Max Verstappen,Red Bull,3,2,1,19.0,60,FINISHED,Base Oficial Ergast Motor Racing Database / TracingInsights RaceData
2020,11,ricciardo,Daniel Ricciardo,Renault,6,3,3,15.0,60,FINISHED,Base Oficial Ergast Motor Racing Database / TracingInsights RaceData
2020,11,perez,Sergio Perez,Racing Point,9,4,5,12.0,60,FINISHED,Base Oficial Ergast Motor Racing Database / TracingInsights RaceData
2020,11,sainz,Carlos Sainz,McLaren,10,5,5,10.0,60,FINISHED,Base Oficial Ergast Motor Racing Database / TracingInsights RaceData
2020,11,gasly,Pierre Gasly,AlphaTauri,12,6,6,8.0,60,FINISHED,Base Oficial Ergast Motor Racing Database / TracingInsights RaceData
2020,11,leclerc,Charles Leclerc,Ferrari,4,7,-3,6.0,60,FINISHED,Base Oficial Ergast Motor Racing Database / TracingInsights RaceData
2020,11,hulkenberg,Nico Hulkenberg,Racing Point,20,8,12,4.0,60,FINISHED,Base Oficial Ergast Motor Racing Database / TracingInsights RaceData
2020,11,grosjean,Romain Grosjean,Haas F1 Team,16,9,7,2.0,60,FINISHED,Base Oficial Ergast Motor Racing Database / TracingInsights RaceData
2020,11,giovinazzi,Antonio Giovinazzi,Alfa Romeo,14,10,4,1.0,60,FINISHED,Base Oficial Ergast Motor Racing Database / TracingInsights RaceData
2020,11,vettel,Sebastian Vettel,Ferrari,11,11,0,0.0,60,FINISHED,Base Oficial Ergast Motor Racing Database / TracingInsights RaceData
2020,11,raikkonen,Kimi Raikkonen,Alfa Romeo,19,12,7,0.0,60,FINISHED,Base Oficial Ergast Motor Racing Database / TracingInsights RaceData
2020,11,kevin_magnussen,Kevin Magnussen,Haas F1 Team,15,13,2,0.0,60,FINISHED,Base Oficial Ergast Motor Racing Database / TracingInsights RaceData
2020,11,latifi,Nicholas Latifi,Williams,18,14,4,0.0,60,FINISHED,Base Oficial Ergast Motor Racing Database / TracingInsights RaceData
2020,11,kvyat,Daniil Kvyat,AlphaTauri,13,15,-2,0.0,60,FINISHED,Base Oficial Ergast Motor Racing Database / TracingInsights RaceData
2020,11,norris,Lando Norris,McLaren,8,16,-8,0.0,42,POWER UNIT,Base Oficial Ergast Motor Racing Database / TracingInsights RaceData
2020,11,albon,Alexander Albon,Red Bull,5,17,-12,0.0,23,RADIATOR,Base Oficial Ergast Motor Racing Database / TracingInsights RaceData
2020,11,ocon,Esteban Ocon,Renault,7,18,-11,0.0,22,GEARBOX,Base Oficial Ergast Motor Racing Database / TracingInsights RaceData
2020,11,bottas,Valtteri Bottas,Mercedes,1,19,-18,0.0,18,POWER UNIT,Base Oficial Ergast Motor Racing Database / TracingInsights RaceData
2020,11,russell,George Russell,Williams,17,20,-3,0.0,12,COLLISION,Base Oficial Ergast Motor Racing Database / TracingInsights RaceData
2020,12,hamilton,Lewis Hamilton,Mercedes,1,1,0,26.0,66,FINISHED,Base Oficial Ergast Motor Racing Database / TracingInsights RaceData
2020,12,bottas,Valtteri Bottas,Mercedes,2,2,0,18.0,66,FINISHED,Base Oficial Ergast Motor Racing Database / TracingInsights RaceData
2020,12,max_verstappen,Max Verstappen,Red Bull,3,3,0,15.0,66,FINISHED,Base Oficial Ergast Motor Racing Database / TracingInsights RaceData
2020,12,leclerc,Charles Leclerc,Ferrari,4,4,0,12.0,66,FINISHED,Base Oficial Ergast Motor Racing Database / TracingInsights RaceData
2020,12,gasly,Pierre Gasly,AlphaTauri,9,5,4,10.0,65,+1 LAP,Base Oficial Ergast Motor Racing Database / TracingInsights RaceData
2020,12,sainz,Carlos Sainz,McLaren,7,6,1,8.0,65,+1 LAP,Base Oficial Ergast Motor Racing Database / TracingInsights RaceData
2020,12,perez,Sergio Perez,Racing Point,5,7,-2,6.0,65,+1 LAP,Base Oficial Ergast Motor Racing Database / TracingInsights RaceData
2020,12,ocon,Esteban Ocon,Renault,11,8,3,4.0,65,+1 LAP,Base Oficial Ergast Motor Racing Database / TracingInsights RaceData
2020,12,ricciardo,Daniel Ricciardo,Renault,10,9,1,2.0,65,+1 LAP,Base Oficial Ergast Motor Racing Database / TracingInsights RaceData
2020,12,vettel,Sebastian Vettel,Ferrari,15,10,5,1.0,65,+1 LAP,Base Oficial Ergast Motor Racing Database / TracingInsights RaceData
2020,12,raikkonen,Kimi Raikkonen,Alfa Romeo,16,11,5,0.0,65,+1 LAP,Base Oficial Ergast Motor Racing Database / TracingInsights RaceData
2020,12,albon,Alexander Albon,Red Bull,6,12,-6,0.0,65,+1 LAP,Base Oficial Ergast Motor Racing Database / TracingInsights RaceData
2020,12,norris,Lando Norris,McLaren,8,13,-5,0.0,65,+1 LAP,Base Oficial Ergast Motor Racing Database / TracingInsights RaceData
2020,12,russell,George Russell,Williams,14,14,0,0.0,65,+1 LAP,Base Oficial Ergast Motor Racing Database / TracingInsights RaceData
2020,12,giovinazzi,Antonio Giovinazzi,Alfa Romeo,17,15,2,0.0,65,+1 LAP,Base Oficial Ergast Motor Racing Database / TracingInsights RaceData
2020,12,kevin_magnussen,Kevin Magnussen,Haas F1 Team,19,16,3,0.0,65,+1 LAP,Base Oficial Ergast Motor Racing Database / TracingInsights RaceData
2020,12,grosjean,Romain Grosjean,Haas F1 Team,18,17,1,0.0,65,+1 LAP,Base Oficial Ergast Motor Racing Database / TracingInsights RaceData
2020,12,latifi,Nicholas Latifi,Williams,20,18,2,0.0,64,+2 LAPS,Base Oficial Ergast Motor Racing Database / TracingInsights RaceData
2020,12,kvyat,Daniil Kvyat,AlphaTauri,13,19,-6,0.0,64,+2 LAPS,Base Oficial Ergast Motor Racing Database / TracingInsights RaceData
2020,12,stroll,Lance Stroll,Racing Point,12,20,-8,0.0,51,COLLISION DAMAGE,Base Oficial Ergast Motor Racing Database / TracingInsights RaceData
2020,13,hamilton,Lewis Hamilton,Mercedes,2,1,1,26.0,63,FINISHED,Base Oficial Ergast Motor Racing Database / TracingInsights RaceData
2020,13,bottas,Valtteri Bottas,Mercedes,1,2,-1,18.0,63,FINISHED,Base Oficial Ergast Motor Racing Database / TracingInsights RaceData
2020,13,ricciardo,Daniel Ricciardo,Renault,5,3,2,15.0,63,FINISHED,Base Oficial Ergast Motor Racing Database / TracingInsights RaceData
2020,13,kvyat,Daniil Kvyat,AlphaTauri,8,4,4,12.0,63,FINISHED,Base Oficial Ergast Motor Racing Database / TracingInsights RaceData
2020,13,leclerc,Charles Leclerc,Ferrari,7,5,2,10.0,63,FINISHED,Base Oficial Ergast Motor Racing Database / TracingInsights RaceData
2020,13,perez,Sergio Perez,Racing Point,11,6,5,8.0,63,FINISHED,Base Oficial Ergast Motor Racing Database / TracingInsights RaceData
2020,13,sainz,Carlos Sainz,McLaren,10,7,3,6.0,63,FINISHED,Base Oficial Ergast Motor Racing Database / TracingInsights RaceData
2020,13,norris,Lando Norris,McLaren,9,8,1,4.0,63,FINISHED,Base Oficial Ergast Motor Racing Database / TracingInsights RaceData
2020,13,raikkonen,Kimi Raikkonen,Alfa Romeo,18,9,9,2.0,63,FINISHED,Base Oficial Ergast Motor Racing Database / TracingInsights RaceData
2020,13,giovinazzi,Antonio Giovinazzi,Alfa Romeo,20,10,10,1.0,63,FINISHED,Base Oficial Ergast Motor Racing Database / TracingInsights RaceData
2020,13,latifi,Nicholas Latifi,Williams,19,11,8,0.0,63,FINISHED,Base Oficial Ergast Motor Racing Database / TracingInsights RaceData
2020,13,vettel,Sebastian Vettel,Ferrari,14,12,2,0.0,63,FINISHED,Base Oficial Ergast Motor Racing Database / TracingInsights RaceData
2020,13,stroll,Lance Stroll,Racing Point,15,13,2,0.0,63,FINISHED,Base Oficial Ergast Motor Racing Database / TracingInsights RaceData
2020,13,grosjean,Romain Grosjean,Haas F1 Team,16,14,2,0.0,63,FINISHED,Base Oficial Ergast Motor Racing Database / TracingInsights RaceData
2020,13,albon,Alexander Albon,Red Bull,6,15,-9,0.0,63,FINISHED,Base Oficial Ergast Motor Racing Database / TracingInsights RaceData
2020,13,russell,George Russell,Williams,13,16,-3,0.0,51,ACCIDENT,Base Oficial Ergast Motor Racing Database / TracingInsights RaceData
2020,13,max_verstappen,Max Verstappen,Red Bull,3,17,-14,0.0,50,PUNCTURE,Base Oficial Ergast Motor Racing Database / TracingInsights RaceData
2020,13,kevin_magnussen,Kevin Magnussen,Haas F1 Team,17,18,-1,0.0,47,ILLNESS,Base Oficial Ergast Motor Racing Database / TracingInsights RaceData
2020,13,ocon,Esteban Ocon,Renault,12,19,-7,0.0,27,GEARBOX,Base Oficial Ergast Motor Racing Database / TracingInsights RaceData
2020,13,gasly,Pierre Gasly,AlphaTauri,4,20,-16,0.0,8,WATER PRESSURE,Base Oficial Ergast Motor Racing Database / TracingInsights RaceData
2020,14,hamilton,Lewis Hamilton,Mercedes,6,1,5,25.0,58,FINISHED,Base Oficial Ergast Motor Racing Database / TracingInsights RaceData
2020,14,perez,Sergio Perez,Racing Point,3,2,1,18.0,58,FINISHED,Base Oficial Ergast Motor Racing Database / TracingInsights RaceData
2020,14,vettel,Sebastian Vettel,Ferrari,11,3,8,15.0,58,FINISHED,Base Oficial Ergast Motor Racing Database / TracingInsights RaceData
2020,14,leclerc,Charles Leclerc,Ferrari,12,4,8,12.0,58,FINISHED,Base Oficial Ergast Motor Racing Database / TracingInsights RaceData
2020,14,sainz,Carlos Sainz,McLaren,15,5,10,10.0,58,FINISHED,Base Oficial Ergast Motor Racing Database / TracingInsights RaceData
2020,14,max_verstappen,Max Verstappen,Red Bull,2,6,-4,8.0,58,FINISHED,Base Oficial Ergast Motor Racing Database / TracingInsights RaceData
2020,14,albon,Alexander Albon,Red Bull,4,7,-3,6.0,58,FINISHED,Base Oficial Ergast Motor Racing Database / TracingInsights RaceData
2020,14,norris,Lando Norris,McLaren,14,8,6,5.0,58,FINISHED,Base Oficial Ergast Motor Racing Database / TracingInsights RaceData
2020,14,stroll,Lance Stroll,Racing Point,1,9,-8,2.0,58,FINISHED,Base Oficial Ergast Motor Racing Database / TracingInsights RaceData
2020,14,ricciardo,Daniel Ricciardo,Renault,5,10,-5,1.0,58,FINISHED,Base Oficial Ergast Motor Racing Database / TracingInsights RaceData
2020,14,ocon,Esteban Ocon,Renault,7,11,-4,0.0,57,+1 LAP,Base Oficial Ergast Motor Racing Database / TracingInsights RaceData
2020,14,kvyat,Daniil Kvyat,AlphaTauri,16,12,4,0.0,57,+1 LAP,Base Oficial Ergast Motor Racing Database / TracingInsights RaceData
2020,14,gasly,Pierre Gasly,AlphaTauri,19,13,6,0.0,57,+1 LAP,Base Oficial Ergast Motor Racing Database / TracingInsights RaceData
2020,14,bottas,Valtteri Bottas,Mercedes,9,14,-5,0.0,57,+1 LAP,Base Oficial Ergast Motor Racing Database / TracingInsights RaceData
2020,14,raikkonen,Kimi Raikkonen,Alfa Romeo,8,15,-7,0.0,57,+1 LAP,Base Oficial Ergast Motor Racing Database / TracingInsights RaceData
2020,14,russell,George Russell,Williams,20,16,4,0.0,57,+1 LAP,Base Oficial Ergast Motor Racing Database / TracingInsights RaceData
2020,14,kevin_magnussen,Kevin Magnussen,Haas F1 Team,13,17,-4,0.0,55,WITHDREW,Base Oficial Ergast Motor Racing Database / TracingInsights RaceData
2020,14,grosjean,Romain Grosjean,Haas F1 Team,17,18,-1,0.0,49,COLLISION DAMAGE,Base Oficial Ergast Motor Racing Database / TracingInsights RaceData
2020,14,latifi,Nicholas Latifi,Williams,20,19,1,0.0,39,COLLISION DAMAGE,Base Oficial Ergast Motor Racing Database / TracingInsights RaceData
2020,14,giovinazzi,Antonio Giovinazzi,Alfa Romeo,10,20,-10,0.0,11,GEARBOX,Base Oficial Ergast Motor Racing Database / TracingInsights RaceData
2020,15,hamilton,Lewis Hamilton,Mercedes,1,1,0,25.0,57,FINISHED,Base Oficial Ergast Motor Racing Database / TracingInsights RaceData
2020,15,max_verstappen,Max Verstappen,Red Bull,3,2,1,19.0,57,FINISHED,Base Oficial Ergast Motor Racing Database / TracingInsights RaceData
2020,15,albon,Alexander Albon,Red Bull,4,3,1,15.0,57,FINISHED,Base Oficial Ergast Motor Racing Database / TracingInsights RaceData
2020,15,norris,Lando Norris,McLaren,9,4,5,12.0,57,FINISHED,Base Oficial Ergast Motor Racing Database / TracingInsights RaceData
2020,15,sainz,Carlos Sainz,McLaren,15,5,10,10.0,57,FINISHED,Base Oficial Ergast Motor Racing Database / TracingInsights RaceData
2020,15,gasly,Pierre Gasly,AlphaTauri,8,6,2,8.0,57,FINISHED,Base Oficial Ergast Motor Racing Database / TracingInsights RaceData
2020,15,ricciardo,Daniel Ricciardo,Renault,6,7,-1,6.0,57,FINISHED,Base Oficial Ergast Motor Racing Database / TracingInsights RaceData
2020,15,bottas,Valtteri Bottas,Mercedes,2,8,-6,4.0,57,FINISHED,Base Oficial Ergast Motor Racing Database / TracingInsights RaceData
2020,15,ocon,Esteban Ocon,Renault,7,9,-2,2.0,57,FINISHED,Base Oficial Ergast Motor Racing Database / TracingInsights RaceData
2020,15,leclerc,Charles Leclerc,Ferrari,12,10,2,1.0,56,+1 LAP,Base Oficial Ergast Motor Racing Database / TracingInsights RaceData
2020,15,kvyat,Daniil Kvyat,AlphaTauri,10,11,-1,0.0,56,+1 LAP,Base Oficial Ergast Motor Racing Database / TracingInsights RaceData
2020,15,russell,George Russell,Williams,14,12,2,0.0,56,+1 LAP,Base Oficial Ergast Motor Racing Database / TracingInsights RaceData
2020,15,vettel,Sebastian Vettel,Ferrari,11,13,-2,0.0,56,+1 LAP,Base Oficial Ergast Motor Racing Database / TracingInsights RaceData
2020,15,latifi,Nicholas Latifi,Williams,20,14,6,0.0,56,+1 LAP,Base Oficial Ergast Motor Racing Database / TracingInsights RaceData
2020,15,raikkonen,Kimi Raikkonen,Alfa Romeo,17,15,2,0.0,56,+1 LAP,Base Oficial Ergast Motor Racing Database / TracingInsights RaceData
2020,15,giovinazzi,Antonio Giovinazzi,Alfa Romeo,16,16,0,0.0,56,+1 LAP,Base Oficial Ergast Motor Racing Database / TracingInsights RaceData
2020,15,kevin_magnussen,Kevin Magnussen,Haas F1 Team,18,17,1,0.0,56,+1 LAP,Base Oficial Ergast Motor Racing Database / TracingInsights RaceData
2020,15,perez,Sergio Perez,Racing Point,5,18,-13,0.0,53,ENGINE,Base Oficial Ergast Motor Racing Database / TracingInsights RaceData
2020,15,stroll,Lance Stroll,Racing Point,13,19,-6,0.0,2,COLLISION,Base Oficial Ergast Motor Racing Database / TracingInsights RaceData
2020,15,grosjean,Romain Grosjean,Haas F1 Team,19,20,-1,0.0,0,COLLISION,Base Oficial Ergast Motor Racing Database / TracingInsights RaceData
2020,16,perez,Sergio Perez,Racing Point,5,1,4,25.0,87,FINISHED,Base Oficial Ergast Motor Racing Database / TracingInsights RaceData
2020,16,ocon,Esteban Ocon,Renault,11,2,9,18.0,87,FINISHED,Base Oficial Ergast Motor Racing Database / TracingInsights RaceData
2020,16,stroll,Lance Stroll,Racing Point,10,3,7,15.0,87,FINISHED,Base Oficial Ergast Motor Racing Database / TracingInsights RaceData
2020,16,sainz,Carlos Sainz,McLaren,8,4,4,12.0,87,FINISHED,Base Oficial Ergast Motor Racing Database / TracingInsights RaceData
2020,16,ricciardo,Daniel Ricciardo,Renault,7,5,2,10.0,87,FINISHED,Base Oficial Ergast Motor Racing Database / TracingInsights RaceData
2020,16,albon,Alexander Albon,Red Bull,12,6,6,8.0,87,FINISHED,Base Oficial Ergast Motor Racing Database / TracingInsights RaceData
2020,16,kvyat,Daniil Kvyat,AlphaTauri,6,7,-1,6.0,87,FINISHED,Base Oficial Ergast Motor Racing Database / TracingInsights RaceData
2020,16,bottas,Valtteri Bottas,Mercedes,1,8,-7,4.0,87,FINISHED,Base Oficial Ergast Motor Racing Database / TracingInsights RaceData
2020,16,russell,George Russell,Mercedes,2,9,-7,3.0,87,FINISHED,Base Oficial Ergast Motor Racing Database / TracingInsights RaceData
2020,16,norris,Lando Norris,McLaren,19,10,9,1.0,87,FINISHED,Base Oficial Ergast Motor Racing Database / TracingInsights RaceData
2020,16,gasly,Pierre Gasly,AlphaTauri,9,11,-2,0.0,87,FINISHED,Base Oficial Ergast Motor Racing Database / TracingInsights RaceData
2020,16,vettel,Sebastian Vettel,Ferrari,13,12,1,0.0,87,FINISHED,Base Oficial Ergast Motor Racing Database / TracingInsights RaceData
2020,16,giovinazzi,Antonio Giovinazzi,Alfa Romeo,14,13,1,0.0,87,FINISHED,Base Oficial Ergast Motor Racing Database / TracingInsights RaceData
2020,16,raikkonen,Kimi Raikkonen,Alfa Romeo,18,14,4,0.0,87,FINISHED,Base Oficial Ergast Motor Racing Database / TracingInsights RaceData
2020,16,kevin_magnussen,Kevin Magnussen,Haas F1 Team,15,15,0,0.0,87,FINISHED,Base Oficial Ergast Motor Racing Database / TracingInsights RaceData
2020,16,aitken,Jack Aitken,Williams,17,16,1,0.0,87,FINISHED,Base Oficial Ergast Motor Racing Database / TracingInsights RaceData
2020,16,pietro_fittipaldi,Pietro Fittipaldi,Haas F1 Team,20,17,3,0.0,87,FINISHED,Base Oficial Ergast Motor Racing Database / TracingInsights RaceData
2020,16,latifi,Nicholas Latifi,Williams,16,18,-2,0.0,52,ENGINE,Base Oficial Ergast Motor Racing Database / TracingInsights RaceData
2020,16,max_verstappen,Max Verstappen,Red Bull,3,19,-16,0.0,0,ACCIDENT,Base Oficial Ergast Motor Racing Database / TracingInsights RaceData
2020,16,leclerc,Charles Leclerc,Ferrari,4,20,-16,0.0,0,COLLISION,Base Oficial Ergast Motor Racing Database / TracingInsights RaceData
2020,17,max_verstappen,Max Verstappen,Red Bull,1,1,0,25.0,55,FINISHED,Base Oficial Ergast Motor Racing Database / TracingInsights RaceData
2020,17,bottas,Valtteri Bottas,Mercedes,2,2,0,18.0,55,FINISHED,Base Oficial Ergast Motor Racing Database / TracingInsights RaceData
2020,17,hamilton,Lewis Hamilton,Mercedes,3,3,0,15.0,55,FINISHED,Base Oficial Ergast Motor Racing Database / TracingInsights RaceData
2020,17,albon,Alexander Albon,Red Bull,5,4,1,12.0,55,FINISHED,Base Oficial Ergast Motor Racing Database / TracingInsights RaceData
2020,17,norris,Lando Norris,McLaren,4,5,-1,10.0,55,FINISHED,Base Oficial Ergast Motor Racing Database / TracingInsights RaceData
2020,17,sainz,Carlos Sainz,McLaren,6,6,0,8.0,55,FINISHED,Base Oficial Ergast Motor Racing Database / TracingInsights RaceData
2020,17,ricciardo,Daniel Ricciardo,Renault,11,7,4,7.0,55,FINISHED,Base Oficial Ergast Motor Racing Database / TracingInsights RaceData
2020,17,gasly,Pierre Gasly,AlphaTauri,9,8,1,4.0,55,FINISHED,Base Oficial Ergast Motor Racing Database / TracingInsights RaceData
2020,17,ocon,Esteban Ocon,Renault,10,9,1,2.0,55,FINISHED,Base Oficial Ergast Motor Racing Database / TracingInsights RaceData
2020,17,stroll,Lance Stroll,Racing Point,8,10,-2,1.0,55,FINISHED,Base Oficial Ergast Motor Racing Database / TracingInsights RaceData
2020,17,kvyat,Daniil Kvyat,AlphaTauri,7,11,-4,0.0,54,+1 LAP,Base Oficial Ergast Motor Racing Database / TracingInsights RaceData
2020,17,raikkonen,Kimi Raikkonen,Alfa Romeo,15,12,3,0.0,54,+1 LAP,Base Oficial Ergast Motor Racing Database / TracingInsights RaceData
2020,17,leclerc,Charles Leclerc,Ferrari,12,13,-1,0.0,54,+1 LAP,Base Oficial Ergast Motor Racing Database / TracingInsights RaceData
2020,17,vettel,Sebastian Vettel,Ferrari,13,14,-1,0.0,54,+1 LAP,Base Oficial Ergast Motor Racing Database / TracingInsights RaceData
2020,17,russell,George Russell,Williams,16,15,1,0.0,54,+1 LAP,Base Oficial Ergast Motor Racing Database / TracingInsights RaceData
2020,17,giovinazzi,Antonio Giovinazzi,Alfa Romeo,14,16,-2,0.0,54,+1 LAP,Base Oficial Ergast Motor Racing Database / TracingInsights RaceData
2020,17,latifi,Nicholas Latifi,Williams,18,17,1,0.0,54,+1 LAP,Base Oficial Ergast Motor Racing Database / TracingInsights RaceData
2020,17,kevin_magnussen,Kevin Magnussen,Haas F1 Team,20,18,2,0.0,54,+1 LAP,Base Oficial Ergast Motor Racing Database / TracingInsights RaceData
2020,17,pietro_fittipaldi,Pietro Fittipaldi,Haas F1 Team,17,19,-2,0.0,53,+2 LAPS,Base Oficial Ergast Motor Racing Database / TracingInsights RaceData
2020,17,perez,Sergio Perez,Racing Point,19,20,-1,0.0,8,TRANSMISSION,Base Oficial Ergast Motor Racing Database / TracingInsights RaceData
2021,1,hamilton,Lewis Hamilton,Mercedes,2,1,1,25.0,56,FINISHED,Base Oficial Ergast Motor Racing Database / TracingInsights RaceData
2021,1,max_verstappen,Max Verstappen,Red Bull,1,2,-1,18.0,56,FINISHED,Base Oficial Ergast Motor Racing Database / TracingInsights RaceData
2021,1,bottas,Valtteri Bottas,Mercedes,3,3,0,16.0,56,FINISHED,Base Oficial Ergast Motor Racing Database / TracingInsights RaceData
2021,1,norris,Lando Norris,McLaren,7,4,3,12.0,56,FINISHED,Base Oficial Ergast Motor Racing Database / TracingInsights RaceData
2021,1,perez,Sergio Perez,Red Bull,20,5,15,10.0,56,FINISHED,Base Oficial Ergast Motor Racing Database / TracingInsights RaceData
2021,1,leclerc,Charles Leclerc,Ferrari,4,6,-2,8.0,56,FINISHED,Base Oficial Ergast Motor Racing Database / TracingInsights RaceData
2021,1,ricciardo,Daniel Ricciardo,McLaren,6,7,-1,6.0,56,FINISHED,Base Oficial Ergast Motor Racing Database / TracingInsights RaceData
2021,1,sainz,Carlos Sainz,Ferrari,8,8,0,4.0,56,FINISHED,Base Oficial Ergast Motor Racing Database / TracingInsights RaceData
2021,1,tsunoda,Yuki Tsunoda,AlphaTauri,13,9,4,2.0,56,FINISHED,Base Oficial Ergast Motor Racing Database / TracingInsights RaceData
2021,1,stroll,Lance Stroll,Aston Martin,10,10,0,1.0,56,FINISHED,Base Oficial Ergast Motor Racing Database / TracingInsights RaceData
2021,1,raikkonen,Kimi Raikkonen,Alfa Romeo,14,11,3,0.0,56,FINISHED,Base Oficial Ergast Motor Racing Database / TracingInsights RaceData
2021,1,giovinazzi,Antonio Giovinazzi,Alfa Romeo,12,12,0,0.0,55,+1 LAP,Base Oficial Ergast Motor Racing Database / TracingInsights RaceData
2021,1,ocon,Esteban Ocon,Alpine F1 Team,16,13,3,0.0,55,+1 LAP,Base Oficial Ergast Motor Racing Database / TracingInsights RaceData
2021,1,russell,George Russell,Williams,15,14,1,0.0,55,+1 LAP,Base Oficial Ergast Motor Racing Database / TracingInsights RaceData
2021,1,vettel,Sebastian Vettel,Aston Martin,20,15,5,0.0,55,+1 LAP,Base Oficial Ergast Motor Racing Database / TracingInsights RaceData
2021,1,mick_schumacher,Mick Schumacher,Haas F1 Team,18,16,2,0.0,55,+1 LAP,Base Oficial Ergast Motor Racing Database / TracingInsights RaceData
2021,1,gasly,Pierre Gasly,AlphaTauri,5,17,-12,0.0,52,RETIRED,Base Oficial Ergast Motor Racing Database / TracingInsights RaceData
2021,1,latifi,Nicholas Latifi,Williams,17,18,-1,0.0,51,RETIRED,Base Oficial Ergast Motor Racing Database / TracingInsights RaceData
2021,1,alonso,Fernando Alonso,Alpine F1 Team,9,19,-10,0.0,32,BRAKES,Base Oficial Ergast Motor Racing Database / TracingInsights RaceData
2021,1,mazepin,Nikita Mazepin,Haas F1 Team,19,20,-1,0.0,0,ACCIDENT,Base Oficial Ergast Motor Racing Database / TracingInsights RaceData
2021,2,max_verstappen,Max Verstappen,Red Bull,3,1,2,25.0,63,FINISHED,Base Oficial Ergast Motor Racing Database / TracingInsights RaceData
2021,2,hamilton,Lewis Hamilton,Mercedes,1,2,-1,19.0,63,FINISHED,Base Oficial Ergast Motor Racing Database / TracingInsights RaceData
2021,2,norris,Lando Norris,McLaren,7,3,4,15.0,63,FINISHED,Base Oficial Ergast Motor Racing Database / TracingInsights RaceData
2021,2,leclerc,Charles Leclerc,Ferrari,4,4,0,12.0,63,FINISHED,Base Oficial Ergast Motor Racing Database / TracingInsights RaceData
2021,2,sainz,Carlos Sainz,Ferrari,11,5,6,10.0,63,FINISHED,Base Oficial Ergast Motor Racing Database / TracingInsights RaceData
2021,2,ricciardo,Daniel Ricciardo,McLaren,6,6,0,8.0,63,FINISHED,Base Oficial Ergast Motor Racing Database / TracingInsights RaceData
2021,2,gasly,Pierre Gasly,AlphaTauri,5,7,-2,6.0,63,FINISHED,Base Oficial Ergast Motor Racing Database / TracingInsights RaceData
2021,2,stroll,Lance Stroll,Aston Martin,10,8,2,4.0,63,FINISHED,Base Oficial Ergast Motor Racing Database / TracingInsights RaceData
2021,2,ocon,Esteban Ocon,Alpine F1 Team,9,9,0,2.0,63,FINISHED,Base Oficial Ergast Motor Racing Database / TracingInsights RaceData
2021,2,alonso,Fernando Alonso,Alpine F1 Team,15,10,5,1.0,63,FINISHED,Base Oficial Ergast Motor Racing Database / TracingInsights RaceData
2021,2,perez,Sergio Perez,Red Bull,2,11,-9,0.0,63,FINISHED,Base Oficial Ergast Motor Racing Database / TracingInsights RaceData
2021,2,tsunoda,Yuki Tsunoda,AlphaTauri,20,12,8,0.0,63,FINISHED,Base Oficial Ergast Motor Racing Database / TracingInsights RaceData
2021,2,raikkonen,Kimi Raikkonen,Alfa Romeo,16,13,3,0.0,63,FINISHED,Base Oficial Ergast Motor Racing Database / TracingInsights RaceData
2021,2,giovinazzi,Antonio Giovinazzi,Alfa Romeo,17,14,3,0.0,62,+1 LAP,Base Oficial Ergast Motor Racing Database / TracingInsights RaceData
2021,2,vettel,Sebastian Vettel,Aston Martin,20,15,5,0.0,61,GEARBOX,Base Oficial Ergast Motor Racing Database / TracingInsights RaceData
2021,2,mick_schumacher,Mick Schumacher,Haas F1 Team,18,16,2,0.0,61,+2 LAPS,Base Oficial Ergast Motor Racing Database / TracingInsights RaceData
2021,2,mazepin,Nikita Mazepin,Haas F1 Team,19,17,2,0.0,61,+2 LAPS,Base Oficial Ergast Motor Racing Database / TracingInsights RaceData
2021,2,bottas,Valtteri Bottas,Mercedes,8,18,-10,0.0,30,COLLISION,Base Oficial Ergast Motor Racing Database / TracingInsights RaceData
2021,2,russell,George Russell,Williams,12,19,-7,0.0,30,COLLISION,Base Oficial Ergast Motor Racing Database / TracingInsights RaceData
2021,2,latifi,Nicholas Latifi,Williams,14,20,-6,0.0,0,COLLISION,Base Oficial Ergast Motor Racing Database / TracingInsights RaceData
2021,3,hamilton,Lewis Hamilton,Mercedes,2,1,1,25.0,66,FINISHED,Base Oficial Ergast Motor Racing Database / TracingInsights RaceData
2021,3,max_verstappen,Max Verstappen,Red Bull,3,2,1,18.0,66,FINISHED,Base Oficial Ergast Motor Racing Database / TracingInsights RaceData
2021,3,bottas,Valtteri Bottas,Mercedes,1,3,-2,16.0,66,FINISHED,Base Oficial Ergast Motor Racing Database / TracingInsights RaceData
2021,3,perez,Sergio Perez,Red Bull,4,4,0,12.0,66,FINISHED,Base Oficial Ergast Motor Racing Database / TracingInsights RaceData
2021,3,norris,Lando Norris,McLaren,7,5,2,10.0,66,FINISHED,Base Oficial Ergast Motor Racing Database / TracingInsights RaceData
2021,3,leclerc,Charles Leclerc,Ferrari,8,6,2,8.0,66,FINISHED,Base Oficial Ergast Motor Racing Database / TracingInsights RaceData
2021,3,ocon,Esteban Ocon,Alpine F1 Team,6,7,-1,6.0,66,FINISHED,Base Oficial Ergast Motor Racing Database / TracingInsights RaceData
2021,3,alonso,Fernando Alonso,Alpine F1 Team,13,8,5,4.0,66,FINISHED,Base Oficial Ergast Motor Racing Database / TracingInsights RaceData
2021,3,ricciardo,Daniel Ricciardo,McLaren,16,9,7,2.0,66,FINISHED,Base Oficial Ergast Motor Racing Database / TracingInsights RaceData
2021,3,gasly,Pierre Gasly,AlphaTauri,9,10,-1,1.0,66,FINISHED,Base Oficial Ergast Motor Racing Database / TracingInsights RaceData
2021,3,sainz,Carlos Sainz,Ferrari,5,11,-6,0.0,66,FINISHED,Base Oficial Ergast Motor Racing Database / TracingInsights RaceData
2021,3,giovinazzi,Antonio Giovinazzi,Alfa Romeo,12,12,0,0.0,65,+1 LAP,Base Oficial Ergast Motor Racing Database / TracingInsights RaceData
2021,3,vettel,Sebastian Vettel,Aston Martin,10,13,-3,0.0,65,+1 LAP,Base Oficial Ergast Motor Racing Database / TracingInsights RaceData
2021,3,stroll,Lance Stroll,Aston Martin,17,14,3,0.0,65,+1 LAP,Base Oficial Ergast Motor Racing Database / TracingInsights RaceData
2021,3,tsunoda,Yuki Tsunoda,AlphaTauri,14,15,-1,0.0,65,+1 LAP,Base Oficial Ergast Motor Racing Database / TracingInsights RaceData
2021,3,russell,George Russell,Williams,11,16,-5,0.0,65,+1 LAP,Base Oficial Ergast Motor Racing Database / TracingInsights RaceData
2021,3,mick_schumacher,Mick Schumacher,Haas F1 Team,19,17,2,0.0,64,+2 LAPS,Base Oficial Ergast Motor Racing Database / TracingInsights RaceData
2021,3,latifi,Nicholas Latifi,Williams,18,18,0,0.0,64,+2 LAPS,Base Oficial Ergast Motor Racing Database / TracingInsights RaceData
2021,3,mazepin,Nikita Mazepin,Haas F1 Team,20,19,1,0.0,64,+2 LAPS,Base Oficial Ergast Motor Racing Database / TracingInsights RaceData
2021,3,raikkonen,Kimi Raikkonen,Alfa Romeo,15,20,-5,0.0,1,COLLISION DAMAGE,Base Oficial Ergast Motor Racing Database / TracingInsights RaceData
2021,4,hamilton,Lewis Hamilton,Mercedes,1,1,0,25.0,66,FINISHED,Base Oficial Ergast Motor Racing Database / TracingInsights RaceData
2021,4,max_verstappen,Max Verstappen,Red Bull,2,2,0,19.0,66,FINISHED,Base Oficial Ergast Motor Racing Database / TracingInsights RaceData
2021,4,bottas,Valtteri Bottas,Mercedes,3,3,0,15.0,66,FINISHED,Base Oficial Ergast Motor Racing Database / TracingInsights RaceData
2021,4,leclerc,Charles Leclerc,Ferrari,4,4,0,12.0,66,FINISHED,Base Oficial Ergast Motor Racing Database / TracingInsights RaceData
2021,4,perez,Sergio Perez,Red Bull,8,5,3,10.0,66,FINISHED,Base Oficial Ergast Motor Racing Database / TracingInsights RaceData
2021,4,ricciardo,Daniel Ricciardo,McLaren,7,6,1,8.0,66,FINISHED,Base Oficial Ergast Motor Racing Database / TracingInsights RaceData
2021,4,sainz,Carlos Sainz,Ferrari,6,7,-1,6.0,66,FINISHED,Base Oficial Ergast Motor Racing Database / TracingInsights RaceData
2021,4,norris,Lando Norris,McLaren,9,8,1,4.0,65,+1 LAP,Base Oficial Ergast Motor Racing Database / TracingInsights RaceData
2021,4,ocon,Esteban Ocon,Alpine F1 Team,5,9,-4,2.0,65,+1 LAP,Base Oficial Ergast Motor Racing Database / TracingInsights RaceData
2021,4,gasly,Pierre Gasly,AlphaTauri,12,10,2,1.0,65,+1 LAP,Base Oficial Ergast Motor Racing Database / TracingInsights RaceData
2021,4,stroll,Lance Stroll,Aston Martin,11,11,0,0.0,65,+1 LAP,Base Oficial Ergast Motor Racing Database / TracingInsights RaceData
2021,4,raikkonen,Kimi Raikkonen,Alfa Romeo,17,12,5,0.0,65,+1 LAP,Base Oficial Ergast Motor Racing Database / TracingInsights RaceData
2021,4,vettel,Sebastian Vettel,Aston Martin,13,13,0,0.0,65,+1 LAP,Base Oficial Ergast Motor Racing Database / TracingInsights RaceData
2021,4,russell,George Russell,Williams,15,14,1,0.0,65,+1 LAP,Base Oficial Ergast Motor Racing Database / TracingInsights RaceData
2021,4,giovinazzi,Antonio Giovinazzi,Alfa Romeo,14,15,-1,0.0,65,+1 LAP,Base Oficial Ergast Motor Racing Database / TracingInsights RaceData
2021,4,latifi,Nicholas Latifi,Williams,19,16,3,0.0,65,+1 LAP,Base Oficial Ergast Motor Racing Database / TracingInsights RaceData
2021,4,alonso,Fernando Alonso,Alpine F1 Team,10,17,-7,0.0,65,+1 LAP,Base Oficial Ergast Motor Racing Database / TracingInsights RaceData
2021,4,mick_schumacher,Mick Schumacher,Haas F1 Team,18,18,0,0.0,64,+2 LAPS,Base Oficial Ergast Motor Racing Database / TracingInsights RaceData
2021,4,mazepin,Nikita Mazepin,Haas F1 Team,20,19,1,0.0,64,+2 LAPS,Base Oficial Ergast Motor Racing Database / TracingInsights RaceData
2021,4,tsunoda,Yuki Tsunoda,AlphaTauri,16,20,-4,0.0,6,ELECTRICAL,Base Oficial Ergast Motor Racing Database / TracingInsights RaceData
2021,5,max_verstappen,Max Verstappen,Red Bull,2,1,1,25.0,78,FINISHED,Base Oficial Ergast Motor Racing Database / TracingInsights RaceData
2021,5,sainz,Carlos Sainz,Ferrari,4,2,2,18.0,78,FINISHED,Base Oficial Ergast Motor Racing Database / TracingInsights RaceData
2021,5,norris,Lando Norris,McLaren,5,3,2,15.0,78,FINISHED,Base Oficial Ergast Motor Racing Database / TracingInsights RaceData
2021,5,perez,Sergio Perez,Red Bull,9,4,5,12.0,78,FINISHED,Base Oficial Ergast Motor Racing Database / TracingInsights RaceData
2021,5,vettel,Sebastian Vettel,Aston Martin,8,5,3,10.0,78,FINISHED,Base Oficial Ergast Motor Racing Database / TracingInsights RaceData
2021,5,gasly,Pierre Gasly,AlphaTauri,6,6,0,8.0,78,FINISHED,Base Oficial Ergast Motor Racing Database / TracingInsights RaceData
2021,5,hamilton,Lewis Hamilton,Mercedes,7,7,0,7.0,78,FINISHED,Base Oficial Ergast Motor Racing Database / TracingInsights RaceData
2021,5,stroll,Lance Stroll,Aston Martin,13,8,5,4.0,77,+1 LAP,Base Oficial Ergast Motor Racing Database / TracingInsights RaceData
2021,5,ocon,Esteban Ocon,Alpine F1 Team,11,9,2,2.0,77,+1 LAP,Base Oficial Ergast Motor Racing Database / TracingInsights RaceData
2021,5,giovinazzi,Antonio Giovinazzi,Alfa Romeo,10,10,0,1.0,77,+1 LAP,Base Oficial Ergast Motor Racing Database / TracingInsights RaceData
2021,5,raikkonen,Kimi Raikkonen,Alfa Romeo,14,11,3,0.0,77,+1 LAP,Base Oficial Ergast Motor Racing Database / TracingInsights RaceData
2021,5,ricciardo,Daniel Ricciardo,McLaren,12,12,0,0.0,77,+1 LAP,Base Oficial Ergast Motor Racing Database / TracingInsights RaceData
2021,5,alonso,Fernando Alonso,Alpine F1 Team,17,13,4,0.0,77,+1 LAP,Base Oficial Ergast Motor Racing Database / TracingInsights RaceData
2021,5,russell,George Russell,Williams,15,14,1,0.0,77,+1 LAP,Base Oficial Ergast Motor Racing Database / TracingInsights RaceData
2021,5,latifi,Nicholas Latifi,Williams,18,15,3,0.0,77,+1 LAP,Base Oficial Ergast Motor Racing Database / TracingInsights RaceData
2021,5,tsunoda,Yuki Tsunoda,AlphaTauri,16,16,0,0.0,77,+1 LAP,Base Oficial Ergast Motor Racing Database / TracingInsights RaceData
2021,5,mazepin,Nikita Mazepin,Haas F1 Team,19,17,2,0.0,75,+3 LAPS,Base Oficial Ergast Motor Racing Database / TracingInsights RaceData
2021,5,mick_schumacher,Mick Schumacher,Haas F1 Team,20,18,2,0.0,75,+3 LAPS,Base Oficial Ergast Motor Racing Database / TracingInsights RaceData
2021,5,bottas,Valtteri Bottas,Mercedes,3,19,-16,0.0,29,WHEEL NUT,Base Oficial Ergast Motor Racing Database / TracingInsights RaceData
2021,5,leclerc,Charles Leclerc,Ferrari,1,20,-19,0.0,0,DRIVESHAFT,Base Oficial Ergast Motor Racing Database / TracingInsights RaceData
2021,6,perez,Sergio Perez,Red Bull,6,1,5,25.0,51,FINISHED,Base Oficial Ergast Motor Racing Database / TracingInsights RaceData
2021,6,vettel,Sebastian Vettel,Aston Martin,11,2,9,18.0,51,FINISHED,Base Oficial Ergast Motor Racing Database / TracingInsights RaceData
2021,6,gasly,Pierre Gasly,AlphaTauri,4,3,1,15.0,51,FINISHED,Base Oficial Ergast Motor Racing Database / TracingInsights RaceData
2021,6,leclerc,Charles Leclerc,Ferrari,1,4,-3,12.0,51,FINISHED,Base Oficial Ergast Motor Racing Database / TracingInsights RaceData
2021,6,norris,Lando Norris,McLaren,9,5,4,10.0,51,FINISHED,Base Oficial Ergast Motor Racing Database / TracingInsights RaceData
2021,6,alonso,Fernando Alonso,Alpine F1 Team,8,6,2,8.0,51,FINISHED,Base Oficial Ergast Motor Racing Database / TracingInsights RaceData
2021,6,tsunoda,Yuki Tsunoda,AlphaTauri,7,7,0,6.0,51,FINISHED,Base Oficial Ergast Motor Racing Database / TracingInsights RaceData
2021,6,sainz,Carlos Sainz,Ferrari,5,8,-3,4.0,51,FINISHED,Base Oficial Ergast Motor Racing Database / TracingInsights RaceData
2021,6,ricciardo,Daniel Ricciardo,McLaren,13,9,4,2.0,51,FINISHED,Base Oficial Ergast Motor Racing Database / TracingInsights RaceData
2021,6,raikkonen,Kimi Raikkonen,Alfa Romeo,14,10,4,1.0,51,FINISHED,Base Oficial Ergast Motor Racing Database / TracingInsights RaceData
2021,6,giovinazzi,Antonio Giovinazzi,Alfa Romeo,20,11,9,0.0,51,FINISHED,Base Oficial Ergast Motor Racing Database / TracingInsights RaceData
2021,6,bottas,Valtteri Bottas,Mercedes,10,12,-2,0.0,51,FINISHED,Base Oficial Ergast Motor Racing Database / TracingInsights RaceData
2021,6,mick_schumacher,Mick Schumacher,Haas F1 Team,17,13,4,0.0,51,FINISHED,Base Oficial Ergast Motor Racing Database / TracingInsights RaceData
2021,6,mazepin,Nikita Mazepin,Haas F1 Team,18,14,4,0.0,51,FINISHED,Base Oficial Ergast Motor Racing Database / TracingInsights RaceData
2021,6,hamilton,Lewis Hamilton,Mercedes,2,15,-13,0.0,51,FINISHED,Base Oficial Ergast Motor Racing Database / TracingInsights RaceData
2021,6,latifi,Nicholas Latifi,Williams,16,16,0,0.0,51,FINISHED,Base Oficial Ergast Motor Racing Database / TracingInsights RaceData
2021,6,russell,George Russell,Williams,15,17,-2,0.0,48,GEARBOX,Base Oficial Ergast Motor Racing Database / TracingInsights RaceData
2021,6,max_verstappen,Max Verstappen,Red Bull,3,18,-15,0.0,45,ACCIDENT,Base Oficial Ergast Motor Racing Database / TracingInsights RaceData
2021,6,stroll,Lance Stroll,Aston Martin,19,19,0,0.0,29,ACCIDENT,Base Oficial Ergast Motor Racing Database / TracingInsights RaceData
2021,6,ocon,Esteban Ocon,Alpine F1 Team,12,20,-8,0.0,3,TURBO,Base Oficial Ergast Motor Racing Database / TracingInsights RaceData
2021,7,max_verstappen,Max Verstappen,Red Bull,1,1,0,26.0,53,FINISHED,Base Oficial Ergast Motor Racing Database / TracingInsights RaceData
2021,7,hamilton,Lewis Hamilton,Mercedes,2,2,0,18.0,53,FINISHED,Base Oficial Ergast Motor Racing Database / TracingInsights RaceData
2021,7,perez,Sergio Perez,Red Bull,4,3,1,15.0,53,FINISHED,Base Oficial Ergast Motor Racing Database / TracingInsights RaceData
2021,7,bottas,Valtteri Bottas,Mercedes,3,4,-1,12.0,53,FINISHED,Base Oficial Ergast Motor Racing Database / TracingInsights RaceData
2021,7,norris,Lando Norris,McLaren,8,5,3,10.0,53,FINISHED,Base Oficial Ergast Motor Racing Database / TracingInsights RaceData
2021,7,ricciardo,Daniel Ricciardo,McLaren,10,6,4,8.0,53,FINISHED,Base Oficial Ergast Motor Racing Database / TracingInsights RaceData
2021,7,gasly,Pierre Gasly,AlphaTauri,6,7,-1,6.0,53,FINISHED,Base Oficial Ergast Motor Racing Database / TracingInsights RaceData
2021,7,alonso,Fernando Alonso,Alpine F1 Team,9,8,1,4.0,53,FINISHED,Base Oficial Ergast Motor Racing Database / TracingInsights RaceData
2021,7,vettel,Sebastian Vettel,Aston Martin,12,9,3,2.0,53,FINISHED,Base Oficial Ergast Motor Racing Database / TracingInsights RaceData
2021,7,stroll,Lance Stroll,Aston Martin,19,10,9,1.0,53,FINISHED,Base Oficial Ergast Motor Racing Database / TracingInsights RaceData
2021,7,sainz,Carlos Sainz,Ferrari,5,11,-6,0.0,53,FINISHED,Base Oficial Ergast Motor Racing Database / TracingInsights RaceData
2021,7,russell,George Russell,Williams,14,12,2,0.0,52,+1 LAP,Base Oficial Ergast Motor Racing Database / TracingInsights RaceData
2021,7,tsunoda,Yuki Tsunoda,AlphaTauri,20,13,7,0.0,52,+1 LAP,Base Oficial Ergast Motor Racing Database / TracingInsights RaceData
2021,7,ocon,Esteban Ocon,Alpine F1 Team,11,14,-3,0.0,52,+1 LAP,Base Oficial Ergast Motor Racing Database / TracingInsights RaceData
2021,7,giovinazzi,Antonio Giovinazzi,Alfa Romeo,13,15,-2,0.0,52,+1 LAP,Base Oficial Ergast Motor Racing Database / TracingInsights RaceData
2021,7,leclerc,Charles Leclerc,Ferrari,7,16,-9,0.0,52,+1 LAP,Base Oficial Ergast Motor Racing Database / TracingInsights RaceData
2021,7,raikkonen,Kimi Raikkonen,Alfa Romeo,17,17,0,0.0,52,+1 LAP,Base Oficial Ergast Motor Racing Database / TracingInsights RaceData
2021,7,latifi,Nicholas Latifi,Williams,16,18,-2,0.0,52,+1 LAP,Base Oficial Ergast Motor Racing Database / TracingInsights RaceData
2021,7,mick_schumacher,Mick Schumacher,Haas F1 Team,15,19,-4,0.0,52,+1 LAP,Base Oficial Ergast Motor Racing Database / TracingInsights RaceData
2021,7,mazepin,Nikita Mazepin,Haas F1 Team,18,20,-2,0.0,52,+1 LAP,Base Oficial Ergast Motor Racing Database / TracingInsights RaceData
2021,8,max_verstappen,Max Verstappen,Red Bull,1,1,0,25.0,71,FINISHED,Base Oficial Ergast Motor Racing Database / TracingInsights RaceData
2021,8,hamilton,Lewis Hamilton,Mercedes,2,2,0,19.0,71,FINISHED,Base Oficial Ergast Motor Racing Database / TracingInsights RaceData
2021,8,bottas,Valtteri Bottas,Mercedes,5,3,2,15.0,71,FINISHED,Base Oficial Ergast Motor Racing Database / TracingInsights RaceData
2021,8,perez,Sergio Perez,Red Bull,4,4,0,12.0,71,FINISHED,Base Oficial Ergast Motor Racing Database / TracingInsights RaceData
2021,8,norris,Lando Norris,McLaren,3,5,-2,10.0,70,+1 LAP,Base Oficial Ergast Motor Racing Database / TracingInsights RaceData
2021,8,sainz,Carlos Sainz,Ferrari,12,6,6,8.0,70,+1 LAP,Base Oficial Ergast Motor Racing Database / TracingInsights RaceData
2021,8,leclerc,Charles Leclerc,Ferrari,7,7,0,6.0,70,+1 LAP,Base Oficial Ergast Motor Racing Database / TracingInsights RaceData
2021,8,stroll,Lance Stroll,Aston Martin,9,8,1,4.0,70,+1 LAP,Base Oficial Ergast Motor Racing Database / TracingInsights RaceData
2021,8,alonso,Fernando Alonso,Alpine F1 Team,8,9,-1,2.0,70,+1 LAP,Base Oficial Ergast Motor Racing Database / TracingInsights RaceData
2021,8,tsunoda,Yuki Tsunoda,AlphaTauri,11,10,1,1.0,70,+1 LAP,Base Oficial Ergast Motor Racing Database / TracingInsights RaceData
2021,8,raikkonen,Kimi Raikkonen,Alfa Romeo,18,11,7,0.0,70,+1 LAP,Base Oficial Ergast Motor Racing Database / TracingInsights RaceData
2021,8,vettel,Sebastian Vettel,Aston Martin,14,12,2,0.0,70,+1 LAP,Base Oficial Ergast Motor Racing Database / TracingInsights RaceData
2021,8,ricciardo,Daniel Ricciardo,McLaren,13,13,0,0.0,70,+1 LAP,Base Oficial Ergast Motor Racing Database / TracingInsights RaceData
2021,8,ocon,Esteban Ocon,Alpine F1 Team,17,14,3,0.0,70,+1 LAP,Base Oficial Ergast Motor Racing Database / TracingInsights RaceData
2021,8,giovinazzi,Antonio Giovinazzi,Alfa Romeo,15,15,0,0.0,70,+1 LAP,Base Oficial Ergast Motor Racing Database / TracingInsights RaceData
2021,8,mick_schumacher,Mick Schumacher,Haas F1 Team,19,16,3,0.0,69,+2 LAPS,Base Oficial Ergast Motor Racing Database / TracingInsights RaceData
2021,8,latifi,Nicholas Latifi,Williams,16,17,-1,0.0,68,+3 LAPS,Base Oficial Ergast Motor Racing Database / TracingInsights RaceData
2021,8,mazepin,Nikita Mazepin,Haas F1 Team,20,18,2,0.0,68,+3 LAPS,Base Oficial Ergast Motor Racing Database / TracingInsights RaceData
2021,8,russell,George Russell,Williams,10,19,-9,0.0,36,ENGINE,Base Oficial Ergast Motor Racing Database / TracingInsights RaceData
2021,8,gasly,Pierre Gasly,AlphaTauri,6,20,-14,0.0,1,COLLISION,Base Oficial Ergast Motor Racing Database / TracingInsights RaceData
2021,9,max_verstappen,Max Verstappen,Red Bull,1,1,0,26.0,71,FINISHED,Base Oficial Ergast Motor Racing Database / TracingInsights RaceData
2021,9,bottas,Valtteri Bottas,Mercedes,5,2,3,18.0,71,FINISHED,Base Oficial Ergast Motor Racing Database / TracingInsights RaceData
2021,9,norris,Lando Norris,McLaren,2,3,-1,15.0,71,FINISHED,Base Oficial Ergast Motor Racing Database / TracingInsights RaceData
2021,9,hamilton,Lewis Hamilton,Mercedes,4,4,0,12.0,71,FINISHED,Base Oficial Ergast Motor Racing Database / TracingInsights RaceData
2021,9,sainz,Carlos Sainz,Ferrari,10,5,5,10.0,71,FINISHED,Base Oficial Ergast Motor Racing Database / TracingInsights RaceData
2021,9,perez,Sergio Perez,Red Bull,3,6,-3,8.0,71,FINISHED,Base Oficial Ergast Motor Racing Database / TracingInsights RaceData
2021,9,ricciardo,Daniel Ricciardo,McLaren,13,7,6,6.0,71,FINISHED,Base Oficial Ergast Motor Racing Database / TracingInsights RaceData
2021,9,leclerc,Charles Leclerc,Ferrari,12,8,4,4.0,71,FINISHED,Base Oficial Ergast Motor Racing Database / TracingInsights RaceData
2021,9,gasly,Pierre Gasly,AlphaTauri,6,9,-3,2.0,71,FINISHED,Base Oficial Ergast Motor Racing Database / TracingInsights RaceData
2021,9,alonso,Fernando Alonso,Alpine F1 Team,14,10,4,1.0,70,+1 LAP,Base Oficial Ergast Motor Racing Database / TracingInsights RaceData
2021,9,russell,George Russell,Williams,8,11,-3,0.0,70,+1 LAP,Base Oficial Ergast Motor Racing Database / TracingInsights RaceData
2021,9,tsunoda,Yuki Tsunoda,AlphaTauri,7,12,-5,0.0,70,+1 LAP,Base Oficial Ergast Motor Racing Database / TracingInsights RaceData
2021,9,stroll,Lance Stroll,Aston Martin,9,13,-4,0.0,70,+1 LAP,Base Oficial Ergast Motor Racing Database / TracingInsights RaceData
2021,9,giovinazzi,Antonio Giovinazzi,Alfa Romeo,15,14,1,0.0,70,+1 LAP,Base Oficial Ergast Motor Racing Database / TracingInsights RaceData
2021,9,raikkonen,Kimi Raikkonen,Alfa Romeo,16,15,1,0.0,70,+1 LAP,Base Oficial Ergast Motor Racing Database / TracingInsights RaceData
2021,9,latifi,Nicholas Latifi,Williams,18,16,2,0.0,70,+1 LAP,Base Oficial Ergast Motor Racing Database / TracingInsights RaceData
2021,9,vettel,Sebastian Vettel,Aston Martin,11,17,-6,0.0,69,COLLISION,Base Oficial Ergast Motor Racing Database / TracingInsights RaceData
2021,9,mick_schumacher,Mick Schumacher,Haas F1 Team,19,18,1,0.0,69,+2 LAPS,Base Oficial Ergast Motor Racing Database / TracingInsights RaceData
2021,9,mazepin,Nikita Mazepin,Haas F1 Team,20,19,1,0.0,69,+2 LAPS,Base Oficial Ergast Motor Racing Database / TracingInsights RaceData
2021,9,ocon,Esteban Ocon,Alpine F1 Team,17,20,-3,0.0,0,COLLISION,Base Oficial Ergast Motor Racing Database / TracingInsights RaceData
2021,10,hamilton,Lewis Hamilton,Mercedes,2,1,1,25.0,52,FINISHED,Base Oficial Ergast Motor Racing Database / TracingInsights RaceData
2021,10,leclerc,Charles Leclerc,Ferrari,4,2,2,18.0,52,FINISHED,Base Oficial Ergast Motor Racing Database / TracingInsights RaceData
2021,10,bottas,Valtteri Bottas,Mercedes,3,3,0,15.0,52,FINISHED,Base Oficial Ergast Motor Racing Database / TracingInsights RaceData
2021,10,norris,Lando Norris,McLaren,5,4,1,12.0,52,FINISHED,Base Oficial Ergast Motor Racing Database / TracingInsights RaceData
2021,10,ricciardo,Daniel Ricciardo,McLaren,6,5,1,10.0,52,FINISHED,Base Oficial Ergast Motor Racing Database / TracingInsights RaceData
2021,10,sainz,Carlos Sainz,Ferrari,10,6,4,8.0,52,FINISHED,Base Oficial Ergast Motor Racing Database / TracingInsights RaceData
2021,10,alonso,Fernando Alonso,Alpine F1 Team,7,7,0,6.0,52,FINISHED,Base Oficial Ergast Motor Racing Database / TracingInsights RaceData
2021,10,stroll,Lance Stroll,Aston Martin,14,8,6,4.0,52,FINISHED,Base Oficial Ergast Motor Racing Database / TracingInsights RaceData
2021,10,ocon,Esteban Ocon,Alpine F1 Team,9,9,0,2.0,52,FINISHED,Base Oficial Ergast Motor Racing Database / TracingInsights RaceData
2021,10,tsunoda,Yuki Tsunoda,AlphaTauri,16,10,6,1.0,52,FINISHED,Base Oficial Ergast Motor Racing Database / TracingInsights RaceData
2021,10,gasly,Pierre Gasly,AlphaTauri,11,11,0,0.0,52,FINISHED,Base Oficial Ergast Motor Racing Database / TracingInsights RaceData
2021,10,russell,George Russell,Williams,12,12,0,0.0,51,+1 LAP,Base Oficial Ergast Motor Racing Database / TracingInsights RaceData
2021,10,giovinazzi,Antonio Giovinazzi,Alfa Romeo,15,13,2,0.0,51,+1 LAP,Base Oficial Ergast Motor Racing Database / TracingInsights RaceData
2021,10,latifi,Nicholas Latifi,Williams,17,14,3,0.0,51,+1 LAP,Base Oficial Ergast Motor Racing Database / TracingInsights RaceData
2021,10,raikkonen,Kimi Raikkonen,Alfa Romeo,13,15,-2,0.0,51,+1 LAP,Base Oficial Ergast Motor Racing Database / TracingInsights RaceData
2021,10,perez,Sergio Perez,Red Bull,20,16,4,0.0,51,+1 LAP,Base Oficial Ergast Motor Racing Database / TracingInsights RaceData
2021,10,mazepin,Nikita Mazepin,Haas F1 Team,19,17,2,0.0,51,+1 LAP,Base Oficial Ergast Motor Racing Database / TracingInsights RaceData
2021,10,mick_schumacher,Mick Schumacher,Haas F1 Team,18,18,0,0.0,51,+1 LAP,Base Oficial Ergast Motor Racing Database / TracingInsights RaceData
2021,10,vettel,Sebastian Vettel,Aston Martin,8,19,-11,0.0,40,RETIRED,Base Oficial Ergast Motor Racing Database / TracingInsights RaceData
2021,10,max_verstappen,Max Verstappen,Red Bull,1,20,-19,0.0,0,COLLISION,Base Oficial Ergast Motor Racing Database / TracingInsights RaceData
2021,11,ocon,Esteban Ocon,Alpine F1 Team,8,1,7,25.0,70,FINISHED,Base Oficial Ergast Motor Racing Database / TracingInsights RaceData
2021,11,hamilton,Lewis Hamilton,Mercedes,1,2,-1,18.0,70,FINISHED,Base Oficial Ergast Motor Racing Database / TracingInsights RaceData
2021,11,sainz,Carlos Sainz,Ferrari,15,3,12,15.0,70,FINISHED,Base Oficial Ergast Motor Racing Database / TracingInsights RaceData
2021,11,alonso,Fernando Alonso,Alpine F1 Team,9,4,5,12.0,70,FINISHED,Base Oficial Ergast Motor Racing Database / TracingInsights RaceData
2021,11,gasly,Pierre Gasly,AlphaTauri,5,5,0,11.0,70,FINISHED,Base Oficial Ergast Motor Racing Database / TracingInsights RaceData
2021,11,tsunoda,Yuki Tsunoda,AlphaTauri,16,6,10,8.0,70,FINISHED,Base Oficial Ergast Motor Racing Database / TracingInsights RaceData
2021,11,latifi,Nicholas Latifi,Williams,18,7,11,6.0,70,FINISHED,Base Oficial Ergast Motor Racing Database / TracingInsights RaceData
2021,11,russell,George Russell,Williams,17,8,9,4.0,70,FINISHED,Base Oficial Ergast Motor Racing Database / TracingInsights RaceData
2021,11,max_verstappen,Max Verstappen,Red Bull,3,9,-6,2.0,70,FINISHED,Base Oficial Ergast Motor Racing Database / TracingInsights RaceData
2021,11,raikkonen,Kimi Raikkonen,Alfa Romeo,13,10,3,1.0,69,+1 LAP,Base Oficial Ergast Motor Racing Database / TracingInsights RaceData
2021,11,ricciardo,Daniel Ricciardo,McLaren,11,11,0,0.0,69,+1 LAP,Base Oficial Ergast Motor Racing Database / TracingInsights RaceData
2021,11,mick_schumacher,Mick Schumacher,Haas F1 Team,20,12,8,0.0,69,+1 LAP,Base Oficial Ergast Motor Racing Database / TracingInsights RaceData
2021,11,giovinazzi,Antonio Giovinazzi,Alfa Romeo,20,13,7,0.0,69,+1 LAP,Base Oficial Ergast Motor Racing Database / TracingInsights RaceData
2021,11,mazepin,Nikita Mazepin,Haas F1 Team,19,14,5,0.0,3,COLLISION,Base Oficial Ergast Motor Racing Database / TracingInsights RaceData
2021,11,norris,Lando Norris,McLaren,6,15,-9,0.0,2,COLLISION,Base Oficial Ergast Motor Racing Database / TracingInsights RaceData
2021,11,bottas,Valtteri Bottas,Mercedes,2,16,-14,0.0,0,COLLISION,Base Oficial Ergast Motor Racing Database / TracingInsights RaceData
2021,11,perez,Sergio Perez,Red Bull,4,17,-13,0.0,0,COLLISION,Base Oficial Ergast Motor Racing Database / TracingInsights RaceData
2021,11,leclerc,Charles Leclerc,Ferrari,7,18,-11,0.0,0,COLLISION,Base Oficial Ergast Motor Racing Database / TracingInsights RaceData
2021,11,stroll,Lance Stroll,Aston Martin,12,19,-7,0.0,0,COLLISION,Base Oficial Ergast Motor Racing Database / TracingInsights RaceData
2021,11,vettel,Sebastian Vettel,Aston Martin,10,20,-10,0.0,70,DISQUALIFIED,Base Oficial Ergast Motor Racing Database / TracingInsights RaceData
2021,12,max_verstappen,Max Verstappen,Red Bull,1,1,0,12.5,1,FINISHED,Base Oficial Ergast Motor Racing Database / TracingInsights RaceData
2021,12,russell,George Russell,Williams,2,2,0,9.0,1,FINISHED,Base Oficial Ergast Motor Racing Database / TracingInsights RaceData
2021,12,hamilton,Lewis Hamilton,Mercedes,3,3,0,7.5,1,FINISHED,Base Oficial Ergast Motor Racing Database / TracingInsights RaceData
2021,12,ricciardo,Daniel Ricciardo,McLaren,4,4,0,6.0,1,FINISHED,Base Oficial Ergast Motor Racing Database / TracingInsights RaceData
2021,12,vettel,Sebastian Vettel,Aston Martin,5,5,0,5.0,1,FINISHED,Base Oficial Ergast Motor Racing Database / TracingInsights RaceData
2021,12,gasly,Pierre Gasly,AlphaTauri,6,6,0,4.0,1,FINISHED,Base Oficial Ergast Motor Racing Database / TracingInsights RaceData
2021,12,ocon,Esteban Ocon,Alpine F1 Team,8,7,1,3.0,1,FINISHED,Base Oficial Ergast Motor Racing Database / TracingInsights RaceData
2021,12,leclerc,Charles Leclerc,Ferrari,9,8,1,2.0,1,FINISHED,Base Oficial Ergast Motor Racing Database / TracingInsights RaceData
2021,12,latifi,Nicholas Latifi,Williams,10,9,1,1.0,1,FINISHED,Base Oficial Ergast Motor Racing Database / TracingInsights RaceData
2021,12,sainz,Carlos Sainz,Ferrari,11,10,1,0.5,1,FINISHED,Base Oficial Ergast Motor Racing Database / TracingInsights RaceData
2021,12,alonso,Fernando Alonso,Alpine F1 Team,12,11,1,0.0,1,FINISHED,Base Oficial Ergast Motor Racing Database / TracingInsights RaceData
2021,12,bottas,Valtteri Bottas,Mercedes,13,12,1,0.0,1,FINISHED,Base Oficial Ergast Motor Racing Database / TracingInsights RaceData
2021,12,giovinazzi,Antonio Giovinazzi,Alfa Romeo,14,13,1,0.0,1,FINISHED,Base Oficial Ergast Motor Racing Database / TracingInsights RaceData
2021,12,norris,Lando Norris,McLaren,15,14,1,0.0,1,FINISHED,Base Oficial Ergast Motor Racing Database / TracingInsights RaceData
2021,12,tsunoda,Yuki Tsunoda,AlphaTauri,16,15,1,0.0,1,FINISHED,Base Oficial Ergast Motor Racing Database / TracingInsights RaceData
2021,12,mick_schumacher,Mick Schumacher,Haas F1 Team,17,16,1,0.0,1,FINISHED,Base Oficial Ergast Motor Racing Database / TracingInsights RaceData
2021,12,mazepin,Nikita Mazepin,Haas F1 Team,18,17,1,0.0,1,FINISHED,Base Oficial Ergast Motor Racing Database / TracingInsights RaceData
2021,12,raikkonen,Kimi Raikkonen,Alfa Romeo,20,18,2,0.0,1,FINISHED,Base Oficial Ergast Motor Racing Database / TracingInsights RaceData
2021,12,perez,Sergio Perez,Red Bull,20,19,1,0.0,1,FINISHED,Base Oficial Ergast Motor Racing Database / TracingInsights RaceData
2021,12,stroll,Lance Stroll,Aston Martin,19,20,-1,0.0,1,FINISHED,Base Oficial Ergast Motor Racing Database / TracingInsights RaceData
2021,13,max_verstappen,Max Verstappen,Red Bull,1,1,0,25.0,72,FINISHED,Base Oficial Ergast Motor Racing Database / TracingInsights RaceData
2021,13,hamilton,Lewis Hamilton,Mercedes,2,2,0,19.0,72,FINISHED,Base Oficial Ergast Motor Racing Database / TracingInsights RaceData
2021,13,bottas,Valtteri Bottas,Mercedes,3,3,0,15.0,72,FINISHED,Base Oficial Ergast Motor Racing Database / TracingInsights RaceData
2021,13,gasly,Pierre Gasly,AlphaTauri,4,4,0,12.0,71,+1 LAP,Base Oficial Ergast Motor Racing Database / TracingInsights RaceData
2021,13,leclerc,Charles Leclerc,Ferrari,5,5,0,10.0,71,+1 LAP,Base Oficial Ergast Motor Racing Database / TracingInsights RaceData
2021,13,alonso,Fernando Alonso,Alpine F1 Team,9,6,3,8.0,71,+1 LAP,Base Oficial Ergast Motor Racing Database / TracingInsights RaceData
2021,13,sainz,Carlos Sainz,Ferrari,6,7,-1,6.0,71,+1 LAP,Base Oficial Ergast Motor Racing Database / TracingInsights RaceData
2021,13,perez,Sergio Perez,Red Bull,20,8,12,4.0,71,+1 LAP,Base Oficial Ergast Motor Racing Database / TracingInsights RaceData
2021,13,ocon,Esteban Ocon,Alpine F1 Team,8,9,-1,2.0,71,+1 LAP,Base Oficial Ergast Motor Racing Database / TracingInsights RaceData
2021,13,norris,Lando Norris,McLaren,13,10,3,1.0,71,+1 LAP,Base Oficial Ergast Motor Racing Database / TracingInsights RaceData
2021,13,ricciardo,Daniel Ricciardo,McLaren,10,11,-1,0.0,71,+1 LAP,Base Oficial Ergast Motor Racing Database / TracingInsights RaceData
2021,13,stroll,Lance Stroll,Aston Martin,12,12,0,0.0,70,+2 LAPS,Base Oficial Ergast Motor Racing Database / TracingInsights RaceData
2021,13,vettel,Sebastian Vettel,Aston Martin,15,13,2,0.0,70,+2 LAPS,Base Oficial Ergast Motor Racing Database / TracingInsights RaceData
2021,13,giovinazzi,Antonio Giovinazzi,Alfa Romeo,7,14,-7,0.0,70,+2 LAPS,Base Oficial Ergast Motor Racing Database / TracingInsights RaceData
2021,13,kubica,Robert Kubica,Alfa Romeo,16,15,1,0.0,70,+2 LAPS,Base Oficial Ergast Motor Racing Database / TracingInsights RaceData
2021,13,latifi,Nicholas Latifi,Williams,20,16,4,0.0,70,+2 LAPS,Base Oficial Ergast Motor Racing Database / TracingInsights RaceData
2021,13,russell,George Russell,Williams,11,17,-6,0.0,69,GEARBOX,Base Oficial Ergast Motor Racing Database / TracingInsights RaceData
2021,13,mick_schumacher,Mick Schumacher,Haas F1 Team,17,18,-1,0.0,69,+3 LAPS,Base Oficial Ergast Motor Racing Database / TracingInsights RaceData
2021,13,tsunoda,Yuki Tsunoda,AlphaTauri,14,19,-5,0.0,48,POWER UNIT,Base Oficial Ergast Motor Racing Database / TracingInsights RaceData
2021,13,mazepin,Nikita Mazepin,Haas F1 Team,18,20,-2,0.0,41,HYDRAULICS,Base Oficial Ergast Motor Racing Database / TracingInsights RaceData
2021,14,ricciardo,Daniel Ricciardo,McLaren,2,1,1,26.0,53,FINISHED,Base Oficial Ergast Motor Racing Database / TracingInsights RaceData
2021,14,norris,Lando Norris,McLaren,3,2,1,18.0,53,FINISHED,Base Oficial Ergast Motor Racing Database / TracingInsights RaceData
2021,14,bottas,Valtteri Bottas,Mercedes,19,3,16,15.0,53,FINISHED,Base Oficial Ergast Motor Racing Database / TracingInsights RaceData
2021,14,leclerc,Charles Leclerc,Ferrari,5,4,1,12.0,53,FINISHED,Base Oficial Ergast Motor Racing Database / TracingInsights RaceData
2021,14,perez,Sergio Perez,Red Bull,8,5,3,10.0,53,FINISHED,Base Oficial Ergast Motor Racing Database / TracingInsights RaceData
2021,14,sainz,Carlos Sainz,Ferrari,6,6,0,8.0,53,FINISHED,Base Oficial Ergast Motor Racing Database / TracingInsights RaceData
2021,14,stroll,Lance Stroll,Aston Martin,9,7,2,6.0,53,FINISHED,Base Oficial Ergast Motor Racing Database / TracingInsights RaceData
2021,14,alonso,Fernando Alonso,Alpine F1 Team,10,8,2,4.0,53,FINISHED,Base Oficial Ergast Motor Racing Database / TracingInsights RaceData
2021,14,russell,George Russell,Williams,14,9,5,2.0,53,FINISHED,Base Oficial Ergast Motor Racing Database / TracingInsights RaceData
2021,14,ocon,Esteban Ocon,Alpine F1 Team,12,10,2,1.0,53,FINISHED,Base Oficial Ergast Motor Racing Database / TracingInsights RaceData
2021,14,latifi,Nicholas Latifi,Williams,13,11,2,0.0,53,FINISHED,Base Oficial Ergast Motor Racing Database / TracingInsights RaceData
2021,14,vettel,Sebastian Vettel,Aston Martin,11,12,-1,0.0,53,FINISHED,Base Oficial Ergast Motor Racing Database / TracingInsights RaceData
2021,14,giovinazzi,Antonio Giovinazzi,Alfa Romeo,7,13,-6,0.0,53,FINISHED,Base Oficial Ergast Motor Racing Database / TracingInsights RaceData
2021,14,kubica,Robert Kubica,Alfa Romeo,17,14,3,0.0,53,FINISHED,Base Oficial Ergast Motor Racing Database / TracingInsights RaceData
2021,14,mick_schumacher,Mick Schumacher,Haas F1 Team,18,15,3,0.0,53,FINISHED,Base Oficial Ergast Motor Racing Database / TracingInsights RaceData
2021,14,mazepin,Nikita Mazepin,Haas F1 Team,16,16,0,0.0,41,POWER UNIT,Base Oficial Ergast Motor Racing Database / TracingInsights RaceData
2021,14,hamilton,Lewis Hamilton,Mercedes,4,17,-13,0.0,25,COLLISION,Base Oficial Ergast Motor Racing Database / TracingInsights RaceData
2021,14,max_verstappen,Max Verstappen,Red Bull,1,18,-17,0.0,25,COLLISION,Base Oficial Ergast Motor Racing Database / TracingInsights RaceData
2021,14,gasly,Pierre Gasly,AlphaTauri,20,19,1,0.0,3,SUSPENSION,Base Oficial Ergast Motor Racing Database / TracingInsights RaceData
2021,14,tsunoda,Yuki Tsunoda,AlphaTauri,20,20,0,0.0,0,BRAKES,Base Oficial Ergast Motor Racing Database / TracingInsights RaceData
2021,15,hamilton,Lewis Hamilton,Mercedes,4,1,3,25.0,53,FINISHED,Base Oficial Ergast Motor Racing Database / TracingInsights RaceData
2021,15,max_verstappen,Max Verstappen,Red Bull,20,2,18,18.0,53,FINISHED,Base Oficial Ergast Motor Racing Database / TracingInsights RaceData
2021,15,sainz,Carlos Sainz,Ferrari,2,3,-1,15.0,53,FINISHED,Base Oficial Ergast Motor Racing Database / TracingInsights RaceData
2021,15,ricciardo,Daniel Ricciardo,McLaren,5,4,1,12.0,53,FINISHED,Base Oficial Ergast Motor Racing Database / TracingInsights RaceData
2021,15,bottas,Valtteri Bottas,Mercedes,16,5,11,10.0,53,FINISHED,Base Oficial Ergast Motor Racing Database / TracingInsights RaceData
2021,15,alonso,Fernando Alonso,Alpine F1 Team,6,6,0,8.0,53,FINISHED,Base Oficial Ergast Motor Racing Database / TracingInsights RaceData
2021,15,norris,Lando Norris,McLaren,1,7,-6,7.0,53,FINISHED,Base Oficial Ergast Motor Racing Database / TracingInsights RaceData
2021,15,raikkonen,Kimi Raikkonen,Alfa Romeo,13,8,5,4.0,53,FINISHED,Base Oficial Ergast Motor Racing Database / TracingInsights RaceData
2021,15,perez,Sergio Perez,Red Bull,8,9,-1,2.0,53,FINISHED,Base Oficial Ergast Motor Racing Database / TracingInsights RaceData
2021,15,russell,George Russell,Williams,3,10,-7,1.0,53,FINISHED,Base Oficial Ergast Motor Racing Database / TracingInsights RaceData
2021,15,stroll,Lance Stroll,Aston Martin,7,11,-4,0.0,53,FINISHED,Base Oficial Ergast Motor Racing Database / TracingInsights RaceData
2021,15,vettel,Sebastian Vettel,Aston Martin,10,12,-2,0.0,52,+1 LAP,Base Oficial Ergast Motor Racing Database / TracingInsights RaceData
2021,15,gasly,Pierre Gasly,AlphaTauri,11,13,-2,0.0,52,+1 LAP,Base Oficial Ergast Motor Racing Database / TracingInsights RaceData
2021,15,ocon,Esteban Ocon,Alpine F1 Team,9,14,-5,0.0,52,+1 LAP,Base Oficial Ergast Motor Racing Database / TracingInsights RaceData
2021,15,leclerc,Charles Leclerc,Ferrari,19,15,4,0.0,52,+1 LAP,Base Oficial Ergast Motor Racing Database / TracingInsights RaceData
2021,15,giovinazzi,Antonio Giovinazzi,Alfa Romeo,17,16,1,0.0,52,+1 LAP,Base Oficial Ergast Motor Racing Database / TracingInsights RaceData
2021,15,tsunoda,Yuki Tsunoda,AlphaTauri,12,17,-5,0.0,52,+1 LAP,Base Oficial Ergast Motor Racing Database / TracingInsights RaceData
2021,15,mazepin,Nikita Mazepin,Haas F1 Team,15,18,-3,0.0,51,+2 LAPS,Base Oficial Ergast Motor Racing Database / TracingInsights RaceData
2021,15,latifi,Nicholas Latifi,Williams,18,19,-1,0.0,47,ACCIDENT,Base Oficial Ergast Motor Racing Database / TracingInsights RaceData
2021,15,mick_schumacher,Mick Schumacher,Haas F1 Team,14,20,-6,0.0,32,OIL LEAK,Base Oficial Ergast Motor Racing Database / TracingInsights RaceData
2021,16,bottas,Valtteri Bottas,Mercedes,1,1,0,26.0,58,FINISHED,Base Oficial Ergast Motor Racing Database / TracingInsights RaceData
2021,16,max_verstappen,Max Verstappen,Red Bull,2,2,0,18.0,58,FINISHED,Base Oficial Ergast Motor Racing Database / TracingInsights RaceData
2021,16,perez,Sergio Perez,Red Bull,6,3,3,15.0,58,FINISHED,Base Oficial Ergast Motor Racing Database / TracingInsights RaceData
2021,16,leclerc,Charles Leclerc,Ferrari,3,4,-1,12.0,58,FINISHED,Base Oficial Ergast Motor Racing Database / TracingInsights RaceData
2021,16,hamilton,Lewis Hamilton,Mercedes,11,5,6,10.0,58,FINISHED,Base Oficial Ergast Motor Racing Database / TracingInsights RaceData
2021,16,gasly,Pierre Gasly,AlphaTauri,4,6,-2,8.0,58,FINISHED,Base Oficial Ergast Motor Racing Database / TracingInsights RaceData
2021,16,norris,Lando Norris,McLaren,7,7,0,6.0,58,FINISHED,Base Oficial Ergast Motor Racing Database / TracingInsights RaceData
2021,16,sainz,Carlos Sainz,Ferrari,19,8,11,4.0,58,FINISHED,Base Oficial Ergast Motor Racing Database / TracingInsights RaceData
2021,16,stroll,Lance Stroll,Aston Martin,8,9,-1,2.0,58,FINISHED,Base Oficial Ergast Motor Racing Database / TracingInsights RaceData
2021,16,ocon,Esteban Ocon,Alpine F1 Team,12,10,2,1.0,57,+1 LAP,Base Oficial Ergast Motor Racing Database / TracingInsights RaceData
2021,16,giovinazzi,Antonio Giovinazzi,Alfa Romeo,16,11,5,0.0,57,+1 LAP,Base Oficial Ergast Motor Racing Database / TracingInsights RaceData
2021,16,raikkonen,Kimi Raikkonen,Alfa Romeo,17,12,5,0.0,57,+1 LAP,Base Oficial Ergast Motor Racing Database / TracingInsights RaceData
2021,16,ricciardo,Daniel Ricciardo,McLaren,20,13,7,0.0,57,+1 LAP,Base Oficial Ergast Motor Racing Database / TracingInsights RaceData
2021,16,tsunoda,Yuki Tsunoda,AlphaTauri,9,14,-5,0.0,57,+1 LAP,Base Oficial Ergast Motor Racing Database / TracingInsights RaceData
2021,16,russell,George Russell,Williams,13,15,-2,0.0,57,+1 LAP,Base Oficial Ergast Motor Racing Database / TracingInsights RaceData
2021,16,alonso,Fernando Alonso,Alpine F1 Team,5,16,-11,0.0,57,+1 LAP,Base Oficial Ergast Motor Racing Database / TracingInsights RaceData
2021,16,latifi,Nicholas Latifi,Williams,15,17,-2,0.0,57,+1 LAP,Base Oficial Ergast Motor Racing Database / TracingInsights RaceData
2021,16,vettel,Sebastian Vettel,Aston Martin,10,18,-8,0.0,57,+1 LAP,Base Oficial Ergast Motor Racing Database / TracingInsights RaceData
2021,16,mick_schumacher,Mick Schumacher,Haas F1 Team,14,19,-5,0.0,56,+2 LAPS,Base Oficial Ergast Motor Racing Database / TracingInsights RaceData
2021,16,mazepin,Nikita Mazepin,Haas F1 Team,18,20,-2,0.0,56,+2 LAPS,Base Oficial Ergast Motor Racing Database / TracingInsights RaceData
2021,17,max_verstappen,Max Verstappen,Red Bull,1,1,0,25.0,56,FINISHED,Base Oficial Ergast Motor Racing Database / TracingInsights RaceData
2021,17,hamilton,Lewis Hamilton,Mercedes,2,2,0,19.0,56,FINISHED,Base Oficial Ergast Motor Racing Database / TracingInsights RaceData
2021,17,perez,Sergio Perez,Red Bull,3,3,0,15.0,56,FINISHED,Base Oficial Ergast Motor Racing Database / TracingInsights RaceData
2021,17,leclerc,Charles Leclerc,Ferrari,4,4,0,12.0,56,FINISHED,Base Oficial Ergast Motor Racing Database / TracingInsights RaceData
2021,17,ricciardo,Daniel Ricciardo,McLaren,6,5,1,10.0,56,FINISHED,Base Oficial Ergast Motor Racing Database / TracingInsights RaceData
2021,17,bottas,Valtteri Bottas,Mercedes,9,6,3,8.0,56,FINISHED,Base Oficial Ergast Motor Racing Database / TracingInsights RaceData
2021,17,sainz,Carlos Sainz,Ferrari,5,7,-2,6.0,56,FINISHED,Base Oficial Ergast Motor Racing Database / TracingInsights RaceData
2021,17,norris,Lando Norris,McLaren,7,8,-1,4.0,56,FINISHED,Base Oficial Ergast Motor Racing Database / TracingInsights RaceData
2021,17,tsunoda,Yuki Tsunoda,AlphaTauri,10,9,1,2.0,55,+1 LAP,Base Oficial Ergast Motor Racing Database / TracingInsights RaceData
2021,17,vettel,Sebastian Vettel,Aston Martin,18,10,8,1.0,55,+1 LAP,Base Oficial Ergast Motor Racing Database / TracingInsights RaceData
2021,17,giovinazzi,Antonio Giovinazzi,Alfa Romeo,12,11,1,0.0,55,+1 LAP,Base Oficial Ergast Motor Racing Database / TracingInsights RaceData
2021,17,stroll,Lance Stroll,Aston Martin,13,12,1,0.0,55,+1 LAP,Base Oficial Ergast Motor Racing Database / TracingInsights RaceData
2021,17,raikkonen,Kimi Raikkonen,Alfa Romeo,15,13,2,0.0,55,+1 LAP,Base Oficial Ergast Motor Racing Database / TracingInsights RaceData
2021,17,russell,George Russell,Williams,20,14,6,0.0,55,+1 LAP,Base Oficial Ergast Motor Racing Database / TracingInsights RaceData
2021,17,latifi,Nicholas Latifi,Williams,14,15,-1,0.0,55,+1 LAP,Base Oficial Ergast Motor Racing Database / TracingInsights RaceData
2021,17,mick_schumacher,Mick Schumacher,Haas F1 Team,16,16,0,0.0,54,+2 LAPS,Base Oficial Ergast Motor Racing Database / TracingInsights RaceData
2021,17,mazepin,Nikita Mazepin,Haas F1 Team,17,17,0,0.0,54,+2 LAPS,Base Oficial Ergast Motor Racing Database / TracingInsights RaceData
2021,17,alonso,Fernando Alonso,Alpine F1 Team,19,18,1,0.0,49,REAR WING,Base Oficial Ergast Motor Racing Database / TracingInsights RaceData
2021,17,ocon,Esteban Ocon,Alpine F1 Team,11,19,-8,0.0,40,MECHANICAL,Base Oficial Ergast Motor Racing Database / TracingInsights RaceData
2021,17,gasly,Pierre Gasly,AlphaTauri,8,20,-12,0.0,14,SUSPENSION,Base Oficial Ergast Motor Racing Database / TracingInsights RaceData
2021,18,max_verstappen,Max Verstappen,Red Bull,3,1,2,25.0,71,FINISHED,Base Oficial Ergast Motor Racing Database / TracingInsights RaceData
2021,18,hamilton,Lewis Hamilton,Mercedes,2,2,0,18.0,71,FINISHED,Base Oficial Ergast Motor Racing Database / TracingInsights RaceData
2021,18,perez,Sergio Perez,Red Bull,4,3,1,15.0,71,FINISHED,Base Oficial Ergast Motor Racing Database / TracingInsights RaceData
2021,18,gasly,Pierre Gasly,AlphaTauri,5,4,1,12.0,71,FINISHED,Base Oficial Ergast Motor Racing Database / TracingInsights RaceData
2021,18,leclerc,Charles Leclerc,Ferrari,8,5,3,10.0,71,FINISHED,Base Oficial Ergast Motor Racing Database / TracingInsights RaceData
2021,18,sainz,Carlos Sainz,Ferrari,6,6,0,8.0,70,+1 LAP,Base Oficial Ergast Motor Racing Database / TracingInsights RaceData
2021,18,vettel,Sebastian Vettel,Aston Martin,9,7,2,6.0,70,+1 LAP,Base Oficial Ergast Motor Racing Database / TracingInsights RaceData
2021,18,raikkonen,Kimi Raikkonen,Alfa Romeo,10,8,2,4.0,70,+1 LAP,Base Oficial Ergast Motor Racing Database / TracingInsights RaceData
2021,18,alonso,Fernando Alonso,Alpine F1 Team,12,9,3,2.0,70,+1 LAP,Base Oficial Ergast Motor Racing Database / TracingInsights RaceData
2021,18,norris,Lando Norris,McLaren,18,10,8,1.0,70,+1 LAP,Base Oficial Ergast Motor Racing Database / TracingInsights RaceData
2021,18,giovinazzi,Antonio Giovinazzi,Alfa Romeo,11,11,0,0.0,70,+1 LAP,Base Oficial Ergast Motor Racing Database / TracingInsights RaceData
2021,18,ricciardo,Daniel Ricciardo,McLaren,7,12,-5,0.0,70,+1 LAP,Base Oficial Ergast Motor Racing Database / TracingInsights RaceData
2021,18,ocon,Esteban Ocon,Alpine F1 Team,19,13,6,0.0,70,+1 LAP,Base Oficial Ergast Motor Racing Database / TracingInsights RaceData
2021,18,stroll,Lance Stroll,Aston Martin,20,14,6,0.0,69,+2 LAPS,Base Oficial Ergast Motor Racing Database / TracingInsights RaceData
2021,18,bottas,Valtteri Bottas,Mercedes,1,15,-14,0.0,69,+2 LAPS,Base Oficial Ergast Motor Racing Database / TracingInsights RaceData
2021,18,russell,George Russell,Williams,16,16,0,0.0,69,+2 LAPS,Base Oficial Ergast Motor Racing Database / TracingInsights RaceData
2021,18,latifi,Nicholas Latifi,Williams,13,17,-4,0.0,69,+2 LAPS,Base Oficial Ergast Motor Racing Database / TracingInsights RaceData
2021,18,mazepin,Nikita Mazepin,Haas F1 Team,15,18,-3,0.0,68,+3 LAPS,Base Oficial Ergast Motor Racing Database / TracingInsights RaceData
2021,18,mick_schumacher,Mick Schumacher,Haas F1 Team,14,19,-5,0.0,0,COLLISION,Base Oficial Ergast Motor Racing Database / TracingInsights RaceData
2021,18,tsunoda,Yuki Tsunoda,AlphaTauri,17,20,-3,0.0,0,COLLISION,Base Oficial Ergast Motor Racing Database / TracingInsights RaceData
2021,19,hamilton,Lewis Hamilton,Mercedes,10,1,9,25.0,71,FINISHED,Base Oficial Ergast Motor Racing Database / TracingInsights RaceData
2021,19,max_verstappen,Max Verstappen,Red Bull,2,2,0,18.0,71,FINISHED,Base Oficial Ergast Motor Racing Database / TracingInsights RaceData
2021,19,bottas,Valtteri Bottas,Mercedes,1,3,-2,15.0,71,FINISHED,Base Oficial Ergast Motor Racing Database / TracingInsights RaceData
2021,19,perez,Sergio Perez,Red Bull,4,4,0,13.0,71,FINISHED,Base Oficial Ergast Motor Racing Database / TracingInsights RaceData
2021,19,leclerc,Charles Leclerc,Ferrari,6,5,1,10.0,71,FINISHED,Base Oficial Ergast Motor Racing Database / TracingInsights RaceData
2021,19,sainz,Carlos Sainz,Ferrari,3,6,-3,8.0,71,FINISHED,Base Oficial Ergast Motor Racing Database / TracingInsights RaceData
2021,19,gasly,Pierre Gasly,AlphaTauri,7,7,0,6.0,70,+1 LAP,Base Oficial Ergast Motor Racing Database / TracingInsights RaceData
2021,19,ocon,Esteban Ocon,Alpine F1 Team,8,8,0,4.0,70,+1 LAP,Base Oficial Ergast Motor Racing Database / TracingInsights RaceData
2021,19,alonso,Fernando Alonso,Alpine F1 Team,12,9,3,2.0,70,+1 LAP,Base Oficial Ergast Motor Racing Database / TracingInsights RaceData
2021,19,norris,Lando Norris,McLaren,5,10,-5,1.0,70,+1 LAP,Base Oficial Ergast Motor Racing Database / TracingInsights RaceData
2021,19,vettel,Sebastian Vettel,Aston Martin,9,11,-2,0.0,70,+1 LAP,Base Oficial Ergast Motor Racing Database / TracingInsights RaceData
2021,19,raikkonen,Kimi Raikkonen,Alfa Romeo,20,12,8,0.0,70,+1 LAP,Base Oficial Ergast Motor Racing Database / TracingInsights RaceData
2021,19,russell,George Russell,Williams,17,13,4,0.0,70,+1 LAP,Base Oficial Ergast Motor Racing Database / TracingInsights RaceData
2021,19,giovinazzi,Antonio Giovinazzi,Alfa Romeo,13,14,-1,0.0,70,+1 LAP,Base Oficial Ergast Motor Racing Database / TracingInsights RaceData
2021,19,tsunoda,Yuki Tsunoda,AlphaTauri,15,15,0,0.0,70,+1 LAP,Base Oficial Ergast Motor Racing Database / TracingInsights RaceData
2021,19,latifi,Nicholas Latifi,Williams,16,16,0,0.0,70,+1 LAP,Base Oficial Ergast Motor Racing Database / TracingInsights RaceData
2021,19,mazepin,Nikita Mazepin,Haas F1 Team,19,17,2,0.0,69,+2 LAPS,Base Oficial Ergast Motor Racing Database / TracingInsights RaceData
2021,19,mick_schumacher,Mick Schumacher,Haas F1 Team,18,18,0,0.0,69,+2 LAPS,Base Oficial Ergast Motor Racing Database / TracingInsights RaceData
2021,19,ricciardo,Daniel Ricciardo,McLaren,11,19,-8,0.0,49,POWER LOSS,Base Oficial Ergast Motor Racing Database / TracingInsights RaceData
2021,19,stroll,Lance Stroll,Aston Martin,14,20,-6,0.0,47,COLLISION DAMAGE,Base Oficial Ergast Motor Racing Database / TracingInsights RaceData
2021,20,hamilton,Lewis Hamilton,Mercedes,1,1,0,25.0,57,FINISHED,Base Oficial Ergast Motor Racing Database / TracingInsights RaceData
2021,20,max_verstappen,Max Verstappen,Red Bull,7,2,5,19.0,57,FINISHED,Base Oficial Ergast Motor Racing Database / TracingInsights RaceData
2021,20,alonso,Fernando Alonso,Alpine F1 Team,3,3,0,15.0,57,FINISHED,Base Oficial Ergast Motor Racing Database / TracingInsights RaceData
2021,20,perez,Sergio Perez,Red Bull,11,4,7,12.0,57,FINISHED,Base Oficial Ergast Motor Racing Database / TracingInsights RaceData
2021,20,ocon,Esteban Ocon,Alpine F1 Team,9,5,4,10.0,57,FINISHED,Base Oficial Ergast Motor Racing Database / TracingInsights RaceData
2021,20,stroll,Lance Stroll,Aston Martin,12,6,6,8.0,57,FINISHED,Base Oficial Ergast Motor Racing Database / TracingInsights RaceData
2021,20,sainz,Carlos Sainz,Ferrari,5,7,-2,6.0,57,FINISHED,Base Oficial Ergast Motor Racing Database / TracingInsights RaceData
2021,20,leclerc,Charles Leclerc,Ferrari,13,8,5,4.0,57,FINISHED,Base Oficial Ergast Motor Racing Database / TracingInsights RaceData
2021,20,norris,Lando Norris,McLaren,4,9,-5,2.0,56,+1 LAP,Base Oficial Ergast Motor Racing Database / TracingInsights RaceData
2021,20,vettel,Sebastian Vettel,Aston Martin,10,10,0,1.0,56,+1 LAP,Base Oficial Ergast Motor Racing Database / TracingInsights RaceData
2021,20,gasly,Pierre Gasly,AlphaTauri,2,11,-9,0.0,56,+1 LAP,Base Oficial Ergast Motor Racing Database / TracingInsights RaceData
2021,20,ricciardo,Daniel Ricciardo,McLaren,14,12,2,0.0,56,+1 LAP,Base Oficial Ergast Motor Racing Database / TracingInsights RaceData
2021,20,tsunoda,Yuki Tsunoda,AlphaTauri,8,13,-5,0.0,56,+1 LAP,Base Oficial Ergast Motor Racing Database / TracingInsights RaceData
2021,20,raikkonen,Kimi Raikkonen,Alfa Romeo,16,14,2,0.0,56,+1 LAP,Base Oficial Ergast Motor Racing Database / TracingInsights RaceData
2021,20,giovinazzi,Antonio Giovinazzi,Alfa Romeo,18,15,3,0.0,56,+1 LAP,Base Oficial Ergast Motor Racing Database / TracingInsights RaceData
2021,20,mick_schumacher,Mick Schumacher,Haas F1 Team,19,16,3,0.0,56,+1 LAP,Base Oficial Ergast Motor Racing Database / TracingInsights RaceData
2021,20,russell,George Russell,Williams,15,17,-2,0.0,55,+2 LAPS,Base Oficial Ergast Motor Racing Database / TracingInsights RaceData
2021,20,mazepin,Nikita Mazepin,Haas F1 Team,20,18,2,0.0,55,+2 LAPS,Base Oficial Ergast Motor Racing Database / TracingInsights RaceData
2021,20,latifi,Nicholas Latifi,Williams,17,19,-2,0.0,50,PUNCTURE,Base Oficial Ergast Motor Racing Database / TracingInsights RaceData
2021,20,bottas,Valtteri Bottas,Mercedes,6,20,-14,0.0,48,DAMAGE,Base Oficial Ergast Motor Racing Database / TracingInsights RaceData
2021,21,hamilton,Lewis Hamilton,Mercedes,1,1,0,26.0,50,FINISHED,Base Oficial Ergast Motor Racing Database / TracingInsights RaceData
2021,21,max_verstappen,Max Verstappen,Red Bull,3,2,1,18.0,50,FINISHED,Base Oficial Ergast Motor Racing Database / TracingInsights RaceData
2021,21,bottas,Valtteri Bottas,Mercedes,2,3,-1,15.0,50,FINISHED,Base Oficial Ergast Motor Racing Database / TracingInsights RaceData
2021,21,ocon,Esteban Ocon,Alpine F1 Team,9,4,5,12.0,50,FINISHED,Base Oficial Ergast Motor Racing Database / TracingInsights RaceData
2021,21,ricciardo,Daniel Ricciardo,McLaren,11,5,6,10.0,50,FINISHED,Base Oficial Ergast Motor Racing Database / TracingInsights RaceData
2021,21,gasly,Pierre Gasly,AlphaTauri,6,6,0,8.0,50,FINISHED,Base Oficial Ergast Motor Racing Database / TracingInsights RaceData
2021,21,leclerc,Charles Leclerc,Ferrari,4,7,-3,6.0,50,FINISHED,Base Oficial Ergast Motor Racing Database / TracingInsights RaceData
2021,21,sainz,Carlos Sainz,Ferrari,15,8,7,4.0,50,FINISHED,Base Oficial Ergast Motor Racing Database / TracingInsights RaceData
2021,21,giovinazzi,Antonio Giovinazzi,Alfa Romeo,10,9,1,2.0,50,FINISHED,Base Oficial Ergast Motor Racing Database / TracingInsights RaceData
2021,21,norris,Lando Norris,McLaren,7,10,-3,1.0,50,FINISHED,Base Oficial Ergast Motor Racing Database / TracingInsights RaceData
2021,21,stroll,Lance Stroll,Aston Martin,18,11,7,0.0,50,FINISHED,Base Oficial Ergast Motor Racing Database / TracingInsights RaceData
2021,21,latifi,Nicholas Latifi,Williams,16,12,4,0.0,50,FINISHED,Base Oficial Ergast Motor Racing Database / TracingInsights RaceData
2021,21,alonso,Fernando Alonso,Alpine F1 Team,13,13,0,0.0,49,+1 LAP,Base Oficial Ergast Motor Racing Database / TracingInsights RaceData
2021,21,tsunoda,Yuki Tsunoda,AlphaTauri,8,14,-6,0.0,49,+1 LAP,Base Oficial Ergast Motor Racing Database / TracingInsights RaceData
2021,21,raikkonen,Kimi Raikkonen,Alfa Romeo,12,15,-3,0.0,49,+1 LAP,Base Oficial Ergast Motor Racing Database / TracingInsights RaceData
2021,21,vettel,Sebastian Vettel,Aston Martin,17,16,1,0.0,44,COLLISION DAMAGE,Base Oficial Ergast Motor Racing Database / TracingInsights RaceData
2021,21,perez,Sergio Perez,Red Bull,5,17,-12,0.0,14,COLLISION,Base Oficial Ergast Motor Racing Database / TracingInsights RaceData
2021,21,mazepin,Nikita Mazepin,Haas F1 Team,20,18,2,0.0,14,COLLISION,Base Oficial Ergast Motor Racing Database / TracingInsights RaceData
2021,21,russell,George Russell,Williams,14,19,-5,0.0,14,COLLISION,Base Oficial Ergast Motor Racing Database / TracingInsights RaceData
2021,21,mick_schumacher,Mick Schumacher,Haas F1 Team,19,20,-1,0.0,8,ACCIDENT,Base Oficial Ergast Motor Racing Database / TracingInsights RaceData
2021,22,max_verstappen,Max Verstappen,Red Bull,1,1,0,26.0,58,FINISHED,Base Oficial Ergast Motor Racing Database / TracingInsights RaceData
2021,22,hamilton,Lewis Hamilton,Mercedes,2,2,0,18.0,58,FINISHED,Base Oficial Ergast Motor Racing Database / TracingInsights RaceData
2021,22,sainz,Carlos Sainz,Ferrari,5,3,2,15.0,58,FINISHED,Base Oficial Ergast Motor Racing Database / TracingInsights RaceData
2021,22,tsunoda,Yuki Tsunoda,AlphaTauri,8,4,4,12.0,58,FINISHED,Base Oficial Ergast Motor Racing Database / TracingInsights RaceData
2021,22,gasly,Pierre Gasly,AlphaTauri,12,5,7,10.0,58,FINISHED,Base Oficial Ergast Motor Racing Database / TracingInsights RaceData
2021,22,bottas,Valtteri Bottas,Mercedes,6,6,0,8.0,58,FINISHED,Base Oficial Ergast Motor Racing Database / TracingInsights RaceData
2021,22,norris,Lando Norris,McLaren,3,7,-4,6.0,58,FINISHED,Base Oficial Ergast Motor Racing Database / TracingInsights RaceData
2021,22,alonso,Fernando Alonso,Alpine F1 Team,11,8,3,4.0,58,FINISHED,Base Oficial Ergast Motor Racing Database / TracingInsights RaceData
2021,22,ocon,Esteban Ocon,Alpine F1 Team,9,9,0,2.0,58,FINISHED,Base Oficial Ergast Motor Racing Database / TracingInsights RaceData
2021,22,leclerc,Charles Leclerc,Ferrari,7,10,-3,1.0,58,FINISHED,Base Oficial Ergast Motor Racing Database / TracingInsights RaceData
2021,22,vettel,Sebastian Vettel,Aston Martin,15,11,4,0.0,58,FINISHED,Base Oficial Ergast Motor Racing Database / TracingInsights RaceData
2021,22,ricciardo,Daniel Ricciardo,McLaren,10,12,-2,0.0,57,+1 LAP,Base Oficial Ergast Motor Racing Database / TracingInsights RaceData
2021,22,stroll,Lance Stroll,Aston Martin,13,13,0,0.0,57,+1 LAP,Base Oficial Ergast Motor Racing Database / TracingInsights RaceData
2021,22,mick_schumacher,Mick Schumacher,Haas F1 Team,19,14,5,0.0,57,+1 LAP,Base Oficial Ergast Motor Racing Database / TracingInsights RaceData
2021,22,perez,Sergio Perez,Red Bull,4,15,-11,0.0,55,ENGINE,Base Oficial Ergast Motor Racing Database / TracingInsights RaceData
2021,22,latifi,Nicholas Latifi,Williams,16,16,0,0.0,50,ACCIDENT,Base Oficial Ergast Motor Racing Database / TracingInsights RaceData
2021,22,giovinazzi,Antonio Giovinazzi,Alfa Romeo,14,17,-3,0.0,33,GEARBOX,Base Oficial Ergast Motor Racing Database / TracingInsights RaceData
2021,22,russell,George Russell,Williams,17,18,-1,0.0,26,GEARBOX,Base Oficial Ergast Motor Racing Database / TracingInsights RaceData
2021,22,raikkonen,Kimi Raikkonen,Alfa Romeo,18,19,-1,0.0,25,BRAKES,Base Oficial Ergast Motor Racing Database / TracingInsights RaceData
2021,22,mazepin,Nikita Mazepin,Haas F1 Team,20,20,0,0.0,0,ILLNESS,Base Oficial Ergast Motor Racing Database / TracingInsights RaceData
2022,1,leclerc,Charles Leclerc,Ferrari,1,1,0,26.0,57,FINISHED,Base Oficial Ergast Motor Racing Database / TracingInsights RaceData
2022,1,sainz,Carlos Sainz,Ferrari,3,2,1,18.0,57,FINISHED,Base Oficial Ergast Motor Racing Database / TracingInsights RaceData
2022,1,hamilton,Lewis Hamilton,Mercedes,5,3,2,15.0,57,FINISHED,Base Oficial Ergast Motor Racing Database / TracingInsights RaceData
2022,1,russell,George Russell,Mercedes,9,4,5,12.0,57,FINISHED,Base Oficial Ergast Motor Racing Database / TracingInsights RaceData
2022,1,kevin_magnussen,Kevin Magnussen,Haas F1 Team,7,5,2,10.0,57,FINISHED,Base Oficial Ergast Motor Racing Database / TracingInsights RaceData
2022,1,bottas,Valtteri Bottas,Alfa Romeo,6,6,0,8.0,57,FINISHED,Base Oficial Ergast Motor Racing Database / TracingInsights RaceData
2022,1,ocon,Esteban Ocon,Alpine F1 Team,11,7,4,6.0,57,FINISHED,Base Oficial Ergast Motor Racing Database / TracingInsights RaceData
2022,1,tsunoda,Yuki Tsunoda,AlphaTauri,16,8,8,4.0,57,FINISHED,Base Oficial Ergast Motor Racing Database / TracingInsights RaceData
2022,1,alonso,Fernando Alonso,Alpine F1 Team,8,9,-1,2.0,57,FINISHED,Base Oficial Ergast Motor Racing Database / TracingInsights RaceData
2022,1,zhou,Guanyu Zhou,Alfa Romeo,15,10,5,1.0,57,FINISHED,Base Oficial Ergast Motor Racing Database / TracingInsights RaceData
2022,1,mick_schumacher,Mick Schumacher,Haas F1 Team,12,11,1,0.0,57,FINISHED,Base Oficial Ergast Motor Racing Database / TracingInsights RaceData
2022,1,stroll,Lance Stroll,Aston Martin,19,12,7,0.0,57,FINISHED,Base Oficial Ergast Motor Racing Database / TracingInsights RaceData
2022,1,albon,Alexander Albon,Williams,14,13,1,0.0,57,FINISHED,Base Oficial Ergast Motor Racing Database / TracingInsights RaceData
2022,1,ricciardo,Daniel Ricciardo,McLaren,18,14,4,0.0,57,FINISHED,Base Oficial Ergast Motor Racing Database / TracingInsights RaceData
2022,1,norris,Lando Norris,McLaren,13,15,-2,0.0,57,FINISHED,Base Oficial Ergast Motor Racing Database / TracingInsights RaceData
2022,1,latifi,Nicholas Latifi,Williams,20,16,4,0.0,57,FINISHED,Base Oficial Ergast Motor Racing Database / TracingInsights RaceData
2022,1,hulkenberg,Nico Hulkenberg,Aston Martin,17,17,0,0.0,57,FINISHED,Base Oficial Ergast Motor Racing Database / TracingInsights RaceData
2022,1,perez,Sergio Perez,Red Bull,4,18,-14,0.0,56,FUEL PRESSURE,Base Oficial Ergast Motor Racing Database / TracingInsights RaceData
2022,1,max_verstappen,Max Verstappen,Red Bull,2,19,-17,0.0,54,FUEL PRESSURE,Base Oficial Ergast Motor Racing Database / TracingInsights RaceData
2022,1,gasly,Pierre Gasly,AlphaTauri,10,20,-10,0.0,44,POWER UNIT,Base Oficial Ergast Motor Racing Database / TracingInsights RaceData
2022,2,max_verstappen,Max Verstappen,Red Bull,4,1,3,25.0,50,FINISHED,Base Oficial Ergast Motor Racing Database / TracingInsights RaceData
2022,2,leclerc,Charles Leclerc,Ferrari,2,2,0,19.0,50,FINISHED,Base Oficial Ergast Motor Racing Database / TracingInsights RaceData
2022,2,sainz,Carlos Sainz,Ferrari,3,3,0,15.0,50,FINISHED,Base Oficial Ergast Motor Racing Database / TracingInsights RaceData
2022,2,perez,Sergio Perez,Red Bull,1,4,-3,12.0,50,FINISHED,Base Oficial Ergast Motor Racing Database / TracingInsights RaceData
2022,2,russell,George Russell,Mercedes,6,5,1,10.0,50,FINISHED,Base Oficial Ergast Motor Racing Database / TracingInsights RaceData
2022,2,ocon,Esteban Ocon,Alpine F1 Team,5,6,-1,8.0,50,FINISHED,Base Oficial Ergast Motor Racing Database / TracingInsights RaceData
2022,2,norris,Lando Norris,McLaren,11,7,4,6.0,50,FINISHED,Base Oficial Ergast Motor Racing Database / TracingInsights RaceData
2022,2,gasly,Pierre Gasly,AlphaTauri,9,8,1,4.0,50,FINISHED,Base Oficial Ergast Motor Racing Database / TracingInsights RaceData
2022,2,kevin_magnussen,Kevin Magnussen,Haas F1 Team,10,9,1,2.0,50,FINISHED,Base Oficial Ergast Motor Racing Database / TracingInsights RaceData
2022,2,hamilton,Lewis Hamilton,Mercedes,15,10,5,1.0,50,FINISHED,Base Oficial Ergast Motor Racing Database / TracingInsights RaceData
2022,2,zhou,Guanyu Zhou,Alfa Romeo,12,11,1,0.0,50,FINISHED,Base Oficial Ergast Motor Racing Database / TracingInsights RaceData
2022,2,hulkenberg,Nico Hulkenberg,Aston Martin,17,12,5,0.0,50,FINISHED,Base Oficial Ergast Motor Racing Database / TracingInsights RaceData
2022,2,stroll,Lance Stroll,Aston Martin,13,13,0,0.0,49,+1 LAP,Base Oficial Ergast Motor Racing Database / TracingInsights RaceData
2022,2,albon,Alexander Albon,Williams,16,14,2,0.0,47,COLLISION DAMAGE,Base Oficial Ergast Motor Racing Database / TracingInsights RaceData
2022,2,bottas,Valtteri Bottas,Alfa Romeo,8,15,-7,0.0,36,COOLING SYSTEM,Base Oficial Ergast Motor Racing Database / TracingInsights RaceData
2022,2,alonso,Fernando Alonso,Alpine F1 Team,7,16,-9,0.0,35,WATER PUMP,Base Oficial Ergast Motor Racing Database / TracingInsights RaceData
2022,2,ricciardo,Daniel Ricciardo,McLaren,14,17,-3,0.0,35,GEARBOX,Base Oficial Ergast Motor Racing Database / TracingInsights RaceData
2022,2,latifi,Nicholas Latifi,Williams,18,18,0,0.0,14,ACCIDENT,Base Oficial Ergast Motor Racing Database / TracingInsights RaceData
2022,2,tsunoda,Yuki Tsunoda,AlphaTauri,19,19,0,0.0,0,POWER UNIT,Base Oficial Ergast Motor Racing Database / TracingInsights RaceData
2022,2,mick_schumacher,Mick Schumacher,Haas F1 Team,20,20,0,0.0,0,WITHDREW,Base Oficial Ergast Motor Racing Database / TracingInsights RaceData
2022,3,leclerc,Charles Leclerc,Ferrari,1,1,0,26.0,58,FINISHED,Base Oficial Ergast Motor Racing Database / TracingInsights RaceData
2022,3,perez,Sergio Perez,Red Bull,3,2,1,18.0,58,FINISHED,Base Oficial Ergast Motor Racing Database / TracingInsights RaceData
2022,3,russell,George Russell,Mercedes,6,3,3,15.0,58,FINISHED,Base Oficial Ergast Motor Racing Database / TracingInsights RaceData
2022,3,hamilton,Lewis Hamilton,Mercedes,5,4,1,12.0,58,FINISHED,Base Oficial Ergast Motor Racing Database / TracingInsights RaceData
2022,3,norris,Lando Norris,McLaren,4,5,-1,10.0,58,FINISHED,Base Oficial Ergast Motor Racing Database / TracingInsights RaceData
2022,3,ricciardo,Daniel Ricciardo,McLaren,7,6,1,8.0,58,FINISHED,Base Oficial Ergast Motor Racing Database / TracingInsights RaceData
2022,3,ocon,Esteban Ocon,Alpine F1 Team,8,7,1,6.0,58,FINISHED,Base Oficial Ergast Motor Racing Database / TracingInsights RaceData
2022,3,bottas,Valtteri Bottas,Alfa Romeo,12,8,4,4.0,58,FINISHED,Base Oficial Ergast Motor Racing Database / TracingInsights RaceData
2022,3,gasly,Pierre Gasly,AlphaTauri,11,9,2,2.0,58,FINISHED,Base Oficial Ergast Motor Racing Database / TracingInsights RaceData
2022,3,albon,Alexander Albon,Williams,20,10,10,1.0,58,FINISHED,Base Oficial Ergast Motor Racing Database / TracingInsights RaceData
2022,3,zhou,Guanyu Zhou,Alfa Romeo,14,11,3,0.0,58,FINISHED,Base Oficial Ergast Motor Racing Database / TracingInsights RaceData
2022,3,stroll,Lance Stroll,Aston Martin,19,12,7,0.0,58,FINISHED,Base Oficial Ergast Motor Racing Database / TracingInsights RaceData
2022,3,mick_schumacher,Mick Schumacher,Haas F1 Team,15,13,2,0.0,57,+1 LAP,Base Oficial Ergast Motor Racing Database / TracingInsights RaceData
2022,3,kevin_magnussen,Kevin Magnussen,Haas F1 Team,16,14,2,0.0,57,+1 LAP,Base Oficial Ergast Motor Racing Database / TracingInsights RaceData
2022,3,tsunoda,Yuki Tsunoda,AlphaTauri,13,15,-2,0.0,57,+1 LAP,Base Oficial Ergast Motor Racing Database / TracingInsights RaceData
2022,3,latifi,Nicholas Latifi,Williams,18,16,2,0.0,57,+1 LAP,Base Oficial Ergast Motor Racing Database / TracingInsights RaceData
2022,3,alonso,Fernando Alonso,Alpine F1 Team,10,17,-7,0.0,57,+1 LAP,Base Oficial Ergast Motor Racing Database / TracingInsights RaceData
2022,3,max_verstappen,Max Verstappen,Red Bull,2,18,-16,0.0,38,FUEL LEAK,Base Oficial Ergast Motor Racing Database / TracingInsights RaceData
2022,3,vettel,Sebastian Vettel,Aston Martin,17,19,-2,0.0,22,ACCIDENT,Base Oficial Ergast Motor Racing Database / TracingInsights RaceData
2022,3,sainz,Carlos Sainz,Ferrari,9,20,-11,0.0,1,SPUN OFF,Base Oficial Ergast Motor Racing Database / TracingInsights RaceData
2022,4,max_verstappen,Max Verstappen,Red Bull,1,1,0,26.0,63,FINISHED,Base Oficial Ergast Motor Racing Database / TracingInsights RaceData
2022,4,perez,Sergio Perez,Red Bull,3,2,1,18.0,63,FINISHED,Base Oficial Ergast Motor Racing Database / TracingInsights RaceData
2022,4,norris,Lando Norris,McLaren,5,3,2,15.0,63,FINISHED,Base Oficial Ergast Motor Racing Database / TracingInsights RaceData
2022,4,russell,George Russell,Mercedes,11,4,7,12.0,63,FINISHED,Base Oficial Ergast Motor Racing Database / TracingInsights RaceData
2022,4,bottas,Valtteri Bottas,Alfa Romeo,7,5,2,10.0,63,FINISHED,Base Oficial Ergast Motor Racing Database / TracingInsights RaceData
2022,4,leclerc,Charles Leclerc,Ferrari,2,6,-4,8.0,63,FINISHED,Base Oficial Ergast Motor Racing Database / TracingInsights RaceData
2022,4,tsunoda,Yuki Tsunoda,AlphaTauri,12,7,5,6.0,63,FINISHED,Base Oficial Ergast Motor Racing Database / TracingInsights RaceData
2022,4,vettel,Sebastian Vettel,Aston Martin,13,8,5,4.0,63,FINISHED,Base Oficial Ergast Motor Racing Database / TracingInsights RaceData
2022,4,kevin_magnussen,Kevin Magnussen,Haas F1 Team,8,9,-1,2.0,63,FINISHED,Base Oficial Ergast Motor Racing Database / TracingInsights RaceData
2022,4,stroll,Lance Stroll,Aston Martin,15,10,5,1.0,62,+1 LAP,Base Oficial Ergast Motor Racing Database / TracingInsights RaceData
2022,4,albon,Alexander Albon,Williams,18,11,7,0.0,62,+1 LAP,Base Oficial Ergast Motor Racing Database / TracingInsights RaceData
2022,4,gasly,Pierre Gasly,AlphaTauri,17,12,5,0.0,62,+1 LAP,Base Oficial Ergast Motor Racing Database / TracingInsights RaceData
2022,4,hamilton,Lewis Hamilton,Mercedes,14,13,1,0.0,62,+1 LAP,Base Oficial Ergast Motor Racing Database / TracingInsights RaceData
2022,4,ocon,Esteban Ocon,Alpine F1 Team,16,14,2,0.0,62,+1 LAP,Base Oficial Ergast Motor Racing Database / TracingInsights RaceData
2022,4,zhou,Guanyu Zhou,Alfa Romeo,20,15,5,0.0,62,+1 LAP,Base Oficial Ergast Motor Racing Database / TracingInsights RaceData
2022,4,latifi,Nicholas Latifi,Williams,19,16,3,0.0,62,+1 LAP,Base Oficial Ergast Motor Racing Database / TracingInsights RaceData
2022,4,mick_schumacher,Mick Schumacher,Haas F1 Team,10,17,-7,0.0,62,+1 LAP,Base Oficial Ergast Motor Racing Database / TracingInsights RaceData
2022,4,ricciardo,Daniel Ricciardo,McLaren,6,18,-12,0.0,62,+1 LAP,Base Oficial Ergast Motor Racing Database / TracingInsights RaceData
2022,4,alonso,Fernando Alonso,Alpine F1 Team,9,19,-10,0.0,6,COLLISION DAMAGE,Base Oficial Ergast Motor Racing Database / TracingInsights RaceData
2022,4,sainz,Carlos Sainz,Ferrari,4,20,-16,0.0,0,COLLISION,Base Oficial Ergast Motor Racing Database / TracingInsights RaceData
2022,5,max_verstappen,Max Verstappen,Red Bull,3,1,2,26.0,57,FINISHED,Base Oficial Ergast Motor Racing Database / TracingInsights RaceData
2022,5,leclerc,Charles Leclerc,Ferrari,1,2,-1,18.0,57,FINISHED,Base Oficial Ergast Motor Racing Database / TracingInsights RaceData
2022,5,sainz,Carlos Sainz,Ferrari,2,3,-1,15.0,57,FINISHED,Base Oficial Ergast Motor Racing Database / TracingInsights RaceData
2022,5,perez,Sergio Perez,Red Bull,4,4,0,12.0,57,FINISHED,Base Oficial Ergast Motor Racing Database / TracingInsights RaceData
2022,5,russell,George Russell,Mercedes,12,5,7,10.0,57,FINISHED,Base Oficial Ergast Motor Racing Database / TracingInsights RaceData
2022,5,hamilton,Lewis Hamilton,Mercedes,6,6,0,8.0,57,FINISHED,Base Oficial Ergast Motor Racing Database / TracingInsights RaceData
2022,5,bottas,Valtteri Bottas,Alfa Romeo,5,7,-2,6.0,57,FINISHED,Base Oficial Ergast Motor Racing Database / TracingInsights RaceData
2022,5,ocon,Esteban Ocon,Alpine F1 Team,20,8,12,4.0,57,FINISHED,Base Oficial Ergast Motor Racing Database / TracingInsights RaceData
2022,5,albon,Alexander Albon,Williams,18,9,9,2.0,57,FINISHED,Base Oficial Ergast Motor Racing Database / TracingInsights RaceData
2022,5,stroll,Lance Stroll,Aston Martin,20,10,10,1.0,57,FINISHED,Base Oficial Ergast Motor Racing Database / TracingInsights RaceData
2022,5,alonso,Fernando Alonso,Alpine F1 Team,11,11,0,0.0,57,FINISHED,Base Oficial Ergast Motor Racing Database / TracingInsights RaceData
2022,5,tsunoda,Yuki Tsunoda,AlphaTauri,9,12,-3,0.0,57,FINISHED,Base Oficial Ergast Motor Racing Database / TracingInsights RaceData
2022,5,ricciardo,Daniel Ricciardo,McLaren,14,13,1,0.0,57,FINISHED,Base Oficial Ergast Motor Racing Database / TracingInsights RaceData
2022,5,latifi,Nicholas Latifi,Williams,19,14,5,0.0,57,FINISHED,Base Oficial Ergast Motor Racing Database / TracingInsights RaceData
2022,5,mick_schumacher,Mick Schumacher,Haas F1 Team,15,15,0,0.0,57,FINISHED,Base Oficial Ergast Motor Racing Database / TracingInsights RaceData
2022,5,kevin_magnussen,Kevin Magnussen,Haas F1 Team,16,16,0,0.0,56,FRONT WING,Base Oficial Ergast Motor Racing Database / TracingInsights RaceData
2022,5,vettel,Sebastian Vettel,Aston Martin,20,17,3,0.0,54,COLLISION,Base Oficial Ergast Motor Racing Database / TracingInsights RaceData
2022,5,gasly,Pierre Gasly,AlphaTauri,7,18,-11,0.0,45,SUSPENSION,Base Oficial Ergast Motor Racing Database / TracingInsights RaceData
2022,5,norris,Lando Norris,McLaren,8,19,-11,0.0,39,COLLISION,Base Oficial Ergast Motor Racing Database / TracingInsights RaceData
2022,5,zhou,Guanyu Zhou,Alfa Romeo,17,20,-3,0.0,6,WATER LEAK,Base Oficial Ergast Motor Racing Database / TracingInsights RaceData
2022,6,max_verstappen,Max Verstappen,Red Bull,2,1,1,25.0,66,FINISHED,Base Oficial Ergast Motor Racing Database / TracingInsights RaceData
2022,6,perez,Sergio Perez,Red Bull,5,2,3,19.0,66,FINISHED,Base Oficial Ergast Motor Racing Database / TracingInsights RaceData
2022,6,russell,George Russell,Mercedes,4,3,1,15.0,66,FINISHED,Base Oficial Ergast Motor Racing Database / TracingInsights RaceData
2022,6,sainz,Carlos Sainz,Ferrari,3,4,-1,12.0,66,FINISHED,Base Oficial Ergast Motor Racing Database / TracingInsights RaceData
2022,6,hamilton,Lewis Hamilton,Mercedes,6,5,1,10.0,66,FINISHED,Base Oficial Ergast Motor Racing Database / TracingInsights RaceData
2022,6,bottas,Valtteri Bottas,Alfa Romeo,7,6,1,8.0,66,FINISHED,Base Oficial Ergast Motor Racing Database / TracingInsights RaceData
2022,6,ocon,Esteban Ocon,Alpine F1 Team,12,7,5,6.0,66,FINISHED,Base Oficial Ergast Motor Racing Database / TracingInsights RaceData
2022,6,norris,Lando Norris,McLaren,11,8,3,4.0,66,FINISHED,Base Oficial Ergast Motor Racing Database / TracingInsights RaceData
2022,6,alonso,Fernando Alonso,Alpine F1 Team,20,9,11,2.0,65,+1 LAP,Base Oficial Ergast Motor Racing Database / TracingInsights RaceData
2022,6,tsunoda,Yuki Tsunoda,AlphaTauri,13,10,3,1.0,65,+1 LAP,Base Oficial Ergast Motor Racing Database / TracingInsights RaceData
2022,6,vettel,Sebastian Vettel,Aston Martin,16,11,5,0.0,65,+1 LAP,Base Oficial Ergast Motor Racing Database / TracingInsights RaceData
2022,6,ricciardo,Daniel Ricciardo,McLaren,9,12,-3,0.0,65,+1 LAP,Base Oficial Ergast Motor Racing Database / TracingInsights RaceData
2022,6,gasly,Pierre Gasly,AlphaTauri,14,13,1,0.0,65,+1 LAP,Base Oficial Ergast Motor Racing Database / TracingInsights RaceData
2022,6,mick_schumacher,Mick Schumacher,Haas F1 Team,10,14,-4,0.0,65,+1 LAP,Base Oficial Ergast Motor Racing Database / TracingInsights RaceData
2022,6,stroll,Lance Stroll,Aston Martin,17,15,2,0.0,65,+1 LAP,Base Oficial Ergast Motor Racing Database / TracingInsights RaceData
2022,6,latifi,Nicholas Latifi,Williams,19,16,3,0.0,64,+2 LAPS,Base Oficial Ergast Motor Racing Database / TracingInsights RaceData
2022,6,kevin_magnussen,Kevin Magnussen,Haas F1 Team,8,17,-9,0.0,64,+2 LAPS,Base Oficial Ergast Motor Racing Database / TracingInsights RaceData
2022,6,albon,Alexander Albon,Williams,18,18,0,0.0,64,+2 LAPS,Base Oficial Ergast Motor Racing Database / TracingInsights RaceData
2022,6,zhou,Guanyu Zhou,Alfa Romeo,15,19,-4,0.0,28,POWER LOSS,Base Oficial Ergast Motor Racing Database / TracingInsights RaceData
2022,6,leclerc,Charles Leclerc,Ferrari,1,20,-19,0.0,27,TURBO,Base Oficial Ergast Motor Racing Database / TracingInsights RaceData
2022,7,perez,Sergio Perez,Red Bull,3,1,2,25.0,64,FINISHED,Base Oficial Ergast Motor Racing Database / TracingInsights RaceData
2022,7,sainz,Carlos Sainz,Ferrari,2,2,0,18.0,64,FINISHED,Base Oficial Ergast Motor Racing Database / TracingInsights RaceData
2022,7,max_verstappen,Max Verstappen,Red Bull,4,3,1,15.0,64,FINISHED,Base Oficial Ergast Motor Racing Database / TracingInsights RaceData
2022,7,leclerc,Charles Leclerc,Ferrari,1,4,-3,12.0,64,FINISHED,Base Oficial Ergast Motor Racing Database / TracingInsights RaceData
2022,7,russell,George Russell,Mercedes,6,5,1,10.0,64,FINISHED,Base Oficial Ergast Motor Racing Database / TracingInsights RaceData
2022,7,norris,Lando Norris,McLaren,5,6,-1,9.0,64,FINISHED,Base Oficial Ergast Motor Racing Database / TracingInsights RaceData
2022,7,alonso,Fernando Alonso,Alpine F1 Team,7,7,0,6.0,64,FINISHED,Base Oficial Ergast Motor Racing Database / TracingInsights RaceData
2022,7,hamilton,Lewis Hamilton,Mercedes,8,8,0,4.0,64,FINISHED,Base Oficial Ergast Motor Racing Database / TracingInsights RaceData
2022,7,bottas,Valtteri Bottas,Alfa Romeo,12,9,3,2.0,64,FINISHED,Base Oficial Ergast Motor Racing Database / TracingInsights RaceData
2022,7,vettel,Sebastian Vettel,Aston Martin,9,10,-1,1.0,64,FINISHED,Base Oficial Ergast Motor Racing Database / TracingInsights RaceData
2022,7,gasly,Pierre Gasly,AlphaTauri,17,11,6,0.0,64,FINISHED,Base Oficial Ergast Motor Racing Database / TracingInsights RaceData
2022,7,ocon,Esteban Ocon,Alpine F1 Team,10,12,-2,0.0,64,FINISHED,Base Oficial Ergast Motor Racing Database / TracingInsights RaceData
2022,7,ricciardo,Daniel Ricciardo,McLaren,14,13,1,0.0,64,FINISHED,Base Oficial Ergast Motor Racing Database / TracingInsights RaceData
2022,7,stroll,Lance Stroll,Aston Martin,18,14,4,0.0,64,FINISHED,Base Oficial Ergast Motor Racing Database / TracingInsights RaceData
2022,7,latifi,Nicholas Latifi,Williams,19,15,4,0.0,63,+1 LAP,Base Oficial Ergast Motor Racing Database / TracingInsights RaceData
2022,7,zhou,Guanyu Zhou,Alfa Romeo,20,16,4,0.0,63,+1 LAP,Base Oficial Ergast Motor Racing Database / TracingInsights RaceData
2022,7,tsunoda,Yuki Tsunoda,AlphaTauri,11,17,-6,0.0,63,+1 LAP,Base Oficial Ergast Motor Racing Database / TracingInsights RaceData
2022,7,albon,Alexander Albon,Williams,16,18,-2,0.0,48,MECHANICAL,Base Oficial Ergast Motor Racing Database / TracingInsights RaceData
2022,7,mick_schumacher,Mick Schumacher,Haas F1 Team,15,19,-4,0.0,24,ACCIDENT,Base Oficial Ergast Motor Racing Database / TracingInsights RaceData
2022,7,kevin_magnussen,Kevin Magnussen,Haas F1 Team,13,20,-7,0.0,19,WATER PRESSURE,Base Oficial Ergast Motor Racing Database / TracingInsights RaceData
2022,8,max_verstappen,Max Verstappen,Red Bull,3,1,2,25.0,51,FINISHED,Base Oficial Ergast Motor Racing Database / TracingInsights RaceData
2022,8,perez,Sergio Perez,Red Bull,2,2,0,19.0,51,FINISHED,Base Oficial Ergast Motor Racing Database / TracingInsights RaceData
2022,8,russell,George Russell,Mercedes,5,3,2,15.0,51,FINISHED,Base Oficial Ergast Motor Racing Database / TracingInsights RaceData
2022,8,hamilton,Lewis Hamilton,Mercedes,7,4,3,12.0,51,FINISHED,Base Oficial Ergast Motor Racing Database / TracingInsights RaceData
2022,8,gasly,Pierre Gasly,AlphaTauri,6,5,1,10.0,51,FINISHED,Base Oficial Ergast Motor Racing Database / TracingInsights RaceData
2022,8,vettel,Sebastian Vettel,Aston Martin,9,6,3,8.0,51,FINISHED,Base Oficial Ergast Motor Racing Database / TracingInsights RaceData
2022,8,alonso,Fernando Alonso,Alpine F1 Team,10,7,3,6.0,51,FINISHED,Base Oficial Ergast Motor Racing Database / TracingInsights RaceData
2022,8,ricciardo,Daniel Ricciardo,McLaren,12,8,4,4.0,51,FINISHED,Base Oficial Ergast Motor Racing Database / TracingInsights RaceData
2022,8,norris,Lando Norris,McLaren,11,9,2,2.0,51,FINISHED,Base Oficial Ergast Motor Racing Database / TracingInsights RaceData
2022,8,ocon,Esteban Ocon,Alpine F1 Team,13,10,3,1.0,51,FINISHED,Base Oficial Ergast Motor Racing Database / TracingInsights RaceData
2022,8,bottas,Valtteri Bottas,Alfa Romeo,15,11,4,0.0,50,+1 LAP,Base Oficial Ergast Motor Racing Database / TracingInsights RaceData
2022,8,albon,Alexander Albon,Williams,17,12,5,0.0,50,+1 LAP,Base Oficial Ergast Motor Racing Database / TracingInsights RaceData
2022,8,tsunoda,Yuki Tsunoda,AlphaTauri,8,13,-5,0.0,50,+1 LAP,Base Oficial Ergast Motor Racing Database / TracingInsights RaceData
2022,8,mick_schumacher,Mick Schumacher,Haas F1 Team,20,14,6,0.0,50,+1 LAP,Base Oficial Ergast Motor Racing Database / TracingInsights RaceData
2022,8,latifi,Nicholas Latifi,Williams,18,15,3,0.0,50,+1 LAP,Base Oficial Ergast Motor Racing Database / TracingInsights RaceData
2022,8,stroll,Lance Stroll,Aston Martin,19,16,3,0.0,46,VIBRATIONS,Base Oficial Ergast Motor Racing Database / TracingInsights RaceData
2022,8,kevin_magnussen,Kevin Magnussen,Haas F1 Team,16,17,-1,0.0,31,POWER UNIT,Base Oficial Ergast Motor Racing Database / TracingInsights RaceData
2022,8,zhou,Guanyu Zhou,Alfa Romeo,14,18,-4,0.0,23,HYDRAULICS,Base Oficial Ergast Motor Racing Database / TracingInsights RaceData
2022,8,leclerc,Charles Leclerc,Ferrari,1,19,-18,0.0,21,POWER UNIT,Base Oficial Ergast Motor Racing Database / TracingInsights RaceData
2022,8,sainz,Carlos Sainz,Ferrari,4,20,-16,0.0,8,HYDRAULICS,Base Oficial Ergast Motor Racing Database / TracingInsights RaceData
2022,9,max_verstappen,Max Verstappen,Red Bull,1,1,0,25.0,70,FINISHED,Base Oficial Ergast Motor Racing Database / TracingInsights RaceData
2022,9,sainz,Carlos Sainz,Ferrari,3,2,1,19.0,70,FINISHED,Base Oficial Ergast Motor Racing Database / TracingInsights RaceData
2022,9,hamilton,Lewis Hamilton,Mercedes,4,3,1,15.0,70,FINISHED,Base Oficial Ergast Motor Racing Database / TracingInsights RaceData
2022,9,russell,George Russell,Mercedes,8,4,4,12.0,70,FINISHED,Base Oficial Ergast Motor Racing Database / TracingInsights RaceData
2022,9,leclerc,Charles Leclerc,Ferrari,19,5,14,10.0,70,FINISHED,Base Oficial Ergast Motor Racing Database / TracingInsights RaceData
2022,9,ocon,Esteban Ocon,Alpine F1 Team,7,6,1,8.0,70,FINISHED,Base Oficial Ergast Motor Racing Database / TracingInsights RaceData
2022,9,bottas,Valtteri Bottas,Alfa Romeo,11,7,4,6.0,70,FINISHED,Base Oficial Ergast Motor Racing Database / TracingInsights RaceData
2022,9,zhou,Guanyu Zhou,Alfa Romeo,10,8,2,4.0,70,FINISHED,Base Oficial Ergast Motor Racing Database / TracingInsights RaceData
2022,9,alonso,Fernando Alonso,Alpine F1 Team,2,9,-7,2.0,70,FINISHED,Base Oficial Ergast Motor Racing Database / TracingInsights RaceData
2022,9,stroll,Lance Stroll,Aston Martin,17,10,7,1.0,70,FINISHED,Base Oficial Ergast Motor Racing Database / TracingInsights RaceData
2022,9,ricciardo,Daniel Ricciardo,McLaren,9,11,-2,0.0,70,FINISHED,Base Oficial Ergast Motor Racing Database / TracingInsights RaceData
2022,9,vettel,Sebastian Vettel,Aston Martin,16,12,4,0.0,70,FINISHED,Base Oficial Ergast Motor Racing Database / TracingInsights RaceData
2022,9,albon,Alexander Albon,Williams,12,13,-1,0.0,70,FINISHED,Base Oficial Ergast Motor Racing Database / TracingInsights RaceData
2022,9,gasly,Pierre Gasly,AlphaTauri,15,14,1,0.0,70,FINISHED,Base Oficial Ergast Motor Racing Database / TracingInsights RaceData
2022,9,norris,Lando Norris,McLaren,14,15,-1,0.0,70,FINISHED,Base Oficial Ergast Motor Racing Database / TracingInsights RaceData
2022,9,latifi,Nicholas Latifi,Williams,18,16,2,0.0,70,FINISHED,Base Oficial Ergast Motor Racing Database / TracingInsights RaceData
2022,9,kevin_magnussen,Kevin Magnussen,Haas F1 Team,5,17,-12,0.0,70,FINISHED,Base Oficial Ergast Motor Racing Database / TracingInsights RaceData
2022,9,tsunoda,Yuki Tsunoda,AlphaTauri,20,18,2,0.0,47,ACCIDENT,Base Oficial Ergast Motor Racing Database / TracingInsights RaceData
2022,9,mick_schumacher,Mick Schumacher,Haas F1 Team,6,19,-13,0.0,18,ENGINE,Base Oficial Ergast Motor Racing Database / TracingInsights RaceData
2022,9,perez,Sergio Perez,Red Bull,13,20,-7,0.0,7,GEARBOX,Base Oficial Ergast Motor Racing Database / TracingInsights RaceData
2022,10,sainz,Carlos Sainz,Ferrari,1,1,0,25.0,52,FINISHED,Base Oficial Ergast Motor Racing Database / TracingInsights RaceData
2022,10,perez,Sergio Perez,Red Bull,4,2,2,18.0,52,FINISHED,Base Oficial Ergast Motor Racing Database / TracingInsights RaceData
2022,10,hamilton,Lewis Hamilton,Mercedes,5,3,2,16.0,52,FINISHED,Base Oficial Ergast Motor Racing Database / TracingInsights RaceData
2022,10,leclerc,Charles Leclerc,Ferrari,3,4,-1,12.0,52,FINISHED,Base Oficial Ergast Motor Racing Database / TracingInsights RaceData
2022,10,alonso,Fernando Alonso,Alpine F1 Team,7,5,2,10.0,52,FINISHED,Base Oficial Ergast Motor Racing Database / TracingInsights RaceData
2022,10,norris,Lando Norris,McLaren,6,6,0,8.0,52,FINISHED,Base Oficial Ergast Motor Racing Database / TracingInsights RaceData
2022,10,max_verstappen,Max Verstappen,Red Bull,2,7,-5,6.0,52,FINISHED,Base Oficial Ergast Motor Racing Database / TracingInsights RaceData
2022,10,mick_schumacher,Mick Schumacher,Haas F1 Team,19,8,11,4.0,52,FINISHED,Base Oficial Ergast Motor Racing Database / TracingInsights RaceData
2022,10,vettel,Sebastian Vettel,Aston Martin,18,9,9,2.0,52,FINISHED,Base Oficial Ergast Motor Racing Database / TracingInsights RaceData
2022,10,kevin_magnussen,Kevin Magnussen,Haas F1 Team,17,10,7,1.0,52,FINISHED,Base Oficial Ergast Motor Racing Database / TracingInsights RaceData
2022,10,stroll,Lance Stroll,Aston Martin,20,11,9,0.0,52,FINISHED,Base Oficial Ergast Motor Racing Database / TracingInsights RaceData
2022,10,latifi,Nicholas Latifi,Williams,10,12,-2,0.0,52,FINISHED,Base Oficial Ergast Motor Racing Database / TracingInsights RaceData
2022,10,ricciardo,Daniel Ricciardo,McLaren,14,13,1,0.0,52,FINISHED,Base Oficial Ergast Motor Racing Database / TracingInsights RaceData
2022,10,tsunoda,Yuki Tsunoda,AlphaTauri,13,14,-1,0.0,52,FINISHED,Base Oficial Ergast Motor Racing Database / TracingInsights RaceData
2022,10,ocon,Esteban Ocon,Alpine F1 Team,15,15,0,0.0,37,FUEL PUMP,Base Oficial Ergast Motor Racing Database / TracingInsights RaceData
2022,10,gasly,Pierre Gasly,AlphaTauri,11,16,-5,0.0,26,COLLISION DAMAGE,Base Oficial Ergast Motor Racing Database / TracingInsights RaceData
2022,10,bottas,Valtteri Bottas,Alfa Romeo,12,17,-5,0.0,20,GEARBOX,Base Oficial Ergast Motor Racing Database / TracingInsights RaceData
2022,10,russell,George Russell,Mercedes,8,18,-10,0.0,0,COLLISION,Base Oficial Ergast Motor Racing Database / TracingInsights RaceData
2022,10,zhou,Guanyu Zhou,Alfa Romeo,9,19,-10,0.0,0,COLLISION,Base Oficial Ergast Motor Racing Database / TracingInsights RaceData
2022,10,albon,Alexander Albon,Williams,16,20,-4,0.0,0,COLLISION,Base Oficial Ergast Motor Racing Database / TracingInsights RaceData
2022,11,leclerc,Charles Leclerc,Ferrari,2,1,1,25.0,71,FINISHED,Base Oficial Ergast Motor Racing Database / TracingInsights RaceData
2022,11,max_verstappen,Max Verstappen,Red Bull,1,2,-1,19.0,71,FINISHED,Base Oficial Ergast Motor Racing Database / TracingInsights RaceData
2022,11,hamilton,Lewis Hamilton,Mercedes,8,3,5,15.0,71,FINISHED,Base Oficial Ergast Motor Racing Database / TracingInsights RaceData
2022,11,russell,George Russell,Mercedes,4,4,0,12.0,71,FINISHED,Base Oficial Ergast Motor Racing Database / TracingInsights RaceData
2022,11,ocon,Esteban Ocon,Alpine F1 Team,6,5,1,10.0,71,FINISHED,Base Oficial Ergast Motor Racing Database / TracingInsights RaceData
2022,11,mick_schumacher,Mick Schumacher,Haas F1 Team,9,6,3,8.0,70,+1 LAP,Base Oficial Ergast Motor Racing Database / TracingInsights RaceData
2022,11,norris,Lando Norris,McLaren,10,7,3,6.0,70,+1 LAP,Base Oficial Ergast Motor Racing Database / TracingInsights RaceData
2022,11,kevin_magnussen,Kevin Magnussen,Haas F1 Team,7,8,-1,4.0,70,+1 LAP,Base Oficial Ergast Motor Racing Database / TracingInsights RaceData
2022,11,ricciardo,Daniel Ricciardo,McLaren,11,9,2,2.0,70,+1 LAP,Base Oficial Ergast Motor Racing Database / TracingInsights RaceData
2022,11,alonso,Fernando Alonso,Alpine F1 Team,19,10,9,1.0,70,+1 LAP,Base Oficial Ergast Motor Racing Database / TracingInsights RaceData
2022,11,bottas,Valtteri Bottas,Alfa Romeo,20,11,9,0.0,70,+1 LAP,Base Oficial Ergast Motor Racing Database / TracingInsights RaceData
2022,11,albon,Alexander Albon,Williams,15,12,3,0.0,70,+1 LAP,Base Oficial Ergast Motor Racing Database / TracingInsights RaceData
2022,11,stroll,Lance Stroll,Aston Martin,12,13,-1,0.0,70,+1 LAP,Base Oficial Ergast Motor Racing Database / TracingInsights RaceData
2022,11,zhou,Guanyu Zhou,Alfa Romeo,13,14,-1,0.0,70,+1 LAP,Base Oficial Ergast Motor Racing Database / TracingInsights RaceData
2022,11,gasly,Pierre Gasly,AlphaTauri,14,15,-1,0.0,70,+1 LAP,Base Oficial Ergast Motor Racing Database / TracingInsights RaceData
2022,11,tsunoda,Yuki Tsunoda,AlphaTauri,16,16,0,0.0,70,+1 LAP,Base Oficial Ergast Motor Racing Database / TracingInsights RaceData
2022,11,vettel,Sebastian Vettel,Aston Martin,18,17,1,0.0,70,+1 LAP,Base Oficial Ergast Motor Racing Database / TracingInsights RaceData
2022,11,sainz,Carlos Sainz,Ferrari,3,18,-15,0.0,56,POWER UNIT,Base Oficial Ergast Motor Racing Database / TracingInsights RaceData
2022,11,latifi,Nicholas Latifi,Williams,17,19,-2,0.0,48,UNDERTRAY,Base Oficial Ergast Motor Racing Database / TracingInsights RaceData
2022,11,perez,Sergio Perez,Red Bull,5,20,-15,0.0,24,COLLISION DAMAGE,Base Oficial Ergast Motor Racing Database / TracingInsights RaceData
2022,12,max_verstappen,Max Verstappen,Red Bull,2,1,1,25.0,53,FINISHED,Base Oficial Ergast Motor Racing Database / TracingInsights RaceData
2022,12,hamilton,Lewis Hamilton,Mercedes,4,2,2,18.0,53,FINISHED,Base Oficial Ergast Motor Racing Database / TracingInsights RaceData
2022,12,russell,George Russell,Mercedes,6,3,3,15.0,53,FINISHED,Base Oficial Ergast Motor Racing Database / TracingInsights RaceData
2022,12,perez,Sergio Perez,Red Bull,3,4,-1,12.0,53,FINISHED,Base Oficial Ergast Motor Racing Database / TracingInsights RaceData
2022,12,sainz,Carlos Sainz,Ferrari,19,5,14,11.0,53,FINISHED,Base Oficial Ergast Motor Racing Database / TracingInsights RaceData
2022,12,alonso,Fernando Alonso,Alpine F1 Team,7,6,1,8.0,53,FINISHED,Base Oficial Ergast Motor Racing Database / TracingInsights RaceData
2022,12,norris,Lando Norris,McLaren,5,7,-2,6.0,53,FINISHED,Base Oficial Ergast Motor Racing Database / TracingInsights RaceData
2022,12,ocon,Esteban Ocon,Alpine F1 Team,10,8,2,4.0,53,FINISHED,Base Oficial Ergast Motor Racing Database / TracingInsights RaceData
2022,12,ricciardo,Daniel Ricciardo,McLaren,9,9,0,2.0,53,FINISHED,Base Oficial Ergast Motor Racing Database / TracingInsights RaceData
2022,12,stroll,Lance Stroll,Aston Martin,15,10,5,1.0,53,FINISHED,Base Oficial Ergast Motor Racing Database / TracingInsights RaceData
2022,12,vettel,Sebastian Vettel,Aston Martin,12,11,1,0.0,53,FINISHED,Base Oficial Ergast Motor Racing Database / TracingInsights RaceData
2022,12,gasly,Pierre Gasly,AlphaTauri,14,12,2,0.0,53,FINISHED,Base Oficial Ergast Motor Racing Database / TracingInsights RaceData
2022,12,albon,Alexander Albon,Williams,13,13,0,0.0,53,FINISHED,Base Oficial Ergast Motor Racing Database / TracingInsights RaceData
2022,12,bottas,Valtteri Bottas,Alfa Romeo,11,14,-3,0.0,53,FINISHED,Base Oficial Ergast Motor Racing Database / TracingInsights RaceData
2022,12,mick_schumacher,Mick Schumacher,Haas F1 Team,17,15,2,0.0,53,FINISHED,Base Oficial Ergast Motor Racing Database / TracingInsights RaceData
2022,12,zhou,Guanyu Zhou,Alfa Romeo,16,16,0,0.0,47,+6 LAPS,Base Oficial Ergast Motor Racing Database / TracingInsights RaceData
2022,12,latifi,Nicholas Latifi,Williams,18,17,1,0.0,40,COLLISION DAMAGE,Base Oficial Ergast Motor Racing Database / TracingInsights RaceData
2022,12,kevin_magnussen,Kevin Magnussen,Haas F1 Team,20,18,2,0.0,37,COLLISION DAMAGE,Base Oficial Ergast Motor Racing Database / TracingInsights RaceData
2022,12,leclerc,Charles Leclerc,Ferrari,1,19,-18,0.0,17,ACCIDENT,Base Oficial Ergast Motor Racing Database / TracingInsights RaceData
2022,12,tsunoda,Yuki Tsunoda,AlphaTauri,8,20,-12,0.0,17,UNDERTRAY,Base Oficial Ergast Motor Racing Database / TracingInsights RaceData
2022,13,max_verstappen,Max Verstappen,Red Bull,10,1,9,25.0,70,FINISHED,Base Oficial Ergast Motor Racing Database / TracingInsights RaceData
2022,13,hamilton,Lewis Hamilton,Mercedes,7,2,5,19.0,70,FINISHED,Base Oficial Ergast Motor Racing Database / TracingInsights RaceData
2022,13,russell,George Russell,Mercedes,1,3,-2,15.0,70,FINISHED,Base Oficial Ergast Motor Racing Database / TracingInsights RaceData
2022,13,sainz,Carlos Sainz,Ferrari,2,4,-2,12.0,70,FINISHED,Base Oficial Ergast Motor Racing Database / TracingInsights RaceData
2022,13,perez,Sergio Perez,Red Bull,11,5,6,10.0,70,FINISHED,Base Oficial Ergast Motor Racing Database / TracingInsights RaceData
2022,13,leclerc,Charles Leclerc,Ferrari,3,6,-3,8.0,70,FINISHED,Base Oficial Ergast Motor Racing Database / TracingInsights RaceData
2022,13,norris,Lando Norris,McLaren,4,7,-3,6.0,70,FINISHED,Base Oficial Ergast Motor Racing Database / TracingInsights RaceData
2022,13,alonso,Fernando Alonso,Alpine F1 Team,6,8,-2,4.0,69,+1 LAP,Base Oficial Ergast Motor Racing Database / TracingInsights RaceData
2022,13,ocon,Esteban Ocon,Alpine F1 Team,5,9,-4,2.0,69,+1 LAP,Base Oficial Ergast Motor Racing Database / TracingInsights RaceData
2022,13,vettel,Sebastian Vettel,Aston Martin,18,10,8,1.0,69,+1 LAP,Base Oficial Ergast Motor Racing Database / TracingInsights RaceData
2022,13,stroll,Lance Stroll,Aston Martin,14,11,3,0.0,69,+1 LAP,Base Oficial Ergast Motor Racing Database / TracingInsights RaceData
2022,13,gasly,Pierre Gasly,AlphaTauri,20,12,8,0.0,69,+1 LAP,Base Oficial Ergast Motor Racing Database / TracingInsights RaceData
2022,13,zhou,Guanyu Zhou,Alfa Romeo,12,13,-1,0.0,69,+1 LAP,Base Oficial Ergast Motor Racing Database / TracingInsights RaceData
2022,13,mick_schumacher,Mick Schumacher,Haas F1 Team,15,14,1,0.0,69,+1 LAP,Base Oficial Ergast Motor Racing Database / TracingInsights RaceData
2022,13,ricciardo,Daniel Ricciardo,McLaren,9,15,-6,0.0,69,+1 LAP,Base Oficial Ergast Motor Racing Database / TracingInsights RaceData
2022,13,kevin_magnussen,Kevin Magnussen,Haas F1 Team,13,16,-3,0.0,69,+1 LAP,Base Oficial Ergast Motor Racing Database / TracingInsights RaceData
2022,13,albon,Alexander Albon,Williams,17,17,0,0.0,69,+1 LAP,Base Oficial Ergast Motor Racing Database / TracingInsights RaceData
2022,13,latifi,Nicholas Latifi,Williams,19,18,1,0.0,69,+1 LAP,Base Oficial Ergast Motor Racing Database / TracingInsights RaceData
2022,13,tsunoda,Yuki Tsunoda,AlphaTauri,16,19,-3,0.0,68,+2 LAPS,Base Oficial Ergast Motor Racing Database / TracingInsights RaceData
2022,13,bottas,Valtteri Bottas,Alfa Romeo,8,20,-12,0.0,65,POWER UNIT,Base Oficial Ergast Motor Racing Database / TracingInsights RaceData
2022,14,max_verstappen,Max Verstappen,Red Bull,14,1,13,26.0,44,FINISHED,Base Oficial Ergast Motor Racing Database / TracingInsights RaceData
2022,14,perez,Sergio Perez,Red Bull,2,2,0,18.0,44,FINISHED,Base Oficial Ergast Motor Racing Database / TracingInsights RaceData
2022,14,sainz,Carlos Sainz,Ferrari,1,3,-2,15.0,44,FINISHED,Base Oficial Ergast Motor Racing Database / TracingInsights RaceData
2022,14,russell,George Russell,Mercedes,5,4,1,12.0,44,FINISHED,Base Oficial Ergast Motor Racing Database / TracingInsights RaceData
2022,14,alonso,Fernando Alonso,Alpine F1 Team,3,5,-2,10.0,44,FINISHED,Base Oficial Ergast Motor Racing Database / TracingInsights RaceData
2022,14,leclerc,Charles Leclerc,Ferrari,15,6,9,8.0,44,FINISHED,Base Oficial Ergast Motor Racing Database / TracingInsights RaceData
2022,14,ocon,Esteban Ocon,Alpine F1 Team,16,7,9,6.0,44,FINISHED,Base Oficial Ergast Motor Racing Database / TracingInsights RaceData
2022,14,vettel,Sebastian Vettel,Aston Martin,10,8,2,4.0,44,FINISHED,Base Oficial Ergast Motor Racing Database / TracingInsights RaceData
2022,14,gasly,Pierre Gasly,AlphaTauri,20,9,11,2.0,44,FINISHED,Base Oficial Ergast Motor Racing Database / TracingInsights RaceData
2022,14,albon,Alexander Albon,Williams,6,10,-4,1.0,44,FINISHED,Base Oficial Ergast Motor Racing Database / TracingInsights RaceData
2022,14,stroll,Lance Stroll,Aston Martin,9,11,-2,0.0,44,FINISHED,Base Oficial Ergast Motor Racing Database / TracingInsights RaceData
2022,14,norris,Lando Norris,McLaren,17,12,5,0.0,44,FINISHED,Base Oficial Ergast Motor Racing Database / TracingInsights RaceData
2022,14,tsunoda,Yuki Tsunoda,AlphaTauri,20,13,7,0.0,44,FINISHED,Base Oficial Ergast Motor Racing Database / TracingInsights RaceData
2022,14,zhou,Guanyu Zhou,Alfa Romeo,18,14,4,0.0,44,FINISHED,Base Oficial Ergast Motor Racing Database / TracingInsights RaceData
2022,14,ricciardo,Daniel Ricciardo,McLaren,7,15,-8,0.0,44,FINISHED,Base Oficial Ergast Motor Racing Database / TracingInsights RaceData
2022,14,kevin_magnussen,Kevin Magnussen,Haas F1 Team,12,16,-4,0.0,43,+1 LAP,Base Oficial Ergast Motor Racing Database / TracingInsights RaceData
2022,14,mick_schumacher,Mick Schumacher,Haas F1 Team,19,17,2,0.0,43,+1 LAP,Base Oficial Ergast Motor Racing Database / TracingInsights RaceData
2022,14,latifi,Nicholas Latifi,Williams,11,18,-7,0.0,43,+1 LAP,Base Oficial Ergast Motor Racing Database / TracingInsights RaceData
2022,14,bottas,Valtteri Bottas,Alfa Romeo,13,19,-6,0.0,1,ACCIDENT,Base Oficial Ergast Motor Racing Database / TracingInsights RaceData
2022,14,hamilton,Lewis Hamilton,Mercedes,4,20,-16,0.0,0,COLLISION DAMAGE,Base Oficial Ergast Motor Racing Database / TracingInsights RaceData
2022,15,max_verstappen,Max Verstappen,Red Bull,1,1,0,26.0,72,FINISHED,Base Oficial Ergast Motor Racing Database / TracingInsights RaceData
2022,15,russell,George Russell,Mercedes,6,2,4,18.0,72,FINISHED,Base Oficial Ergast Motor Racing Database / TracingInsights RaceData
2022,15,leclerc,Charles Leclerc,Ferrari,2,3,-1,15.0,72,FINISHED,Base Oficial Ergast Motor Racing Database / TracingInsights RaceData
2022,15,hamilton,Lewis Hamilton,Mercedes,4,4,0,12.0,72,FINISHED,Base Oficial Ergast Motor Racing Database / TracingInsights RaceData
2022,15,perez,Sergio Perez,Red Bull,5,5,0,10.0,72,FINISHED,Base Oficial Ergast Motor Racing Database / TracingInsights RaceData
2022,15,alonso,Fernando Alonso,Alpine F1 Team,13,6,7,8.0,72,FINISHED,Base Oficial Ergast Motor Racing Database / TracingInsights RaceData
2022,15,norris,Lando Norris,McLaren,7,7,0,6.0,72,FINISHED,Base Oficial Ergast Motor Racing Database / TracingInsights RaceData
2022,15,sainz,Carlos Sainz,Ferrari,3,8,-5,4.0,72,FINISHED,Base Oficial Ergast Motor Racing Database / TracingInsights RaceData
2022,15,ocon,Esteban Ocon,Alpine F1 Team,12,9,3,2.0,72,FINISHED,Base Oficial Ergast Motor Racing Database / TracingInsights RaceData
2022,15,stroll,Lance Stroll,Aston Martin,10,10,0,1.0,72,FINISHED,Base Oficial Ergast Motor Racing Database / TracingInsights RaceData
2022,15,gasly,Pierre Gasly,AlphaTauri,11,11,0,0.0,72,FINISHED,Base Oficial Ergast Motor Racing Database / TracingInsights RaceData
2022,15,albon,Alexander Albon,Williams,15,12,3,0.0,72,FINISHED,Base Oficial Ergast Motor Racing Database / TracingInsights RaceData
2022,15,mick_schumacher,Mick Schumacher,Haas F1 Team,8,13,-5,0.0,72,FINISHED,Base Oficial Ergast Motor Racing Database / TracingInsights RaceData
2022,15,vettel,Sebastian Vettel,Aston Martin,19,14,5,0.0,72,FINISHED,Base Oficial Ergast Motor Racing Database / TracingInsights RaceData
2022,15,kevin_magnussen,Kevin Magnussen,Haas F1 Team,18,15,3,0.0,72,FINISHED,Base Oficial Ergast Motor Racing Database / TracingInsights RaceData
2022,15,zhou,Guanyu Zhou,Alfa Romeo,14,16,-2,0.0,72,FINISHED,Base Oficial Ergast Motor Racing Database / TracingInsights RaceData
2022,15,ricciardo,Daniel Ricciardo,McLaren,17,17,0,0.0,72,FINISHED,Base Oficial Ergast Motor Racing Database / TracingInsights RaceData
2022,15,latifi,Nicholas Latifi,Williams,20,18,2,0.0,71,+1 LAP,Base Oficial Ergast Motor Racing Database / TracingInsights RaceData
2022,15,bottas,Valtteri Bottas,Alfa Romeo,16,19,-3,0.0,53,ENGINE,Base Oficial Ergast Motor Racing Database / TracingInsights RaceData
2022,15,tsunoda,Yuki Tsunoda,AlphaTauri,9,20,-11,0.0,43,DIFFERENTIAL,Base Oficial Ergast Motor Racing Database / TracingInsights RaceData
2022,16,max_verstappen,Max Verstappen,Red Bull,7,1,6,25.0,53,FINISHED,Base Oficial Ergast Motor Racing Database / TracingInsights RaceData
2022,16,leclerc,Charles Leclerc,Ferrari,1,2,-1,18.0,53,FINISHED,Base Oficial Ergast Motor Racing Database / TracingInsights RaceData
2022,16,russell,George Russell,Mercedes,2,3,-1,15.0,53,FINISHED,Base Oficial Ergast Motor Racing Database / TracingInsights RaceData
2022,16,sainz,Carlos Sainz,Ferrari,18,4,14,12.0,53,FINISHED,Base Oficial Ergast Motor Racing Database / TracingInsights RaceData
2022,16,hamilton,Lewis Hamilton,Mercedes,19,5,14,10.0,53,FINISHED,Base Oficial Ergast Motor Racing Database / TracingInsights RaceData
2022,16,perez,Sergio Perez,Red Bull,13,6,7,9.0,53,FINISHED,Base Oficial Ergast Motor Racing Database / TracingInsights RaceData
2022,16,norris,Lando Norris,McLaren,3,7,-4,6.0,53,FINISHED,Base Oficial Ergast Motor Racing Database / TracingInsights RaceData
2022,16,gasly,Pierre Gasly,AlphaTauri,5,8,-3,4.0,53,FINISHED,Base Oficial Ergast Motor Racing Database / TracingInsights RaceData
2022,16,de_vries,Nyck de Vries,Williams,8,9,-1,2.0,53,FINISHED,Base Oficial Ergast Motor Racing Database / TracingInsights RaceData
2022,16,zhou,Guanyu Zhou,Alfa Romeo,9,10,-1,1.0,53,FINISHED,Base Oficial Ergast Motor Racing Database / TracingInsights RaceData
2022,16,ocon,Esteban Ocon,Alpine F1 Team,14,11,3,0.0,53,FINISHED,Base Oficial Ergast Motor Racing Database / TracingInsights RaceData
2022,16,mick_schumacher,Mick Schumacher,Haas F1 Team,17,12,5,0.0,53,FINISHED,Base Oficial Ergast Motor Racing Database / TracingInsights RaceData
2022,16,bottas,Valtteri Bottas,Alfa Romeo,15,13,2,0.0,52,+1 LAP,Base Oficial Ergast Motor Racing Database / TracingInsights RaceData
2022,16,tsunoda,Yuki Tsunoda,AlphaTauri,20,14,6,0.0,52,+1 LAP,Base Oficial Ergast Motor Racing Database / TracingInsights RaceData
2022,16,latifi,Nicholas Latifi,Williams,10,15,-5,0.0,52,+1 LAP,Base Oficial Ergast Motor Racing Database / TracingInsights RaceData
2022,16,kevin_magnussen,Kevin Magnussen,Haas F1 Team,16,16,0,0.0,52,+1 LAP,Base Oficial Ergast Motor Racing Database / TracingInsights RaceData
2022,16,ricciardo,Daniel Ricciardo,McLaren,4,17,-13,0.0,45,OIL LEAK,Base Oficial Ergast Motor Racing Database / TracingInsights RaceData
2022,16,stroll,Lance Stroll,Aston Martin,12,18,-6,0.0,39,ENGINE,Base Oficial Ergast Motor Racing Database / TracingInsights RaceData
2022,16,alonso,Fernando Alonso,Alpine F1 Team,6,19,-13,0.0,31,WATER PRESSURE,Base Oficial Ergast Motor Racing Database / TracingInsights RaceData
2022,16,vettel,Sebastian Vettel,Aston Martin,11,20,-9,0.0,10,ENGINE,Base Oficial Ergast Motor Racing Database / TracingInsights RaceData
2022,17,perez,Sergio Perez,Red Bull,2,1,1,25.0,59,FINISHED,Base Oficial Ergast Motor Racing Database / TracingInsights RaceData
2022,17,leclerc,Charles Leclerc,Ferrari,1,2,-1,18.0,59,FINISHED,Base Oficial Ergast Motor Racing Database / TracingInsights RaceData
2022,17,sainz,Carlos Sainz,Ferrari,4,3,1,15.0,59,FINISHED,Base Oficial Ergast Motor Racing Database / TracingInsights RaceData
2022,17,norris,Lando Norris,McLaren,6,4,2,12.0,59,FINISHED,Base Oficial Ergast Motor Racing Database / TracingInsights RaceData
2022,17,ricciardo,Daniel Ricciardo,McLaren,16,5,11,10.0,59,FINISHED,Base Oficial Ergast Motor Racing Database / TracingInsights RaceData
2022,17,stroll,Lance Stroll,Aston Martin,11,6,5,8.0,59,FINISHED,Base Oficial Ergast Motor Racing Database / TracingInsights RaceData
2022,17,max_verstappen,Max Verstappen,Red Bull,8,7,1,6.0,59,FINISHED,Base Oficial Ergast Motor Racing Database / TracingInsights RaceData
2022,17,vettel,Sebastian Vettel,Aston Martin,13,8,5,4.0,59,FINISHED,Base Oficial Ergast Motor Racing Database / TracingInsights RaceData
2022,17,hamilton,Lewis Hamilton,Mercedes,3,9,-6,2.0,59,FINISHED,Base Oficial Ergast Motor Racing Database / TracingInsights RaceData
2022,17,gasly,Pierre Gasly,AlphaTauri,7,10,-3,1.0,59,FINISHED,Base Oficial Ergast Motor Racing Database / TracingInsights RaceData
2022,17,bottas,Valtteri Bottas,Alfa Romeo,15,11,4,0.0,59,FINISHED,Base Oficial Ergast Motor Racing Database / TracingInsights RaceData
2022,17,kevin_magnussen,Kevin Magnussen,Haas F1 Team,9,12,-3,0.0,59,FINISHED,Base Oficial Ergast Motor Racing Database / TracingInsights RaceData
2022,17,mick_schumacher,Mick Schumacher,Haas F1 Team,12,13,-1,0.0,58,+1 LAP,Base Oficial Ergast Motor Racing Database / TracingInsights RaceData
2022,17,russell,George Russell,Mercedes,20,14,6,0.0,57,+2 LAPS,Base Oficial Ergast Motor Racing Database / TracingInsights RaceData
2022,17,tsunoda,Yuki Tsunoda,AlphaTauri,10,15,-5,0.0,34,ACCIDENT,Base Oficial Ergast Motor Racing Database / TracingInsights RaceData
2022,17,ocon,Esteban Ocon,Alpine F1 Team,17,16,1,0.0,26,ENGINE,Base Oficial Ergast Motor Racing Database / TracingInsights RaceData
2022,17,albon,Alexander Albon,Williams,18,17,1,0.0,25,COLLISION DAMAGE,Base Oficial Ergast Motor Racing Database / TracingInsights RaceData
2022,17,alonso,Fernando Alonso,Alpine F1 Team,5,18,-13,0.0,20,ENGINE,Base Oficial Ergast Motor Racing Database / TracingInsights RaceData
2022,17,latifi,Nicholas Latifi,Williams,19,19,0,0.0,7,COLLISION DAMAGE,Base Oficial Ergast Motor Racing Database / TracingInsights RaceData
2022,17,zhou,Guanyu Zhou,Alfa Romeo,14,20,-6,0.0,6,COLLISION,Base Oficial Ergast Motor Racing Database / TracingInsights RaceData
2022,18,max_verstappen,Max Verstappen,Red Bull,1,1,0,25.0,28,FINISHED,Base Oficial Ergast Motor Racing Database / TracingInsights RaceData
2022,18,perez,Sergio Perez,Red Bull,4,2,2,18.0,28,FINISHED,Base Oficial Ergast Motor Racing Database / TracingInsights RaceData
2022,18,leclerc,Charles Leclerc,Ferrari,2,3,-1,15.0,28,FINISHED,Base Oficial Ergast Motor Racing Database / TracingInsights RaceData
2022,18,ocon,Esteban Ocon,Alpine F1 Team,5,4,1,12.0,28,FINISHED,Base Oficial Ergast Motor Racing Database / TracingInsights RaceData
2022,18,hamilton,Lewis Hamilton,Mercedes,6,5,1,10.0,28,FINISHED,Base Oficial Ergast Motor Racing Database / TracingInsights RaceData
2022,18,vettel,Sebastian Vettel,Aston Martin,9,6,3,8.0,28,FINISHED,Base Oficial Ergast Motor Racing Database / TracingInsights RaceData
2022,18,alonso,Fernando Alonso,Alpine F1 Team,7,7,0,6.0,28,FINISHED,Base Oficial Ergast Motor Racing Database / TracingInsights RaceData
2022,18,russell,George Russell,Mercedes,8,8,0,4.0,28,FINISHED,Base Oficial Ergast Motor Racing Database / TracingInsights RaceData
2022,18,latifi,Nicholas Latifi,Williams,20,9,11,2.0,28,FINISHED,Base Oficial Ergast Motor Racing Database / TracingInsights RaceData
2022,18,norris,Lando Norris,McLaren,10,10,0,1.0,28,FINISHED,Base Oficial Ergast Motor Racing Database / TracingInsights RaceData
2022,18,ricciardo,Daniel Ricciardo,McLaren,11,11,0,0.0,28,FINISHED,Base Oficial Ergast Motor Racing Database / TracingInsights RaceData
2022,18,stroll,Lance Stroll,Aston Martin,19,12,7,0.0,28,FINISHED,Base Oficial Ergast Motor Racing Database / TracingInsights RaceData
2022,18,tsunoda,Yuki Tsunoda,AlphaTauri,13,13,0,0.0,28,FINISHED,Base Oficial Ergast Motor Racing Database / TracingInsights RaceData
2022,18,kevin_magnussen,Kevin Magnussen,Haas F1 Team,18,14,4,0.0,28,FINISHED,Base Oficial Ergast Motor Racing Database / TracingInsights RaceData
2022,18,bottas,Valtteri Bottas,Alfa Romeo,12,15,-3,0.0,28,FINISHED,Base Oficial Ergast Motor Racing Database / TracingInsights RaceData
2022,18,zhou,Guanyu Zhou,Alfa Romeo,14,16,-2,0.0,28,FINISHED,Base Oficial Ergast Motor Racing Database / TracingInsights RaceData
2022,18,mick_schumacher,Mick Schumacher,Haas F1 Team,15,17,-2,0.0,28,FINISHED,Base Oficial Ergast Motor Racing Database / TracingInsights RaceData
2022,18,gasly,Pierre Gasly,AlphaTauri,17,18,-1,0.0,28,FINISHED,Base Oficial Ergast Motor Racing Database / TracingInsights RaceData
2022,18,sainz,Carlos Sainz,Ferrari,3,19,-16,0.0,0,ACCIDENT,Base Oficial Ergast Motor Racing Database / TracingInsights RaceData
2022,18,albon,Alexander Albon,Williams,16,20,-4,0.0,0,HYDRAULICS,Base Oficial Ergast Motor Racing Database / TracingInsights RaceData
2022,19,max_verstappen,Max Verstappen,Red Bull,2,1,1,25.0,56,FINISHED,Base Oficial Ergast Motor Racing Database / TracingInsights RaceData
2022,19,hamilton,Lewis Hamilton,Mercedes,3,2,1,18.0,56,FINISHED,Base Oficial Ergast Motor Racing Database / TracingInsights RaceData
2022,19,leclerc,Charles Leclerc,Ferrari,12,3,9,15.0,56,FINISHED,Base Oficial Ergast Motor Racing Database / TracingInsights RaceData
2022,19,perez,Sergio Perez,Red Bull,9,4,5,12.0,56,FINISHED,Base Oficial Ergast Motor Racing Database / TracingInsights RaceData
2022,19,russell,George Russell,Mercedes,4,5,-1,11.0,56,FINISHED,Base Oficial Ergast Motor Racing Database / TracingInsights RaceData
2022,19,norris,Lando Norris,McLaren,6,6,0,8.0,56,FINISHED,Base Oficial Ergast Motor Racing Database / TracingInsights RaceData
2022,19,alonso,Fernando Alonso,Alpine F1 Team,14,7,7,6.0,56,FINISHED,Base Oficial Ergast Motor Racing Database / TracingInsights RaceData
2022,19,vettel,Sebastian Vettel,Aston Martin,10,8,2,4.0,56,FINISHED,Base Oficial Ergast Motor Racing Database / TracingInsights RaceData
2022,19,kevin_magnussen,Kevin Magnussen,Haas F1 Team,13,9,4,2.0,56,FINISHED,Base Oficial Ergast Motor Racing Database / TracingInsights RaceData
2022,19,tsunoda,Yuki Tsunoda,AlphaTauri,19,10,9,1.0,56,FINISHED,Base Oficial Ergast Motor Racing Database / TracingInsights RaceData
2022,19,ocon,Esteban Ocon,Alpine F1 Team,20,11,9,0.0,56,FINISHED,Base Oficial Ergast Motor Racing Database / TracingInsights RaceData
2022,19,zhou,Guanyu Zhou,Alfa Romeo,18,12,6,0.0,56,FINISHED,Base Oficial Ergast Motor Racing Database / TracingInsights RaceData
2022,19,albon,Alexander Albon,Williams,8,13,-5,0.0,56,FINISHED,Base Oficial Ergast Motor Racing Database / TracingInsights RaceData
2022,19,gasly,Pierre Gasly,AlphaTauri,11,14,-3,0.0,56,FINISHED,Base Oficial Ergast Motor Racing Database / TracingInsights RaceData
2022,19,mick_schumacher,Mick Schumacher,Haas F1 Team,16,15,1,0.0,56,FINISHED,Base Oficial Ergast Motor Racing Database / TracingInsights RaceData
2022,19,ricciardo,Daniel Ricciardo,McLaren,15,16,-1,0.0,56,FINISHED,Base Oficial Ergast Motor Racing Database / TracingInsights RaceData
2022,19,latifi,Nicholas Latifi,Williams,17,17,0,0.0,56,FINISHED,Base Oficial Ergast Motor Racing Database / TracingInsights RaceData
2022,19,stroll,Lance Stroll,Aston Martin,5,18,-13,0.0,21,COLLISION,Base Oficial Ergast Motor Racing Database / TracingInsights RaceData
2022,19,bottas,Valtteri Bottas,Alfa Romeo,7,19,-12,0.0,16,SPUN OFF,Base Oficial Ergast Motor Racing Database / TracingInsights RaceData
2022,19,sainz,Carlos Sainz,Ferrari,1,20,-19,0.0,1,COLLISION DAMAGE,Base Oficial Ergast Motor Racing Database / TracingInsights RaceData
2022,20,max_verstappen,Max Verstappen,Red Bull,1,1,0,25.0,71,FINISHED,Base Oficial Ergast Motor Racing Database / TracingInsights RaceData
2022,20,hamilton,Lewis Hamilton,Mercedes,3,2,1,18.0,71,FINISHED,Base Oficial Ergast Motor Racing Database / TracingInsights RaceData
2022,20,perez,Sergio Perez,Red Bull,4,3,1,15.0,71,FINISHED,Base Oficial Ergast Motor Racing Database / TracingInsights RaceData
2022,20,russell,George Russell,Mercedes,2,4,-2,13.0,71,FINISHED,Base Oficial Ergast Motor Racing Database / TracingInsights RaceData
2022,20,sainz,Carlos Sainz,Ferrari,5,5,0,10.0,71,FINISHED,Base Oficial Ergast Motor Racing Database / TracingInsights RaceData
2022,20,leclerc,Charles Leclerc,Ferrari,7,6,1,8.0,71,FINISHED,Base Oficial Ergast Motor Racing Database / TracingInsights RaceData
2022,20,ricciardo,Daniel Ricciardo,McLaren,11,7,4,6.0,70,+1 LAP,Base Oficial Ergast Motor Racing Database / TracingInsights RaceData
2022,20,ocon,Esteban Ocon,Alpine F1 Team,10,8,2,4.0,70,+1 LAP,Base Oficial Ergast Motor Racing Database / TracingInsights RaceData
2022,20,norris,Lando Norris,McLaren,8,9,-1,2.0,70,+1 LAP,Base Oficial Ergast Motor Racing Database / TracingInsights RaceData
2022,20,bottas,Valtteri Bottas,Alfa Romeo,6,10,-4,1.0,70,+1 LAP,Base Oficial Ergast Motor Racing Database / TracingInsights RaceData
2022,20,gasly,Pierre Gasly,AlphaTauri,14,11,3,0.0,70,+1 LAP,Base Oficial Ergast Motor Racing Database / TracingInsights RaceData
2022,20,albon,Alexander Albon,Williams,17,12,5,0.0,70,+1 LAP,Base Oficial Ergast Motor Racing Database / TracingInsights RaceData
2022,20,zhou,Guanyu Zhou,Alfa Romeo,12,13,-1,0.0,70,+1 LAP,Base Oficial Ergast Motor Racing Database / TracingInsights RaceData
2022,20,vettel,Sebastian Vettel,Aston Martin,16,14,2,0.0,70,+1 LAP,Base Oficial Ergast Motor Racing Database / TracingInsights RaceData
2022,20,stroll,Lance Stroll,Aston Martin,20,15,5,0.0,70,+1 LAP,Base Oficial Ergast Motor Racing Database / TracingInsights RaceData
2022,20,mick_schumacher,Mick Schumacher,Haas F1 Team,15,16,-1,0.0,70,+1 LAP,Base Oficial Ergast Motor Racing Database / TracingInsights RaceData
2022,20,kevin_magnussen,Kevin Magnussen,Haas F1 Team,19,17,2,0.0,70,+1 LAP,Base Oficial Ergast Motor Racing Database / TracingInsights RaceData
2022,20,latifi,Nicholas Latifi,Williams,18,18,0,0.0,69,+2 LAPS,Base Oficial Ergast Motor Racing Database / TracingInsights RaceData
2022,20,alonso,Fernando Alonso,Alpine F1 Team,9,19,-10,0.0,63,ENGINE,Base Oficial Ergast Motor Racing Database / TracingInsights RaceData
2022,20,tsunoda,Yuki Tsunoda,AlphaTauri,13,20,-7,0.0,50,COLLISION DAMAGE,Base Oficial Ergast Motor Racing Database / TracingInsights RaceData
2022,21,russell,George Russell,Mercedes,1,1,0,26.0,71,FINISHED,Base Oficial Ergast Motor Racing Database / TracingInsights RaceData
2022,21,hamilton,Lewis Hamilton,Mercedes,2,2,0,18.0,71,FINISHED,Base Oficial Ergast Motor Racing Database / TracingInsights RaceData
2022,21,sainz,Carlos Sainz,Ferrari,7,3,4,15.0,71,FINISHED,Base Oficial Ergast Motor Racing Database / TracingInsights RaceData
2022,21,leclerc,Charles Leclerc,Ferrari,5,4,1,12.0,71,FINISHED,Base Oficial Ergast Motor Racing Database / TracingInsights RaceData
2022,21,alonso,Fernando Alonso,Alpine F1 Team,17,5,12,10.0,71,FINISHED,Base Oficial Ergast Motor Racing Database / TracingInsights RaceData
2022,21,max_verstappen,Max Verstappen,Red Bull,3,6,-3,8.0,71,FINISHED,Base Oficial Ergast Motor Racing Database / TracingInsights RaceData
2022,21,perez,Sergio Perez,Red Bull,4,7,-3,6.0,71,FINISHED,Base Oficial Ergast Motor Racing Database / TracingInsights RaceData
2022,21,ocon,Esteban Ocon,Alpine F1 Team,16,8,8,4.0,71,FINISHED,Base Oficial Ergast Motor Racing Database / TracingInsights RaceData
2022,21,bottas,Valtteri Bottas,Alfa Romeo,14,9,5,2.0,71,FINISHED,Base Oficial Ergast Motor Racing Database / TracingInsights RaceData
2022,21,stroll,Lance Stroll,Aston Martin,15,10,5,1.0,71,FINISHED,Base Oficial Ergast Motor Racing Database / TracingInsights RaceData
2022,21,vettel,Sebastian Vettel,Aston Martin,9,11,-2,0.0,71,FINISHED,Base Oficial Ergast Motor Racing Database / TracingInsights RaceData
2022,21,zhou,Guanyu Zhou,Alfa Romeo,13,12,1,0.0,71,FINISHED,Base Oficial Ergast Motor Racing Database / TracingInsights RaceData
2022,21,mick_schumacher,Mick Schumacher,Haas F1 Team,12,13,-1,0.0,71,FINISHED,Base Oficial Ergast Motor Racing Database / TracingInsights RaceData
2022,21,gasly,Pierre Gasly,AlphaTauri,10,14,-4,0.0,71,FINISHED,Base Oficial Ergast Motor Racing Database / TracingInsights RaceData
2022,21,albon,Alexander Albon,Williams,19,15,4,0.0,71,FINISHED,Base Oficial Ergast Motor Racing Database / TracingInsights RaceData
2022,21,latifi,Nicholas Latifi,Williams,18,16,2,0.0,71,FINISHED,Base Oficial Ergast Motor Racing Database / TracingInsights RaceData
2022,21,tsunoda,Yuki Tsunoda,AlphaTauri,20,17,3,0.0,70,+1 LAP,Base Oficial Ergast Motor Racing Database / TracingInsights RaceData
2022,21,norris,Lando Norris,McLaren,6,18,-12,0.0,50,GEARBOX,Base Oficial Ergast Motor Racing Database / TracingInsights RaceData
2022,21,kevin_magnussen,Kevin Magnussen,Haas F1 Team,8,19,-11,0.0,0,COLLISION,Base Oficial Ergast Motor Racing Database / TracingInsights RaceData
2022,21,ricciardo,Daniel Ricciardo,McLaren,11,20,-9,0.0,0,COLLISION,Base Oficial Ergast Motor Racing Database / TracingInsights RaceData
2022,22,max_verstappen,Max Verstappen,Red Bull,1,1,0,25.0,58,FINISHED,Base Oficial Ergast Motor Racing Database / TracingInsights RaceData
2022,22,leclerc,Charles Leclerc,Ferrari,3,2,1,18.0,58,FINISHED,Base Oficial Ergast Motor Racing Database / TracingInsights RaceData
2022,22,perez,Sergio Perez,Red Bull,2,3,-1,15.0,58,FINISHED,Base Oficial Ergast Motor Racing Database / TracingInsights RaceData
2022,22,sainz,Carlos Sainz,Ferrari,4,4,0,12.0,58,FINISHED,Base Oficial Ergast Motor Racing Database / TracingInsights RaceData
2022,22,russell,George Russell,Mercedes,6,5,1,10.0,58,FINISHED,Base Oficial Ergast Motor Racing Database / TracingInsights RaceData
2022,22,norris,Lando Norris,McLaren,7,6,1,9.0,58,FINISHED,Base Oficial Ergast Motor Racing Database / TracingInsights RaceData
2022,22,ocon,Esteban Ocon,Alpine F1 Team,8,7,1,6.0,58,FINISHED,Base Oficial Ergast Motor Racing Database / TracingInsights RaceData
2022,22,stroll,Lance Stroll,Aston Martin,14,8,6,4.0,58,FINISHED,Base Oficial Ergast Motor Racing Database / TracingInsights RaceData
2022,22,ricciardo,Daniel Ricciardo,McLaren,13,9,4,2.0,58,FINISHED,Base Oficial Ergast Motor Racing Database / TracingInsights RaceData
2022,22,vettel,Sebastian Vettel,Aston Martin,9,10,-1,1.0,58,FINISHED,Base Oficial Ergast Motor Racing Database / TracingInsights RaceData
2022,22,tsunoda,Yuki Tsunoda,AlphaTauri,11,11,0,0.0,58,FINISHED,Base Oficial Ergast Motor Racing Database / TracingInsights RaceData
2022,22,zhou,Guanyu Zhou,Alfa Romeo,15,12,3,0.0,57,+1 LAP,Base Oficial Ergast Motor Racing Database / TracingInsights RaceData
2022,22,albon,Alexander Albon,Williams,19,13,6,0.0,57,+1 LAP,Base Oficial Ergast Motor Racing Database / TracingInsights RaceData
2022,22,gasly,Pierre Gasly,AlphaTauri,17,14,3,0.0,57,+1 LAP,Base Oficial Ergast Motor Racing Database / TracingInsights RaceData
2022,22,bottas,Valtteri Bottas,Alfa Romeo,18,15,3,0.0,57,+1 LAP,Base Oficial Ergast Motor Racing Database / TracingInsights RaceData
2022,22,mick_schumacher,Mick Schumacher,Haas F1 Team,12,16,-4,0.0,57,+1 LAP,Base Oficial Ergast Motor Racing Database / TracingInsights RaceData
2022,22,kevin_magnussen,Kevin Magnussen,Haas F1 Team,16,17,-1,0.0,57,+1 LAP,Base Oficial Ergast Motor Racing Database / TracingInsights RaceData
2022,22,hamilton,Lewis Hamilton,Mercedes,5,18,-13,0.0,55,HYDRAULICS,Base Oficial Ergast Motor Racing Database / TracingInsights RaceData
2022,22,latifi,Nicholas Latifi,Williams,20,19,1,0.0,55,COLLISION DAMAGE,Base Oficial Ergast Motor Racing Database / TracingInsights RaceData
2022,22,alonso,Fernando Alonso,Alpine F1 Team,10,20,-10,0.0,27,WATER LEAK,Base Oficial Ergast Motor Racing Database / TracingInsights RaceData
2023,1,max_verstappen,Max Verstappen,Red Bull,1,1,0,25.0,57,FINISHED,Base Oficial Ergast Motor Racing Database / TracingInsights RaceData
2023,1,perez,Sergio Perez,Red Bull,2,2,0,18.0,57,FINISHED,Base Oficial Ergast Motor Racing Database / TracingInsights RaceData
2023,1,alonso,Fernando Alonso,Aston Martin,5,3,2,15.0,57,FINISHED,Base Oficial Ergast Motor Racing Database / TracingInsights RaceData
2023,1,sainz,Carlos Sainz,Ferrari,4,4,0,12.0,57,FINISHED,Base Oficial Ergast Motor Racing Database / TracingInsights RaceData
2023,1,hamilton,Lewis Hamilton,Mercedes,7,5,2,10.0,57,FINISHED,Base Oficial Ergast Motor Racing Database / TracingInsights RaceData
2023,1,stroll,Lance Stroll,Aston Martin,8,6,2,8.0,57,FINISHED,Base Oficial Ergast Motor Racing Database / TracingInsights RaceData
2023,1,russell,George Russell,Mercedes,6,7,-1,6.0,57,FINISHED,Base Oficial Ergast Motor Racing Database / TracingInsights RaceData
2023,1,bottas,Valtteri Bottas,Alfa Romeo,12,8,4,4.0,57,FINISHED,Base Oficial Ergast Motor Racing Database / TracingInsights RaceData
2023,1,gasly,Pierre Gasly,Alpine F1 Team,20,9,11,2.0,57,FINISHED,Base Oficial Ergast Motor Racing Database / TracingInsights RaceData
2023,1,albon,Alexander Albon,Williams,15,10,5,1.0,57,FINISHED,Base Oficial Ergast Motor Racing Database / TracingInsights RaceData
2023,1,tsunoda,Yuki Tsunoda,AlphaTauri,14,11,3,0.0,57,FINISHED,Base Oficial Ergast Motor Racing Database / TracingInsights RaceData
2023,1,sargeant,Logan Sargeant,Williams,16,12,4,0.0,56,+1 LAP,Base Oficial Ergast Motor Racing Database / TracingInsights RaceData
2023,1,kevin_magnussen,Kevin Magnussen,Haas F1 Team,17,13,4,0.0,56,+1 LAP,Base Oficial Ergast Motor Racing Database / TracingInsights RaceData
2023,1,de_vries,Nyck de Vries,AlphaTauri,19,14,5,0.0,56,+1 LAP,Base Oficial Ergast Motor Racing Database / TracingInsights RaceData
2023,1,hulkenberg,Nico Hulkenberg,Haas F1 Team,10,15,-5,0.0,56,+1 LAP,Base Oficial Ergast Motor Racing Database / TracingInsights RaceData
2023,1,zhou,Guanyu Zhou,Alfa Romeo,13,16,-3,0.0,56,+1 LAP,Base Oficial Ergast Motor Racing Database / TracingInsights RaceData
2023,1,norris,Lando Norris,McLaren,11,17,-6,0.0,55,+2 LAPS,Base Oficial Ergast Motor Racing Database / TracingInsights RaceData
2023,1,ocon,Esteban Ocon,Alpine F1 Team,9,18,-9,0.0,41,MECHANICAL,Base Oficial Ergast Motor Racing Database / TracingInsights RaceData
2023,1,leclerc,Charles Leclerc,Ferrari,3,19,-16,0.0,39,ENGINE,Base Oficial Ergast Motor Racing Database / TracingInsights RaceData
2023,1,piastri,Oscar Piastri,McLaren,18,20,-2,0.0,13,ELECTRICAL,Base Oficial Ergast Motor Racing Database / TracingInsights RaceData
2023,2,perez,Sergio Perez,Red Bull,1,1,0,25.0,50,FINISHED,Base Oficial Ergast Motor Racing Database / TracingInsights RaceData
2023,2,max_verstappen,Max Verstappen,Red Bull,15,2,13,19.0,50,FINISHED,Base Oficial Ergast Motor Racing Database / TracingInsights RaceData
2023,2,alonso,Fernando Alonso,Aston Martin,2,3,-1,15.0,50,FINISHED,Base Oficial Ergast Motor Racing Database / TracingInsights RaceData
2023,2,russell,George Russell,Mercedes,3,4,-1,12.0,50,FINISHED,Base Oficial Ergast Motor Racing Database / TracingInsights RaceData
2023,2,hamilton,Lewis Hamilton,Mercedes,7,5,2,10.0,50,FINISHED,Base Oficial Ergast Motor Racing Database / TracingInsights RaceData
2023,2,sainz,Carlos Sainz,Ferrari,4,6,-2,8.0,50,FINISHED,Base Oficial Ergast Motor Racing Database / TracingInsights RaceData
2023,2,leclerc,Charles Leclerc,Ferrari,12,7,5,6.0,50,FINISHED,Base Oficial Ergast Motor Racing Database / TracingInsights RaceData
2023,2,ocon,Esteban Ocon,Alpine F1 Team,6,8,-2,4.0,50,FINISHED,Base Oficial Ergast Motor Racing Database / TracingInsights RaceData
2023,2,gasly,Pierre Gasly,Alpine F1 Team,9,9,0,2.0,50,FINISHED,Base Oficial Ergast Motor Racing Database / TracingInsights RaceData
2023,2,kevin_magnussen,Kevin Magnussen,Haas F1 Team,13,10,3,1.0,50,FINISHED,Base Oficial Ergast Motor Racing Database / TracingInsights RaceData
2023,2,tsunoda,Yuki Tsunoda,AlphaTauri,16,11,5,0.0,50,FINISHED,Base Oficial Ergast Motor Racing Database / TracingInsights RaceData
2023,2,hulkenberg,Nico Hulkenberg,Haas F1 Team,10,12,-2,0.0,50,FINISHED,Base Oficial Ergast Motor Racing Database / TracingInsights RaceData
2023,2,zhou,Guanyu Zhou,Alfa Romeo,11,13,-2,0.0,50,FINISHED,Base Oficial Ergast Motor Racing Database / TracingInsights RaceData
2023,2,de_vries,Nyck de Vries,AlphaTauri,18,14,4,0.0,50,FINISHED,Base Oficial Ergast Motor Racing Database / TracingInsights RaceData
2023,2,piastri,Oscar Piastri,McLaren,8,15,-7,0.0,50,FINISHED,Base Oficial Ergast Motor Racing Database / TracingInsights RaceData
2023,2,sargeant,Logan Sargeant,Williams,20,16,4,0.0,50,FINISHED,Base Oficial Ergast Motor Racing Database / TracingInsights RaceData
2023,2,norris,Lando Norris,McLaren,19,17,2,0.0,50,FINISHED,Base Oficial Ergast Motor Racing Database / TracingInsights RaceData
2023,2,bottas,Valtteri Bottas,Alfa Romeo,14,18,-4,0.0,49,+1 LAP,Base Oficial Ergast Motor Racing Database / TracingInsights RaceData
2023,2,albon,Alexander Albon,Williams,17,19,-2,0.0,27,BRAKES,Base Oficial Ergast Motor Racing Database / TracingInsights RaceData
2023,2,stroll,Lance Stroll,Aston Martin,5,20,-15,0.0,16,ENGINE,Base Oficial Ergast Motor Racing Database / TracingInsights RaceData
2023,3,max_verstappen,Max Verstappen,Red Bull,1,1,0,25.0,58,FINISHED,Base Oficial Ergast Motor Racing Database / TracingInsights RaceData
2023,3,hamilton,Lewis Hamilton,Mercedes,3,2,1,18.0,58,FINISHED,Base Oficial Ergast Motor Racing Database / TracingInsights RaceData
2023,3,alonso,Fernando Alonso,Aston Martin,4,3,1,15.0,58,FINISHED,Base Oficial Ergast Motor Racing Database / TracingInsights RaceData
2023,3,stroll,Lance Stroll,Aston Martin,6,4,2,12.0,58,FINISHED,Base Oficial Ergast Motor Racing Database / TracingInsights RaceData
2023,3,perez,Sergio Perez,Red Bull,20,5,15,11.0,58,FINISHED,Base Oficial Ergast Motor Racing Database / TracingInsights RaceData
2023,3,norris,Lando Norris,McLaren,13,6,7,8.0,58,FINISHED,Base Oficial Ergast Motor Racing Database / TracingInsights RaceData
2023,3,hulkenberg,Nico Hulkenberg,Haas F1 Team,10,7,3,6.0,58,FINISHED,Base Oficial Ergast Motor Racing Database / TracingInsights RaceData
2023,3,piastri,Oscar Piastri,McLaren,16,8,8,4.0,58,FINISHED,Base Oficial Ergast Motor Racing Database / TracingInsights RaceData
2023,3,zhou,Guanyu Zhou,Alfa Romeo,17,9,8,2.0,58,FINISHED,Base Oficial Ergast Motor Racing Database / TracingInsights RaceData
2023,3,tsunoda,Yuki Tsunoda,AlphaTauri,12,10,2,1.0,58,FINISHED,Base Oficial Ergast Motor Racing Database / TracingInsights RaceData
2023,3,bottas,Valtteri Bottas,Alfa Romeo,20,11,9,0.0,58,FINISHED,Base Oficial Ergast Motor Racing Database / TracingInsights RaceData
2023,3,sainz,Carlos Sainz,Ferrari,5,12,-7,0.0,58,FINISHED,Base Oficial Ergast Motor Racing Database / TracingInsights RaceData
2023,3,gasly,Pierre Gasly,Alpine F1 Team,9,13,-4,0.0,56,COLLISION,Base Oficial Ergast Motor Racing Database / TracingInsights RaceData
2023,3,ocon,Esteban Ocon,Alpine F1 Team,11,14,-3,0.0,56,COLLISION,Base Oficial Ergast Motor Racing Database / TracingInsights RaceData
2023,3,de_vries,Nyck de Vries,AlphaTauri,15,15,0,0.0,56,COLLISION,Base Oficial Ergast Motor Racing Database / TracingInsights RaceData
2023,3,sargeant,Logan Sargeant,Williams,18,16,2,0.0,56,COLLISION,Base Oficial Ergast Motor Racing Database / TracingInsights RaceData
2023,3,kevin_magnussen,Kevin Magnussen,Haas F1 Team,14,17,-3,0.0,52,ACCIDENT,Base Oficial Ergast Motor Racing Database / TracingInsights RaceData
2023,3,russell,George Russell,Mercedes,2,18,-16,0.0,17,ENGINE,Base Oficial Ergast Motor Racing Database / TracingInsights RaceData
2023,3,albon,Alexander Albon,Williams,8,19,-11,0.0,6,ACCIDENT,Base Oficial Ergast Motor Racing Database / TracingInsights RaceData
2023,3,leclerc,Charles Leclerc,Ferrari,7,20,-13,0.0,0,COLLISION,Base Oficial Ergast Motor Racing Database / TracingInsights RaceData
2023,4,perez,Sergio Perez,Red Bull,3,1,2,25.0,51,FINISHED,Base Oficial Ergast Motor Racing Database / TracingInsights RaceData
2023,4,max_verstappen,Max Verstappen,Red Bull,2,2,0,18.0,51,FINISHED,Base Oficial Ergast Motor Racing Database / TracingInsights RaceData
2023,4,leclerc,Charles Leclerc,Ferrari,1,3,-2,15.0,51,FINISHED,Base Oficial Ergast Motor Racing Database / TracingInsights RaceData
2023,4,alonso,Fernando Alonso,Aston Martin,6,4,2,12.0,51,FINISHED,Base Oficial Ergast Motor Racing Database / TracingInsights RaceData
2023,4,sainz,Carlos Sainz,Ferrari,4,5,-1,10.0,51,FINISHED,Base Oficial Ergast Motor Racing Database / TracingInsights RaceData
2023,4,hamilton,Lewis Hamilton,Mercedes,5,6,-1,8.0,51,FINISHED,Base Oficial Ergast Motor Racing Database / TracingInsights RaceData
2023,4,stroll,Lance Stroll,Aston Martin,9,7,2,6.0,51,FINISHED,Base Oficial Ergast Motor Racing Database / TracingInsights RaceData
2023,4,russell,George Russell,Mercedes,11,8,3,5.0,51,FINISHED,Base Oficial Ergast Motor Racing Database / TracingInsights RaceData
2023,4,norris,Lando Norris,McLaren,7,9,-2,2.0,51,FINISHED,Base Oficial Ergast Motor Racing Database / TracingInsights RaceData
2023,4,tsunoda,Yuki Tsunoda,AlphaTauri,8,10,-2,1.0,51,FINISHED,Base Oficial Ergast Motor Racing Database / TracingInsights RaceData
2023,4,piastri,Oscar Piastri,McLaren,10,11,-1,0.0,51,FINISHED,Base Oficial Ergast Motor Racing Database / TracingInsights RaceData
2023,4,albon,Alexander Albon,Williams,12,12,0,0.0,51,FINISHED,Base Oficial Ergast Motor Racing Database / TracingInsights RaceData
2023,4,kevin_magnussen,Kevin Magnussen,Haas F1 Team,16,13,3,0.0,51,FINISHED,Base Oficial Ergast Motor Racing Database / TracingInsights RaceData
2023,4,gasly,Pierre Gasly,Alpine F1 Team,17,14,3,0.0,51,FINISHED,Base Oficial Ergast Motor Racing Database / TracingInsights RaceData
2023,4,ocon,Esteban Ocon,Alpine F1 Team,20,15,5,0.0,51,FINISHED,Base Oficial Ergast Motor Racing Database / TracingInsights RaceData
2023,4,sargeant,Logan Sargeant,Williams,14,16,-2,0.0,51,FINISHED,Base Oficial Ergast Motor Racing Database / TracingInsights RaceData
2023,4,hulkenberg,Nico Hulkenberg,Haas F1 Team,20,17,3,0.0,50,+1 LAP,Base Oficial Ergast Motor Racing Database / TracingInsights RaceData
2023,4,bottas,Valtteri Bottas,Alfa Romeo,13,18,-5,0.0,50,+1 LAP,Base Oficial Ergast Motor Racing Database / TracingInsights RaceData
2023,4,zhou,Guanyu Zhou,Alfa Romeo,15,19,-4,0.0,36,OVERHEATING,Base Oficial Ergast Motor Racing Database / TracingInsights RaceData
2023,4,de_vries,Nyck de Vries,AlphaTauri,18,20,-2,0.0,9,ACCIDENT,Base Oficial Ergast Motor Racing Database / TracingInsights RaceData
2023,5,max_verstappen,Max Verstappen,Red Bull,9,1,8,26.0,57,FINISHED,Base Oficial Ergast Motor Racing Database / TracingInsights RaceData
2023,5,perez,Sergio Perez,Red Bull,1,2,-1,18.0,57,FINISHED,Base Oficial Ergast Motor Racing Database / TracingInsights RaceData
2023,5,alonso,Fernando Alonso,Aston Martin,2,3,-1,15.0,57,FINISHED,Base Oficial Ergast Motor Racing Database / TracingInsights RaceData
2023,5,russell,George Russell,Mercedes,6,4,2,12.0,57,FINISHED,Base Oficial Ergast Motor Racing Database / TracingInsights RaceData
2023,5,sainz,Carlos Sainz,Ferrari,3,5,-2,10.0,57,FINISHED,Base Oficial Ergast Motor Racing Database / TracingInsights RaceData
2023,5,hamilton,Lewis Hamilton,Mercedes,13,6,7,8.0,57,FINISHED,Base Oficial Ergast Motor Racing Database / TracingInsights RaceData
2023,5,leclerc,Charles Leclerc,Ferrari,7,7,0,6.0,57,FINISHED,Base Oficial Ergast Motor Racing Database / TracingInsights RaceData
2023,5,gasly,Pierre Gasly,Alpine F1 Team,5,8,-3,4.0,57,FINISHED,Base Oficial Ergast Motor Racing Database / TracingInsights RaceData
2023,5,ocon,Esteban Ocon,Alpine F1 Team,8,9,-1,2.0,57,FINISHED,Base Oficial Ergast Motor Racing Database / TracingInsights RaceData
2023,5,kevin_magnussen,Kevin Magnussen,Haas F1 Team,4,10,-6,1.0,57,FINISHED,Base Oficial Ergast Motor Racing Database / TracingInsights RaceData
2023,5,tsunoda,Yuki Tsunoda,AlphaTauri,17,11,6,0.0,57,FINISHED,Base Oficial Ergast Motor Racing Database / TracingInsights RaceData
2023,5,stroll,Lance Stroll,Aston Martin,18,12,6,0.0,57,FINISHED,Base Oficial Ergast Motor Racing Database / TracingInsights RaceData
2023,5,bottas,Valtteri Bottas,Alfa Romeo,10,13,-3,0.0,57,FINISHED,Base Oficial Ergast Motor Racing Database / TracingInsights RaceData
2023,5,albon,Alexander Albon,Williams,11,14,-3,0.0,57,FINISHED,Base Oficial Ergast Motor Racing Database / TracingInsights RaceData
2023,5,hulkenberg,Nico Hulkenberg,Haas F1 Team,12,15,-3,0.0,57,FINISHED,Base Oficial Ergast Motor Racing Database / TracingInsights RaceData
2023,5,zhou,Guanyu Zhou,Alfa Romeo,14,16,-2,0.0,57,FINISHED,Base Oficial Ergast Motor Racing Database / TracingInsights RaceData
2023,5,norris,Lando Norris,McLaren,16,17,-1,0.0,57,FINISHED,Base Oficial Ergast Motor Racing Database / TracingInsights RaceData
2023,5,de_vries,Nyck de Vries,AlphaTauri,15,18,-3,0.0,57,FINISHED,Base Oficial Ergast Motor Racing Database / TracingInsights RaceData
2023,5,piastri,Oscar Piastri,McLaren,19,19,0,0.0,56,+1 LAP,Base Oficial Ergast Motor Racing Database / TracingInsights RaceData
2023,5,sargeant,Logan Sargeant,Williams,20,20,0,0.0,56,+1 LAP,Base Oficial Ergast Motor Racing Database / TracingInsights RaceData
2023,6,max_verstappen,Max Verstappen,Red Bull,1,1,0,25.0,78,FINISHED,Base Oficial Ergast Motor Racing Database / TracingInsights RaceData
2023,6,alonso,Fernando Alonso,Aston Martin,2,2,0,18.0,78,FINISHED,Base Oficial Ergast Motor Racing Database / TracingInsights RaceData
2023,6,ocon,Esteban Ocon,Alpine F1 Team,3,3,0,15.0,78,FINISHED,Base Oficial Ergast Motor Racing Database / TracingInsights RaceData
2023,6,hamilton,Lewis Hamilton,Mercedes,5,4,1,13.0,78,FINISHED,Base Oficial Ergast Motor Racing Database / TracingInsights RaceData
2023,6,russell,George Russell,Mercedes,8,5,3,10.0,78,FINISHED,Base Oficial Ergast Motor Racing Database / TracingInsights RaceData
2023,6,leclerc,Charles Leclerc,Ferrari,6,6,0,8.0,78,FINISHED,Base Oficial Ergast Motor Racing Database / TracingInsights RaceData
2023,6,gasly,Pierre Gasly,Alpine F1 Team,7,7,0,6.0,78,FINISHED,Base Oficial Ergast Motor Racing Database / TracingInsights RaceData
2023,6,sainz,Carlos Sainz,Ferrari,4,8,-4,4.0,78,FINISHED,Base Oficial Ergast Motor Racing Database / TracingInsights RaceData
2023,6,norris,Lando Norris,McLaren,10,9,1,2.0,77,+1 LAP,Base Oficial Ergast Motor Racing Database / TracingInsights RaceData
2023,6,piastri,Oscar Piastri,McLaren,11,10,1,1.0,77,+1 LAP,Base Oficial Ergast Motor Racing Database / TracingInsights RaceData
2023,6,bottas,Valtteri Bottas,Alfa Romeo,15,11,4,0.0,77,+1 LAP,Base Oficial Ergast Motor Racing Database / TracingInsights RaceData
2023,6,de_vries,Nyck de Vries,AlphaTauri,12,12,0,0.0,77,+1 LAP,Base Oficial Ergast Motor Racing Database / TracingInsights RaceData
2023,6,zhou,Guanyu Zhou,Alfa Romeo,19,13,6,0.0,77,+1 LAP,Base Oficial Ergast Motor Racing Database / TracingInsights RaceData
2023,6,albon,Alexander Albon,Williams,13,14,-1,0.0,77,+1 LAP,Base Oficial Ergast Motor Racing Database / TracingInsights RaceData
2023,6,tsunoda,Yuki Tsunoda,AlphaTauri,9,15,-6,0.0,76,+2 LAPS,Base Oficial Ergast Motor Racing Database / TracingInsights RaceData
2023,6,perez,Sergio Perez,Red Bull,20,16,4,0.0,76,+2 LAPS,Base Oficial Ergast Motor Racing Database / TracingInsights RaceData
2023,6,hulkenberg,Nico Hulkenberg,Haas F1 Team,18,17,1,0.0,76,+2 LAPS,Base Oficial Ergast Motor Racing Database / TracingInsights RaceData
2023,6,sargeant,Logan Sargeant,Williams,16,18,-2,0.0,76,+2 LAPS,Base Oficial Ergast Motor Racing Database / TracingInsights RaceData
2023,6,kevin_magnussen,Kevin Magnussen,Haas F1 Team,17,19,-2,0.0,70,COLLISION DAMAGE,Base Oficial Ergast Motor Racing Database / TracingInsights RaceData
2023,6,stroll,Lance Stroll,Aston Martin,14,20,-6,0.0,53,ACCIDENT,Base Oficial Ergast Motor Racing Database / TracingInsights RaceData
2023,7,max_verstappen,Max Verstappen,Red Bull,1,1,0,26.0,66,FINISHED,Base Oficial Ergast Motor Racing Database / TracingInsights RaceData
2023,7,hamilton,Lewis Hamilton,Mercedes,4,2,2,18.0,66,FINISHED,Base Oficial Ergast Motor Racing Database / TracingInsights RaceData
2023,7,russell,George Russell,Mercedes,12,3,9,15.0,66,FINISHED,Base Oficial Ergast Motor Racing Database / TracingInsights RaceData
2023,7,perez,Sergio Perez,Red Bull,11,4,7,12.0,66,FINISHED,Base Oficial Ergast Motor Racing Database / TracingInsights RaceData
2023,7,sainz,Carlos Sainz,Ferrari,2,5,-3,10.0,66,FINISHED,Base Oficial Ergast Motor Racing Database / TracingInsights RaceData
2023,7,stroll,Lance Stroll,Aston Martin,5,6,-1,8.0,66,FINISHED,Base Oficial Ergast Motor Racing Database / TracingInsights RaceData
2023,7,alonso,Fernando Alonso,Aston Martin,8,7,1,6.0,66,FINISHED,Base Oficial Ergast Motor Racing Database / TracingInsights RaceData
2023,7,ocon,Esteban Ocon,Alpine F1 Team,6,8,-2,4.0,66,FINISHED,Base Oficial Ergast Motor Racing Database / TracingInsights RaceData
2023,7,zhou,Guanyu Zhou,Alfa Romeo,13,9,4,2.0,66,FINISHED,Base Oficial Ergast Motor Racing Database / TracingInsights RaceData
2023,7,gasly,Pierre Gasly,Alpine F1 Team,10,10,0,1.0,66,FINISHED,Base Oficial Ergast Motor Racing Database / TracingInsights RaceData
2023,7,leclerc,Charles Leclerc,Ferrari,19,11,8,0.0,66,FINISHED,Base Oficial Ergast Motor Racing Database / TracingInsights RaceData
2023,7,tsunoda,Yuki Tsunoda,AlphaTauri,15,12,3,0.0,66,FINISHED,Base Oficial Ergast Motor Racing Database / TracingInsights RaceData
2023,7,piastri,Oscar Piastri,McLaren,9,13,-4,0.0,65,+1 LAP,Base Oficial Ergast Motor Racing Database / TracingInsights RaceData
2023,7,de_vries,Nyck de Vries,AlphaTauri,14,14,0,0.0,65,+1 LAP,Base Oficial Ergast Motor Racing Database / TracingInsights RaceData
2023,7,hulkenberg,Nico Hulkenberg,Haas F1 Team,7,15,-8,0.0,65,+1 LAP,Base Oficial Ergast Motor Racing Database / TracingInsights RaceData
2023,7,albon,Alexander Albon,Williams,18,16,2,0.0,65,+1 LAP,Base Oficial Ergast Motor Racing Database / TracingInsights RaceData
2023,7,norris,Lando Norris,McLaren,3,17,-14,0.0,65,+1 LAP,Base Oficial Ergast Motor Racing Database / TracingInsights RaceData
2023,7,kevin_magnussen,Kevin Magnussen,Haas F1 Team,17,18,-1,0.0,65,+1 LAP,Base Oficial Ergast Motor Racing Database / TracingInsights RaceData
2023,7,bottas,Valtteri Bottas,Alfa Romeo,16,19,-3,0.0,65,+1 LAP,Base Oficial Ergast Motor Racing Database / TracingInsights RaceData
2023,7,sargeant,Logan Sargeant,Williams,20,20,0,0.0,65,+1 LAP,Base Oficial Ergast Motor Racing Database / TracingInsights RaceData
2023,8,max_verstappen,Max Verstappen,Red Bull,1,1,0,25.0,70,FINISHED,Base Oficial Ergast Motor Racing Database / TracingInsights RaceData
2023,8,alonso,Fernando Alonso,Aston Martin,2,2,0,18.0,70,FINISHED,Base Oficial Ergast Motor Racing Database / TracingInsights RaceData
2023,8,hamilton,Lewis Hamilton,Mercedes,3,3,0,15.0,70,FINISHED,Base Oficial Ergast Motor Racing Database / TracingInsights RaceData
2023,8,leclerc,Charles Leclerc,Ferrari,10,4,6,12.0,70,FINISHED,Base Oficial Ergast Motor Racing Database / TracingInsights RaceData
2023,8,sainz,Carlos Sainz,Ferrari,11,5,6,10.0,70,FINISHED,Base Oficial Ergast Motor Racing Database / TracingInsights RaceData
2023,8,perez,Sergio Perez,Red Bull,12,6,6,9.0,70,FINISHED,Base Oficial Ergast Motor Racing Database / TracingInsights RaceData
2023,8,albon,Alexander Albon,Williams,9,7,2,6.0,70,FINISHED,Base Oficial Ergast Motor Racing Database / TracingInsights RaceData
2023,8,ocon,Esteban Ocon,Alpine F1 Team,6,8,-2,4.0,70,FINISHED,Base Oficial Ergast Motor Racing Database / TracingInsights RaceData
2023,8,stroll,Lance Stroll,Aston Martin,16,9,7,2.0,70,FINISHED,Base Oficial Ergast Motor Racing Database / TracingInsights RaceData
2023,8,bottas,Valtteri Bottas,Alfa Romeo,14,10,4,1.0,70,FINISHED,Base Oficial Ergast Motor Racing Database / TracingInsights RaceData
2023,8,piastri,Oscar Piastri,McLaren,8,11,-3,0.0,70,FINISHED,Base Oficial Ergast Motor Racing Database / TracingInsights RaceData
2023,8,gasly,Pierre Gasly,Alpine F1 Team,15,12,3,0.0,70,FINISHED,Base Oficial Ergast Motor Racing Database / TracingInsights RaceData
2023,8,norris,Lando Norris,McLaren,7,13,-6,0.0,70,FINISHED,Base Oficial Ergast Motor Racing Database / TracingInsights RaceData
2023,8,tsunoda,Yuki Tsunoda,AlphaTauri,19,14,5,0.0,70,FINISHED,Base Oficial Ergast Motor Racing Database / TracingInsights RaceData
2023,8,hulkenberg,Nico Hulkenberg,Haas F1 Team,5,15,-10,0.0,69,+1 LAP,Base Oficial Ergast Motor Racing Database / TracingInsights RaceData
2023,8,zhou,Guanyu Zhou,Alfa Romeo,20,16,4,0.0,69,+1 LAP,Base Oficial Ergast Motor Racing Database / TracingInsights RaceData
2023,8,kevin_magnussen,Kevin Magnussen,Haas F1 Team,13,17,-4,0.0,69,+1 LAP,Base Oficial Ergast Motor Racing Database / TracingInsights RaceData
2023,8,de_vries,Nyck de Vries,AlphaTauri,17,18,-1,0.0,69,+1 LAP,Base Oficial Ergast Motor Racing Database / TracingInsights RaceData
2023,8,russell,George Russell,Mercedes,4,19,-15,0.0,53,BRAKES,Base Oficial Ergast Motor Racing Database / TracingInsights RaceData
2023,8,sargeant,Logan Sargeant,Williams,18,20,-2,0.0,6,ENGINE,Base Oficial Ergast Motor Racing Database / TracingInsights RaceData
2023,9,max_verstappen,Max Verstappen,Red Bull,1,1,0,26.0,71,FINISHED,Base Oficial Ergast Motor Racing Database / TracingInsights RaceData
2023,9,leclerc,Charles Leclerc,Ferrari,2,2,0,18.0,71,FINISHED,Base Oficial Ergast Motor Racing Database / TracingInsights RaceData
2023,9,perez,Sergio Perez,Red Bull,15,3,12,15.0,71,FINISHED,Base Oficial Ergast Motor Racing Database / TracingInsights RaceData
2023,9,norris,Lando Norris,McLaren,4,4,0,12.0,71,FINISHED,Base Oficial Ergast Motor Racing Database / TracingInsights RaceData
2023,9,alonso,Fernando Alonso,Aston Martin,7,5,2,10.0,71,FINISHED,Base Oficial Ergast Motor Racing Database / TracingInsights RaceData
2023,9,sainz,Carlos Sainz,Ferrari,3,6,-3,8.0,71,FINISHED,Base Oficial Ergast Motor Racing Database / TracingInsights RaceData
2023,9,russell,George Russell,Mercedes,11,7,4,6.0,71,FINISHED,Base Oficial Ergast Motor Racing Database / TracingInsights RaceData
2023,9,hamilton,Lewis Hamilton,Mercedes,5,8,-3,4.0,71,FINISHED,Base Oficial Ergast Motor Racing Database / TracingInsights RaceData
2023,9,stroll,Lance Stroll,Aston Martin,6,9,-3,2.0,71,FINISHED,Base Oficial Ergast Motor Racing Database / TracingInsights RaceData
2023,9,gasly,Pierre Gasly,Alpine F1 Team,9,10,-1,1.0,71,FINISHED,Base Oficial Ergast Motor Racing Database / TracingInsights RaceData
2023,9,albon,Alexander Albon,Williams,10,11,-1,0.0,71,FINISHED,Base Oficial Ergast Motor Racing Database / TracingInsights RaceData
2023,9,zhou,Guanyu Zhou,Alfa Romeo,17,12,5,0.0,70,+1 LAP,Base Oficial Ergast Motor Racing Database / TracingInsights RaceData
2023,9,sargeant,Logan Sargeant,Williams,18,13,5,0.0,70,+1 LAP,Base Oficial Ergast Motor Racing Database / TracingInsights RaceData
2023,9,ocon,Esteban Ocon,Alpine F1 Team,12,14,-2,0.0,70,+1 LAP,Base Oficial Ergast Motor Racing Database / TracingInsights RaceData
2023,9,bottas,Valtteri Bottas,Alfa Romeo,14,15,-1,0.0,70,+1 LAP,Base Oficial Ergast Motor Racing Database / TracingInsights RaceData
2023,9,piastri,Oscar Piastri,McLaren,13,16,-3,0.0,70,+1 LAP,Base Oficial Ergast Motor Racing Database / TracingInsights RaceData
2023,9,de_vries,Nyck de Vries,AlphaTauri,20,17,3,0.0,70,+1 LAP,Base Oficial Ergast Motor Racing Database / TracingInsights RaceData
2023,9,kevin_magnussen,Kevin Magnussen,Haas F1 Team,20,18,2,0.0,70,+1 LAP,Base Oficial Ergast Motor Racing Database / TracingInsights RaceData
2023,9,tsunoda,Yuki Tsunoda,AlphaTauri,16,19,-3,0.0,70,+1 LAP,Base Oficial Ergast Motor Racing Database / TracingInsights RaceData
2023,9,hulkenberg,Nico Hulkenberg,Haas F1 Team,8,20,-12,0.0,12,POWER LOSS,Base Oficial Ergast Motor Racing Database / TracingInsights RaceData
2023,10,max_verstappen,Max Verstappen,Red Bull,1,1,0,26.0,52,FINISHED,Base Oficial Ergast Motor Racing Database / TracingInsights RaceData
2023,10,norris,Lando Norris,McLaren,2,2,0,18.0,52,FINISHED,Base Oficial Ergast Motor Racing Database / TracingInsights RaceData
2023,10,hamilton,Lewis Hamilton,Mercedes,7,3,4,15.0,52,FINISHED,Base Oficial Ergast Motor Racing Database / TracingInsights RaceData
2023,10,piastri,Oscar Piastri,McLaren,3,4,-1,12.0,52,FINISHED,Base Oficial Ergast Motor Racing Database / TracingInsights RaceData
2023,10,russell,George Russell,Mercedes,6,5,1,10.0,52,FINISHED,Base Oficial Ergast Motor Racing Database / TracingInsights RaceData
2023,10,perez,Sergio Perez,Red Bull,15,6,9,8.0,52,FINISHED,Base Oficial Ergast Motor Racing Database / TracingInsights RaceData
2023,10,alonso,Fernando Alonso,Aston Martin,9,7,2,6.0,52,FINISHED,Base Oficial Ergast Motor Racing Database / TracingInsights RaceData
2023,10,albon,Alexander Albon,Williams,8,8,0,4.0,52,FINISHED,Base Oficial Ergast Motor Racing Database / TracingInsights RaceData
2023,10,leclerc,Charles Leclerc,Ferrari,4,9,-5,2.0,52,FINISHED,Base Oficial Ergast Motor Racing Database / TracingInsights RaceData
2023,10,sainz,Carlos Sainz,Ferrari,5,10,-5,1.0,52,FINISHED,Base Oficial Ergast Motor Racing Database / TracingInsights RaceData
2023,10,sargeant,Logan Sargeant,Williams,14,11,3,0.0,52,FINISHED,Base Oficial Ergast Motor Racing Database / TracingInsights RaceData
2023,10,bottas,Valtteri Bottas,Alfa Romeo,20,12,8,0.0,52,FINISHED,Base Oficial Ergast Motor Racing Database / TracingInsights RaceData
2023,10,hulkenberg,Nico Hulkenberg,Haas F1 Team,11,13,-2,0.0,52,FINISHED,Base Oficial Ergast Motor Racing Database / TracingInsights RaceData
2023,10,stroll,Lance Stroll,Aston Martin,12,14,-2,0.0,52,FINISHED,Base Oficial Ergast Motor Racing Database / TracingInsights RaceData
2023,10,zhou,Guanyu Zhou,Alfa Romeo,17,15,2,0.0,52,FINISHED,Base Oficial Ergast Motor Racing Database / TracingInsights RaceData
2023,10,tsunoda,Yuki Tsunoda,AlphaTauri,16,16,0,0.0,52,FINISHED,Base Oficial Ergast Motor Racing Database / TracingInsights RaceData
2023,10,de_vries,Nyck de Vries,AlphaTauri,18,17,1,0.0,52,FINISHED,Base Oficial Ergast Motor Racing Database / TracingInsights RaceData
2023,10,gasly,Pierre Gasly,Alpine F1 Team,10,18,-8,0.0,46,COLLISION DAMAGE,Base Oficial Ergast Motor Racing Database / TracingInsights RaceData
2023,10,kevin_magnussen,Kevin Magnussen,Haas F1 Team,19,19,0,0.0,31,ENGINE,Base Oficial Ergast Motor Racing Database / TracingInsights RaceData
2023,10,ocon,Esteban Ocon,Alpine F1 Team,13,20,-7,0.0,9,OIL LEAK,Base Oficial Ergast Motor Racing Database / TracingInsights RaceData
2023,11,max_verstappen,Max Verstappen,Red Bull,2,1,1,26.0,70,FINISHED,Base Oficial Ergast Motor Racing Database / TracingInsights RaceData
2023,11,norris,Lando Norris,McLaren,3,2,1,18.0,70,FINISHED,Base Oficial Ergast Motor Racing Database / TracingInsights RaceData
2023,11,perez,Sergio Perez,Red Bull,9,3,6,15.0,70,FINISHED,Base Oficial Ergast Motor Racing Database / TracingInsights RaceData
2023,11,hamilton,Lewis Hamilton,Mercedes,1,4,-3,12.0,70,FINISHED,Base Oficial Ergast Motor Racing Database / TracingInsights RaceData
2023,11,piastri,Oscar Piastri,McLaren,4,5,-1,10.0,70,FINISHED,Base Oficial Ergast Motor Racing Database / TracingInsights RaceData
2023,11,russell,George Russell,Mercedes,18,6,12,8.0,70,FINISHED,Base Oficial Ergast Motor Racing Database / TracingInsights RaceData
2023,11,leclerc,Charles Leclerc,Ferrari,6,7,-1,6.0,70,FINISHED,Base Oficial Ergast Motor Racing Database / TracingInsights RaceData
2023,11,sainz,Carlos Sainz,Ferrari,11,8,3,4.0,70,FINISHED,Base Oficial Ergast Motor Racing Database / TracingInsights RaceData
2023,11,alonso,Fernando Alonso,Aston Martin,8,9,-1,2.0,70,FINISHED,Base Oficial Ergast Motor Racing Database / TracingInsights RaceData
2023,11,stroll,Lance Stroll,Aston Martin,14,10,4,1.0,69,+1 LAP,Base Oficial Ergast Motor Racing Database / TracingInsights RaceData
2023,11,albon,Alexander Albon,Williams,16,11,5,0.0,69,+1 LAP,Base Oficial Ergast Motor Racing Database / TracingInsights RaceData
2023,11,bottas,Valtteri Bottas,Alfa Romeo,7,12,-5,0.0,69,+1 LAP,Base Oficial Ergast Motor Racing Database / TracingInsights RaceData
2023,11,ricciardo,Daniel Ricciardo,AlphaTauri,13,13,0,0.0,69,+1 LAP,Base Oficial Ergast Motor Racing Database / TracingInsights RaceData
2023,11,hulkenberg,Nico Hulkenberg,Haas F1 Team,10,14,-4,0.0,69,+1 LAP,Base Oficial Ergast Motor Racing Database / TracingInsights RaceData
2023,11,tsunoda,Yuki Tsunoda,AlphaTauri,17,15,2,0.0,69,+1 LAP,Base Oficial Ergast Motor Racing Database / TracingInsights RaceData
2023,11,zhou,Guanyu Zhou,Alfa Romeo,5,16,-11,0.0,69,+1 LAP,Base Oficial Ergast Motor Racing Database / TracingInsights RaceData
2023,11,kevin_magnussen,Kevin Magnussen,Haas F1 Team,19,17,2,0.0,69,+1 LAP,Base Oficial Ergast Motor Racing Database / TracingInsights RaceData
2023,11,sargeant,Logan Sargeant,Williams,20,18,2,0.0,67,RETIRED,Base Oficial Ergast Motor Racing Database / TracingInsights RaceData
2023,11,ocon,Esteban Ocon,Alpine F1 Team,12,19,-7,0.0,2,COLLISION DAMAGE,Base Oficial Ergast Motor Racing Database / TracingInsights RaceData
2023,11,gasly,Pierre Gasly,Alpine F1 Team,15,20,-5,0.0,1,COLLISION DAMAGE,Base Oficial Ergast Motor Racing Database / TracingInsights RaceData
2023,12,max_verstappen,Max Verstappen,Red Bull,6,1,5,25.0,44,FINISHED,Base Oficial Ergast Motor Racing Database / TracingInsights RaceData
2023,12,perez,Sergio Perez,Red Bull,2,2,0,18.0,44,FINISHED,Base Oficial Ergast Motor Racing Database / TracingInsights RaceData
2023,12,leclerc,Charles Leclerc,Ferrari,1,3,-2,15.0,44,FINISHED,Base Oficial Ergast Motor Racing Database / TracingInsights RaceData
2023,12,hamilton,Lewis Hamilton,Mercedes,3,4,-1,13.0,44,FINISHED,Base Oficial Ergast Motor Racing Database / TracingInsights RaceData
2023,12,alonso,Fernando Alonso,Aston Martin,9,5,4,10.0,44,FINISHED,Base Oficial Ergast Motor Racing Database / TracingInsights RaceData
2023,12,russell,George Russell,Mercedes,8,6,2,8.0,44,FINISHED,Base Oficial Ergast Motor Racing Database / TracingInsights RaceData
2023,12,norris,Lando Norris,McLaren,7,7,0,6.0,44,FINISHED,Base Oficial Ergast Motor Racing Database / TracingInsights RaceData
2023,12,ocon,Esteban Ocon,Alpine F1 Team,14,8,6,4.0,44,FINISHED,Base Oficial Ergast Motor Racing Database / TracingInsights RaceData
2023,12,stroll,Lance Stroll,Aston Martin,10,9,1,2.0,44,FINISHED,Base Oficial Ergast Motor Racing Database / TracingInsights RaceData
2023,12,tsunoda,Yuki Tsunoda,AlphaTauri,11,10,1,1.0,44,FINISHED,Base Oficial Ergast Motor Racing Database / TracingInsights RaceData
2023,12,gasly,Pierre Gasly,Alpine F1 Team,12,11,1,0.0,44,FINISHED,Base Oficial Ergast Motor Racing Database / TracingInsights RaceData
2023,12,bottas,Valtteri Bottas,Alfa Romeo,13,12,1,0.0,44,FINISHED,Base Oficial Ergast Motor Racing Database / TracingInsights RaceData
2023,12,zhou,Guanyu Zhou,Alfa Romeo,17,13,4,0.0,44,FINISHED,Base Oficial Ergast Motor Racing Database / TracingInsights RaceData
2023,12,albon,Alexander Albon,Williams,15,14,1,0.0,44,FINISHED,Base Oficial Ergast Motor Racing Database / TracingInsights RaceData
2023,12,kevin_magnussen,Kevin Magnussen,Haas F1 Team,16,15,1,0.0,44,FINISHED,Base Oficial Ergast Motor Racing Database / TracingInsights RaceData
2023,12,ricciardo,Daniel Ricciardo,AlphaTauri,19,16,3,0.0,44,FINISHED,Base Oficial Ergast Motor Racing Database / TracingInsights RaceData
2023,12,sargeant,Logan Sargeant,Williams,18,17,1,0.0,44,FINISHED,Base Oficial Ergast Motor Racing Database / TracingInsights RaceData
2023,12,hulkenberg,Nico Hulkenberg,Haas F1 Team,20,18,2,0.0,44,FINISHED,Base Oficial Ergast Motor Racing Database / TracingInsights RaceData
2023,12,sainz,Carlos Sainz,Ferrari,4,19,-15,0.0,23,COLLISION DAMAGE,Base Oficial Ergast Motor Racing Database / TracingInsights RaceData
2023,12,piastri,Oscar Piastri,McLaren,5,20,-15,0.0,0,COLLISION DAMAGE,Base Oficial Ergast Motor Racing Database / TracingInsights RaceData
2023,13,max_verstappen,Max Verstappen,Red Bull,1,1,0,25.0,72,FINISHED,Base Oficial Ergast Motor Racing Database / TracingInsights RaceData
2023,13,alonso,Fernando Alonso,Aston Martin,5,2,3,19.0,72,FINISHED,Base Oficial Ergast Motor Racing Database / TracingInsights RaceData
2023,13,gasly,Pierre Gasly,Alpine F1 Team,12,3,9,15.0,72,FINISHED,Base Oficial Ergast Motor Racing Database / TracingInsights RaceData
2023,13,perez,Sergio Perez,Red Bull,7,4,3,12.0,72,FINISHED,Base Oficial Ergast Motor Racing Database / TracingInsights RaceData
2023,13,sainz,Carlos Sainz,Ferrari,6,5,1,10.0,72,FINISHED,Base Oficial Ergast Motor Racing Database / TracingInsights RaceData
2023,13,hamilton,Lewis Hamilton,Mercedes,13,6,7,8.0,72,FINISHED,Base Oficial Ergast Motor Racing Database / TracingInsights RaceData
2023,13,norris,Lando Norris,McLaren,2,7,-5,6.0,72,FINISHED,Base Oficial Ergast Motor Racing Database / TracingInsights RaceData
2023,13,albon,Alexander Albon,Williams,4,8,-4,4.0,72,FINISHED,Base Oficial Ergast Motor Racing Database / TracingInsights RaceData
2023,13,piastri,Oscar Piastri,McLaren,8,9,-1,2.0,72,FINISHED,Base Oficial Ergast Motor Racing Database / TracingInsights RaceData
2023,13,ocon,Esteban Ocon,Alpine F1 Team,16,10,6,1.0,72,FINISHED,Base Oficial Ergast Motor Racing Database / TracingInsights RaceData
2023,13,stroll,Lance Stroll,Aston Martin,11,11,0,0.0,72,FINISHED,Base Oficial Ergast Motor Racing Database / TracingInsights RaceData
2023,13,hulkenberg,Nico Hulkenberg,Haas F1 Team,14,12,2,0.0,72,FINISHED,Base Oficial Ergast Motor Racing Database / TracingInsights RaceData
2023,13,lawson,Liam Lawson,AlphaTauri,19,13,6,0.0,72,FINISHED,Base Oficial Ergast Motor Racing Database / TracingInsights RaceData
2023,13,bottas,Valtteri Bottas,Alfa Romeo,18,14,4,0.0,72,FINISHED,Base Oficial Ergast Motor Racing Database / TracingInsights RaceData
2023,13,tsunoda,Yuki Tsunoda,AlphaTauri,17,15,2,0.0,72,FINISHED,Base Oficial Ergast Motor Racing Database / TracingInsights RaceData
2023,13,kevin_magnussen,Kevin Magnussen,Haas F1 Team,20,16,4,0.0,72,FINISHED,Base Oficial Ergast Motor Racing Database / TracingInsights RaceData
2023,13,russell,George Russell,Mercedes,3,17,-14,0.0,72,FINISHED,Base Oficial Ergast Motor Racing Database / TracingInsights RaceData
2023,13,zhou,Guanyu Zhou,Alfa Romeo,15,18,-3,0.0,62,ACCIDENT,Base Oficial Ergast Motor Racing Database / TracingInsights RaceData
2023,13,leclerc,Charles Leclerc,Ferrari,9,19,-10,0.0,41,UNDERTRAY,Base Oficial Ergast Motor Racing Database / TracingInsights RaceData
2023,13,sargeant,Logan Sargeant,Williams,10,20,-10,0.0,14,ACCIDENT,Base Oficial Ergast Motor Racing Database / TracingInsights RaceData
2023,14,max_verstappen,Max Verstappen,Red Bull,2,1,1,25.0,51,FINISHED,Base Oficial Ergast Motor Racing Database / TracingInsights RaceData
2023,14,perez,Sergio Perez,Red Bull,5,2,3,18.0,51,FINISHED,Base Oficial Ergast Motor Racing Database / TracingInsights RaceData
2023,14,sainz,Carlos Sainz,Ferrari,1,3,-2,15.0,51,FINISHED,Base Oficial Ergast Motor Racing Database / TracingInsights RaceData
2023,14,leclerc,Charles Leclerc,Ferrari,3,4,-1,12.0,51,FINISHED,Base Oficial Ergast Motor Racing Database / TracingInsights RaceData
2023,14,russell,George Russell,Mercedes,4,5,-1,10.0,51,FINISHED,Base Oficial Ergast Motor Racing Database / TracingInsights RaceData
2023,14,hamilton,Lewis Hamilton,Mercedes,8,6,2,8.0,51,FINISHED,Base Oficial Ergast Motor Racing Database / TracingInsights RaceData
2023,14,albon,Alexander Albon,Williams,6,7,-1,6.0,51,FINISHED,Base Oficial Ergast Motor Racing Database / TracingInsights RaceData
2023,14,norris,Lando Norris,McLaren,9,8,1,4.0,51,FINISHED,Base Oficial Ergast Motor Racing Database / TracingInsights RaceData
2023,14,alonso,Fernando Alonso,Aston Martin,10,9,1,2.0,51,FINISHED,Base Oficial Ergast Motor Racing Database / TracingInsights RaceData
2023,14,bottas,Valtteri Bottas,Alfa Romeo,14,10,4,1.0,51,FINISHED,Base Oficial Ergast Motor Racing Database / TracingInsights RaceData
2023,14,lawson,Liam Lawson,AlphaTauri,12,11,1,0.0,51,FINISHED,Base Oficial Ergast Motor Racing Database / TracingInsights RaceData
2023,14,piastri,Oscar Piastri,McLaren,7,12,-5,0.0,51,FINISHED,Base Oficial Ergast Motor Racing Database / TracingInsights RaceData
2023,14,sargeant,Logan Sargeant,Williams,15,13,2,0.0,51,FINISHED,Base Oficial Ergast Motor Racing Database / TracingInsights RaceData
2023,14,zhou,Guanyu Zhou,Alfa Romeo,16,14,2,0.0,51,FINISHED,Base Oficial Ergast Motor Racing Database / TracingInsights RaceData
2023,14,gasly,Pierre Gasly,Alpine F1 Team,17,15,2,0.0,51,FINISHED,Base Oficial Ergast Motor Racing Database / TracingInsights RaceData
2023,14,stroll,Lance Stroll,Aston Martin,20,16,4,0.0,51,FINISHED,Base Oficial Ergast Motor Racing Database / TracingInsights RaceData
2023,14,hulkenberg,Nico Hulkenberg,Haas F1 Team,13,17,-4,0.0,50,+1 LAP,Base Oficial Ergast Motor Racing Database / TracingInsights RaceData
2023,14,kevin_magnussen,Kevin Magnussen,Haas F1 Team,19,18,1,0.0,50,+1 LAP,Base Oficial Ergast Motor Racing Database / TracingInsights RaceData
2023,14,ocon,Esteban Ocon,Alpine F1 Team,18,19,-1,0.0,39,STEERING,Base Oficial Ergast Motor Racing Database / TracingInsights RaceData
2023,14,tsunoda,Yuki Tsunoda,AlphaTauri,11,20,-9,0.0,0,ENGINE,Base Oficial Ergast Motor Racing Database / TracingInsights RaceData
2023,15,sainz,Carlos Sainz,Ferrari,1,1,0,25.0,62,FINISHED,Base Oficial Ergast Motor Racing Database / TracingInsights RaceData
2023,15,norris,Lando Norris,McLaren,4,2,2,18.0,62,FINISHED,Base Oficial Ergast Motor Racing Database / TracingInsights RaceData
2023,15,hamilton,Lewis Hamilton,Mercedes,5,3,2,16.0,62,FINISHED,Base Oficial Ergast Motor Racing Database / TracingInsights RaceData
2023,15,leclerc,Charles Leclerc,Ferrari,3,4,-1,12.0,62,FINISHED,Base Oficial Ergast Motor Racing Database / TracingInsights RaceData
2023,15,max_verstappen,Max Verstappen,Red Bull,11,5,6,10.0,62,FINISHED,Base Oficial Ergast Motor Racing Database / TracingInsights RaceData
2023,15,gasly,Pierre Gasly,Alpine F1 Team,12,6,6,8.0,62,FINISHED,Base Oficial Ergast Motor Racing Database / TracingInsights RaceData
2023,15,piastri,Oscar Piastri,McLaren,17,7,10,6.0,62,FINISHED,Base Oficial Ergast Motor Racing Database / TracingInsights RaceData
2023,15,perez,Sergio Perez,Red Bull,13,8,5,4.0,62,FINISHED,Base Oficial Ergast Motor Racing Database / TracingInsights RaceData
2023,15,lawson,Liam Lawson,AlphaTauri,10,9,1,2.0,62,FINISHED,Base Oficial Ergast Motor Racing Database / TracingInsights RaceData
2023,15,kevin_magnussen,Kevin Magnussen,Haas F1 Team,6,10,-4,1.0,62,FINISHED,Base Oficial Ergast Motor Racing Database / TracingInsights RaceData
2023,15,albon,Alexander Albon,Williams,14,11,3,0.0,62,FINISHED,Base Oficial Ergast Motor Racing Database / TracingInsights RaceData
2023,15,zhou,Guanyu Zhou,Alfa Romeo,20,12,8,0.0,62,FINISHED,Base Oficial Ergast Motor Racing Database / TracingInsights RaceData
2023,15,hulkenberg,Nico Hulkenberg,Haas F1 Team,9,13,-4,0.0,62,FINISHED,Base Oficial Ergast Motor Racing Database / TracingInsights RaceData
2023,15,sargeant,Logan Sargeant,Williams,18,14,4,0.0,62,FINISHED,Base Oficial Ergast Motor Racing Database / TracingInsights RaceData
2023,15,alonso,Fernando Alonso,Aston Martin,7,15,-8,0.0,62,FINISHED,Base Oficial Ergast Motor Racing Database / TracingInsights RaceData
2023,15,russell,George Russell,Mercedes,2,16,-14,0.0,61,ACCIDENT,Base Oficial Ergast Motor Racing Database / TracingInsights RaceData
2023,15,bottas,Valtteri Bottas,Alfa Romeo,16,17,-1,0.0,51,TECHNICAL,Base Oficial Ergast Motor Racing Database / TracingInsights RaceData
2023,15,ocon,Esteban Ocon,Alpine F1 Team,8,18,-10,0.0,42,GEARBOX,Base Oficial Ergast Motor Racing Database / TracingInsights RaceData
2023,15,tsunoda,Yuki Tsunoda,AlphaTauri,15,19,-4,0.0,0,COLLISION,Base Oficial Ergast Motor Racing Database / TracingInsights RaceData
2023,15,stroll,Lance Stroll,Aston Martin,20,20,0,0.0,0,WITHDREW,Base Oficial Ergast Motor Racing Database / TracingInsights RaceData
2023,16,max_verstappen,Max Verstappen,Red Bull,1,1,0,26.0,53,FINISHED,Base Oficial Ergast Motor Racing Database / TracingInsights RaceData
2023,16,norris,Lando Norris,McLaren,3,2,1,18.0,53,FINISHED,Base Oficial Ergast Motor Racing Database / TracingInsights RaceData
2023,16,piastri,Oscar Piastri,McLaren,2,3,-1,15.0,53,FINISHED,Base Oficial Ergast Motor Racing Database / TracingInsights RaceData
2023,16,leclerc,Charles Leclerc,Ferrari,4,4,0,12.0,53,FINISHED,Base Oficial Ergast Motor Racing Database / TracingInsights RaceData
2023,16,hamilton,Lewis Hamilton,Mercedes,7,5,2,10.0,53,FINISHED,Base Oficial Ergast Motor Racing Database / TracingInsights RaceData
2023,16,sainz,Carlos Sainz,Ferrari,6,6,0,8.0,53,FINISHED,Base Oficial Ergast Motor Racing Database / TracingInsights RaceData
2023,16,russell,George Russell,Mercedes,8,7,1,6.0,53,FINISHED,Base Oficial Ergast Motor Racing Database / TracingInsights RaceData
2023,16,alonso,Fernando Alonso,Aston Martin,10,8,2,4.0,53,FINISHED,Base Oficial Ergast Motor Racing Database / TracingInsights RaceData
2023,16,ocon,Esteban Ocon,Alpine F1 Team,14,9,5,2.0,53,FINISHED,Base Oficial Ergast Motor Racing Database / TracingInsights RaceData
2023,16,gasly,Pierre Gasly,Alpine F1 Team,12,10,2,1.0,53,FINISHED,Base Oficial Ergast Motor Racing Database / TracingInsights RaceData
2023,16,lawson,Liam Lawson,AlphaTauri,11,11,0,0.0,52,+1 LAP,Base Oficial Ergast Motor Racing Database / TracingInsights RaceData
2023,16,tsunoda,Yuki Tsunoda,AlphaTauri,9,12,-3,0.0,52,+1 LAP,Base Oficial Ergast Motor Racing Database / TracingInsights RaceData
2023,16,zhou,Guanyu Zhou,Alfa Romeo,19,13,6,0.0,52,+1 LAP,Base Oficial Ergast Motor Racing Database / TracingInsights RaceData
2023,16,hulkenberg,Nico Hulkenberg,Haas F1 Team,18,14,4,0.0,52,+1 LAP,Base Oficial Ergast Motor Racing Database / TracingInsights RaceData
2023,16,kevin_magnussen,Kevin Magnussen,Haas F1 Team,15,15,0,0.0,52,+1 LAP,Base Oficial Ergast Motor Racing Database / TracingInsights RaceData
2023,16,albon,Alexander Albon,Williams,13,16,-3,0.0,26,COLLISION DAMAGE,Base Oficial Ergast Motor Racing Database / TracingInsights RaceData
2023,16,sargeant,Logan Sargeant,Williams,20,17,3,0.0,22,COLLISION DAMAGE,Base Oficial Ergast Motor Racing Database / TracingInsights RaceData
2023,16,stroll,Lance Stroll,Aston Martin,17,18,-1,0.0,20,REAR WING,Base Oficial Ergast Motor Racing Database / TracingInsights RaceData
2023,16,perez,Sergio Perez,Red Bull,5,19,-14,0.0,15,COLLISION DAMAGE,Base Oficial Ergast Motor Racing Database / TracingInsights RaceData
2023,16,bottas,Valtteri Bottas,Alfa Romeo,16,20,-4,0.0,7,COLLISION DAMAGE,Base Oficial Ergast Motor Racing Database / TracingInsights RaceData
2023,17,max_verstappen,Max Verstappen,Red Bull,1,1,0,26.0,57,FINISHED,Base Oficial Ergast Motor Racing Database / TracingInsights RaceData
2023,17,piastri,Oscar Piastri,McLaren,6,2,4,18.0,57,FINISHED,Base Oficial Ergast Motor Racing Database / TracingInsights RaceData
2023,17,norris,Lando Norris,McLaren,10,3,7,15.0,57,FINISHED,Base Oficial Ergast Motor Racing Database / TracingInsights RaceData
2023,17,russell,George Russell,Mercedes,2,4,-2,12.0,57,FINISHED,Base Oficial Ergast Motor Racing Database / TracingInsights RaceData
2023,17,leclerc,Charles Leclerc,Ferrari,5,5,0,10.0,57,FINISHED,Base Oficial Ergast Motor Racing Database / TracingInsights RaceData
2023,17,alonso,Fernando Alonso,Aston Martin,4,6,-2,8.0,57,FINISHED,Base Oficial Ergast Motor Racing Database / TracingInsights RaceData
2023,17,ocon,Esteban Ocon,Alpine F1 Team,8,7,1,6.0,57,FINISHED,Base Oficial Ergast Motor Racing Database / TracingInsights RaceData
2023,17,bottas,Valtteri Bottas,Alfa Romeo,9,8,1,4.0,57,FINISHED,Base Oficial Ergast Motor Racing Database / TracingInsights RaceData
2023,17,zhou,Guanyu Zhou,Alfa Romeo,19,9,10,2.0,57,FINISHED,Base Oficial Ergast Motor Racing Database / TracingInsights RaceData
2023,17,perez,Sergio Perez,Red Bull,20,10,10,1.0,57,FINISHED,Base Oficial Ergast Motor Racing Database / TracingInsights RaceData
2023,17,stroll,Lance Stroll,Aston Martin,16,11,5,0.0,57,FINISHED,Base Oficial Ergast Motor Racing Database / TracingInsights RaceData
2023,17,gasly,Pierre Gasly,Alpine F1 Team,7,12,-5,0.0,57,FINISHED,Base Oficial Ergast Motor Racing Database / TracingInsights RaceData
2023,17,albon,Alexander Albon,Williams,13,13,0,0.0,57,FINISHED,Base Oficial Ergast Motor Racing Database / TracingInsights RaceData
2023,17,kevin_magnussen,Kevin Magnussen,Haas F1 Team,18,14,4,0.0,56,+1 LAP,Base Oficial Ergast Motor Racing Database / TracingInsights RaceData
2023,17,tsunoda,Yuki Tsunoda,AlphaTauri,11,15,-4,0.0,56,+1 LAP,Base Oficial Ergast Motor Racing Database / TracingInsights RaceData
2023,17,hulkenberg,Nico Hulkenberg,Haas F1 Team,14,16,-2,0.0,56,+1 LAP,Base Oficial Ergast Motor Racing Database / TracingInsights RaceData
2023,17,lawson,Liam Lawson,AlphaTauri,17,17,0,0.0,56,+1 LAP,Base Oficial Ergast Motor Racing Database / TracingInsights RaceData
2023,17,sargeant,Logan Sargeant,Williams,15,18,-3,0.0,40,ILLNESS,Base Oficial Ergast Motor Racing Database / TracingInsights RaceData
2023,17,hamilton,Lewis Hamilton,Mercedes,3,19,-16,0.0,0,COLLISION,Base Oficial Ergast Motor Racing Database / TracingInsights RaceData
2023,17,sainz,Carlos Sainz,Ferrari,12,20,-8,0.0,0,FUEL LEAK,Base Oficial Ergast Motor Racing Database / TracingInsights RaceData
2023,18,max_verstappen,Max Verstappen,Red Bull,6,1,5,25.0,56,FINISHED,Base Oficial Ergast Motor Racing Database / TracingInsights RaceData
2023,18,norris,Lando Norris,McLaren,2,2,0,18.0,56,FINISHED,Base Oficial Ergast Motor Racing Database / TracingInsights RaceData
2023,18,sainz,Carlos Sainz,Ferrari,4,3,1,15.0,56,FINISHED,Base Oficial Ergast Motor Racing Database / TracingInsights RaceData
2023,18,perez,Sergio Perez,Red Bull,9,4,5,12.0,56,FINISHED,Base Oficial Ergast Motor Racing Database / TracingInsights RaceData
2023,18,russell,George Russell,Mercedes,5,5,0,10.0,56,FINISHED,Base Oficial Ergast Motor Racing Database / TracingInsights RaceData
2023,18,gasly,Pierre Gasly,Alpine F1 Team,7,6,1,8.0,56,FINISHED,Base Oficial Ergast Motor Racing Database / TracingInsights RaceData
2023,18,stroll,Lance Stroll,Aston Martin,20,7,13,6.0,56,FINISHED,Base Oficial Ergast Motor Racing Database / TracingInsights RaceData
2023,18,tsunoda,Yuki Tsunoda,AlphaTauri,11,8,3,5.0,56,FINISHED,Base Oficial Ergast Motor Racing Database / TracingInsights RaceData
2023,18,albon,Alexander Albon,Williams,15,9,6,2.0,56,FINISHED,Base Oficial Ergast Motor Racing Database / TracingInsights RaceData
2023,18,sargeant,Logan Sargeant,Williams,16,10,6,1.0,56,FINISHED,Base Oficial Ergast Motor Racing Database / TracingInsights RaceData
2023,18,hulkenberg,Nico Hulkenberg,Haas F1 Team,20,11,9,0.0,56,FINISHED,Base Oficial Ergast Motor Racing Database / TracingInsights RaceData
2023,18,bottas,Valtteri Bottas,Alfa Romeo,13,12,1,0.0,56,FINISHED,Base Oficial Ergast Motor Racing Database / TracingInsights RaceData
2023,18,zhou,Guanyu Zhou,Alfa Romeo,12,13,-1,0.0,55,+1 LAP,Base Oficial Ergast Motor Racing Database / TracingInsights RaceData
2023,18,kevin_magnussen,Kevin Magnussen,Haas F1 Team,20,14,6,0.0,55,+1 LAP,Base Oficial Ergast Motor Racing Database / TracingInsights RaceData
2023,18,ricciardo,Daniel Ricciardo,AlphaTauri,14,15,-1,0.0,55,+1 LAP,Base Oficial Ergast Motor Racing Database / TracingInsights RaceData
2023,18,alonso,Fernando Alonso,Aston Martin,20,16,4,0.0,49,UNDERTRAY,Base Oficial Ergast Motor Racing Database / TracingInsights RaceData
2023,18,piastri,Oscar Piastri,McLaren,10,17,-7,0.0,10,RADIATOR,Base Oficial Ergast Motor Racing Database / TracingInsights RaceData
2023,18,ocon,Esteban Ocon,Alpine F1 Team,8,18,-10,0.0,6,COLLISION DAMAGE,Base Oficial Ergast Motor Racing Database / TracingInsights RaceData
2023,18,hamilton,Lewis Hamilton,Mercedes,3,19,-16,0.0,56,DISQUALIFIED,Base Oficial Ergast Motor Racing Database / TracingInsights RaceData
2023,18,leclerc,Charles Leclerc,Ferrari,1,20,-19,0.0,56,DISQUALIFIED,Base Oficial Ergast Motor Racing Database / TracingInsights RaceData
2023,19,max_verstappen,Max Verstappen,Red Bull,3,1,2,25.0,71,FINISHED,Base Oficial Ergast Motor Racing Database / TracingInsights RaceData
2023,19,hamilton,Lewis Hamilton,Mercedes,6,2,4,19.0,71,FINISHED,Base Oficial Ergast Motor Racing Database / TracingInsights RaceData
2023,19,leclerc,Charles Leclerc,Ferrari,1,3,-2,15.0,71,FINISHED,Base Oficial Ergast Motor Racing Database / TracingInsights RaceData
2023,19,sainz,Carlos Sainz,Ferrari,2,4,-2,12.0,71,FINISHED,Base Oficial Ergast Motor Racing Database / TracingInsights RaceData
2023,19,norris,Lando Norris,McLaren,17,5,12,10.0,71,FINISHED,Base Oficial Ergast Motor Racing Database / TracingInsights RaceData
2023,19,russell,George Russell,Mercedes,8,6,2,8.0,71,FINISHED,Base Oficial Ergast Motor Racing Database / TracingInsights RaceData
2023,19,ricciardo,Daniel Ricciardo,AlphaTauri,4,7,-3,6.0,71,FINISHED,Base Oficial Ergast Motor Racing Database / TracingInsights RaceData
2023,19,piastri,Oscar Piastri,McLaren,7,8,-1,4.0,71,FINISHED,Base Oficial Ergast Motor Racing Database / TracingInsights RaceData
2023,19,albon,Alexander Albon,Williams,14,9,5,2.0,71,FINISHED,Base Oficial Ergast Motor Racing Database / TracingInsights RaceData
2023,19,ocon,Esteban Ocon,Alpine F1 Team,15,10,5,1.0,71,FINISHED,Base Oficial Ergast Motor Racing Database / TracingInsights RaceData
2023,19,gasly,Pierre Gasly,Alpine F1 Team,11,11,0,0.0,71,FINISHED,Base Oficial Ergast Motor Racing Database / TracingInsights RaceData
2023,19,tsunoda,Yuki Tsunoda,AlphaTauri,18,12,6,0.0,71,FINISHED,Base Oficial Ergast Motor Racing Database / TracingInsights RaceData
2023,19,hulkenberg,Nico Hulkenberg,Haas F1 Team,12,13,-1,0.0,71,FINISHED,Base Oficial Ergast Motor Racing Database / TracingInsights RaceData
2023,19,zhou,Guanyu Zhou,Alfa Romeo,10,14,-4,0.0,71,FINISHED,Base Oficial Ergast Motor Racing Database / TracingInsights RaceData
2023,19,bottas,Valtteri Bottas,Alfa Romeo,9,15,-6,0.0,71,FINISHED,Base Oficial Ergast Motor Racing Database / TracingInsights RaceData
2023,19,sargeant,Logan Sargeant,Williams,19,16,3,0.0,70,RETIRED,Base Oficial Ergast Motor Racing Database / TracingInsights RaceData
2023,19,stroll,Lance Stroll,Aston Martin,20,17,3,0.0,66,COLLISION DAMAGE,Base Oficial Ergast Motor Racing Database / TracingInsights RaceData
2023,19,alonso,Fernando Alonso,Aston Martin,13,18,-5,0.0,47,WITHDREW,Base Oficial Ergast Motor Racing Database / TracingInsights RaceData
2023,19,kevin_magnussen,Kevin Magnussen,Haas F1 Team,16,19,-3,0.0,31,ACCIDENT,Base Oficial Ergast Motor Racing Database / TracingInsights RaceData
2023,19,perez,Sergio Perez,Red Bull,5,20,-15,0.0,1,COLLISION DAMAGE,Base Oficial Ergast Motor Racing Database / TracingInsights RaceData
2023,20,max_verstappen,Max Verstappen,Red Bull,1,1,0,25.0,71,FINISHED,Base Oficial Ergast Motor Racing Database / TracingInsights RaceData
2023,20,norris,Lando Norris,McLaren,6,2,4,19.0,71,FINISHED,Base Oficial Ergast Motor Racing Database / TracingInsights RaceData
2023,20,alonso,Fernando Alonso,Aston Martin,4,3,1,15.0,71,FINISHED,Base Oficial Ergast Motor Racing Database / TracingInsights RaceData
2023,20,perez,Sergio Perez,Red Bull,9,4,5,12.0,71,FINISHED,Base Oficial Ergast Motor Racing Database / TracingInsights RaceData
2023,20,stroll,Lance Stroll,Aston Martin,3,5,-2,10.0,71,FINISHED,Base Oficial Ergast Motor Racing Database / TracingInsights RaceData
2023,20,sainz,Carlos Sainz,Ferrari,7,6,1,8.0,71,FINISHED,Base Oficial Ergast Motor Racing Database / TracingInsights RaceData
2023,20,gasly,Pierre Gasly,Alpine F1 Team,15,7,8,6.0,71,FINISHED,Base Oficial Ergast Motor Racing Database / TracingInsights RaceData
2023,20,hamilton,Lewis Hamilton,Mercedes,5,8,-3,4.0,71,FINISHED,Base Oficial Ergast Motor Racing Database / TracingInsights RaceData
2023,20,tsunoda,Yuki Tsunoda,AlphaTauri,16,9,7,2.0,71,FINISHED,Base Oficial Ergast Motor Racing Database / TracingInsights RaceData
2023,20,ocon,Esteban Ocon,Alpine F1 Team,14,10,4,1.0,70,+1 LAP,Base Oficial Ergast Motor Racing Database / TracingInsights RaceData
2023,20,sargeant,Logan Sargeant,Williams,19,11,8,0.0,70,+1 LAP,Base Oficial Ergast Motor Racing Database / TracingInsights RaceData
2023,20,hulkenberg,Nico Hulkenberg,Haas F1 Team,11,12,-1,0.0,70,+1 LAP,Base Oficial Ergast Motor Racing Database / TracingInsights RaceData
2023,20,ricciardo,Daniel Ricciardo,AlphaTauri,17,13,4,0.0,70,+1 LAP,Base Oficial Ergast Motor Racing Database / TracingInsights RaceData
2023,20,piastri,Oscar Piastri,McLaren,10,14,-4,0.0,69,+2 LAPS,Base Oficial Ergast Motor Racing Database / TracingInsights RaceData
2023,20,russell,George Russell,Mercedes,8,15,-7,0.0,57,OVERHEATING,Base Oficial Ergast Motor Racing Database / TracingInsights RaceData
2023,20,bottas,Valtteri Bottas,Alfa Romeo,18,16,2,0.0,39,ENGINE,Base Oficial Ergast Motor Racing Database / TracingInsights RaceData
2023,20,zhou,Guanyu Zhou,Alfa Romeo,20,17,3,0.0,22,ENGINE,Base Oficial Ergast Motor Racing Database / TracingInsights RaceData
2023,20,kevin_magnussen,Kevin Magnussen,Haas F1 Team,12,18,-6,0.0,0,COLLISION,Base Oficial Ergast Motor Racing Database / TracingInsights RaceData
2023,20,albon,Alexander Albon,Williams,13,19,-6,0.0,0,COLLISION,Base Oficial Ergast Motor Racing Database / TracingInsights RaceData
2023,20,leclerc,Charles Leclerc,Ferrari,20,20,0,0.0,0,ENGINE,Base Oficial Ergast Motor Racing Database / TracingInsights RaceData
2023,21,max_verstappen,Max Verstappen,Red Bull,2,1,1,25.0,50,FINISHED,Base Oficial Ergast Motor Racing Database / TracingInsights RaceData
2023,21,leclerc,Charles Leclerc,Ferrari,1,2,-1,18.0,50,FINISHED,Base Oficial Ergast Motor Racing Database / TracingInsights RaceData
2023,21,perez,Sergio Perez,Red Bull,11,3,8,15.0,50,FINISHED,Base Oficial Ergast Motor Racing Database / TracingInsights RaceData
2023,21,ocon,Esteban Ocon,Alpine F1 Team,16,4,12,12.0,50,FINISHED,Base Oficial Ergast Motor Racing Database / TracingInsights RaceData
2023,21,stroll,Lance Stroll,Aston Martin,19,5,14,10.0,50,FINISHED,Base Oficial Ergast Motor Racing Database / TracingInsights RaceData
2023,21,sainz,Carlos Sainz,Ferrari,12,6,6,8.0,50,FINISHED,Base Oficial Ergast Motor Racing Database / TracingInsights RaceData
2023,21,hamilton,Lewis Hamilton,Mercedes,10,7,3,6.0,50,FINISHED,Base Oficial Ergast Motor Racing Database / TracingInsights RaceData
2023,21,russell,George Russell,Mercedes,3,8,-5,4.0,50,FINISHED,Base Oficial Ergast Motor Racing Database / TracingInsights RaceData
2023,21,alonso,Fernando Alonso,Aston Martin,9,9,0,2.0,50,FINISHED,Base Oficial Ergast Motor Racing Database / TracingInsights RaceData
2023,21,piastri,Oscar Piastri,McLaren,18,10,8,2.0,50,FINISHED,Base Oficial Ergast Motor Racing Database / TracingInsights RaceData
2023,21,gasly,Pierre Gasly,Alpine F1 Team,4,11,-7,0.0,50,FINISHED,Base Oficial Ergast Motor Racing Database / TracingInsights RaceData
2023,21,albon,Alexander Albon,Williams,5,12,-7,0.0,50,FINISHED,Base Oficial Ergast Motor Racing Database / TracingInsights RaceData
2023,21,kevin_magnussen,Kevin Magnussen,Haas F1 Team,8,13,-5,0.0,50,FINISHED,Base Oficial Ergast Motor Racing Database / TracingInsights RaceData
2023,21,ricciardo,Daniel Ricciardo,AlphaTauri,14,14,0,0.0,50,FINISHED,Base Oficial Ergast Motor Racing Database / TracingInsights RaceData
2023,21,zhou,Guanyu Zhou,Alfa Romeo,17,15,2,0.0,50,FINISHED,Base Oficial Ergast Motor Racing Database / TracingInsights RaceData
2023,21,sargeant,Logan Sargeant,Williams,6,16,-10,0.0,50,FINISHED,Base Oficial Ergast Motor Racing Database / TracingInsights RaceData
2023,21,bottas,Valtteri Bottas,Alfa Romeo,7,17,-10,0.0,50,FINISHED,Base Oficial Ergast Motor Racing Database / TracingInsights RaceData
2023,21,tsunoda,Yuki Tsunoda,AlphaTauri,20,18,2,0.0,46,GEARBOX,Base Oficial Ergast Motor Racing Database / TracingInsights RaceData
2023,21,hulkenberg,Nico Hulkenberg,Haas F1 Team,13,19,-6,0.0,45,ENGINE,Base Oficial Ergast Motor Racing Database / TracingInsights RaceData
2023,21,norris,Lando Norris,McLaren,15,20,-5,0.0,2,ACCIDENT,Base Oficial Ergast Motor Racing Database / TracingInsights RaceData
2023,22,max_verstappen,Max Verstappen,Red Bull,1,1,0,26.0,58,FINISHED,Base Oficial Ergast Motor Racing Database / TracingInsights RaceData
2023,22,leclerc,Charles Leclerc,Ferrari,2,2,0,18.0,58,FINISHED,Base Oficial Ergast Motor Racing Database / TracingInsights RaceData
2023,22,russell,George Russell,Mercedes,4,3,1,15.0,58,FINISHED,Base Oficial Ergast Motor Racing Database / TracingInsights RaceData
2023,22,perez,Sergio Perez,Red Bull,9,4,5,12.0,58,FINISHED,Base Oficial Ergast Motor Racing Database / TracingInsights RaceData
2023,22,norris,Lando Norris,McLaren,5,5,0,10.0,58,FINISHED,Base Oficial Ergast Motor Racing Database / TracingInsights RaceData
2023,22,piastri,Oscar Piastri,McLaren,3,6,-3,8.0,58,FINISHED,Base Oficial Ergast Motor Racing Database / TracingInsights RaceData
2023,22,alonso,Fernando Alonso,Aston Martin,7,7,0,6.0,58,FINISHED,Base Oficial Ergast Motor Racing Database / TracingInsights RaceData
2023,22,tsunoda,Yuki Tsunoda,AlphaTauri,6,8,-2,4.0,58,FINISHED,Base Oficial Ergast Motor Racing Database / TracingInsights RaceData
2023,22,hamilton,Lewis Hamilton,Mercedes,11,9,2,2.0,58,FINISHED,Base Oficial Ergast Motor Racing Database / TracingInsights RaceData
2023,22,stroll,Lance Stroll,Aston Martin,13,10,3,1.0,58,FINISHED,Base Oficial Ergast Motor Racing Database / TracingInsights RaceData
2023,22,ricciardo,Daniel Ricciardo,AlphaTauri,15,11,4,0.0,58,FINISHED,Base Oficial Ergast Motor Racing Database / TracingInsights RaceData
2023,22,ocon,Esteban Ocon,Alpine F1 Team,12,12,0,0.0,58,FINISHED,Base Oficial Ergast Motor Racing Database / TracingInsights RaceData
2023,22,gasly,Pierre Gasly,Alpine F1 Team,10,13,-3,0.0,58,FINISHED,Base Oficial Ergast Motor Racing Database / TracingInsights RaceData
2023,22,albon,Alexander Albon,Williams,14,14,0,0.0,58,FINISHED,Base Oficial Ergast Motor Racing Database / TracingInsights RaceData
2023,22,hulkenberg,Nico Hulkenberg,Haas F1 Team,8,15,-7,0.0,58,FINISHED,Base Oficial Ergast Motor Racing Database / TracingInsights RaceData
2023,22,sargeant,Logan Sargeant,Williams,20,16,4,0.0,58,FINISHED,Base Oficial Ergast Motor Racing Database / TracingInsights RaceData
2023,22,zhou,Guanyu Zhou,Alfa Romeo,19,17,2,0.0,58,FINISHED,Base Oficial Ergast Motor Racing Database / TracingInsights RaceData
2023,22,sainz,Carlos Sainz,Ferrari,16,18,-2,0.0,57,RETIRED,Base Oficial Ergast Motor Racing Database / TracingInsights RaceData
2023,22,bottas,Valtteri Bottas,Alfa Romeo,18,19,-1,0.0,57,+1 LAP,Base Oficial Ergast Motor Racing Database / TracingInsights RaceData
2023,22,kevin_magnussen,Kevin Magnussen,Haas F1 Team,17,20,-3,0.0,57,+1 LAP,Base Oficial Ergast Motor Racing Database / TracingInsights RaceData
2024,1,max_verstappen,Max Verstappen,Red Bull,1,1,0,26.0,57,FINISHED,Base Oficial Ergast Motor Racing Database / TracingInsights RaceData
2024,1,perez,Sergio Perez,Red Bull,5,2,3,18.0,57,FINISHED,Base Oficial Ergast Motor Racing Database / TracingInsights RaceData
2024,1,sainz,Carlos Sainz,Ferrari,4,3,1,15.0,57,FINISHED,Base Oficial Ergast Motor Racing Database / TracingInsights RaceData
2024,1,leclerc,Charles Leclerc,Ferrari,2,4,-2,12.0,57,FINISHED,Base Oficial Ergast Motor Racing Database / TracingInsights RaceData
2024,1,russell,George Russell,Mercedes,3,5,-2,10.0,57,FINISHED,Base Oficial Ergast Motor Racing Database / TracingInsights RaceData
2024,1,norris,Lando Norris,McLaren,7,6,1,8.0,57,FINISHED,Base Oficial Ergast Motor Racing Database / TracingInsights RaceData
2024,1,hamilton,Lewis Hamilton,Mercedes,9,7,2,6.0,57,FINISHED,Base Oficial Ergast Motor Racing Database / TracingInsights RaceData
2024,1,piastri,Oscar Piastri,McLaren,8,8,0,4.0,57,FINISHED,Base Oficial Ergast Motor Racing Database / TracingInsights RaceData
2024,1,alonso,Fernando Alonso,Aston Martin,6,9,-3,2.0,57,FINISHED,Base Oficial Ergast Motor Racing Database / TracingInsights RaceData
2024,1,stroll,Lance Stroll,Aston Martin,12,10,2,1.0,57,FINISHED,Base Oficial Ergast Motor Racing Database / TracingInsights RaceData
2024,1,zhou,Guanyu Zhou,Sauber,17,11,6,0.0,56,+1 LAP,Base Oficial Ergast Motor Racing Database / TracingInsights RaceData
2024,1,kevin_magnussen,Kevin Magnussen,Haas F1 Team,15,12,3,0.0,56,+1 LAP,Base Oficial Ergast Motor Racing Database / TracingInsights RaceData
2024,1,ricciardo,Daniel Ricciardo,RB F1 Team,14,13,1,0.0,56,+1 LAP,Base Oficial Ergast Motor Racing Database / TracingInsights RaceData
2024,1,tsunoda,Yuki Tsunoda,RB F1 Team,11,14,-3,0.0,56,+1 LAP,Base Oficial Ergast Motor Racing Database / TracingInsights RaceData
2024,1,albon,Alexander Albon,Williams,13,15,-2,0.0,56,+1 LAP,Base Oficial Ergast Motor Racing Database / TracingInsights RaceData
2024,1,hulkenberg,Nico Hulkenberg,Haas F1 Team,10,16,-6,0.0,56,+1 LAP,Base Oficial Ergast Motor Racing Database / TracingInsights RaceData
2024,1,ocon,Esteban Ocon,Alpine F1 Team,19,17,2,0.0,56,+1 LAP,Base Oficial Ergast Motor Racing Database / TracingInsights RaceData
2024,1,gasly,Pierre Gasly,Alpine F1 Team,20,18,2,0.0,56,+1 LAP,Base Oficial Ergast Motor Racing Database / TracingInsights RaceData
2024,1,bottas,Valtteri Bottas,Sauber,16,19,-3,0.0,56,+1 LAP,Base Oficial Ergast Motor Racing Database / TracingInsights RaceData
2024,1,sargeant,Logan Sargeant,Williams,18,20,-2,0.0,55,+2 LAPS,Base Oficial Ergast Motor Racing Database / TracingInsights RaceData
2024,2,max_verstappen,Max Verstappen,Red Bull,1,1,0,25.0,50,FINISHED,Base Oficial Ergast Motor Racing Database / TracingInsights RaceData
2024,2,perez,Sergio Perez,Red Bull,3,2,1,18.0,50,FINISHED,Base Oficial Ergast Motor Racing Database / TracingInsights RaceData
2024,2,leclerc,Charles Leclerc,Ferrari,2,3,-1,16.0,50,FINISHED,Base Oficial Ergast Motor Racing Database / TracingInsights RaceData
2024,2,piastri,Oscar Piastri,McLaren,5,4,1,12.0,50,FINISHED,Base Oficial Ergast Motor Racing Database / TracingInsights RaceData
2024,2,alonso,Fernando Alonso,Aston Martin,4,5,-1,10.0,50,FINISHED,Base Oficial Ergast Motor Racing Database / TracingInsights RaceData
2024,2,russell,George Russell,Mercedes,7,6,1,8.0,50,FINISHED,Base Oficial Ergast Motor Racing Database / TracingInsights RaceData
2024,2,bearman,Oliver Bearman,Ferrari,11,7,4,6.0,50,FINISHED,Base Oficial Ergast Motor Racing Database / TracingInsights RaceData
2024,2,norris,Lando Norris,McLaren,6,8,-2,4.0,50,FINISHED,Base Oficial Ergast Motor Racing Database / TracingInsights RaceData
2024,2,hamilton,Lewis Hamilton,Mercedes,8,9,-1,2.0,50,FINISHED,Base Oficial Ergast Motor Racing Database / TracingInsights RaceData
2024,2,hulkenberg,Nico Hulkenberg,Haas F1 Team,15,10,5,1.0,50,FINISHED,Base Oficial Ergast Motor Racing Database / TracingInsights RaceData
2024,2,albon,Alexander Albon,Williams,12,11,1,0.0,50,FINISHED,Base Oficial Ergast Motor Racing Database / TracingInsights RaceData
2024,2,kevin_magnussen,Kevin Magnussen,Haas F1 Team,13,12,1,0.0,50,FINISHED,Base Oficial Ergast Motor Racing Database / TracingInsights RaceData
2024,2,ocon,Esteban Ocon,Alpine F1 Team,17,13,4,0.0,49,+1 LAP,Base Oficial Ergast Motor Racing Database / TracingInsights RaceData
2024,2,sargeant,Logan Sargeant,Williams,19,14,5,0.0,49,+1 LAP,Base Oficial Ergast Motor Racing Database / TracingInsights RaceData
2024,2,tsunoda,Yuki Tsunoda,RB F1 Team,9,15,-6,0.0,49,+1 LAP,Base Oficial Ergast Motor Racing Database / TracingInsights RaceData
2024,2,ricciardo,Daniel Ricciardo,RB F1 Team,14,16,-2,0.0,49,+1 LAP,Base Oficial Ergast Motor Racing Database / TracingInsights RaceData
2024,2,bottas,Valtteri Bottas,Sauber,16,17,-1,0.0,49,+1 LAP,Base Oficial Ergast Motor Racing Database / TracingInsights RaceData
2024,2,zhou,Guanyu Zhou,Sauber,20,18,2,0.0,49,+1 LAP,Base Oficial Ergast Motor Racing Database / TracingInsights RaceData
2024,2,stroll,Lance Stroll,Aston Martin,10,19,-9,0.0,5,ACCIDENT,Base Oficial Ergast Motor Racing Database / TracingInsights RaceData
2024,2,gasly,Pierre Gasly,Alpine F1 Team,18,20,-2,0.0,1,GEARBOX,Base Oficial Ergast Motor Racing Database / TracingInsights RaceData
2024,3,sainz,Carlos Sainz,Ferrari,2,1,1,25.0,58,FINISHED,Base Oficial Ergast Motor Racing Database / TracingInsights RaceData
2024,3,leclerc,Charles Leclerc,Ferrari,4,2,2,19.0,58,FINISHED,Base Oficial Ergast Motor Racing Database / TracingInsights RaceData
2024,3,norris,Lando Norris,McLaren,3,3,0,15.0,58,FINISHED,Base Oficial Ergast Motor Racing Database / TracingInsights RaceData
2024,3,piastri,Oscar Piastri,McLaren,5,4,1,12.0,58,FINISHED,Base Oficial Ergast Motor Racing Database / TracingInsights RaceData
2024,3,perez,Sergio Perez,Red Bull,6,5,1,10.0,58,FINISHED,Base Oficial Ergast Motor Racing Database / TracingInsights RaceData
2024,3,stroll,Lance Stroll,Aston Martin,9,6,3,8.0,58,FINISHED,Base Oficial Ergast Motor Racing Database / TracingInsights RaceData
2024,3,tsunoda,Yuki Tsunoda,RB F1 Team,8,7,1,6.0,58,FINISHED,Base Oficial Ergast Motor Racing Database / TracingInsights RaceData
2024,3,alonso,Fernando Alonso,Aston Martin,10,8,2,4.0,58,FINISHED,Base Oficial Ergast Motor Racing Database / TracingInsights RaceData
2024,3,hulkenberg,Nico Hulkenberg,Haas F1 Team,16,9,7,2.0,58,FINISHED,Base Oficial Ergast Motor Racing Database / TracingInsights RaceData
2024,3,kevin_magnussen,Kevin Magnussen,Haas F1 Team,14,10,4,1.0,57,+1 LAP,Base Oficial Ergast Motor Racing Database / TracingInsights RaceData
2024,3,albon,Alexander Albon,Williams,12,11,1,0.0,57,+1 LAP,Base Oficial Ergast Motor Racing Database / TracingInsights RaceData
2024,3,ricciardo,Daniel Ricciardo,RB F1 Team,18,12,6,0.0,57,+1 LAP,Base Oficial Ergast Motor Racing Database / TracingInsights RaceData
2024,3,gasly,Pierre Gasly,Alpine F1 Team,17,13,4,0.0,57,+1 LAP,Base Oficial Ergast Motor Racing Database / TracingInsights RaceData
2024,3,bottas,Valtteri Bottas,Sauber,13,14,-1,0.0,57,+1 LAP,Base Oficial Ergast Motor Racing Database / TracingInsights RaceData
2024,3,zhou,Guanyu Zhou,Sauber,19,15,4,0.0,57,+1 LAP,Base Oficial Ergast Motor Racing Database / TracingInsights RaceData
2024,3,ocon,Esteban Ocon,Alpine F1 Team,15,16,-1,0.0,57,+1 LAP,Base Oficial Ergast Motor Racing Database / TracingInsights RaceData
2024,3,russell,George Russell,Mercedes,7,17,-10,0.0,56,ACCIDENT,Base Oficial Ergast Motor Racing Database / TracingInsights RaceData
2024,3,hamilton,Lewis Hamilton,Mercedes,11,18,-7,0.0,15,ENGINE,Base Oficial Ergast Motor Racing Database / TracingInsights RaceData
2024,3,max_verstappen,Max Verstappen,Red Bull,1,19,-18,0.0,3,BRAKES,Base Oficial Ergast Motor Racing Database / TracingInsights RaceData
2024,4,max_verstappen,Max Verstappen,Red Bull,1,1,0,26.0,53,FINISHED,Base Oficial Ergast Motor Racing Database / TracingInsights RaceData
2024,4,perez,Sergio Perez,Red Bull,2,2,0,18.0,53,FINISHED,Base Oficial Ergast Motor Racing Database / TracingInsights RaceData
2024,4,sainz,Carlos Sainz,Ferrari,4,3,1,15.0,53,FINISHED,Base Oficial Ergast Motor Racing Database / TracingInsights RaceData
2024,4,leclerc,Charles Leclerc,Ferrari,8,4,4,12.0,53,FINISHED,Base Oficial Ergast Motor Racing Database / TracingInsights RaceData
2024,4,norris,Lando Norris,McLaren,3,5,-2,10.0,53,FINISHED,Base Oficial Ergast Motor Racing Database / TracingInsights RaceData
2024,4,alonso,Fernando Alonso,Aston Martin,5,6,-1,8.0,53,FINISHED,Base Oficial Ergast Motor Racing Database / TracingInsights RaceData
2024,4,russell,George Russell,Mercedes,9,7,2,6.0,53,FINISHED,Base Oficial Ergast Motor Racing Database / TracingInsights RaceData
2024,4,piastri,Oscar Piastri,McLaren,6,8,-2,4.0,53,FINISHED,Base Oficial Ergast Motor Racing Database / TracingInsights RaceData
2024,4,hamilton,Lewis Hamilton,Mercedes,7,9,-2,2.0,53,FINISHED,Base Oficial Ergast Motor Racing Database / TracingInsights RaceData
2024,4,tsunoda,Yuki Tsunoda,RB F1 Team,10,10,0,1.0,52,+1 LAP,Base Oficial Ergast Motor Racing Database / TracingInsights RaceData
2024,4,hulkenberg,Nico Hulkenberg,Haas F1 Team,12,11,1,0.0,52,+1 LAP,Base Oficial Ergast Motor Racing Database / TracingInsights RaceData
2024,4,stroll,Lance Stroll,Aston Martin,16,12,4,0.0,52,+1 LAP,Base Oficial Ergast Motor Racing Database / TracingInsights RaceData
2024,4,kevin_magnussen,Kevin Magnussen,Haas F1 Team,18,13,5,0.0,52,+1 LAP,Base Oficial Ergast Motor Racing Database / TracingInsights RaceData
2024,4,bottas,Valtteri Bottas,Sauber,13,14,-1,0.0,52,+1 LAP,Base Oficial Ergast Motor Racing Database / TracingInsights RaceData
2024,4,ocon,Esteban Ocon,Alpine F1 Team,15,15,0,0.0,52,+1 LAP,Base Oficial Ergast Motor Racing Database / TracingInsights RaceData
2024,4,gasly,Pierre Gasly,Alpine F1 Team,17,16,1,0.0,52,+1 LAP,Base Oficial Ergast Motor Racing Database / TracingInsights RaceData
2024,4,sargeant,Logan Sargeant,Williams,19,17,2,0.0,52,+1 LAP,Base Oficial Ergast Motor Racing Database / TracingInsights RaceData
2024,4,zhou,Guanyu Zhou,Sauber,20,18,2,0.0,12,GEARBOX,Base Oficial Ergast Motor Racing Database / TracingInsights RaceData
2024,4,ricciardo,Daniel Ricciardo,RB F1 Team,11,19,-8,0.0,0,ACCIDENT,Base Oficial Ergast Motor Racing Database / TracingInsights RaceData
2024,4,albon,Alexander Albon,Williams,14,20,-6,0.0,0,ACCIDENT,Base Oficial Ergast Motor Racing Database / TracingInsights RaceData
2024,5,max_verstappen,Max Verstappen,Red Bull,1,1,0,25.0,56,FINISHED,Base Oficial Ergast Motor Racing Database / TracingInsights RaceData
2024,5,norris,Lando Norris,McLaren,4,2,2,18.0,56,FINISHED,Base Oficial Ergast Motor Racing Database / TracingInsights RaceData
2024,5,perez,Sergio Perez,Red Bull,2,3,-1,15.0,56,FINISHED,Base Oficial Ergast Motor Racing Database / TracingInsights RaceData
2024,5,leclerc,Charles Leclerc,Ferrari,6,4,2,12.0,56,FINISHED,Base Oficial Ergast Motor Racing Database / TracingInsights RaceData
2024,5,sainz,Carlos Sainz,Ferrari,7,5,2,10.0,56,FINISHED,Base Oficial Ergast Motor Racing Database / TracingInsights RaceData
2024,5,russell,George Russell,Mercedes,8,6,2,8.0,56,FINISHED,Base Oficial Ergast Motor Racing Database / TracingInsights RaceData
2024,5,alonso,Fernando Alonso,Aston Martin,3,7,-4,7.0,56,FINISHED,Base Oficial Ergast Motor Racing Database / TracingInsights RaceData
2024,5,piastri,Oscar Piastri,McLaren,5,8,-3,4.0,56,FINISHED,Base Oficial Ergast Motor Racing Database / TracingInsights RaceData
2024,5,hamilton,Lewis Hamilton,Mercedes,18,9,9,2.0,56,FINISHED,Base Oficial Ergast Motor Racing Database / TracingInsights RaceData
2024,5,hulkenberg,Nico Hulkenberg,Haas F1 Team,9,10,-1,1.0,56,FINISHED,Base Oficial Ergast Motor Racing Database / TracingInsights RaceData
2024,5,ocon,Esteban Ocon,Alpine F1 Team,13,11,2,0.0,56,FINISHED,Base Oficial Ergast Motor Racing Database / TracingInsights RaceData
2024,5,albon,Alexander Albon,Williams,14,12,2,0.0,56,FINISHED,Base Oficial Ergast Motor Racing Database / TracingInsights RaceData
2024,5,gasly,Pierre Gasly,Alpine F1 Team,15,13,2,0.0,56,FINISHED,Base Oficial Ergast Motor Racing Database / TracingInsights RaceData
2024,5,zhou,Guanyu Zhou,Sauber,16,14,2,0.0,56,FINISHED,Base Oficial Ergast Motor Racing Database / TracingInsights RaceData
2024,5,stroll,Lance Stroll,Aston Martin,11,15,-4,0.0,56,FINISHED,Base Oficial Ergast Motor Racing Database / TracingInsights RaceData
2024,5,kevin_magnussen,Kevin Magnussen,Haas F1 Team,17,16,1,0.0,56,FINISHED,Base Oficial Ergast Motor Racing Database / TracingInsights RaceData
2024,5,sargeant,Logan Sargeant,Williams,20,17,3,0.0,56,FINISHED,Base Oficial Ergast Motor Racing Database / TracingInsights RaceData
2024,5,ricciardo,Daniel Ricciardo,RB F1 Team,12,18,-6,0.0,33,RETIRED,Base Oficial Ergast Motor Racing Database / TracingInsights RaceData
2024,5,tsunoda,Yuki Tsunoda,RB F1 Team,19,19,0,0.0,26,RETIRED,Base Oficial Ergast Motor Racing Database / TracingInsights RaceData
2024,5,bottas,Valtteri Bottas,Sauber,10,20,-10,0.0,19,RETIRED,Base Oficial Ergast Motor Racing Database / TracingInsights RaceData
2024,6,norris,Lando Norris,McLaren,5,1,4,25.0,57,FINISHED,Base Oficial Ergast Motor Racing Database / TracingInsights RaceData
2024,6,max_verstappen,Max Verstappen,Red Bull,1,2,-1,18.0,57,FINISHED,Base Oficial Ergast Motor Racing Database / TracingInsights RaceData
2024,6,leclerc,Charles Leclerc,Ferrari,2,3,-1,15.0,57,FINISHED,Base Oficial Ergast Motor Racing Database / TracingInsights RaceData
2024,6,perez,Sergio Perez,Red Bull,4,4,0,12.0,57,FINISHED,Base Oficial Ergast Motor Racing Database / TracingInsights RaceData
2024,6,sainz,Carlos Sainz,Ferrari,3,5,-2,10.0,57,FINISHED,Base Oficial Ergast Motor Racing Database / TracingInsights RaceData
2024,6,hamilton,Lewis Hamilton,Mercedes,8,6,2,8.0,57,FINISHED,Base Oficial Ergast Motor Racing Database / TracingInsights RaceData
2024,6,tsunoda,Yuki Tsunoda,RB F1 Team,10,7,3,6.0,57,FINISHED,Base Oficial Ergast Motor Racing Database / TracingInsights RaceData
2024,6,russell,George Russell,Mercedes,7,8,-1,4.0,57,FINISHED,Base Oficial Ergast Motor Racing Database / TracingInsights RaceData
2024,6,alonso,Fernando Alonso,Aston Martin,15,9,6,2.0,57,FINISHED,Base Oficial Ergast Motor Racing Database / TracingInsights RaceData
2024,6,ocon,Esteban Ocon,Alpine F1 Team,13,10,3,1.0,57,FINISHED,Base Oficial Ergast Motor Racing Database / TracingInsights RaceData
2024,6,hulkenberg,Nico Hulkenberg,Haas F1 Team,9,11,-2,0.0,57,FINISHED,Base Oficial Ergast Motor Racing Database / TracingInsights RaceData
2024,6,gasly,Pierre Gasly,Alpine F1 Team,12,12,0,0.0,57,FINISHED,Base Oficial Ergast Motor Racing Database / TracingInsights RaceData
2024,6,piastri,Oscar Piastri,McLaren,6,13,-7,0.0,57,FINISHED,Base Oficial Ergast Motor Racing Database / TracingInsights RaceData
2024,6,zhou,Guanyu Zhou,Sauber,19,14,5,0.0,57,FINISHED,Base Oficial Ergast Motor Racing Database / TracingInsights RaceData
2024,6,ricciardo,Daniel Ricciardo,RB F1 Team,20,15,5,0.0,57,FINISHED,Base Oficial Ergast Motor Racing Database / TracingInsights RaceData
2024,6,bottas,Valtteri Bottas,Sauber,16,16,0,0.0,57,FINISHED,Base Oficial Ergast Motor Racing Database / TracingInsights RaceData
2024,6,stroll,Lance Stroll,Aston Martin,11,17,-6,0.0,57,FINISHED,Base Oficial Ergast Motor Racing Database / TracingInsights RaceData
2024,6,albon,Alexander Albon,Williams,14,18,-4,0.0,57,FINISHED,Base Oficial Ergast Motor Racing Database / TracingInsights RaceData
2024,6,kevin_magnussen,Kevin Magnussen,Haas F1 Team,18,19,-1,0.0,57,FINISHED,Base Oficial Ergast Motor Racing Database / TracingInsights RaceData
2024,6,sargeant,Logan Sargeant,Williams,17,20,-3,0.0,27,COLLISION,Base Oficial Ergast Motor Racing Database / TracingInsights RaceData
2024,7,max_verstappen,Max Verstappen,Red Bull,1,1,0,25.0,63,FINISHED,Base Oficial Ergast Motor Racing Database / TracingInsights RaceData
2024,7,norris,Lando Norris,McLaren,2,2,0,18.0,63,FINISHED,Base Oficial Ergast Motor Racing Database / TracingInsights RaceData
2024,7,leclerc,Charles Leclerc,Ferrari,3,3,0,15.0,63,FINISHED,Base Oficial Ergast Motor Racing Database / TracingInsights RaceData
2024,7,piastri,Oscar Piastri,McLaren,5,4,1,12.0,63,FINISHED,Base Oficial Ergast Motor Racing Database / TracingInsights RaceData
2024,7,sainz,Carlos Sainz,Ferrari,4,5,-1,10.0,63,FINISHED,Base Oficial Ergast Motor Racing Database / TracingInsights RaceData
2024,7,hamilton,Lewis Hamilton,Mercedes,8,6,2,8.0,63,FINISHED,Base Oficial Ergast Motor Racing Database / TracingInsights RaceData
2024,7,russell,George Russell,Mercedes,6,7,-1,7.0,63,FINISHED,Base Oficial Ergast Motor Racing Database / TracingInsights RaceData
2024,7,perez,Sergio Perez,Red Bull,11,8,3,4.0,63,FINISHED,Base Oficial Ergast Motor Racing Database / TracingInsights RaceData
2024,7,stroll,Lance Stroll,Aston Martin,13,9,4,2.0,63,FINISHED,Base Oficial Ergast Motor Racing Database / TracingInsights RaceData
2024,7,tsunoda,Yuki Tsunoda,RB F1 Team,7,10,-3,1.0,62,+1 LAP,Base Oficial Ergast Motor Racing Database / TracingInsights RaceData
2024,7,hulkenberg,Nico Hulkenberg,Haas F1 Team,10,11,-1,0.0,62,+1 LAP,Base Oficial Ergast Motor Racing Database / TracingInsights RaceData
2024,7,kevin_magnussen,Kevin Magnussen,Haas F1 Team,18,12,6,0.0,62,+1 LAP,Base Oficial Ergast Motor Racing Database / TracingInsights RaceData
2024,7,ricciardo,Daniel Ricciardo,RB F1 Team,9,13,-4,0.0,62,+1 LAP,Base Oficial Ergast Motor Racing Database / TracingInsights RaceData
2024,7,ocon,Esteban Ocon,Alpine F1 Team,12,14,-2,0.0,62,+1 LAP,Base Oficial Ergast Motor Racing Database / TracingInsights RaceData
2024,7,zhou,Guanyu Zhou,Sauber,17,15,2,0.0,62,+1 LAP,Base Oficial Ergast Motor Racing Database / TracingInsights RaceData
2024,7,gasly,Pierre Gasly,Alpine F1 Team,15,16,-1,0.0,62,+1 LAP,Base Oficial Ergast Motor Racing Database / TracingInsights RaceData
2024,7,sargeant,Logan Sargeant,Williams,19,17,2,0.0,62,+1 LAP,Base Oficial Ergast Motor Racing Database / TracingInsights RaceData
2024,7,bottas,Valtteri Bottas,Sauber,16,18,-2,0.0,62,+1 LAP,Base Oficial Ergast Motor Racing Database / TracingInsights RaceData
2024,7,alonso,Fernando Alonso,Aston Martin,20,19,1,0.0,62,+1 LAP,Base Oficial Ergast Motor Racing Database / TracingInsights RaceData
2024,7,albon,Alexander Albon,Williams,14,20,-6,0.0,51,RETIRED,Base Oficial Ergast Motor Racing Database / TracingInsights RaceData
2024,8,leclerc,Charles Leclerc,Ferrari,1,1,0,25.0,78,FINISHED,Base Oficial Ergast Motor Racing Database / TracingInsights RaceData
2024,8,piastri,Oscar Piastri,McLaren,2,2,0,18.0,78,FINISHED,Base Oficial Ergast Motor Racing Database / TracingInsights RaceData
2024,8,sainz,Carlos Sainz,Ferrari,3,3,0,15.0,78,FINISHED,Base Oficial Ergast Motor Racing Database / TracingInsights RaceData
2024,8,norris,Lando Norris,McLaren,4,4,0,12.0,78,FINISHED,Base Oficial Ergast Motor Racing Database / TracingInsights RaceData
2024,8,russell,George Russell,Mercedes,5,5,0,10.0,78,FINISHED,Base Oficial Ergast Motor Racing Database / TracingInsights RaceData
2024,8,max_verstappen,Max Verstappen,Red Bull,6,6,0,8.0,78,FINISHED,Base Oficial Ergast Motor Racing Database / TracingInsights RaceData
2024,8,hamilton,Lewis Hamilton,Mercedes,7,7,0,7.0,78,FINISHED,Base Oficial Ergast Motor Racing Database / TracingInsights RaceData
2024,8,tsunoda,Yuki Tsunoda,RB F1 Team,8,8,0,4.0,77,+1 LAP,Base Oficial Ergast Motor Racing Database / TracingInsights RaceData
2024,8,albon,Alexander Albon,Williams,9,9,0,2.0,77,+1 LAP,Base Oficial Ergast Motor Racing Database / TracingInsights RaceData
2024,8,gasly,Pierre Gasly,Alpine F1 Team,10,10,0,1.0,77,+1 LAP,Base Oficial Ergast Motor Racing Database / TracingInsights RaceData
2024,8,alonso,Fernando Alonso,Aston Martin,14,11,3,0.0,76,+2 LAPS,Base Oficial Ergast Motor Racing Database / TracingInsights RaceData
2024,8,ricciardo,Daniel Ricciardo,RB F1 Team,12,12,0,0.0,76,+2 LAPS,Base Oficial Ergast Motor Racing Database / TracingInsights RaceData
2024,8,bottas,Valtteri Bottas,Sauber,17,13,4,0.0,76,+2 LAPS,Base Oficial Ergast Motor Racing Database / TracingInsights RaceData
2024,8,stroll,Lance Stroll,Aston Martin,13,14,-1,0.0,76,+2 LAPS,Base Oficial Ergast Motor Racing Database / TracingInsights RaceData
2024,8,sargeant,Logan Sargeant,Williams,15,15,0,0.0,76,+2 LAPS,Base Oficial Ergast Motor Racing Database / TracingInsights RaceData
2024,8,zhou,Guanyu Zhou,Sauber,18,16,2,0.0,76,+2 LAPS,Base Oficial Ergast Motor Racing Database / TracingInsights RaceData
2024,8,ocon,Esteban Ocon,Alpine F1 Team,11,17,-6,0.0,0,COLLISION,Base Oficial Ergast Motor Racing Database / TracingInsights RaceData
2024,8,perez,Sergio Perez,Red Bull,16,18,-2,0.0,0,COLLISION,Base Oficial Ergast Motor Racing Database / TracingInsights RaceData
2024,8,hulkenberg,Nico Hulkenberg,Haas F1 Team,19,19,0,0.0,0,COLLISION,Base Oficial Ergast Motor Racing Database / TracingInsights RaceData
2024,8,kevin_magnussen,Kevin Magnussen,Haas F1 Team,20,20,0,0.0,0,COLLISION,Base Oficial Ergast Motor Racing Database / TracingInsights RaceData
2024,9,max_verstappen,Max Verstappen,Red Bull,2,1,1,25.0,70,FINISHED,Base Oficial Ergast Motor Racing Database / TracingInsights RaceData
2024,9,norris,Lando Norris,McLaren,3,2,1,18.0,70,FINISHED,Base Oficial Ergast Motor Racing Database / TracingInsights RaceData
2024,9,russell,George Russell,Mercedes,1,3,-2,15.0,70,FINISHED,Base Oficial Ergast Motor Racing Database / TracingInsights RaceData
2024,9,hamilton,Lewis Hamilton,Mercedes,7,4,3,13.0,70,FINISHED,Base Oficial Ergast Motor Racing Database / TracingInsights RaceData
2024,9,piastri,Oscar Piastri,McLaren,4,5,-1,10.0,70,FINISHED,Base Oficial Ergast Motor Racing Database / TracingInsights RaceData
2024,9,alonso,Fernando Alonso,Aston Martin,6,6,0,8.0,70,FINISHED,Base Oficial Ergast Motor Racing Database / TracingInsights RaceData
2024,9,stroll,Lance Stroll,Aston Martin,9,7,2,6.0,70,FINISHED,Base Oficial Ergast Motor Racing Database / TracingInsights RaceData
2024,9,ricciardo,Daniel Ricciardo,RB F1 Team,5,8,-3,4.0,70,FINISHED,Base Oficial Ergast Motor Racing Database / TracingInsights RaceData
2024,9,gasly,Pierre Gasly,Alpine F1 Team,15,9,6,2.0,70,FINISHED,Base Oficial Ergast Motor Racing Database / TracingInsights RaceData
2024,9,ocon,Esteban Ocon,Alpine F1 Team,18,10,8,1.0,70,FINISHED,Base Oficial Ergast Motor Racing Database / TracingInsights RaceData
2024,9,hulkenberg,Nico Hulkenberg,Haas F1 Team,17,11,6,0.0,70,FINISHED,Base Oficial Ergast Motor Racing Database / TracingInsights RaceData
2024,9,kevin_magnussen,Kevin Magnussen,Haas F1 Team,14,12,2,0.0,70,FINISHED,Base Oficial Ergast Motor Racing Database / TracingInsights RaceData
2024,9,bottas,Valtteri Bottas,Sauber,20,13,7,0.0,70,FINISHED,Base Oficial Ergast Motor Racing Database / TracingInsights RaceData
2024,9,tsunoda,Yuki Tsunoda,RB F1 Team,8,14,-6,0.0,70,FINISHED,Base Oficial Ergast Motor Racing Database / TracingInsights RaceData
2024,9,zhou,Guanyu Zhou,Sauber,20,15,5,0.0,69,+1 LAP,Base Oficial Ergast Motor Racing Database / TracingInsights RaceData
2024,9,sainz,Carlos Sainz,Ferrari,12,16,-4,0.0,52,COLLISION,Base Oficial Ergast Motor Racing Database / TracingInsights RaceData
2024,9,albon,Alexander Albon,Williams,10,17,-7,0.0,52,COLLISION,Base Oficial Ergast Motor Racing Database / TracingInsights RaceData
2024,9,perez,Sergio Perez,Red Bull,16,18,-2,0.0,51,ACCIDENT,Base Oficial Ergast Motor Racing Database / TracingInsights RaceData
2024,9,leclerc,Charles Leclerc,Ferrari,11,19,-8,0.0,40,ENGINE,Base Oficial Ergast Motor Racing Database / TracingInsights RaceData
2024,9,sargeant,Logan Sargeant,Williams,13,20,-7,0.0,23,ACCIDENT,Base Oficial Ergast Motor Racing Database / TracingInsights RaceData
2024,10,max_verstappen,Max Verstappen,Red Bull,2,1,1,25.0,66,FINISHED,Base Oficial Ergast Motor Racing Database / TracingInsights RaceData
2024,10,norris,Lando Norris,McLaren,1,2,-1,19.0,66,FINISHED,Base Oficial Ergast Motor Racing Database / TracingInsights RaceData
2024,10,hamilton,Lewis Hamilton,Mercedes,3,3,0,15.0,66,FINISHED,Base Oficial Ergast Motor Racing Database / TracingInsights RaceData
2024,10,russell,George Russell,Mercedes,4,4,0,12.0,66,FINISHED,Base Oficial Ergast Motor Racing Database / TracingInsights RaceData
2024,10,leclerc,Charles Leclerc,Ferrari,5,5,0,10.0,66,FINISHED,Base Oficial Ergast Motor Racing Database / TracingInsights RaceData
2024,10,sainz,Carlos Sainz,Ferrari,6,6,0,8.0,66,FINISHED,Base Oficial Ergast Motor Racing Database / TracingInsights RaceData
2024,10,piastri,Oscar Piastri,McLaren,9,7,2,6.0,66,FINISHED,Base Oficial Ergast Motor Racing Database / TracingInsights RaceData
2024,10,perez,Sergio Perez,Red Bull,11,8,3,4.0,66,FINISHED,Base Oficial Ergast Motor Racing Database / TracingInsights RaceData
2024,10,gasly,Pierre Gasly,Alpine F1 Team,7,9,-2,2.0,66,FINISHED,Base Oficial Ergast Motor Racing Database / TracingInsights RaceData
2024,10,ocon,Esteban Ocon,Alpine F1 Team,8,10,-2,1.0,66,FINISHED,Base Oficial Ergast Motor Racing Database / TracingInsights RaceData
2024,10,hulkenberg,Nico Hulkenberg,Haas F1 Team,13,11,2,0.0,66,FINISHED,Base Oficial Ergast Motor Racing Database / TracingInsights RaceData
2024,10,alonso,Fernando Alonso,Aston Martin,10,12,-2,0.0,65,+1 LAP,Base Oficial Ergast Motor Racing Database / TracingInsights RaceData
2024,10,zhou,Guanyu Zhou,Sauber,15,13,2,0.0,65,+1 LAP,Base Oficial Ergast Motor Racing Database / TracingInsights RaceData
2024,10,stroll,Lance Stroll,Aston Martin,14,14,0,0.0,65,+1 LAP,Base Oficial Ergast Motor Racing Database / TracingInsights RaceData
2024,10,ricciardo,Daniel Ricciardo,RB F1 Team,18,15,3,0.0,65,+1 LAP,Base Oficial Ergast Motor Racing Database / TracingInsights RaceData
2024,10,bottas,Valtteri Bottas,Sauber,12,16,-4,0.0,65,+1 LAP,Base Oficial Ergast Motor Racing Database / TracingInsights RaceData
2024,10,kevin_magnussen,Kevin Magnussen,Haas F1 Team,16,17,-1,0.0,65,+1 LAP,Base Oficial Ergast Motor Racing Database / TracingInsights RaceData
2024,10,albon,Alexander Albon,Williams,20,18,2,0.0,65,+1 LAP,Base Oficial Ergast Motor Racing Database / TracingInsights RaceData
2024,10,tsunoda,Yuki Tsunoda,RB F1 Team,17,19,-2,0.0,65,+1 LAP,Base Oficial Ergast Motor Racing Database / TracingInsights RaceData
2024,10,sargeant,Logan Sargeant,Williams,19,20,-1,0.0,64,+2 LAPS,Base Oficial Ergast Motor Racing Database / TracingInsights RaceData
2024,11,russell,George Russell,Mercedes,3,1,2,25.0,71,FINISHED,Base Oficial Ergast Motor Racing Database / TracingInsights RaceData
2024,11,piastri,Oscar Piastri,McLaren,7,2,5,18.0,71,FINISHED,Base Oficial Ergast Motor Racing Database / TracingInsights RaceData
2024,11,sainz,Carlos Sainz,Ferrari,4,3,1,15.0,71,FINISHED,Base Oficial Ergast Motor Racing Database / TracingInsights RaceData
2024,11,hamilton,Lewis Hamilton,Mercedes,5,4,1,12.0,71,FINISHED,Base Oficial Ergast Motor Racing Database / TracingInsights RaceData
2024,11,max_verstappen,Max Verstappen,Red Bull,1,5,-4,10.0,71,FINISHED,Base Oficial Ergast Motor Racing Database / TracingInsights RaceData
2024,11,hulkenberg,Nico Hulkenberg,Haas F1 Team,9,6,3,8.0,71,FINISHED,Base Oficial Ergast Motor Racing Database / TracingInsights RaceData
2024,11,perez,Sergio Perez,Red Bull,8,7,1,6.0,71,FINISHED,Base Oficial Ergast Motor Racing Database / TracingInsights RaceData
2024,11,kevin_magnussen,Kevin Magnussen,Haas F1 Team,12,8,4,4.0,71,FINISHED,Base Oficial Ergast Motor Racing Database / TracingInsights RaceData
2024,11,ricciardo,Daniel Ricciardo,RB F1 Team,11,9,2,2.0,71,FINISHED,Base Oficial Ergast Motor Racing Database / TracingInsights RaceData
2024,11,gasly,Pierre Gasly,Alpine F1 Team,13,10,3,1.0,71,FINISHED,Base Oficial Ergast Motor Racing Database / TracingInsights RaceData
2024,11,leclerc,Charles Leclerc,Ferrari,6,11,-5,0.0,71,FINISHED,Base Oficial Ergast Motor Racing Database / TracingInsights RaceData
2024,11,ocon,Esteban Ocon,Alpine F1 Team,10,12,-2,0.0,71,FINISHED,Base Oficial Ergast Motor Racing Database / TracingInsights RaceData
2024,11,stroll,Lance Stroll,Aston Martin,17,13,4,0.0,70,+1 LAP,Base Oficial Ergast Motor Racing Database / TracingInsights RaceData
2024,11,tsunoda,Yuki Tsunoda,RB F1 Team,14,14,0,0.0,70,+1 LAP,Base Oficial Ergast Motor Racing Database / TracingInsights RaceData
2024,11,albon,Alexander Albon,Williams,16,15,1,0.0,70,+1 LAP,Base Oficial Ergast Motor Racing Database / TracingInsights RaceData
2024,11,bottas,Valtteri Bottas,Sauber,18,16,2,0.0,70,+1 LAP,Base Oficial Ergast Motor Racing Database / TracingInsights RaceData
2024,11,zhou,Guanyu Zhou,Sauber,20,17,3,0.0,70,+1 LAP,Base Oficial Ergast Motor Racing Database / TracingInsights RaceData
2024,11,alonso,Fernando Alonso,Aston Martin,15,18,-3,0.0,70,+1 LAP,Base Oficial Ergast Motor Racing Database / TracingInsights RaceData
2024,11,sargeant,Logan Sargeant,Williams,19,19,0,0.0,69,+2 LAPS,Base Oficial Ergast Motor Racing Database / TracingInsights RaceData
2024,11,norris,Lando Norris,McLaren,2,20,-18,0.0,64,+7 LAPS,Base Oficial Ergast Motor Racing Database / TracingInsights RaceData
2024,12,hamilton,Lewis Hamilton,Mercedes,2,1,1,25.0,52,FINISHED,Base Oficial Ergast Motor Racing Database / TracingInsights RaceData
2024,12,max_verstappen,Max Verstappen,Red Bull,4,2,2,18.0,52,FINISHED,Base Oficial Ergast Motor Racing Database / TracingInsights RaceData
2024,12,norris,Lando Norris,McLaren,3,3,0,15.0,52,FINISHED,Base Oficial Ergast Motor Racing Database / TracingInsights RaceData
2024,12,piastri,Oscar Piastri,McLaren,5,4,1,12.0,52,FINISHED,Base Oficial Ergast Motor Racing Database / TracingInsights RaceData
2024,12,sainz,Carlos Sainz,Ferrari,7,5,2,11.0,52,FINISHED,Base Oficial Ergast Motor Racing Database / TracingInsights RaceData
2024,12,hulkenberg,Nico Hulkenberg,Haas F1 Team,6,6,0,8.0,52,FINISHED,Base Oficial Ergast Motor Racing Database / TracingInsights RaceData
2024,12,stroll,Lance Stroll,Aston Martin,8,7,1,6.0,52,FINISHED,Base Oficial Ergast Motor Racing Database / TracingInsights RaceData
2024,12,alonso,Fernando Alonso,Aston Martin,10,8,2,4.0,52,FINISHED,Base Oficial Ergast Motor Racing Database / TracingInsights RaceData
2024,12,albon,Alexander Albon,Williams,9,9,0,2.0,52,FINISHED,Base Oficial Ergast Motor Racing Database / TracingInsights RaceData
2024,12,tsunoda,Yuki Tsunoda,RB F1 Team,13,10,3,1.0,52,FINISHED,Base Oficial Ergast Motor Racing Database / TracingInsights RaceData
2024,12,sargeant,Logan Sargeant,Williams,12,11,1,0.0,52,FINISHED,Base Oficial Ergast Motor Racing Database / TracingInsights RaceData
2024,12,kevin_magnussen,Kevin Magnussen,Haas F1 Team,17,12,5,0.0,52,FINISHED,Base Oficial Ergast Motor Racing Database / TracingInsights RaceData
2024,12,ricciardo,Daniel Ricciardo,RB F1 Team,15,13,2,0.0,51,+1 LAP,Base Oficial Ergast Motor Racing Database / TracingInsights RaceData
2024,12,leclerc,Charles Leclerc,Ferrari,11,14,-3,0.0,51,+1 LAP,Base Oficial Ergast Motor Racing Database / TracingInsights RaceData
2024,12,bottas,Valtteri Bottas,Sauber,16,15,1,0.0,51,+1 LAP,Base Oficial Ergast Motor Racing Database / TracingInsights RaceData
2024,12,ocon,Esteban Ocon,Alpine F1 Team,18,16,2,0.0,50,+2 LAPS,Base Oficial Ergast Motor Racing Database / TracingInsights RaceData
2024,12,perez,Sergio Perez,Red Bull,20,17,3,0.0,50,+2 LAPS,Base Oficial Ergast Motor Racing Database / TracingInsights RaceData
2024,12,zhou,Guanyu Zhou,Sauber,14,18,-4,0.0,50,+2 LAPS,Base Oficial Ergast Motor Racing Database / TracingInsights RaceData
2024,12,russell,George Russell,Mercedes,1,19,-18,0.0,33,WATER PRESSURE,Base Oficial Ergast Motor Racing Database / TracingInsights RaceData
2024,12,gasly,Pierre Gasly,Alpine F1 Team,19,20,-1,0.0,0,GEARBOX,Base Oficial Ergast Motor Racing Database / TracingInsights RaceData
2024,13,piastri,Oscar Piastri,McLaren,2,1,1,25.0,70,FINISHED,Base Oficial Ergast Motor Racing Database / TracingInsights RaceData
2024,13,norris,Lando Norris,McLaren,1,2,-1,18.0,70,FINISHED,Base Oficial Ergast Motor Racing Database / TracingInsights RaceData
2024,13,hamilton,Lewis Hamilton,Mercedes,5,3,2,15.0,70,FINISHED,Base Oficial Ergast Motor Racing Database / TracingInsights RaceData
2024,13,leclerc,Charles Leclerc,Ferrari,6,4,2,12.0,70,FINISHED,Base Oficial Ergast Motor Racing Database / TracingInsights RaceData
2024,13,max_verstappen,Max Verstappen,Red Bull,3,5,-2,10.0,70,FINISHED,Base Oficial Ergast Motor Racing Database / TracingInsights RaceData
2024,13,sainz,Carlos Sainz,Ferrari,4,6,-2,8.0,70,FINISHED,Base Oficial Ergast Motor Racing Database / TracingInsights RaceData
2024,13,perez,Sergio Perez,Red Bull,16,7,9,6.0,70,FINISHED,Base Oficial Ergast Motor Racing Database / TracingInsights RaceData
2024,13,russell,George Russell,Mercedes,17,8,9,5.0,70,FINISHED,Base Oficial Ergast Motor Racing Database / TracingInsights RaceData
2024,13,tsunoda,Yuki Tsunoda,RB F1 Team,10,9,1,2.0,70,FINISHED,Base Oficial Ergast Motor Racing Database / TracingInsights RaceData
2024,13,stroll,Lance Stroll,Aston Martin,8,10,-2,1.0,70,FINISHED,Base Oficial Ergast Motor Racing Database / TracingInsights RaceData
2024,13,alonso,Fernando Alonso,Aston Martin,7,11,-4,0.0,70,FINISHED,Base Oficial Ergast Motor Racing Database / TracingInsights RaceData
2024,13,ricciardo,Daniel Ricciardo,RB F1 Team,9,12,-3,0.0,69,+1 LAP,Base Oficial Ergast Motor Racing Database / TracingInsights RaceData
2024,13,hulkenberg,Nico Hulkenberg,Haas F1 Team,11,13,-2,0.0,69,+1 LAP,Base Oficial Ergast Motor Racing Database / TracingInsights RaceData
2024,13,albon,Alexander Albon,Williams,13,14,-1,0.0,69,+1 LAP,Base Oficial Ergast Motor Racing Database / TracingInsights RaceData
2024,13,kevin_magnussen,Kevin Magnussen,Haas F1 Team,15,15,0,0.0,69,+1 LAP,Base Oficial Ergast Motor Racing Database / TracingInsights RaceData
2024,13,bottas,Valtteri Bottas,Sauber,12,16,-4,0.0,69,+1 LAP,Base Oficial Ergast Motor Racing Database / TracingInsights RaceData
2024,13,sargeant,Logan Sargeant,Williams,14,17,-3,0.0,69,+1 LAP,Base Oficial Ergast Motor Racing Database / TracingInsights RaceData
2024,13,ocon,Esteban Ocon,Alpine F1 Team,19,18,1,0.0,69,+1 LAP,Base Oficial Ergast Motor Racing Database / TracingInsights RaceData
2024,13,zhou,Guanyu Zhou,Sauber,18,19,-1,0.0,69,+1 LAP,Base Oficial Ergast Motor Racing Database / TracingInsights RaceData
2024,13,gasly,Pierre Gasly,Alpine F1 Team,20,20,0,0.0,33,HYDRAULICS,Base Oficial Ergast Motor Racing Database / TracingInsights RaceData
2024,14,hamilton,Lewis Hamilton,Mercedes,3,1,2,25.0,44,FINISHED,Base Oficial Ergast Motor Racing Database / TracingInsights RaceData
2024,14,piastri,Oscar Piastri,McLaren,5,2,3,18.0,44,FINISHED,Base Oficial Ergast Motor Racing Database / TracingInsights RaceData
2024,14,leclerc,Charles Leclerc,Ferrari,1,3,-2,15.0,44,FINISHED,Base Oficial Ergast Motor Racing Database / TracingInsights RaceData
2024,14,max_verstappen,Max Verstappen,Red Bull,11,4,7,12.0,44,FINISHED,Base Oficial Ergast Motor Racing Database / TracingInsights RaceData
2024,14,norris,Lando Norris,McLaren,4,5,-1,10.0,44,FINISHED,Base Oficial Ergast Motor Racing Database / TracingInsights RaceData
2024,14,sainz,Carlos Sainz,Ferrari,7,6,1,8.0,44,FINISHED,Base Oficial Ergast Motor Racing Database / TracingInsights RaceData
2024,14,perez,Sergio Perez,Red Bull,2,7,-5,7.0,44,FINISHED,Base Oficial Ergast Motor Racing Database / TracingInsights RaceData
2024,14,alonso,Fernando Alonso,Aston Martin,8,8,0,4.0,44,FINISHED,Base Oficial Ergast Motor Racing Database / TracingInsights RaceData
2024,14,ocon,Esteban Ocon,Alpine F1 Team,9,9,0,2.0,44,FINISHED,Base Oficial Ergast Motor Racing Database / TracingInsights RaceData
2024,14,ricciardo,Daniel Ricciardo,RB F1 Team,13,10,3,1.0,44,FINISHED,Base Oficial Ergast Motor Racing Database / TracingInsights RaceData
2024,14,stroll,Lance Stroll,Aston Martin,15,11,4,0.0,44,FINISHED,Base Oficial Ergast Motor Racing Database / TracingInsights RaceData
2024,14,albon,Alexander Albon,Williams,10,12,-2,0.0,44,FINISHED,Base Oficial Ergast Motor Racing Database / TracingInsights RaceData
2024,14,gasly,Pierre Gasly,Alpine F1 Team,12,13,-1,0.0,44,FINISHED,Base Oficial Ergast Motor Racing Database / TracingInsights RaceData
2024,14,kevin_magnussen,Kevin Magnussen,Haas F1 Team,17,14,3,0.0,44,FINISHED,Base Oficial Ergast Motor Racing Database / TracingInsights RaceData
2024,14,bottas,Valtteri Bottas,Sauber,14,15,-1,0.0,44,FINISHED,Base Oficial Ergast Motor Racing Database / TracingInsights RaceData
2024,14,tsunoda,Yuki Tsunoda,RB F1 Team,20,16,4,0.0,44,FINISHED,Base Oficial Ergast Motor Racing Database / TracingInsights RaceData
2024,14,sargeant,Logan Sargeant,Williams,18,17,1,0.0,44,FINISHED,Base Oficial Ergast Motor Racing Database / TracingInsights RaceData
2024,14,hulkenberg,Nico Hulkenberg,Haas F1 Team,16,18,-2,0.0,44,FINISHED,Base Oficial Ergast Motor Racing Database / TracingInsights RaceData
2024,14,zhou,Guanyu Zhou,Sauber,19,19,0,0.0,5,RETIRED,Base Oficial Ergast Motor Racing Database / TracingInsights RaceData
2024,14,russell,George Russell,Mercedes,6,20,-14,0.0,44,DISQUALIFIED,Base Oficial Ergast Motor Racing Database / TracingInsights RaceData
2024,15,norris,Lando Norris,McLaren,1,1,0,26.0,72,FINISHED,Base Oficial Ergast Motor Racing Database / TracingInsights RaceData
2024,15,max_verstappen,Max Verstappen,Red Bull,2,2,0,18.0,72,FINISHED,Base Oficial Ergast Motor Racing Database / TracingInsights RaceData
2024,15,leclerc,Charles Leclerc,Ferrari,6,3,3,15.0,72,FINISHED,Base Oficial Ergast Motor Racing Database / TracingInsights RaceData
2024,15,piastri,Oscar Piastri,McLaren,3,4,-1,12.0,72,FINISHED,Base Oficial Ergast Motor Racing Database / TracingInsights RaceData
2024,15,sainz,Carlos Sainz,Ferrari,10,5,5,10.0,72,FINISHED,Base Oficial Ergast Motor Racing Database / TracingInsights RaceData
2024,15,perez,Sergio Perez,Red Bull,5,6,-1,8.0,72,FINISHED,Base Oficial Ergast Motor Racing Database / TracingInsights RaceData
2024,15,russell,George Russell,Mercedes,4,7,-3,6.0,72,FINISHED,Base Oficial Ergast Motor Racing Database / TracingInsights RaceData
2024,15,hamilton,Lewis Hamilton,Mercedes,14,8,6,4.0,72,FINISHED,Base Oficial Ergast Motor Racing Database / TracingInsights RaceData
2024,15,gasly,Pierre Gasly,Alpine F1 Team,9,9,0,2.0,71,+1 LAP,Base Oficial Ergast Motor Racing Database / TracingInsights RaceData
2024,15,alonso,Fernando Alonso,Aston Martin,7,10,-3,1.0,71,+1 LAP,Base Oficial Ergast Motor Racing Database / TracingInsights RaceData
2024,15,hulkenberg,Nico Hulkenberg,Haas F1 Team,12,11,1,0.0,71,+1 LAP,Base Oficial Ergast Motor Racing Database / TracingInsights RaceData
2024,15,ricciardo,Daniel Ricciardo,RB F1 Team,13,12,1,0.0,71,+1 LAP,Base Oficial Ergast Motor Racing Database / TracingInsights RaceData
2024,15,stroll,Lance Stroll,Aston Martin,8,13,-5,0.0,71,+1 LAP,Base Oficial Ergast Motor Racing Database / TracingInsights RaceData
2024,15,albon,Alexander Albon,Williams,19,14,5,0.0,71,+1 LAP,Base Oficial Ergast Motor Racing Database / TracingInsights RaceData
2024,15,ocon,Esteban Ocon,Alpine F1 Team,15,15,0,0.0,71,+1 LAP,Base Oficial Ergast Motor Racing Database / TracingInsights RaceData
2024,15,sargeant,Logan Sargeant,Williams,18,16,2,0.0,71,+1 LAP,Base Oficial Ergast Motor Racing Database / TracingInsights RaceData
2024,15,tsunoda,Yuki Tsunoda,RB F1 Team,11,17,-6,0.0,71,+1 LAP,Base Oficial Ergast Motor Racing Database / TracingInsights RaceData
2024,15,kevin_magnussen,Kevin Magnussen,Haas F1 Team,20,18,2,0.0,71,+1 LAP,Base Oficial Ergast Motor Racing Database / TracingInsights RaceData
2024,15,bottas,Valtteri Bottas,Sauber,16,19,-3,0.0,70,+2 LAPS,Base Oficial Ergast Motor Racing Database / TracingInsights RaceData
2024,15,zhou,Guanyu Zhou,Sauber,17,20,-3,0.0,70,+2 LAPS,Base Oficial Ergast Motor Racing Database / TracingInsights RaceData
2024,16,leclerc,Charles Leclerc,Ferrari,4,1,3,25.0,53,FINISHED,Base Oficial Ergast Motor Racing Database / TracingInsights RaceData
2024,16,piastri,Oscar Piastri,McLaren,2,2,0,18.0,53,FINISHED,Base Oficial Ergast Motor Racing Database / TracingInsights RaceData
2024,16,norris,Lando Norris,McLaren,1,3,-2,16.0,53,FINISHED,Base Oficial Ergast Motor Racing Database / TracingInsights RaceData
2024,16,sainz,Carlos Sainz,Ferrari,5,4,1,12.0,53,FINISHED,Base Oficial Ergast Motor Racing Database / TracingInsights RaceData
2024,16,hamilton,Lewis Hamilton,Mercedes,6,5,1,10.0,53,FINISHED,Base Oficial Ergast Motor Racing Database / TracingInsights RaceData
2024,16,max_verstappen,Max Verstappen,Red Bull,7,6,1,8.0,53,FINISHED,Base Oficial Ergast Motor Racing Database / TracingInsights RaceData
2024,16,russell,George Russell,Mercedes,3,7,-4,6.0,53,FINISHED,Base Oficial Ergast Motor Racing Database / TracingInsights RaceData
2024,16,perez,Sergio Perez,Red Bull,8,8,0,4.0,53,FINISHED,Base Oficial Ergast Motor Racing Database / TracingInsights RaceData
2024,16,albon,Alexander Albon,Williams,9,9,0,2.0,53,FINISHED,Base Oficial Ergast Motor Racing Database / TracingInsights RaceData
2024,16,kevin_magnussen,Kevin Magnussen,Haas F1 Team,13,10,3,1.0,53,FINISHED,Base Oficial Ergast Motor Racing Database / TracingInsights RaceData
2024,16,alonso,Fernando Alonso,Aston Martin,11,11,0,0.0,53,FINISHED,Base Oficial Ergast Motor Racing Database / TracingInsights RaceData
2024,16,colapinto,Franco Colapinto,Williams,18,12,6,0.0,53,FINISHED,Base Oficial Ergast Motor Racing Database / TracingInsights RaceData
2024,16,ricciardo,Daniel Ricciardo,RB F1 Team,12,13,-1,0.0,53,FINISHED,Base Oficial Ergast Motor Racing Database / TracingInsights RaceData
2024,16,ocon,Esteban Ocon,Alpine F1 Team,15,14,1,0.0,52,+1 LAP,Base Oficial Ergast Motor Racing Database / TracingInsights RaceData
2024,16,gasly,Pierre Gasly,Alpine F1 Team,14,15,-1,0.0,52,+1 LAP,Base Oficial Ergast Motor Racing Database / TracingInsights RaceData
2024,16,bottas,Valtteri Bottas,Sauber,19,16,3,0.0,52,+1 LAP,Base Oficial Ergast Motor Racing Database / TracingInsights RaceData
2024,16,hulkenberg,Nico Hulkenberg,Haas F1 Team,10,17,-7,0.0,52,+1 LAP,Base Oficial Ergast Motor Racing Database / TracingInsights RaceData
2024,16,zhou,Guanyu Zhou,Sauber,20,18,2,0.0,52,+1 LAP,Base Oficial Ergast Motor Racing Database / TracingInsights RaceData
2024,16,stroll,Lance Stroll,Aston Martin,17,19,-2,0.0,52,+1 LAP,Base Oficial Ergast Motor Racing Database / TracingInsights RaceData
2024,16,tsunoda,Yuki Tsunoda,RB F1 Team,16,20,-4,0.0,7,OVERHEATING,Base Oficial Ergast Motor Racing Database / TracingInsights RaceData
2024,17,piastri,Oscar Piastri,McLaren,2,1,1,25.0,51,FINISHED,Base Oficial Ergast Motor Racing Database / TracingInsights RaceData
2024,17,leclerc,Charles Leclerc,Ferrari,1,2,-1,18.0,51,FINISHED,Base Oficial Ergast Motor Racing Database / TracingInsights RaceData
2024,17,russell,George Russell,Mercedes,5,3,2,15.0,51,FINISHED,Base Oficial Ergast Motor Racing Database / TracingInsights RaceData
2024,17,norris,Lando Norris,McLaren,15,4,11,13.0,51,FINISHED,Base Oficial Ergast Motor Racing Database / TracingInsights RaceData
2024,17,max_verstappen,Max Verstappen,Red Bull,6,5,1,10.0,51,FINISHED,Base Oficial Ergast Motor Racing Database / TracingInsights RaceData
2024,17,alonso,Fernando Alonso,Aston Martin,7,6,1,8.0,51,FINISHED,Base Oficial Ergast Motor Racing Database / TracingInsights RaceData
2024,17,albon,Alexander Albon,Williams,9,7,2,6.0,51,FINISHED,Base Oficial Ergast Motor Racing Database / TracingInsights RaceData
2024,17,colapinto,Franco Colapinto,Williams,8,8,0,4.0,51,FINISHED,Base Oficial Ergast Motor Racing Database / TracingInsights RaceData
2024,17,hamilton,Lewis Hamilton,Mercedes,20,9,11,2.0,51,FINISHED,Base Oficial Ergast Motor Racing Database / TracingInsights RaceData
2024,17,bearman,Oliver Bearman,Haas F1 Team,10,10,0,1.0,51,FINISHED,Base Oficial Ergast Motor Racing Database / TracingInsights RaceData
2024,17,hulkenberg,Nico Hulkenberg,Haas F1 Team,12,11,1,0.0,51,FINISHED,Base Oficial Ergast Motor Racing Database / TracingInsights RaceData
2024,17,gasly,Pierre Gasly,Alpine F1 Team,18,12,6,0.0,51,FINISHED,Base Oficial Ergast Motor Racing Database / TracingInsights RaceData
2024,17,ricciardo,Daniel Ricciardo,RB F1 Team,14,13,1,0.0,51,FINISHED,Base Oficial Ergast Motor Racing Database / TracingInsights RaceData
2024,17,zhou,Guanyu Zhou,Sauber,17,14,3,0.0,51,FINISHED,Base Oficial Ergast Motor Racing Database / TracingInsights RaceData
2024,17,ocon,Esteban Ocon,Alpine F1 Team,20,15,5,0.0,50,+1 LAP,Base Oficial Ergast Motor Racing Database / TracingInsights RaceData
2024,17,bottas,Valtteri Bottas,Sauber,16,16,0,0.0,50,+1 LAP,Base Oficial Ergast Motor Racing Database / TracingInsights RaceData
2024,17,perez,Sergio Perez,Red Bull,4,17,-13,0.0,49,RETIRED,Base Oficial Ergast Motor Racing Database / TracingInsights RaceData
2024,17,sainz,Carlos Sainz,Ferrari,3,18,-15,0.0,49,RETIRED,Base Oficial Ergast Motor Racing Database / TracingInsights RaceData
2024,17,stroll,Lance Stroll,Aston Martin,13,19,-6,0.0,45,RETIRED,Base Oficial Ergast Motor Racing Database / TracingInsights RaceData
2024,17,tsunoda,Yuki Tsunoda,RB F1 Team,11,20,-9,0.0,14,RETIRED,Base Oficial Ergast Motor Racing Database / TracingInsights RaceData
2024,18,norris,Lando Norris,McLaren,1,1,0,25.0,62,FINISHED,Base Oficial Ergast Motor Racing Database / TracingInsights RaceData
2024,18,max_verstappen,Max Verstappen,Red Bull,2,2,0,18.0,62,FINISHED,Base Oficial Ergast Motor Racing Database / TracingInsights RaceData
2024,18,piastri,Oscar Piastri,McLaren,5,3,2,15.0,62,FINISHED,Base Oficial Ergast Motor Racing Database / TracingInsights RaceData
2024,18,russell,George Russell,Mercedes,4,4,0,12.0,62,FINISHED,Base Oficial Ergast Motor Racing Database / TracingInsights RaceData
2024,18,leclerc,Charles Leclerc,Ferrari,9,5,4,10.0,62,FINISHED,Base Oficial Ergast Motor Racing Database / TracingInsights RaceData
2024,18,hamilton,Lewis Hamilton,Mercedes,3,6,-3,8.0,62,FINISHED,Base Oficial Ergast Motor Racing Database / TracingInsights RaceData
2024,18,sainz,Carlos Sainz,Ferrari,10,7,3,6.0,62,FINISHED,Base Oficial Ergast Motor Racing Database / TracingInsights RaceData
2024,18,alonso,Fernando Alonso,Aston Martin,7,8,-1,4.0,61,+1 LAP,Base Oficial Ergast Motor Racing Database / TracingInsights RaceData
2024,18,hulkenberg,Nico Hulkenberg,Haas F1 Team,6,9,-3,2.0,61,+1 LAP,Base Oficial Ergast Motor Racing Database / TracingInsights RaceData
2024,18,perez,Sergio Perez,Red Bull,13,10,3,1.0,61,+1 LAP,Base Oficial Ergast Motor Racing Database / TracingInsights RaceData
2024,18,colapinto,Franco Colapinto,Williams,12,11,1,0.0,61,+1 LAP,Base Oficial Ergast Motor Racing Database / TracingInsights RaceData
2024,18,tsunoda,Yuki Tsunoda,RB F1 Team,8,12,-4,0.0,61,+1 LAP,Base Oficial Ergast Motor Racing Database / TracingInsights RaceData
2024,18,ocon,Esteban Ocon,Alpine F1 Team,15,13,2,0.0,61,+1 LAP,Base Oficial Ergast Motor Racing Database / TracingInsights RaceData
2024,18,stroll,Lance Stroll,Aston Martin,17,14,3,0.0,61,+1 LAP,Base Oficial Ergast Motor Racing Database / TracingInsights RaceData
2024,18,zhou,Guanyu Zhou,Sauber,20,15,5,0.0,61,+1 LAP,Base Oficial Ergast Motor Racing Database / TracingInsights RaceData
2024,18,bottas,Valtteri Bottas,Sauber,19,16,3,0.0,61,+1 LAP,Base Oficial Ergast Motor Racing Database / TracingInsights RaceData
2024,18,gasly,Pierre Gasly,Alpine F1 Team,18,17,1,0.0,61,+1 LAP,Base Oficial Ergast Motor Racing Database / TracingInsights RaceData
2024,18,ricciardo,Daniel Ricciardo,RB F1 Team,16,18,-2,0.0,61,+1 LAP,Base Oficial Ergast Motor Racing Database / TracingInsights RaceData
2024,18,kevin_magnussen,Kevin Magnussen,Haas F1 Team,14,19,-5,0.0,57,ACCIDENT,Base Oficial Ergast Motor Racing Database / TracingInsights RaceData
2024,18,albon,Alexander Albon,Williams,11,20,-9,0.0,15,POWER UNIT,Base Oficial Ergast Motor Racing Database / TracingInsights RaceData
2024,19,leclerc,Charles Leclerc,Ferrari,4,1,3,25.0,56,FINISHED,Base Oficial Ergast Motor Racing Database / TracingInsights RaceData
2024,19,sainz,Carlos Sainz,Ferrari,3,2,1,18.0,56,FINISHED,Base Oficial Ergast Motor Racing Database / TracingInsights RaceData
2024,19,max_verstappen,Max Verstappen,Red Bull,2,3,-1,15.0,56,FINISHED,Base Oficial Ergast Motor Racing Database / TracingInsights RaceData
2024,19,norris,Lando Norris,McLaren,1,4,-3,12.0,56,FINISHED,Base Oficial Ergast Motor Racing Database / TracingInsights RaceData
2024,19,piastri,Oscar Piastri,McLaren,5,5,0,10.0,56,FINISHED,Base Oficial Ergast Motor Racing Database / TracingInsights RaceData
2024,19,russell,George Russell,Mercedes,20,6,14,8.0,56,FINISHED,Base Oficial Ergast Motor Racing Database / TracingInsights RaceData
2024,19,perez,Sergio Perez,Red Bull,9,7,2,6.0,56,FINISHED,Base Oficial Ergast Motor Racing Database / TracingInsights RaceData
2024,19,hulkenberg,Nico Hulkenberg,Haas F1 Team,11,8,3,4.0,56,FINISHED,Base Oficial Ergast Motor Racing Database / TracingInsights RaceData
2024,19,lawson,Liam Lawson,RB F1 Team,19,9,10,2.0,56,FINISHED,Base Oficial Ergast Motor Racing Database / TracingInsights RaceData
2024,19,colapinto,Franco Colapinto,Williams,15,10,5,1.0,56,FINISHED,Base Oficial Ergast Motor Racing Database / TracingInsights RaceData
2024,19,kevin_magnussen,Kevin Magnussen,Haas F1 Team,8,11,-3,0.0,56,FINISHED,Base Oficial Ergast Motor Racing Database / TracingInsights RaceData
2024,19,gasly,Pierre Gasly,Alpine F1 Team,6,12,-6,0.0,56,FINISHED,Base Oficial Ergast Motor Racing Database / TracingInsights RaceData
2024,19,alonso,Fernando Alonso,Aston Martin,7,13,-6,0.0,55,+1 LAP,Base Oficial Ergast Motor Racing Database / TracingInsights RaceData
2024,19,tsunoda,Yuki Tsunoda,RB F1 Team,10,14,-4,0.0,55,+1 LAP,Base Oficial Ergast Motor Racing Database / TracingInsights RaceData
2024,19,stroll,Lance Stroll,Aston Martin,13,15,-2,0.0,55,+1 LAP,Base Oficial Ergast Motor Racing Database / TracingInsights RaceData
2024,19,albon,Alexander Albon,Williams,14,16,-2,0.0,55,+1 LAP,Base Oficial Ergast Motor Racing Database / TracingInsights RaceData
2024,19,bottas,Valtteri Bottas,Sauber,16,17,-1,0.0,55,+1 LAP,Base Oficial Ergast Motor Racing Database / TracingInsights RaceData
2024,19,ocon,Esteban Ocon,Alpine F1 Team,12,18,-6,0.0,55,+1 LAP,Base Oficial Ergast Motor Racing Database / TracingInsights RaceData
2024,19,zhou,Guanyu Zhou,Sauber,18,19,-1,0.0,55,+1 LAP,Base Oficial Ergast Motor Racing Database / TracingInsights RaceData
2024,19,hamilton,Lewis Hamilton,Mercedes,17,20,-3,0.0,1,SPUN OFF,Base Oficial Ergast Motor Racing Database / TracingInsights RaceData
2024,20,sainz,Carlos Sainz,Ferrari,1,1,0,25.0,71,FINISHED,Base Oficial Ergast Motor Racing Database / TracingInsights RaceData
2024,20,norris,Lando Norris,McLaren,3,2,1,18.0,71,FINISHED,Base Oficial Ergast Motor Racing Database / TracingInsights RaceData
2024,20,leclerc,Charles Leclerc,Ferrari,4,3,1,16.0,71,FINISHED,Base Oficial Ergast Motor Racing Database / TracingInsights RaceData
2024,20,hamilton,Lewis Hamilton,Mercedes,6,4,2,12.0,71,FINISHED,Base Oficial Ergast Motor Racing Database / TracingInsights RaceData
2024,20,russell,George Russell,Mercedes,5,5,0,10.0,71,FINISHED,Base Oficial Ergast Motor Racing Database / TracingInsights RaceData
2024,20,max_verstappen,Max Verstappen,Red Bull,2,6,-4,8.0,71,FINISHED,Base Oficial Ergast Motor Racing Database / TracingInsights RaceData
2024,20,kevin_magnussen,Kevin Magnussen,Haas F1 Team,7,7,0,6.0,71,FINISHED,Base Oficial Ergast Motor Racing Database / TracingInsights RaceData
2024,20,piastri,Oscar Piastri,McLaren,17,8,9,4.0,71,FINISHED,Base Oficial Ergast Motor Racing Database / TracingInsights RaceData
2024,20,hulkenberg,Nico Hulkenberg,Haas F1 Team,10,9,1,2.0,70,+1 LAP,Base Oficial Ergast Motor Racing Database / TracingInsights RaceData
2024,20,gasly,Pierre Gasly,Alpine F1 Team,8,10,-2,1.0,70,+1 LAP,Base Oficial Ergast Motor Racing Database / TracingInsights RaceData
2024,20,stroll,Lance Stroll,Aston Martin,14,11,3,0.0,70,+1 LAP,Base Oficial Ergast Motor Racing Database / TracingInsights RaceData
2024,20,colapinto,Franco Colapinto,Williams,16,12,4,0.0,70,+1 LAP,Base Oficial Ergast Motor Racing Database / TracingInsights RaceData
2024,20,ocon,Esteban Ocon,Alpine F1 Team,20,13,7,0.0,70,+1 LAP,Base Oficial Ergast Motor Racing Database / TracingInsights RaceData
2024,20,bottas,Valtteri Bottas,Sauber,15,14,1,0.0,70,+1 LAP,Base Oficial Ergast Motor Racing Database / TracingInsights RaceData
2024,20,zhou,Guanyu Zhou,Sauber,19,15,4,0.0,70,+1 LAP,Base Oficial Ergast Motor Racing Database / TracingInsights RaceData
2024,20,lawson,Liam Lawson,RB F1 Team,12,16,-4,0.0,70,+1 LAP,Base Oficial Ergast Motor Racing Database / TracingInsights RaceData
2024,20,perez,Sergio Perez,Red Bull,18,17,1,0.0,70,+1 LAP,Base Oficial Ergast Motor Racing Database / TracingInsights RaceData
2024,20,alonso,Fernando Alonso,Aston Martin,13,18,-5,0.0,15,BRAKES,Base Oficial Ergast Motor Racing Database / TracingInsights RaceData
2024,20,albon,Alexander Albon,Williams,9,19,-10,0.0,0,COLLISION,Base Oficial Ergast Motor Racing Database / TracingInsights RaceData
2024,20,tsunoda,Yuki Tsunoda,RB F1 Team,11,20,-9,0.0,0,COLLISION,Base Oficial Ergast Motor Racing Database / TracingInsights RaceData
2024,21,max_verstappen,Max Verstappen,Red Bull,17,1,16,26.0,69,FINISHED,Base Oficial Ergast Motor Racing Database / TracingInsights RaceData
2024,21,ocon,Esteban Ocon,Alpine F1 Team,4,2,2,18.0,69,FINISHED,Base Oficial Ergast Motor Racing Database / TracingInsights RaceData
2024,21,gasly,Pierre Gasly,Alpine F1 Team,13,3,10,15.0,69,FINISHED,Base Oficial Ergast Motor Racing Database / TracingInsights RaceData
2024,21,russell,George Russell,Mercedes,2,4,-2,12.0,69,FINISHED,Base Oficial Ergast Motor Racing Database / TracingInsights RaceData
2024,21,leclerc,Charles Leclerc,Ferrari,6,5,1,10.0,69,FINISHED,Base Oficial Ergast Motor Racing Database / TracingInsights RaceData
2024,21,norris,Lando Norris,McLaren,1,6,-5,8.0,69,FINISHED,Base Oficial Ergast Motor Racing Database / TracingInsights RaceData
2024,21,tsunoda,Yuki Tsunoda,RB F1 Team,3,7,-4,6.0,69,FINISHED,Base Oficial Ergast Motor Racing Database / TracingInsights RaceData
2024,21,piastri,Oscar Piastri,McLaren,8,8,0,4.0,69,FINISHED,Base Oficial Ergast Motor Racing Database / TracingInsights RaceData
2024,21,lawson,Liam Lawson,RB F1 Team,5,9,-4,2.0,69,FINISHED,Base Oficial Ergast Motor Racing Database / TracingInsights RaceData
2024,21,hamilton,Lewis Hamilton,Mercedes,14,10,4,1.0,69,FINISHED,Base Oficial Ergast Motor Racing Database / TracingInsights RaceData
2024,21,perez,Sergio Perez,Red Bull,12,11,1,0.0,69,FINISHED,Base Oficial Ergast Motor Racing Database / TracingInsights RaceData
2024,21,bearman,Oliver Bearman,Haas F1 Team,15,12,3,0.0,69,FINISHED,Base Oficial Ergast Motor Racing Database / TracingInsights RaceData
2024,21,bottas,Valtteri Bottas,Sauber,11,13,-2,0.0,69,FINISHED,Base Oficial Ergast Motor Racing Database / TracingInsights RaceData
2024,21,alonso,Fernando Alonso,Aston Martin,9,14,-5,0.0,69,FINISHED,Base Oficial Ergast Motor Racing Database / TracingInsights RaceData
2024,21,zhou,Guanyu Zhou,Sauber,19,15,4,0.0,69,FINISHED,Base Oficial Ergast Motor Racing Database / TracingInsights RaceData
2024,21,sainz,Carlos Sainz,Ferrari,20,16,4,0.0,38,ACCIDENT,Base Oficial Ergast Motor Racing Database / TracingInsights RaceData
2024,21,colapinto,Franco Colapinto,Williams,16,17,-1,0.0,30,ACCIDENT,Base Oficial Ergast Motor Racing Database / TracingInsights RaceData
2024,21,albon,Alexander Albon,Williams,7,18,-11,0.0,0,WITHDREW,Base Oficial Ergast Motor Racing Database / TracingInsights RaceData
2024,21,stroll,Lance Stroll,Aston Martin,10,19,-9,0.0,0,WITHDREW,Base Oficial Ergast Motor Racing Database / TracingInsights RaceData
2024,21,hulkenberg,Nico Hulkenberg,Haas F1 Team,17,20,-3,0.0,0,DISQUALIFIED,Base Oficial Ergast Motor Racing Database / TracingInsights RaceData
2024,22,russell,George Russell,Mercedes,1,1,0,25.0,50,FINISHED,Base Oficial Ergast Motor Racing Database / TracingInsights RaceData
2024,22,hamilton,Lewis Hamilton,Mercedes,10,2,8,18.0,50,FINISHED,Base Oficial Ergast Motor Racing Database / TracingInsights RaceData
2024,22,sainz,Carlos Sainz,Ferrari,2,3,-1,15.0,50,FINISHED,Base Oficial Ergast Motor Racing Database / TracingInsights RaceData
2024,22,leclerc,Charles Leclerc,Ferrari,4,4,0,12.0,50,FINISHED,Base Oficial Ergast Motor Racing Database / TracingInsights RaceData
2024,22,max_verstappen,Max Verstappen,Red Bull,5,5,0,10.0,50,FINISHED,Base Oficial Ergast Motor Racing Database / TracingInsights RaceData
2024,22,norris,Lando Norris,McLaren,6,6,0,9.0,50,FINISHED,Base Oficial Ergast Motor Racing Database / TracingInsights RaceData
2024,22,piastri,Oscar Piastri,McLaren,8,7,1,6.0,50,FINISHED,Base Oficial Ergast Motor Racing Database / TracingInsights RaceData
2024,22,hulkenberg,Nico Hulkenberg,Haas F1 Team,9,8,1,4.0,50,FINISHED,Base Oficial Ergast Motor Racing Database / TracingInsights RaceData
2024,22,tsunoda,Yuki Tsunoda,RB F1 Team,7,9,-2,2.0,50,FINISHED,Base Oficial Ergast Motor Racing Database / TracingInsights RaceData
2024,22,perez,Sergio Perez,Red Bull,15,10,5,1.0,50,FINISHED,Base Oficial Ergast Motor Racing Database / TracingInsights RaceData
2024,22,alonso,Fernando Alonso,Aston Martin,16,11,5,0.0,50,FINISHED,Base Oficial Ergast Motor Racing Database / TracingInsights RaceData
2024,22,kevin_magnussen,Kevin Magnussen,Haas F1 Team,12,12,0,0.0,50,FINISHED,Base Oficial Ergast Motor Racing Database / TracingInsights RaceData
2024,22,zhou,Guanyu Zhou,Sauber,13,13,0,0.0,50,FINISHED,Base Oficial Ergast Motor Racing Database / TracingInsights RaceData
2024,22,colapinto,Franco Colapinto,Williams,20,14,6,0.0,50,FINISHED,Base Oficial Ergast Motor Racing Database / TracingInsights RaceData
2024,22,stroll,Lance Stroll,Aston Martin,18,15,3,0.0,50,FINISHED,Base Oficial Ergast Motor Racing Database / TracingInsights RaceData
2024,22,lawson,Liam Lawson,RB F1 Team,14,16,-2,0.0,50,FINISHED,Base Oficial Ergast Motor Racing Database / TracingInsights RaceData
2024,22,ocon,Esteban Ocon,Alpine F1 Team,11,17,-6,0.0,49,+1 LAP,Base Oficial Ergast Motor Racing Database / TracingInsights RaceData
2024,22,bottas,Valtteri Bottas,Sauber,19,18,1,0.0,49,+1 LAP,Base Oficial Ergast Motor Racing Database / TracingInsights RaceData
2024,22,albon,Alexander Albon,Williams,17,19,-2,0.0,25,RADIATOR,Base Oficial Ergast Motor Racing Database / TracingInsights RaceData
2024,22,gasly,Pierre Gasly,Alpine F1 Team,3,20,-17,0.0,15,ENGINE,Base Oficial Ergast Motor Racing Database / TracingInsights RaceData
2024,23,max_verstappen,Max Verstappen,Red Bull,2,1,1,25.0,57,FINISHED,Base Oficial Ergast Motor Racing Database / TracingInsights RaceData
2024,23,leclerc,Charles Leclerc,Ferrari,5,2,3,18.0,57,FINISHED,Base Oficial Ergast Motor Racing Database / TracingInsights RaceData
2024,23,piastri,Oscar Piastri,McLaren,4,3,1,15.0,57,FINISHED,Base Oficial Ergast Motor Racing Database / TracingInsights RaceData
2024,23,russell,George Russell,Mercedes,1,4,-3,12.0,57,FINISHED,Base Oficial Ergast Motor Racing Database / TracingInsights RaceData
2024,23,gasly,Pierre Gasly,Alpine F1 Team,11,5,6,10.0,57,FINISHED,Base Oficial Ergast Motor Racing Database / TracingInsights RaceData
2024,23,sainz,Carlos Sainz,Ferrari,7,6,1,8.0,57,FINISHED,Base Oficial Ergast Motor Racing Database / TracingInsights RaceData
2024,23,alonso,Fernando Alonso,Aston Martin,8,7,1,6.0,57,FINISHED,Base Oficial Ergast Motor Racing Database / TracingInsights RaceData
2024,23,zhou,Guanyu Zhou,Sauber,12,8,4,4.0,57,FINISHED,Base Oficial Ergast Motor Racing Database / TracingInsights RaceData
2024,23,kevin_magnussen,Kevin Magnussen,Haas F1 Team,10,9,1,2.0,57,FINISHED,Base Oficial Ergast Motor Racing Database / TracingInsights RaceData
2024,23,norris,Lando Norris,McLaren,3,10,-7,2.0,57,FINISHED,Base Oficial Ergast Motor Racing Database / TracingInsights RaceData
2024,23,bottas,Valtteri Bottas,Sauber,13,11,2,0.0,57,FINISHED,Base Oficial Ergast Motor Racing Database / TracingInsights RaceData
2024,23,hamilton,Lewis Hamilton,Mercedes,6,12,-6,0.0,57,FINISHED,Base Oficial Ergast Motor Racing Database / TracingInsights RaceData
2024,23,tsunoda,Yuki Tsunoda,RB F1 Team,14,13,1,0.0,57,FINISHED,Base Oficial Ergast Motor Racing Database / TracingInsights RaceData
2024,23,lawson,Liam Lawson,RB F1 Team,17,14,3,0.0,57,FINISHED,Base Oficial Ergast Motor Racing Database / TracingInsights RaceData
2024,23,albon,Alexander Albon,Williams,16,15,1,0.0,56,+1 LAP,Base Oficial Ergast Motor Racing Database / TracingInsights RaceData
2024,23,hulkenberg,Nico Hulkenberg,Haas F1 Team,18,16,2,0.0,39,SPUN OFF,Base Oficial Ergast Motor Racing Database / TracingInsights RaceData
2024,23,perez,Sergio Perez,Red Bull,9,17,-8,0.0,38,SPUN OFF,Base Oficial Ergast Motor Racing Database / TracingInsights RaceData
2024,23,stroll,Lance Stroll,Aston Martin,15,18,-3,0.0,8,COLLISION DAMAGE,Base Oficial Ergast Motor Racing Database / TracingInsights RaceData
2024,23,colapinto,Franco Colapinto,Williams,19,19,0,0.0,0,COLLISION,Base Oficial Ergast Motor Racing Database / TracingInsights RaceData
2024,23,ocon,Esteban Ocon,Alpine F1 Team,20,20,0,0.0,0,COLLISION,Base Oficial Ergast Motor Racing Database / TracingInsights RaceData
2024,24,norris,Lando Norris,McLaren,1,1,0,25.0,58,FINISHED,Base Oficial Ergast Motor Racing Database / TracingInsights RaceData
2024,24,sainz,Carlos Sainz,Ferrari,3,2,1,18.0,58,FINISHED,Base Oficial Ergast Motor Racing Database / TracingInsights RaceData
2024,24,leclerc,Charles Leclerc,Ferrari,19,3,16,15.0,58,FINISHED,Base Oficial Ergast Motor Racing Database / TracingInsights RaceData
2024,24,hamilton,Lewis Hamilton,Mercedes,16,4,12,12.0,58,FINISHED,Base Oficial Ergast Motor Racing Database / TracingInsights RaceData
2024,24,russell,George Russell,Mercedes,6,5,1,10.0,58,FINISHED,Base Oficial Ergast Motor Racing Database / TracingInsights RaceData
2024,24,max_verstappen,Max Verstappen,Red Bull,4,6,-2,8.0,58,FINISHED,Base Oficial Ergast Motor Racing Database / TracingInsights RaceData
2024,24,gasly,Pierre Gasly,Alpine F1 Team,5,7,-2,6.0,58,FINISHED,Base Oficial Ergast Motor Racing Database / TracingInsights RaceData
2024,24,hulkenberg,Nico Hulkenberg,Haas F1 Team,7,8,-1,4.0,58,FINISHED,Base Oficial Ergast Motor Racing Database / TracingInsights RaceData
2024,24,alonso,Fernando Alonso,Aston Martin,8,9,-1,2.0,58,FINISHED,Base Oficial Ergast Motor Racing Database / TracingInsights RaceData
2024,24,piastri,Oscar Piastri,McLaren,2,10,-8,1.0,58,FINISHED,Base Oficial Ergast Motor Racing Database / TracingInsights RaceData
2024,24,albon,Alexander Albon,Williams,18,11,7,0.0,57,+1 LAP,Base Oficial Ergast Motor Racing Database / TracingInsights RaceData
2024,24,tsunoda,Yuki Tsunoda,RB F1 Team,11,12,-1,0.0,57,+1 LAP,Base Oficial Ergast Motor Racing Database / TracingInsights RaceData
2024,24,zhou,Guanyu Zhou,Sauber,15,13,2,0.0,57,+1 LAP,Base Oficial Ergast Motor Racing Database / TracingInsights RaceData
2024,24,stroll,Lance Stroll,Aston Martin,13,14,-1,0.0,57,+1 LAP,Base Oficial Ergast Motor Racing Database / TracingInsights RaceData
2024,24,doohan,Jack Doohan,Alpine F1 Team,17,15,2,0.0,57,+1 LAP,Base Oficial Ergast Motor Racing Database / TracingInsights RaceData
2024,24,kevin_magnussen,Kevin Magnussen,Haas F1 Team,14,16,-2,0.0,57,+1 LAP,Base Oficial Ergast Motor Racing Database / TracingInsights RaceData
2024,24,lawson,Liam Lawson,RB F1 Team,12,17,-5,0.0,55,ENGINE,Base Oficial Ergast Motor Racing Database / TracingInsights RaceData
2024,24,bottas,Valtteri Bottas,Sauber,9,18,-9,0.0,30,COLLISION DAMAGE,Base Oficial Ergast Motor Racing Database / TracingInsights RaceData
2024,24,colapinto,Franco Colapinto,Williams,20,19,1,0.0,26,ENGINE,Base Oficial Ergast Motor Racing Database / TracingInsights RaceData
2024,24,perez,Sergio Perez,Red Bull,10,20,-10,0.0,0,COLLISION,Base Oficial Ergast Motor Racing Database / TracingInsights RaceData
2025,1,norris,Lando Norris,McLaren,1,1,0,25.0,57,FINISHED,Base Oficial Ergast Motor Racing Database / TracingInsights RaceData
2025,1,max_verstappen,Max Verstappen,Red Bull,3,2,1,18.0,57,FINISHED,Base Oficial Ergast Motor Racing Database / TracingInsights RaceData
2025,1,russell,George Russell,Mercedes,4,3,1,15.0,57,FINISHED,Base Oficial Ergast Motor Racing Database / TracingInsights RaceData
2025,1,antonelli,Andrea Kimi Antonelli,Mercedes,16,4,12,12.0,57,FINISHED,Base Oficial Ergast Motor Racing Database / TracingInsights RaceData
2025,1,albon,Alexander Albon,Williams,6,5,1,10.0,57,FINISHED,Base Oficial Ergast Motor Racing Database / TracingInsights RaceData
2025,1,stroll,Lance Stroll,Aston Martin,13,6,7,8.0,57,FINISHED,Base Oficial Ergast Motor Racing Database / TracingInsights RaceData
2025,1,hulkenberg,Nico Hulkenberg,Sauber,17,7,10,6.0,57,FINISHED,Base Oficial Ergast Motor Racing Database / TracingInsights RaceData
2025,1,leclerc,Charles Leclerc,Ferrari,7,8,-1,4.0,57,FINISHED,Base Oficial Ergast Motor Racing Database / TracingInsights RaceData
2025,1,piastri,Oscar Piastri,McLaren,2,9,-7,2.0,57,FINISHED,Base Oficial Ergast Motor Racing Database / TracingInsights RaceData
2025,1,hamilton,Lewis Hamilton,Ferrari,8,10,-2,1.0,57,FINISHED,Base Oficial Ergast Motor Racing Database / TracingInsights RaceData
2025,1,gasly,Pierre Gasly,Alpine F1 Team,9,11,-2,0.0,57,FINISHED,Base Oficial Ergast Motor Racing Database / TracingInsights RaceData
2025,1,tsunoda,Yuki Tsunoda,RB F1 Team,5,12,-7,0.0,57,FINISHED,Base Oficial Ergast Motor Racing Database / TracingInsights RaceData
2025,1,ocon,Esteban Ocon,Haas F1 Team,19,13,6,0.0,57,FINISHED,Base Oficial Ergast Motor Racing Database / TracingInsights RaceData
2025,1,bearman,Oliver Bearman,Haas F1 Team,20,14,6,0.0,57,FINISHED,Base Oficial Ergast Motor Racing Database / TracingInsights RaceData
2025,1,lawson,Liam Lawson,Red Bull,18,15,3,0.0,46,ACCIDENT,Base Oficial Ergast Motor Racing Database / TracingInsights RaceData
2025,1,bortoleto,Gabriel Bortoleto,Sauber,15,16,-1,0.0,45,ACCIDENT,Base Oficial Ergast Motor Racing Database / TracingInsights RaceData
2025,1,alonso,Fernando Alonso,Aston Martin,12,17,-5,0.0,32,ACCIDENT,Base Oficial Ergast Motor Racing Database / TracingInsights RaceData
2025,1,sainz,Carlos Sainz,Williams,10,18,-8,0.0,0,ACCIDENT,Base Oficial Ergast Motor Racing Database / TracingInsights RaceData
2025,1,doohan,Jack Doohan,Alpine F1 Team,14,19,-5,0.0,0,ACCIDENT,Base Oficial Ergast Motor Racing Database / TracingInsights RaceData
2025,1,hadjar,Isack Hadjar,RB F1 Team,11,20,-9,0.0,0,ACCIDENT,Base Oficial Ergast Motor Racing Database / TracingInsights RaceData
2025,2,piastri,Oscar Piastri,McLaren,1,1,0,25.0,56,FINISHED,Base Oficial Ergast Motor Racing Database / TracingInsights RaceData
2025,2,norris,Lando Norris,McLaren,3,2,1,18.0,56,FINISHED,Base Oficial Ergast Motor Racing Database / TracingInsights RaceData
2025,2,russell,George Russell,Mercedes,2,3,-1,15.0,56,FINISHED,Base Oficial Ergast Motor Racing Database / TracingInsights RaceData
2025,2,max_verstappen,Max Verstappen,Red Bull,4,4,0,12.0,56,FINISHED,Base Oficial Ergast Motor Racing Database / TracingInsights RaceData
2025,2,ocon,Esteban Ocon,Haas F1 Team,11,5,6,10.0,56,FINISHED,Base Oficial Ergast Motor Racing Database / TracingInsights RaceData
2025,2,antonelli,Andrea Kimi Antonelli,Mercedes,8,6,2,8.0,56,FINISHED,Base Oficial Ergast Motor Racing Database / TracingInsights RaceData
2025,2,albon,Alexander Albon,Williams,10,7,3,6.0,56,FINISHED,Base Oficial Ergast Motor Racing Database / TracingInsights RaceData
2025,2,bearman,Oliver Bearman,Haas F1 Team,17,8,9,4.0,56,FINISHED,Base Oficial Ergast Motor Racing Database / TracingInsights RaceData
2025,2,stroll,Lance Stroll,Aston Martin,14,9,5,2.0,56,FINISHED,Base Oficial Ergast Motor Racing Database / TracingInsights RaceData
2025,2,sainz,Carlos Sainz,Williams,15,10,5,1.0,56,FINISHED,Base Oficial Ergast Motor Racing Database / TracingInsights RaceData
2025,2,hadjar,Isack Hadjar,RB F1 Team,7,11,-4,0.0,56,FINISHED,Base Oficial Ergast Motor Racing Database / TracingInsights RaceData
2025,2,lawson,Liam Lawson,Red Bull,20,12,8,0.0,56,FINISHED,Base Oficial Ergast Motor Racing Database / TracingInsights RaceData
2025,2,doohan,Jack Doohan,Alpine F1 Team,18,13,5,0.0,56,FINISHED,Base Oficial Ergast Motor Racing Database / TracingInsights RaceData
2025,2,bortoleto,Gabriel Bortoleto,Sauber,19,14,5,0.0,55,+1 LAP,Base Oficial Ergast Motor Racing Database / TracingInsights RaceData
2025,2,hulkenberg,Nico Hulkenberg,Sauber,12,15,-3,0.0,55,+1 LAP,Base Oficial Ergast Motor Racing Database / TracingInsights RaceData
2025,2,tsunoda,Yuki Tsunoda,RB F1 Team,9,16,-7,0.0,55,+1 LAP,Base Oficial Ergast Motor Racing Database / TracingInsights RaceData
2025,2,alonso,Fernando Alonso,Aston Martin,13,17,-4,0.0,4,BRAKES,Base Oficial Ergast Motor Racing Database / TracingInsights RaceData
2025,2,leclerc,Charles Leclerc,Ferrari,6,18,-12,0.0,0,UNDERWEIGHT,Base Oficial Ergast Motor Racing Database / TracingInsights RaceData
2025,2,hamilton,Lewis Hamilton,Ferrari,5,19,-14,0.0,0,DISQUALIFIED,Base Oficial Ergast Motor Racing Database / TracingInsights RaceData
2025,2,gasly,Pierre Gasly,Alpine F1 Team,16,20,-4,0.0,0,UNDERWEIGHT,Base Oficial Ergast Motor Racing Database / TracingInsights RaceData
2025,3,max_verstappen,Max Verstappen,Red Bull,1,1,0,25.0,53,FINISHED,Base Oficial Ergast Motor Racing Database / TracingInsights RaceData
2025,3,norris,Lando Norris,McLaren,2,2,0,18.0,53,FINISHED,Base Oficial Ergast Motor Racing Database / TracingInsights RaceData
2025,3,piastri,Oscar Piastri,McLaren,3,3,0,15.0,53,FINISHED,Base Oficial Ergast Motor Racing Database / TracingInsights RaceData
2025,3,leclerc,Charles Leclerc,Ferrari,4,4,0,12.0,53,FINISHED,Base Oficial Ergast Motor Racing Database / TracingInsights RaceData
2025,3,russell,George Russell,Mercedes,5,5,0,10.0,53,FINISHED,Base Oficial Ergast Motor Racing Database / TracingInsights RaceData
2025,3,antonelli,Andrea Kimi Antonelli,Mercedes,6,6,0,8.0,53,FINISHED,Base Oficial Ergast Motor Racing Database / TracingInsights RaceData
2025,3,hamilton,Lewis Hamilton,Ferrari,8,7,1,6.0,53,FINISHED,Base Oficial Ergast Motor Racing Database / TracingInsights RaceData
2025,3,hadjar,Isack Hadjar,RB F1 Team,7,8,-1,4.0,53,FINISHED,Base Oficial Ergast Motor Racing Database / TracingInsights RaceData
2025,3,albon,Alexander Albon,Williams,9,9,0,2.0,53,FINISHED,Base Oficial Ergast Motor Racing Database / TracingInsights RaceData
2025,3,bearman,Oliver Bearman,Haas F1 Team,10,10,0,1.0,53,FINISHED,Base Oficial Ergast Motor Racing Database / TracingInsights RaceData
2025,3,alonso,Fernando Alonso,Aston Martin,12,11,1,0.0,53,FINISHED,Base Oficial Ergast Motor Racing Database / TracingInsights RaceData
2025,3,tsunoda,Yuki Tsunoda,Red Bull,14,12,2,0.0,53,FINISHED,Base Oficial Ergast Motor Racing Database / TracingInsights RaceData
2025,3,gasly,Pierre Gasly,Alpine F1 Team,11,13,-2,0.0,53,FINISHED,Base Oficial Ergast Motor Racing Database / TracingInsights RaceData
2025,3,sainz,Carlos Sainz,Williams,15,14,1,0.0,53,FINISHED,Base Oficial Ergast Motor Racing Database / TracingInsights RaceData
2025,3,doohan,Jack Doohan,Alpine F1 Team,19,15,4,0.0,53,FINISHED,Base Oficial Ergast Motor Racing Database / TracingInsights RaceData
2025,3,hulkenberg,Nico Hulkenberg,Sauber,16,16,0,0.0,53,FINISHED,Base Oficial Ergast Motor Racing Database / TracingInsights RaceData
2025,3,lawson,Liam Lawson,RB F1 Team,13,17,-4,0.0,53,FINISHED,Base Oficial Ergast Motor Racing Database / TracingInsights RaceData
2025,3,ocon,Esteban Ocon,Haas F1 Team,18,18,0,0.0,53,FINISHED,Base Oficial Ergast Motor Racing Database / TracingInsights RaceData
2025,3,bortoleto,Gabriel Bortoleto,Sauber,17,19,-2,0.0,53,FINISHED,Base Oficial Ergast Motor Racing Database / TracingInsights RaceData
2025,3,stroll,Lance Stroll,Aston Martin,20,20,0,0.0,52,+1 LAP,Base Oficial Ergast Motor Racing Database / TracingInsights RaceData
2025,4,piastri,Oscar Piastri,McLaren,1,1,0,25.0,57,FINISHED,Base Oficial Ergast Motor Racing Database / TracingInsights RaceData
2025,4,russell,George Russell,Mercedes,3,2,1,18.0,57,FINISHED,Base Oficial Ergast Motor Racing Database / TracingInsights RaceData
2025,4,norris,Lando Norris,McLaren,6,3,3,15.0,57,FINISHED,Base Oficial Ergast Motor Racing Database / TracingInsights RaceData
2025,4,leclerc,Charles Leclerc,Ferrari,2,4,-2,12.0,57,FINISHED,Base Oficial Ergast Motor Racing Database / TracingInsights RaceData
2025,4,hamilton,Lewis Hamilton,Ferrari,9,5,4,10.0,57,FINISHED,Base Oficial Ergast Motor Racing Database / TracingInsights RaceData
2025,4,max_verstappen,Max Verstappen,Red Bull,7,6,1,8.0,57,FINISHED,Base Oficial Ergast Motor Racing Database / TracingInsights RaceData
2025,4,gasly,Pierre Gasly,Alpine F1 Team,4,7,-3,6.0,57,FINISHED,Base Oficial Ergast Motor Racing Database / TracingInsights RaceData
2025,4,ocon,Esteban Ocon,Haas F1 Team,14,8,6,4.0,57,FINISHED,Base Oficial Ergast Motor Racing Database / TracingInsights RaceData
2025,4,tsunoda,Yuki Tsunoda,Red Bull,10,9,1,2.0,57,FINISHED,Base Oficial Ergast Motor Racing Database / TracingInsights RaceData
2025,4,bearman,Oliver Bearman,Haas F1 Team,20,10,10,1.0,57,FINISHED,Base Oficial Ergast Motor Racing Database / TracingInsights RaceData
2025,4,antonelli,Andrea Kimi Antonelli,Mercedes,5,11,-6,0.0,57,FINISHED,Base Oficial Ergast Motor Racing Database / TracingInsights RaceData
2025,4,albon,Alexander Albon,Williams,15,12,3,0.0,57,FINISHED,Base Oficial Ergast Motor Racing Database / TracingInsights RaceData
2025,4,hadjar,Isack Hadjar,RB F1 Team,12,13,-1,0.0,57,FINISHED,Base Oficial Ergast Motor Racing Database / TracingInsights RaceData
2025,4,doohan,Jack Doohan,Alpine F1 Team,11,14,-3,0.0,57,FINISHED,Base Oficial Ergast Motor Racing Database / TracingInsights RaceData
2025,4,alonso,Fernando Alonso,Aston Martin,13,15,-2,0.0,57,FINISHED,Base Oficial Ergast Motor Racing Database / TracingInsights RaceData
2025,4,lawson,Liam Lawson,RB F1 Team,17,16,1,0.0,57,FINISHED,Base Oficial Ergast Motor Racing Database / TracingInsights RaceData
2025,4,stroll,Lance Stroll,Aston Martin,19,17,2,0.0,57,FINISHED,Base Oficial Ergast Motor Racing Database / TracingInsights RaceData
2025,4,bortoleto,Gabriel Bortoleto,Sauber,18,18,0,0.0,57,FINISHED,Base Oficial Ergast Motor Racing Database / TracingInsights RaceData
2025,4,sainz,Carlos Sainz,Williams,8,19,-11,0.0,45,COLLISION DAMAGE,Base Oficial Ergast Motor Racing Database / TracingInsights RaceData
2025,4,hulkenberg,Nico Hulkenberg,Sauber,16,20,-4,0.0,0,DISQUALIFIED,Base Oficial Ergast Motor Racing Database / TracingInsights RaceData
2025,5,piastri,Oscar Piastri,McLaren,2,1,1,25.0,50,FINISHED,Base Oficial Ergast Motor Racing Database / TracingInsights RaceData
2025,5,max_verstappen,Max Verstappen,Red Bull,1,2,-1,18.0,50,FINISHED,Base Oficial Ergast Motor Racing Database / TracingInsights RaceData
2025,5,leclerc,Charles Leclerc,Ferrari,4,3,1,15.0,50,FINISHED,Base Oficial Ergast Motor Racing Database / TracingInsights RaceData
2025,5,norris,Lando Norris,McLaren,10,4,6,12.0,50,FINISHED,Base Oficial Ergast Motor Racing Database / TracingInsights RaceData
2025,5,russell,George Russell,Mercedes,3,5,-2,10.0,50,FINISHED,Base Oficial Ergast Motor Racing Database / TracingInsights RaceData
2025,5,antonelli,Andrea Kimi Antonelli,Mercedes,5,6,-1,8.0,50,FINISHED,Base Oficial Ergast Motor Racing Database / TracingInsights RaceData
2025,5,hamilton,Lewis Hamilton,Ferrari,7,7,0,6.0,50,FINISHED,Base Oficial Ergast Motor Racing Database / TracingInsights RaceData
2025,5,sainz,Carlos Sainz,Williams,6,8,-2,4.0,50,FINISHED,Base Oficial Ergast Motor Racing Database / TracingInsights RaceData
2025,5,albon,Alexander Albon,Williams,11,9,2,2.0,50,FINISHED,Base Oficial Ergast Motor Racing Database / TracingInsights RaceData
2025,5,hadjar,Isack Hadjar,RB F1 Team,14,10,4,1.0,50,FINISHED,Base Oficial Ergast Motor Racing Database / TracingInsights RaceData
2025,5,alonso,Fernando Alonso,Aston Martin,13,11,2,0.0,50,FINISHED,Base Oficial Ergast Motor Racing Database / TracingInsights RaceData
2025,5,lawson,Liam Lawson,RB F1 Team,12,12,0,0.0,50,FINISHED,Base Oficial Ergast Motor Racing Database / TracingInsights RaceData
2025,5,bearman,Oliver Bearman,Haas F1 Team,15,13,2,0.0,50,FINISHED,Base Oficial Ergast Motor Racing Database / TracingInsights RaceData
2025,5,ocon,Esteban Ocon,Haas F1 Team,19,14,5,0.0,50,FINISHED,Base Oficial Ergast Motor Racing Database / TracingInsights RaceData
2025,5,hulkenberg,Nico Hulkenberg,Sauber,18,15,3,0.0,49,+1 LAP,Base Oficial Ergast Motor Racing Database / TracingInsights RaceData
2025,5,stroll,Lance Stroll,Aston Martin,16,16,0,0.0,49,+1 LAP,Base Oficial Ergast Motor Racing Database / TracingInsights RaceData
2025,5,doohan,Jack Doohan,Alpine F1 Team,17,17,0,0.0,49,+1 LAP,Base Oficial Ergast Motor Racing Database / TracingInsights RaceData
2025,5,bortoleto,Gabriel Bortoleto,Sauber,20,18,2,0.0,49,+1 LAP,Base Oficial Ergast Motor Racing Database / TracingInsights RaceData
2025,5,tsunoda,Yuki Tsunoda,Red Bull,8,19,-11,0.0,1,COLLISION DAMAGE,Base Oficial Ergast Motor Racing Database / TracingInsights RaceData
2025,5,gasly,Pierre Gasly,Alpine F1 Team,9,20,-11,0.0,0,COLLISION,Base Oficial Ergast Motor Racing Database / TracingInsights RaceData
2025,6,piastri,Oscar Piastri,McLaren,4,1,3,25.0,57,FINISHED,Base Oficial Ergast Motor Racing Database / TracingInsights RaceData
2025,6,norris,Lando Norris,McLaren,2,2,0,18.0,57,FINISHED,Base Oficial Ergast Motor Racing Database / TracingInsights RaceData
2025,6,russell,George Russell,Mercedes,5,3,2,15.0,57,FINISHED,Base Oficial Ergast Motor Racing Database / TracingInsights RaceData
2025,6,max_verstappen,Max Verstappen,Red Bull,1,4,-3,12.0,57,FINISHED,Base Oficial Ergast Motor Racing Database / TracingInsights RaceData
2025,6,albon,Alexander Albon,Williams,7,5,2,10.0,57,FINISHED,Base Oficial Ergast Motor Racing Database / TracingInsights RaceData
2025,6,antonelli,Andrea Kimi Antonelli,Mercedes,3,6,-3,8.0,57,FINISHED,Base Oficial Ergast Motor Racing Database / TracingInsights RaceData
2025,6,leclerc,Charles Leclerc,Ferrari,8,7,1,6.0,57,FINISHED,Base Oficial Ergast Motor Racing Database / TracingInsights RaceData
2025,6,hamilton,Lewis Hamilton,Ferrari,12,8,4,4.0,57,FINISHED,Base Oficial Ergast Motor Racing Database / TracingInsights RaceData
2025,6,sainz,Carlos Sainz,Williams,6,9,-3,2.0,57,FINISHED,Base Oficial Ergast Motor Racing Database / TracingInsights RaceData
2025,6,tsunoda,Yuki Tsunoda,Red Bull,10,10,0,1.0,57,FINISHED,Base Oficial Ergast Motor Racing Database / TracingInsights RaceData
2025,6,hadjar,Isack Hadjar,RB F1 Team,11,11,0,0.0,57,FINISHED,Base Oficial Ergast Motor Racing Database / TracingInsights RaceData
2025,6,ocon,Esteban Ocon,Haas F1 Team,9,12,-3,0.0,57,FINISHED,Base Oficial Ergast Motor Racing Database / TracingInsights RaceData
2025,6,gasly,Pierre Gasly,Alpine F1 Team,20,13,7,0.0,57,FINISHED,Base Oficial Ergast Motor Racing Database / TracingInsights RaceData
2025,6,hulkenberg,Nico Hulkenberg,Sauber,16,14,2,0.0,56,+1 LAP,Base Oficial Ergast Motor Racing Database / TracingInsights RaceData
2025,6,alonso,Fernando Alonso,Aston Martin,17,15,2,0.0,56,+1 LAP,Base Oficial Ergast Motor Racing Database / TracingInsights RaceData
2025,6,stroll,Lance Stroll,Aston Martin,18,16,2,0.0,56,+1 LAP,Base Oficial Ergast Motor Racing Database / TracingInsights RaceData
2025,6,lawson,Liam Lawson,RB F1 Team,15,17,-2,0.0,36,COLLISION DAMAGE,Base Oficial Ergast Motor Racing Database / TracingInsights RaceData
2025,6,bortoleto,Gabriel Bortoleto,Sauber,13,18,-5,0.0,30,FUEL SYSTEM,Base Oficial Ergast Motor Racing Database / TracingInsights RaceData
2025,6,bearman,Oliver Bearman,Haas F1 Team,19,19,0,0.0,27,ENGINE,Base Oficial Ergast Motor Racing Database / TracingInsights RaceData
2025,6,doohan,Jack Doohan,Alpine F1 Team,14,20,-6,0.0,0,COLLISION,Base Oficial Ergast Motor Racing Database / TracingInsights RaceData
2025,7,max_verstappen,Max Verstappen,Red Bull,2,1,1,25.0,63,FINISHED,Base Oficial Ergast Motor Racing Database / TracingInsights RaceData
2025,7,norris,Lando Norris,McLaren,4,2,2,18.0,63,FINISHED,Base Oficial Ergast Motor Racing Database / TracingInsights RaceData
2025,7,piastri,Oscar Piastri,McLaren,1,3,-2,15.0,63,FINISHED,Base Oficial Ergast Motor Racing Database / TracingInsights RaceData
2025,7,hamilton,Lewis Hamilton,Ferrari,12,4,8,12.0,63,FINISHED,Base Oficial Ergast Motor Racing Database / TracingInsights RaceData
2025,7,albon,Alexander Albon,Williams,7,5,2,10.0,63,FINISHED,Base Oficial Ergast Motor Racing Database / TracingInsights RaceData
2025,7,leclerc,Charles Leclerc,Ferrari,11,6,5,8.0,63,FINISHED,Base Oficial Ergast Motor Racing Database / TracingInsights RaceData
2025,7,russell,George Russell,Mercedes,3,7,-4,6.0,63,FINISHED,Base Oficial Ergast Motor Racing Database / TracingInsights RaceData
2025,7,sainz,Carlos Sainz,Williams,6,8,-2,4.0,63,FINISHED,Base Oficial Ergast Motor Racing Database / TracingInsights RaceData
2025,7,hadjar,Isack Hadjar,RB F1 Team,9,9,0,2.0,63,FINISHED,Base Oficial Ergast Motor Racing Database / TracingInsights RaceData
2025,7,tsunoda,Yuki Tsunoda,Red Bull,20,10,10,1.0,63,FINISHED,Base Oficial Ergast Motor Racing Database / TracingInsights RaceData
2025,7,alonso,Fernando Alonso,Aston Martin,5,11,-6,0.0,63,FINISHED,Base Oficial Ergast Motor Racing Database / TracingInsights RaceData
2025,7,hulkenberg,Nico Hulkenberg,Sauber,17,12,5,0.0,63,FINISHED,Base Oficial Ergast Motor Racing Database / TracingInsights RaceData
2025,7,gasly,Pierre Gasly,Alpine F1 Team,10,13,-3,0.0,63,FINISHED,Base Oficial Ergast Motor Racing Database / TracingInsights RaceData
2025,7,lawson,Liam Lawson,RB F1 Team,15,14,1,0.0,63,FINISHED,Base Oficial Ergast Motor Racing Database / TracingInsights RaceData
2025,7,stroll,Lance Stroll,Aston Martin,8,15,-7,0.0,63,FINISHED,Base Oficial Ergast Motor Racing Database / TracingInsights RaceData
2025,7,colapinto,Franco Colapinto,Alpine F1 Team,16,16,0,0.0,63,FINISHED,Base Oficial Ergast Motor Racing Database / TracingInsights RaceData
2025,7,bearman,Oliver Bearman,Haas F1 Team,19,17,2,0.0,63,FINISHED,Base Oficial Ergast Motor Racing Database / TracingInsights RaceData
2025,7,bortoleto,Gabriel Bortoleto,Sauber,14,18,-4,0.0,63,FINISHED,Base Oficial Ergast Motor Racing Database / TracingInsights RaceData
2025,7,antonelli,Andrea Kimi Antonelli,Mercedes,13,19,-6,0.0,44,THROTTLE,Base Oficial Ergast Motor Racing Database / TracingInsights RaceData
2025,7,ocon,Esteban Ocon,Haas F1 Team,18,20,-2,0.0,27,ENGINE,Base Oficial Ergast Motor Racing Database / TracingInsights RaceData
2025,8,norris,Lando Norris,McLaren,1,1,0,25.0,78,FINISHED,Base Oficial Ergast Motor Racing Database / TracingInsights RaceData
2025,8,leclerc,Charles Leclerc,Ferrari,2,2,0,18.0,78,FINISHED,Base Oficial Ergast Motor Racing Database / TracingInsights RaceData
2025,8,piastri,Oscar Piastri,McLaren,3,3,0,15.0,78,FINISHED,Base Oficial Ergast Motor Racing Database / TracingInsights RaceData
2025,8,max_verstappen,Max Verstappen,Red Bull,4,4,0,12.0,78,FINISHED,Base Oficial Ergast Motor Racing Database / TracingInsights RaceData
2025,8,hamilton,Lewis Hamilton,Ferrari,7,5,2,10.0,78,FINISHED,Base Oficial Ergast Motor Racing Database / TracingInsights RaceData
2025,8,hadjar,Isack Hadjar,RB F1 Team,5,6,-1,8.0,77,+1 LAP,Base Oficial Ergast Motor Racing Database / TracingInsights RaceData
2025,8,ocon,Esteban Ocon,Haas F1 Team,8,7,1,6.0,77,+1 LAP,Base Oficial Ergast Motor Racing Database / TracingInsights RaceData
2025,8,lawson,Liam Lawson,RB F1 Team,9,8,1,4.0,77,+1 LAP,Base Oficial Ergast Motor Racing Database / TracingInsights RaceData
2025,8,albon,Alexander Albon,Williams,10,9,1,2.0,76,+2 LAPS,Base Oficial Ergast Motor Racing Database / TracingInsights RaceData
2025,8,sainz,Carlos Sainz,Williams,11,10,1,1.0,76,+2 LAPS,Base Oficial Ergast Motor Racing Database / TracingInsights RaceData
2025,8,russell,George Russell,Mercedes,14,11,3,0.0,76,+2 LAPS,Base Oficial Ergast Motor Racing Database / TracingInsights RaceData
2025,8,bearman,Oliver Bearman,Haas F1 Team,20,12,8,0.0,76,+2 LAPS,Base Oficial Ergast Motor Racing Database / TracingInsights RaceData
2025,8,colapinto,Franco Colapinto,Alpine F1 Team,18,13,5,0.0,76,+2 LAPS,Base Oficial Ergast Motor Racing Database / TracingInsights RaceData
2025,8,bortoleto,Gabriel Bortoleto,Sauber,16,14,2,0.0,76,+2 LAPS,Base Oficial Ergast Motor Racing Database / TracingInsights RaceData
2025,8,stroll,Lance Stroll,Aston Martin,19,15,4,0.0,76,+2 LAPS,Base Oficial Ergast Motor Racing Database / TracingInsights RaceData
2025,8,hulkenberg,Nico Hulkenberg,Sauber,13,16,-3,0.0,76,+2 LAPS,Base Oficial Ergast Motor Racing Database / TracingInsights RaceData
2025,8,tsunoda,Yuki Tsunoda,Red Bull,12,17,-5,0.0,76,+2 LAPS,Base Oficial Ergast Motor Racing Database / TracingInsights RaceData
2025,8,antonelli,Andrea Kimi Antonelli,Mercedes,15,18,-3,0.0,75,+3 LAPS,Base Oficial Ergast Motor Racing Database / TracingInsights RaceData
2025,8,alonso,Fernando Alonso,Aston Martin,6,19,-13,0.0,36,ENGINE,Base Oficial Ergast Motor Racing Database / TracingInsights RaceData
2025,8,gasly,Pierre Gasly,Alpine F1 Team,17,20,-3,0.0,7,COLLISION DAMAGE,Base Oficial Ergast Motor Racing Database / TracingInsights RaceData
2025,9,piastri,Oscar Piastri,McLaren,1,1,0,25.0,66,FINISHED,Base Oficial Ergast Motor Racing Database / TracingInsights RaceData
2025,9,norris,Lando Norris,McLaren,2,2,0,18.0,66,FINISHED,Base Oficial Ergast Motor Racing Database / TracingInsights RaceData
2025,9,leclerc,Charles Leclerc,Ferrari,7,3,4,15.0,66,FINISHED,Base Oficial Ergast Motor Racing Database / TracingInsights RaceData
2025,9,russell,George Russell,Mercedes,4,4,0,12.0,66,FINISHED,Base Oficial Ergast Motor Racing Database / TracingInsights RaceData
2025,9,hulkenberg,Nico Hulkenberg,Sauber,15,5,10,10.0,66,FINISHED,Base Oficial Ergast Motor Racing Database / TracingInsights RaceData
2025,9,hamilton,Lewis Hamilton,Ferrari,5,6,-1,8.0,66,FINISHED,Base Oficial Ergast Motor Racing Database / TracingInsights RaceData
2025,9,hadjar,Isack Hadjar,RB F1 Team,9,7,2,6.0,66,FINISHED,Base Oficial Ergast Motor Racing Database / TracingInsights RaceData
2025,9,gasly,Pierre Gasly,Alpine F1 Team,8,8,0,4.0,66,FINISHED,Base Oficial Ergast Motor Racing Database / TracingInsights RaceData
2025,9,alonso,Fernando Alonso,Aston Martin,10,9,1,2.0,66,FINISHED,Base Oficial Ergast Motor Racing Database / TracingInsights RaceData
2025,9,max_verstappen,Max Verstappen,Red Bull,3,10,-7,1.0,66,FINISHED,Base Oficial Ergast Motor Racing Database / TracingInsights RaceData
2025,9,lawson,Liam Lawson,RB F1 Team,13,11,2,0.0,66,FINISHED,Base Oficial Ergast Motor Racing Database / TracingInsights RaceData
2025,9,bortoleto,Gabriel Bortoleto,Sauber,12,12,0,0.0,66,FINISHED,Base Oficial Ergast Motor Racing Database / TracingInsights RaceData
2025,9,tsunoda,Yuki Tsunoda,Red Bull,19,13,6,0.0,66,FINISHED,Base Oficial Ergast Motor Racing Database / TracingInsights RaceData
2025,9,sainz,Carlos Sainz,Williams,17,14,3,0.0,66,FINISHED,Base Oficial Ergast Motor Racing Database / TracingInsights RaceData
2025,9,colapinto,Franco Colapinto,Alpine F1 Team,18,15,3,0.0,66,FINISHED,Base Oficial Ergast Motor Racing Database / TracingInsights RaceData
2025,9,ocon,Esteban Ocon,Haas F1 Team,16,16,0,0.0,66,FINISHED,Base Oficial Ergast Motor Racing Database / TracingInsights RaceData
2025,9,bearman,Oliver Bearman,Haas F1 Team,14,17,-3,0.0,66,FINISHED,Base Oficial Ergast Motor Racing Database / TracingInsights RaceData
2025,9,antonelli,Andrea Kimi Antonelli,Mercedes,6,18,-12,0.0,53,ENGINE,Base Oficial Ergast Motor Racing Database / TracingInsights RaceData
2025,9,albon,Alexander Albon,Williams,11,19,-8,0.0,27,COLLISION DAMAGE,Base Oficial Ergast Motor Racing Database / TracingInsights RaceData
2025,10,russell,George Russell,Mercedes,1,1,0,25.0,70,FINISHED,Base Oficial Ergast Motor Racing Database / TracingInsights RaceData
2025,10,max_verstappen,Max Verstappen,Red Bull,2,2,0,18.0,70,FINISHED,Base Oficial Ergast Motor Racing Database / TracingInsights RaceData
2025,10,antonelli,Andrea Kimi Antonelli,Mercedes,4,3,1,15.0,70,FINISHED,Base Oficial Ergast Motor Racing Database / TracingInsights RaceData
2025,10,piastri,Oscar Piastri,McLaren,3,4,-1,12.0,70,FINISHED,Base Oficial Ergast Motor Racing Database / TracingInsights RaceData
2025,10,leclerc,Charles Leclerc,Ferrari,8,5,3,10.0,70,FINISHED,Base Oficial Ergast Motor Racing Database / TracingInsights RaceData
2025,10,hamilton,Lewis Hamilton,Ferrari,5,6,-1,8.0,70,FINISHED,Base Oficial Ergast Motor Racing Database / TracingInsights RaceData
2025,10,alonso,Fernando Alonso,Aston Martin,6,7,-1,6.0,70,FINISHED,Base Oficial Ergast Motor Racing Database / TracingInsights RaceData
2025,10,hulkenberg,Nico Hulkenberg,Sauber,11,8,3,4.0,70,FINISHED,Base Oficial Ergast Motor Racing Database / TracingInsights RaceData
2025,10,ocon,Esteban Ocon,Haas F1 Team,14,9,5,2.0,69,+1 LAP,Base Oficial Ergast Motor Racing Database / TracingInsights RaceData
2025,10,sainz,Carlos Sainz,Williams,16,10,6,1.0,69,+1 LAP,Base Oficial Ergast Motor Racing Database / TracingInsights RaceData
2025,10,bearman,Oliver Bearman,Haas F1 Team,13,11,2,0.0,69,+1 LAP,Base Oficial Ergast Motor Racing Database / TracingInsights RaceData
2025,10,tsunoda,Yuki Tsunoda,Red Bull,18,12,6,0.0,69,+1 LAP,Base Oficial Ergast Motor Racing Database / TracingInsights RaceData
2025,10,colapinto,Franco Colapinto,Alpine F1 Team,10,13,-3,0.0,69,+1 LAP,Base Oficial Ergast Motor Racing Database / TracingInsights RaceData
2025,10,bortoleto,Gabriel Bortoleto,Sauber,15,14,1,0.0,69,+1 LAP,Base Oficial Ergast Motor Racing Database / TracingInsights RaceData
2025,10,gasly,Pierre Gasly,Alpine F1 Team,20,15,5,0.0,69,+1 LAP,Base Oficial Ergast Motor Racing Database / TracingInsights RaceData
2025,10,hadjar,Isack Hadjar,RB F1 Team,12,16,-4,0.0,69,+1 LAP,Base Oficial Ergast Motor Racing Database / TracingInsights RaceData
2025,10,stroll,Lance Stroll,Aston Martin,17,17,0,0.0,69,+1 LAP,Base Oficial Ergast Motor Racing Database / TracingInsights RaceData
2025,10,norris,Lando Norris,McLaren,7,18,-11,0.0,66,COLLISION,Base Oficial Ergast Motor Racing Database / TracingInsights RaceData
2025,10,lawson,Liam Lawson,RB F1 Team,19,19,0,0.0,53,OVERHEATING,Base Oficial Ergast Motor Racing Database / TracingInsights RaceData
2025,10,albon,Alexander Albon,Williams,9,20,-11,0.0,46,ENGINE,Base Oficial Ergast Motor Racing Database / TracingInsights RaceData
2025,11,norris,Lando Norris,McLaren,1,1,0,25.0,70,FINISHED,Base Oficial Ergast Motor Racing Database / TracingInsights RaceData
2025,11,piastri,Oscar Piastri,McLaren,3,2,1,18.0,70,FINISHED,Base Oficial Ergast Motor Racing Database / TracingInsights RaceData
2025,11,leclerc,Charles Leclerc,Ferrari,2,3,-1,15.0,70,FINISHED,Base Oficial Ergast Motor Racing Database / TracingInsights RaceData
2025,11,hamilton,Lewis Hamilton,Ferrari,4,4,0,12.0,70,FINISHED,Base Oficial Ergast Motor Racing Database / TracingInsights RaceData
2025,11,russell,George Russell,Mercedes,5,5,0,10.0,70,FINISHED,Base Oficial Ergast Motor Racing Database / TracingInsights RaceData
2025,11,lawson,Liam Lawson,RB F1 Team,6,6,0,8.0,70,FINISHED,Base Oficial Ergast Motor Racing Database / TracingInsights RaceData
2025,11,alonso,Fernando Alonso,Aston Martin,11,7,4,6.0,69,+1 LAP,Base Oficial Ergast Motor Racing Database / TracingInsights RaceData
2025,11,bortoleto,Gabriel Bortoleto,Sauber,8,8,0,4.0,69,+1 LAP,Base Oficial Ergast Motor Racing Database / TracingInsights RaceData
2025,11,hulkenberg,Nico Hulkenberg,Sauber,20,9,11,2.0,69,+1 LAP,Base Oficial Ergast Motor Racing Database / TracingInsights RaceData
2025,11,ocon,Esteban Ocon,Haas F1 Team,17,10,7,1.0,69,+1 LAP,Base Oficial Ergast Motor Racing Database / TracingInsights RaceData
2025,11,bearman,Oliver Bearman,Haas F1 Team,15,11,4,0.0,69,+1 LAP,Base Oficial Ergast Motor Racing Database / TracingInsights RaceData
2025,11,hadjar,Isack Hadjar,RB F1 Team,13,12,1,0.0,69,+1 LAP,Base Oficial Ergast Motor Racing Database / TracingInsights RaceData
2025,11,gasly,Pierre Gasly,Alpine F1 Team,10,13,-3,0.0,69,+1 LAP,Base Oficial Ergast Motor Racing Database / TracingInsights RaceData
2025,11,stroll,Lance Stroll,Aston Martin,16,14,2,0.0,69,+1 LAP,Base Oficial Ergast Motor Racing Database / TracingInsights RaceData
2025,11,colapinto,Franco Colapinto,Alpine F1 Team,14,15,-1,0.0,69,+1 LAP,Base Oficial Ergast Motor Racing Database / TracingInsights RaceData
2025,11,tsunoda,Yuki Tsunoda,Red Bull,18,16,2,0.0,68,+2 LAPS,Base Oficial Ergast Motor Racing Database / TracingInsights RaceData
2025,11,albon,Alexander Albon,Williams,12,17,-5,0.0,15,ENGINE,Base Oficial Ergast Motor Racing Database / TracingInsights RaceData
2025,11,max_verstappen,Max Verstappen,Red Bull,7,18,-11,0.0,0,COLLISION,Base Oficial Ergast Motor Racing Database / TracingInsights RaceData
2025,11,antonelli,Andrea Kimi Antonelli,Mercedes,9,19,-10,0.0,0,COLLISION,Base Oficial Ergast Motor Racing Database / TracingInsights RaceData
2025,11,sainz,Carlos Sainz,Williams,19,20,-1,0.0,0,BRAKES,Base Oficial Ergast Motor Racing Database / TracingInsights RaceData
2025,12,norris,Lando Norris,McLaren,3,1,2,25.0,52,FINISHED,Base Oficial Ergast Motor Racing Database / TracingInsights RaceData
2025,12,piastri,Oscar Piastri,McLaren,2,2,0,18.0,52,FINISHED,Base Oficial Ergast Motor Racing Database / TracingInsights RaceData
2025,12,hulkenberg,Nico Hulkenberg,Sauber,19,3,16,15.0,52,FINISHED,Base Oficial Ergast Motor Racing Database / TracingInsights RaceData
2025,12,hamilton,Lewis Hamilton,Ferrari,5,4,1,12.0,52,FINISHED,Base Oficial Ergast Motor Racing Database / TracingInsights RaceData
2025,12,max_verstappen,Max Verstappen,Red Bull,1,5,-4,10.0,52,FINISHED,Base Oficial Ergast Motor Racing Database / TracingInsights RaceData
2025,12,gasly,Pierre Gasly,Alpine F1 Team,8,6,2,8.0,52,FINISHED,Base Oficial Ergast Motor Racing Database / TracingInsights RaceData
2025,12,stroll,Lance Stroll,Aston Martin,17,7,10,6.0,52,FINISHED,Base Oficial Ergast Motor Racing Database / TracingInsights RaceData
2025,12,albon,Alexander Albon,Williams,13,8,5,4.0,52,FINISHED,Base Oficial Ergast Motor Racing Database / TracingInsights RaceData
2025,12,alonso,Fernando Alonso,Aston Martin,7,9,-2,2.0,52,FINISHED,Base Oficial Ergast Motor Racing Database / TracingInsights RaceData
2025,12,russell,George Russell,Mercedes,4,10,-6,1.0,52,FINISHED,Base Oficial Ergast Motor Racing Database / TracingInsights RaceData
2025,12,bearman,Oliver Bearman,Haas F1 Team,18,11,7,0.0,52,FINISHED,Base Oficial Ergast Motor Racing Database / TracingInsights RaceData
2025,12,sainz,Carlos Sainz,Williams,9,12,-3,0.0,52,FINISHED,Base Oficial Ergast Motor Racing Database / TracingInsights RaceData
2025,12,ocon,Esteban Ocon,Haas F1 Team,14,13,1,0.0,52,FINISHED,Base Oficial Ergast Motor Racing Database / TracingInsights RaceData
2025,12,leclerc,Charles Leclerc,Ferrari,6,14,-8,0.0,52,FINISHED,Base Oficial Ergast Motor Racing Database / TracingInsights RaceData
2025,12,tsunoda,Yuki Tsunoda,Red Bull,11,15,-4,0.0,51,+1 LAP,Base Oficial Ergast Motor Racing Database / TracingInsights RaceData
2025,12,antonelli,Andrea Kimi Antonelli,Mercedes,10,16,-6,0.0,23,COLLISION DAMAGE,Base Oficial Ergast Motor Racing Database / TracingInsights RaceData
2025,12,hadjar,Isack Hadjar,RB F1 Team,12,17,-5,0.0,17,COLLISION,Base Oficial Ergast Motor Racing Database / TracingInsights RaceData
2025,12,bortoleto,Gabriel Bortoleto,Sauber,16,18,-2,0.0,3,ACCIDENT,Base Oficial Ergast Motor Racing Database / TracingInsights RaceData
2025,12,lawson,Liam Lawson,RB F1 Team,15,19,-4,0.0,0,COLLISION,Base Oficial Ergast Motor Racing Database / TracingInsights RaceData
2025,12,colapinto,Franco Colapinto,Alpine F1 Team,20,20,0,0.0,0,GEARBOX,Base Oficial Ergast Motor Racing Database / TracingInsights RaceData
2025,13,piastri,Oscar Piastri,McLaren,2,1,1,25.0,44,FINISHED,Base Oficial Ergast Motor Racing Database / TracingInsights RaceData
2025,13,norris,Lando Norris,McLaren,1,2,-1,18.0,44,FINISHED,Base Oficial Ergast Motor Racing Database / TracingInsights RaceData
2025,13,leclerc,Charles Leclerc,Ferrari,3,3,0,15.0,44,FINISHED,Base Oficial Ergast Motor Racing Database / TracingInsights RaceData
2025,13,max_verstappen,Max Verstappen,Red Bull,4,4,0,12.0,44,FINISHED,Base Oficial Ergast Motor Racing Database / TracingInsights RaceData
2025,13,russell,George Russell,Mercedes,6,5,1,10.0,44,FINISHED,Base Oficial Ergast Motor Racing Database / TracingInsights RaceData
2025,13,albon,Alexander Albon,Williams,5,6,-1,8.0,44,FINISHED,Base Oficial Ergast Motor Racing Database / TracingInsights RaceData
2025,13,hamilton,Lewis Hamilton,Ferrari,18,7,11,6.0,44,FINISHED,Base Oficial Ergast Motor Racing Database / TracingInsights RaceData
2025,13,lawson,Liam Lawson,RB F1 Team,9,8,1,4.0,44,FINISHED,Base Oficial Ergast Motor Racing Database / TracingInsights RaceData
2025,13,bortoleto,Gabriel Bortoleto,Sauber,10,9,1,2.0,44,FINISHED,Base Oficial Ergast Motor Racing Database / TracingInsights RaceData
2025,13,gasly,Pierre Gasly,Alpine F1 Team,13,10,3,1.0,44,FINISHED,Base Oficial Ergast Motor Racing Database / TracingInsights RaceData
2025,13,bearman,Oliver Bearman,Haas F1 Team,12,11,1,0.0,44,FINISHED,Base Oficial Ergast Motor Racing Database / TracingInsights RaceData
2025,13,hulkenberg,Nico Hulkenberg,Sauber,14,12,2,0.0,44,FINISHED,Base Oficial Ergast Motor Racing Database / TracingInsights RaceData
2025,13,tsunoda,Yuki Tsunoda,Red Bull,7,13,-6,0.0,44,FINISHED,Base Oficial Ergast Motor Racing Database / TracingInsights RaceData
2025,13,stroll,Lance Stroll,Aston Martin,16,14,2,0.0,44,FINISHED,Base Oficial Ergast Motor Racing Database / TracingInsights RaceData
2025,13,ocon,Esteban Ocon,Haas F1 Team,11,15,-4,0.0,44,FINISHED,Base Oficial Ergast Motor Racing Database / TracingInsights RaceData
2025,13,antonelli,Andrea Kimi Antonelli,Mercedes,19,16,3,0.0,44,FINISHED,Base Oficial Ergast Motor Racing Database / TracingInsights RaceData
2025,13,alonso,Fernando Alonso,Aston Martin,20,17,3,0.0,44,FINISHED,Base Oficial Ergast Motor Racing Database / TracingInsights RaceData
2025,13,sainz,Carlos Sainz,Williams,17,18,-1,0.0,44,FINISHED,Base Oficial Ergast Motor Racing Database / TracingInsights RaceData
2025,13,colapinto,Franco Colapinto,Alpine F1 Team,15,19,-4,0.0,44,FINISHED,Base Oficial Ergast Motor Racing Database / TracingInsights RaceData
2025,13,hadjar,Isack Hadjar,RB F1 Team,8,20,-12,0.0,43,+1 LAP,Base Oficial Ergast Motor Racing Database / TracingInsights RaceData
2025,14,norris,Lando Norris,McLaren,3,1,2,25.0,70,FINISHED,Base Oficial Ergast Motor Racing Database / TracingInsights RaceData
2025,14,piastri,Oscar Piastri,McLaren,2,2,0,18.0,70,FINISHED,Base Oficial Ergast Motor Racing Database / TracingInsights RaceData
2025,14,russell,George Russell,Mercedes,4,3,1,15.0,70,FINISHED,Base Oficial Ergast Motor Racing Database / TracingInsights RaceData
2025,14,leclerc,Charles Leclerc,Ferrari,1,4,-3,12.0,70,FINISHED,Base Oficial Ergast Motor Racing Database / TracingInsights RaceData
2025,14,alonso,Fernando Alonso,Aston Martin,5,5,0,10.0,70,FINISHED,Base Oficial Ergast Motor Racing Database / TracingInsights RaceData
2025,14,bortoleto,Gabriel Bortoleto,Sauber,7,6,1,8.0,70,FINISHED,Base Oficial Ergast Motor Racing Database / TracingInsights RaceData
2025,14,stroll,Lance Stroll,Aston Martin,6,7,-1,6.0,70,FINISHED,Base Oficial Ergast Motor Racing Database / TracingInsights RaceData
2025,14,lawson,Liam Lawson,RB F1 Team,9,8,1,4.0,70,FINISHED,Base Oficial Ergast Motor Racing Database / TracingInsights RaceData
2025,14,max_verstappen,Max Verstappen,Red Bull,8,9,-1,2.0,70,FINISHED,Base Oficial Ergast Motor Racing Database / TracingInsights RaceData
2025,14,antonelli,Andrea Kimi Antonelli,Mercedes,15,10,5,1.0,69,+1 LAP,Base Oficial Ergast Motor Racing Database / TracingInsights RaceData
2025,14,hadjar,Isack Hadjar,RB F1 Team,10,11,-1,0.0,69,+1 LAP,Base Oficial Ergast Motor Racing Database / TracingInsights RaceData
2025,14,hamilton,Lewis Hamilton,Ferrari,12,12,0,0.0,69,+1 LAP,Base Oficial Ergast Motor Racing Database / TracingInsights RaceData
2025,14,hulkenberg,Nico Hulkenberg,Sauber,18,13,5,0.0,69,+1 LAP,Base Oficial Ergast Motor Racing Database / TracingInsights RaceData
2025,14,sainz,Carlos Sainz,Williams,13,14,-1,0.0,69,+1 LAP,Base Oficial Ergast Motor Racing Database / TracingInsights RaceData
2025,14,albon,Alexander Albon,Williams,19,15,4,0.0,69,+1 LAP,Base Oficial Ergast Motor Racing Database / TracingInsights RaceData
2025,14,ocon,Esteban Ocon,Haas F1 Team,17,16,1,0.0,69,+1 LAP,Base Oficial Ergast Motor Racing Database / TracingInsights RaceData
2025,14,tsunoda,Yuki Tsunoda,Red Bull,20,17,3,0.0,69,+1 LAP,Base Oficial Ergast Motor Racing Database / TracingInsights RaceData
2025,14,colapinto,Franco Colapinto,Alpine F1 Team,14,18,-4,0.0,69,+1 LAP,Base Oficial Ergast Motor Racing Database / TracingInsights RaceData
2025,14,gasly,Pierre Gasly,Alpine F1 Team,16,19,-3,0.0,69,+1 LAP,Base Oficial Ergast Motor Racing Database / TracingInsights RaceData
2025,14,bearman,Oliver Bearman,Haas F1 Team,11,20,-9,0.0,48,UNDERTRAY,Base Oficial Ergast Motor Racing Database / TracingInsights RaceData
2025,15,piastri,Oscar Piastri,McLaren,1,1,0,25.0,72,FINISHED,Base Oficial Ergast Motor Racing Database / TracingInsights RaceData
2025,15,max_verstappen,Max Verstappen,Red Bull,3,2,1,18.0,72,FINISHED,Base Oficial Ergast Motor Racing Database / TracingInsights RaceData
2025,15,hadjar,Isack Hadjar,RB F1 Team,4,3,1,15.0,72,FINISHED,Base Oficial Ergast Motor Racing Database / TracingInsights RaceData
2025,15,russell,George Russell,Mercedes,5,4,1,12.0,72,FINISHED,Base Oficial Ergast Motor Racing Database / TracingInsights RaceData
2025,15,albon,Alexander Albon,Williams,15,5,10,10.0,72,FINISHED,Base Oficial Ergast Motor Racing Database / TracingInsights RaceData
2025,15,bearman,Oliver Bearman,Haas F1 Team,20,6,14,8.0,72,FINISHED,Base Oficial Ergast Motor Racing Database / TracingInsights RaceData
2025,15,stroll,Lance Stroll,Aston Martin,19,7,12,6.0,72,FINISHED,Base Oficial Ergast Motor Racing Database / TracingInsights RaceData
2025,15,alonso,Fernando Alonso,Aston Martin,10,8,2,4.0,72,FINISHED,Base Oficial Ergast Motor Racing Database / TracingInsights RaceData
2025,15,tsunoda,Yuki Tsunoda,Red Bull,12,9,3,2.0,72,FINISHED,Base Oficial Ergast Motor Racing Database / TracingInsights RaceData
2025,15,ocon,Esteban Ocon,Haas F1 Team,18,10,8,1.0,72,FINISHED,Base Oficial Ergast Motor Racing Database / TracingInsights RaceData
2025,15,colapinto,Franco Colapinto,Alpine F1 Team,16,11,5,0.0,72,FINISHED,Base Oficial Ergast Motor Racing Database / TracingInsights RaceData
2025,15,lawson,Liam Lawson,RB F1 Team,8,12,-4,0.0,72,FINISHED,Base Oficial Ergast Motor Racing Database / TracingInsights RaceData
2025,15,sainz,Carlos Sainz,Williams,9,13,-4,0.0,72,FINISHED,Base Oficial Ergast Motor Racing Database / TracingInsights RaceData
2025,15,hulkenberg,Nico Hulkenberg,Sauber,17,14,3,0.0,72,FINISHED,Base Oficial Ergast Motor Racing Database / TracingInsights RaceData
2025,15,bortoleto,Gabriel Bortoleto,Sauber,13,15,-2,0.0,72,FINISHED,Base Oficial Ergast Motor Racing Database / TracingInsights RaceData
2025,15,antonelli,Andrea Kimi Antonelli,Mercedes,11,16,-5,0.0,72,FINISHED,Base Oficial Ergast Motor Racing Database / TracingInsights RaceData
2025,15,gasly,Pierre Gasly,Alpine F1 Team,14,17,-3,0.0,72,FINISHED,Base Oficial Ergast Motor Racing Database / TracingInsights RaceData
2025,15,norris,Lando Norris,McLaren,2,18,-16,0.0,64,OIL LEAK,Base Oficial Ergast Motor Racing Database / TracingInsights RaceData
2025,15,leclerc,Charles Leclerc,Ferrari,6,19,-13,0.0,52,COLLISION,Base Oficial Ergast Motor Racing Database / TracingInsights RaceData
2025,15,hamilton,Lewis Hamilton,Ferrari,7,20,-13,0.0,22,ACCIDENT,Base Oficial Ergast Motor Racing Database / TracingInsights RaceData
2025,16,max_verstappen,Max Verstappen,Red Bull,1,1,0,25.0,53,FINISHED,Base Oficial Ergast Motor Racing Database / TracingInsights RaceData
2025,16,norris,Lando Norris,McLaren,2,2,0,18.0,53,FINISHED,Base Oficial Ergast Motor Racing Database / TracingInsights RaceData
2025,16,piastri,Oscar Piastri,McLaren,3,3,0,15.0,53,FINISHED,Base Oficial Ergast Motor Racing Database / TracingInsights RaceData
2025,16,leclerc,Charles Leclerc,Ferrari,4,4,0,12.0,53,FINISHED,Base Oficial Ergast Motor Racing Database / TracingInsights RaceData
2025,16,russell,George Russell,Mercedes,5,5,0,10.0,53,FINISHED,Base Oficial Ergast Motor Racing Database / TracingInsights RaceData
2025,16,hamilton,Lewis Hamilton,Ferrari,10,6,4,8.0,53,FINISHED,Base Oficial Ergast Motor Racing Database / TracingInsights RaceData
2025,16,albon,Alexander Albon,Williams,14,7,7,6.0,53,FINISHED,Base Oficial Ergast Motor Racing Database / TracingInsights RaceData
2025,16,bortoleto,Gabriel Bortoleto,Sauber,7,8,-1,4.0,53,FINISHED,Base Oficial Ergast Motor Racing Database / TracingInsights RaceData
2025,16,antonelli,Andrea Kimi Antonelli,Mercedes,6,9,-3,2.0,53,FINISHED,Base Oficial Ergast Motor Racing Database / TracingInsights RaceData
2025,16,hadjar,Isack Hadjar,RB F1 Team,19,10,9,1.0,53,FINISHED,Base Oficial Ergast Motor Racing Database / TracingInsights RaceData
2025,16,sainz,Carlos Sainz,Williams,13,11,2,0.0,53,FINISHED,Base Oficial Ergast Motor Racing Database / TracingInsights RaceData
2025,16,bearman,Oliver Bearman,Haas F1 Team,11,12,-1,0.0,53,FINISHED,Base Oficial Ergast Motor Racing Database / TracingInsights RaceData
2025,16,tsunoda,Yuki Tsunoda,Red Bull,9,13,-4,0.0,53,FINISHED,Base Oficial Ergast Motor Racing Database / TracingInsights RaceData
2025,16,lawson,Liam Lawson,RB F1 Team,18,14,4,0.0,53,FINISHED,Base Oficial Ergast Motor Racing Database / TracingInsights RaceData
2025,16,ocon,Esteban Ocon,Haas F1 Team,15,15,0,0.0,52,+1 LAP,Base Oficial Ergast Motor Racing Database / TracingInsights RaceData
2025,16,gasly,Pierre Gasly,Alpine F1 Team,20,16,4,0.0,52,+1 LAP,Base Oficial Ergast Motor Racing Database / TracingInsights RaceData
2025,16,colapinto,Franco Colapinto,Alpine F1 Team,17,17,0,0.0,52,+1 LAP,Base Oficial Ergast Motor Racing Database / TracingInsights RaceData
2025,16,stroll,Lance Stroll,Aston Martin,16,18,-2,0.0,52,+1 LAP,Base Oficial Ergast Motor Racing Database / TracingInsights RaceData
2025,16,alonso,Fernando Alonso,Aston Martin,8,19,-11,0.0,24,SUSPENSION,Base Oficial Ergast Motor Racing Database / TracingInsights RaceData
2025,16,hulkenberg,Nico Hulkenberg,Sauber,12,20,-8,0.0,0,GEARBOX,Base Oficial Ergast Motor Racing Database / TracingInsights RaceData
2025,17,max_verstappen,Max Verstappen,Red Bull,1,1,0,25.0,51,FINISHED,Base Oficial Ergast Motor Racing Database / TracingInsights RaceData
2025,17,russell,George Russell,Mercedes,5,2,3,18.0,51,FINISHED,Base Oficial Ergast Motor Racing Database / TracingInsights RaceData
2025,17,sainz,Carlos Sainz,Williams,2,3,-1,15.0,51,FINISHED,Base Oficial Ergast Motor Racing Database / TracingInsights RaceData
2025,17,antonelli,Andrea Kimi Antonelli,Mercedes,4,4,0,12.0,51,FINISHED,Base Oficial Ergast Motor Racing Database / TracingInsights RaceData
2025,17,lawson,Liam Lawson,RB F1 Team,3,5,-2,10.0,51,FINISHED,Base Oficial Ergast Motor Racing Database / TracingInsights RaceData
2025,17,tsunoda,Yuki Tsunoda,Red Bull,6,6,0,8.0,51,FINISHED,Base Oficial Ergast Motor Racing Database / TracingInsights RaceData
2025,17,norris,Lando Norris,McLaren,7,7,0,6.0,51,FINISHED,Base Oficial Ergast Motor Racing Database / TracingInsights RaceData
2025,17,hamilton,Lewis Hamilton,Ferrari,12,8,4,4.0,51,FINISHED,Base Oficial Ergast Motor Racing Database / TracingInsights RaceData
2025,17,leclerc,Charles Leclerc,Ferrari,10,9,1,2.0,51,FINISHED,Base Oficial Ergast Motor Racing Database / TracingInsights RaceData
2025,17,hadjar,Isack Hadjar,RB F1 Team,8,10,-2,1.0,51,FINISHED,Base Oficial Ergast Motor Racing Database / TracingInsights RaceData
2025,17,bortoleto,Gabriel Bortoleto,Sauber,13,11,2,0.0,51,FINISHED,Base Oficial Ergast Motor Racing Database / TracingInsights RaceData
2025,17,bearman,Oliver Bearman,Haas F1 Team,15,12,3,0.0,51,FINISHED,Base Oficial Ergast Motor Racing Database / TracingInsights RaceData
2025,17,albon,Alexander Albon,Williams,19,13,6,0.0,51,FINISHED,Base Oficial Ergast Motor Racing Database / TracingInsights RaceData
2025,17,ocon,Esteban Ocon,Haas F1 Team,20,14,6,0.0,51,FINISHED,Base Oficial Ergast Motor Racing Database / TracingInsights RaceData
2025,17,alonso,Fernando Alonso,Aston Martin,11,15,-4,0.0,51,FINISHED,Base Oficial Ergast Motor Racing Database / TracingInsights RaceData
2025,17,hulkenberg,Nico Hulkenberg,Sauber,17,16,1,0.0,51,FINISHED,Base Oficial Ergast Motor Racing Database / TracingInsights RaceData
2025,17,stroll,Lance Stroll,Aston Martin,14,17,-3,0.0,51,FINISHED,Base Oficial Ergast Motor Racing Database / TracingInsights RaceData
2025,17,gasly,Pierre Gasly,Alpine F1 Team,18,18,0,0.0,50,+1 LAP,Base Oficial Ergast Motor Racing Database / TracingInsights RaceData
2025,17,colapinto,Franco Colapinto,Alpine F1 Team,16,19,-3,0.0,50,+1 LAP,Base Oficial Ergast Motor Racing Database / TracingInsights RaceData
2025,17,piastri,Oscar Piastri,McLaren,9,20,-11,0.0,0,ACCIDENT,Base Oficial Ergast Motor Racing Database / TracingInsights RaceData
2025,18,russell,George Russell,Mercedes,1,1,0,25.0,62,FINISHED,Base Oficial Ergast Motor Racing Database / TracingInsights RaceData
2025,18,max_verstappen,Max Verstappen,Red Bull,2,2,0,18.0,62,FINISHED,Base Oficial Ergast Motor Racing Database / TracingInsights RaceData
2025,18,norris,Lando Norris,McLaren,5,3,2,15.0,62,FINISHED,Base Oficial Ergast Motor Racing Database / TracingInsights RaceData
2025,18,piastri,Oscar Piastri,McLaren,3,4,-1,12.0,62,FINISHED,Base Oficial Ergast Motor Racing Database / TracingInsights RaceData
2025,18,antonelli,Andrea Kimi Antonelli,Mercedes,4,5,-1,10.0,62,FINISHED,Base Oficial Ergast Motor Racing Database / TracingInsights RaceData
2025,18,leclerc,Charles Leclerc,Ferrari,7,6,1,8.0,62,FINISHED,Base Oficial Ergast Motor Racing Database / TracingInsights RaceData
2025,18,alonso,Fernando Alonso,Aston Martin,10,7,3,6.0,62,FINISHED,Base Oficial Ergast Motor Racing Database / TracingInsights RaceData
2025,18,hamilton,Lewis Hamilton,Ferrari,6,8,-2,4.0,62,FINISHED,Base Oficial Ergast Motor Racing Database / TracingInsights RaceData
2025,18,bearman,Oliver Bearman,Haas F1 Team,9,9,0,2.0,62,FINISHED,Base Oficial Ergast Motor Racing Database / TracingInsights RaceData
2025,18,sainz,Carlos Sainz,Williams,18,10,8,1.0,61,+1 LAP,Base Oficial Ergast Motor Racing Database / TracingInsights RaceData
2025,18,hadjar,Isack Hadjar,RB F1 Team,8,11,-3,0.0,61,+1 LAP,Base Oficial Ergast Motor Racing Database / TracingInsights RaceData
2025,18,tsunoda,Yuki Tsunoda,Red Bull,13,12,1,0.0,61,+1 LAP,Base Oficial Ergast Motor Racing Database / TracingInsights RaceData
2025,18,stroll,Lance Stroll,Aston Martin,15,13,2,0.0,61,+1 LAP,Base Oficial Ergast Motor Racing Database / TracingInsights RaceData
2025,18,albon,Alexander Albon,Williams,20,14,6,0.0,61,+1 LAP,Base Oficial Ergast Motor Racing Database / TracingInsights RaceData
2025,18,lawson,Liam Lawson,RB F1 Team,12,15,-3,0.0,61,+1 LAP,Base Oficial Ergast Motor Racing Database / TracingInsights RaceData
2025,18,colapinto,Franco Colapinto,Alpine F1 Team,16,16,0,0.0,61,+1 LAP,Base Oficial Ergast Motor Racing Database / TracingInsights RaceData
2025,18,bortoleto,Gabriel Bortoleto,Sauber,14,17,-3,0.0,61,+1 LAP,Base Oficial Ergast Motor Racing Database / TracingInsights RaceData
2025,18,ocon,Esteban Ocon,Haas F1 Team,17,18,-1,0.0,61,+1 LAP,Base Oficial Ergast Motor Racing Database / TracingInsights RaceData
2025,18,gasly,Pierre Gasly,Alpine F1 Team,19,19,0,0.0,61,+1 LAP,Base Oficial Ergast Motor Racing Database / TracingInsights RaceData
2025,18,hulkenberg,Nico Hulkenberg,Sauber,11,20,-9,0.0,61,+1 LAP,Base Oficial Ergast Motor Racing Database / TracingInsights RaceData
2025,19,max_verstappen,Max Verstappen,Red Bull,1,1,0,25.0,56,FINISHED,Base Oficial Ergast Motor Racing Database / TracingInsights RaceData
2025,19,norris,Lando Norris,McLaren,2,2,0,18.0,56,FINISHED,Base Oficial Ergast Motor Racing Database / TracingInsights RaceData
2025,19,leclerc,Charles Leclerc,Ferrari,3,3,0,15.0,56,FINISHED,Base Oficial Ergast Motor Racing Database / TracingInsights RaceData
2025,19,hamilton,Lewis Hamilton,Ferrari,5,4,1,12.0,56,FINISHED,Base Oficial Ergast Motor Racing Database / TracingInsights RaceData
2025,19,piastri,Oscar Piastri,McLaren,6,5,1,10.0,56,FINISHED,Base Oficial Ergast Motor Racing Database / TracingInsights RaceData
2025,19,russell,George Russell,Mercedes,4,6,-2,8.0,56,FINISHED,Base Oficial Ergast Motor Racing Database / TracingInsights RaceData
2025,19,tsunoda,Yuki Tsunoda,Red Bull,13,7,6,6.0,56,FINISHED,Base Oficial Ergast Motor Racing Database / TracingInsights RaceData
2025,19,hulkenberg,Nico Hulkenberg,Sauber,11,8,3,4.0,56,FINISHED,Base Oficial Ergast Motor Racing Database / TracingInsights RaceData
2025,19,bearman,Oliver Bearman,Haas F1 Team,8,9,-1,2.0,56,FINISHED,Base Oficial Ergast Motor Racing Database / TracingInsights RaceData
2025,19,alonso,Fernando Alonso,Aston Martin,10,10,0,1.0,56,FINISHED,Base Oficial Ergast Motor Racing Database / TracingInsights RaceData
2025,19,lawson,Liam Lawson,RB F1 Team,12,11,1,0.0,56,FINISHED,Base Oficial Ergast Motor Racing Database / TracingInsights RaceData
2025,19,stroll,Lance Stroll,Aston Martin,19,12,7,0.0,56,FINISHED,Base Oficial Ergast Motor Racing Database / TracingInsights RaceData
2025,19,antonelli,Andrea Kimi Antonelli,Mercedes,7,13,-6,0.0,56,FINISHED,Base Oficial Ergast Motor Racing Database / TracingInsights RaceData
2025,19,albon,Alexander Albon,Williams,18,14,4,0.0,56,FINISHED,Base Oficial Ergast Motor Racing Database / TracingInsights RaceData
2025,19,ocon,Esteban Ocon,Haas F1 Team,17,15,2,0.0,56,FINISHED,Base Oficial Ergast Motor Racing Database / TracingInsights RaceData
2025,19,hadjar,Isack Hadjar,RB F1 Team,20,16,4,0.0,56,FINISHED,Base Oficial Ergast Motor Racing Database / TracingInsights RaceData
2025,19,colapinto,Franco Colapinto,Alpine F1 Team,15,17,-2,0.0,55,+1 LAP,Base Oficial Ergast Motor Racing Database / TracingInsights RaceData
2025,19,bortoleto,Gabriel Bortoleto,Sauber,16,18,-2,0.0,55,+1 LAP,Base Oficial Ergast Motor Racing Database / TracingInsights RaceData
2025,19,gasly,Pierre Gasly,Alpine F1 Team,14,19,-5,0.0,55,+1 LAP,Base Oficial Ergast Motor Racing Database / TracingInsights RaceData
2025,19,sainz,Carlos Sainz,Williams,9,20,-11,0.0,5,COLLISION DAMAGE,Base Oficial Ergast Motor Racing Database / TracingInsights RaceData
2025,20,norris,Lando Norris,McLaren,1,1,0,25.0,71,FINISHED,Base Oficial Ergast Motor Racing Database / TracingInsights RaceData
2025,20,leclerc,Charles Leclerc,Ferrari,2,2,0,18.0,71,FINISHED,Base Oficial Ergast Motor Racing Database / TracingInsights RaceData
2025,20,max_verstappen,Max Verstappen,Red Bull,5,3,2,15.0,71,FINISHED,Base Oficial Ergast Motor Racing Database / TracingInsights RaceData
2025,20,bearman,Oliver Bearman,Haas F1 Team,9,4,5,12.0,71,FINISHED,Base Oficial Ergast Motor Racing Database / TracingInsights RaceData
2025,20,piastri,Oscar Piastri,McLaren,7,5,2,10.0,71,FINISHED,Base Oficial Ergast Motor Racing Database / TracingInsights RaceData
2025,20,antonelli,Andrea Kimi Antonelli,Mercedes,6,6,0,8.0,71,FINISHED,Base Oficial Ergast Motor Racing Database / TracingInsights RaceData
2025,20,russell,George Russell,Mercedes,4,7,-3,6.0,71,FINISHED,Base Oficial Ergast Motor Racing Database / TracingInsights RaceData
2025,20,hamilton,Lewis Hamilton,Ferrari,3,8,-5,4.0,71,FINISHED,Base Oficial Ergast Motor Racing Database / TracingInsights RaceData
2025,20,ocon,Esteban Ocon,Haas F1 Team,11,9,2,2.0,71,FINISHED,Base Oficial Ergast Motor Racing Database / TracingInsights RaceData
2025,20,bortoleto,Gabriel Bortoleto,Sauber,16,10,6,1.0,71,FINISHED,Base Oficial Ergast Motor Racing Database / TracingInsights RaceData
2025,20,tsunoda,Yuki Tsunoda,Red Bull,10,11,-1,0.0,71,FINISHED,Base Oficial Ergast Motor Racing Database / TracingInsights RaceData
2025,20,albon,Alexander Albon,Williams,17,12,5,0.0,70,+1 LAP,Base Oficial Ergast Motor Racing Database / TracingInsights RaceData
2025,20,hadjar,Isack Hadjar,RB F1 Team,8,13,-5,0.0,70,+1 LAP,Base Oficial Ergast Motor Racing Database / TracingInsights RaceData
2025,20,stroll,Lance Stroll,Aston Martin,19,14,5,0.0,70,+1 LAP,Base Oficial Ergast Motor Racing Database / TracingInsights RaceData
2025,20,gasly,Pierre Gasly,Alpine F1 Team,18,15,3,0.0,70,+1 LAP,Base Oficial Ergast Motor Racing Database / TracingInsights RaceData
2025,20,colapinto,Franco Colapinto,Alpine F1 Team,20,16,4,0.0,70,+1 LAP,Base Oficial Ergast Motor Racing Database / TracingInsights RaceData
2025,20,sainz,Carlos Sainz,Williams,12,17,-5,0.0,67,ACCIDENT,Base Oficial Ergast Motor Racing Database / TracingInsights RaceData
2025,20,alonso,Fernando Alonso,Aston Martin,14,18,-4,0.0,34,BRAKES,Base Oficial Ergast Motor Racing Database / TracingInsights RaceData
2025,20,hulkenberg,Nico Hulkenberg,Sauber,13,19,-6,0.0,25,HANDLING,Base Oficial Ergast Motor Racing Database / TracingInsights RaceData
2025,20,lawson,Liam Lawson,RB F1 Team,15,20,-5,0.0,5,COLLISION DAMAGE,Base Oficial Ergast Motor Racing Database / TracingInsights RaceData
2025,21,norris,Lando Norris,McLaren,1,1,0,25.0,71,FINISHED,Base Oficial Ergast Motor Racing Database / TracingInsights RaceData
2025,21,antonelli,Andrea Kimi Antonelli,Mercedes,2,2,0,18.0,71,FINISHED,Base Oficial Ergast Motor Racing Database / TracingInsights RaceData
2025,21,max_verstappen,Max Verstappen,Red Bull,19,3,16,15.0,71,FINISHED,Base Oficial Ergast Motor Racing Database / TracingInsights RaceData
2025,21,russell,George Russell,Mercedes,6,4,2,12.0,71,FINISHED,Base Oficial Ergast Motor Racing Database / TracingInsights RaceData
2025,21,piastri,Oscar Piastri,McLaren,4,5,-1,10.0,71,FINISHED,Base Oficial Ergast Motor Racing Database / TracingInsights RaceData
2025,21,bearman,Oliver Bearman,Haas F1 Team,8,6,2,8.0,71,FINISHED,Base Oficial Ergast Motor Racing Database / TracingInsights RaceData
2025,21,lawson,Liam Lawson,RB F1 Team,7,7,0,6.0,71,FINISHED,Base Oficial Ergast Motor Racing Database / TracingInsights RaceData
2025,21,hadjar,Isack Hadjar,RB F1 Team,5,8,-3,4.0,71,FINISHED,Base Oficial Ergast Motor Racing Database / TracingInsights RaceData
2025,21,hulkenberg,Nico Hulkenberg,Sauber,10,9,1,2.0,71,FINISHED,Base Oficial Ergast Motor Racing Database / TracingInsights RaceData
2025,21,gasly,Pierre Gasly,Alpine F1 Team,9,10,-1,1.0,71,FINISHED,Base Oficial Ergast Motor Racing Database / TracingInsights RaceData
2025,21,albon,Alexander Albon,Williams,12,11,1,0.0,71,FINISHED,Base Oficial Ergast Motor Racing Database / TracingInsights RaceData
2025,21,ocon,Esteban Ocon,Haas F1 Team,20,12,8,0.0,71,FINISHED,Base Oficial Ergast Motor Racing Database / TracingInsights RaceData
2025,21,sainz,Carlos Sainz,Williams,15,13,2,0.0,71,FINISHED,Base Oficial Ergast Motor Racing Database / TracingInsights RaceData
2025,21,alonso,Fernando Alonso,Aston Martin,11,14,-3,0.0,71,FINISHED,Base Oficial Ergast Motor Racing Database / TracingInsights RaceData
2025,21,colapinto,Franco Colapinto,Alpine F1 Team,16,15,1,0.0,71,FINISHED,Base Oficial Ergast Motor Racing Database / TracingInsights RaceData
2025,21,stroll,Lance Stroll,Aston Martin,14,16,-2,0.0,71,FINISHED,Base Oficial Ergast Motor Racing Database / TracingInsights RaceData
2025,21,tsunoda,Yuki Tsunoda,Red Bull,17,17,0,0.0,71,FINISHED,Base Oficial Ergast Motor Racing Database / TracingInsights RaceData
2025,21,hamilton,Lewis Hamilton,Ferrari,13,18,-5,0.0,37,COLLISION DAMAGE,Base Oficial Ergast Motor Racing Database / TracingInsights RaceData
2025,21,leclerc,Charles Leclerc,Ferrari,3,19,-16,0.0,5,ACCIDENT,Base Oficial Ergast Motor Racing Database / TracingInsights RaceData
2025,21,bortoleto,Gabriel Bortoleto,Sauber,18,20,-2,0.0,0,ACCIDENT,Base Oficial Ergast Motor Racing Database / TracingInsights RaceData
2025,22,max_verstappen,Max Verstappen,Red Bull,2,1,1,25.0,50,FINISHED,Base Oficial Ergast Motor Racing Database / TracingInsights RaceData
2025,22,russell,George Russell,Mercedes,4,2,2,18.0,50,FINISHED,Base Oficial Ergast Motor Racing Database / TracingInsights RaceData
2025,22,antonelli,Andrea Kimi Antonelli,Mercedes,17,3,14,15.0,50,FINISHED,Base Oficial Ergast Motor Racing Database / TracingInsights RaceData
2025,22,leclerc,Charles Leclerc,Ferrari,9,4,5,12.0,50,FINISHED,Base Oficial Ergast Motor Racing Database / TracingInsights RaceData
2025,22,sainz,Carlos Sainz,Williams,3,5,-2,10.0,50,FINISHED,Base Oficial Ergast Motor Racing Database / TracingInsights RaceData
2025,22,hadjar,Isack Hadjar,RB F1 Team,8,6,2,8.0,50,FINISHED,Base Oficial Ergast Motor Racing Database / TracingInsights RaceData
2025,22,hulkenberg,Nico Hulkenberg,Sauber,11,7,4,6.0,50,FINISHED,Base Oficial Ergast Motor Racing Database / TracingInsights RaceData
2025,22,hamilton,Lewis Hamilton,Ferrari,19,8,11,4.0,50,FINISHED,Base Oficial Ergast Motor Racing Database / TracingInsights RaceData
2025,22,ocon,Esteban Ocon,Haas F1 Team,13,9,4,2.0,50,FINISHED,Base Oficial Ergast Motor Racing Database / TracingInsights RaceData
2025,22,bearman,Oliver Bearman,Haas F1 Team,14,10,4,1.0,50,FINISHED,Base Oficial Ergast Motor Racing Database / TracingInsights RaceData
2025,22,alonso,Fernando Alonso,Aston Martin,7,11,-4,0.0,50,FINISHED,Base Oficial Ergast Motor Racing Database / TracingInsights RaceData
2025,22,tsunoda,Yuki Tsunoda,Red Bull,20,12,8,0.0,50,FINISHED,Base Oficial Ergast Motor Racing Database / TracingInsights RaceData
2025,22,gasly,Pierre Gasly,Alpine F1 Team,10,13,-3,0.0,50,FINISHED,Base Oficial Ergast Motor Racing Database / TracingInsights RaceData
2025,22,lawson,Liam Lawson,RB F1 Team,6,14,-8,0.0,49,+1 LAP,Base Oficial Ergast Motor Racing Database / TracingInsights RaceData
2025,22,colapinto,Franco Colapinto,Alpine F1 Team,15,15,0,0.0,49,+1 LAP,Base Oficial Ergast Motor Racing Database / TracingInsights RaceData
2025,22,albon,Alexander Albon,Williams,16,16,0,0.0,35,COLLISION DAMAGE,Base Oficial Ergast Motor Racing Database / TracingInsights RaceData
2025,22,bortoleto,Gabriel Bortoleto,Sauber,18,17,1,0.0,2,COLLISION,Base Oficial Ergast Motor Racing Database / TracingInsights RaceData
2025,22,stroll,Lance Stroll,Aston Martin,12,18,-6,0.0,0,COLLISION,Base Oficial Ergast Motor Racing Database / TracingInsights RaceData
2025,22,norris,Lando Norris,McLaren,1,19,-18,0.0,50,DISQUALIFIED,Base Oficial Ergast Motor Racing Database / TracingInsights RaceData
2025,22,piastri,Oscar Piastri,McLaren,5,20,-15,0.0,50,DISQUALIFIED,Base Oficial Ergast Motor Racing Database / TracingInsights RaceData
2025,23,max_verstappen,Max Verstappen,Red Bull,20,1,19,25.0,57,FINISHED,Base Oficial Ergast Motor Racing Database / TracingInsights RaceData
2025,23,piastri,Oscar Piastri,McLaren,20,2,18,18.0,57,FINISHED,Base Oficial Ergast Motor Racing Database / TracingInsights RaceData
2025,23,sainz,Carlos Sainz,Williams,20,3,17,15.0,57,FINISHED,Base Oficial Ergast Motor Racing Database / TracingInsights RaceData
2025,23,norris,Lando Norris,McLaren,20,4,16,12.0,57,FINISHED,Base Oficial Ergast Motor Racing Database / TracingInsights RaceData
2025,23,antonelli,Andrea Kimi Antonelli,Mercedes,20,5,15,10.0,57,FINISHED,Base Oficial Ergast Motor Racing Database / TracingInsights RaceData
2025,23,russell,George Russell,Mercedes,20,6,14,8.0,57,FINISHED,Base Oficial Ergast Motor Racing Database / TracingInsights RaceData
2025,23,alonso,Fernando Alonso,Aston Martin,20,7,13,6.0,57,FINISHED,Base Oficial Ergast Motor Racing Database / TracingInsights RaceData
2025,23,leclerc,Charles Leclerc,Ferrari,20,8,12,4.0,57,FINISHED,Base Oficial Ergast Motor Racing Database / TracingInsights RaceData
2025,23,lawson,Liam Lawson,RB F1 Team,20,9,11,2.0,57,FINISHED,Base Oficial Ergast Motor Racing Database / TracingInsights RaceData
2025,23,tsunoda,Yuki Tsunoda,Red Bull,20,10,10,1.0,57,FINISHED,Base Oficial Ergast Motor Racing Database / TracingInsights RaceData
2025,23,albon,Alexander Albon,Williams,20,11,9,0.0,57,FINISHED,Base Oficial Ergast Motor Racing Database / TracingInsights RaceData
2025,23,hamilton,Lewis Hamilton,Ferrari,20,12,8,0.0,57,FINISHED,Base Oficial Ergast Motor Racing Database / TracingInsights RaceData
2025,23,bortoleto,Gabriel Bortoleto,Sauber,20,13,7,0.0,57,FINISHED,Base Oficial Ergast Motor Racing Database / TracingInsights RaceData
2025,23,colapinto,Franco Colapinto,Alpine F1 Team,20,14,6,0.0,56,+1 LAP,Base Oficial Ergast Motor Racing Database / TracingInsights RaceData
2025,23,ocon,Esteban Ocon,Haas F1 Team,20,15,5,0.0,56,+1 LAP,Base Oficial Ergast Motor Racing Database / TracingInsights RaceData
2025,23,gasly,Pierre Gasly,Alpine F1 Team,20,16,4,0.0,56,+1 LAP,Base Oficial Ergast Motor Racing Database / TracingInsights RaceData
2025,23,stroll,Lance Stroll,Aston Martin,20,17,3,0.0,55,COLLISION DAMAGE,Base Oficial Ergast Motor Racing Database / TracingInsights RaceData
2025,23,hadjar,Isack Hadjar,RB F1 Team,20,18,2,0.0,55,PUNCTURE,Base Oficial Ergast Motor Racing Database / TracingInsights RaceData
2025,23,bearman,Oliver Bearman,Haas F1 Team,20,19,1,0.0,41,GEARBOX,Base Oficial Ergast Motor Racing Database / TracingInsights RaceData
2025,23,hulkenberg,Nico Hulkenberg,Sauber,20,20,0,0.0,6,COLLISION,Base Oficial Ergast Motor Racing Database / TracingInsights RaceData
2025,24,max_verstappen,Max Verstappen,Red Bull,1,1,0,25.0,58,FINISHED,Base Oficial Ergast Motor Racing Database / TracingInsights RaceData
2025,24,piastri,Oscar Piastri,McLaren,3,2,1,18.0,58,FINISHED,Base Oficial Ergast Motor Racing Database / TracingInsights RaceData
2025,24,norris,Lando Norris,McLaren,2,3,-1,15.0,58,FINISHED,Base Oficial Ergast Motor Racing Database / TracingInsights RaceData
2025,24,leclerc,Charles Leclerc,Ferrari,5,4,1,12.0,58,FINISHED,Base Oficial Ergast Motor Racing Database / TracingInsights RaceData
2025,24,russell,George Russell,Mercedes,4,5,-1,10.0,58,FINISHED,Base Oficial Ergast Motor Racing Database / TracingInsights RaceData
2025,24,alonso,Fernando Alonso,Aston Martin,6,6,0,8.0,58,FINISHED,Base Oficial Ergast Motor Racing Database / TracingInsights RaceData
2025,24,ocon,Esteban Ocon,Haas F1 Team,8,7,1,6.0,58,FINISHED,Base Oficial Ergast Motor Racing Database / TracingInsights RaceData
2025,24,hamilton,Lewis Hamilton,Ferrari,16,8,8,4.0,58,FINISHED,Base Oficial Ergast Motor Racing Database / TracingInsights RaceData
2025,24,hulkenberg,Nico Hulkenberg,Sauber,18,9,9,2.0,58,FINISHED,Base Oficial Ergast Motor Racing Database / TracingInsights RaceData
2025,24,stroll,Lance Stroll,Aston Martin,15,10,5,1.0,58,FINISHED,Base Oficial Ergast Motor Racing Database / TracingInsights RaceData
2025,24,bortoleto,Gabriel Bortoleto,Sauber,7,11,-4,0.0,58,FINISHED,Base Oficial Ergast Motor Racing Database / TracingInsights RaceData
2025,24,bearman,Oliver Bearman,Haas F1 Team,11,12,-1,0.0,58,FINISHED,Base Oficial Ergast Motor Racing Database / TracingInsights RaceData
2025,24,sainz,Carlos Sainz,Williams,12,13,-1,0.0,58,FINISHED,Base Oficial Ergast Motor Racing Database / TracingInsights RaceData
2025,24,tsunoda,Yuki Tsunoda,Red Bull,10,14,-4,0.0,58,FINISHED,Base Oficial Ergast Motor Racing Database / TracingInsights RaceData
2025,24,antonelli,Andrea Kimi Antonelli,Mercedes,14,15,-1,0.0,58,FINISHED,Base Oficial Ergast Motor Racing Database / TracingInsights RaceData
2025,24,albon,Alexander Albon,Williams,17,16,1,0.0,58,FINISHED,Base Oficial Ergast Motor Racing Database / TracingInsights RaceData
2025,24,hadjar,Isack Hadjar,RB F1 Team,9,17,-8,0.0,57,+1 LAP,Base Oficial Ergast Motor Racing Database / TracingInsights RaceData
2025,24,lawson,Liam Lawson,RB F1 Team,13,18,-5,0.0,57,+1 LAP,Base Oficial Ergast Motor Racing Database / TracingInsights RaceData
2025,24,gasly,Pierre Gasly,Alpine F1 Team,19,19,0,0.0,57,+1 LAP,Base Oficial Ergast Motor Racing Database / TracingInsights RaceData
2025,24,colapinto,Franco Colapinto,Alpine F1 Team,20,20,0,0.0,57,+1 LAP,Base Oficial Ergast Motor Racing Database / TracingInsights RaceData
